2026-02-20 14:29:24.256844: E external/local_xla/xla/stream_executor/cuda/cuda_fft.cc:485] Unable to register cuFFT factory: Attempting to register factory for plugin cuFFT when one has already been registered
2026-02-20 14:29:24.256925: E external/local_xla/xla/stream_executor/cuda/cuda_fft.cc:485] Unable to register cuFFT factory: Attempting to register factory for plugin cuFFT when one has already been registered
2026-02-20 14:29:24.277774: E external/local_xla/xla/stream_executor/cuda/cuda_dnn.cc:8454] Unable to register cuDNN factory: Attempting to register factory for plugin cuDNN when one has already been registered
2026-02-20 14:29:24.277902: E external/local_xla/xla/stream_executor/cuda/cuda_dnn.cc:8454] Unable to register cuDNN factory: Attempting to register factory for plugin cuDNN when one has already been registered
2026-02-20 14:29:24.283860: E external/local_xla/xla/stream_executor/cuda/cuda_blas.cc:1452] Unable to register cuBLAS factory: Attempting to register factory for plugin cuBLAS when one has already been registered
2026-02-20 14:29:24.283886: E external/local_xla/xla/stream_executor/cuda/cuda_blas.cc:1452] Unable to register cuBLAS factory: Attempting to register factory for plugin cuBLAS when one has already been registered
Initialized distributed mode...
Start training
/usr/local/lib/python3.10/dist-packages/torchvision/models/_utils.py:208: UserWarning: The parameter 'pretrained' is deprecated since 0.13 and may be removed in the future, please use 'weights' instead.
  warnings.warn(
/usr/local/lib/python3.10/dist-packages/torchvision/models/_utils.py:223: UserWarning: Arguments other than a weight enum or `None` for 'weights' are deprecated since 0.13 and may be removed in the future. The current behavior is equivalent to passing `weights=EfficientNet_B2_Weights.IMAGENET1K_V1`. You can also use `weights=EfficientNet_B2_Weights.DEFAULT` to get the most up-to-date weights.
  warnings.warn(msg)
/usr/local/lib/python3.10/dist-packages/torchvision/models/_utils.py:208: UserWarning: The parameter 'pretrained' is deprecated since 0.13 and may be removed in the future, please use 'weights' instead.
  warnings.warn(
/usr/local/lib/python3.10/dist-packages/torchvision/models/_utils.py:223: UserWarning: Arguments other than a weight enum or `None` for 'weights' are deprecated since 0.13 and may be removed in the future. The current behavior is equivalent to passing `weights=EfficientNet_B2_Weights.IMAGENET1K_V1`. You can also use `weights=EfficientNet_B2_Weights.DEFAULT` to get the most up-to-date weights.
  warnings.warn(msg)
Initial lr:  [0.0001, 0.0001]
Resume checkpoint from /kaggle/input/notebooks/sasankabandara14/rt-detr-efi-b2-train-visdrone2019-p2/RT-DETR_SOD_IMP/rtdetr_pytorch/output/rtdetr_visdrone_eb2/checkpoint0041.pth
Loading last_epoch
Loading model.state_dict
Loading ema.state_dict
Loading optimizer.state_dict
Loading lr_scheduler.state_dict
Overriding milestones to [80]
Resetting param_group[0] LR to 0.0001 (base_lr=0.0001, decay_count=0)
Resetting param_group[1] LR to 0.0001 (base_lr=0.0001, decay_count=0)
Loading scaler.state_dict
loading annotations into memory...
Done (t=2.09s)
creating index...
index created!
loading annotations into memory...
Done (t=0.13s)
creating index...
index created!
number of params: 18618298
Epoch: [42]  [  0/809]  eta: 1:56:22  lr: 0.000100  loss: 10.2223 (10.2223)  loss_bbox: 0.0585 (0.0585)  loss_bbox_aux_0: 0.0657 (0.0657)  loss_bbox_aux_1: 0.0623 (0.0623)  loss_bbox_aux_2: 0.0771 (0.0771)  loss_bbox_dn_0: 0.0310 (0.0310)  loss_bbox_dn_1: 0.0255 (0.0255)  loss_bbox_dn_2: 0.0244 (0.0244)  loss_giou: 1.0964 (1.0964)  loss_giou_aux_0: 1.1476 (1.1476)  loss_giou_aux_1: 1.1154 (1.1154)  loss_giou_aux_2: 1.1824 (1.1824)  loss_giou_dn_0: 0.8092 (0.8092)  loss_giou_dn_1: 0.7305 (0.7305)  loss_giou_dn_2: 0.7177 (0.7177)  loss_vfl: 0.4240 (0.4240)  loss_vfl_aux_0: 0.4287 (0.4287)  loss_vfl_aux_1: 0.4239 (0.4239)  loss_vfl_aux_2: 0.4340 (0.4340)  loss_vfl_dn_0: 0.4692 (0.4692)  loss_vfl_dn_1: 0.4532 (0.4532)  loss_vfl_dn_2: 0.4457 (0.4457)  time: 8.6311  data: 3.9609  max mem: 6201
Epoch: [42]  [100/809]  eta: 0:13:47  lr: 0.000100  loss: 9.8095 (9.7981)  loss_bbox: 0.0656 (0.0801)  loss_bbox_aux_0: 0.0675 (0.0848)  loss_bbox_aux_1: 0.0664 (0.0817)  loss_bbox_aux_2: 0.0829 (0.0957)  loss_bbox_dn_0: 0.0488 (0.0540)  loss_bbox_dn_1: 0.0381 (0.0446)  loss_bbox_dn_2: 0.0362 (0.0432)  loss_giou: 0.8780 (0.8872)  loss_giou_aux_0: 0.9148 (0.9154)  loss_giou_aux_1: 0.8853 (0.8963)  loss_giou_aux_2: 0.9504 (0.9772)  loss_giou_dn_0: 0.7325 (0.7499)  loss_giou_dn_1: 0.6487 (0.6672)  loss_giou_dn_2: 0.6419 (0.6581)  loss_vfl: 0.5293 (0.5324)  loss_vfl_aux_0: 0.5576 (0.5523)  loss_vfl_aux_1: 0.5413 (0.5406)  loss_vfl_aux_2: 0.5701 (0.5642)  loss_vfl_dn_0: 0.4701 (0.4748)  loss_vfl_dn_1: 0.4541 (0.4516)  loss_vfl_dn_2: 0.4457 (0.4466)  time: 1.0677  data: 0.0282  max mem: 8907
Epoch: [42]  [200/809]  eta: 0:11:21  lr: 0.000100  loss: 9.5524 (9.7668)  loss_bbox: 0.0703 (0.0794)  loss_bbox_aux_0: 0.0720 (0.0838)  loss_bbox_aux_1: 0.0701 (0.0810)  loss_bbox_aux_2: 0.0814 (0.0948)  loss_bbox_dn_0: 0.0529 (0.0534)  loss_bbox_dn_1: 0.0435 (0.0440)  loss_bbox_dn_2: 0.0424 (0.0428)  loss_giou: 0.8155 (0.8834)  loss_giou_aux_0: 0.8553 (0.9113)  loss_giou_aux_1: 0.8273 (0.8923)  loss_giou_aux_2: 0.9099 (0.9726)  loss_giou_dn_0: 0.7004 (0.7489)  loss_giou_dn_1: 0.6262 (0.6678)  loss_giou_dn_2: 0.6153 (0.6586)  loss_vfl: 0.5452 (0.5299)  loss_vfl_aux_0: 0.5643 (0.5493)  loss_vfl_aux_1: 0.5510 (0.5395)  loss_vfl_aux_2: 0.5830 (0.5643)  loss_vfl_dn_0: 0.4752 (0.4738)  loss_vfl_dn_1: 0.4468 (0.4506)  loss_vfl_dn_2: 0.4404 (0.4453)  time: 1.0323  data: 0.0250  max mem: 8907
Epoch: [42]  [300/809]  eta: 0:09:18  lr: 0.000100  loss: 9.4355 (9.7468)  loss_bbox: 0.0715 (0.0785)  loss_bbox_aux_0: 0.0800 (0.0831)  loss_bbox_aux_1: 0.0763 (0.0799)  loss_bbox_aux_2: 0.0897 (0.0936)  loss_bbox_dn_0: 0.0534 (0.0531)  loss_bbox_dn_1: 0.0433 (0.0437)  loss_bbox_dn_2: 0.0417 (0.0425)  loss_giou: 0.7868 (0.8822)  loss_giou_aux_0: 0.7907 (0.9100)  loss_giou_aux_1: 0.7887 (0.8908)  loss_giou_aux_2: 0.8929 (0.9723)  loss_giou_dn_0: 0.7043 (0.7456)  loss_giou_dn_1: 0.6073 (0.6648)  loss_giou_dn_2: 0.6033 (0.6556)  loss_vfl: 0.5349 (0.5293)  loss_vfl_aux_0: 0.5509 (0.5483)  loss_vfl_aux_1: 0.5452 (0.5385)  loss_vfl_aux_2: 0.5737 (0.5643)  loss_vfl_dn_0: 0.4768 (0.4745)  loss_vfl_dn_1: 0.4476 (0.4508)  loss_vfl_dn_2: 0.4431 (0.4452)  time: 1.0061  data: 0.0274  max mem: 8907
Epoch: [42]  [400/809]  eta: 0:07:24  lr: 0.000100  loss: 9.5348 (9.7428)  loss_bbox: 0.0730 (0.0785)  loss_bbox_aux_0: 0.0829 (0.0831)  loss_bbox_aux_1: 0.0748 (0.0799)  loss_bbox_aux_2: 0.0834 (0.0934)  loss_bbox_dn_0: 0.0473 (0.0528)  loss_bbox_dn_1: 0.0380 (0.0435)  loss_bbox_dn_2: 0.0375 (0.0423)  loss_giou: 0.8788 (0.8829)  loss_giou_aux_0: 0.9061 (0.9101)  loss_giou_aux_1: 0.8878 (0.8910)  loss_giou_aux_2: 0.9673 (0.9725)  loss_giou_dn_0: 0.7246 (0.7443)  loss_giou_dn_1: 0.6521 (0.6638)  loss_giou_dn_2: 0.6408 (0.6545)  loss_vfl: 0.5271 (0.5291)  loss_vfl_aux_0: 0.5477 (0.5482)  loss_vfl_aux_1: 0.5359 (0.5385)  loss_vfl_aux_2: 0.5762 (0.5647)  loss_vfl_dn_0: 0.4744 (0.4742)  loss_vfl_dn_1: 0.4504 (0.4504)  loss_vfl_dn_2: 0.4463 (0.4449)  time: 1.0864  data: 0.0269  max mem: 8907
Epoch: [42]  [500/809]  eta: 0:05:34  lr: 0.000100  loss: 9.6912 (9.7427)  loss_bbox: 0.0719 (0.0782)  loss_bbox_aux_0: 0.0778 (0.0829)  loss_bbox_aux_1: 0.0718 (0.0796)  loss_bbox_aux_2: 0.0868 (0.0933)  loss_bbox_dn_0: 0.0486 (0.0527)  loss_bbox_dn_1: 0.0407 (0.0434)  loss_bbox_dn_2: 0.0390 (0.0422)  loss_giou: 0.8321 (0.8843)  loss_giou_aux_0: 0.8695 (0.9115)  loss_giou_aux_1: 0.8500 (0.8920)  loss_giou_aux_2: 0.9465 (0.9744)  loss_giou_dn_0: 0.7171 (0.7443)  loss_giou_dn_1: 0.6436 (0.6634)  loss_giou_dn_2: 0.6302 (0.6541)  loss_vfl: 0.5479 (0.5286)  loss_vfl_aux_0: 0.5619 (0.5479)  loss_vfl_aux_1: 0.5583 (0.5382)  loss_vfl_aux_2: 0.5836 (0.5637)  loss_vfl_dn_0: 0.4725 (0.4736)  loss_vfl_dn_1: 0.4519 (0.4500)  loss_vfl_dn_2: 0.4409 (0.4444)  time: 1.0541  data: 0.0270  max mem: 8990
Epoch: [42]  [600/809]  eta: 0:03:45  lr: 0.000100  loss: 9.8518 (9.7347)  loss_bbox: 0.0762 (0.0781)  loss_bbox_aux_0: 0.0835 (0.0828)  loss_bbox_aux_1: 0.0774 (0.0795)  loss_bbox_aux_2: 0.0977 (0.0934)  loss_bbox_dn_0: 0.0537 (0.0528)  loss_bbox_dn_1: 0.0431 (0.0434)  loss_bbox_dn_2: 0.0395 (0.0423)  loss_giou: 0.8595 (0.8829)  loss_giou_aux_0: 0.9026 (0.9103)  loss_giou_aux_1: 0.8754 (0.8905)  loss_giou_aux_2: 0.9769 (0.9731)  loss_giou_dn_0: 0.7389 (0.7430)  loss_giou_dn_1: 0.6564 (0.6623)  loss_giou_dn_2: 0.6464 (0.6531)  loss_vfl: 0.5237 (0.5290)  loss_vfl_aux_0: 0.5516 (0.5478)  loss_vfl_aux_1: 0.5386 (0.5386)  loss_vfl_aux_2: 0.5664 (0.5638)  loss_vfl_dn_0: 0.4783 (0.4738)  loss_vfl_dn_1: 0.4471 (0.4498)  loss_vfl_dn_2: 0.4419 (0.4444)  time: 1.0826  data: 0.0267  max mem: 9100
Epoch: [42]  [700/809]  eta: 0:01:57  lr: 0.000100  loss: 9.6840 (9.7335)  loss_bbox: 0.0690 (0.0784)  loss_bbox_aux_0: 0.0769 (0.0833)  loss_bbox_aux_1: 0.0702 (0.0799)  loss_bbox_aux_2: 0.0877 (0.0942)  loss_bbox_dn_0: 0.0517 (0.0531)  loss_bbox_dn_1: 0.0435 (0.0438)  loss_bbox_dn_2: 0.0428 (0.0426)  loss_giou: 0.8334 (0.8814)  loss_giou_aux_0: 0.8896 (0.9094)  loss_giou_aux_1: 0.8539 (0.8891)  loss_giou_aux_2: 0.9634 (0.9723)  loss_giou_dn_0: 0.7276 (0.7418)  loss_giou_dn_1: 0.6479 (0.6611)  loss_giou_dn_2: 0.6366 (0.6518)  loss_vfl: 0.5459 (0.5299)  loss_vfl_aux_0: 0.5645 (0.5487)  loss_vfl_aux_1: 0.5603 (0.5396)  loss_vfl_aux_2: 0.5778 (0.5644)  loss_vfl_dn_0: 0.4806 (0.4741)  loss_vfl_dn_1: 0.4554 (0.4499)  loss_vfl_dn_2: 0.4492 (0.4446)  time: 1.0624  data: 0.0278  max mem: 9198
Epoch: [42]  [800/809]  eta: 0:00:09  lr: 0.000100  loss: 9.6808 (9.7209)  loss_bbox: 0.0746 (0.0784)  loss_bbox_aux_0: 0.0848 (0.0832)  loss_bbox_aux_1: 0.0790 (0.0799)  loss_bbox_aux_2: 0.0964 (0.0942)  loss_bbox_dn_0: 0.0483 (0.0530)  loss_bbox_dn_1: 0.0397 (0.0437)  loss_bbox_dn_2: 0.0388 (0.0425)  loss_giou: 0.8853 (0.8793)  loss_giou_aux_0: 0.9134 (0.9075)  loss_giou_aux_1: 0.8936 (0.8870)  loss_giou_aux_2: 0.9660 (0.9699)  loss_giou_dn_0: 0.7345 (0.7406)  loss_giou_dn_1: 0.6372 (0.6596)  loss_giou_dn_2: 0.6269 (0.6502)  loss_vfl: 0.5154 (0.5303)  loss_vfl_aux_0: 0.5286 (0.5492)  loss_vfl_aux_1: 0.5217 (0.5397)  loss_vfl_aux_2: 0.5475 (0.5648)  loss_vfl_dn_0: 0.4691 (0.4739)  loss_vfl_dn_1: 0.4462 (0.4497)  loss_vfl_dn_2: 0.4429 (0.4444)  time: 1.0309  data: 0.0261  max mem: 9198
Epoch: [42]  [808/809]  eta: 0:00:01  lr: 0.000100  loss: 9.7281 (9.7195)  loss_bbox: 0.0738 (0.0783)  loss_bbox_aux_0: 0.0845 (0.0832)  loss_bbox_aux_1: 0.0775 (0.0798)  loss_bbox_aux_2: 0.0923 (0.0942)  loss_bbox_dn_0: 0.0582 (0.0531)  loss_bbox_dn_1: 0.0477 (0.0437)  loss_bbox_dn_2: 0.0454 (0.0425)  loss_giou: 0.8598 (0.8788)  loss_giou_aux_0: 0.8940 (0.9069)  loss_giou_aux_1: 0.8734 (0.8865)  loss_giou_aux_2: 0.9242 (0.9693)  loss_giou_dn_0: 0.7244 (0.7405)  loss_giou_dn_1: 0.6393 (0.6595)  loss_giou_dn_2: 0.6304 (0.6501)  loss_vfl: 0.5238 (0.5305)  loss_vfl_aux_0: 0.5389 (0.5495)  loss_vfl_aux_1: 0.5304 (0.5399)  loss_vfl_aux_2: 0.5525 (0.5650)  loss_vfl_dn_0: 0.4748 (0.4740)  loss_vfl_dn_1: 0.4491 (0.4497)  loss_vfl_dn_2: 0.4469 (0.4444)  time: 0.9775  data: 0.0241  max mem: 9198
Epoch: [42] Total time: 0:14:27 (1.0718 s / it)
Averaged stats: lr: 0.000100  loss: 9.7281 (9.7195)  loss_bbox: 0.0738 (0.0783)  loss_bbox_aux_0: 0.0845 (0.0832)  loss_bbox_aux_1: 0.0775 (0.0798)  loss_bbox_aux_2: 0.0923 (0.0942)  loss_bbox_dn_0: 0.0582 (0.0531)  loss_bbox_dn_1: 0.0477 (0.0437)  loss_bbox_dn_2: 0.0454 (0.0425)  loss_giou: 0.8598 (0.8788)  loss_giou_aux_0: 0.8940 (0.9069)  loss_giou_aux_1: 0.8734 (0.8865)  loss_giou_aux_2: 0.9242 (0.9693)  loss_giou_dn_0: 0.7244 (0.7405)  loss_giou_dn_1: 0.6393 (0.6595)  loss_giou_dn_2: 0.6304 (0.6501)  loss_vfl: 0.5238 (0.5305)  loss_vfl_aux_0: 0.5389 (0.5495)  loss_vfl_aux_1: 0.5304 (0.5399)  loss_vfl_aux_2: 0.5525 (0.5650)  loss_vfl_dn_0: 0.4748 (0.4740)  loss_vfl_dn_1: 0.4491 (0.4497)  loss_vfl_dn_2: 0.4469 (0.4444)
Test:  [ 0/69]  eta: 0:04:21    time: 3.7870  data: 2.4419  max mem: 9198
Test:  [10/69]  eta: 0:00:56    time: 0.9575  data: 0.2381  max mem: 9198
Test:  [20/69]  eta: 0:00:41    time: 0.6919  data: 0.0207  max mem: 9198
Test:  [30/69]  eta: 0:00:30    time: 0.6873  data: 0.0229  max mem: 9198
Test:  [40/69]  eta: 0:00:21    time: 0.6502  data: 0.0220  max mem: 9198
Test:  [50/69]  eta: 0:00:13    time: 0.6017  data: 0.0220  max mem: 9198
Test:  [60/69]  eta: 0:00:06    time: 0.5807  data: 0.0232  max mem: 9198
Test:  [68/69]  eta: 0:00:00    time: 0.6021  data: 0.0218  max mem: 9198
Test: Total time: 0:00:47 (0.6868 s / it)
Averaged stats: 
Accumulating evaluation results...
DONE (t=2.11s).
IoU metric: bbox
 Average Precision  (AP) @[ IoU=0.50:0.95 | area=   all | maxDets=100 ] = 0.235
 Average Precision  (AP) @[ IoU=0.50      | area=   all | maxDets=100 ] = 0.380
 Average Precision  (AP) @[ IoU=0.75      | area=   all | maxDets=100 ] = 0.242
 Average Precision  (AP) @[ IoU=0.50:0.95 | area= small | maxDets=100 ] = 0.161
 Average Precision  (AP) @[ IoU=0.50:0.95 | area=medium | maxDets=100 ] = 0.314
 Average Precision  (AP) @[ IoU=0.50:0.95 | area= large | maxDets=100 ] = 0.422
 Average Recall     (AR) @[ IoU=0.50:0.95 | area=   all | maxDets=  1 ] = 0.104
 Average Recall     (AR) @[ IoU=0.50:0.95 | area=   all | maxDets= 10 ] = 0.288
 Average Recall     (AR) @[ IoU=0.50:0.95 | area=   all | maxDets=100 ] = 0.395
 Average Recall     (AR) @[ IoU=0.50:0.95 | area= small | maxDets=100 ] = 0.315
 Average Recall     (AR) @[ IoU=0.50:0.95 | area=medium | maxDets=100 ] = 0.499
 Average Recall     (AR) @[ IoU=0.50:0.95 | area= large | maxDets=100 ] = 0.622
best_stat:  {'epoch': 42, 'coco_eval_bbox': 0.2348142918554587}
Epoch: [43]  [  0/809]  eta: 1:43:18  lr: 0.000100  loss: 9.7650 (9.7650)  loss_bbox: 0.0667 (0.0667)  loss_bbox_aux_0: 0.0720 (0.0720)  loss_bbox_aux_1: 0.0701 (0.0701)  loss_bbox_aux_2: 0.0737 (0.0737)  loss_bbox_dn_0: 0.0533 (0.0533)  loss_bbox_dn_1: 0.0398 (0.0398)  loss_bbox_dn_2: 0.0381 (0.0381)  loss_giou: 0.7679 (0.7679)  loss_giou_aux_0: 0.8398 (0.8398)  loss_giou_aux_1: 0.7750 (0.7750)  loss_giou_aux_2: 0.8929 (0.8929)  loss_giou_dn_0: 0.7545 (0.7545)  loss_giou_dn_1: 0.6268 (0.6268)  loss_giou_dn_2: 0.6103 (0.6103)  loss_vfl: 0.6305 (0.6305)  loss_vfl_aux_0: 0.6295 (0.6295)  loss_vfl_aux_1: 0.6412 (0.6412)  loss_vfl_aux_2: 0.6870 (0.6870)  loss_vfl_dn_0: 0.5248 (0.5248)  loss_vfl_dn_1: 0.4935 (0.4935)  loss_vfl_dn_2: 0.4775 (0.4775)  time: 7.6623  data: 5.8079  max mem: 9198
Epoch: [43]  [100/809]  eta: 0:14:03  lr: 0.000100  loss: 9.6891 (9.7524)  loss_bbox: 0.0670 (0.0764)  loss_bbox_aux_0: 0.0728 (0.0816)  loss_bbox_aux_1: 0.0685 (0.0777)  loss_bbox_aux_2: 0.0864 (0.0917)  loss_bbox_dn_0: 0.0446 (0.0534)  loss_bbox_dn_1: 0.0373 (0.0437)  loss_bbox_dn_2: 0.0357 (0.0425)  loss_giou: 0.8556 (0.8842)  loss_giou_aux_0: 0.8887 (0.9113)  loss_giou_aux_1: 0.8669 (0.8886)  loss_giou_aux_2: 0.9576 (0.9733)  loss_giou_dn_0: 0.7448 (0.7521)  loss_giou_dn_1: 0.6701 (0.6657)  loss_giou_dn_2: 0.6654 (0.6556)  loss_vfl: 0.5227 (0.5319)  loss_vfl_aux_0: 0.5447 (0.5496)  loss_vfl_aux_1: 0.5372 (0.5423)  loss_vfl_aux_2: 0.5486 (0.5649)  loss_vfl_dn_0: 0.4783 (0.4737)  loss_vfl_dn_1: 0.4545 (0.4490)  loss_vfl_dn_2: 0.4465 (0.4434)  time: 1.0790  data: 0.0299  max mem: 9198
Epoch: [43]  [200/809]  eta: 0:11:40  lr: 0.000100  loss: 9.5735 (9.6909)  loss_bbox: 0.0685 (0.0783)  loss_bbox_aux_0: 0.0742 (0.0832)  loss_bbox_aux_1: 0.0689 (0.0797)  loss_bbox_aux_2: 0.0911 (0.0936)  loss_bbox_dn_0: 0.0489 (0.0531)  loss_bbox_dn_1: 0.0395 (0.0434)  loss_bbox_dn_2: 0.0385 (0.0422)  loss_giou: 0.8599 (0.8773)  loss_giou_aux_0: 0.8834 (0.9037)  loss_giou_aux_1: 0.8537 (0.8813)  loss_giou_aux_2: 0.9541 (0.9669)  loss_giou_dn_0: 0.7280 (0.7418)  loss_giou_dn_1: 0.6361 (0.6569)  loss_giou_dn_2: 0.6208 (0.6470)  loss_vfl: 0.5117 (0.5289)  loss_vfl_aux_0: 0.5283 (0.5484)  loss_vfl_aux_1: 0.5228 (0.5386)  loss_vfl_aux_2: 0.5493 (0.5629)  loss_vfl_dn_0: 0.4657 (0.4731)  loss_vfl_dn_1: 0.4437 (0.4481)  loss_vfl_dn_2: 0.4365 (0.4424)  time: 1.1641  data: 0.0291  max mem: 9198
Epoch: [43]  [300/809]  eta: 0:09:43  lr: 0.000100  loss: 9.0481 (9.6555)  loss_bbox: 0.0648 (0.0766)  loss_bbox_aux_0: 0.0669 (0.0817)  loss_bbox_aux_1: 0.0647 (0.0781)  loss_bbox_aux_2: 0.0791 (0.0920)  loss_bbox_dn_0: 0.0495 (0.0529)  loss_bbox_dn_1: 0.0420 (0.0433)  loss_bbox_dn_2: 0.0399 (0.0420)  loss_giou: 0.7819 (0.8703)  loss_giou_aux_0: 0.7951 (0.8970)  loss_giou_aux_1: 0.7860 (0.8753)  loss_giou_aux_2: 0.8442 (0.9597)  loss_giou_dn_0: 0.6991 (0.7387)  loss_giou_dn_1: 0.6173 (0.6548)  loss_giou_dn_2: 0.6099 (0.6450)  loss_vfl: 0.5457 (0.5310)  loss_vfl_aux_0: 0.5696 (0.5499)  loss_vfl_aux_1: 0.5610 (0.5400)  loss_vfl_aux_2: 0.5936 (0.5649)  loss_vfl_dn_0: 0.4713 (0.4729)  loss_vfl_dn_1: 0.4438 (0.4475)  loss_vfl_dn_2: 0.4375 (0.4419)  time: 1.1173  data: 0.0309  max mem: 9198
Epoch: [43]  [400/809]  eta: 0:07:47  lr: 0.000100  loss: 9.3988 (9.6461)  loss_bbox: 0.0660 (0.0765)  loss_bbox_aux_0: 0.0717 (0.0816)  loss_bbox_aux_1: 0.0680 (0.0779)  loss_bbox_aux_2: 0.0847 (0.0915)  loss_bbox_dn_0: 0.0536 (0.0527)  loss_bbox_dn_1: 0.0450 (0.0432)  loss_bbox_dn_2: 0.0453 (0.0420)  loss_giou: 0.7898 (0.8666)  loss_giou_aux_0: 0.8069 (0.8928)  loss_giou_aux_1: 0.7950 (0.8718)  loss_giou_aux_2: 0.8673 (0.9569)  loss_giou_dn_0: 0.7087 (0.7355)  loss_giou_dn_1: 0.6337 (0.6530)  loss_giou_dn_2: 0.6193 (0.6433)  loss_vfl: 0.5679 (0.5337)  loss_vfl_aux_0: 0.5891 (0.5524)  loss_vfl_aux_1: 0.5889 (0.5428)  loss_vfl_aux_2: 0.5969 (0.5671)  loss_vfl_dn_0: 0.4774 (0.4739)  loss_vfl_dn_1: 0.4462 (0.4483)  loss_vfl_dn_2: 0.4397 (0.4427)  time: 1.1874  data: 0.0361  max mem: 9198
Epoch: [43]  [500/809]  eta: 0:05:55  lr: 0.000100  loss: 9.5336 (9.6784)  loss_bbox: 0.0824 (0.0767)  loss_bbox_aux_0: 0.0871 (0.0819)  loss_bbox_aux_1: 0.0843 (0.0782)  loss_bbox_aux_2: 0.0952 (0.0923)  loss_bbox_dn_0: 0.0545 (0.0532)  loss_bbox_dn_1: 0.0443 (0.0437)  loss_bbox_dn_2: 0.0427 (0.0424)  loss_giou: 0.8343 (0.8700)  loss_giou_aux_0: 0.8656 (0.8967)  loss_giou_aux_1: 0.8414 (0.8753)  loss_giou_aux_2: 0.9362 (0.9618)  loss_giou_dn_0: 0.7287 (0.7377)  loss_giou_dn_1: 0.6615 (0.6551)  loss_giou_dn_2: 0.6502 (0.6453)  loss_vfl: 0.5363 (0.5355)  loss_vfl_aux_0: 0.5333 (0.5536)  loss_vfl_aux_1: 0.5364 (0.5446)  loss_vfl_aux_2: 0.5422 (0.5674)  loss_vfl_dn_0: 0.4749 (0.4745)  loss_vfl_dn_1: 0.4493 (0.4491)  loss_vfl_dn_2: 0.4437 (0.4435)  time: 1.1721  data: 0.0325  max mem: 9198
Epoch: [43]  [600/809]  eta: 0:04:00  lr: 0.000100  loss: 9.7279 (9.6798)  loss_bbox: 0.0767 (0.0769)  loss_bbox_aux_0: 0.0815 (0.0818)  loss_bbox_aux_1: 0.0776 (0.0783)  loss_bbox_aux_2: 0.0984 (0.0925)  loss_bbox_dn_0: 0.0523 (0.0531)  loss_bbox_dn_1: 0.0432 (0.0436)  loss_bbox_dn_2: 0.0415 (0.0424)  loss_giou: 0.9325 (0.8706)  loss_giou_aux_0: 0.9562 (0.8976)  loss_giou_aux_1: 0.9418 (0.8761)  loss_giou_aux_2: 0.9856 (0.9624)  loss_giou_dn_0: 0.7680 (0.7376)  loss_giou_dn_1: 0.6945 (0.6556)  loss_giou_dn_2: 0.6829 (0.6458)  loss_vfl: 0.5128 (0.5347)  loss_vfl_aux_0: 0.5350 (0.5532)  loss_vfl_aux_1: 0.5297 (0.5439)  loss_vfl_aux_2: 0.5410 (0.5671)  loss_vfl_dn_0: 0.4695 (0.4744)  loss_vfl_dn_1: 0.4425 (0.4489)  loss_vfl_dn_2: 0.4346 (0.4433)  time: 1.1272  data: 0.0334  max mem: 9198
Epoch: [43]  [700/809]  eta: 0:02:05  lr: 0.000100  loss: 9.5070 (9.6933)  loss_bbox: 0.0675 (0.0777)  loss_bbox_aux_0: 0.0766 (0.0830)  loss_bbox_aux_1: 0.0712 (0.0793)  loss_bbox_aux_2: 0.0927 (0.0936)  loss_bbox_dn_0: 0.0512 (0.0531)  loss_bbox_dn_1: 0.0397 (0.0436)  loss_bbox_dn_2: 0.0388 (0.0423)  loss_giou: 0.8361 (0.8725)  loss_giou_aux_0: 0.8707 (0.9000)  loss_giou_aux_1: 0.8484 (0.8782)  loss_giou_aux_2: 0.9546 (0.9648)  loss_giou_dn_0: 0.7183 (0.7382)  loss_giou_dn_1: 0.6406 (0.6562)  loss_giou_dn_2: 0.6251 (0.6464)  loss_vfl: 0.5490 (0.5343)  loss_vfl_aux_0: 0.5698 (0.5522)  loss_vfl_aux_1: 0.5557 (0.5434)  loss_vfl_aux_2: 0.5614 (0.5665)  loss_vfl_dn_0: 0.4790 (0.4746)  loss_vfl_dn_1: 0.4500 (0.4495)  loss_vfl_dn_2: 0.4468 (0.4438)  time: 1.1035  data: 0.0293  max mem: 9232
Epoch: [43]  [800/809]  eta: 0:00:10  lr: 0.000100  loss: 9.6342 (9.7018)  loss_bbox: 0.0674 (0.0776)  loss_bbox_aux_0: 0.0706 (0.0828)  loss_bbox_aux_1: 0.0678 (0.0791)  loss_bbox_aux_2: 0.0811 (0.0934)  loss_bbox_dn_0: 0.0466 (0.0529)  loss_bbox_dn_1: 0.0397 (0.0435)  loss_bbox_dn_2: 0.0385 (0.0422)  loss_giou: 0.8569 (0.8749)  loss_giou_aux_0: 0.8773 (0.9023)  loss_giou_aux_1: 0.8631 (0.8809)  loss_giou_aux_2: 0.9307 (0.9673)  loss_giou_dn_0: 0.7304 (0.7395)  loss_giou_dn_1: 0.6477 (0.6577)  loss_giou_dn_2: 0.6412 (0.6480)  loss_vfl: 0.5402 (0.5332)  loss_vfl_aux_0: 0.5535 (0.5511)  loss_vfl_aux_1: 0.5466 (0.5422)  loss_vfl_aux_2: 0.5667 (0.5655)  loss_vfl_dn_0: 0.4709 (0.4745)  loss_vfl_dn_1: 0.4454 (0.4494)  loss_vfl_dn_2: 0.4419 (0.4438)  time: 1.1580  data: 0.0299  max mem: 9232
Epoch: [43]  [808/809]  eta: 0:00:01  lr: 0.000100  loss: 9.7609 (9.7006)  loss_bbox: 0.0664 (0.0774)  loss_bbox_aux_0: 0.0714 (0.0827)  loss_bbox_aux_1: 0.0678 (0.0790)  loss_bbox_aux_2: 0.0811 (0.0933)  loss_bbox_dn_0: 0.0518 (0.0530)  loss_bbox_dn_1: 0.0414 (0.0435)  loss_bbox_dn_2: 0.0399 (0.0422)  loss_giou: 0.8756 (0.8743)  loss_giou_aux_0: 0.9086 (0.9018)  loss_giou_aux_1: 0.8812 (0.8803)  loss_giou_aux_2: 0.9793 (0.9666)  loss_giou_dn_0: 0.7448 (0.7395)  loss_giou_dn_1: 0.6477 (0.6575)  loss_giou_dn_2: 0.6412 (0.6478)  loss_vfl: 0.5402 (0.5336)  loss_vfl_aux_0: 0.5544 (0.5516)  loss_vfl_aux_1: 0.5466 (0.5426)  loss_vfl_aux_2: 0.5681 (0.5661)  loss_vfl_dn_0: 0.4692 (0.4744)  loss_vfl_dn_1: 0.4479 (0.4494)  loss_vfl_dn_2: 0.4423 (0.4438)  time: 0.9858  data: 0.0268  max mem: 9232
Epoch: [43] Total time: 0:15:30 (1.1500 s / it)
Averaged stats: lr: 0.000100  loss: 9.7609 (9.7006)  loss_bbox: 0.0664 (0.0774)  loss_bbox_aux_0: 0.0714 (0.0827)  loss_bbox_aux_1: 0.0678 (0.0790)  loss_bbox_aux_2: 0.0811 (0.0933)  loss_bbox_dn_0: 0.0518 (0.0530)  loss_bbox_dn_1: 0.0414 (0.0435)  loss_bbox_dn_2: 0.0399 (0.0422)  loss_giou: 0.8756 (0.8743)  loss_giou_aux_0: 0.9086 (0.9018)  loss_giou_aux_1: 0.8812 (0.8803)  loss_giou_aux_2: 0.9793 (0.9666)  loss_giou_dn_0: 0.7448 (0.7395)  loss_giou_dn_1: 0.6477 (0.6575)  loss_giou_dn_2: 0.6412 (0.6478)  loss_vfl: 0.5402 (0.5336)  loss_vfl_aux_0: 0.5544 (0.5516)  loss_vfl_aux_1: 0.5466 (0.5426)  loss_vfl_aux_2: 0.5681 (0.5661)  loss_vfl_dn_0: 0.4692 (0.4744)  loss_vfl_dn_1: 0.4479 (0.4494)  loss_vfl_dn_2: 0.4423 (0.4438)
Test:  [ 0/69]  eta: 0:01:29    time: 1.3025  data: 0.6759  max mem: 9232
Test:  [10/69]  eta: 0:00:47    time: 0.8048  data: 0.0841  max mem: 9232
Test:  [20/69]  eta: 0:00:37    time: 0.7488  data: 0.0248  max mem: 9232
Test:  [30/69]  eta: 0:00:29    time: 0.7154  data: 0.0270  max mem: 9232
Test:  [40/69]  eta: 0:00:20    time: 0.6683  data: 0.0270  max mem: 9232
Test:  [50/69]  eta: 0:00:13    time: 0.6307  data: 0.0246  max mem: 9232
Test:  [60/69]  eta: 0:00:06    time: 0.6041  data: 0.0242  max mem: 9232
Test:  [68/69]  eta: 0:00:00    time: 0.6177  data: 0.0232  max mem: 9232
Test: Total time: 0:00:47 (0.6824 s / it)
Averaged stats: 
Accumulating evaluation results...
DONE (t=2.34s).
IoU metric: bbox
 Average Precision  (AP) @[ IoU=0.50:0.95 | area=   all | maxDets=100 ] = 0.236
 Average Precision  (AP) @[ IoU=0.50      | area=   all | maxDets=100 ] = 0.382
 Average Precision  (AP) @[ IoU=0.75      | area=   all | maxDets=100 ] = 0.244
 Average Precision  (AP) @[ IoU=0.50:0.95 | area= small | maxDets=100 ] = 0.161
 Average Precision  (AP) @[ IoU=0.50:0.95 | area=medium | maxDets=100 ] = 0.315
 Average Precision  (AP) @[ IoU=0.50:0.95 | area= large | maxDets=100 ] = 0.431
 Average Recall     (AR) @[ IoU=0.50:0.95 | area=   all | maxDets=  1 ] = 0.105
 Average Recall     (AR) @[ IoU=0.50:0.95 | area=   all | maxDets= 10 ] = 0.290
 Average Recall     (AR) @[ IoU=0.50:0.95 | area=   all | maxDets=100 ] = 0.396
 Average Recall     (AR) @[ IoU=0.50:0.95 | area= small | maxDets=100 ] = 0.315
 Average Recall     (AR) @[ IoU=0.50:0.95 | area=medium | maxDets=100 ] = 0.499
 Average Recall     (AR) @[ IoU=0.50:0.95 | area= large | maxDets=100 ] = 0.619
best_stat:  {'epoch': 43, 'coco_eval_bbox': 0.2363457294073754}
Epoch: [44]  [  0/809]  eta: 1:28:45  lr: 0.000100  loss: 10.4447 (10.4447)  loss_bbox: 0.0664 (0.0664)  loss_bbox_aux_0: 0.0753 (0.0753)  loss_bbox_aux_1: 0.0690 (0.0690)  loss_bbox_aux_2: 0.0980 (0.0980)  loss_bbox_dn_0: 0.0465 (0.0465)  loss_bbox_dn_1: 0.0374 (0.0374)  loss_bbox_dn_2: 0.0357 (0.0357)  loss_giou: 1.0989 (1.0989)  loss_giou_aux_0: 1.1486 (1.1486)  loss_giou_aux_1: 1.1019 (1.1019)  loss_giou_aux_2: 1.2044 (1.2044)  loss_giou_dn_0: 0.8618 (0.8618)  loss_giou_dn_1: 0.7742 (0.7742)  loss_giou_dn_2: 0.7573 (0.7573)  loss_vfl: 0.4327 (0.4327)  loss_vfl_aux_0: 0.4365 (0.4365)  loss_vfl_aux_1: 0.4366 (0.4366)  loss_vfl_aux_2: 0.4226 (0.4226)  loss_vfl_dn_0: 0.4628 (0.4628)  loss_vfl_dn_1: 0.4430 (0.4430)  loss_vfl_dn_2: 0.4352 (0.4352)  time: 6.5833  data: 4.7162  max mem: 9232
Epoch: [44]  [100/809]  eta: 0:14:52  lr: 0.000100  loss: 9.6936 (9.6909)  loss_bbox: 0.0790 (0.0768)  loss_bbox_aux_0: 0.0861 (0.0802)  loss_bbox_aux_1: 0.0800 (0.0780)  loss_bbox_aux_2: 0.0949 (0.0927)  loss_bbox_dn_0: 0.0545 (0.0524)  loss_bbox_dn_1: 0.0443 (0.0428)  loss_bbox_dn_2: 0.0429 (0.0417)  loss_giou: 0.8621 (0.8733)  loss_giou_aux_0: 0.8891 (0.9025)  loss_giou_aux_1: 0.8756 (0.8829)  loss_giou_aux_2: 0.9366 (0.9704)  loss_giou_dn_0: 0.7607 (0.7477)  loss_giou_dn_1: 0.6652 (0.6599)  loss_giou_dn_2: 0.6575 (0.6509)  loss_vfl: 0.5514 (0.5284)  loss_vfl_aux_0: 0.5427 (0.5492)  loss_vfl_aux_1: 0.5557 (0.5375)  loss_vfl_aux_2: 0.5515 (0.5641)  loss_vfl_dn_0: 0.4747 (0.4713)  loss_vfl_dn_1: 0.4432 (0.4471)  loss_vfl_dn_2: 0.4371 (0.4411)  time: 1.1559  data: 0.0299  max mem: 9232
Epoch: [44]  [200/809]  eta: 0:12:30  lr: 0.000100  loss: 9.7197 (9.7160)  loss_bbox: 0.0733 (0.0780)  loss_bbox_aux_0: 0.0793 (0.0821)  loss_bbox_aux_1: 0.0708 (0.0793)  loss_bbox_aux_2: 0.0934 (0.0928)  loss_bbox_dn_0: 0.0448 (0.0527)  loss_bbox_dn_1: 0.0375 (0.0432)  loss_bbox_dn_2: 0.0368 (0.0421)  loss_giou: 0.8585 (0.8756)  loss_giou_aux_0: 0.8797 (0.9044)  loss_giou_aux_1: 0.8601 (0.8845)  loss_giou_aux_2: 0.9488 (0.9704)  loss_giou_dn_0: 0.7289 (0.7436)  loss_giou_dn_1: 0.6509 (0.6597)  loss_giou_dn_2: 0.6342 (0.6503)  loss_vfl: 0.5348 (0.5316)  loss_vfl_aux_0: 0.5590 (0.5514)  loss_vfl_aux_1: 0.5396 (0.5409)  loss_vfl_aux_2: 0.5667 (0.5687)  loss_vfl_dn_0: 0.4713 (0.4735)  loss_vfl_dn_1: 0.4491 (0.4485)  loss_vfl_dn_2: 0.4432 (0.4427)  time: 1.1898  data: 0.0331  max mem: 9232
Epoch: [44]  [300/809]  eta: 0:10:19  lr: 0.000100  loss: 9.3981 (9.6935)  loss_bbox: 0.0717 (0.0771)  loss_bbox_aux_0: 0.0791 (0.0814)  loss_bbox_aux_1: 0.0716 (0.0786)  loss_bbox_aux_2: 0.0853 (0.0916)  loss_bbox_dn_0: 0.0536 (0.0530)  loss_bbox_dn_1: 0.0424 (0.0434)  loss_bbox_dn_2: 0.0423 (0.0423)  loss_giou: 0.8196 (0.8716)  loss_giou_aux_0: 0.8333 (0.8995)  loss_giou_aux_1: 0.8254 (0.8798)  loss_giou_aux_2: 0.9073 (0.9647)  loss_giou_dn_0: 0.7092 (0.7415)  loss_giou_dn_1: 0.6233 (0.6588)  loss_giou_dn_2: 0.6116 (0.6492)  loss_vfl: 0.5488 (0.5329)  loss_vfl_aux_0: 0.5559 (0.5520)  loss_vfl_aux_1: 0.5542 (0.5421)  loss_vfl_aux_2: 0.5820 (0.5686)  loss_vfl_dn_0: 0.4785 (0.4737)  loss_vfl_dn_1: 0.4523 (0.4486)  loss_vfl_dn_2: 0.4462 (0.4430)  time: 1.2145  data: 0.0328  max mem: 9232
Epoch: [44]  [400/809]  eta: 0:08:14  lr: 0.000100  loss: 9.5042 (9.6550)  loss_bbox: 0.0653 (0.0767)  loss_bbox_aux_0: 0.0691 (0.0809)  loss_bbox_aux_1: 0.0646 (0.0781)  loss_bbox_aux_2: 0.0805 (0.0915)  loss_bbox_dn_0: 0.0520 (0.0532)  loss_bbox_dn_1: 0.0413 (0.0436)  loss_bbox_dn_2: 0.0412 (0.0424)  loss_giou: 0.8415 (0.8639)  loss_giou_aux_0: 0.8775 (0.8903)  loss_giou_aux_1: 0.8634 (0.8713)  loss_giou_aux_2: 0.9502 (0.9551)  loss_giou_dn_0: 0.7168 (0.7367)  loss_giou_dn_1: 0.6354 (0.6544)  loss_giou_dn_2: 0.6285 (0.6447)  loss_vfl: 0.5585 (0.5353)  loss_vfl_aux_0: 0.5903 (0.5550)  loss_vfl_aux_1: 0.5691 (0.5445)  loss_vfl_aux_2: 0.5835 (0.5712)  loss_vfl_dn_0: 0.4758 (0.4741)  loss_vfl_dn_1: 0.4519 (0.4488)  loss_vfl_dn_2: 0.4493 (0.4433)  time: 1.1792  data: 0.0293  max mem: 9232
Epoch: [44]  [500/809]  eta: 0:06:13  lr: 0.000100  loss: 9.7716 (9.6609)  loss_bbox: 0.0756 (0.0773)  loss_bbox_aux_0: 0.0780 (0.0815)  loss_bbox_aux_1: 0.0777 (0.0787)  loss_bbox_aux_2: 0.0835 (0.0919)  loss_bbox_dn_0: 0.0489 (0.0532)  loss_bbox_dn_1: 0.0426 (0.0437)  loss_bbox_dn_2: 0.0413 (0.0425)  loss_giou: 0.8980 (0.8650)  loss_giou_aux_0: 0.8984 (0.8912)  loss_giou_aux_1: 0.8889 (0.8719)  loss_giou_aux_2: 0.9677 (0.9560)  loss_giou_dn_0: 0.7343 (0.7364)  loss_giou_dn_1: 0.6392 (0.6543)  loss_giou_dn_2: 0.6384 (0.6446)  loss_vfl: 0.5094 (0.5355)  loss_vfl_aux_0: 0.5294 (0.5548)  loss_vfl_aux_1: 0.5200 (0.5447)  loss_vfl_aux_2: 0.5658 (0.5716)  loss_vfl_dn_0: 0.4712 (0.4742)  loss_vfl_dn_1: 0.4507 (0.4487)  loss_vfl_dn_2: 0.4457 (0.4431)  time: 1.2395  data: 0.0319  max mem: 9232
Epoch: [44]  [600/809]  eta: 0:04:12  lr: 0.000100  loss: 9.7169 (9.6724)  loss_bbox: 0.0698 (0.0779)  loss_bbox_aux_0: 0.0790 (0.0822)  loss_bbox_aux_1: 0.0725 (0.0793)  loss_bbox_aux_2: 0.0864 (0.0926)  loss_bbox_dn_0: 0.0482 (0.0531)  loss_bbox_dn_1: 0.0393 (0.0436)  loss_bbox_dn_2: 0.0377 (0.0424)  loss_giou: 0.8900 (0.8687)  loss_giou_aux_0: 0.9200 (0.8959)  loss_giou_aux_1: 0.9118 (0.8761)  loss_giou_aux_2: 0.9799 (0.9612)  loss_giou_dn_0: 0.7338 (0.7363)  loss_giou_dn_1: 0.6425 (0.6541)  loss_giou_dn_2: 0.6341 (0.6445)  loss_vfl: 0.5365 (0.5341)  loss_vfl_aux_0: 0.5526 (0.5528)  loss_vfl_aux_1: 0.5448 (0.5428)  loss_vfl_aux_2: 0.5482 (0.5685)  loss_vfl_dn_0: 0.4728 (0.4742)  loss_vfl_dn_1: 0.4484 (0.4489)  loss_vfl_dn_2: 0.4486 (0.4434)  time: 1.1907  data: 0.0336  max mem: 9232
Epoch: [44]  [700/809]  eta: 0:02:11  lr: 0.000100  loss: 9.6797 (9.6778)  loss_bbox: 0.0685 (0.0778)  loss_bbox_aux_0: 0.0720 (0.0822)  loss_bbox_aux_1: 0.0698 (0.0792)  loss_bbox_aux_2: 0.0815 (0.0926)  loss_bbox_dn_0: 0.0503 (0.0528)  loss_bbox_dn_1: 0.0406 (0.0434)  loss_bbox_dn_2: 0.0404 (0.0422)  loss_giou: 0.8700 (0.8713)  loss_giou_aux_0: 0.8751 (0.8987)  loss_giou_aux_1: 0.8657 (0.8787)  loss_giou_aux_2: 0.9408 (0.9630)  loss_giou_dn_0: 0.7322 (0.7365)  loss_giou_dn_1: 0.6613 (0.6548)  loss_giou_dn_2: 0.6515 (0.6452)  loss_vfl: 0.5356 (0.5331)  loss_vfl_aux_0: 0.5474 (0.5515)  loss_vfl_aux_1: 0.5435 (0.5418)  loss_vfl_aux_2: 0.5625 (0.5672)  loss_vfl_dn_0: 0.4655 (0.4740)  loss_vfl_dn_1: 0.4386 (0.4486)  loss_vfl_dn_2: 0.4370 (0.4433)  time: 1.2140  data: 0.0345  max mem: 9232
Epoch: [44]  [800/809]  eta: 0:00:10  lr: 0.000100  loss: 9.5021 (9.6656)  loss_bbox: 0.0792 (0.0773)  loss_bbox_aux_0: 0.0813 (0.0817)  loss_bbox_aux_1: 0.0808 (0.0786)  loss_bbox_aux_2: 0.0928 (0.0922)  loss_bbox_dn_0: 0.0504 (0.0525)  loss_bbox_dn_1: 0.0394 (0.0431)  loss_bbox_dn_2: 0.0386 (0.0420)  loss_giou: 0.8512 (0.8707)  loss_giou_aux_0: 0.8858 (0.8982)  loss_giou_aux_1: 0.8702 (0.8784)  loss_giou_aux_2: 0.9478 (0.9624)  loss_giou_dn_0: 0.7267 (0.7358)  loss_giou_dn_1: 0.6437 (0.6544)  loss_giou_dn_2: 0.6332 (0.6450)  loss_vfl: 0.5350 (0.5316)  loss_vfl_aux_0: 0.5630 (0.5503)  loss_vfl_aux_1: 0.5477 (0.5405)  loss_vfl_aux_2: 0.5594 (0.5659)  loss_vfl_dn_0: 0.4720 (0.4738)  loss_vfl_dn_1: 0.4498 (0.4483)  loss_vfl_dn_2: 0.4454 (0.4429)  time: 1.2128  data: 0.0323  max mem: 9232
Epoch: [44]  [808/809]  eta: 0:00:01  lr: 0.000100  loss: 9.8165 (9.6682)  loss_bbox: 0.0800 (0.0774)  loss_bbox_aux_0: 0.0847 (0.0817)  loss_bbox_aux_1: 0.0826 (0.0787)  loss_bbox_aux_2: 0.0928 (0.0922)  loss_bbox_dn_0: 0.0471 (0.0524)  loss_bbox_dn_1: 0.0370 (0.0431)  loss_bbox_dn_2: 0.0363 (0.0420)  loss_giou: 0.9077 (0.8714)  loss_giou_aux_0: 0.9112 (0.8989)  loss_giou_aux_1: 0.9256 (0.8791)  loss_giou_aux_2: 0.9904 (0.9631)  loss_giou_dn_0: 0.7311 (0.7358)  loss_giou_dn_1: 0.6534 (0.6545)  loss_giou_dn_2: 0.6478 (0.6451)  loss_vfl: 0.5099 (0.5314)  loss_vfl_aux_0: 0.5454 (0.5502)  loss_vfl_aux_1: 0.5308 (0.5404)  loss_vfl_aux_2: 0.5579 (0.5657)  loss_vfl_dn_0: 0.4736 (0.4738)  loss_vfl_dn_1: 0.4532 (0.4484)  loss_vfl_dn_2: 0.4474 (0.4429)  time: 1.0597  data: 0.0309  max mem: 9232
Epoch: [44] Total time: 0:16:11 (1.2008 s / it)
Averaged stats: lr: 0.000100  loss: 9.8165 (9.6682)  loss_bbox: 0.0800 (0.0774)  loss_bbox_aux_0: 0.0847 (0.0817)  loss_bbox_aux_1: 0.0826 (0.0787)  loss_bbox_aux_2: 0.0928 (0.0922)  loss_bbox_dn_0: 0.0471 (0.0524)  loss_bbox_dn_1: 0.0370 (0.0431)  loss_bbox_dn_2: 0.0363 (0.0420)  loss_giou: 0.9077 (0.8714)  loss_giou_aux_0: 0.9112 (0.8989)  loss_giou_aux_1: 0.9256 (0.8791)  loss_giou_aux_2: 0.9904 (0.9631)  loss_giou_dn_0: 0.7311 (0.7358)  loss_giou_dn_1: 0.6534 (0.6545)  loss_giou_dn_2: 0.6478 (0.6451)  loss_vfl: 0.5099 (0.5314)  loss_vfl_aux_0: 0.5454 (0.5502)  loss_vfl_aux_1: 0.5308 (0.5404)  loss_vfl_aux_2: 0.5579 (0.5657)  loss_vfl_dn_0: 0.4736 (0.4738)  loss_vfl_dn_1: 0.4532 (0.4484)  loss_vfl_dn_2: 0.4474 (0.4429)
Test:  [ 0/69]  eta: 0:01:58    time: 1.7143  data: 1.0626  max mem: 9232
Test:  [10/69]  eta: 0:00:51    time: 0.8712  data: 0.1142  max mem: 9232
Test:  [20/69]  eta: 0:00:39    time: 0.7550  data: 0.0219  max mem: 9232
Test:  [30/69]  eta: 0:00:29    time: 0.6951  data: 0.0243  max mem: 9232
Test:  [40/69]  eta: 0:00:21    time: 0.6611  data: 0.0248  max mem: 9232
Test:  [50/69]  eta: 0:00:13    time: 0.6259  data: 0.0255  max mem: 9232
Test:  [60/69]  eta: 0:00:06    time: 0.5929  data: 0.0242  max mem: 9232
Test:  [68/69]  eta: 0:00:00    time: 0.6093  data: 0.0227  max mem: 9232
Test: Total time: 0:00:47 (0.6829 s / it)
Averaged stats: 
Accumulating evaluation results...
DONE (t=2.28s).
IoU metric: bbox
 Average Precision  (AP) @[ IoU=0.50:0.95 | area=   all | maxDets=100 ] = 0.238
 Average Precision  (AP) @[ IoU=0.50      | area=   all | maxDets=100 ] = 0.384
 Average Precision  (AP) @[ IoU=0.75      | area=   all | maxDets=100 ] = 0.247
 Average Precision  (AP) @[ IoU=0.50:0.95 | area= small | maxDets=100 ] = 0.163
 Average Precision  (AP) @[ IoU=0.50:0.95 | area=medium | maxDets=100 ] = 0.317
 Average Precision  (AP) @[ IoU=0.50:0.95 | area= large | maxDets=100 ] = 0.433
 Average Recall     (AR) @[ IoU=0.50:0.95 | area=   all | maxDets=  1 ] = 0.106
 Average Recall     (AR) @[ IoU=0.50:0.95 | area=   all | maxDets= 10 ] = 0.292
 Average Recall     (AR) @[ IoU=0.50:0.95 | area=   all | maxDets=100 ] = 0.399
 Average Recall     (AR) @[ IoU=0.50:0.95 | area= small | maxDets=100 ] = 0.318
 Average Recall     (AR) @[ IoU=0.50:0.95 | area=medium | maxDets=100 ] = 0.500
 Average Recall     (AR) @[ IoU=0.50:0.95 | area= large | maxDets=100 ] = 0.627
best_stat:  {'epoch': 44, 'coco_eval_bbox': 0.2375854564966771}
Epoch: [45]  [  0/809]  eta: 1:35:44  lr: 0.000100  loss: 10.4093 (10.4093)  loss_bbox: 0.0709 (0.0709)  loss_bbox_aux_0: 0.0783 (0.0783)  loss_bbox_aux_1: 0.0736 (0.0736)  loss_bbox_aux_2: 0.0899 (0.0899)  loss_bbox_dn_0: 0.0366 (0.0366)  loss_bbox_dn_1: 0.0302 (0.0302)  loss_bbox_dn_2: 0.0298 (0.0298)  loss_giou: 1.0794 (1.0794)  loss_giou_aux_0: 1.0948 (1.0948)  loss_giou_aux_1: 1.0750 (1.0750)  loss_giou_aux_2: 1.1583 (1.1583)  loss_giou_dn_0: 0.7652 (0.7652)  loss_giou_dn_1: 0.6945 (0.6945)  loss_giou_dn_2: 0.6887 (0.6887)  loss_vfl: 0.5131 (0.5131)  loss_vfl_aux_0: 0.5259 (0.5259)  loss_vfl_aux_1: 0.5278 (0.5278)  loss_vfl_aux_2: 0.5170 (0.5170)  loss_vfl_dn_0: 0.4800 (0.4800)  loss_vfl_dn_1: 0.4421 (0.4421)  loss_vfl_dn_2: 0.4381 (0.4381)  time: 7.1013  data: 3.4755  max mem: 9232
Epoch: [45]  [100/809]  eta: 0:14:25  lr: 0.000100  loss: 9.4489 (9.6038)  loss_bbox: 0.0642 (0.0756)  loss_bbox_aux_0: 0.0685 (0.0794)  loss_bbox_aux_1: 0.0658 (0.0767)  loss_bbox_aux_2: 0.0780 (0.0898)  loss_bbox_dn_0: 0.0537 (0.0531)  loss_bbox_dn_1: 0.0455 (0.0438)  loss_bbox_dn_2: 0.0440 (0.0425)  loss_giou: 0.8207 (0.8520)  loss_giou_aux_0: 0.8308 (0.8769)  loss_giou_aux_1: 0.8237 (0.8599)  loss_giou_aux_2: 0.8791 (0.9407)  loss_giou_dn_0: 0.7205 (0.7325)  loss_giou_dn_1: 0.6486 (0.6516)  loss_giou_dn_2: 0.6472 (0.6418)  loss_vfl: 0.5435 (0.5391)  loss_vfl_aux_0: 0.5656 (0.5595)  loss_vfl_aux_1: 0.5555 (0.5476)  loss_vfl_aux_2: 0.5853 (0.5730)  loss_vfl_dn_0: 0.4756 (0.4760)  loss_vfl_dn_1: 0.4464 (0.4490)  loss_vfl_dn_2: 0.4399 (0.4433)  time: 1.1272  data: 0.0308  max mem: 9232
Epoch: [45]  [200/809]  eta: 0:12:14  lr: 0.000100  loss: 9.3813 (9.6013)  loss_bbox: 0.0670 (0.0739)  loss_bbox_aux_0: 0.0686 (0.0782)  loss_bbox_aux_1: 0.0690 (0.0751)  loss_bbox_aux_2: 0.0756 (0.0893)  loss_bbox_dn_0: 0.0471 (0.0532)  loss_bbox_dn_1: 0.0360 (0.0440)  loss_bbox_dn_2: 0.0354 (0.0427)  loss_giou: 0.7635 (0.8520)  loss_giou_aux_0: 0.8005 (0.8793)  loss_giou_aux_1: 0.7841 (0.8609)  loss_giou_aux_2: 0.8628 (0.9436)  loss_giou_dn_0: 0.7205 (0.7330)  loss_giou_dn_1: 0.6364 (0.6530)  loss_giou_dn_2: 0.6220 (0.6436)  loss_vfl: 0.5208 (0.5382)  loss_vfl_aux_0: 0.5360 (0.5564)  loss_vfl_aux_1: 0.5319 (0.5466)  loss_vfl_aux_2: 0.5677 (0.5714)  loss_vfl_dn_0: 0.4686 (0.4749)  loss_vfl_dn_1: 0.4417 (0.4486)  loss_vfl_dn_2: 0.4399 (0.4432)  time: 1.1821  data: 0.0300  max mem: 9232
Epoch: [45]  [300/809]  eta: 0:10:08  lr: 0.000100  loss: 9.7970 (9.6534)  loss_bbox: 0.0623 (0.0767)  loss_bbox_aux_0: 0.0680 (0.0809)  loss_bbox_aux_1: 0.0629 (0.0781)  loss_bbox_aux_2: 0.0780 (0.0918)  loss_bbox_dn_0: 0.0508 (0.0529)  loss_bbox_dn_1: 0.0421 (0.0437)  loss_bbox_dn_2: 0.0407 (0.0424)  loss_giou: 0.9134 (0.8662)  loss_giou_aux_0: 0.9426 (0.8928)  loss_giou_aux_1: 0.9211 (0.8758)  loss_giou_aux_2: 0.9860 (0.9559)  loss_giou_dn_0: 0.7345 (0.7362)  loss_giou_dn_1: 0.6625 (0.6568)  loss_giou_dn_2: 0.6445 (0.6474)  loss_vfl: 0.5183 (0.5328)  loss_vfl_aux_0: 0.5312 (0.5508)  loss_vfl_aux_1: 0.5275 (0.5410)  loss_vfl_aux_2: 0.5404 (0.5654)  loss_vfl_dn_0: 0.4707 (0.4743)  loss_vfl_dn_1: 0.4462 (0.4483)  loss_vfl_dn_2: 0.4419 (0.4430)  time: 1.1287  data: 0.0319  max mem: 9232
Epoch: [45]  [400/809]  eta: 0:08:04  lr: 0.000100  loss: 9.5866 (9.6672)  loss_bbox: 0.0666 (0.0769)  loss_bbox_aux_0: 0.0748 (0.0810)  loss_bbox_aux_1: 0.0708 (0.0782)  loss_bbox_aux_2: 0.0809 (0.0921)  loss_bbox_dn_0: 0.0536 (0.0529)  loss_bbox_dn_1: 0.0441 (0.0436)  loss_bbox_dn_2: 0.0431 (0.0424)  loss_giou: 0.8303 (0.8692)  loss_giou_aux_0: 0.8668 (0.8963)  loss_giou_aux_1: 0.8402 (0.8788)  loss_giou_aux_2: 0.9144 (0.9586)  loss_giou_dn_0: 0.7161 (0.7368)  loss_giou_dn_1: 0.6405 (0.6565)  loss_giou_dn_2: 0.6365 (0.6473)  loss_vfl: 0.5298 (0.5325)  loss_vfl_aux_0: 0.5724 (0.5508)  loss_vfl_aux_1: 0.5586 (0.5413)  loss_vfl_aux_2: 0.5847 (0.5656)  loss_vfl_dn_0: 0.4775 (0.4743)  loss_vfl_dn_1: 0.4500 (0.4488)  loss_vfl_dn_2: 0.4429 (0.4434)  time: 1.2145  data: 0.0363  max mem: 9232
Epoch: [45]  [500/809]  eta: 0:06:07  lr: 0.000100  loss: 9.4152 (9.6526)  loss_bbox: 0.0673 (0.0766)  loss_bbox_aux_0: 0.0690 (0.0806)  loss_bbox_aux_1: 0.0690 (0.0778)  loss_bbox_aux_2: 0.0792 (0.0917)  loss_bbox_dn_0: 0.0497 (0.0524)  loss_bbox_dn_1: 0.0394 (0.0432)  loss_bbox_dn_2: 0.0385 (0.0420)  loss_giou: 0.7981 (0.8686)  loss_giou_aux_0: 0.8406 (0.8956)  loss_giou_aux_1: 0.7970 (0.8779)  loss_giou_aux_2: 0.9177 (0.9586)  loss_giou_dn_0: 0.7228 (0.7345)  loss_giou_dn_1: 0.6440 (0.6542)  loss_giou_dn_2: 0.6362 (0.6450)  loss_vfl: 0.5432 (0.5312)  loss_vfl_aux_0: 0.5656 (0.5503)  loss_vfl_aux_1: 0.5704 (0.5404)  loss_vfl_aux_2: 0.5952 (0.5656)  loss_vfl_dn_0: 0.4756 (0.4745)  loss_vfl_dn_1: 0.4442 (0.4487)  loss_vfl_dn_2: 0.4410 (0.4433)  time: 1.1837  data: 0.0299  max mem: 9232
Epoch: [45]  [600/809]  eta: 0:04:10  lr: 0.000100  loss: 9.8761 (9.6622)  loss_bbox: 0.0675 (0.0767)  loss_bbox_aux_0: 0.0717 (0.0807)  loss_bbox_aux_1: 0.0686 (0.0780)  loss_bbox_aux_2: 0.0833 (0.0915)  loss_bbox_dn_0: 0.0424 (0.0518)  loss_bbox_dn_1: 0.0354 (0.0427)  loss_bbox_dn_2: 0.0347 (0.0416)  loss_giou: 0.9242 (0.8729)  loss_giou_aux_0: 0.9549 (0.8999)  loss_giou_aux_1: 0.9360 (0.8821)  loss_giou_aux_2: 0.9751 (0.9612)  loss_giou_dn_0: 0.7505 (0.7366)  loss_giou_dn_1: 0.6874 (0.6568)  loss_giou_dn_2: 0.6793 (0.6476)  loss_vfl: 0.5156 (0.5284)  loss_vfl_aux_0: 0.5393 (0.5477)  loss_vfl_aux_1: 0.5292 (0.5375)  loss_vfl_aux_2: 0.5674 (0.5639)  loss_vfl_dn_0: 0.4716 (0.4738)  loss_vfl_dn_1: 0.4481 (0.4482)  loss_vfl_dn_2: 0.4419 (0.4427)  time: 1.2770  data: 0.0355  max mem: 9232
Epoch: [45]  [700/809]  eta: 0:02:10  lr: 0.000100  loss: 9.7604 (9.6555)  loss_bbox: 0.0759 (0.0769)  loss_bbox_aux_0: 0.0800 (0.0811)  loss_bbox_aux_1: 0.0756 (0.0781)  loss_bbox_aux_2: 0.0861 (0.0916)  loss_bbox_dn_0: 0.0470 (0.0519)  loss_bbox_dn_1: 0.0385 (0.0428)  loss_bbox_dn_2: 0.0373 (0.0416)  loss_giou: 0.8880 (0.8711)  loss_giou_aux_0: 0.9053 (0.8979)  loss_giou_aux_1: 0.8921 (0.8800)  loss_giou_aux_2: 0.9723 (0.9600)  loss_giou_dn_0: 0.7422 (0.7353)  loss_giou_dn_1: 0.6573 (0.6549)  loss_giou_dn_2: 0.6419 (0.6456)  loss_vfl: 0.5183 (0.5296)  loss_vfl_aux_0: 0.5225 (0.5488)  loss_vfl_aux_1: 0.5244 (0.5389)  loss_vfl_aux_2: 0.5538 (0.5650)  loss_vfl_dn_0: 0.4630 (0.4737)  loss_vfl_dn_1: 0.4468 (0.4481)  loss_vfl_dn_2: 0.4400 (0.4427)  time: 1.2107  data: 0.0315  max mem: 9232
Epoch: [45]  [800/809]  eta: 0:00:10  lr: 0.000100  loss: 9.4404 (9.6540)  loss_bbox: 0.0671 (0.0764)  loss_bbox_aux_0: 0.0676 (0.0806)  loss_bbox_aux_1: 0.0686 (0.0777)  loss_bbox_aux_2: 0.0779 (0.0913)  loss_bbox_dn_0: 0.0463 (0.0518)  loss_bbox_dn_1: 0.0370 (0.0426)  loss_bbox_dn_2: 0.0355 (0.0415)  loss_giou: 0.7918 (0.8717)  loss_giou_aux_0: 0.8172 (0.8984)  loss_giou_aux_1: 0.7975 (0.8804)  loss_giou_aux_2: 0.9012 (0.9605)  loss_giou_dn_0: 0.7374 (0.7349)  loss_giou_dn_1: 0.6515 (0.6545)  loss_giou_dn_2: 0.6382 (0.6452)  loss_vfl: 0.5321 (0.5293)  loss_vfl_aux_0: 0.5541 (0.5487)  loss_vfl_aux_1: 0.5409 (0.5386)  loss_vfl_aux_2: 0.5746 (0.5648)  loss_vfl_dn_0: 0.4752 (0.4738)  loss_vfl_dn_1: 0.4468 (0.4483)  loss_vfl_dn_2: 0.4421 (0.4429)  time: 1.2240  data: 0.0346  max mem: 9232
Epoch: [45]  [808/809]  eta: 0:00:01  lr: 0.000100  loss: 9.5207 (9.6528)  loss_bbox: 0.0751 (0.0765)  loss_bbox_aux_0: 0.0758 (0.0807)  loss_bbox_aux_1: 0.0779 (0.0778)  loss_bbox_aux_2: 0.0889 (0.0913)  loss_bbox_dn_0: 0.0467 (0.0517)  loss_bbox_dn_1: 0.0395 (0.0426)  loss_bbox_dn_2: 0.0382 (0.0414)  loss_giou: 0.8079 (0.8715)  loss_giou_aux_0: 0.8172 (0.8981)  loss_giou_aux_1: 0.8224 (0.8801)  loss_giou_aux_2: 0.8777 (0.9602)  loss_giou_dn_0: 0.7263 (0.7346)  loss_giou_dn_1: 0.6273 (0.6542)  loss_giou_dn_2: 0.6208 (0.6449)  loss_vfl: 0.5466 (0.5293)  loss_vfl_aux_0: 0.5590 (0.5489)  loss_vfl_aux_1: 0.5485 (0.5387)  loss_vfl_aux_2: 0.5817 (0.5651)  loss_vfl_dn_0: 0.4738 (0.4739)  loss_vfl_dn_1: 0.4452 (0.4484)  loss_vfl_dn_2: 0.4421 (0.4430)  time: 1.0556  data: 0.0311  max mem: 9232
Epoch: [45] Total time: 0:16:08 (1.1977 s / it)
Averaged stats: lr: 0.000100  loss: 9.5207 (9.6528)  loss_bbox: 0.0751 (0.0765)  loss_bbox_aux_0: 0.0758 (0.0807)  loss_bbox_aux_1: 0.0779 (0.0778)  loss_bbox_aux_2: 0.0889 (0.0913)  loss_bbox_dn_0: 0.0467 (0.0517)  loss_bbox_dn_1: 0.0395 (0.0426)  loss_bbox_dn_2: 0.0382 (0.0414)  loss_giou: 0.8079 (0.8715)  loss_giou_aux_0: 0.8172 (0.8981)  loss_giou_aux_1: 0.8224 (0.8801)  loss_giou_aux_2: 0.8777 (0.9602)  loss_giou_dn_0: 0.7263 (0.7346)  loss_giou_dn_1: 0.6273 (0.6542)  loss_giou_dn_2: 0.6208 (0.6449)  loss_vfl: 0.5466 (0.5293)  loss_vfl_aux_0: 0.5590 (0.5489)  loss_vfl_aux_1: 0.5485 (0.5387)  loss_vfl_aux_2: 0.5817 (0.5651)  loss_vfl_dn_0: 0.4738 (0.4739)  loss_vfl_dn_1: 0.4452 (0.4484)  loss_vfl_dn_2: 0.4421 (0.4430)
Test:  [ 0/69]  eta: 0:01:31    time: 1.3325  data: 0.7386  max mem: 9232
Test:  [10/69]  eta: 0:00:50    time: 0.8523  data: 0.0897  max mem: 9232
Test:  [20/69]  eta: 0:00:39    time: 0.7822  data: 0.0240  max mem: 9232
Test:  [30/69]  eta: 0:00:29    time: 0.7142  data: 0.0237  max mem: 9232
Test:  [40/69]  eta: 0:00:21    time: 0.6660  data: 0.0241  max mem: 9232
Test:  [50/69]  eta: 0:00:13    time: 0.6302  data: 0.0242  max mem: 9232
Test:  [60/69]  eta: 0:00:06    time: 0.5942  data: 0.0240  max mem: 9232
Test:  [68/69]  eta: 0:00:00    time: 0.6113  data: 0.0220  max mem: 9232
Test: Total time: 0:00:47 (0.6876 s / it)
Averaged stats: 
Accumulating evaluation results...
DONE (t=2.19s).
IoU metric: bbox
 Average Precision  (AP) @[ IoU=0.50:0.95 | area=   all | maxDets=100 ] = 0.239
 Average Precision  (AP) @[ IoU=0.50      | area=   all | maxDets=100 ] = 0.386
 Average Precision  (AP) @[ IoU=0.75      | area=   all | maxDets=100 ] = 0.248
 Average Precision  (AP) @[ IoU=0.50:0.95 | area= small | maxDets=100 ] = 0.164
 Average Precision  (AP) @[ IoU=0.50:0.95 | area=medium | maxDets=100 ] = 0.319
 Average Precision  (AP) @[ IoU=0.50:0.95 | area= large | maxDets=100 ] = 0.435
 Average Recall     (AR) @[ IoU=0.50:0.95 | area=   all | maxDets=  1 ] = 0.106
 Average Recall     (AR) @[ IoU=0.50:0.95 | area=   all | maxDets= 10 ] = 0.293
 Average Recall     (AR) @[ IoU=0.50:0.95 | area=   all | maxDets=100 ] = 0.399
 Average Recall     (AR) @[ IoU=0.50:0.95 | area= small | maxDets=100 ] = 0.318
 Average Recall     (AR) @[ IoU=0.50:0.95 | area=medium | maxDets=100 ] = 0.501
 Average Recall     (AR) @[ IoU=0.50:0.95 | area= large | maxDets=100 ] = 0.621
best_stat:  {'epoch': 45, 'coco_eval_bbox': 0.23899956503946737}
Epoch: [46]  [  0/809]  eta: 1:12:43  lr: 0.000100  loss: 10.0516 (10.0516)  loss_bbox: 0.1069 (0.1069)  loss_bbox_aux_0: 0.1196 (0.1196)  loss_bbox_aux_1: 0.1156 (0.1156)  loss_bbox_aux_2: 0.1191 (0.1191)  loss_bbox_dn_0: 0.0446 (0.0446)  loss_bbox_dn_1: 0.0334 (0.0334)  loss_bbox_dn_2: 0.0323 (0.0323)  loss_giou: 1.0649 (1.0649)  loss_giou_aux_0: 1.0946 (1.0946)  loss_giou_aux_1: 1.0652 (1.0652)  loss_giou_aux_2: 1.1704 (1.1704)  loss_giou_dn_0: 0.7422 (0.7422)  loss_giou_dn_1: 0.6487 (0.6487)  loss_giou_dn_2: 0.6402 (0.6402)  loss_vfl: 0.4126 (0.4126)  loss_vfl_aux_0: 0.4373 (0.4373)  loss_vfl_aux_1: 0.4193 (0.4193)  loss_vfl_aux_2: 0.4679 (0.4679)  loss_vfl_dn_0: 0.4553 (0.4553)  loss_vfl_dn_1: 0.4347 (0.4347)  loss_vfl_dn_2: 0.4269 (0.4269)  time: 5.3940  data: 2.7046  max mem: 9232
Epoch: [46]  [100/809]  eta: 0:14:05  lr: 0.000100  loss: 9.6647 (9.7075)  loss_bbox: 0.0687 (0.0790)  loss_bbox_aux_0: 0.0738 (0.0836)  loss_bbox_aux_1: 0.0718 (0.0805)  loss_bbox_aux_2: 0.0827 (0.0929)  loss_bbox_dn_0: 0.0471 (0.0525)  loss_bbox_dn_1: 0.0369 (0.0431)  loss_bbox_dn_2: 0.0355 (0.0420)  loss_giou: 0.8987 (0.8870)  loss_giou_aux_0: 0.9201 (0.9136)  loss_giou_aux_1: 0.9056 (0.8968)  loss_giou_aux_2: 0.9752 (0.9762)  loss_giou_dn_0: 0.7520 (0.7382)  loss_giou_dn_1: 0.6692 (0.6565)  loss_giou_dn_2: 0.6586 (0.6468)  loss_vfl: 0.5126 (0.5222)  loss_vfl_aux_0: 0.5366 (0.5416)  loss_vfl_aux_1: 0.5208 (0.5323)  loss_vfl_aux_2: 0.5625 (0.5567)  loss_vfl_dn_0: 0.4731 (0.4738)  loss_vfl_dn_1: 0.4491 (0.4488)  loss_vfl_dn_2: 0.4421 (0.4436)  time: 1.1156  data: 0.0341  max mem: 9232
Epoch: [46]  [200/809]  eta: 0:11:48  lr: 0.000100  loss: 9.7352 (9.6778)  loss_bbox: 0.0730 (0.0793)  loss_bbox_aux_0: 0.0781 (0.0831)  loss_bbox_aux_1: 0.0741 (0.0807)  loss_bbox_aux_2: 0.0837 (0.0936)  loss_bbox_dn_0: 0.0464 (0.0523)  loss_bbox_dn_1: 0.0374 (0.0430)  loss_bbox_dn_2: 0.0363 (0.0419)  loss_giou: 0.8579 (0.8812)  loss_giou_aux_0: 0.8877 (0.9093)  loss_giou_aux_1: 0.8551 (0.8905)  loss_giou_aux_2: 0.9531 (0.9735)  loss_giou_dn_0: 0.7378 (0.7343)  loss_giou_dn_1: 0.6652 (0.6519)  loss_giou_dn_2: 0.6529 (0.6427)  loss_vfl: 0.5143 (0.5235)  loss_vfl_aux_0: 0.5334 (0.5422)  loss_vfl_aux_1: 0.5180 (0.5328)  loss_vfl_aux_2: 0.5464 (0.5563)  loss_vfl_dn_0: 0.4769 (0.4740)  loss_vfl_dn_1: 0.4479 (0.4486)  loss_vfl_dn_2: 0.4446 (0.4434)  time: 1.1571  data: 0.0309  max mem: 9232
Epoch: [46]  [300/809]  eta: 0:09:45  lr: 0.000100  loss: 9.4778 (9.6451)  loss_bbox: 0.0715 (0.0781)  loss_bbox_aux_0: 0.0745 (0.0817)  loss_bbox_aux_1: 0.0697 (0.0794)  loss_bbox_aux_2: 0.0864 (0.0924)  loss_bbox_dn_0: 0.0468 (0.0522)  loss_bbox_dn_1: 0.0383 (0.0429)  loss_bbox_dn_2: 0.0377 (0.0418)  loss_giou: 0.8638 (0.8732)  loss_giou_aux_0: 0.8892 (0.9008)  loss_giou_aux_1: 0.8739 (0.8821)  loss_giou_aux_2: 0.9406 (0.9651)  loss_giou_dn_0: 0.7455 (0.7317)  loss_giou_dn_1: 0.6581 (0.6490)  loss_giou_dn_2: 0.6442 (0.6399)  loss_vfl: 0.5242 (0.5267)  loss_vfl_aux_0: 0.5518 (0.5459)  loss_vfl_aux_1: 0.5344 (0.5360)  loss_vfl_aux_2: 0.5605 (0.5599)  loss_vfl_dn_0: 0.4739 (0.4744)  loss_vfl_dn_1: 0.4481 (0.4488)  loss_vfl_dn_2: 0.4417 (0.4431)  time: 1.1413  data: 0.0291  max mem: 9232
Epoch: [46]  [400/809]  eta: 0:07:49  lr: 0.000100  loss: 9.4521 (9.6626)  loss_bbox: 0.0722 (0.0783)  loss_bbox_aux_0: 0.0757 (0.0819)  loss_bbox_aux_1: 0.0723 (0.0795)  loss_bbox_aux_2: 0.0872 (0.0926)  loss_bbox_dn_0: 0.0534 (0.0524)  loss_bbox_dn_1: 0.0413 (0.0431)  loss_bbox_dn_2: 0.0405 (0.0420)  loss_giou: 0.8273 (0.8764)  loss_giou_aux_0: 0.8506 (0.9038)  loss_giou_aux_1: 0.8362 (0.8850)  loss_giou_aux_2: 0.9285 (0.9676)  loss_giou_dn_0: 0.7375 (0.7350)  loss_giou_dn_1: 0.6554 (0.6524)  loss_giou_dn_2: 0.6460 (0.6431)  loss_vfl: 0.5137 (0.5259)  loss_vfl_aux_0: 0.5345 (0.5449)  loss_vfl_aux_1: 0.5226 (0.5349)  loss_vfl_aux_2: 0.5504 (0.5591)  loss_vfl_dn_0: 0.4711 (0.4738)  loss_vfl_dn_1: 0.4447 (0.4484)  loss_vfl_dn_2: 0.4393 (0.4426)  time: 1.0920  data: 0.0290  max mem: 9232
Epoch: [46]  [500/809]  eta: 0:05:53  lr: 0.000100  loss: 9.3991 (9.6581)  loss_bbox: 0.0770 (0.0782)  loss_bbox_aux_0: 0.0790 (0.0817)  loss_bbox_aux_1: 0.0776 (0.0795)  loss_bbox_aux_2: 0.0899 (0.0927)  loss_bbox_dn_0: 0.0516 (0.0526)  loss_bbox_dn_1: 0.0438 (0.0432)  loss_bbox_dn_2: 0.0434 (0.0421)  loss_giou: 0.8176 (0.8741)  loss_giou_aux_0: 0.8665 (0.9005)  loss_giou_aux_1: 0.8183 (0.8821)  loss_giou_aux_2: 0.9127 (0.9637)  loss_giou_dn_0: 0.7242 (0.7340)  loss_giou_dn_1: 0.6335 (0.6517)  loss_giou_dn_2: 0.6331 (0.6422)  loss_vfl: 0.4913 (0.5279)  loss_vfl_aux_0: 0.5309 (0.5475)  loss_vfl_aux_1: 0.5139 (0.5376)  loss_vfl_aux_2: 0.5361 (0.5620)  loss_vfl_dn_0: 0.4722 (0.4739)  loss_vfl_dn_1: 0.4412 (0.4483)  loss_vfl_dn_2: 0.4371 (0.4427)  time: 1.1167  data: 0.0286  max mem: 9232
Epoch: [46]  [600/809]  eta: 0:03:58  lr: 0.000100  loss: 9.5019 (9.6756)  loss_bbox: 0.0719 (0.0787)  loss_bbox_aux_0: 0.0758 (0.0824)  loss_bbox_aux_1: 0.0722 (0.0800)  loss_bbox_aux_2: 0.0919 (0.0935)  loss_bbox_dn_0: 0.0509 (0.0527)  loss_bbox_dn_1: 0.0401 (0.0433)  loss_bbox_dn_2: 0.0391 (0.0422)  loss_giou: 0.8254 (0.8773)  loss_giou_aux_0: 0.8627 (0.9041)  loss_giou_aux_1: 0.8442 (0.8856)  loss_giou_aux_2: 0.9373 (0.9663)  loss_giou_dn_0: 0.7325 (0.7351)  loss_giou_dn_1: 0.6563 (0.6528)  loss_giou_dn_2: 0.6496 (0.6432)  loss_vfl: 0.5254 (0.5275)  loss_vfl_aux_0: 0.5294 (0.5469)  loss_vfl_aux_1: 0.5316 (0.5371)  loss_vfl_aux_2: 0.5494 (0.5612)  loss_vfl_dn_0: 0.4745 (0.4740)  loss_vfl_dn_1: 0.4484 (0.4486)  loss_vfl_dn_2: 0.4446 (0.4430)  time: 1.0973  data: 0.0284  max mem: 9232
Epoch: [46]  [700/809]  eta: 0:02:04  lr: 0.000100  loss: 9.6044 (9.6942)  loss_bbox: 0.0718 (0.0788)  loss_bbox_aux_0: 0.0723 (0.0824)  loss_bbox_aux_1: 0.0729 (0.0800)  loss_bbox_aux_2: 0.0840 (0.0935)  loss_bbox_dn_0: 0.0501 (0.0524)  loss_bbox_dn_1: 0.0392 (0.0431)  loss_bbox_dn_2: 0.0383 (0.0420)  loss_giou: 0.8668 (0.8824)  loss_giou_aux_0: 0.8972 (0.9092)  loss_giou_aux_1: 0.8809 (0.8907)  loss_giou_aux_2: 0.9452 (0.9711)  loss_giou_dn_0: 0.7395 (0.7376)  loss_giou_dn_1: 0.6629 (0.6553)  loss_giou_dn_2: 0.6518 (0.6458)  loss_vfl: 0.5228 (0.5258)  loss_vfl_aux_0: 0.5450 (0.5450)  loss_vfl_aux_1: 0.5349 (0.5353)  loss_vfl_aux_2: 0.5601 (0.5593)  loss_vfl_dn_0: 0.4708 (0.4735)  loss_vfl_dn_1: 0.4440 (0.4483)  loss_vfl_dn_2: 0.4379 (0.4428)  time: 1.1295  data: 0.0321  max mem: 9232
Epoch: [46]  [800/809]  eta: 0:00:10  lr: 0.000100  loss: 9.5171 (9.6657)  loss_bbox: 0.0611 (0.0782)  loss_bbox_aux_0: 0.0663 (0.0819)  loss_bbox_aux_1: 0.0607 (0.0794)  loss_bbox_aux_2: 0.0856 (0.0933)  loss_bbox_dn_0: 0.0477 (0.0526)  loss_bbox_dn_1: 0.0396 (0.0431)  loss_bbox_dn_2: 0.0386 (0.0420)  loss_giou: 0.8110 (0.8755)  loss_giou_aux_0: 0.8515 (0.9028)  loss_giou_aux_1: 0.8241 (0.8836)  loss_giou_aux_2: 0.9152 (0.9651)  loss_giou_dn_0: 0.7253 (0.7357)  loss_giou_dn_1: 0.6301 (0.6529)  loss_giou_dn_2: 0.6256 (0.6433)  loss_vfl: 0.5465 (0.5273)  loss_vfl_aux_0: 0.5514 (0.5467)  loss_vfl_aux_1: 0.5471 (0.5369)  loss_vfl_aux_2: 0.5804 (0.5611)  loss_vfl_dn_0: 0.4692 (0.4736)  loss_vfl_dn_1: 0.4425 (0.4482)  loss_vfl_dn_2: 0.4377 (0.4426)  time: 1.0953  data: 0.0345  max mem: 9232
Epoch: [46]  [808/809]  eta: 0:00:01  lr: 0.000100  loss: 9.6404 (9.6698)  loss_bbox: 0.0697 (0.0783)  loss_bbox_aux_0: 0.0752 (0.0821)  loss_bbox_aux_1: 0.0719 (0.0795)  loss_bbox_aux_2: 0.0881 (0.0935)  loss_bbox_dn_0: 0.0478 (0.0527)  loss_bbox_dn_1: 0.0396 (0.0432)  loss_bbox_dn_2: 0.0386 (0.0421)  loss_giou: 0.8470 (0.8761)  loss_giou_aux_0: 0.8896 (0.9035)  loss_giou_aux_1: 0.8607 (0.8842)  loss_giou_aux_2: 0.9122 (0.9658)  loss_giou_dn_0: 0.7439 (0.7359)  loss_giou_dn_1: 0.6514 (0.6530)  loss_giou_dn_2: 0.6374 (0.6435)  loss_vfl: 0.5515 (0.5273)  loss_vfl_aux_0: 0.5659 (0.5467)  loss_vfl_aux_1: 0.5549 (0.5369)  loss_vfl_aux_2: 0.5813 (0.5611)  loss_vfl_dn_0: 0.4707 (0.4735)  loss_vfl_dn_1: 0.4438 (0.4482)  loss_vfl_dn_2: 0.4377 (0.4426)  time: 0.9507  data: 0.0300  max mem: 9232
Epoch: [46] Total time: 0:15:16 (1.1334 s / it)
Averaged stats: lr: 0.000100  loss: 9.6404 (9.6698)  loss_bbox: 0.0697 (0.0783)  loss_bbox_aux_0: 0.0752 (0.0821)  loss_bbox_aux_1: 0.0719 (0.0795)  loss_bbox_aux_2: 0.0881 (0.0935)  loss_bbox_dn_0: 0.0478 (0.0527)  loss_bbox_dn_1: 0.0396 (0.0432)  loss_bbox_dn_2: 0.0386 (0.0421)  loss_giou: 0.8470 (0.8761)  loss_giou_aux_0: 0.8896 (0.9035)  loss_giou_aux_1: 0.8607 (0.8842)  loss_giou_aux_2: 0.9122 (0.9658)  loss_giou_dn_0: 0.7439 (0.7359)  loss_giou_dn_1: 0.6514 (0.6530)  loss_giou_dn_2: 0.6374 (0.6435)  loss_vfl: 0.5515 (0.5273)  loss_vfl_aux_0: 0.5659 (0.5467)  loss_vfl_aux_1: 0.5549 (0.5369)  loss_vfl_aux_2: 0.5813 (0.5611)  loss_vfl_dn_0: 0.4707 (0.4735)  loss_vfl_dn_1: 0.4438 (0.4482)  loss_vfl_dn_2: 0.4377 (0.4426)
Test:  [ 0/69]  eta: 0:01:50    time: 1.6005  data: 0.9909  max mem: 9232
Test:  [10/69]  eta: 0:00:45    time: 0.7748  data: 0.1070  max mem: 9232
Test:  [20/69]  eta: 0:00:37    time: 0.7338  data: 0.0206  max mem: 9232
Test:  [30/69]  eta: 0:00:28    time: 0.7036  data: 0.0228  max mem: 9232
Test:  [40/69]  eta: 0:00:20    time: 0.6213  data: 0.0231  max mem: 9232
Test:  [50/69]  eta: 0:00:12    time: 0.5948  data: 0.0224  max mem: 9232
Test:  [60/69]  eta: 0:00:05    time: 0.5742  data: 0.0218  max mem: 9232
Test:  [68/69]  eta: 0:00:00    time: 0.5894  data: 0.0208  max mem: 9232
Test: Total time: 0:00:45 (0.6561 s / it)
Averaged stats: 
Accumulating evaluation results...
DONE (t=2.00s).
IoU metric: bbox
 Average Precision  (AP) @[ IoU=0.50:0.95 | area=   all | maxDets=100 ] = 0.240
 Average Precision  (AP) @[ IoU=0.50      | area=   all | maxDets=100 ] = 0.388
 Average Precision  (AP) @[ IoU=0.75      | area=   all | maxDets=100 ] = 0.248
 Average Precision  (AP) @[ IoU=0.50:0.95 | area= small | maxDets=100 ] = 0.165
 Average Precision  (AP) @[ IoU=0.50:0.95 | area=medium | maxDets=100 ] = 0.321
 Average Precision  (AP) @[ IoU=0.50:0.95 | area= large | maxDets=100 ] = 0.430
 Average Recall     (AR) @[ IoU=0.50:0.95 | area=   all | maxDets=  1 ] = 0.106
 Average Recall     (AR) @[ IoU=0.50:0.95 | area=   all | maxDets= 10 ] = 0.295
 Average Recall     (AR) @[ IoU=0.50:0.95 | area=   all | maxDets=100 ] = 0.400
 Average Recall     (AR) @[ IoU=0.50:0.95 | area= small | maxDets=100 ] = 0.319
 Average Recall     (AR) @[ IoU=0.50:0.95 | area=medium | maxDets=100 ] = 0.503
 Average Recall     (AR) @[ IoU=0.50:0.95 | area= large | maxDets=100 ] = 0.609
best_stat:  {'epoch': 46, 'coco_eval_bbox': 0.23963490522961292}
Epoch: [47]  [  0/809]  eta: 1:22:06  lr: 0.000100  loss: 9.0786 (9.0786)  loss_bbox: 0.0708 (0.0708)  loss_bbox_aux_0: 0.0735 (0.0735)  loss_bbox_aux_1: 0.0701 (0.0701)  loss_bbox_aux_2: 0.0836 (0.0836)  loss_bbox_dn_0: 0.0755 (0.0755)  loss_bbox_dn_1: 0.0664 (0.0664)  loss_bbox_dn_2: 0.0644 (0.0644)  loss_giou: 0.6395 (0.6395)  loss_giou_aux_0: 0.6468 (0.6468)  loss_giou_aux_1: 0.6362 (0.6362)  loss_giou_aux_2: 0.7100 (0.7100)  loss_giou_dn_0: 0.6995 (0.6995)  loss_giou_dn_1: 0.6188 (0.6188)  loss_giou_dn_2: 0.6092 (0.6092)  loss_vfl: 0.6407 (0.6407)  loss_vfl_aux_0: 0.6644 (0.6644)  loss_vfl_aux_1: 0.6565 (0.6565)  loss_vfl_aux_2: 0.6838 (0.6838)  loss_vfl_dn_0: 0.4723 (0.4723)  loss_vfl_dn_1: 0.4529 (0.4529)  loss_vfl_dn_2: 0.4437 (0.4437)  time: 6.0896  data: 2.7331  max mem: 9232
Epoch: [47]  [100/809]  eta: 0:13:33  lr: 0.000100  loss: 9.8608 (9.7431)  loss_bbox: 0.0713 (0.0806)  loss_bbox_aux_0: 0.0780 (0.0857)  loss_bbox_aux_1: 0.0718 (0.0822)  loss_bbox_aux_2: 0.0792 (0.0948)  loss_bbox_dn_0: 0.0469 (0.0529)  loss_bbox_dn_1: 0.0394 (0.0432)  loss_bbox_dn_2: 0.0380 (0.0422)  loss_giou: 0.8712 (0.8908)  loss_giou_aux_0: 0.9014 (0.9164)  loss_giou_aux_1: 0.8803 (0.8991)  loss_giou_aux_2: 0.9863 (0.9750)  loss_giou_dn_0: 0.7327 (0.7441)  loss_giou_dn_1: 0.6575 (0.6612)  loss_giou_dn_2: 0.6536 (0.6516)  loss_vfl: 0.5228 (0.5240)  loss_vfl_aux_0: 0.5250 (0.5436)  loss_vfl_aux_1: 0.5273 (0.5331)  loss_vfl_aux_2: 0.5416 (0.5630)  loss_vfl_dn_0: 0.4700 (0.4710)  loss_vfl_dn_1: 0.4428 (0.4470)  loss_vfl_dn_2: 0.4391 (0.4416)  time: 1.0900  data: 0.0267  max mem: 9232
Epoch: [47]  [200/809]  eta: 0:11:25  lr: 0.000100  loss: 9.1632 (9.6619)  loss_bbox: 0.0647 (0.0780)  loss_bbox_aux_0: 0.0708 (0.0830)  loss_bbox_aux_1: 0.0653 (0.0796)  loss_bbox_aux_2: 0.0798 (0.0923)  loss_bbox_dn_0: 0.0472 (0.0525)  loss_bbox_dn_1: 0.0426 (0.0429)  loss_bbox_dn_2: 0.0423 (0.0418)  loss_giou: 0.7849 (0.8778)  loss_giou_aux_0: 0.8072 (0.9040)  loss_giou_aux_1: 0.7853 (0.8856)  loss_giou_aux_2: 0.8734 (0.9637)  loss_giou_dn_0: 0.7175 (0.7373)  loss_giou_dn_1: 0.6359 (0.6547)  loss_giou_dn_2: 0.6261 (0.6450)  loss_vfl: 0.5447 (0.5236)  loss_vfl_aux_0: 0.5632 (0.5436)  loss_vfl_aux_1: 0.5488 (0.5325)  loss_vfl_aux_2: 0.5813 (0.5633)  loss_vfl_dn_0: 0.4728 (0.4719)  loss_vfl_dn_1: 0.4493 (0.4472)  loss_vfl_dn_2: 0.4425 (0.4417)  time: 1.0654  data: 0.0299  max mem: 9232
Epoch: [47]  [300/809]  eta: 0:09:32  lr: 0.000100  loss: 9.7919 (9.6702)  loss_bbox: 0.0706 (0.0781)  loss_bbox_aux_0: 0.0754 (0.0832)  loss_bbox_aux_1: 0.0723 (0.0796)  loss_bbox_aux_2: 0.0846 (0.0927)  loss_bbox_dn_0: 0.0456 (0.0515)  loss_bbox_dn_1: 0.0373 (0.0423)  loss_bbox_dn_2: 0.0362 (0.0412)  loss_giou: 0.8926 (0.8812)  loss_giou_aux_0: 0.9403 (0.9075)  loss_giou_aux_1: 0.9196 (0.8888)  loss_giou_aux_2: 0.9915 (0.9667)  loss_giou_dn_0: 0.7376 (0.7367)  loss_giou_dn_1: 0.6617 (0.6549)  loss_giou_dn_2: 0.6630 (0.6453)  loss_vfl: 0.5134 (0.5225)  loss_vfl_aux_0: 0.5272 (0.5427)  loss_vfl_aux_1: 0.5151 (0.5319)  loss_vfl_aux_2: 0.5424 (0.5605)  loss_vfl_dn_0: 0.4695 (0.4728)  loss_vfl_dn_1: 0.4454 (0.4478)  loss_vfl_dn_2: 0.4413 (0.4423)  time: 1.1672  data: 0.0281  max mem: 9232
Epoch: [47]  [400/809]  eta: 0:07:37  lr: 0.000100  loss: 9.5569 (9.6611)  loss_bbox: 0.0662 (0.0783)  loss_bbox_aux_0: 0.0704 (0.0830)  loss_bbox_aux_1: 0.0670 (0.0798)  loss_bbox_aux_2: 0.0784 (0.0927)  loss_bbox_dn_0: 0.0470 (0.0516)  loss_bbox_dn_1: 0.0387 (0.0424)  loss_bbox_dn_2: 0.0379 (0.0413)  loss_giou: 0.8600 (0.8794)  loss_giou_aux_0: 0.8626 (0.9054)  loss_giou_aux_1: 0.8592 (0.8870)  loss_giou_aux_2: 0.9380 (0.9655)  loss_giou_dn_0: 0.7210 (0.7352)  loss_giou_dn_1: 0.6504 (0.6541)  loss_giou_dn_2: 0.6375 (0.6447)  loss_vfl: 0.5153 (0.5223)  loss_vfl_aux_0: 0.5403 (0.5431)  loss_vfl_aux_1: 0.5258 (0.5320)  loss_vfl_aux_2: 0.5596 (0.5616)  loss_vfl_dn_0: 0.4706 (0.4726)  loss_vfl_dn_1: 0.4478 (0.4473)  loss_vfl_dn_2: 0.4396 (0.4416)  time: 1.1260  data: 0.0269  max mem: 9232
Epoch: [47]  [500/809]  eta: 0:05:44  lr: 0.000100  loss: 9.4717 (9.6409)  loss_bbox: 0.0775 (0.0778)  loss_bbox_aux_0: 0.0838 (0.0824)  loss_bbox_aux_1: 0.0795 (0.0791)  loss_bbox_aux_2: 0.0909 (0.0922)  loss_bbox_dn_0: 0.0533 (0.0520)  loss_bbox_dn_1: 0.0431 (0.0427)  loss_bbox_dn_2: 0.0423 (0.0416)  loss_giou: 0.7838 (0.8747)  loss_giou_aux_0: 0.7981 (0.9001)  loss_giou_aux_1: 0.7861 (0.8821)  loss_giou_aux_2: 0.8757 (0.9604)  loss_giou_dn_0: 0.7467 (0.7338)  loss_giou_dn_1: 0.6572 (0.6521)  loss_giou_dn_2: 0.6488 (0.6427)  loss_vfl: 0.5303 (0.5242)  loss_vfl_aux_0: 0.5469 (0.5445)  loss_vfl_aux_1: 0.5402 (0.5342)  loss_vfl_aux_2: 0.5808 (0.5638)  loss_vfl_dn_0: 0.4785 (0.4725)  loss_vfl_dn_1: 0.4483 (0.4468)  loss_vfl_dn_2: 0.4432 (0.4410)  time: 1.1760  data: 0.0306  max mem: 9232
Epoch: [47]  [600/809]  eta: 0:03:52  lr: 0.000100  loss: 9.5777 (9.6350)  loss_bbox: 0.0693 (0.0771)  loss_bbox_aux_0: 0.0743 (0.0815)  loss_bbox_aux_1: 0.0699 (0.0783)  loss_bbox_aux_2: 0.0878 (0.0912)  loss_bbox_dn_0: 0.0487 (0.0515)  loss_bbox_dn_1: 0.0396 (0.0423)  loss_bbox_dn_2: 0.0386 (0.0412)  loss_giou: 0.8813 (0.8736)  loss_giou_aux_0: 0.9009 (0.8988)  loss_giou_aux_1: 0.8830 (0.8809)  loss_giou_aux_2: 0.9274 (0.9591)  loss_giou_dn_0: 0.7397 (0.7332)  loss_giou_dn_1: 0.6610 (0.6521)  loss_giou_dn_2: 0.6522 (0.6428)  loss_vfl: 0.5190 (0.5253)  loss_vfl_aux_0: 0.5422 (0.5457)  loss_vfl_aux_1: 0.5303 (0.5352)  loss_vfl_aux_2: 0.5679 (0.5646)  loss_vfl_dn_0: 0.4734 (0.4727)  loss_vfl_dn_1: 0.4514 (0.4468)  loss_vfl_dn_2: 0.4465 (0.4411)  time: 1.1185  data: 0.0295  max mem: 9562
Epoch: [47]  [700/809]  eta: 0:02:01  lr: 0.000100  loss: 9.4371 (9.6272)  loss_bbox: 0.0704 (0.0766)  loss_bbox_aux_0: 0.0741 (0.0810)  loss_bbox_aux_1: 0.0722 (0.0779)  loss_bbox_aux_2: 0.0825 (0.0907)  loss_bbox_dn_0: 0.0503 (0.0515)  loss_bbox_dn_1: 0.0412 (0.0423)  loss_bbox_dn_2: 0.0398 (0.0412)  loss_giou: 0.8504 (0.8720)  loss_giou_aux_0: 0.8811 (0.8976)  loss_giou_aux_1: 0.8622 (0.8793)  loss_giou_aux_2: 0.9459 (0.9581)  loss_giou_dn_0: 0.7271 (0.7335)  loss_giou_dn_1: 0.6344 (0.6521)  loss_giou_dn_2: 0.6225 (0.6428)  loss_vfl: 0.5414 (0.5253)  loss_vfl_aux_0: 0.5665 (0.5456)  loss_vfl_aux_1: 0.5483 (0.5350)  loss_vfl_aux_2: 0.5753 (0.5646)  loss_vfl_dn_0: 0.4698 (0.4724)  loss_vfl_dn_1: 0.4495 (0.4467)  loss_vfl_dn_2: 0.4410 (0.4409)  time: 1.1369  data: 0.0293  max mem: 9562
Epoch: [47]  [800/809]  eta: 0:00:09  lr: 0.000100  loss: 9.7462 (9.6359)  loss_bbox: 0.0743 (0.0767)  loss_bbox_aux_0: 0.0765 (0.0812)  loss_bbox_aux_1: 0.0750 (0.0779)  loss_bbox_aux_2: 0.0916 (0.0909)  loss_bbox_dn_0: 0.0503 (0.0518)  loss_bbox_dn_1: 0.0432 (0.0426)  loss_bbox_dn_2: 0.0427 (0.0414)  loss_giou: 0.9152 (0.8730)  loss_giou_aux_0: 0.9374 (0.8988)  loss_giou_aux_1: 0.9217 (0.8804)  loss_giou_aux_2: 0.9949 (0.9598)  loss_giou_dn_0: 0.7527 (0.7345)  loss_giou_dn_1: 0.6668 (0.6532)  loss_giou_dn_2: 0.6563 (0.6439)  loss_vfl: 0.4916 (0.5255)  loss_vfl_aux_0: 0.5127 (0.5455)  loss_vfl_aux_1: 0.5002 (0.5351)  loss_vfl_aux_2: 0.5245 (0.5638)  loss_vfl_dn_0: 0.4656 (0.4724)  loss_vfl_dn_1: 0.4399 (0.4466)  loss_vfl_dn_2: 0.4340 (0.4409)  time: 1.0457  data: 0.0303  max mem: 9562
Epoch: [47]  [808/809]  eta: 0:00:01  lr: 0.000100  loss: 9.6565 (9.6366)  loss_bbox: 0.0770 (0.0767)  loss_bbox_aux_0: 0.0816 (0.0811)  loss_bbox_aux_1: 0.0798 (0.0779)  loss_bbox_aux_2: 0.0951 (0.0908)  loss_bbox_dn_0: 0.0492 (0.0517)  loss_bbox_dn_1: 0.0388 (0.0425)  loss_bbox_dn_2: 0.0377 (0.0414)  loss_giou: 0.8806 (0.8730)  loss_giou_aux_0: 0.8841 (0.8988)  loss_giou_aux_1: 0.8930 (0.8804)  loss_giou_aux_2: 0.9565 (0.9599)  loss_giou_dn_0: 0.7444 (0.7347)  loss_giou_dn_1: 0.6607 (0.6534)  loss_giou_dn_2: 0.6498 (0.6440)  loss_vfl: 0.5112 (0.5256)  loss_vfl_aux_0: 0.5347 (0.5456)  loss_vfl_aux_1: 0.5231 (0.5352)  loss_vfl_aux_2: 0.5403 (0.5638)  loss_vfl_dn_0: 0.4700 (0.4724)  loss_vfl_dn_1: 0.4458 (0.4467)  loss_vfl_dn_2: 0.4364 (0.4410)  time: 0.9193  data: 0.0272  max mem: 9562
Epoch: [47] Total time: 0:14:53 (1.1046 s / it)
Averaged stats: lr: 0.000100  loss: 9.6565 (9.6366)  loss_bbox: 0.0770 (0.0767)  loss_bbox_aux_0: 0.0816 (0.0811)  loss_bbox_aux_1: 0.0798 (0.0779)  loss_bbox_aux_2: 0.0951 (0.0908)  loss_bbox_dn_0: 0.0492 (0.0517)  loss_bbox_dn_1: 0.0388 (0.0425)  loss_bbox_dn_2: 0.0377 (0.0414)  loss_giou: 0.8806 (0.8730)  loss_giou_aux_0: 0.8841 (0.8988)  loss_giou_aux_1: 0.8930 (0.8804)  loss_giou_aux_2: 0.9565 (0.9599)  loss_giou_dn_0: 0.7444 (0.7347)  loss_giou_dn_1: 0.6607 (0.6534)  loss_giou_dn_2: 0.6498 (0.6440)  loss_vfl: 0.5112 (0.5256)  loss_vfl_aux_0: 0.5347 (0.5456)  loss_vfl_aux_1: 0.5231 (0.5352)  loss_vfl_aux_2: 0.5403 (0.5638)  loss_vfl_dn_0: 0.4700 (0.4724)  loss_vfl_dn_1: 0.4458 (0.4467)  loss_vfl_dn_2: 0.4364 (0.4410)
Test:  [ 0/69]  eta: 0:01:39    time: 1.4384  data: 0.7687  max mem: 9562
Test:  [10/69]  eta: 0:00:42    time: 0.7192  data: 0.0855  max mem: 9562
Test:  [20/69]  eta: 0:00:36    time: 0.7053  data: 0.0191  max mem: 9562
Test:  [30/69]  eta: 0:00:28    time: 0.7185  data: 0.0226  max mem: 9562
Test:  [40/69]  eta: 0:00:20    time: 0.6368  data: 0.0231  max mem: 9562
Test:  [50/69]  eta: 0:00:12    time: 0.5974  data: 0.0218  max mem: 9562
Test:  [60/69]  eta: 0:00:05    time: 0.5790  data: 0.0205  max mem: 9562
Test:  [68/69]  eta: 0:00:00    time: 0.5794  data: 0.0183  max mem: 9562
Test: Total time: 0:00:44 (0.6490 s / it)
Averaged stats: 
Accumulating evaluation results...
DONE (t=2.05s).
IoU metric: bbox
 Average Precision  (AP) @[ IoU=0.50:0.95 | area=   all | maxDets=100 ] = 0.241
 Average Precision  (AP) @[ IoU=0.50      | area=   all | maxDets=100 ] = 0.390
 Average Precision  (AP) @[ IoU=0.75      | area=   all | maxDets=100 ] = 0.249
 Average Precision  (AP) @[ IoU=0.50:0.95 | area= small | maxDets=100 ] = 0.165
 Average Precision  (AP) @[ IoU=0.50:0.95 | area=medium | maxDets=100 ] = 0.323
 Average Precision  (AP) @[ IoU=0.50:0.95 | area= large | maxDets=100 ] = 0.436
 Average Recall     (AR) @[ IoU=0.50:0.95 | area=   all | maxDets=  1 ] = 0.107
 Average Recall     (AR) @[ IoU=0.50:0.95 | area=   all | maxDets= 10 ] = 0.297
 Average Recall     (AR) @[ IoU=0.50:0.95 | area=   all | maxDets=100 ] = 0.402
 Average Recall     (AR) @[ IoU=0.50:0.95 | area= small | maxDets=100 ] = 0.320
 Average Recall     (AR) @[ IoU=0.50:0.95 | area=medium | maxDets=100 ] = 0.505
 Average Recall     (AR) @[ IoU=0.50:0.95 | area= large | maxDets=100 ] = 0.621
best_stat:  {'epoch': 47, 'coco_eval_bbox': 0.24143029500712546}
Epoch: [48]  [  0/809]  eta: 1:10:28  lr: 0.000100  loss: 9.1355 (9.1355)  loss_bbox: 0.0839 (0.0839)  loss_bbox_aux_0: 0.0853 (0.0853)  loss_bbox_aux_1: 0.0858 (0.0858)  loss_bbox_aux_2: 0.1064 (0.1064)  loss_bbox_dn_0: 0.0681 (0.0681)  loss_bbox_dn_1: 0.0543 (0.0543)  loss_bbox_dn_2: 0.0523 (0.0523)  loss_giou: 0.6887 (0.6887)  loss_giou_aux_0: 0.6959 (0.6959)  loss_giou_aux_1: 0.7007 (0.7007)  loss_giou_aux_2: 0.7867 (0.7867)  loss_giou_dn_0: 0.6007 (0.6007)  loss_giou_dn_1: 0.5265 (0.5265)  loss_giou_dn_2: 0.5155 (0.5155)  loss_vfl: 0.6316 (0.6316)  loss_vfl_aux_0: 0.6708 (0.6708)  loss_vfl_aux_1: 0.6360 (0.6360)  loss_vfl_aux_2: 0.6766 (0.6766)  loss_vfl_dn_0: 0.5180 (0.5180)  loss_vfl_dn_1: 0.4760 (0.4760)  loss_vfl_dn_2: 0.4756 (0.4756)  time: 5.2268  data: 2.6844  max mem: 9562
Epoch: [48]  [100/809]  eta: 0:13:29  lr: 0.000100  loss: 9.2270 (9.6274)  loss_bbox: 0.0698 (0.0793)  loss_bbox_aux_0: 0.0745 (0.0826)  loss_bbox_aux_1: 0.0695 (0.0807)  loss_bbox_aux_2: 0.0910 (0.0930)  loss_bbox_dn_0: 0.0498 (0.0524)  loss_bbox_dn_1: 0.0413 (0.0432)  loss_bbox_dn_2: 0.0395 (0.0421)  loss_giou: 0.7763 (0.8695)  loss_giou_aux_0: 0.7999 (0.8956)  loss_giou_aux_1: 0.7724 (0.8777)  loss_giou_aux_2: 0.8603 (0.9593)  loss_giou_dn_0: 0.7032 (0.7276)  loss_giou_dn_1: 0.6256 (0.6466)  loss_giou_dn_2: 0.6056 (0.6372)  loss_vfl: 0.5430 (0.5267)  loss_vfl_aux_0: 0.5695 (0.5490)  loss_vfl_aux_1: 0.5537 (0.5359)  loss_vfl_aux_2: 0.5801 (0.5671)  loss_vfl_dn_0: 0.4673 (0.4739)  loss_vfl_dn_1: 0.4444 (0.4471)  loss_vfl_dn_2: 0.4381 (0.4411)  time: 1.0507  data: 0.0260  max mem: 9562
Epoch: [48]  [200/809]  eta: 0:11:17  lr: 0.000100  loss: 9.7961 (9.5851)  loss_bbox: 0.0722 (0.0768)  loss_bbox_aux_0: 0.0737 (0.0803)  loss_bbox_aux_1: 0.0704 (0.0783)  loss_bbox_aux_2: 0.0810 (0.0918)  loss_bbox_dn_0: 0.0497 (0.0532)  loss_bbox_dn_1: 0.0402 (0.0435)  loss_bbox_dn_2: 0.0388 (0.0423)  loss_giou: 0.9247 (0.8589)  loss_giou_aux_0: 0.9460 (0.8860)  loss_giou_aux_1: 0.9305 (0.8674)  loss_giou_aux_2: 0.9948 (0.9476)  loss_giou_dn_0: 0.7319 (0.7245)  loss_giou_dn_1: 0.6494 (0.6423)  loss_giou_dn_2: 0.6364 (0.6324)  loss_vfl: 0.5330 (0.5314)  loss_vfl_aux_0: 0.5361 (0.5533)  loss_vfl_aux_1: 0.5375 (0.5404)  loss_vfl_aux_2: 0.5565 (0.5714)  loss_vfl_dn_0: 0.4806 (0.4750)  loss_vfl_dn_1: 0.4492 (0.4473)  loss_vfl_dn_2: 0.4489 (0.4411)  time: 1.0999  data: 0.0269  max mem: 9562
Epoch: [48]  [300/809]  eta: 0:09:23  lr: 0.000100  loss: 9.1913 (9.6084)  loss_bbox: 0.0712 (0.0771)  loss_bbox_aux_0: 0.0729 (0.0806)  loss_bbox_aux_1: 0.0701 (0.0782)  loss_bbox_aux_2: 0.0829 (0.0924)  loss_bbox_dn_0: 0.0545 (0.0535)  loss_bbox_dn_1: 0.0445 (0.0438)  loss_bbox_dn_2: 0.0432 (0.0426)  loss_giou: 0.7771 (0.8614)  loss_giou_aux_0: 0.7995 (0.8872)  loss_giou_aux_1: 0.7700 (0.8692)  loss_giou_aux_2: 0.8838 (0.9501)  loss_giou_dn_0: 0.6933 (0.7276)  loss_giou_dn_1: 0.5990 (0.6454)  loss_giou_dn_2: 0.5921 (0.6358)  loss_vfl: 0.5527 (0.5327)  loss_vfl_aux_0: 0.5762 (0.5544)  loss_vfl_aux_1: 0.5681 (0.5420)  loss_vfl_aux_2: 0.5818 (0.5715)  loss_vfl_dn_0: 0.4811 (0.4746)  loss_vfl_dn_1: 0.4509 (0.4472)  loss_vfl_dn_2: 0.4440 (0.4411)  time: 1.1616  data: 0.0298  max mem: 9562
Epoch: [48]  [400/809]  eta: 0:07:32  lr: 0.000100  loss: 9.4180 (9.6125)  loss_bbox: 0.0650 (0.0760)  loss_bbox_aux_0: 0.0727 (0.0795)  loss_bbox_aux_1: 0.0654 (0.0772)  loss_bbox_aux_2: 0.0797 (0.0910)  loss_bbox_dn_0: 0.0480 (0.0531)  loss_bbox_dn_1: 0.0394 (0.0436)  loss_bbox_dn_2: 0.0391 (0.0423)  loss_giou: 0.7862 (0.8619)  loss_giou_aux_0: 0.8104 (0.8878)  loss_giou_aux_1: 0.7911 (0.8697)  loss_giou_aux_2: 0.8915 (0.9504)  loss_giou_dn_0: 0.7311 (0.7298)  loss_giou_dn_1: 0.6534 (0.6477)  loss_giou_dn_2: 0.6419 (0.6381)  loss_vfl: 0.5118 (0.5329)  loss_vfl_aux_0: 0.5375 (0.5548)  loss_vfl_aux_1: 0.5186 (0.5425)  loss_vfl_aux_2: 0.5706 (0.5718)  loss_vfl_dn_0: 0.4650 (0.4740)  loss_vfl_dn_1: 0.4456 (0.4472)  loss_vfl_dn_2: 0.4399 (0.4412)  time: 1.1303  data: 0.0331  max mem: 9562
Epoch: [48]  [500/809]  eta: 0:05:39  lr: 0.000100  loss: 9.6871 (9.6235)  loss_bbox: 0.0672 (0.0766)  loss_bbox_aux_0: 0.0698 (0.0801)  loss_bbox_aux_1: 0.0703 (0.0778)  loss_bbox_aux_2: 0.0810 (0.0917)  loss_bbox_dn_0: 0.0509 (0.0530)  loss_bbox_dn_1: 0.0434 (0.0435)  loss_bbox_dn_2: 0.0417 (0.0423)  loss_giou: 0.8207 (0.8643)  loss_giou_aux_0: 0.8371 (0.8901)  loss_giou_aux_1: 0.8401 (0.8724)  loss_giou_aux_2: 0.9284 (0.9549)  loss_giou_dn_0: 0.7114 (0.7310)  loss_giou_dn_1: 0.6364 (0.6490)  loss_giou_dn_2: 0.6262 (0.6396)  loss_vfl: 0.5522 (0.5314)  loss_vfl_aux_0: 0.5842 (0.5530)  loss_vfl_aux_1: 0.5654 (0.5410)  loss_vfl_aux_2: 0.5924 (0.5693)  loss_vfl_dn_0: 0.4722 (0.4739)  loss_vfl_dn_1: 0.4476 (0.4473)  loss_vfl_dn_2: 0.4457 (0.4413)  time: 1.0667  data: 0.0275  max mem: 9562
Epoch: [48]  [600/809]  eta: 0:03:49  lr: 0.000100  loss: 9.4740 (9.6215)  loss_bbox: 0.0714 (0.0764)  loss_bbox_aux_0: 0.0723 (0.0802)  loss_bbox_aux_1: 0.0707 (0.0777)  loss_bbox_aux_2: 0.0818 (0.0915)  loss_bbox_dn_0: 0.0522 (0.0529)  loss_bbox_dn_1: 0.0440 (0.0435)  loss_bbox_dn_2: 0.0431 (0.0423)  loss_giou: 0.7975 (0.8639)  loss_giou_aux_0: 0.7925 (0.8890)  loss_giou_aux_1: 0.7896 (0.8717)  loss_giou_aux_2: 0.8445 (0.9537)  loss_giou_dn_0: 0.7404 (0.7316)  loss_giou_dn_1: 0.6496 (0.6499)  loss_giou_dn_2: 0.6346 (0.6406)  loss_vfl: 0.5428 (0.5313)  loss_vfl_aux_0: 0.5715 (0.5526)  loss_vfl_aux_1: 0.5510 (0.5409)  loss_vfl_aux_2: 0.5883 (0.5688)  loss_vfl_dn_0: 0.4750 (0.4741)  loss_vfl_dn_1: 0.4413 (0.4473)  loss_vfl_dn_2: 0.4390 (0.4414)  time: 1.1430  data: 0.0300  max mem: 9562
Epoch: [48]  [700/809]  eta: 0:01:59  lr: 0.000100  loss: 9.5096 (9.6233)  loss_bbox: 0.0691 (0.0765)  loss_bbox_aux_0: 0.0761 (0.0803)  loss_bbox_aux_1: 0.0711 (0.0777)  loss_bbox_aux_2: 0.0860 (0.0916)  loss_bbox_dn_0: 0.0503 (0.0528)  loss_bbox_dn_1: 0.0410 (0.0434)  loss_bbox_dn_2: 0.0402 (0.0422)  loss_giou: 0.8578 (0.8648)  loss_giou_aux_0: 0.8858 (0.8901)  loss_giou_aux_1: 0.8624 (0.8726)  loss_giou_aux_2: 0.9549 (0.9546)  loss_giou_dn_0: 0.7348 (0.7316)  loss_giou_dn_1: 0.6421 (0.6501)  loss_giou_dn_2: 0.6316 (0.6407)  loss_vfl: 0.5133 (0.5308)  loss_vfl_aux_0: 0.5261 (0.5518)  loss_vfl_aux_1: 0.5167 (0.5404)  loss_vfl_aux_2: 0.5373 (0.5688)  loss_vfl_dn_0: 0.4771 (0.4740)  loss_vfl_dn_1: 0.4463 (0.4472)  loss_vfl_dn_2: 0.4406 (0.4413)  time: 1.0759  data: 0.0266  max mem: 9562
Epoch: [48]  [800/809]  eta: 0:00:09  lr: 0.000100  loss: 9.4987 (9.6224)  loss_bbox: 0.0616 (0.0761)  loss_bbox_aux_0: 0.0665 (0.0799)  loss_bbox_aux_1: 0.0646 (0.0774)  loss_bbox_aux_2: 0.0803 (0.0910)  loss_bbox_dn_0: 0.0433 (0.0525)  loss_bbox_dn_1: 0.0351 (0.0432)  loss_bbox_dn_2: 0.0341 (0.0420)  loss_giou: 0.7827 (0.8654)  loss_giou_aux_0: 0.8231 (0.8901)  loss_giou_aux_1: 0.8020 (0.8731)  loss_giou_aux_2: 0.8822 (0.9545)  loss_giou_dn_0: 0.7377 (0.7319)  loss_giou_dn_1: 0.6551 (0.6502)  loss_giou_dn_2: 0.6381 (0.6409)  loss_vfl: 0.5360 (0.5308)  loss_vfl_aux_0: 0.5494 (0.5516)  loss_vfl_aux_1: 0.5449 (0.5403)  loss_vfl_aux_2: 0.5571 (0.5683)  loss_vfl_dn_0: 0.4753 (0.4741)  loss_vfl_dn_1: 0.4493 (0.4475)  loss_vfl_dn_2: 0.4443 (0.4416)  time: 1.1144  data: 0.0269  max mem: 9562
Epoch: [48]  [808/809]  eta: 0:00:01  lr: 0.000100  loss: 9.4473 (9.6194)  loss_bbox: 0.0647 (0.0761)  loss_bbox_aux_0: 0.0694 (0.0799)  loss_bbox_aux_1: 0.0651 (0.0774)  loss_bbox_aux_2: 0.0804 (0.0910)  loss_bbox_dn_0: 0.0457 (0.0525)  loss_bbox_dn_1: 0.0374 (0.0432)  loss_bbox_dn_2: 0.0362 (0.0420)  loss_giou: 0.7725 (0.8649)  loss_giou_aux_0: 0.7965 (0.8896)  loss_giou_aux_1: 0.7789 (0.8726)  loss_giou_aux_2: 0.8606 (0.9541)  loss_giou_dn_0: 0.7217 (0.7316)  loss_giou_dn_1: 0.6352 (0.6500)  loss_giou_dn_2: 0.6278 (0.6407)  loss_vfl: 0.5358 (0.5308)  loss_vfl_aux_0: 0.5615 (0.5516)  loss_vfl_aux_1: 0.5449 (0.5403)  loss_vfl_aux_2: 0.5768 (0.5683)  loss_vfl_dn_0: 0.4727 (0.4741)  loss_vfl_dn_1: 0.4480 (0.4474)  loss_vfl_dn_2: 0.4431 (0.4415)  time: 0.9899  data: 0.0253  max mem: 9562
Epoch: [48] Total time: 0:14:43 (1.0922 s / it)
Averaged stats: lr: 0.000100  loss: 9.4473 (9.6194)  loss_bbox: 0.0647 (0.0761)  loss_bbox_aux_0: 0.0694 (0.0799)  loss_bbox_aux_1: 0.0651 (0.0774)  loss_bbox_aux_2: 0.0804 (0.0910)  loss_bbox_dn_0: 0.0457 (0.0525)  loss_bbox_dn_1: 0.0374 (0.0432)  loss_bbox_dn_2: 0.0362 (0.0420)  loss_giou: 0.7725 (0.8649)  loss_giou_aux_0: 0.7965 (0.8896)  loss_giou_aux_1: 0.7789 (0.8726)  loss_giou_aux_2: 0.8606 (0.9541)  loss_giou_dn_0: 0.7217 (0.7316)  loss_giou_dn_1: 0.6352 (0.6500)  loss_giou_dn_2: 0.6278 (0.6407)  loss_vfl: 0.5358 (0.5308)  loss_vfl_aux_0: 0.5615 (0.5516)  loss_vfl_aux_1: 0.5449 (0.5403)  loss_vfl_aux_2: 0.5768 (0.5683)  loss_vfl_dn_0: 0.4727 (0.4741)  loss_vfl_dn_1: 0.4480 (0.4474)  loss_vfl_dn_2: 0.4431 (0.4415)
Test:  [ 0/69]  eta: 0:01:50    time: 1.5982  data: 0.9491  max mem: 9562
Test:  [10/69]  eta: 0:00:44    time: 0.7568  data: 0.1039  max mem: 9562
Test:  [20/69]  eta: 0:00:35    time: 0.6873  data: 0.0213  max mem: 9562
Test:  [30/69]  eta: 0:00:28    time: 0.7120  data: 0.0225  max mem: 9562
Test:  [40/69]  eta: 0:00:20    time: 0.6680  data: 0.0214  max mem: 9562
Test:  [50/69]  eta: 0:00:12    time: 0.6043  data: 0.0220  max mem: 9562
Test:  [60/69]  eta: 0:00:05    time: 0.5772  data: 0.0224  max mem: 9562
Test:  [68/69]  eta: 0:00:00    time: 0.5856  data: 0.0203  max mem: 9562
Test: Total time: 0:00:45 (0.6575 s / it)
Averaged stats: 
Accumulating evaluation results...
DONE (t=2.06s).
IoU metric: bbox
 Average Precision  (AP) @[ IoU=0.50:0.95 | area=   all | maxDets=100 ] = 0.243
 Average Precision  (AP) @[ IoU=0.50      | area=   all | maxDets=100 ] = 0.393
 Average Precision  (AP) @[ IoU=0.75      | area=   all | maxDets=100 ] = 0.251
 Average Precision  (AP) @[ IoU=0.50:0.95 | area= small | maxDets=100 ] = 0.166
 Average Precision  (AP) @[ IoU=0.50:0.95 | area=medium | maxDets=100 ] = 0.324
 Average Precision  (AP) @[ IoU=0.50:0.95 | area= large | maxDets=100 ] = 0.433
 Average Recall     (AR) @[ IoU=0.50:0.95 | area=   all | maxDets=  1 ] = 0.107
 Average Recall     (AR) @[ IoU=0.50:0.95 | area=   all | maxDets= 10 ] = 0.297
 Average Recall     (AR) @[ IoU=0.50:0.95 | area=   all | maxDets=100 ] = 0.402
 Average Recall     (AR) @[ IoU=0.50:0.95 | area= small | maxDets=100 ] = 0.320
 Average Recall     (AR) @[ IoU=0.50:0.95 | area=medium | maxDets=100 ] = 0.505
 Average Recall     (AR) @[ IoU=0.50:0.95 | area= large | maxDets=100 ] = 0.590
best_stat:  {'epoch': 48, 'coco_eval_bbox': 0.24309644298062943}
Epoch: [49]  [  0/809]  eta: 1:16:52  lr: 0.000100  loss: 8.6707 (8.6707)  loss_bbox: 0.0633 (0.0633)  loss_bbox_aux_0: 0.0641 (0.0641)  loss_bbox_aux_1: 0.0645 (0.0645)  loss_bbox_aux_2: 0.0756 (0.0756)  loss_bbox_dn_0: 0.0430 (0.0430)  loss_bbox_dn_1: 0.0349 (0.0349)  loss_bbox_dn_2: 0.0342 (0.0342)  loss_giou: 0.7077 (0.7077)  loss_giou_aux_0: 0.7250 (0.7250)  loss_giou_aux_1: 0.7166 (0.7166)  loss_giou_aux_2: 0.8197 (0.8197)  loss_giou_dn_0: 0.6038 (0.6038)  loss_giou_dn_1: 0.5328 (0.5328)  loss_giou_dn_2: 0.5235 (0.5235)  loss_vfl: 0.5756 (0.5756)  loss_vfl_aux_0: 0.5961 (0.5961)  loss_vfl_aux_1: 0.5845 (0.5845)  loss_vfl_aux_2: 0.6073 (0.6073)  loss_vfl_dn_0: 0.4631 (0.4631)  loss_vfl_dn_1: 0.4185 (0.4185)  loss_vfl_dn_2: 0.4171 (0.4171)  time: 5.7015  data: 3.4724  max mem: 9562
Epoch: [49]  [100/809]  eta: 0:13:39  lr: 0.000100  loss: 9.3076 (9.4644)  loss_bbox: 0.0686 (0.0725)  loss_bbox_aux_0: 0.0729 (0.0763)  loss_bbox_aux_1: 0.0720 (0.0736)  loss_bbox_aux_2: 0.0860 (0.0880)  loss_bbox_dn_0: 0.0527 (0.0508)  loss_bbox_dn_1: 0.0422 (0.0417)  loss_bbox_dn_2: 0.0411 (0.0405)  loss_giou: 0.7728 (0.8396)  loss_giou_aux_0: 0.8097 (0.8637)  loss_giou_aux_1: 0.7850 (0.8460)  loss_giou_aux_2: 0.9244 (0.9298)  loss_giou_dn_0: 0.6928 (0.7163)  loss_giou_dn_1: 0.6083 (0.6343)  loss_giou_dn_2: 0.5959 (0.6240)  loss_vfl: 0.5360 (0.5341)  loss_vfl_aux_0: 0.5515 (0.5568)  loss_vfl_aux_1: 0.5452 (0.5459)  loss_vfl_aux_2: 0.5830 (0.5725)  loss_vfl_dn_0: 0.4667 (0.4718)  loss_vfl_dn_1: 0.4443 (0.4460)  loss_vfl_dn_2: 0.4419 (0.4402)  time: 1.1029  data: 0.0298  max mem: 9562
Epoch: [49]  [200/809]  eta: 0:11:25  lr: 0.000100  loss: 9.3077 (9.5084)  loss_bbox: 0.0603 (0.0749)  loss_bbox_aux_0: 0.0655 (0.0794)  loss_bbox_aux_1: 0.0627 (0.0763)  loss_bbox_aux_2: 0.0760 (0.0906)  loss_bbox_dn_0: 0.0489 (0.0529)  loss_bbox_dn_1: 0.0416 (0.0435)  loss_bbox_dn_2: 0.0402 (0.0422)  loss_giou: 0.7649 (0.8418)  loss_giou_aux_0: 0.7978 (0.8667)  loss_giou_aux_1: 0.7849 (0.8490)  loss_giou_aux_2: 0.8729 (0.9336)  loss_giou_dn_0: 0.7092 (0.7209)  loss_giou_dn_1: 0.6301 (0.6386)  loss_giou_dn_2: 0.6264 (0.6287)  loss_vfl: 0.5635 (0.5344)  loss_vfl_aux_0: 0.5808 (0.5559)  loss_vfl_aux_1: 0.5747 (0.5451)  loss_vfl_aux_2: 0.6121 (0.5729)  loss_vfl_dn_0: 0.4772 (0.4733)  loss_vfl_dn_1: 0.4444 (0.4467)  loss_vfl_dn_2: 0.4386 (0.4409)  time: 1.1311  data: 0.0289  max mem: 9562
Epoch: [49]  [300/809]  eta: 0:09:27  lr: 0.000100  loss: 9.5961 (9.5862)  loss_bbox: 0.0731 (0.0756)  loss_bbox_aux_0: 0.0769 (0.0802)  loss_bbox_aux_1: 0.0719 (0.0771)  loss_bbox_aux_2: 0.0873 (0.0907)  loss_bbox_dn_0: 0.0515 (0.0523)  loss_bbox_dn_1: 0.0417 (0.0430)  loss_bbox_dn_2: 0.0412 (0.0418)  loss_giou: 0.8417 (0.8586)  loss_giou_aux_0: 0.8770 (0.8832)  loss_giou_aux_1: 0.8596 (0.8660)  loss_giou_aux_2: 0.9677 (0.9515)  loss_giou_dn_0: 0.7435 (0.7283)  loss_giou_dn_1: 0.6524 (0.6459)  loss_giou_dn_2: 0.6442 (0.6360)  loss_vfl: 0.5321 (0.5319)  loss_vfl_aux_0: 0.5474 (0.5520)  loss_vfl_aux_1: 0.5355 (0.5416)  loss_vfl_aux_2: 0.5565 (0.5675)  loss_vfl_dn_0: 0.4783 (0.4734)  loss_vfl_dn_1: 0.4536 (0.4476)  loss_vfl_dn_2: 0.4470 (0.4421)  time: 1.1190  data: 0.0268  max mem: 9562
Epoch: [49]  [400/809]  eta: 0:07:35  lr: 0.000100  loss: 9.3939 (9.5723)  loss_bbox: 0.0663 (0.0752)  loss_bbox_aux_0: 0.0715 (0.0796)  loss_bbox_aux_1: 0.0667 (0.0765)  loss_bbox_aux_2: 0.0833 (0.0897)  loss_bbox_dn_0: 0.0498 (0.0521)  loss_bbox_dn_1: 0.0403 (0.0429)  loss_bbox_dn_2: 0.0394 (0.0417)  loss_giou: 0.8089 (0.8551)  loss_giou_aux_0: 0.8310 (0.8794)  loss_giou_aux_1: 0.8153 (0.8625)  loss_giou_aux_2: 0.9230 (0.9474)  loss_giou_dn_0: 0.7173 (0.7284)  loss_giou_dn_1: 0.6339 (0.6459)  loss_giou_dn_2: 0.6248 (0.6361)  loss_vfl: 0.5355 (0.5331)  loss_vfl_aux_0: 0.5535 (0.5532)  loss_vfl_aux_1: 0.5396 (0.5427)  loss_vfl_aux_2: 0.5637 (0.5680)  loss_vfl_dn_0: 0.4714 (0.4735)  loss_vfl_dn_1: 0.4452 (0.4474)  loss_vfl_dn_2: 0.4423 (0.4418)  time: 1.0993  data: 0.0291  max mem: 9562
Epoch: [49]  [500/809]  eta: 0:05:42  lr: 0.000100  loss: 9.6342 (9.5889)  loss_bbox: 0.0708 (0.0755)  loss_bbox_aux_0: 0.0756 (0.0798)  loss_bbox_aux_1: 0.0723 (0.0768)  loss_bbox_aux_2: 0.0834 (0.0898)  loss_bbox_dn_0: 0.0495 (0.0521)  loss_bbox_dn_1: 0.0410 (0.0429)  loss_bbox_dn_2: 0.0403 (0.0417)  loss_giou: 0.8594 (0.8592)  loss_giou_aux_0: 0.8873 (0.8834)  loss_giou_aux_1: 0.8656 (0.8665)  loss_giou_aux_2: 0.9434 (0.9500)  loss_giou_dn_0: 0.7585 (0.7309)  loss_giou_dn_1: 0.6581 (0.6484)  loss_giou_dn_2: 0.6534 (0.6386)  loss_vfl: 0.5137 (0.5319)  loss_vfl_aux_0: 0.5341 (0.5514)  loss_vfl_aux_1: 0.5283 (0.5412)  loss_vfl_aux_2: 0.5369 (0.5661)  loss_vfl_dn_0: 0.4602 (0.4733)  loss_vfl_dn_1: 0.4435 (0.4475)  loss_vfl_dn_2: 0.4373 (0.4420)  time: 1.1068  data: 0.0307  max mem: 9562
Epoch: [49]  [600/809]  eta: 0:03:50  lr: 0.000100  loss: 9.5773 (9.5959)  loss_bbox: 0.0675 (0.0753)  loss_bbox_aux_0: 0.0721 (0.0796)  loss_bbox_aux_1: 0.0688 (0.0766)  loss_bbox_aux_2: 0.0835 (0.0897)  loss_bbox_dn_0: 0.0439 (0.0516)  loss_bbox_dn_1: 0.0366 (0.0425)  loss_bbox_dn_2: 0.0358 (0.0413)  loss_giou: 0.8594 (0.8619)  loss_giou_aux_0: 0.9031 (0.8867)  loss_giou_aux_1: 0.8754 (0.8694)  loss_giou_aux_2: 0.9714 (0.9531)  loss_giou_dn_0: 0.7478 (0.7312)  loss_giou_dn_1: 0.6617 (0.6488)  loss_giou_dn_2: 0.6542 (0.6391)  loss_vfl: 0.5128 (0.5309)  loss_vfl_aux_0: 0.5247 (0.5505)  loss_vfl_aux_1: 0.5175 (0.5403)  loss_vfl_aux_2: 0.5469 (0.5651)  loss_vfl_dn_0: 0.4664 (0.4733)  loss_vfl_dn_1: 0.4404 (0.4473)  loss_vfl_dn_2: 0.4330 (0.4418)  time: 1.0915  data: 0.0310  max mem: 9562
Epoch: [49]  [700/809]  eta: 0:01:59  lr: 0.000100  loss: 9.7310 (9.6181)  loss_bbox: 0.0742 (0.0758)  loss_bbox_aux_0: 0.0796 (0.0801)  loss_bbox_aux_1: 0.0753 (0.0770)  loss_bbox_aux_2: 0.0884 (0.0902)  loss_bbox_dn_0: 0.0510 (0.0519)  loss_bbox_dn_1: 0.0436 (0.0427)  loss_bbox_dn_2: 0.0423 (0.0415)  loss_giou: 0.8618 (0.8647)  loss_giou_aux_0: 0.8796 (0.8902)  loss_giou_aux_1: 0.8624 (0.8725)  loss_giou_aux_2: 0.9287 (0.9563)  loss_giou_dn_0: 0.7571 (0.7333)  loss_giou_dn_1: 0.6673 (0.6508)  loss_giou_dn_2: 0.6617 (0.6409)  loss_vfl: 0.5280 (0.5312)  loss_vfl_aux_0: 0.5464 (0.5506)  loss_vfl_aux_1: 0.5415 (0.5405)  loss_vfl_aux_2: 0.5601 (0.5650)  loss_vfl_dn_0: 0.4724 (0.4734)  loss_vfl_dn_1: 0.4537 (0.4474)  loss_vfl_dn_2: 0.4447 (0.4419)  time: 1.0840  data: 0.0291  max mem: 9562
Epoch: [49]  [800/809]  eta: 0:00:09  lr: 0.000100  loss: 9.7814 (9.6030)  loss_bbox: 0.0691 (0.0757)  loss_bbox_aux_0: 0.0730 (0.0800)  loss_bbox_aux_1: 0.0707 (0.0770)  loss_bbox_aux_2: 0.0837 (0.0901)  loss_bbox_dn_0: 0.0475 (0.0520)  loss_bbox_dn_1: 0.0384 (0.0427)  loss_bbox_dn_2: 0.0369 (0.0416)  loss_giou: 0.8584 (0.8620)  loss_giou_aux_0: 0.8812 (0.8874)  loss_giou_aux_1: 0.8708 (0.8699)  loss_giou_aux_2: 0.9635 (0.9526)  loss_giou_dn_0: 0.7498 (0.7317)  loss_giou_dn_1: 0.6690 (0.6488)  loss_giou_dn_2: 0.6584 (0.6390)  loss_vfl: 0.5227 (0.5314)  loss_vfl_aux_0: 0.5513 (0.5509)  loss_vfl_aux_1: 0.5289 (0.5406)  loss_vfl_aux_2: 0.5677 (0.5666)  loss_vfl_dn_0: 0.4700 (0.4735)  loss_vfl_dn_1: 0.4469 (0.4475)  loss_vfl_dn_2: 0.4420 (0.4420)  time: 1.0977  data: 0.0295  max mem: 9562
Epoch: [49]  [808/809]  eta: 0:00:01  lr: 0.000100  loss: 9.7814 (9.6070)  loss_bbox: 0.0735 (0.0758)  loss_bbox_aux_0: 0.0757 (0.0800)  loss_bbox_aux_1: 0.0742 (0.0770)  loss_bbox_aux_2: 0.0887 (0.0901)  loss_bbox_dn_0: 0.0448 (0.0521)  loss_bbox_dn_1: 0.0370 (0.0427)  loss_bbox_dn_2: 0.0362 (0.0416)  loss_giou: 0.8819 (0.8629)  loss_giou_aux_0: 0.9163 (0.8883)  loss_giou_aux_1: 0.9023 (0.8707)  loss_giou_aux_2: 0.9794 (0.9535)  loss_giou_dn_0: 0.7446 (0.7319)  loss_giou_dn_1: 0.6654 (0.6491)  loss_giou_dn_2: 0.6551 (0.6393)  loss_vfl: 0.5305 (0.5314)  loss_vfl_aux_0: 0.5536 (0.5508)  loss_vfl_aux_1: 0.5494 (0.5405)  loss_vfl_aux_2: 0.5715 (0.5665)  loss_vfl_dn_0: 0.4760 (0.4735)  loss_vfl_dn_1: 0.4452 (0.4475)  loss_vfl_dn_2: 0.4403 (0.4420)  time: 0.9683  data: 0.0285  max mem: 9562
Epoch: [49] Total time: 0:14:46 (1.0960 s / it)
Averaged stats: lr: 0.000100  loss: 9.7814 (9.6070)  loss_bbox: 0.0735 (0.0758)  loss_bbox_aux_0: 0.0757 (0.0800)  loss_bbox_aux_1: 0.0742 (0.0770)  loss_bbox_aux_2: 0.0887 (0.0901)  loss_bbox_dn_0: 0.0448 (0.0521)  loss_bbox_dn_1: 0.0370 (0.0427)  loss_bbox_dn_2: 0.0362 (0.0416)  loss_giou: 0.8819 (0.8629)  loss_giou_aux_0: 0.9163 (0.8883)  loss_giou_aux_1: 0.9023 (0.8707)  loss_giou_aux_2: 0.9794 (0.9535)  loss_giou_dn_0: 0.7446 (0.7319)  loss_giou_dn_1: 0.6654 (0.6491)  loss_giou_dn_2: 0.6551 (0.6393)  loss_vfl: 0.5305 (0.5314)  loss_vfl_aux_0: 0.5536 (0.5508)  loss_vfl_aux_1: 0.5494 (0.5405)  loss_vfl_aux_2: 0.5715 (0.5665)  loss_vfl_dn_0: 0.4760 (0.4735)  loss_vfl_dn_1: 0.4452 (0.4475)  loss_vfl_dn_2: 0.4403 (0.4420)
Test:  [ 0/69]  eta: 0:01:24    time: 1.2176  data: 0.6282  max mem: 9562
Test:  [10/69]  eta: 0:00:42    time: 0.7285  data: 0.0789  max mem: 9562
Test:  [20/69]  eta: 0:00:34    time: 0.6886  data: 0.0226  max mem: 9562
Test:  [30/69]  eta: 0:00:28    time: 0.7146  data: 0.0213  max mem: 9562
Test:  [40/69]  eta: 0:00:20    time: 0.6694  data: 0.0219  max mem: 9562
Test:  [50/69]  eta: 0:00:12    time: 0.5948  data: 0.0218  max mem: 9562
Test:  [60/69]  eta: 0:00:05    time: 0.5740  data: 0.0223  max mem: 9562
Test:  [68/69]  eta: 0:00:00    time: 0.5802  data: 0.0220  max mem: 9562
Test: Total time: 0:00:44 (0.6503 s / it)
Averaged stats: 
Accumulating evaluation results...
DONE (t=2.02s).
IoU metric: bbox
 Average Precision  (AP) @[ IoU=0.50:0.95 | area=   all | maxDets=100 ] = 0.244
 Average Precision  (AP) @[ IoU=0.50      | area=   all | maxDets=100 ] = 0.393
 Average Precision  (AP) @[ IoU=0.75      | area=   all | maxDets=100 ] = 0.251
 Average Precision  (AP) @[ IoU=0.50:0.95 | area= small | maxDets=100 ] = 0.167
 Average Precision  (AP) @[ IoU=0.50:0.95 | area=medium | maxDets=100 ] = 0.325
 Average Precision  (AP) @[ IoU=0.50:0.95 | area= large | maxDets=100 ] = 0.427
 Average Recall     (AR) @[ IoU=0.50:0.95 | area=   all | maxDets=  1 ] = 0.107
 Average Recall     (AR) @[ IoU=0.50:0.95 | area=   all | maxDets= 10 ] = 0.298
 Average Recall     (AR) @[ IoU=0.50:0.95 | area=   all | maxDets=100 ] = 0.403
 Average Recall     (AR) @[ IoU=0.50:0.95 | area= small | maxDets=100 ] = 0.322
 Average Recall     (AR) @[ IoU=0.50:0.95 | area=medium | maxDets=100 ] = 0.506
 Average Recall     (AR) @[ IoU=0.50:0.95 | area= large | maxDets=100 ] = 0.594
best_stat:  {'epoch': 49, 'coco_eval_bbox': 0.24376878878945565}
Epoch: [50]  [  0/809]  eta: 1:18:14  lr: 0.000100  loss: 10.2598 (10.2598)  loss_bbox: 0.0862 (0.0862)  loss_bbox_aux_0: 0.0936 (0.0936)  loss_bbox_aux_1: 0.0940 (0.0940)  loss_bbox_aux_2: 0.0982 (0.0982)  loss_bbox_dn_0: 0.0455 (0.0455)  loss_bbox_dn_1: 0.0389 (0.0389)  loss_bbox_dn_2: 0.0379 (0.0379)  loss_giou: 1.0357 (1.0357)  loss_giou_aux_0: 1.0796 (1.0796)  loss_giou_aux_1: 1.0620 (1.0620)  loss_giou_aux_2: 1.1305 (1.1305)  loss_giou_dn_0: 0.7790 (0.7790)  loss_giou_dn_1: 0.7226 (0.7226)  loss_giou_dn_2: 0.7074 (0.7074)  loss_vfl: 0.4714 (0.4714)  loss_vfl_aux_0: 0.4823 (0.4823)  loss_vfl_aux_1: 0.4745 (0.4745)  loss_vfl_aux_2: 0.4949 (0.4949)  loss_vfl_dn_0: 0.4645 (0.4645)  loss_vfl_dn_1: 0.4313 (0.4313)  loss_vfl_dn_2: 0.4297 (0.4297)  time: 5.8028  data: 2.6558  max mem: 9562
Epoch: [50]  [100/809]  eta: 0:13:52  lr: 0.000100  loss: 9.4757 (9.5798)  loss_bbox: 0.0626 (0.0745)  loss_bbox_aux_0: 0.0678 (0.0775)  loss_bbox_aux_1: 0.0651 (0.0755)  loss_bbox_aux_2: 0.0803 (0.0882)  loss_bbox_dn_0: 0.0471 (0.0512)  loss_bbox_dn_1: 0.0379 (0.0421)  loss_bbox_dn_2: 0.0370 (0.0409)  loss_giou: 0.8089 (0.8609)  loss_giou_aux_0: 0.8193 (0.8822)  loss_giou_aux_1: 0.8095 (0.8677)  loss_giou_aux_2: 0.8683 (0.9460)  loss_giou_dn_0: 0.7143 (0.7273)  loss_giou_dn_1: 0.6372 (0.6483)  loss_giou_dn_2: 0.6234 (0.6390)  loss_vfl: 0.5408 (0.5317)  loss_vfl_aux_0: 0.5677 (0.5544)  loss_vfl_aux_1: 0.5614 (0.5433)  loss_vfl_aux_2: 0.5957 (0.5701)  loss_vfl_dn_0: 0.4787 (0.4741)  loss_vfl_dn_1: 0.4509 (0.4456)  loss_vfl_dn_2: 0.4451 (0.4391)  time: 1.1394  data: 0.0323  max mem: 9562
Epoch: [50]  [200/809]  eta: 0:11:22  lr: 0.000100  loss: 9.6671 (9.5918)  loss_bbox: 0.0835 (0.0772)  loss_bbox_aux_0: 0.0863 (0.0801)  loss_bbox_aux_1: 0.0841 (0.0785)  loss_bbox_aux_2: 0.0991 (0.0909)  loss_bbox_dn_0: 0.0527 (0.0515)  loss_bbox_dn_1: 0.0444 (0.0425)  loss_bbox_dn_2: 0.0430 (0.0414)  loss_giou: 0.8492 (0.8651)  loss_giou_aux_0: 0.8899 (0.8893)  loss_giou_aux_1: 0.8524 (0.8715)  loss_giou_aux_2: 0.9643 (0.9544)  loss_giou_dn_0: 0.7297 (0.7264)  loss_giou_dn_1: 0.6501 (0.6464)  loss_giou_dn_2: 0.6408 (0.6370)  loss_vfl: 0.5131 (0.5281)  loss_vfl_aux_0: 0.5482 (0.5495)  loss_vfl_aux_1: 0.5249 (0.5376)  loss_vfl_aux_2: 0.5516 (0.5649)  loss_vfl_dn_0: 0.4808 (0.4738)  loss_vfl_dn_1: 0.4580 (0.4461)  loss_vfl_dn_2: 0.4523 (0.4399)  time: 1.1000  data: 0.0313  max mem: 9562
Epoch: [50]  [300/809]  eta: 0:09:28  lr: 0.000100  loss: 9.8472 (9.5721)  loss_bbox: 0.0686 (0.0764)  loss_bbox_aux_0: 0.0687 (0.0792)  loss_bbox_aux_1: 0.0691 (0.0780)  loss_bbox_aux_2: 0.0820 (0.0902)  loss_bbox_dn_0: 0.0505 (0.0512)  loss_bbox_dn_1: 0.0398 (0.0421)  loss_bbox_dn_2: 0.0381 (0.0410)  loss_giou: 0.8965 (0.8628)  loss_giou_aux_0: 0.9201 (0.8859)  loss_giou_aux_1: 0.9028 (0.8693)  loss_giou_aux_2: 0.9974 (0.9525)  loss_giou_dn_0: 0.7327 (0.7239)  loss_giou_dn_1: 0.6670 (0.6439)  loss_giou_dn_2: 0.6585 (0.6344)  loss_vfl: 0.5198 (0.5281)  loss_vfl_aux_0: 0.5459 (0.5500)  loss_vfl_aux_1: 0.5320 (0.5374)  loss_vfl_aux_2: 0.5619 (0.5656)  loss_vfl_dn_0: 0.4694 (0.4740)  loss_vfl_dn_1: 0.4445 (0.4461)  loss_vfl_dn_2: 0.4381 (0.4400)  time: 1.1182  data: 0.0308  max mem: 9562
Epoch: [50]  [400/809]  eta: 0:07:34  lr: 0.000100  loss: 9.1907 (9.5380)  loss_bbox: 0.0667 (0.0757)  loss_bbox_aux_0: 0.0698 (0.0790)  loss_bbox_aux_1: 0.0679 (0.0773)  loss_bbox_aux_2: 0.0770 (0.0902)  loss_bbox_dn_0: 0.0497 (0.0512)  loss_bbox_dn_1: 0.0388 (0.0421)  loss_bbox_dn_2: 0.0375 (0.0410)  loss_giou: 0.7792 (0.8553)  loss_giou_aux_0: 0.7811 (0.8795)  loss_giou_aux_1: 0.7804 (0.8619)  loss_giou_aux_2: 0.8667 (0.9461)  loss_giou_dn_0: 0.7035 (0.7213)  loss_giou_dn_1: 0.6258 (0.6413)  loss_giou_dn_2: 0.6080 (0.6320)  loss_vfl: 0.5566 (0.5286)  loss_vfl_aux_0: 0.5691 (0.5509)  loss_vfl_aux_1: 0.5684 (0.5382)  loss_vfl_aux_2: 0.6006 (0.5664)  loss_vfl_dn_0: 0.4718 (0.4741)  loss_vfl_dn_1: 0.4412 (0.4460)  loss_vfl_dn_2: 0.4375 (0.4400)  time: 1.1467  data: 0.0262  max mem: 9562
Epoch: [50]  [500/809]  eta: 0:05:43  lr: 0.000100  loss: 9.3929 (9.5489)  loss_bbox: 0.0725 (0.0756)  loss_bbox_aux_0: 0.0770 (0.0794)  loss_bbox_aux_1: 0.0743 (0.0771)  loss_bbox_aux_2: 0.0841 (0.0903)  loss_bbox_dn_0: 0.0450 (0.0512)  loss_bbox_dn_1: 0.0363 (0.0421)  loss_bbox_dn_2: 0.0352 (0.0410)  loss_giou: 0.8471 (0.8575)  loss_giou_aux_0: 0.8926 (0.8818)  loss_giou_aux_1: 0.8600 (0.8641)  loss_giou_aux_2: 0.9450 (0.9480)  loss_giou_dn_0: 0.7221 (0.7222)  loss_giou_dn_1: 0.6309 (0.6418)  loss_giou_dn_2: 0.6163 (0.6325)  loss_vfl: 0.5215 (0.5288)  loss_vfl_aux_0: 0.5403 (0.5505)  loss_vfl_aux_1: 0.5381 (0.5384)  loss_vfl_aux_2: 0.5369 (0.5660)  loss_vfl_dn_0: 0.4750 (0.4742)  loss_vfl_dn_1: 0.4407 (0.4462)  loss_vfl_dn_2: 0.4369 (0.4402)  time: 1.1271  data: 0.0271  max mem: 9562
Epoch: [50]  [600/809]  eta: 0:03:51  lr: 0.000100  loss: 9.0971 (9.5451)  loss_bbox: 0.0639 (0.0748)  loss_bbox_aux_0: 0.0654 (0.0788)  loss_bbox_aux_1: 0.0658 (0.0763)  loss_bbox_aux_2: 0.0811 (0.0896)  loss_bbox_dn_0: 0.0468 (0.0513)  loss_bbox_dn_1: 0.0377 (0.0422)  loss_bbox_dn_2: 0.0367 (0.0411)  loss_giou: 0.7764 (0.8562)  loss_giou_aux_0: 0.7947 (0.8805)  loss_giou_aux_1: 0.7900 (0.8627)  loss_giou_aux_2: 0.9034 (0.9467)  loss_giou_dn_0: 0.6932 (0.7235)  loss_giou_dn_1: 0.6127 (0.6431)  loss_giou_dn_2: 0.6008 (0.6337)  loss_vfl: 0.5391 (0.5291)  loss_vfl_aux_0: 0.5607 (0.5509)  loss_vfl_aux_1: 0.5458 (0.5389)  loss_vfl_aux_2: 0.5679 (0.5659)  loss_vfl_dn_0: 0.4659 (0.4739)  loss_vfl_dn_1: 0.4407 (0.4459)  loss_vfl_dn_2: 0.4340 (0.4399)  time: 1.0906  data: 0.0266  max mem: 9562
Epoch: [50]  [700/809]  eta: 0:02:01  lr: 0.000100  loss: 9.6892 (9.5823)  loss_bbox: 0.0714 (0.0756)  loss_bbox_aux_0: 0.0815 (0.0795)  loss_bbox_aux_1: 0.0722 (0.0770)  loss_bbox_aux_2: 0.0898 (0.0903)  loss_bbox_dn_0: 0.0451 (0.0511)  loss_bbox_dn_1: 0.0367 (0.0420)  loss_bbox_dn_2: 0.0358 (0.0409)  loss_giou: 0.9196 (0.8644)  loss_giou_aux_0: 0.9349 (0.8886)  loss_giou_aux_1: 0.9228 (0.8710)  loss_giou_aux_2: 0.9809 (0.9539)  loss_giou_dn_0: 0.7572 (0.7269)  loss_giou_dn_1: 0.6842 (0.6466)  loss_giou_dn_2: 0.6727 (0.6373)  loss_vfl: 0.4966 (0.5274)  loss_vfl_aux_0: 0.5104 (0.5485)  loss_vfl_aux_1: 0.5038 (0.5370)  loss_vfl_aux_2: 0.5227 (0.5637)  loss_vfl_dn_0: 0.4717 (0.4738)  loss_vfl_dn_1: 0.4498 (0.4464)  loss_vfl_dn_2: 0.4451 (0.4404)  time: 1.1366  data: 0.0281  max mem: 9562
Epoch: [50]  [800/809]  eta: 0:00:09  lr: 0.000100  loss: 9.6118 (9.5771)  loss_bbox: 0.0739 (0.0754)  loss_bbox_aux_0: 0.0757 (0.0794)  loss_bbox_aux_1: 0.0739 (0.0767)  loss_bbox_aux_2: 0.0849 (0.0897)  loss_bbox_dn_0: 0.0481 (0.0508)  loss_bbox_dn_1: 0.0401 (0.0418)  loss_bbox_dn_2: 0.0386 (0.0407)  loss_giou: 0.8713 (0.8645)  loss_giou_aux_0: 0.8955 (0.8888)  loss_giou_aux_1: 0.8782 (0.8711)  loss_giou_aux_2: 0.9434 (0.9533)  loss_giou_dn_0: 0.7286 (0.7265)  loss_giou_dn_1: 0.6588 (0.6463)  loss_giou_dn_2: 0.6468 (0.6370)  loss_vfl: 0.5427 (0.5268)  loss_vfl_aux_0: 0.5630 (0.5480)  loss_vfl_aux_1: 0.5486 (0.5362)  loss_vfl_aux_2: 0.5815 (0.5638)  loss_vfl_dn_0: 0.4735 (0.4737)  loss_vfl_dn_1: 0.4466 (0.4463)  loss_vfl_dn_2: 0.4429 (0.4403)  time: 1.0697  data: 0.0275  max mem: 9562
Epoch: [50]  [808/809]  eta: 0:00:01  lr: 0.000100  loss: 9.6311 (9.5746)  loss_bbox: 0.0733 (0.0753)  loss_bbox_aux_0: 0.0762 (0.0793)  loss_bbox_aux_1: 0.0742 (0.0767)  loss_bbox_aux_2: 0.0849 (0.0897)  loss_bbox_dn_0: 0.0530 (0.0509)  loss_bbox_dn_1: 0.0423 (0.0418)  loss_bbox_dn_2: 0.0419 (0.0407)  loss_giou: 0.8206 (0.8640)  loss_giou_aux_0: 0.8588 (0.8883)  loss_giou_aux_1: 0.8248 (0.8706)  loss_giou_aux_2: 0.9230 (0.9529)  loss_giou_dn_0: 0.7093 (0.7264)  loss_giou_dn_1: 0.6304 (0.6462)  loss_giou_dn_2: 0.6221 (0.6369)  loss_vfl: 0.5452 (0.5268)  loss_vfl_aux_0: 0.5654 (0.5480)  loss_vfl_aux_1: 0.5470 (0.5361)  loss_vfl_aux_2: 0.5906 (0.5639)  loss_vfl_dn_0: 0.4724 (0.4736)  loss_vfl_dn_1: 0.4376 (0.4461)  loss_vfl_dn_2: 0.4331 (0.4402)  time: 0.9526  data: 0.0261  max mem: 9562
Epoch: [50] Total time: 0:14:54 (1.1051 s / it)
Averaged stats: lr: 0.000100  loss: 9.6311 (9.5746)  loss_bbox: 0.0733 (0.0753)  loss_bbox_aux_0: 0.0762 (0.0793)  loss_bbox_aux_1: 0.0742 (0.0767)  loss_bbox_aux_2: 0.0849 (0.0897)  loss_bbox_dn_0: 0.0530 (0.0509)  loss_bbox_dn_1: 0.0423 (0.0418)  loss_bbox_dn_2: 0.0419 (0.0407)  loss_giou: 0.8206 (0.8640)  loss_giou_aux_0: 0.8588 (0.8883)  loss_giou_aux_1: 0.8248 (0.8706)  loss_giou_aux_2: 0.9230 (0.9529)  loss_giou_dn_0: 0.7093 (0.7264)  loss_giou_dn_1: 0.6304 (0.6462)  loss_giou_dn_2: 0.6221 (0.6369)  loss_vfl: 0.5452 (0.5268)  loss_vfl_aux_0: 0.5654 (0.5480)  loss_vfl_aux_1: 0.5470 (0.5361)  loss_vfl_aux_2: 0.5906 (0.5639)  loss_vfl_dn_0: 0.4724 (0.4736)  loss_vfl_dn_1: 0.4376 (0.4461)  loss_vfl_dn_2: 0.4331 (0.4402)
Test:  [ 0/69]  eta: 0:01:27    time: 1.2634  data: 0.6848  max mem: 9562
Test:  [10/69]  eta: 0:00:42    time: 0.7126  data: 0.0767  max mem: 9562
Test:  [20/69]  eta: 0:00:34    time: 0.6826  data: 0.0188  max mem: 9562
Test:  [30/69]  eta: 0:00:26    time: 0.6700  data: 0.0224  max mem: 9562
Test:  [40/69]  eta: 0:00:19    time: 0.6301  data: 0.0228  max mem: 9562
Test:  [50/69]  eta: 0:00:12    time: 0.6331  data: 0.0229  max mem: 9562
Test:  [60/69]  eta: 0:00:05    time: 0.6054  data: 0.0227  max mem: 9562
Test:  [68/69]  eta: 0:00:00    time: 0.5789  data: 0.0213  max mem: 9562
Test: Total time: 0:00:44 (0.6456 s / it)
Averaged stats: 
Accumulating evaluation results...
DONE (t=2.07s).
IoU metric: bbox
 Average Precision  (AP) @[ IoU=0.50:0.95 | area=   all | maxDets=100 ] = 0.245
 Average Precision  (AP) @[ IoU=0.50      | area=   all | maxDets=100 ] = 0.396
 Average Precision  (AP) @[ IoU=0.75      | area=   all | maxDets=100 ] = 0.254
 Average Precision  (AP) @[ IoU=0.50:0.95 | area= small | maxDets=100 ] = 0.168
 Average Precision  (AP) @[ IoU=0.50:0.95 | area=medium | maxDets=100 ] = 0.328
 Average Precision  (AP) @[ IoU=0.50:0.95 | area= large | maxDets=100 ] = 0.429
 Average Recall     (AR) @[ IoU=0.50:0.95 | area=   all | maxDets=  1 ] = 0.106
 Average Recall     (AR) @[ IoU=0.50:0.95 | area=   all | maxDets= 10 ] = 0.299
 Average Recall     (AR) @[ IoU=0.50:0.95 | area=   all | maxDets=100 ] = 0.405
 Average Recall     (AR) @[ IoU=0.50:0.95 | area= small | maxDets=100 ] = 0.323
 Average Recall     (AR) @[ IoU=0.50:0.95 | area=medium | maxDets=100 ] = 0.509
 Average Recall     (AR) @[ IoU=0.50:0.95 | area= large | maxDets=100 ] = 0.586
best_stat:  {'epoch': 50, 'coco_eval_bbox': 0.24502700798149898}
Epoch: [51]  [  0/809]  eta: 1:41:16  lr: 0.000100  loss: 9.0019 (9.0019)  loss_bbox: 0.0642 (0.0642)  loss_bbox_aux_0: 0.0706 (0.0706)  loss_bbox_aux_1: 0.0689 (0.0689)  loss_bbox_aux_2: 0.0861 (0.0861)  loss_bbox_dn_0: 0.0643 (0.0643)  loss_bbox_dn_1: 0.0486 (0.0486)  loss_bbox_dn_2: 0.0454 (0.0454)  loss_giou: 0.7318 (0.7318)  loss_giou_aux_0: 0.7712 (0.7712)  loss_giou_aux_1: 0.7364 (0.7364)  loss_giou_aux_2: 0.8680 (0.8680)  loss_giou_dn_0: 0.6857 (0.6857)  loss_giou_dn_1: 0.6008 (0.6008)  loss_giou_dn_2: 0.5888 (0.5888)  loss_vfl: 0.5587 (0.5587)  loss_vfl_aux_0: 0.5710 (0.5710)  loss_vfl_aux_1: 0.5544 (0.5544)  loss_vfl_aux_2: 0.6316 (0.6316)  loss_vfl_dn_0: 0.4436 (0.4436)  loss_vfl_dn_1: 0.4102 (0.4102)  loss_vfl_dn_2: 0.4016 (0.4016)  time: 7.5106  data: 2.0397  max mem: 9562
Epoch: [51]  [100/809]  eta: 0:13:29  lr: 0.000100  loss: 9.7342 (9.5026)  loss_bbox: 0.0640 (0.0704)  loss_bbox_aux_0: 0.0679 (0.0763)  loss_bbox_aux_1: 0.0667 (0.0721)  loss_bbox_aux_2: 0.0785 (0.0875)  loss_bbox_dn_0: 0.0473 (0.0542)  loss_bbox_dn_1: 0.0397 (0.0441)  loss_bbox_dn_2: 0.0389 (0.0429)  loss_giou: 0.8710 (0.8419)  loss_giou_aux_0: 0.8986 (0.8647)  loss_giou_aux_1: 0.8669 (0.8480)  loss_giou_aux_2: 0.9476 (0.9319)  loss_giou_dn_0: 0.7427 (0.7280)  loss_giou_dn_1: 0.6778 (0.6441)  loss_giou_dn_2: 0.6690 (0.6338)  loss_vfl: 0.5261 (0.5351)  loss_vfl_aux_0: 0.5442 (0.5545)  loss_vfl_aux_1: 0.5273 (0.5461)  loss_vfl_aux_2: 0.5530 (0.5699)  loss_vfl_dn_0: 0.4717 (0.4720)  loss_vfl_dn_1: 0.4500 (0.4460)  loss_vfl_dn_2: 0.4403 (0.4391)  time: 1.0875  data: 0.0276  max mem: 9562
Epoch: [51]  [200/809]  eta: 0:11:19  lr: 0.000100  loss: 9.2647 (9.5245)  loss_bbox: 0.0627 (0.0745)  loss_bbox_aux_0: 0.0666 (0.0801)  loss_bbox_aux_1: 0.0644 (0.0764)  loss_bbox_aux_2: 0.0801 (0.0907)  loss_bbox_dn_0: 0.0498 (0.0534)  loss_bbox_dn_1: 0.0410 (0.0435)  loss_bbox_dn_2: 0.0402 (0.0423)  loss_giou: 0.7906 (0.8482)  loss_giou_aux_0: 0.8179 (0.8731)  loss_giou_aux_1: 0.8025 (0.8556)  loss_giou_aux_2: 0.8751 (0.9390)  loss_giou_dn_0: 0.6987 (0.7242)  loss_giou_dn_1: 0.6230 (0.6405)  loss_giou_dn_2: 0.6118 (0.6307)  loss_vfl: 0.5464 (0.5322)  loss_vfl_aux_0: 0.5659 (0.5527)  loss_vfl_aux_1: 0.5569 (0.5416)  loss_vfl_aux_2: 0.5743 (0.5689)  loss_vfl_dn_0: 0.4669 (0.4722)  loss_vfl_dn_1: 0.4424 (0.4455)  loss_vfl_dn_2: 0.4370 (0.4391)  time: 1.0674  data: 0.0276  max mem: 9562
Epoch: [51]  [300/809]  eta: 0:09:27  lr: 0.000100  loss: 9.5702 (9.5202)  loss_bbox: 0.0732 (0.0740)  loss_bbox_aux_0: 0.0759 (0.0792)  loss_bbox_aux_1: 0.0737 (0.0758)  loss_bbox_aux_2: 0.0881 (0.0896)  loss_bbox_dn_0: 0.0487 (0.0526)  loss_bbox_dn_1: 0.0397 (0.0431)  loss_bbox_dn_2: 0.0379 (0.0419)  loss_giou: 0.8408 (0.8515)  loss_giou_aux_0: 0.8616 (0.8760)  loss_giou_aux_1: 0.8457 (0.8592)  loss_giou_aux_2: 0.9297 (0.9401)  loss_giou_dn_0: 0.7244 (0.7233)  loss_giou_dn_1: 0.6397 (0.6409)  loss_giou_dn_2: 0.6306 (0.6312)  loss_vfl: 0.5162 (0.5292)  loss_vfl_aux_0: 0.5378 (0.5498)  loss_vfl_aux_1: 0.5288 (0.5388)  loss_vfl_aux_2: 0.5651 (0.5673)  loss_vfl_dn_0: 0.4705 (0.4724)  loss_vfl_dn_1: 0.4438 (0.4453)  loss_vfl_dn_2: 0.4359 (0.4389)  time: 1.1080  data: 0.0280  max mem: 9562
Epoch: [51]  [400/809]  eta: 0:07:33  lr: 0.000100  loss: 9.5801 (9.5389)  loss_bbox: 0.0687 (0.0746)  loss_bbox_aux_0: 0.0747 (0.0795)  loss_bbox_aux_1: 0.0714 (0.0761)  loss_bbox_aux_2: 0.0963 (0.0906)  loss_bbox_dn_0: 0.0463 (0.0527)  loss_bbox_dn_1: 0.0383 (0.0431)  loss_bbox_dn_2: 0.0381 (0.0419)  loss_giou: 0.8232 (0.8539)  loss_giou_aux_0: 0.8420 (0.8792)  loss_giou_aux_1: 0.8236 (0.8620)  loss_giou_aux_2: 0.9114 (0.9447)  loss_giou_dn_0: 0.7271 (0.7264)  loss_giou_dn_1: 0.6310 (0.6430)  loss_giou_dn_2: 0.6187 (0.6332)  loss_vfl: 0.5414 (0.5286)  loss_vfl_aux_0: 0.5609 (0.5492)  loss_vfl_aux_1: 0.5452 (0.5382)  loss_vfl_aux_2: 0.5780 (0.5657)  loss_vfl_dn_0: 0.4785 (0.4721)  loss_vfl_dn_1: 0.4421 (0.4453)  loss_vfl_dn_2: 0.4365 (0.4389)  time: 1.1227  data: 0.0277  max mem: 9562
Epoch: [51]  [500/809]  eta: 0:05:41  lr: 0.000100  loss: 9.6292 (9.5522)  loss_bbox: 0.0720 (0.0740)  loss_bbox_aux_0: 0.0748 (0.0787)  loss_bbox_aux_1: 0.0706 (0.0754)  loss_bbox_aux_2: 0.0897 (0.0899)  loss_bbox_dn_0: 0.0482 (0.0520)  loss_bbox_dn_1: 0.0407 (0.0425)  loss_bbox_dn_2: 0.0398 (0.0413)  loss_giou: 0.8322 (0.8578)  loss_giou_aux_0: 0.8710 (0.8832)  loss_giou_aux_1: 0.8399 (0.8659)  loss_giou_aux_2: 0.9336 (0.9488)  loss_giou_dn_0: 0.7215 (0.7276)  loss_giou_dn_1: 0.6511 (0.6442)  loss_giou_dn_2: 0.6451 (0.6346)  loss_vfl: 0.4983 (0.5280)  loss_vfl_aux_0: 0.5304 (0.5490)  loss_vfl_aux_1: 0.5173 (0.5376)  loss_vfl_aux_2: 0.5547 (0.5650)  loss_vfl_dn_0: 0.4702 (0.4723)  loss_vfl_dn_1: 0.4437 (0.4453)  loss_vfl_dn_2: 0.4382 (0.4391)  time: 1.0112  data: 0.0263  max mem: 9562
Epoch: [51]  [600/809]  eta: 0:03:51  lr: 0.000100  loss: 9.5981 (9.5804)  loss_bbox: 0.0664 (0.0750)  loss_bbox_aux_0: 0.0705 (0.0793)  loss_bbox_aux_1: 0.0663 (0.0762)  loss_bbox_aux_2: 0.0777 (0.0903)  loss_bbox_dn_0: 0.0441 (0.0515)  loss_bbox_dn_1: 0.0363 (0.0421)  loss_bbox_dn_2: 0.0359 (0.0410)  loss_giou: 0.8988 (0.8648)  loss_giou_aux_0: 0.9304 (0.8906)  loss_giou_aux_1: 0.9181 (0.8727)  loss_giou_aux_2: 0.9855 (0.9537)  loss_giou_dn_0: 0.7305 (0.7310)  loss_giou_dn_1: 0.6561 (0.6477)  loss_giou_dn_2: 0.6433 (0.6381)  loss_vfl: 0.5051 (0.5256)  loss_vfl_aux_0: 0.5240 (0.5466)  loss_vfl_aux_1: 0.5129 (0.5350)  loss_vfl_aux_2: 0.5514 (0.5628)  loss_vfl_dn_0: 0.4692 (0.4720)  loss_vfl_dn_1: 0.4397 (0.4452)  loss_vfl_dn_2: 0.4359 (0.4391)  time: 1.1215  data: 0.0257  max mem: 9562
Epoch: [51]  [700/809]  eta: 0:02:00  lr: 0.000100  loss: 9.4818 (9.5710)  loss_bbox: 0.0749 (0.0750)  loss_bbox_aux_0: 0.0800 (0.0794)  loss_bbox_aux_1: 0.0769 (0.0762)  loss_bbox_aux_2: 0.0908 (0.0902)  loss_bbox_dn_0: 0.0488 (0.0517)  loss_bbox_dn_1: 0.0392 (0.0423)  loss_bbox_dn_2: 0.0384 (0.0412)  loss_giou: 0.8277 (0.8622)  loss_giou_aux_0: 0.8481 (0.8882)  loss_giou_aux_1: 0.8421 (0.8700)  loss_giou_aux_2: 0.9024 (0.9507)  loss_giou_dn_0: 0.7219 (0.7297)  loss_giou_dn_1: 0.6197 (0.6467)  loss_giou_dn_2: 0.6019 (0.6370)  loss_vfl: 0.5507 (0.5268)  loss_vfl_aux_0: 0.5807 (0.5475)  loss_vfl_aux_1: 0.5658 (0.5359)  loss_vfl_aux_2: 0.5974 (0.5637)  loss_vfl_dn_0: 0.4749 (0.4722)  loss_vfl_dn_1: 0.4469 (0.4452)  loss_vfl_dn_2: 0.4402 (0.4391)  time: 1.1461  data: 0.0321  max mem: 9562
Epoch: [51]  [800/809]  eta: 0:00:09  lr: 0.000100  loss: 9.4440 (9.5659)  loss_bbox: 0.0695 (0.0751)  loss_bbox_aux_0: 0.0731 (0.0795)  loss_bbox_aux_1: 0.0720 (0.0764)  loss_bbox_aux_2: 0.0879 (0.0904)  loss_bbox_dn_0: 0.0521 (0.0519)  loss_bbox_dn_1: 0.0416 (0.0425)  loss_bbox_dn_2: 0.0412 (0.0414)  loss_giou: 0.8698 (0.8616)  loss_giou_aux_0: 0.8761 (0.8875)  loss_giou_aux_1: 0.8667 (0.8692)  loss_giou_aux_2: 0.9343 (0.9500)  loss_giou_dn_0: 0.7363 (0.7289)  loss_giou_dn_1: 0.6786 (0.6461)  loss_giou_dn_2: 0.6719 (0.6365)  loss_vfl: 0.5353 (0.5264)  loss_vfl_aux_0: 0.5535 (0.5474)  loss_vfl_aux_1: 0.5408 (0.5355)  loss_vfl_aux_2: 0.5847 (0.5636)  loss_vfl_dn_0: 0.4718 (0.4722)  loss_vfl_dn_1: 0.4447 (0.4451)  loss_vfl_dn_2: 0.4387 (0.4389)  time: 1.0885  data: 0.0254  max mem: 9562
Epoch: [51]  [808/809]  eta: 0:00:01  lr: 0.000100  loss: 9.4058 (9.5658)  loss_bbox: 0.0718 (0.0753)  loss_bbox_aux_0: 0.0780 (0.0797)  loss_bbox_aux_1: 0.0766 (0.0766)  loss_bbox_aux_2: 0.0912 (0.0906)  loss_bbox_dn_0: 0.0467 (0.0520)  loss_bbox_dn_1: 0.0391 (0.0426)  loss_bbox_dn_2: 0.0380 (0.0414)  loss_giou: 0.8698 (0.8615)  loss_giou_aux_0: 0.8761 (0.8875)  loss_giou_aux_1: 0.8667 (0.8691)  loss_giou_aux_2: 0.9343 (0.9500)  loss_giou_dn_0: 0.6960 (0.7287)  loss_giou_dn_1: 0.6232 (0.6459)  loss_giou_dn_2: 0.6246 (0.6363)  loss_vfl: 0.5369 (0.5263)  loss_vfl_aux_0: 0.5579 (0.5473)  loss_vfl_aux_1: 0.5515 (0.5354)  loss_vfl_aux_2: 0.5833 (0.5637)  loss_vfl_dn_0: 0.4681 (0.4721)  loss_vfl_dn_1: 0.4346 (0.4450)  loss_vfl_dn_2: 0.4298 (0.4388)  time: 0.9748  data: 0.0236  max mem: 9562
Epoch: [51] Total time: 0:14:50 (1.1008 s / it)
Averaged stats: lr: 0.000100  loss: 9.4058 (9.5658)  loss_bbox: 0.0718 (0.0753)  loss_bbox_aux_0: 0.0780 (0.0797)  loss_bbox_aux_1: 0.0766 (0.0766)  loss_bbox_aux_2: 0.0912 (0.0906)  loss_bbox_dn_0: 0.0467 (0.0520)  loss_bbox_dn_1: 0.0391 (0.0426)  loss_bbox_dn_2: 0.0380 (0.0414)  loss_giou: 0.8698 (0.8615)  loss_giou_aux_0: 0.8761 (0.8875)  loss_giou_aux_1: 0.8667 (0.8691)  loss_giou_aux_2: 0.9343 (0.9500)  loss_giou_dn_0: 0.6960 (0.7287)  loss_giou_dn_1: 0.6232 (0.6459)  loss_giou_dn_2: 0.6246 (0.6363)  loss_vfl: 0.5369 (0.5263)  loss_vfl_aux_0: 0.5579 (0.5473)  loss_vfl_aux_1: 0.5515 (0.5354)  loss_vfl_aux_2: 0.5833 (0.5637)  loss_vfl_dn_0: 0.4681 (0.4721)  loss_vfl_dn_1: 0.4346 (0.4450)  loss_vfl_dn_2: 0.4298 (0.4388)
Test:  [ 0/69]  eta: 0:01:29    time: 1.2974  data: 0.7246  max mem: 9562
Test:  [10/69]  eta: 0:00:42    time: 0.7240  data: 0.0823  max mem: 9562
Test:  [20/69]  eta: 0:00:35    time: 0.6888  data: 0.0191  max mem: 9562
Test:  [30/69]  eta: 0:00:27    time: 0.6829  data: 0.0207  max mem: 9562
Test:  [40/69]  eta: 0:00:20    time: 0.6830  data: 0.0219  max mem: 9562
Test:  [50/69]  eta: 0:00:12    time: 0.6506  data: 0.0224  max mem: 9562
Test:  [60/69]  eta: 0:00:05    time: 0.5725  data: 0.0223  max mem: 9562
Test:  [68/69]  eta: 0:00:00    time: 0.5753  data: 0.0208  max mem: 9562
Test: Total time: 0:00:45 (0.6547 s / it)
Averaged stats: 
Accumulating evaluation results...
DONE (t=2.08s).
IoU metric: bbox
 Average Precision  (AP) @[ IoU=0.50:0.95 | area=   all | maxDets=100 ] = 0.246
 Average Precision  (AP) @[ IoU=0.50      | area=   all | maxDets=100 ] = 0.397
 Average Precision  (AP) @[ IoU=0.75      | area=   all | maxDets=100 ] = 0.255
 Average Precision  (AP) @[ IoU=0.50:0.95 | area= small | maxDets=100 ] = 0.169
 Average Precision  (AP) @[ IoU=0.50:0.95 | area=medium | maxDets=100 ] = 0.329
 Average Precision  (AP) @[ IoU=0.50:0.95 | area= large | maxDets=100 ] = 0.437
 Average Recall     (AR) @[ IoU=0.50:0.95 | area=   all | maxDets=  1 ] = 0.106
 Average Recall     (AR) @[ IoU=0.50:0.95 | area=   all | maxDets= 10 ] = 0.300
 Average Recall     (AR) @[ IoU=0.50:0.95 | area=   all | maxDets=100 ] = 0.406
 Average Recall     (AR) @[ IoU=0.50:0.95 | area= small | maxDets=100 ] = 0.324
 Average Recall     (AR) @[ IoU=0.50:0.95 | area=medium | maxDets=100 ] = 0.509
 Average Recall     (AR) @[ IoU=0.50:0.95 | area= large | maxDets=100 ] = 0.613
best_stat:  {'epoch': 51, 'coco_eval_bbox': 0.2460628803658225}
Epoch: [52]  [  0/809]  eta: 1:22:22  lr: 0.000100  loss: 8.4606 (8.4606)  loss_bbox: 0.0472 (0.0472)  loss_bbox_aux_0: 0.0492 (0.0492)  loss_bbox_aux_1: 0.0509 (0.0509)  loss_bbox_aux_2: 0.0603 (0.0603)  loss_bbox_dn_0: 0.0456 (0.0456)  loss_bbox_dn_1: 0.0347 (0.0347)  loss_bbox_dn_2: 0.0336 (0.0336)  loss_giou: 0.6660 (0.6660)  loss_giou_aux_0: 0.6841 (0.6841)  loss_giou_aux_1: 0.6580 (0.6580)  loss_giou_aux_2: 0.7457 (0.7457)  loss_giou_dn_0: 0.6455 (0.6455)  loss_giou_dn_1: 0.5498 (0.5498)  loss_giou_dn_2: 0.5377 (0.5377)  loss_vfl: 0.5546 (0.5546)  loss_vfl_aux_0: 0.5968 (0.5968)  loss_vfl_aux_1: 0.5747 (0.5747)  loss_vfl_aux_2: 0.6133 (0.6133)  loss_vfl_dn_0: 0.4646 (0.4646)  loss_vfl_dn_1: 0.4303 (0.4303)  loss_vfl_dn_2: 0.4181 (0.4181)  time: 6.1092  data: 3.5755  max mem: 9562
Epoch: [52]  [100/809]  eta: 0:13:29  lr: 0.000100  loss: 9.4006 (9.5775)  loss_bbox: 0.0700 (0.0747)  loss_bbox_aux_0: 0.0740 (0.0784)  loss_bbox_aux_1: 0.0707 (0.0759)  loss_bbox_aux_2: 0.0826 (0.0886)  loss_bbox_dn_0: 0.0487 (0.0513)  loss_bbox_dn_1: 0.0412 (0.0423)  loss_bbox_dn_2: 0.0395 (0.0413)  loss_giou: 0.8160 (0.8607)  loss_giou_aux_0: 0.8297 (0.8842)  loss_giou_aux_1: 0.8186 (0.8672)  loss_giou_aux_2: 0.9042 (0.9463)  loss_giou_dn_0: 0.7193 (0.7285)  loss_giou_dn_1: 0.6415 (0.6485)  loss_giou_dn_2: 0.6328 (0.6387)  loss_vfl: 0.5244 (0.5307)  loss_vfl_aux_0: 0.5610 (0.5509)  loss_vfl_aux_1: 0.5359 (0.5414)  loss_vfl_aux_2: 0.5865 (0.5642)  loss_vfl_dn_0: 0.4751 (0.4749)  loss_vfl_dn_1: 0.4446 (0.4474)  loss_vfl_dn_2: 0.4410 (0.4413)  time: 1.0605  data: 0.0266  max mem: 9562
Epoch: [52]  [200/809]  eta: 0:11:20  lr: 0.000100  loss: 9.5941 (9.5349)  loss_bbox: 0.0704 (0.0745)  loss_bbox_aux_0: 0.0786 (0.0788)  loss_bbox_aux_1: 0.0718 (0.0759)  loss_bbox_aux_2: 0.0864 (0.0892)  loss_bbox_dn_0: 0.0452 (0.0507)  loss_bbox_dn_1: 0.0377 (0.0416)  loss_bbox_dn_2: 0.0361 (0.0406)  loss_giou: 0.8678 (0.8589)  loss_giou_aux_0: 0.8887 (0.8845)  loss_giou_aux_1: 0.8693 (0.8659)  loss_giou_aux_2: 0.9261 (0.9441)  loss_giou_dn_0: 0.7316 (0.7231)  loss_giou_dn_1: 0.6450 (0.6418)  loss_giou_dn_2: 0.6364 (0.6322)  loss_vfl: 0.4985 (0.5275)  loss_vfl_aux_0: 0.5206 (0.5467)  loss_vfl_aux_1: 0.4972 (0.5370)  loss_vfl_aux_2: 0.5255 (0.5629)  loss_vfl_dn_0: 0.4661 (0.4734)  loss_vfl_dn_1: 0.4424 (0.4458)  loss_vfl_dn_2: 0.4381 (0.4397)  time: 1.1006  data: 0.0302  max mem: 9562
Epoch: [52]  [300/809]  eta: 0:09:32  lr: 0.000100  loss: 9.7233 (9.5463)  loss_bbox: 0.0637 (0.0750)  loss_bbox_aux_0: 0.0711 (0.0797)  loss_bbox_aux_1: 0.0646 (0.0766)  loss_bbox_aux_2: 0.0771 (0.0893)  loss_bbox_dn_0: 0.0464 (0.0506)  loss_bbox_dn_1: 0.0378 (0.0415)  loss_bbox_dn_2: 0.0364 (0.0405)  loss_giou: 0.9294 (0.8623)  loss_giou_aux_0: 0.9412 (0.8876)  loss_giou_aux_1: 0.9257 (0.8687)  loss_giou_aux_2: 0.9814 (0.9489)  loss_giou_dn_0: 0.7309 (0.7215)  loss_giou_dn_1: 0.6546 (0.6406)  loss_giou_dn_2: 0.6467 (0.6312)  loss_vfl: 0.5112 (0.5261)  loss_vfl_aux_0: 0.5358 (0.5461)  loss_vfl_aux_1: 0.5160 (0.5360)  loss_vfl_aux_2: 0.5513 (0.5629)  loss_vfl_dn_0: 0.4794 (0.4744)  loss_vfl_dn_1: 0.4504 (0.4465)  loss_vfl_dn_2: 0.4465 (0.4405)  time: 1.1027  data: 0.0301  max mem: 9562
Epoch: [52]  [400/809]  eta: 0:07:44  lr: 0.000100  loss: 9.6754 (9.5531)  loss_bbox: 0.0683 (0.0752)  loss_bbox_aux_0: 0.0717 (0.0795)  loss_bbox_aux_1: 0.0687 (0.0768)  loss_bbox_aux_2: 0.0794 (0.0894)  loss_bbox_dn_0: 0.0432 (0.0506)  loss_bbox_dn_1: 0.0358 (0.0416)  loss_bbox_dn_2: 0.0353 (0.0406)  loss_giou: 0.9353 (0.8637)  loss_giou_aux_0: 0.9456 (0.8889)  loss_giou_aux_1: 0.9399 (0.8704)  loss_giou_aux_2: 0.9954 (0.9491)  loss_giou_dn_0: 0.7295 (0.7221)  loss_giou_dn_1: 0.6515 (0.6417)  loss_giou_dn_2: 0.6417 (0.6325)  loss_vfl: 0.4916 (0.5256)  loss_vfl_aux_0: 0.5129 (0.5462)  loss_vfl_aux_1: 0.4969 (0.5352)  loss_vfl_aux_2: 0.5343 (0.5635)  loss_vfl_dn_0: 0.4708 (0.4742)  loss_vfl_dn_1: 0.4445 (0.4462)  loss_vfl_dn_2: 0.4380 (0.4402)  time: 1.2087  data: 0.0311  max mem: 9562
Epoch: [52]  [500/809]  eta: 0:05:52  lr: 0.000100  loss: 9.8382 (9.5442)  loss_bbox: 0.0741 (0.0755)  loss_bbox_aux_0: 0.0754 (0.0797)  loss_bbox_aux_1: 0.0757 (0.0770)  loss_bbox_aux_2: 0.0884 (0.0897)  loss_bbox_dn_0: 0.0538 (0.0510)  loss_bbox_dn_1: 0.0442 (0.0418)  loss_bbox_dn_2: 0.0429 (0.0407)  loss_giou: 0.8099 (0.8612)  loss_giou_aux_0: 0.8500 (0.8862)  loss_giou_aux_1: 0.8199 (0.8680)  loss_giou_aux_2: 0.9276 (0.9474)  loss_giou_dn_0: 0.7185 (0.7213)  loss_giou_dn_1: 0.6334 (0.6406)  loss_giou_dn_2: 0.6140 (0.6313)  loss_vfl: 0.5095 (0.5256)  loss_vfl_aux_0: 0.5310 (0.5472)  loss_vfl_aux_1: 0.5173 (0.5354)  loss_vfl_aux_2: 0.5509 (0.5642)  loss_vfl_dn_0: 0.4780 (0.4744)  loss_vfl_dn_1: 0.4419 (0.4458)  loss_vfl_dn_2: 0.4365 (0.4399)  time: 1.2044  data: 0.0336  max mem: 9562
Epoch: [52]  [600/809]  eta: 0:04:00  lr: 0.000100  loss: 9.3148 (9.5529)  loss_bbox: 0.0647 (0.0755)  loss_bbox_aux_0: 0.0683 (0.0794)  loss_bbox_aux_1: 0.0656 (0.0770)  loss_bbox_aux_2: 0.0828 (0.0894)  loss_bbox_dn_0: 0.0530 (0.0512)  loss_bbox_dn_1: 0.0429 (0.0420)  loss_bbox_dn_2: 0.0421 (0.0409)  loss_giou: 0.8812 (0.8609)  loss_giou_aux_0: 0.8898 (0.8851)  loss_giou_aux_1: 0.8694 (0.8675)  loss_giou_aux_2: 0.9124 (0.9464)  loss_giou_dn_0: 0.7087 (0.7226)  loss_giou_dn_1: 0.6316 (0.6420)  loss_giou_dn_2: 0.6255 (0.6326)  loss_vfl: 0.5410 (0.5277)  loss_vfl_aux_0: 0.5542 (0.5491)  loss_vfl_aux_1: 0.5475 (0.5374)  loss_vfl_aux_2: 0.5485 (0.5655)  loss_vfl_dn_0: 0.4714 (0.4743)  loss_vfl_dn_1: 0.4442 (0.4461)  loss_vfl_dn_2: 0.4382 (0.4402)  time: 1.1750  data: 0.0333  max mem: 9562
Epoch: [52]  [700/809]  eta: 0:02:06  lr: 0.000100  loss: 9.3160 (9.5797)  loss_bbox: 0.0718 (0.0767)  loss_bbox_aux_0: 0.0719 (0.0808)  loss_bbox_aux_1: 0.0702 (0.0783)  loss_bbox_aux_2: 0.0854 (0.0910)  loss_bbox_dn_0: 0.0519 (0.0514)  loss_bbox_dn_1: 0.0401 (0.0422)  loss_bbox_dn_2: 0.0383 (0.0411)  loss_giou: 0.7792 (0.8656)  loss_giou_aux_0: 0.8013 (0.8905)  loss_giou_aux_1: 0.7842 (0.8726)  loss_giou_aux_2: 0.8765 (0.9516)  loss_giou_dn_0: 0.7128 (0.7245)  loss_giou_dn_1: 0.6275 (0.6437)  loss_giou_dn_2: 0.6178 (0.6343)  loss_vfl: 0.5415 (0.5268)  loss_vfl_aux_0: 0.5624 (0.5482)  loss_vfl_aux_1: 0.5496 (0.5365)  loss_vfl_aux_2: 0.5891 (0.5639)  loss_vfl_dn_0: 0.4681 (0.4740)  loss_vfl_dn_1: 0.4396 (0.4461)  loss_vfl_dn_2: 0.4338 (0.4401)  time: 1.1835  data: 0.0316  max mem: 9562
Epoch: [52]  [800/809]  eta: 0:00:10  lr: 0.000100  loss: 9.5999 (9.5844)  loss_bbox: 0.0748 (0.0767)  loss_bbox_aux_0: 0.0807 (0.0809)  loss_bbox_aux_1: 0.0744 (0.0783)  loss_bbox_aux_2: 0.0941 (0.0913)  loss_bbox_dn_0: 0.0485 (0.0514)  loss_bbox_dn_1: 0.0422 (0.0422)  loss_bbox_dn_2: 0.0413 (0.0411)  loss_giou: 0.8312 (0.8665)  loss_giou_aux_0: 0.8467 (0.8916)  loss_giou_aux_1: 0.8280 (0.8735)  loss_giou_aux_2: 0.9289 (0.9529)  loss_giou_dn_0: 0.7341 (0.7249)  loss_giou_dn_1: 0.6452 (0.6440)  loss_giou_dn_2: 0.6333 (0.6346)  loss_vfl: 0.5273 (0.5267)  loss_vfl_aux_0: 0.5461 (0.5480)  loss_vfl_aux_1: 0.5391 (0.5365)  loss_vfl_aux_2: 0.5721 (0.5632)  loss_vfl_dn_0: 0.4678 (0.4740)  loss_vfl_dn_1: 0.4374 (0.4460)  loss_vfl_dn_2: 0.4294 (0.4401)  time: 1.1800  data: 0.0317  max mem: 9562
Epoch: [52]  [808/809]  eta: 0:00:01  lr: 0.000100  loss: 9.5999 (9.5828)  loss_bbox: 0.0734 (0.0767)  loss_bbox_aux_0: 0.0796 (0.0809)  loss_bbox_aux_1: 0.0734 (0.0782)  loss_bbox_aux_2: 0.0891 (0.0913)  loss_bbox_dn_0: 0.0510 (0.0514)  loss_bbox_dn_1: 0.0430 (0.0422)  loss_bbox_dn_2: 0.0431 (0.0411)  loss_giou: 0.8695 (0.8663)  loss_giou_aux_0: 0.8854 (0.8914)  loss_giou_aux_1: 0.8808 (0.8732)  loss_giou_aux_2: 0.9543 (0.9527)  loss_giou_dn_0: 0.7325 (0.7250)  loss_giou_dn_1: 0.6345 (0.6439)  loss_giou_dn_2: 0.6261 (0.6345)  loss_vfl: 0.5353 (0.5266)  loss_vfl_aux_0: 0.5461 (0.5479)  loss_vfl_aux_1: 0.5393 (0.5365)  loss_vfl_aux_2: 0.5721 (0.5632)  loss_vfl_dn_0: 0.4771 (0.4740)  loss_vfl_dn_1: 0.4481 (0.4459)  loss_vfl_dn_2: 0.4391 (0.4400)  time: 1.0324  data: 0.0305  max mem: 9562
Epoch: [52] Total time: 0:15:35 (1.1566 s / it)
Averaged stats: lr: 0.000100  loss: 9.5999 (9.5828)  loss_bbox: 0.0734 (0.0767)  loss_bbox_aux_0: 0.0796 (0.0809)  loss_bbox_aux_1: 0.0734 (0.0782)  loss_bbox_aux_2: 0.0891 (0.0913)  loss_bbox_dn_0: 0.0510 (0.0514)  loss_bbox_dn_1: 0.0430 (0.0422)  loss_bbox_dn_2: 0.0431 (0.0411)  loss_giou: 0.8695 (0.8663)  loss_giou_aux_0: 0.8854 (0.8914)  loss_giou_aux_1: 0.8808 (0.8732)  loss_giou_aux_2: 0.9543 (0.9527)  loss_giou_dn_0: 0.7325 (0.7250)  loss_giou_dn_1: 0.6345 (0.6439)  loss_giou_dn_2: 0.6261 (0.6345)  loss_vfl: 0.5353 (0.5266)  loss_vfl_aux_0: 0.5461 (0.5479)  loss_vfl_aux_1: 0.5393 (0.5365)  loss_vfl_aux_2: 0.5721 (0.5632)  loss_vfl_dn_0: 0.4771 (0.4740)  loss_vfl_dn_1: 0.4481 (0.4459)  loss_vfl_dn_2: 0.4391 (0.4400)
Test:  [ 0/69]  eta: 0:01:50    time: 1.6047  data: 0.7889  max mem: 9562
Test:  [10/69]  eta: 0:00:44    time: 0.7604  data: 0.0946  max mem: 9562
Test:  [20/69]  eta: 0:00:36    time: 0.6946  data: 0.0244  max mem: 9562
Test:  [30/69]  eta: 0:00:27    time: 0.6881  data: 0.0229  max mem: 9562
Test:  [40/69]  eta: 0:00:20    time: 0.6572  data: 0.0228  max mem: 9562
Test:  [50/69]  eta: 0:00:13    time: 0.6635  data: 0.0228  max mem: 9562
Test:  [60/69]  eta: 0:00:06    time: 0.6413  data: 0.0222  max mem: 9562
Test:  [68/69]  eta: 0:00:00    time: 0.6214  data: 0.0218  max mem: 9562
Test: Total time: 0:00:46 (0.6790 s / it)
Averaged stats: 
Accumulating evaluation results...
DONE (t=2.22s).
IoU metric: bbox
 Average Precision  (AP) @[ IoU=0.50:0.95 | area=   all | maxDets=100 ] = 0.247
 Average Precision  (AP) @[ IoU=0.50      | area=   all | maxDets=100 ] = 0.399
 Average Precision  (AP) @[ IoU=0.75      | area=   all | maxDets=100 ] = 0.256
 Average Precision  (AP) @[ IoU=0.50:0.95 | area= small | maxDets=100 ] = 0.169
 Average Precision  (AP) @[ IoU=0.50:0.95 | area=medium | maxDets=100 ] = 0.330
 Average Precision  (AP) @[ IoU=0.50:0.95 | area= large | maxDets=100 ] = 0.453
 Average Recall     (AR) @[ IoU=0.50:0.95 | area=   all | maxDets=  1 ] = 0.107
 Average Recall     (AR) @[ IoU=0.50:0.95 | area=   all | maxDets= 10 ] = 0.301
 Average Recall     (AR) @[ IoU=0.50:0.95 | area=   all | maxDets=100 ] = 0.407
 Average Recall     (AR) @[ IoU=0.50:0.95 | area= small | maxDets=100 ] = 0.325
 Average Recall     (AR) @[ IoU=0.50:0.95 | area=medium | maxDets=100 ] = 0.509
 Average Recall     (AR) @[ IoU=0.50:0.95 | area= large | maxDets=100 ] = 0.621
best_stat:  {'epoch': 52, 'coco_eval_bbox': 0.24736654177098494}
Epoch: [53]  [  0/809]  eta: 1:23:56  lr: 0.000100  loss: 8.5292 (8.5292)  loss_bbox: 0.0611 (0.0611)  loss_bbox_aux_0: 0.0561 (0.0561)  loss_bbox_aux_1: 0.0528 (0.0528)  loss_bbox_aux_2: 0.0685 (0.0685)  loss_bbox_dn_0: 0.0485 (0.0485)  loss_bbox_dn_1: 0.0399 (0.0399)  loss_bbox_dn_2: 0.0385 (0.0385)  loss_giou: 0.6674 (0.6674)  loss_giou_aux_0: 0.6975 (0.6975)  loss_giou_aux_1: 0.6686 (0.6686)  loss_giou_aux_2: 0.7740 (0.7740)  loss_giou_dn_0: 0.6413 (0.6413)  loss_giou_dn_1: 0.5593 (0.5593)  loss_giou_dn_2: 0.5475 (0.5475)  loss_vfl: 0.5397 (0.5397)  loss_vfl_aux_0: 0.5602 (0.5602)  loss_vfl_aux_1: 0.5529 (0.5529)  loss_vfl_aux_2: 0.5927 (0.5927)  loss_vfl_dn_0: 0.4766 (0.4766)  loss_vfl_dn_1: 0.4471 (0.4471)  loss_vfl_dn_2: 0.4392 (0.4392)  time: 6.2258  data: 2.8899  max mem: 9562
Epoch: [53]  [100/809]  eta: 0:14:07  lr: 0.000100  loss: 9.2594 (9.4958)  loss_bbox: 0.0716 (0.0758)  loss_bbox_aux_0: 0.0793 (0.0826)  loss_bbox_aux_1: 0.0733 (0.0778)  loss_bbox_aux_2: 0.0972 (0.0931)  loss_bbox_dn_0: 0.0530 (0.0524)  loss_bbox_dn_1: 0.0436 (0.0425)  loss_bbox_dn_2: 0.0422 (0.0412)  loss_giou: 0.7720 (0.8500)  loss_giou_aux_0: 0.7994 (0.8745)  loss_giou_aux_1: 0.7838 (0.8580)  loss_giou_aux_2: 0.8629 (0.9398)  loss_giou_dn_0: 0.6926 (0.7198)  loss_giou_dn_1: 0.6040 (0.6363)  loss_giou_dn_2: 0.6014 (0.6258)  loss_vfl: 0.5375 (0.5248)  loss_vfl_aux_0: 0.5564 (0.5440)  loss_vfl_aux_1: 0.5496 (0.5345)  loss_vfl_aux_2: 0.5786 (0.5653)  loss_vfl_dn_0: 0.4706 (0.4732)  loss_vfl_dn_1: 0.4420 (0.4454)  loss_vfl_dn_2: 0.4353 (0.4392)  time: 1.1365  data: 0.0295  max mem: 9562
Epoch: [53]  [200/809]  eta: 0:11:56  lr: 0.000100  loss: 9.4451 (9.5306)  loss_bbox: 0.0648 (0.0761)  loss_bbox_aux_0: 0.0724 (0.0821)  loss_bbox_aux_1: 0.0682 (0.0778)  loss_bbox_aux_2: 0.0842 (0.0917)  loss_bbox_dn_0: 0.0549 (0.0525)  loss_bbox_dn_1: 0.0437 (0.0427)  loss_bbox_dn_2: 0.0422 (0.0414)  loss_giou: 0.7996 (0.8519)  loss_giou_aux_0: 0.8066 (0.8786)  loss_giou_aux_1: 0.7949 (0.8602)  loss_giou_aux_2: 0.8803 (0.9412)  loss_giou_dn_0: 0.7056 (0.7238)  loss_giou_dn_1: 0.6202 (0.6390)  loss_giou_dn_2: 0.6148 (0.6285)  loss_vfl: 0.5531 (0.5297)  loss_vfl_aux_0: 0.5603 (0.5475)  loss_vfl_aux_1: 0.5623 (0.5390)  loss_vfl_aux_2: 0.5629 (0.5669)  loss_vfl_dn_0: 0.4677 (0.4736)  loss_vfl_dn_1: 0.4464 (0.4463)  loss_vfl_dn_2: 0.4382 (0.4399)  time: 1.1535  data: 0.0306  max mem: 9562
Epoch: [53]  [300/809]  eta: 0:09:51  lr: 0.000100  loss: 9.3922 (9.5389)  loss_bbox: 0.0654 (0.0768)  loss_bbox_aux_0: 0.0707 (0.0824)  loss_bbox_aux_1: 0.0638 (0.0782)  loss_bbox_aux_2: 0.0824 (0.0918)  loss_bbox_dn_0: 0.0488 (0.0522)  loss_bbox_dn_1: 0.0399 (0.0426)  loss_bbox_dn_2: 0.0375 (0.0413)  loss_giou: 0.7731 (0.8530)  loss_giou_aux_0: 0.7985 (0.8791)  loss_giou_aux_1: 0.7754 (0.8610)  loss_giou_aux_2: 0.8553 (0.9428)  loss_giou_dn_0: 0.7160 (0.7226)  loss_giou_dn_1: 0.6045 (0.6385)  loss_giou_dn_2: 0.5870 (0.6282)  loss_vfl: 0.5571 (0.5303)  loss_vfl_aux_0: 0.5679 (0.5486)  loss_vfl_aux_1: 0.5632 (0.5398)  loss_vfl_aux_2: 0.5896 (0.5679)  loss_vfl_dn_0: 0.4767 (0.4741)  loss_vfl_dn_1: 0.4500 (0.4470)  loss_vfl_dn_2: 0.4443 (0.4408)  time: 1.1108  data: 0.0282  max mem: 9562
Epoch: [53]  [400/809]  eta: 0:07:55  lr: 0.000100  loss: 9.4269 (9.5353)  loss_bbox: 0.0591 (0.0761)  loss_bbox_aux_0: 0.0619 (0.0810)  loss_bbox_aux_1: 0.0610 (0.0774)  loss_bbox_aux_2: 0.0749 (0.0903)  loss_bbox_dn_0: 0.0456 (0.0516)  loss_bbox_dn_1: 0.0364 (0.0421)  loss_bbox_dn_2: 0.0353 (0.0409)  loss_giou: 0.8307 (0.8558)  loss_giou_aux_0: 0.8418 (0.8806)  loss_giou_aux_1: 0.8352 (0.8638)  loss_giou_aux_2: 0.9203 (0.9433)  loss_giou_dn_0: 0.7228 (0.7239)  loss_giou_dn_1: 0.6533 (0.6402)  loss_giou_dn_2: 0.6445 (0.6303)  loss_vfl: 0.4991 (0.5274)  loss_vfl_aux_0: 0.5208 (0.5471)  loss_vfl_aux_1: 0.5065 (0.5366)  loss_vfl_aux_2: 0.5446 (0.5675)  loss_vfl_dn_0: 0.4689 (0.4733)  loss_vfl_dn_1: 0.4406 (0.4461)  loss_vfl_dn_2: 0.4375 (0.4399)  time: 1.1533  data: 0.0294  max mem: 9562
Epoch: [53]  [500/809]  eta: 0:05:55  lr: 0.000100  loss: 9.5663 (9.5121)  loss_bbox: 0.0649 (0.0752)  loss_bbox_aux_0: 0.0687 (0.0802)  loss_bbox_aux_1: 0.0665 (0.0764)  loss_bbox_aux_2: 0.0829 (0.0897)  loss_bbox_dn_0: 0.0487 (0.0513)  loss_bbox_dn_1: 0.0389 (0.0418)  loss_bbox_dn_2: 0.0385 (0.0406)  loss_giou: 0.8270 (0.8525)  loss_giou_aux_0: 0.8479 (0.8775)  loss_giou_aux_1: 0.8329 (0.8604)  loss_giou_aux_2: 0.9164 (0.9403)  loss_giou_dn_0: 0.7052 (0.7220)  loss_giou_dn_1: 0.6153 (0.6384)  loss_giou_dn_2: 0.6033 (0.6286)  loss_vfl: 0.5480 (0.5275)  loss_vfl_aux_0: 0.5659 (0.5476)  loss_vfl_aux_1: 0.5565 (0.5372)  loss_vfl_aux_2: 0.5859 (0.5673)  loss_vfl_dn_0: 0.4718 (0.4730)  loss_vfl_dn_1: 0.4443 (0.4453)  loss_vfl_dn_2: 0.4364 (0.4391)  time: 1.1034  data: 0.0268  max mem: 9562
Epoch: [53]  [600/809]  eta: 0:04:01  lr: 0.000100  loss: 9.6399 (9.5216)  loss_bbox: 0.0675 (0.0754)  loss_bbox_aux_0: 0.0751 (0.0804)  loss_bbox_aux_1: 0.0686 (0.0766)  loss_bbox_aux_2: 0.0812 (0.0899)  loss_bbox_dn_0: 0.0462 (0.0512)  loss_bbox_dn_1: 0.0382 (0.0419)  loss_bbox_dn_2: 0.0368 (0.0407)  loss_giou: 0.8783 (0.8542)  loss_giou_aux_0: 0.9250 (0.8797)  loss_giou_aux_1: 0.8909 (0.8624)  loss_giou_aux_2: 0.9971 (0.9427)  loss_giou_dn_0: 0.7418 (0.7232)  loss_giou_dn_1: 0.6515 (0.6396)  loss_giou_dn_2: 0.6426 (0.6299)  loss_vfl: 0.5099 (0.5267)  loss_vfl_aux_0: 0.5269 (0.5467)  loss_vfl_aux_1: 0.5068 (0.5363)  loss_vfl_aux_2: 0.5253 (0.5658)  loss_vfl_dn_0: 0.4697 (0.4730)  loss_vfl_dn_1: 0.4456 (0.4457)  loss_vfl_dn_2: 0.4414 (0.4396)  time: 1.1781  data: 0.0284  max mem: 9562
Epoch: [53]  [700/809]  eta: 0:02:06  lr: 0.000100  loss: 9.4393 (9.5101)  loss_bbox: 0.0615 (0.0747)  loss_bbox_aux_0: 0.0666 (0.0800)  loss_bbox_aux_1: 0.0630 (0.0760)  loss_bbox_aux_2: 0.0839 (0.0893)  loss_bbox_dn_0: 0.0476 (0.0515)  loss_bbox_dn_1: 0.0389 (0.0420)  loss_bbox_dn_2: 0.0377 (0.0407)  loss_giou: 0.7590 (0.8513)  loss_giou_aux_0: 0.7973 (0.8769)  loss_giou_aux_1: 0.7762 (0.8592)  loss_giou_aux_2: 0.8936 (0.9393)  loss_giou_dn_0: 0.7240 (0.7230)  loss_giou_dn_1: 0.6436 (0.6392)  loss_giou_dn_2: 0.6278 (0.6294)  loss_vfl: 0.5166 (0.5278)  loss_vfl_aux_0: 0.5498 (0.5474)  loss_vfl_aux_1: 0.5293 (0.5374)  loss_vfl_aux_2: 0.5668 (0.5664)  loss_vfl_dn_0: 0.4750 (0.4731)  loss_vfl_dn_1: 0.4498 (0.4457)  loss_vfl_dn_2: 0.4451 (0.4397)  time: 1.1811  data: 0.0318  max mem: 9562
Epoch: [53]  [800/809]  eta: 0:00:10  lr: 0.000100  loss: 9.8834 (9.5146)  loss_bbox: 0.0774 (0.0744)  loss_bbox_aux_0: 0.0821 (0.0797)  loss_bbox_aux_1: 0.0752 (0.0756)  loss_bbox_aux_2: 0.0907 (0.0892)  loss_bbox_dn_0: 0.0524 (0.0514)  loss_bbox_dn_1: 0.0433 (0.0419)  loss_bbox_dn_2: 0.0425 (0.0407)  loss_giou: 0.9129 (0.8533)  loss_giou_aux_0: 0.9415 (0.8787)  loss_giou_aux_1: 0.9183 (0.8614)  loss_giou_aux_2: 0.9861 (0.9408)  loss_giou_dn_0: 0.7586 (0.7242)  loss_giou_dn_1: 0.6829 (0.6403)  loss_giou_dn_2: 0.6749 (0.6305)  loss_vfl: 0.5261 (0.5269)  loss_vfl_aux_0: 0.5398 (0.5463)  loss_vfl_aux_1: 0.5331 (0.5364)  loss_vfl_aux_2: 0.5518 (0.5649)  loss_vfl_dn_0: 0.4722 (0.4730)  loss_vfl_dn_1: 0.4480 (0.4456)  loss_vfl_dn_2: 0.4456 (0.4396)  time: 1.1514  data: 0.0356  max mem: 9562
Epoch: [53]  [808/809]  eta: 0:00:01  lr: 0.000100  loss: 9.7643 (9.5139)  loss_bbox: 0.0698 (0.0743)  loss_bbox_aux_0: 0.0817 (0.0796)  loss_bbox_aux_1: 0.0699 (0.0756)  loss_bbox_aux_2: 0.0903 (0.0891)  loss_bbox_dn_0: 0.0516 (0.0514)  loss_bbox_dn_1: 0.0435 (0.0419)  loss_bbox_dn_2: 0.0425 (0.0407)  loss_giou: 0.8695 (0.8529)  loss_giou_aux_0: 0.8812 (0.8784)  loss_giou_aux_1: 0.8670 (0.8610)  loss_giou_aux_2: 0.9514 (0.9405)  loss_giou_dn_0: 0.7293 (0.7241)  loss_giou_dn_1: 0.6560 (0.6401)  loss_giou_dn_2: 0.6370 (0.6304)  loss_vfl: 0.5303 (0.5273)  loss_vfl_aux_0: 0.5491 (0.5467)  loss_vfl_aux_1: 0.5393 (0.5367)  loss_vfl_aux_2: 0.5532 (0.5651)  loss_vfl_dn_0: 0.4712 (0.4730)  loss_vfl_dn_1: 0.4479 (0.4456)  loss_vfl_dn_2: 0.4415 (0.4396)  time: 0.9885  data: 0.0318  max mem: 9562
Epoch: [53] Total time: 0:15:38 (1.1597 s / it)
Averaged stats: lr: 0.000100  loss: 9.7643 (9.5139)  loss_bbox: 0.0698 (0.0743)  loss_bbox_aux_0: 0.0817 (0.0796)  loss_bbox_aux_1: 0.0699 (0.0756)  loss_bbox_aux_2: 0.0903 (0.0891)  loss_bbox_dn_0: 0.0516 (0.0514)  loss_bbox_dn_1: 0.0435 (0.0419)  loss_bbox_dn_2: 0.0425 (0.0407)  loss_giou: 0.8695 (0.8529)  loss_giou_aux_0: 0.8812 (0.8784)  loss_giou_aux_1: 0.8670 (0.8610)  loss_giou_aux_2: 0.9514 (0.9405)  loss_giou_dn_0: 0.7293 (0.7241)  loss_giou_dn_1: 0.6560 (0.6401)  loss_giou_dn_2: 0.6370 (0.6304)  loss_vfl: 0.5303 (0.5273)  loss_vfl_aux_0: 0.5491 (0.5467)  loss_vfl_aux_1: 0.5393 (0.5367)  loss_vfl_aux_2: 0.5532 (0.5651)  loss_vfl_dn_0: 0.4712 (0.4730)  loss_vfl_dn_1: 0.4479 (0.4456)  loss_vfl_dn_2: 0.4415 (0.4396)
Test:  [ 0/69]  eta: 0:01:33    time: 1.3575  data: 0.7127  max mem: 9562
Test:  [10/69]  eta: 0:00:44    time: 0.7604  data: 0.0871  max mem: 9562
Test:  [20/69]  eta: 0:00:36    time: 0.7174  data: 0.0244  max mem: 9562
Test:  [30/69]  eta: 0:00:28    time: 0.6975  data: 0.0239  max mem: 9562
Test:  [40/69]  eta: 0:00:20    time: 0.6420  data: 0.0238  max mem: 9562
Test:  [50/69]  eta: 0:00:12    time: 0.6192  data: 0.0243  max mem: 9562
Test:  [60/69]  eta: 0:00:06    time: 0.6506  data: 0.0246  max mem: 9562
Test:  [68/69]  eta: 0:00:00    time: 0.6540  data: 0.0240  max mem: 9562
Test: Total time: 0:00:46 (0.6775 s / it)
Averaged stats: 
Accumulating evaluation results...
DONE (t=2.22s).
IoU metric: bbox
 Average Precision  (AP) @[ IoU=0.50:0.95 | area=   all | maxDets=100 ] = 0.248
 Average Precision  (AP) @[ IoU=0.50      | area=   all | maxDets=100 ] = 0.399
 Average Precision  (AP) @[ IoU=0.75      | area=   all | maxDets=100 ] = 0.256
 Average Precision  (AP) @[ IoU=0.50:0.95 | area= small | maxDets=100 ] = 0.169
 Average Precision  (AP) @[ IoU=0.50:0.95 | area=medium | maxDets=100 ] = 0.331
 Average Precision  (AP) @[ IoU=0.50:0.95 | area= large | maxDets=100 ] = 0.445
 Average Recall     (AR) @[ IoU=0.50:0.95 | area=   all | maxDets=  1 ] = 0.107
 Average Recall     (AR) @[ IoU=0.50:0.95 | area=   all | maxDets= 10 ] = 0.300
 Average Recall     (AR) @[ IoU=0.50:0.95 | area=   all | maxDets=100 ] = 0.407
 Average Recall     (AR) @[ IoU=0.50:0.95 | area= small | maxDets=100 ] = 0.324
 Average Recall     (AR) @[ IoU=0.50:0.95 | area=medium | maxDets=100 ] = 0.511
 Average Recall     (AR) @[ IoU=0.50:0.95 | area= large | maxDets=100 ] = 0.615
best_stat:  {'epoch': 53, 'coco_eval_bbox': 0.24770043195787889}
Epoch: [54]  [  0/809]  eta: 1:22:50  lr: 0.000100  loss: 9.6991 (9.6991)  loss_bbox: 0.0842 (0.0842)  loss_bbox_aux_0: 0.0951 (0.0951)  loss_bbox_aux_1: 0.0888 (0.0888)  loss_bbox_aux_2: 0.1089 (0.1089)  loss_bbox_dn_0: 0.0638 (0.0638)  loss_bbox_dn_1: 0.0560 (0.0560)  loss_bbox_dn_2: 0.0554 (0.0554)  loss_giou: 0.8290 (0.8290)  loss_giou_aux_0: 0.8538 (0.8538)  loss_giou_aux_1: 0.8285 (0.8285)  loss_giou_aux_2: 0.9348 (0.9348)  loss_giou_dn_0: 0.7223 (0.7223)  loss_giou_dn_1: 0.6517 (0.6517)  loss_giou_dn_2: 0.6455 (0.6455)  loss_vfl: 0.5610 (0.5610)  loss_vfl_aux_0: 0.5850 (0.5850)  loss_vfl_aux_1: 0.5847 (0.5847)  loss_vfl_aux_2: 0.6069 (0.6069)  loss_vfl_dn_0: 0.4666 (0.4666)  loss_vfl_dn_1: 0.4423 (0.4423)  loss_vfl_dn_2: 0.4348 (0.4348)  time: 6.1445  data: 3.4146  max mem: 9562
Epoch: [54]  [100/809]  eta: 0:15:01  lr: 0.000100  loss: 9.4648 (9.4870)  loss_bbox: 0.0725 (0.0733)  loss_bbox_aux_0: 0.0787 (0.0775)  loss_bbox_aux_1: 0.0730 (0.0741)  loss_bbox_aux_2: 0.0917 (0.0878)  loss_bbox_dn_0: 0.0525 (0.0499)  loss_bbox_dn_1: 0.0444 (0.0410)  loss_bbox_dn_2: 0.0436 (0.0399)  loss_giou: 0.8263 (0.8587)  loss_giou_aux_0: 0.8423 (0.8832)  loss_giou_aux_1: 0.8296 (0.8673)  loss_giou_aux_2: 0.9037 (0.9424)  loss_giou_dn_0: 0.7027 (0.7237)  loss_giou_dn_1: 0.6204 (0.6411)  loss_giou_dn_2: 0.6128 (0.6315)  loss_vfl: 0.5291 (0.5170)  loss_vfl_aux_0: 0.5524 (0.5394)  loss_vfl_aux_1: 0.5358 (0.5274)  loss_vfl_aux_2: 0.5796 (0.5590)  loss_vfl_dn_0: 0.4755 (0.4722)  loss_vfl_dn_1: 0.4390 (0.4432)  loss_vfl_dn_2: 0.4374 (0.4376)  time: 1.1762  data: 0.0292  max mem: 9562
Epoch: [54]  [200/809]  eta: 0:12:23  lr: 0.000100  loss: 9.7282 (9.5439)  loss_bbox: 0.0651 (0.0748)  loss_bbox_aux_0: 0.0677 (0.0790)  loss_bbox_aux_1: 0.0646 (0.0758)  loss_bbox_aux_2: 0.0780 (0.0889)  loss_bbox_dn_0: 0.0478 (0.0502)  loss_bbox_dn_1: 0.0404 (0.0414)  loss_bbox_dn_2: 0.0391 (0.0404)  loss_giou: 0.9036 (0.8652)  loss_giou_aux_0: 0.9133 (0.8906)  loss_giou_aux_1: 0.9145 (0.8744)  loss_giou_aux_2: 0.9769 (0.9507)  loss_giou_dn_0: 0.7315 (0.7270)  loss_giou_dn_1: 0.6684 (0.6451)  loss_giou_dn_2: 0.6574 (0.6357)  loss_vfl: 0.5272 (0.5197)  loss_vfl_aux_0: 0.5511 (0.5414)  loss_vfl_aux_1: 0.5483 (0.5295)  loss_vfl_aux_2: 0.5649 (0.5587)  loss_vfl_dn_0: 0.4731 (0.4719)  loss_vfl_dn_1: 0.4468 (0.4446)  loss_vfl_dn_2: 0.4426 (0.4388)  time: 1.2270  data: 0.0304  max mem: 9562
Epoch: [54]  [300/809]  eta: 0:10:16  lr: 0.000100  loss: 9.7146 (9.5230)  loss_bbox: 0.0777 (0.0745)  loss_bbox_aux_0: 0.0840 (0.0789)  loss_bbox_aux_1: 0.0740 (0.0756)  loss_bbox_aux_2: 0.0838 (0.0890)  loss_bbox_dn_0: 0.0442 (0.0514)  loss_bbox_dn_1: 0.0351 (0.0422)  loss_bbox_dn_2: 0.0343 (0.0410)  loss_giou: 0.8000 (0.8579)  loss_giou_aux_0: 0.8475 (0.8841)  loss_giou_aux_1: 0.8429 (0.8674)  loss_giou_aux_2: 0.9283 (0.9444)  loss_giou_dn_0: 0.7283 (0.7250)  loss_giou_dn_1: 0.6325 (0.6422)  loss_giou_dn_2: 0.6240 (0.6325)  loss_vfl: 0.5266 (0.5221)  loss_vfl_aux_0: 0.5486 (0.5437)  loss_vfl_aux_1: 0.5359 (0.5320)  loss_vfl_aux_2: 0.5804 (0.5620)  loss_vfl_dn_0: 0.4730 (0.4728)  loss_vfl_dn_1: 0.4415 (0.4451)  loss_vfl_dn_2: 0.4365 (0.4391)  time: 1.1613  data: 0.0304  max mem: 9562
Epoch: [54]  [400/809]  eta: 0:08:14  lr: 0.000100  loss: 9.6837 (9.5145)  loss_bbox: 0.0695 (0.0746)  loss_bbox_aux_0: 0.0740 (0.0787)  loss_bbox_aux_1: 0.0690 (0.0756)  loss_bbox_aux_2: 0.0829 (0.0885)  loss_bbox_dn_0: 0.0435 (0.0509)  loss_bbox_dn_1: 0.0350 (0.0417)  loss_bbox_dn_2: 0.0341 (0.0406)  loss_giou: 0.8637 (0.8565)  loss_giou_aux_0: 0.8727 (0.8819)  loss_giou_aux_1: 0.8676 (0.8651)  loss_giou_aux_2: 0.9405 (0.9431)  loss_giou_dn_0: 0.7225 (0.7229)  loss_giou_dn_1: 0.6532 (0.6402)  loss_giou_dn_2: 0.6446 (0.6305)  loss_vfl: 0.5366 (0.5237)  loss_vfl_aux_0: 0.5636 (0.5453)  loss_vfl_aux_1: 0.5464 (0.5334)  loss_vfl_aux_2: 0.5739 (0.5634)  loss_vfl_dn_0: 0.4790 (0.4732)  loss_vfl_dn_1: 0.4508 (0.4452)  loss_vfl_dn_2: 0.4439 (0.4395)  time: 1.1859  data: 0.0292  max mem: 9562
Epoch: [54]  [500/809]  eta: 0:06:12  lr: 0.000100  loss: 9.2346 (9.4998)  loss_bbox: 0.0697 (0.0746)  loss_bbox_aux_0: 0.0687 (0.0788)  loss_bbox_aux_1: 0.0676 (0.0756)  loss_bbox_aux_2: 0.0802 (0.0885)  loss_bbox_dn_0: 0.0428 (0.0511)  loss_bbox_dn_1: 0.0341 (0.0419)  loss_bbox_dn_2: 0.0335 (0.0407)  loss_giou: 0.7770 (0.8522)  loss_giou_aux_0: 0.7839 (0.8773)  loss_giou_aux_1: 0.7832 (0.8601)  loss_giou_aux_2: 0.8504 (0.9389)  loss_giou_dn_0: 0.6886 (0.7211)  loss_giou_dn_1: 0.6139 (0.6391)  loss_giou_dn_2: 0.6015 (0.6295)  loss_vfl: 0.5417 (0.5257)  loss_vfl_aux_0: 0.5582 (0.5467)  loss_vfl_aux_1: 0.5554 (0.5352)  loss_vfl_aux_2: 0.5781 (0.5656)  loss_vfl_dn_0: 0.4742 (0.4731)  loss_vfl_dn_1: 0.4412 (0.4450)  loss_vfl_dn_2: 0.4335 (0.4391)  time: 1.1491  data: 0.0288  max mem: 9562
Epoch: [54]  [600/809]  eta: 0:04:10  lr: 0.000100  loss: 9.6191 (9.4927)  loss_bbox: 0.0726 (0.0742)  loss_bbox_aux_0: 0.0743 (0.0784)  loss_bbox_aux_1: 0.0717 (0.0752)  loss_bbox_aux_2: 0.0839 (0.0882)  loss_bbox_dn_0: 0.0456 (0.0514)  loss_bbox_dn_1: 0.0372 (0.0421)  loss_bbox_dn_2: 0.0362 (0.0410)  loss_giou: 0.8253 (0.8483)  loss_giou_aux_0: 0.8644 (0.8738)  loss_giou_aux_1: 0.8369 (0.8561)  loss_giou_aux_2: 0.9270 (0.9358)  loss_giou_dn_0: 0.7272 (0.7210)  loss_giou_dn_1: 0.6530 (0.6389)  loss_giou_dn_2: 0.6374 (0.6293)  loss_vfl: 0.5354 (0.5279)  loss_vfl_aux_0: 0.5503 (0.5491)  loss_vfl_aux_1: 0.5405 (0.5375)  loss_vfl_aux_2: 0.5601 (0.5672)  loss_vfl_dn_0: 0.4666 (0.4733)  loss_vfl_dn_1: 0.4403 (0.4451)  loss_vfl_dn_2: 0.4337 (0.4390)  time: 1.1532  data: 0.0312  max mem: 9562
Epoch: [54]  [700/809]  eta: 0:02:10  lr: 0.000100  loss: 9.4592 (9.5127)  loss_bbox: 0.0709 (0.0747)  loss_bbox_aux_0: 0.0757 (0.0788)  loss_bbox_aux_1: 0.0702 (0.0758)  loss_bbox_aux_2: 0.0870 (0.0885)  loss_bbox_dn_0: 0.0469 (0.0512)  loss_bbox_dn_1: 0.0388 (0.0419)  loss_bbox_dn_2: 0.0374 (0.0408)  loss_giou: 0.8371 (0.8542)  loss_giou_aux_0: 0.8751 (0.8792)  loss_giou_aux_1: 0.8446 (0.8622)  loss_giou_aux_2: 0.9212 (0.9416)  loss_giou_dn_0: 0.7303 (0.7228)  loss_giou_dn_1: 0.6446 (0.6405)  loss_giou_dn_2: 0.6284 (0.6309)  loss_vfl: 0.5070 (0.5256)  loss_vfl_aux_0: 0.5327 (0.5469)  loss_vfl_aux_1: 0.5203 (0.5349)  loss_vfl_aux_2: 0.5398 (0.5651)  loss_vfl_dn_0: 0.4757 (0.4732)  loss_vfl_dn_1: 0.4507 (0.4451)  loss_vfl_dn_2: 0.4438 (0.4390)  time: 1.1181  data: 0.0307  max mem: 9562
Epoch: [54]  [800/809]  eta: 0:00:10  lr: 0.000100  loss: 9.5167 (9.5145)  loss_bbox: 0.0696 (0.0746)  loss_bbox_aux_0: 0.0747 (0.0786)  loss_bbox_aux_1: 0.0705 (0.0757)  loss_bbox_aux_2: 0.0847 (0.0885)  loss_bbox_dn_0: 0.0505 (0.0512)  loss_bbox_dn_1: 0.0416 (0.0420)  loss_bbox_dn_2: 0.0399 (0.0408)  loss_giou: 0.8682 (0.8532)  loss_giou_aux_0: 0.9182 (0.8781)  loss_giou_aux_1: 0.8900 (0.8614)  loss_giou_aux_2: 0.9611 (0.9409)  loss_giou_dn_0: 0.7293 (0.7230)  loss_giou_dn_1: 0.6495 (0.6407)  loss_giou_dn_2: 0.6379 (0.6311)  loss_vfl: 0.5278 (0.5272)  loss_vfl_aux_0: 0.5601 (0.5479)  loss_vfl_aux_1: 0.5387 (0.5363)  loss_vfl_aux_2: 0.5657 (0.5657)  loss_vfl_dn_0: 0.4656 (0.4733)  loss_vfl_dn_1: 0.4351 (0.4453)  loss_vfl_dn_2: 0.4299 (0.4391)  time: 1.1737  data: 0.0294  max mem: 9601
Epoch: [54]  [808/809]  eta: 0:00:01  lr: 0.000100  loss: 9.3591 (9.5143)  loss_bbox: 0.0655 (0.0745)  loss_bbox_aux_0: 0.0676 (0.0785)  loss_bbox_aux_1: 0.0655 (0.0756)  loss_bbox_aux_2: 0.0835 (0.0884)  loss_bbox_dn_0: 0.0446 (0.0511)  loss_bbox_dn_1: 0.0373 (0.0419)  loss_bbox_dn_2: 0.0365 (0.0408)  loss_giou: 0.8597 (0.8533)  loss_giou_aux_0: 0.8943 (0.8782)  loss_giou_aux_1: 0.8595 (0.8615)  loss_giou_aux_2: 0.9354 (0.9410)  loss_giou_dn_0: 0.7141 (0.7228)  loss_giou_dn_1: 0.6284 (0.6406)  loss_giou_dn_2: 0.6189 (0.6309)  loss_vfl: 0.5504 (0.5273)  loss_vfl_aux_0: 0.5670 (0.5480)  loss_vfl_aux_1: 0.5569 (0.5364)  loss_vfl_aux_2: 0.5802 (0.5658)  loss_vfl_dn_0: 0.4667 (0.4733)  loss_vfl_dn_1: 0.4391 (0.4453)  loss_vfl_dn_2: 0.4365 (0.4391)  time: 1.0178  data: 0.0288  max mem: 9601
Epoch: [54] Total time: 0:16:03 (1.1913 s / it)
Averaged stats: lr: 0.000100  loss: 9.3591 (9.5143)  loss_bbox: 0.0655 (0.0745)  loss_bbox_aux_0: 0.0676 (0.0785)  loss_bbox_aux_1: 0.0655 (0.0756)  loss_bbox_aux_2: 0.0835 (0.0884)  loss_bbox_dn_0: 0.0446 (0.0511)  loss_bbox_dn_1: 0.0373 (0.0419)  loss_bbox_dn_2: 0.0365 (0.0408)  loss_giou: 0.8597 (0.8533)  loss_giou_aux_0: 0.8943 (0.8782)  loss_giou_aux_1: 0.8595 (0.8615)  loss_giou_aux_2: 0.9354 (0.9410)  loss_giou_dn_0: 0.7141 (0.7228)  loss_giou_dn_1: 0.6284 (0.6406)  loss_giou_dn_2: 0.6189 (0.6309)  loss_vfl: 0.5504 (0.5273)  loss_vfl_aux_0: 0.5670 (0.5480)  loss_vfl_aux_1: 0.5569 (0.5364)  loss_vfl_aux_2: 0.5802 (0.5658)  loss_vfl_dn_0: 0.4667 (0.4733)  loss_vfl_dn_1: 0.4391 (0.4453)  loss_vfl_dn_2: 0.4365 (0.4391)
Test:  [ 0/69]  eta: 0:01:47    time: 1.5545  data: 0.6944  max mem: 9601
Test:  [10/69]  eta: 0:00:44    time: 0.7625  data: 0.0836  max mem: 9601
Test:  [20/69]  eta: 0:00:36    time: 0.7091  data: 0.0225  max mem: 9601
Test:  [30/69]  eta: 0:00:28    time: 0.6999  data: 0.0231  max mem: 9601
Test:  [40/69]  eta: 0:00:20    time: 0.6602  data: 0.0235  max mem: 9601
Test:  [50/69]  eta: 0:00:13    time: 0.6328  data: 0.0238  max mem: 9601
Test:  [60/69]  eta: 0:00:06    time: 0.6125  data: 0.0238  max mem: 9601
Test:  [68/69]  eta: 0:00:00    time: 0.6757  data: 0.0224  max mem: 9601
Test: Total time: 0:00:47 (0.6882 s / it)
Averaged stats: 
Accumulating evaluation results...
DONE (t=2.20s).
IoU metric: bbox
 Average Precision  (AP) @[ IoU=0.50:0.95 | area=   all | maxDets=100 ] = 0.247
 Average Precision  (AP) @[ IoU=0.50      | area=   all | maxDets=100 ] = 0.399
 Average Precision  (AP) @[ IoU=0.75      | area=   all | maxDets=100 ] = 0.254
 Average Precision  (AP) @[ IoU=0.50:0.95 | area= small | maxDets=100 ] = 0.169
 Average Precision  (AP) @[ IoU=0.50:0.95 | area=medium | maxDets=100 ] = 0.331
 Average Precision  (AP) @[ IoU=0.50:0.95 | area= large | maxDets=100 ] = 0.436
 Average Recall     (AR) @[ IoU=0.50:0.95 | area=   all | maxDets=  1 ] = 0.107
 Average Recall     (AR) @[ IoU=0.50:0.95 | area=   all | maxDets= 10 ] = 0.301
 Average Recall     (AR) @[ IoU=0.50:0.95 | area=   all | maxDets=100 ] = 0.407
 Average Recall     (AR) @[ IoU=0.50:0.95 | area= small | maxDets=100 ] = 0.325
 Average Recall     (AR) @[ IoU=0.50:0.95 | area=medium | maxDets=100 ] = 0.511
 Average Recall     (AR) @[ IoU=0.50:0.95 | area= large | maxDets=100 ] = 0.613
best_stat:  {'epoch': 53, 'coco_eval_bbox': 0.24770043195787889}
Epoch: [55]  [  0/809]  eta: 1:27:18  lr: 0.000100  loss: 8.5820 (8.5820)  loss_bbox: 0.0651 (0.0651)  loss_bbox_aux_0: 0.0668 (0.0668)  loss_bbox_aux_1: 0.0640 (0.0640)  loss_bbox_aux_2: 0.0781 (0.0781)  loss_bbox_dn_0: 0.0671 (0.0671)  loss_bbox_dn_1: 0.0518 (0.0518)  loss_bbox_dn_2: 0.0496 (0.0496)  loss_giou: 0.6575 (0.6575)  loss_giou_aux_0: 0.6931 (0.6931)  loss_giou_aux_1: 0.6629 (0.6629)  loss_giou_aux_2: 0.7517 (0.7517)  loss_giou_dn_0: 0.6413 (0.6413)  loss_giou_dn_1: 0.5643 (0.5643)  loss_giou_dn_2: 0.5566 (0.5566)  loss_vfl: 0.5373 (0.5373)  loss_vfl_aux_0: 0.5803 (0.5803)  loss_vfl_aux_1: 0.5552 (0.5552)  loss_vfl_aux_2: 0.6141 (0.6141)  loss_vfl_dn_0: 0.4693 (0.4693)  loss_vfl_dn_1: 0.4315 (0.4315)  loss_vfl_dn_2: 0.4244 (0.4244)  time: 6.4755  data: 3.5248  max mem: 9601
Epoch: [55]  [100/809]  eta: 0:14:24  lr: 0.000100  loss: 9.5296 (9.5445)  loss_bbox: 0.0703 (0.0783)  loss_bbox_aux_0: 0.0687 (0.0816)  loss_bbox_aux_1: 0.0700 (0.0792)  loss_bbox_aux_2: 0.0774 (0.0920)  loss_bbox_dn_0: 0.0457 (0.0509)  loss_bbox_dn_1: 0.0377 (0.0418)  loss_bbox_dn_2: 0.0369 (0.0407)  loss_giou: 0.8740 (0.8651)  loss_giou_aux_0: 0.8854 (0.8922)  loss_giou_aux_1: 0.8842 (0.8745)  loss_giou_aux_2: 0.9590 (0.9562)  loss_giou_dn_0: 0.7224 (0.7259)  loss_giou_dn_1: 0.6413 (0.6454)  loss_giou_dn_2: 0.6335 (0.6364)  loss_vfl: 0.5177 (0.5163)  loss_vfl_aux_0: 0.5344 (0.5389)  loss_vfl_aux_1: 0.5283 (0.5267)  loss_vfl_aux_2: 0.5427 (0.5554)  loss_vfl_dn_0: 0.4677 (0.4703)  loss_vfl_dn_1: 0.4392 (0.4412)  loss_vfl_dn_2: 0.4312 (0.4353)  time: 1.1526  data: 0.0310  max mem: 9601
Epoch: [55]  [200/809]  eta: 0:12:06  lr: 0.000100  loss: 9.9057 (9.6003)  loss_bbox: 0.0849 (0.0795)  loss_bbox_aux_0: 0.0900 (0.0839)  loss_bbox_aux_1: 0.0842 (0.0808)  loss_bbox_aux_2: 0.0933 (0.0929)  loss_bbox_dn_0: 0.0455 (0.0501)  loss_bbox_dn_1: 0.0374 (0.0412)  loss_bbox_dn_2: 0.0366 (0.0401)  loss_giou: 0.9903 (0.8768)  loss_giou_aux_0: 0.9799 (0.9015)  loss_giou_aux_1: 0.9887 (0.8851)  loss_giou_aux_2: 1.0184 (0.9644)  loss_giou_dn_0: 0.7496 (0.7307)  loss_giou_dn_1: 0.6719 (0.6515)  loss_giou_dn_2: 0.6635 (0.6428)  loss_vfl: 0.4702 (0.5149)  loss_vfl_aux_0: 0.4950 (0.5375)  loss_vfl_aux_1: 0.4802 (0.5245)  loss_vfl_aux_2: 0.5302 (0.5548)  loss_vfl_dn_0: 0.4650 (0.4700)  loss_vfl_dn_1: 0.4362 (0.4417)  loss_vfl_dn_2: 0.4313 (0.4355)  time: 1.1691  data: 0.0276  max mem: 9601
Epoch: [55]  [300/809]  eta: 0:09:59  lr: 0.000100  loss: 9.6818 (9.6131)  loss_bbox: 0.0667 (0.0781)  loss_bbox_aux_0: 0.0789 (0.0826)  loss_bbox_aux_1: 0.0681 (0.0793)  loss_bbox_aux_2: 0.0898 (0.0921)  loss_bbox_dn_0: 0.0487 (0.0499)  loss_bbox_dn_1: 0.0398 (0.0410)  loss_bbox_dn_2: 0.0387 (0.0399)  loss_giou: 0.8536 (0.8771)  loss_giou_aux_0: 0.8638 (0.9018)  loss_giou_aux_1: 0.8654 (0.8861)  loss_giou_aux_2: 0.9368 (0.9638)  loss_giou_dn_0: 0.7299 (0.7309)  loss_giou_dn_1: 0.6617 (0.6508)  loss_giou_dn_2: 0.6399 (0.6418)  loss_vfl: 0.5477 (0.5190)  loss_vfl_aux_0: 0.5692 (0.5411)  loss_vfl_aux_1: 0.5582 (0.5287)  loss_vfl_aux_2: 0.5908 (0.5574)  loss_vfl_dn_0: 0.4735 (0.4711)  loss_vfl_dn_1: 0.4424 (0.4433)  loss_vfl_dn_2: 0.4333 (0.4371)  time: 1.1289  data: 0.0300  max mem: 9601
Epoch: [55]  [400/809]  eta: 0:08:00  lr: 0.000100  loss: 9.2952 (9.5830)  loss_bbox: 0.0671 (0.0768)  loss_bbox_aux_0: 0.0712 (0.0814)  loss_bbox_aux_1: 0.0690 (0.0780)  loss_bbox_aux_2: 0.0820 (0.0909)  loss_bbox_dn_0: 0.0521 (0.0501)  loss_bbox_dn_1: 0.0424 (0.0411)  loss_bbox_dn_2: 0.0402 (0.0400)  loss_giou: 0.8393 (0.8711)  loss_giou_aux_0: 0.8637 (0.8961)  loss_giou_aux_1: 0.8491 (0.8801)  loss_giou_aux_2: 0.9095 (0.9589)  loss_giou_dn_0: 0.7049 (0.7294)  loss_giou_dn_1: 0.6053 (0.6486)  loss_giou_dn_2: 0.5940 (0.6395)  loss_vfl: 0.5182 (0.5199)  loss_vfl_aux_0: 0.5366 (0.5415)  loss_vfl_aux_1: 0.5247 (0.5297)  loss_vfl_aux_2: 0.5608 (0.5581)  loss_vfl_dn_0: 0.4783 (0.4712)  loss_vfl_dn_1: 0.4440 (0.4435)  loss_vfl_dn_2: 0.4387 (0.4371)  time: 1.1933  data: 0.0280  max mem: 9601
Epoch: [55]  [500/809]  eta: 0:06:03  lr: 0.000100  loss: 9.4930 (9.5679)  loss_bbox: 0.0614 (0.0760)  loss_bbox_aux_0: 0.0675 (0.0807)  loss_bbox_aux_1: 0.0633 (0.0774)  loss_bbox_aux_2: 0.0806 (0.0904)  loss_bbox_dn_0: 0.0502 (0.0504)  loss_bbox_dn_1: 0.0414 (0.0413)  loss_bbox_dn_2: 0.0405 (0.0402)  loss_giou: 0.7357 (0.8673)  loss_giou_aux_0: 0.7566 (0.8924)  loss_giou_aux_1: 0.7436 (0.8763)  loss_giou_aux_2: 0.8472 (0.9557)  loss_giou_dn_0: 0.7124 (0.7275)  loss_giou_dn_1: 0.6290 (0.6463)  loss_giou_dn_2: 0.6162 (0.6370)  loss_vfl: 0.5558 (0.5216)  loss_vfl_aux_0: 0.5720 (0.5428)  loss_vfl_aux_1: 0.5592 (0.5309)  loss_vfl_aux_2: 0.5762 (0.5596)  loss_vfl_dn_0: 0.4790 (0.4721)  loss_vfl_dn_1: 0.4460 (0.4442)  loss_vfl_dn_2: 0.4409 (0.4378)  time: 1.1943  data: 0.0313  max mem: 9601
Epoch: [55]  [600/809]  eta: 0:04:06  lr: 0.000100  loss: 9.6883 (9.5422)  loss_bbox: 0.0673 (0.0750)  loss_bbox_aux_0: 0.0785 (0.0797)  loss_bbox_aux_1: 0.0691 (0.0763)  loss_bbox_aux_2: 0.0868 (0.0897)  loss_bbox_dn_0: 0.0432 (0.0506)  loss_bbox_dn_1: 0.0349 (0.0415)  loss_bbox_dn_2: 0.0345 (0.0404)  loss_giou: 0.8885 (0.8617)  loss_giou_aux_0: 0.8936 (0.8868)  loss_giou_aux_1: 0.8884 (0.8705)  loss_giou_aux_2: 0.9552 (0.9506)  loss_giou_dn_0: 0.7488 (0.7257)  loss_giou_dn_1: 0.6570 (0.6441)  loss_giou_dn_2: 0.6463 (0.6348)  loss_vfl: 0.5062 (0.5231)  loss_vfl_aux_0: 0.5317 (0.5445)  loss_vfl_aux_1: 0.5220 (0.5326)  loss_vfl_aux_2: 0.5432 (0.5614)  loss_vfl_dn_0: 0.4658 (0.4720)  loss_vfl_dn_1: 0.4407 (0.4438)  loss_vfl_dn_2: 0.4363 (0.4373)  time: 1.2071  data: 0.0345  max mem: 9601
Epoch: [55]  [700/809]  eta: 0:02:08  lr: 0.000100  loss: 9.3015 (9.5294)  loss_bbox: 0.0659 (0.0745)  loss_bbox_aux_0: 0.0718 (0.0793)  loss_bbox_aux_1: 0.0660 (0.0758)  loss_bbox_aux_2: 0.0846 (0.0892)  loss_bbox_dn_0: 0.0571 (0.0508)  loss_bbox_dn_1: 0.0459 (0.0416)  loss_bbox_dn_2: 0.0455 (0.0405)  loss_giou: 0.7990 (0.8569)  loss_giou_aux_0: 0.8296 (0.8824)  loss_giou_aux_1: 0.7958 (0.8657)  loss_giou_aux_2: 0.8923 (0.9468)  loss_giou_dn_0: 0.7275 (0.7246)  loss_giou_dn_1: 0.6453 (0.6424)  loss_giou_dn_2: 0.6328 (0.6330)  loss_vfl: 0.5480 (0.5260)  loss_vfl_aux_0: 0.5881 (0.5470)  loss_vfl_aux_1: 0.5732 (0.5354)  loss_vfl_aux_2: 0.5967 (0.5637)  loss_vfl_dn_0: 0.4781 (0.4722)  loss_vfl_dn_1: 0.4441 (0.4440)  loss_vfl_dn_2: 0.4366 (0.4375)  time: 1.2194  data: 0.0308  max mem: 9601
Epoch: [55]  [800/809]  eta: 0:00:10  lr: 0.000100  loss: 8.8029 (9.5072)  loss_bbox: 0.0620 (0.0741)  loss_bbox_aux_0: 0.0637 (0.0789)  loss_bbox_aux_1: 0.0635 (0.0755)  loss_bbox_aux_2: 0.0784 (0.0890)  loss_bbox_dn_0: 0.0532 (0.0509)  loss_bbox_dn_1: 0.0404 (0.0416)  loss_bbox_dn_2: 0.0392 (0.0405)  loss_giou: 0.6856 (0.8516)  loss_giou_aux_0: 0.7019 (0.8773)  loss_giou_aux_1: 0.6884 (0.8603)  loss_giou_aux_2: 0.7701 (0.9419)  loss_giou_dn_0: 0.6735 (0.7216)  loss_giou_dn_1: 0.5595 (0.6394)  loss_giou_dn_2: 0.5396 (0.6300)  loss_vfl: 0.5360 (0.5279)  loss_vfl_aux_0: 0.5825 (0.5491)  loss_vfl_aux_1: 0.5630 (0.5374)  loss_vfl_aux_2: 0.5955 (0.5661)  loss_vfl_dn_0: 0.4697 (0.4725)  loss_vfl_dn_1: 0.4349 (0.4441)  loss_vfl_dn_2: 0.4266 (0.4376)  time: 1.1398  data: 0.0297  max mem: 9601
Epoch: [55]  [808/809]  eta: 0:00:01  lr: 0.000100  loss: 9.3402 (9.5087)  loss_bbox: 0.0662 (0.0742)  loss_bbox_aux_0: 0.0745 (0.0790)  loss_bbox_aux_1: 0.0673 (0.0756)  loss_bbox_aux_2: 0.0822 (0.0891)  loss_bbox_dn_0: 0.0500 (0.0509)  loss_bbox_dn_1: 0.0402 (0.0416)  loss_bbox_dn_2: 0.0390 (0.0405)  loss_giou: 0.7961 (0.8518)  loss_giou_aux_0: 0.8277 (0.8775)  loss_giou_aux_1: 0.7958 (0.8606)  loss_giou_aux_2: 0.8911 (0.9422)  loss_giou_dn_0: 0.7039 (0.7217)  loss_giou_dn_1: 0.6115 (0.6394)  loss_giou_dn_2: 0.6007 (0.6300)  loss_vfl: 0.5360 (0.5279)  loss_vfl_aux_0: 0.5652 (0.5491)  loss_vfl_aux_1: 0.5510 (0.5374)  loss_vfl_aux_2: 0.5664 (0.5662)  loss_vfl_dn_0: 0.4712 (0.4725)  loss_vfl_dn_1: 0.4403 (0.4441)  loss_vfl_dn_2: 0.4347 (0.4376)  time: 0.9742  data: 0.0275  max mem: 9601
Epoch: [55] Total time: 0:15:44 (1.1679 s / it)
Averaged stats: lr: 0.000100  loss: 9.3402 (9.5087)  loss_bbox: 0.0662 (0.0742)  loss_bbox_aux_0: 0.0745 (0.0790)  loss_bbox_aux_1: 0.0673 (0.0756)  loss_bbox_aux_2: 0.0822 (0.0891)  loss_bbox_dn_0: 0.0500 (0.0509)  loss_bbox_dn_1: 0.0402 (0.0416)  loss_bbox_dn_2: 0.0390 (0.0405)  loss_giou: 0.7961 (0.8518)  loss_giou_aux_0: 0.8277 (0.8775)  loss_giou_aux_1: 0.7958 (0.8606)  loss_giou_aux_2: 0.8911 (0.9422)  loss_giou_dn_0: 0.7039 (0.7217)  loss_giou_dn_1: 0.6115 (0.6394)  loss_giou_dn_2: 0.6007 (0.6300)  loss_vfl: 0.5360 (0.5279)  loss_vfl_aux_0: 0.5652 (0.5491)  loss_vfl_aux_1: 0.5510 (0.5374)  loss_vfl_aux_2: 0.5664 (0.5662)  loss_vfl_dn_0: 0.4712 (0.4725)  loss_vfl_dn_1: 0.4403 (0.4441)  loss_vfl_dn_2: 0.4347 (0.4376)
Test:  [ 0/69]  eta: 0:01:35    time: 1.3906  data: 0.6661  max mem: 9601
Test:  [10/69]  eta: 0:00:45    time: 0.7657  data: 0.0828  max mem: 9601
Test:  [20/69]  eta: 0:00:36    time: 0.7226  data: 0.0243  max mem: 9601
Test:  [30/69]  eta: 0:00:28    time: 0.7063  data: 0.0242  max mem: 9601
Test:  [40/69]  eta: 0:00:20    time: 0.6639  data: 0.0231  max mem: 9601
Test:  [50/69]  eta: 0:00:13    time: 0.6305  data: 0.0226  max mem: 9601
Test:  [60/69]  eta: 0:00:06    time: 0.5961  data: 0.0225  max mem: 9601
Test:  [68/69]  eta: 0:00:00    time: 0.6588  data: 0.0216  max mem: 9601
Test: Total time: 0:00:47 (0.6846 s / it)
Averaged stats: 
Accumulating evaluation results...
DONE (t=2.25s).
IoU metric: bbox
 Average Precision  (AP) @[ IoU=0.50:0.95 | area=   all | maxDets=100 ] = 0.249
 Average Precision  (AP) @[ IoU=0.50      | area=   all | maxDets=100 ] = 0.401
 Average Precision  (AP) @[ IoU=0.75      | area=   all | maxDets=100 ] = 0.256
 Average Precision  (AP) @[ IoU=0.50:0.95 | area= small | maxDets=100 ] = 0.170
 Average Precision  (AP) @[ IoU=0.50:0.95 | area=medium | maxDets=100 ] = 0.332
 Average Precision  (AP) @[ IoU=0.50:0.95 | area= large | maxDets=100 ] = 0.444
 Average Recall     (AR) @[ IoU=0.50:0.95 | area=   all | maxDets=  1 ] = 0.107
 Average Recall     (AR) @[ IoU=0.50:0.95 | area=   all | maxDets= 10 ] = 0.302
 Average Recall     (AR) @[ IoU=0.50:0.95 | area=   all | maxDets=100 ] = 0.409
 Average Recall     (AR) @[ IoU=0.50:0.95 | area= small | maxDets=100 ] = 0.327
 Average Recall     (AR) @[ IoU=0.50:0.95 | area=medium | maxDets=100 ] = 0.511
 Average Recall     (AR) @[ IoU=0.50:0.95 | area= large | maxDets=100 ] = 0.618
best_stat:  {'epoch': 55, 'coco_eval_bbox': 0.2487928339072374}
Epoch: [56]  [  0/809]  eta: 1:28:09  lr: 0.000100  loss: 9.3370 (9.3370)  loss_bbox: 0.0532 (0.0532)  loss_bbox_aux_0: 0.0570 (0.0570)  loss_bbox_aux_1: 0.0539 (0.0539)  loss_bbox_aux_2: 0.0692 (0.0692)  loss_bbox_dn_0: 0.0498 (0.0498)  loss_bbox_dn_1: 0.0419 (0.0419)  loss_bbox_dn_2: 0.0410 (0.0410)  loss_giou: 0.7827 (0.7827)  loss_giou_aux_0: 0.8072 (0.8072)  loss_giou_aux_1: 0.7894 (0.7894)  loss_giou_aux_2: 0.8440 (0.8440)  loss_giou_dn_0: 0.7273 (0.7273)  loss_giou_dn_1: 0.6607 (0.6607)  loss_giou_dn_2: 0.6609 (0.6609)  loss_vfl: 0.5707 (0.5707)  loss_vfl_aux_0: 0.6014 (0.6014)  loss_vfl_aux_1: 0.5856 (0.5856)  loss_vfl_aux_2: 0.6243 (0.6243)  loss_vfl_dn_0: 0.4539 (0.4539)  loss_vfl_dn_1: 0.4347 (0.4347)  loss_vfl_dn_2: 0.4283 (0.4283)  time: 6.5382  data: 3.0432  max mem: 9601
Epoch: [56]  [100/809]  eta: 0:14:38  lr: 0.000100  loss: 9.4860 (9.5862)  loss_bbox: 0.0731 (0.0765)  loss_bbox_aux_0: 0.0779 (0.0820)  loss_bbox_aux_1: 0.0715 (0.0778)  loss_bbox_aux_2: 0.0862 (0.0925)  loss_bbox_dn_0: 0.0471 (0.0503)  loss_bbox_dn_1: 0.0372 (0.0410)  loss_bbox_dn_2: 0.0370 (0.0399)  loss_giou: 0.8403 (0.8786)  loss_giou_aux_0: 0.8560 (0.9050)  loss_giou_aux_1: 0.8402 (0.8856)  loss_giou_aux_2: 0.9003 (0.9630)  loss_giou_dn_0: 0.6865 (0.7299)  loss_giou_dn_1: 0.6038 (0.6440)  loss_giou_dn_2: 0.5982 (0.6345)  loss_vfl: 0.5088 (0.5162)  loss_vfl_aux_0: 0.5227 (0.5355)  loss_vfl_aux_1: 0.5188 (0.5263)  loss_vfl_aux_2: 0.5398 (0.5556)  loss_vfl_dn_0: 0.4661 (0.4697)  loss_vfl_dn_1: 0.4382 (0.4441)  loss_vfl_dn_2: 0.4330 (0.4380)  time: 1.1651  data: 0.0306  max mem: 9601
Epoch: [56]  [200/809]  eta: 0:12:04  lr: 0.000100  loss: 9.6883 (9.5571)  loss_bbox: 0.0731 (0.0761)  loss_bbox_aux_0: 0.0781 (0.0810)  loss_bbox_aux_1: 0.0729 (0.0775)  loss_bbox_aux_2: 0.0889 (0.0912)  loss_bbox_dn_0: 0.0487 (0.0509)  loss_bbox_dn_1: 0.0404 (0.0416)  loss_bbox_dn_2: 0.0404 (0.0405)  loss_giou: 0.9013 (0.8696)  loss_giou_aux_0: 0.9260 (0.8950)  loss_giou_aux_1: 0.9206 (0.8762)  loss_giou_aux_2: 0.9910 (0.9526)  loss_giou_dn_0: 0.7454 (0.7261)  loss_giou_dn_1: 0.6514 (0.6424)  loss_giou_dn_2: 0.6432 (0.6332)  loss_vfl: 0.5109 (0.5187)  loss_vfl_aux_0: 0.5353 (0.5404)  loss_vfl_aux_1: 0.5226 (0.5288)  loss_vfl_aux_2: 0.5540 (0.5599)  loss_vfl_dn_0: 0.4683 (0.4718)  loss_vfl_dn_1: 0.4410 (0.4447)  loss_vfl_dn_2: 0.4385 (0.4389)  time: 1.1677  data: 0.0289  max mem: 9601
Epoch: [56]  [300/809]  eta: 0:09:59  lr: 0.000100  loss: 9.5684 (9.5351)  loss_bbox: 0.0723 (0.0771)  loss_bbox_aux_0: 0.0760 (0.0824)  loss_bbox_aux_1: 0.0730 (0.0787)  loss_bbox_aux_2: 0.0846 (0.0925)  loss_bbox_dn_0: 0.0469 (0.0502)  loss_bbox_dn_1: 0.0397 (0.0411)  loss_bbox_dn_2: 0.0388 (0.0400)  loss_giou: 0.8579 (0.8637)  loss_giou_aux_0: 0.8821 (0.8898)  loss_giou_aux_1: 0.8624 (0.8707)  loss_giou_aux_2: 0.9366 (0.9487)  loss_giou_dn_0: 0.7249 (0.7241)  loss_giou_dn_1: 0.6414 (0.6414)  loss_giou_dn_2: 0.6300 (0.6318)  loss_vfl: 0.5142 (0.5189)  loss_vfl_aux_0: 0.5375 (0.5403)  loss_vfl_aux_1: 0.5225 (0.5291)  loss_vfl_aux_2: 0.5586 (0.5604)  loss_vfl_dn_0: 0.4736 (0.4719)  loss_vfl_dn_1: 0.4446 (0.4443)  loss_vfl_dn_2: 0.4337 (0.4381)  time: 1.1549  data: 0.0288  max mem: 9601
Epoch: [56]  [400/809]  eta: 0:07:59  lr: 0.000100  loss: 9.0460 (9.5061)  loss_bbox: 0.0625 (0.0758)  loss_bbox_aux_0: 0.0668 (0.0809)  loss_bbox_aux_1: 0.0655 (0.0773)  loss_bbox_aux_2: 0.0744 (0.0906)  loss_bbox_dn_0: 0.0441 (0.0496)  loss_bbox_dn_1: 0.0375 (0.0406)  loss_bbox_dn_2: 0.0365 (0.0395)  loss_giou: 0.7611 (0.8594)  loss_giou_aux_0: 0.7781 (0.8848)  loss_giou_aux_1: 0.7656 (0.8662)  loss_giou_aux_2: 0.8427 (0.9443)  loss_giou_dn_0: 0.7004 (0.7223)  loss_giou_dn_1: 0.6201 (0.6397)  loss_giou_dn_2: 0.6131 (0.6302)  loss_vfl: 0.5187 (0.5197)  loss_vfl_aux_0: 0.5438 (0.5416)  loss_vfl_aux_1: 0.5316 (0.5299)  loss_vfl_aux_2: 0.5573 (0.5612)  loss_vfl_dn_0: 0.4733 (0.4717)  loss_vfl_dn_1: 0.4431 (0.4436)  loss_vfl_dn_2: 0.4371 (0.4373)  time: 1.1495  data: 0.0288  max mem: 9601
Epoch: [56]  [500/809]  eta: 0:06:00  lr: 0.000100  loss: 9.2681 (9.5159)  loss_bbox: 0.0633 (0.0756)  loss_bbox_aux_0: 0.0688 (0.0805)  loss_bbox_aux_1: 0.0653 (0.0772)  loss_bbox_aux_2: 0.0808 (0.0903)  loss_bbox_dn_0: 0.0491 (0.0499)  loss_bbox_dn_1: 0.0436 (0.0408)  loss_bbox_dn_2: 0.0404 (0.0397)  loss_giou: 0.7851 (0.8596)  loss_giou_aux_0: 0.8114 (0.8856)  loss_giou_aux_1: 0.7873 (0.8666)  loss_giou_aux_2: 0.8897 (0.9463)  loss_giou_dn_0: 0.7094 (0.7229)  loss_giou_dn_1: 0.6270 (0.6404)  loss_giou_dn_2: 0.6171 (0.6309)  loss_vfl: 0.5308 (0.5212)  loss_vfl_aux_0: 0.5481 (0.5426)  loss_vfl_aux_1: 0.5359 (0.5312)  loss_vfl_aux_2: 0.5674 (0.5619)  loss_vfl_dn_0: 0.4709 (0.4719)  loss_vfl_dn_1: 0.4410 (0.4436)  loss_vfl_dn_2: 0.4374 (0.4374)  time: 1.1320  data: 0.0294  max mem: 9601
Epoch: [56]  [600/809]  eta: 0:04:04  lr: 0.000100  loss: 9.4504 (9.5023)  loss_bbox: 0.0696 (0.0748)  loss_bbox_aux_0: 0.0737 (0.0796)  loss_bbox_aux_1: 0.0705 (0.0764)  loss_bbox_aux_2: 0.0853 (0.0894)  loss_bbox_dn_0: 0.0482 (0.0501)  loss_bbox_dn_1: 0.0411 (0.0410)  loss_bbox_dn_2: 0.0402 (0.0399)  loss_giou: 0.8267 (0.8554)  loss_giou_aux_0: 0.8697 (0.8814)  loss_giou_aux_1: 0.8240 (0.8624)  loss_giou_aux_2: 0.9285 (0.9424)  loss_giou_dn_0: 0.7240 (0.7223)  loss_giou_dn_1: 0.6427 (0.6398)  loss_giou_dn_2: 0.6282 (0.6303)  loss_vfl: 0.5454 (0.5229)  loss_vfl_aux_0: 0.5627 (0.5443)  loss_vfl_aux_1: 0.5486 (0.5329)  loss_vfl_aux_2: 0.5769 (0.5636)  loss_vfl_dn_0: 0.4720 (0.4719)  loss_vfl_dn_1: 0.4480 (0.4439)  loss_vfl_dn_2: 0.4398 (0.4375)  time: 1.1581  data: 0.0408  max mem: 9601
Epoch: [56]  [700/809]  eta: 0:02:07  lr: 0.000100  loss: 9.4749 (9.5156)  loss_bbox: 0.0703 (0.0749)  loss_bbox_aux_0: 0.0775 (0.0797)  loss_bbox_aux_1: 0.0714 (0.0764)  loss_bbox_aux_2: 0.0899 (0.0894)  loss_bbox_dn_0: 0.0486 (0.0501)  loss_bbox_dn_1: 0.0381 (0.0410)  loss_bbox_dn_2: 0.0371 (0.0399)  loss_giou: 0.7945 (0.8580)  loss_giou_aux_0: 0.8331 (0.8840)  loss_giou_aux_1: 0.8142 (0.8652)  loss_giou_aux_2: 0.8937 (0.9453)  loss_giou_dn_0: 0.7495 (0.7237)  loss_giou_dn_1: 0.6534 (0.6413)  loss_giou_dn_2: 0.6417 (0.6319)  loss_vfl: 0.5123 (0.5226)  loss_vfl_aux_0: 0.5358 (0.5436)  loss_vfl_aux_1: 0.5197 (0.5325)  loss_vfl_aux_2: 0.5510 (0.5625)  loss_vfl_dn_0: 0.4694 (0.4717)  loss_vfl_dn_1: 0.4452 (0.4440)  loss_vfl_dn_2: 0.4363 (0.4377)  time: 1.1544  data: 0.0299  max mem: 9601
Epoch: [56]  [800/809]  eta: 0:00:10  lr: 0.000100  loss: 9.7408 (9.5391)  loss_bbox: 0.0751 (0.0753)  loss_bbox_aux_0: 0.0816 (0.0800)  loss_bbox_aux_1: 0.0780 (0.0767)  loss_bbox_aux_2: 0.0858 (0.0893)  loss_bbox_dn_0: 0.0488 (0.0499)  loss_bbox_dn_1: 0.0398 (0.0408)  loss_bbox_dn_2: 0.0399 (0.0397)  loss_giou: 0.9133 (0.8636)  loss_giou_aux_0: 0.9425 (0.8896)  loss_giou_aux_1: 0.9345 (0.8711)  loss_giou_aux_2: 0.9847 (0.9503)  loss_giou_dn_0: 0.7266 (0.7267)  loss_giou_dn_1: 0.6472 (0.6440)  loss_giou_dn_2: 0.6433 (0.6345)  loss_vfl: 0.5052 (0.5210)  loss_vfl_aux_0: 0.5256 (0.5417)  loss_vfl_aux_1: 0.5149 (0.5308)  loss_vfl_aux_2: 0.5337 (0.5608)  loss_vfl_dn_0: 0.4698 (0.4716)  loss_vfl_dn_1: 0.4393 (0.4441)  loss_vfl_dn_2: 0.4346 (0.4377)  time: 1.1451  data: 0.0289  max mem: 9601
Epoch: [56]  [808/809]  eta: 0:00:01  lr: 0.000100  loss: 9.6601 (9.5357)  loss_bbox: 0.0715 (0.0752)  loss_bbox_aux_0: 0.0707 (0.0799)  loss_bbox_aux_1: 0.0706 (0.0766)  loss_bbox_aux_2: 0.0831 (0.0892)  loss_bbox_dn_0: 0.0454 (0.0499)  loss_bbox_dn_1: 0.0369 (0.0408)  loss_bbox_dn_2: 0.0361 (0.0397)  loss_giou: 0.8774 (0.8628)  loss_giou_aux_0: 0.8948 (0.8888)  loss_giou_aux_1: 0.8874 (0.8704)  loss_giou_aux_2: 0.9515 (0.9495)  loss_giou_dn_0: 0.7212 (0.7264)  loss_giou_dn_1: 0.6472 (0.6438)  loss_giou_dn_2: 0.6406 (0.6343)  loss_vfl: 0.5223 (0.5211)  loss_vfl_aux_0: 0.5345 (0.5419)  loss_vfl_aux_1: 0.5332 (0.5309)  loss_vfl_aux_2: 0.5491 (0.5609)  loss_vfl_dn_0: 0.4739 (0.4716)  loss_vfl_dn_1: 0.4470 (0.4441)  loss_vfl_dn_2: 0.4434 (0.4377)  time: 0.9980  data: 0.0272  max mem: 9601
Epoch: [56] Total time: 0:15:41 (1.1632 s / it)
Averaged stats: lr: 0.000100  loss: 9.6601 (9.5357)  loss_bbox: 0.0715 (0.0752)  loss_bbox_aux_0: 0.0707 (0.0799)  loss_bbox_aux_1: 0.0706 (0.0766)  loss_bbox_aux_2: 0.0831 (0.0892)  loss_bbox_dn_0: 0.0454 (0.0499)  loss_bbox_dn_1: 0.0369 (0.0408)  loss_bbox_dn_2: 0.0361 (0.0397)  loss_giou: 0.8774 (0.8628)  loss_giou_aux_0: 0.8948 (0.8888)  loss_giou_aux_1: 0.8874 (0.8704)  loss_giou_aux_2: 0.9515 (0.9495)  loss_giou_dn_0: 0.7212 (0.7264)  loss_giou_dn_1: 0.6472 (0.6438)  loss_giou_dn_2: 0.6406 (0.6343)  loss_vfl: 0.5223 (0.5211)  loss_vfl_aux_0: 0.5345 (0.5419)  loss_vfl_aux_1: 0.5332 (0.5309)  loss_vfl_aux_2: 0.5491 (0.5609)  loss_vfl_dn_0: 0.4739 (0.4716)  loss_vfl_dn_1: 0.4470 (0.4441)  loss_vfl_dn_2: 0.4434 (0.4377)
Test:  [ 0/69]  eta: 0:01:27    time: 1.2636  data: 0.6466  max mem: 9601
Test:  [10/69]  eta: 0:00:44    time: 0.7473  data: 0.0805  max mem: 9601
Test:  [20/69]  eta: 0:00:35    time: 0.7082  data: 0.0239  max mem: 9601
Test:  [30/69]  eta: 0:00:27    time: 0.6872  data: 0.0233  max mem: 9601
Test:  [40/69]  eta: 0:00:20    time: 0.6466  data: 0.0232  max mem: 9601
Test:  [50/69]  eta: 0:00:12    time: 0.6164  data: 0.0240  max mem: 9601
Test:  [60/69]  eta: 0:00:05    time: 0.5956  data: 0.0235  max mem: 9601
Test:  [68/69]  eta: 0:00:00    time: 0.6107  data: 0.0227  max mem: 9601
Test: Total time: 0:00:45 (0.6596 s / it)
Averaged stats: 
Accumulating evaluation results...
DONE (t=2.97s).
IoU metric: bbox
 Average Precision  (AP) @[ IoU=0.50:0.95 | area=   all | maxDets=100 ] = 0.250
 Average Precision  (AP) @[ IoU=0.50      | area=   all | maxDets=100 ] = 0.403
 Average Precision  (AP) @[ IoU=0.75      | area=   all | maxDets=100 ] = 0.258
 Average Precision  (AP) @[ IoU=0.50:0.95 | area= small | maxDets=100 ] = 0.171
 Average Precision  (AP) @[ IoU=0.50:0.95 | area=medium | maxDets=100 ] = 0.334
 Average Precision  (AP) @[ IoU=0.50:0.95 | area= large | maxDets=100 ] = 0.458
 Average Recall     (AR) @[ IoU=0.50:0.95 | area=   all | maxDets=  1 ] = 0.107
 Average Recall     (AR) @[ IoU=0.50:0.95 | area=   all | maxDets= 10 ] = 0.304
 Average Recall     (AR) @[ IoU=0.50:0.95 | area=   all | maxDets=100 ] = 0.410
 Average Recall     (AR) @[ IoU=0.50:0.95 | area= small | maxDets=100 ] = 0.329
 Average Recall     (AR) @[ IoU=0.50:0.95 | area=medium | maxDets=100 ] = 0.513
 Average Recall     (AR) @[ IoU=0.50:0.95 | area= large | maxDets=100 ] = 0.606
best_stat:  {'epoch': 56, 'coco_eval_bbox': 0.2500618804907099}
Epoch: [57]  [  0/809]  eta: 1:12:48  lr: 0.000100  loss: 9.3234 (9.3234)  loss_bbox: 0.0676 (0.0676)  loss_bbox_aux_0: 0.0713 (0.0713)  loss_bbox_aux_1: 0.0689 (0.0689)  loss_bbox_aux_2: 0.0856 (0.0856)  loss_bbox_dn_0: 0.0524 (0.0524)  loss_bbox_dn_1: 0.0447 (0.0447)  loss_bbox_dn_2: 0.0437 (0.0437)  loss_giou: 0.8246 (0.8246)  loss_giou_aux_0: 0.8458 (0.8458)  loss_giou_aux_1: 0.8469 (0.8469)  loss_giou_aux_2: 0.8864 (0.8864)  loss_giou_dn_0: 0.7273 (0.7273)  loss_giou_dn_1: 0.6621 (0.6621)  loss_giou_dn_2: 0.6562 (0.6562)  loss_vfl: 0.5280 (0.5280)  loss_vfl_aux_0: 0.5392 (0.5392)  loss_vfl_aux_1: 0.5254 (0.5254)  loss_vfl_aux_2: 0.5562 (0.5562)  loss_vfl_dn_0: 0.4580 (0.4580)  loss_vfl_dn_1: 0.4199 (0.4199)  loss_vfl_dn_2: 0.4133 (0.4133)  time: 5.3993  data: 3.2322  max mem: 9601
Epoch: [57]  [100/809]  eta: 0:14:14  lr: 0.000100  loss: 8.9529 (9.3518)  loss_bbox: 0.0632 (0.0694)  loss_bbox_aux_0: 0.0683 (0.0743)  loss_bbox_aux_1: 0.0633 (0.0706)  loss_bbox_aux_2: 0.0812 (0.0848)  loss_bbox_dn_0: 0.0522 (0.0503)  loss_bbox_dn_1: 0.0440 (0.0412)  loss_bbox_dn_2: 0.0408 (0.0400)  loss_giou: 0.7206 (0.8232)  loss_giou_aux_0: 0.7439 (0.8489)  loss_giou_aux_1: 0.7341 (0.8314)  loss_giou_aux_2: 0.8235 (0.9168)  loss_giou_dn_0: 0.6836 (0.7064)  loss_giou_dn_1: 0.5962 (0.6284)  loss_giou_dn_2: 0.5877 (0.6194)  loss_vfl: 0.5417 (0.5308)  loss_vfl_aux_0: 0.5566 (0.5520)  loss_vfl_aux_1: 0.5596 (0.5409)  loss_vfl_aux_2: 0.5817 (0.5680)  loss_vfl_dn_0: 0.4741 (0.4737)  loss_vfl_dn_1: 0.4429 (0.4438)  loss_vfl_dn_2: 0.4352 (0.4374)  time: 1.1318  data: 0.0291  max mem: 9601
Epoch: [57]  [200/809]  eta: 0:11:55  lr: 0.000100  loss: 9.3731 (9.3516)  loss_bbox: 0.0719 (0.0714)  loss_bbox_aux_0: 0.0794 (0.0767)  loss_bbox_aux_1: 0.0747 (0.0727)  loss_bbox_aux_2: 0.0845 (0.0866)  loss_bbox_dn_0: 0.0489 (0.0521)  loss_bbox_dn_1: 0.0411 (0.0427)  loss_bbox_dn_2: 0.0404 (0.0415)  loss_giou: 0.8026 (0.8193)  loss_giou_aux_0: 0.8166 (0.8439)  loss_giou_aux_1: 0.8109 (0.8268)  loss_giou_aux_2: 0.8932 (0.9112)  loss_giou_dn_0: 0.7170 (0.7080)  loss_giou_dn_1: 0.6275 (0.6277)  loss_giou_dn_2: 0.6138 (0.6181)  loss_vfl: 0.5082 (0.5308)  loss_vfl_aux_0: 0.5243 (0.5543)  loss_vfl_aux_1: 0.5137 (0.5413)  loss_vfl_aux_2: 0.5381 (0.5732)  loss_vfl_dn_0: 0.4655 (0.4733)  loss_vfl_dn_1: 0.4413 (0.4431)  loss_vfl_dn_2: 0.4343 (0.4369)  time: 1.1583  data: 0.0264  max mem: 9601
Epoch: [57]  [300/809]  eta: 0:09:52  lr: 0.000100  loss: 9.0242 (9.3529)  loss_bbox: 0.0705 (0.0728)  loss_bbox_aux_0: 0.0761 (0.0779)  loss_bbox_aux_1: 0.0670 (0.0740)  loss_bbox_aux_2: 0.0856 (0.0873)  loss_bbox_dn_0: 0.0506 (0.0519)  loss_bbox_dn_1: 0.0412 (0.0424)  loss_bbox_dn_2: 0.0404 (0.0412)  loss_giou: 0.7132 (0.8204)  loss_giou_aux_0: 0.7449 (0.8456)  loss_giou_aux_1: 0.7244 (0.8282)  loss_giou_aux_2: 0.8178 (0.9122)  loss_giou_dn_0: 0.6797 (0.7068)  loss_giou_dn_1: 0.5998 (0.6252)  loss_giou_dn_2: 0.5925 (0.6156)  loss_vfl: 0.5441 (0.5305)  loss_vfl_aux_0: 0.5710 (0.5538)  loss_vfl_aux_1: 0.5480 (0.5405)  loss_vfl_aux_2: 0.5945 (0.5731)  loss_vfl_dn_0: 0.4713 (0.4735)  loss_vfl_dn_1: 0.4399 (0.4432)  loss_vfl_dn_2: 0.4321 (0.4370)  time: 1.0959  data: 0.0272  max mem: 9601
Epoch: [57]  [400/809]  eta: 0:07:58  lr: 0.000100  loss: 9.1812 (9.3810)  loss_bbox: 0.0671 (0.0726)  loss_bbox_aux_0: 0.0709 (0.0774)  loss_bbox_aux_1: 0.0669 (0.0737)  loss_bbox_aux_2: 0.0798 (0.0866)  loss_bbox_dn_0: 0.0455 (0.0514)  loss_bbox_dn_1: 0.0371 (0.0419)  loss_bbox_dn_2: 0.0363 (0.0408)  loss_giou: 0.7747 (0.8268)  loss_giou_aux_0: 0.7900 (0.8516)  loss_giou_aux_1: 0.7832 (0.8346)  loss_giou_aux_2: 0.8798 (0.9174)  loss_giou_dn_0: 0.6983 (0.7095)  loss_giou_dn_1: 0.6250 (0.6279)  loss_giou_dn_2: 0.6138 (0.6186)  loss_vfl: 0.5309 (0.5302)  loss_vfl_aux_0: 0.5403 (0.5529)  loss_vfl_aux_1: 0.5275 (0.5400)  loss_vfl_aux_2: 0.5735 (0.5724)  loss_vfl_dn_0: 0.4656 (0.4738)  loss_vfl_dn_1: 0.4380 (0.4438)  loss_vfl_dn_2: 0.4315 (0.4372)  time: 1.1805  data: 0.0293  max mem: 9601
Epoch: [57]  [500/809]  eta: 0:06:00  lr: 0.000100  loss: 9.8781 (9.4204)  loss_bbox: 0.0756 (0.0734)  loss_bbox_aux_0: 0.0853 (0.0783)  loss_bbox_aux_1: 0.0773 (0.0747)  loss_bbox_aux_2: 0.0927 (0.0873)  loss_bbox_dn_0: 0.0439 (0.0510)  loss_bbox_dn_1: 0.0356 (0.0416)  loss_bbox_dn_2: 0.0350 (0.0405)  loss_giou: 0.9489 (0.8367)  loss_giou_aux_0: 0.9720 (0.8616)  loss_giou_aux_1: 0.9589 (0.8449)  loss_giou_aux_2: 1.0308 (0.9258)  loss_giou_dn_0: 0.7577 (0.7131)  loss_giou_dn_1: 0.6934 (0.6313)  loss_giou_dn_2: 0.6839 (0.6220)  loss_vfl: 0.4800 (0.5275)  loss_vfl_aux_0: 0.4979 (0.5500)  loss_vfl_aux_1: 0.4869 (0.5375)  loss_vfl_aux_2: 0.5081 (0.5690)  loss_vfl_dn_0: 0.4681 (0.4732)  loss_vfl_dn_1: 0.4432 (0.4436)  loss_vfl_dn_2: 0.4405 (0.4373)  time: 1.1968  data: 0.0371  max mem: 9601
Epoch: [57]  [600/809]  eta: 0:04:02  lr: 0.000100  loss: 9.7693 (9.4507)  loss_bbox: 0.0809 (0.0743)  loss_bbox_aux_0: 0.0856 (0.0792)  loss_bbox_aux_1: 0.0795 (0.0755)  loss_bbox_aux_2: 0.0968 (0.0888)  loss_bbox_dn_0: 0.0515 (0.0516)  loss_bbox_dn_1: 0.0438 (0.0422)  loss_bbox_dn_2: 0.0428 (0.0410)  loss_giou: 0.8994 (0.8424)  loss_giou_aux_0: 0.9291 (0.8678)  loss_giou_aux_1: 0.9007 (0.8512)  loss_giou_aux_2: 0.9908 (0.9316)  loss_giou_dn_0: 0.7399 (0.7159)  loss_giou_dn_1: 0.6647 (0.6342)  loss_giou_dn_2: 0.6518 (0.6249)  loss_vfl: 0.5303 (0.5257)  loss_vfl_aux_0: 0.5417 (0.5482)  loss_vfl_aux_1: 0.5393 (0.5358)  loss_vfl_aux_2: 0.5571 (0.5662)  loss_vfl_dn_0: 0.4740 (0.4731)  loss_vfl_dn_1: 0.4484 (0.4438)  loss_vfl_dn_2: 0.4420 (0.4374)  time: 1.1047  data: 0.0349  max mem: 9601
Epoch: [57]  [700/809]  eta: 0:02:06  lr: 0.000100  loss: 9.2887 (9.4584)  loss_bbox: 0.0654 (0.0746)  loss_bbox_aux_0: 0.0637 (0.0798)  loss_bbox_aux_1: 0.0647 (0.0758)  loss_bbox_aux_2: 0.0733 (0.0893)  loss_bbox_dn_0: 0.0438 (0.0512)  loss_bbox_dn_1: 0.0360 (0.0418)  loss_bbox_dn_2: 0.0354 (0.0407)  loss_giou: 0.8264 (0.8468)  loss_giou_aux_0: 0.8710 (0.8725)  loss_giou_aux_1: 0.8391 (0.8559)  loss_giou_aux_2: 0.9254 (0.9352)  loss_giou_dn_0: 0.7038 (0.7171)  loss_giou_dn_1: 0.6271 (0.6352)  loss_giou_dn_2: 0.6235 (0.6257)  loss_vfl: 0.5217 (0.5228)  loss_vfl_aux_0: 0.5337 (0.5450)  loss_vfl_aux_1: 0.5322 (0.5326)  loss_vfl_aux_2: 0.5608 (0.5634)  loss_vfl_dn_0: 0.4681 (0.4726)  loss_vfl_dn_1: 0.4406 (0.4435)  loss_vfl_dn_2: 0.4326 (0.4371)  time: 1.1766  data: 0.0323  max mem: 9601
Epoch: [57]  [800/809]  eta: 0:00:10  lr: 0.000100  loss: 9.6098 (9.4813)  loss_bbox: 0.0638 (0.0750)  loss_bbox_aux_0: 0.0705 (0.0801)  loss_bbox_aux_1: 0.0650 (0.0762)  loss_bbox_aux_2: 0.0773 (0.0897)  loss_bbox_dn_0: 0.0394 (0.0507)  loss_bbox_dn_1: 0.0322 (0.0415)  loss_bbox_dn_2: 0.0317 (0.0404)  loss_giou: 0.8989 (0.8532)  loss_giou_aux_0: 0.9232 (0.8783)  loss_giou_aux_1: 0.9086 (0.8624)  loss_giou_aux_2: 1.0017 (0.9408)  loss_giou_dn_0: 0.7091 (0.7190)  loss_giou_dn_1: 0.6393 (0.6375)  loss_giou_dn_2: 0.6246 (0.6282)  loss_vfl: 0.5118 (0.5208)  loss_vfl_aux_0: 0.5288 (0.5427)  loss_vfl_aux_1: 0.5251 (0.5305)  loss_vfl_aux_2: 0.5493 (0.5610)  loss_vfl_dn_0: 0.4705 (0.4723)  loss_vfl_dn_1: 0.4464 (0.4437)  loss_vfl_dn_2: 0.4401 (0.4373)  time: 1.1566  data: 0.0278  max mem: 9601
Epoch: [57]  [808/809]  eta: 0:00:01  lr: 0.000100  loss: 9.5782 (9.4825)  loss_bbox: 0.0638 (0.0750)  loss_bbox_aux_0: 0.0673 (0.0801)  loss_bbox_aux_1: 0.0650 (0.0762)  loss_bbox_aux_2: 0.0775 (0.0898)  loss_bbox_dn_0: 0.0425 (0.0507)  loss_bbox_dn_1: 0.0363 (0.0415)  loss_bbox_dn_2: 0.0357 (0.0404)  loss_giou: 0.8771 (0.8535)  loss_giou_aux_0: 0.9021 (0.8786)  loss_giou_aux_1: 0.8833 (0.8627)  loss_giou_aux_2: 0.9581 (0.9410)  loss_giou_dn_0: 0.7211 (0.7191)  loss_giou_dn_1: 0.6432 (0.6377)  loss_giou_dn_2: 0.6284 (0.6283)  loss_vfl: 0.5156 (0.5207)  loss_vfl_aux_0: 0.5288 (0.5427)  loss_vfl_aux_1: 0.5289 (0.5304)  loss_vfl_aux_2: 0.5493 (0.5608)  loss_vfl_dn_0: 0.4716 (0.4723)  loss_vfl_dn_1: 0.4465 (0.4437)  loss_vfl_dn_2: 0.4401 (0.4373)  time: 0.9774  data: 0.0253  max mem: 9601
Epoch: [57] Total time: 0:15:38 (1.1597 s / it)
Averaged stats: lr: 0.000100  loss: 9.5782 (9.4825)  loss_bbox: 0.0638 (0.0750)  loss_bbox_aux_0: 0.0673 (0.0801)  loss_bbox_aux_1: 0.0650 (0.0762)  loss_bbox_aux_2: 0.0775 (0.0898)  loss_bbox_dn_0: 0.0425 (0.0507)  loss_bbox_dn_1: 0.0363 (0.0415)  loss_bbox_dn_2: 0.0357 (0.0404)  loss_giou: 0.8771 (0.8535)  loss_giou_aux_0: 0.9021 (0.8786)  loss_giou_aux_1: 0.8833 (0.8627)  loss_giou_aux_2: 0.9581 (0.9410)  loss_giou_dn_0: 0.7211 (0.7191)  loss_giou_dn_1: 0.6432 (0.6377)  loss_giou_dn_2: 0.6284 (0.6283)  loss_vfl: 0.5156 (0.5207)  loss_vfl_aux_0: 0.5288 (0.5427)  loss_vfl_aux_1: 0.5289 (0.5304)  loss_vfl_aux_2: 0.5493 (0.5608)  loss_vfl_dn_0: 0.4716 (0.4723)  loss_vfl_dn_1: 0.4465 (0.4437)  loss_vfl_dn_2: 0.4401 (0.4373)
Test:  [ 0/69]  eta: 0:01:32    time: 1.3438  data: 0.6429  max mem: 9601
Test:  [10/69]  eta: 0:00:44    time: 0.7592  data: 0.0802  max mem: 9601
Test:  [20/69]  eta: 0:00:36    time: 0.7235  data: 0.0234  max mem: 9601
Test:  [30/69]  eta: 0:00:28    time: 0.7061  data: 0.0225  max mem: 9601
Test:  [40/69]  eta: 0:00:20    time: 0.6490  data: 0.0216  max mem: 9601
Test:  [50/69]  eta: 0:00:13    time: 0.6227  data: 0.0221  max mem: 9601
Test:  [60/69]  eta: 0:00:05    time: 0.5922  data: 0.0231  max mem: 9601
Test:  [68/69]  eta: 0:00:00    time: 0.6025  data: 0.0221  max mem: 9601
Test: Total time: 0:00:45 (0.6647 s / it)
Averaged stats: 
Accumulating evaluation results...
DONE (t=2.16s).
IoU metric: bbox
 Average Precision  (AP) @[ IoU=0.50:0.95 | area=   all | maxDets=100 ] = 0.251
 Average Precision  (AP) @[ IoU=0.50      | area=   all | maxDets=100 ] = 0.405
 Average Precision  (AP) @[ IoU=0.75      | area=   all | maxDets=100 ] = 0.259
 Average Precision  (AP) @[ IoU=0.50:0.95 | area= small | maxDets=100 ] = 0.172
 Average Precision  (AP) @[ IoU=0.50:0.95 | area=medium | maxDets=100 ] = 0.336
 Average Precision  (AP) @[ IoU=0.50:0.95 | area= large | maxDets=100 ] = 0.475
 Average Recall     (AR) @[ IoU=0.50:0.95 | area=   all | maxDets=  1 ] = 0.108
 Average Recall     (AR) @[ IoU=0.50:0.95 | area=   all | maxDets= 10 ] = 0.305
 Average Recall     (AR) @[ IoU=0.50:0.95 | area=   all | maxDets=100 ] = 0.412
 Average Recall     (AR) @[ IoU=0.50:0.95 | area= small | maxDets=100 ] = 0.329
 Average Recall     (AR) @[ IoU=0.50:0.95 | area=medium | maxDets=100 ] = 0.517
 Average Recall     (AR) @[ IoU=0.50:0.95 | area= large | maxDets=100 ] = 0.611
best_stat:  {'epoch': 57, 'coco_eval_bbox': 0.25134189855429945}
Epoch: [58]  [  0/809]  eta: 1:35:26  lr: 0.000100  loss: 10.4529 (10.4529)  loss_bbox: 0.0752 (0.0752)  loss_bbox_aux_0: 0.0829 (0.0829)  loss_bbox_aux_1: 0.0754 (0.0754)  loss_bbox_aux_2: 0.0940 (0.0940)  loss_bbox_dn_0: 0.0395 (0.0395)  loss_bbox_dn_1: 0.0317 (0.0317)  loss_bbox_dn_2: 0.0312 (0.0312)  loss_giou: 1.0671 (1.0671)  loss_giou_aux_0: 1.0801 (1.0801)  loss_giou_aux_1: 1.0783 (1.0783)  loss_giou_aux_2: 1.1425 (1.1425)  loss_giou_dn_0: 0.8135 (0.8135)  loss_giou_dn_1: 0.7301 (0.7301)  loss_giou_dn_2: 0.7186 (0.7186)  loss_vfl: 0.5017 (0.5017)  loss_vfl_aux_0: 0.5247 (0.5247)  loss_vfl_aux_1: 0.5093 (0.5093)  loss_vfl_aux_2: 0.5273 (0.5273)  loss_vfl_dn_0: 0.4581 (0.4581)  loss_vfl_dn_1: 0.4399 (0.4399)  loss_vfl_dn_2: 0.4315 (0.4315)  time: 7.0786  data: 4.1289  max mem: 9601
Epoch: [58]  [100/809]  eta: 0:15:08  lr: 0.000100  loss: 9.3405 (9.4808)  loss_bbox: 0.0601 (0.0744)  loss_bbox_aux_0: 0.0667 (0.0786)  loss_bbox_aux_1: 0.0629 (0.0755)  loss_bbox_aux_2: 0.0773 (0.0893)  loss_bbox_dn_0: 0.0455 (0.0485)  loss_bbox_dn_1: 0.0370 (0.0397)  loss_bbox_dn_2: 0.0359 (0.0386)  loss_giou: 0.7939 (0.8595)  loss_giou_aux_0: 0.8219 (0.8833)  loss_giou_aux_1: 0.8039 (0.8708)  loss_giou_aux_2: 0.8870 (0.9470)  loss_giou_dn_0: 0.7046 (0.7195)  loss_giou_dn_1: 0.6212 (0.6372)  loss_giou_dn_2: 0.6113 (0.6274)  loss_vfl: 0.5099 (0.5177)  loss_vfl_aux_0: 0.5391 (0.5395)  loss_vfl_aux_1: 0.5181 (0.5262)  loss_vfl_aux_2: 0.5657 (0.5572)  loss_vfl_dn_0: 0.4688 (0.4719)  loss_vfl_dn_1: 0.4432 (0.4428)  loss_vfl_dn_2: 0.4368 (0.4361)  time: 1.2756  data: 0.0299  max mem: 9601
Epoch: [58]  [200/809]  eta: 0:12:33  lr: 0.000100  loss: 9.3223 (9.4883)  loss_bbox: 0.0720 (0.0766)  loss_bbox_aux_0: 0.0821 (0.0823)  loss_bbox_aux_1: 0.0737 (0.0779)  loss_bbox_aux_2: 0.0887 (0.0913)  loss_bbox_dn_0: 0.0438 (0.0504)  loss_bbox_dn_1: 0.0378 (0.0413)  loss_bbox_dn_2: 0.0366 (0.0401)  loss_giou: 0.8296 (0.8561)  loss_giou_aux_0: 0.8621 (0.8795)  loss_giou_aux_1: 0.8316 (0.8665)  loss_giou_aux_2: 0.9241 (0.9404)  loss_giou_dn_0: 0.6918 (0.7194)  loss_giou_dn_1: 0.6028 (0.6370)  loss_giou_dn_2: 0.5944 (0.6270)  loss_vfl: 0.5142 (0.5189)  loss_vfl_aux_0: 0.5361 (0.5399)  loss_vfl_aux_1: 0.5288 (0.5286)  loss_vfl_aux_2: 0.5715 (0.5601)  loss_vfl_dn_0: 0.4735 (0.4734)  loss_vfl_dn_1: 0.4419 (0.4443)  loss_vfl_dn_2: 0.4368 (0.4377)  time: 1.1552  data: 0.0309  max mem: 9601
Epoch: [58]  [300/809]  eta: 0:10:29  lr: 0.000100  loss: 9.6773 (9.5205)  loss_bbox: 0.0729 (0.0762)  loss_bbox_aux_0: 0.0780 (0.0812)  loss_bbox_aux_1: 0.0736 (0.0774)  loss_bbox_aux_2: 0.0854 (0.0902)  loss_bbox_dn_0: 0.0405 (0.0498)  loss_bbox_dn_1: 0.0328 (0.0408)  loss_bbox_dn_2: 0.0315 (0.0397)  loss_giou: 0.9110 (0.8674)  loss_giou_aux_0: 0.9429 (0.8893)  loss_giou_aux_1: 0.9177 (0.8769)  loss_giou_aux_2: 1.0103 (0.9489)  loss_giou_dn_0: 0.7479 (0.7238)  loss_giou_dn_1: 0.6509 (0.6420)  loss_giou_dn_2: 0.6406 (0.6324)  loss_vfl: 0.4808 (0.5147)  loss_vfl_aux_0: 0.5022 (0.5368)  loss_vfl_aux_1: 0.4915 (0.5248)  loss_vfl_aux_2: 0.5205 (0.5552)  loss_vfl_dn_0: 0.4689 (0.4727)  loss_vfl_dn_1: 0.4399 (0.4434)  loss_vfl_dn_2: 0.4340 (0.4368)  time: 1.2509  data: 0.0320  max mem: 9601
Epoch: [58]  [400/809]  eta: 0:08:20  lr: 0.000100  loss: 9.4218 (9.5091)  loss_bbox: 0.0650 (0.0751)  loss_bbox_aux_0: 0.0696 (0.0799)  loss_bbox_aux_1: 0.0660 (0.0763)  loss_bbox_aux_2: 0.0816 (0.0898)  loss_bbox_dn_0: 0.0504 (0.0501)  loss_bbox_dn_1: 0.0415 (0.0410)  loss_bbox_dn_2: 0.0404 (0.0399)  loss_giou: 0.8111 (0.8608)  loss_giou_aux_0: 0.8231 (0.8837)  loss_giou_aux_1: 0.8136 (0.8697)  loss_giou_aux_2: 0.8976 (0.9443)  loss_giou_dn_0: 0.7266 (0.7230)  loss_giou_dn_1: 0.6477 (0.6407)  loss_giou_dn_2: 0.6390 (0.6311)  loss_vfl: 0.5497 (0.5199)  loss_vfl_aux_0: 0.5767 (0.5413)  loss_vfl_aux_1: 0.5620 (0.5303)  loss_vfl_aux_2: 0.5945 (0.5586)  loss_vfl_dn_0: 0.4702 (0.4727)  loss_vfl_dn_1: 0.4398 (0.4437)  loss_vfl_dn_2: 0.4310 (0.4372)  time: 1.2259  data: 0.0311  max mem: 9601
Epoch: [58]  [500/809]  eta: 0:06:15  lr: 0.000100  loss: 9.6556 (9.5062)  loss_bbox: 0.0750 (0.0755)  loss_bbox_aux_0: 0.0821 (0.0802)  loss_bbox_aux_1: 0.0775 (0.0766)  loss_bbox_aux_2: 0.0973 (0.0900)  loss_bbox_dn_0: 0.0471 (0.0500)  loss_bbox_dn_1: 0.0383 (0.0409)  loss_bbox_dn_2: 0.0377 (0.0398)  loss_giou: 0.8709 (0.8611)  loss_giou_aux_0: 0.9012 (0.8846)  loss_giou_aux_1: 0.8823 (0.8698)  loss_giou_aux_2: 0.9785 (0.9466)  loss_giou_dn_0: 0.7027 (0.7220)  loss_giou_dn_1: 0.6181 (0.6396)  loss_giou_dn_2: 0.6047 (0.6300)  loss_vfl: 0.5054 (0.5187)  loss_vfl_aux_0: 0.5386 (0.5402)  loss_vfl_aux_1: 0.5161 (0.5289)  loss_vfl_aux_2: 0.5596 (0.5577)  loss_vfl_dn_0: 0.4712 (0.4727)  loss_vfl_dn_1: 0.4402 (0.4438)  loss_vfl_dn_2: 0.4343 (0.4375)  time: 1.1704  data: 0.0326  max mem: 9601
Epoch: [58]  [600/809]  eta: 0:04:12  lr: 0.000100  loss: 9.4521 (9.4893)  loss_bbox: 0.0747 (0.0748)  loss_bbox_aux_0: 0.0797 (0.0793)  loss_bbox_aux_1: 0.0752 (0.0757)  loss_bbox_aux_2: 0.0859 (0.0891)  loss_bbox_dn_0: 0.0495 (0.0500)  loss_bbox_dn_1: 0.0402 (0.0409)  loss_bbox_dn_2: 0.0384 (0.0398)  loss_giou: 0.7894 (0.8572)  loss_giou_aux_0: 0.8161 (0.8812)  loss_giou_aux_1: 0.7843 (0.8657)  loss_giou_aux_2: 0.8910 (0.9425)  loss_giou_dn_0: 0.7133 (0.7208)  loss_giou_dn_1: 0.6228 (0.6383)  loss_giou_dn_2: 0.6074 (0.6286)  loss_vfl: 0.5177 (0.5200)  loss_vfl_aux_0: 0.5367 (0.5415)  loss_vfl_aux_1: 0.5286 (0.5302)  loss_vfl_aux_2: 0.5471 (0.5596)  loss_vfl_dn_0: 0.4731 (0.4727)  loss_vfl_dn_1: 0.4489 (0.4439)  loss_vfl_dn_2: 0.4443 (0.4376)  time: 1.2079  data: 0.0347  max mem: 9601
Epoch: [58]  [700/809]  eta: 0:02:11  lr: 0.000100  loss: 9.1490 (9.4861)  loss_bbox: 0.0612 (0.0750)  loss_bbox_aux_0: 0.0632 (0.0795)  loss_bbox_aux_1: 0.0616 (0.0759)  loss_bbox_aux_2: 0.0758 (0.0897)  loss_bbox_dn_0: 0.0491 (0.0501)  loss_bbox_dn_1: 0.0386 (0.0409)  loss_bbox_dn_2: 0.0371 (0.0398)  loss_giou: 0.7521 (0.8555)  loss_giou_aux_0: 0.7789 (0.8799)  loss_giou_aux_1: 0.7619 (0.8638)  loss_giou_aux_2: 0.8321 (0.9425)  loss_giou_dn_0: 0.7204 (0.7203)  loss_giou_dn_1: 0.6345 (0.6372)  loss_giou_dn_2: 0.6233 (0.6276)  loss_vfl: 0.5367 (0.5206)  loss_vfl_aux_0: 0.5643 (0.5422)  loss_vfl_aux_1: 0.5452 (0.5309)  loss_vfl_aux_2: 0.5806 (0.5605)  loss_vfl_dn_0: 0.4725 (0.4726)  loss_vfl_dn_1: 0.4530 (0.4440)  loss_vfl_dn_2: 0.4424 (0.4375)  time: 1.1475  data: 0.0323  max mem: 9601
Epoch: [58]  [800/809]  eta: 0:00:10  lr: 0.000100  loss: 9.7991 (9.4817)  loss_bbox: 0.0757 (0.0750)  loss_bbox_aux_0: 0.0751 (0.0795)  loss_bbox_aux_1: 0.0766 (0.0760)  loss_bbox_aux_2: 0.0895 (0.0896)  loss_bbox_dn_0: 0.0450 (0.0503)  loss_bbox_dn_1: 0.0358 (0.0411)  loss_bbox_dn_2: 0.0347 (0.0400)  loss_giou: 0.9397 (0.8528)  loss_giou_aux_0: 1.0019 (0.8771)  loss_giou_aux_1: 0.9562 (0.8610)  loss_giou_aux_2: 1.0647 (0.9405)  loss_giou_dn_0: 0.7666 (0.7197)  loss_giou_dn_1: 0.6884 (0.6368)  loss_giou_dn_2: 0.6720 (0.6270)  loss_vfl: 0.4960 (0.5223)  loss_vfl_aux_0: 0.5111 (0.5439)  loss_vfl_aux_1: 0.5040 (0.5325)  loss_vfl_aux_2: 0.5300 (0.5618)  loss_vfl_dn_0: 0.4648 (0.4726)  loss_vfl_dn_1: 0.4409 (0.4443)  loss_vfl_dn_2: 0.4353 (0.4379)  time: 1.2319  data: 0.0338  max mem: 9601
Epoch: [58]  [808/809]  eta: 0:00:01  lr: 0.000100  loss: 9.6175 (9.4851)  loss_bbox: 0.0660 (0.0750)  loss_bbox_aux_0: 0.0710 (0.0794)  loss_bbox_aux_1: 0.0678 (0.0759)  loss_bbox_aux_2: 0.0834 (0.0896)  loss_bbox_dn_0: 0.0450 (0.0503)  loss_bbox_dn_1: 0.0358 (0.0411)  loss_bbox_dn_2: 0.0347 (0.0400)  loss_giou: 0.8909 (0.8534)  loss_giou_aux_0: 0.9168 (0.8778)  loss_giou_aux_1: 0.8915 (0.8616)  loss_giou_aux_2: 0.9708 (0.9409)  loss_giou_dn_0: 0.7406 (0.7201)  loss_giou_dn_1: 0.6568 (0.6372)  loss_giou_dn_2: 0.6393 (0.6275)  loss_vfl: 0.5116 (0.5223)  loss_vfl_aux_0: 0.5388 (0.5439)  loss_vfl_aux_1: 0.5275 (0.5325)  loss_vfl_aux_2: 0.5416 (0.5618)  loss_vfl_dn_0: 0.4608 (0.4726)  loss_vfl_dn_1: 0.4429 (0.4443)  loss_vfl_dn_2: 0.4391 (0.4379)  time: 1.0586  data: 0.0334  max mem: 9601
Epoch: [58] Total time: 0:16:06 (1.1949 s / it)
Averaged stats: lr: 0.000100  loss: 9.6175 (9.4851)  loss_bbox: 0.0660 (0.0750)  loss_bbox_aux_0: 0.0710 (0.0794)  loss_bbox_aux_1: 0.0678 (0.0759)  loss_bbox_aux_2: 0.0834 (0.0896)  loss_bbox_dn_0: 0.0450 (0.0503)  loss_bbox_dn_1: 0.0358 (0.0411)  loss_bbox_dn_2: 0.0347 (0.0400)  loss_giou: 0.8909 (0.8534)  loss_giou_aux_0: 0.9168 (0.8778)  loss_giou_aux_1: 0.8915 (0.8616)  loss_giou_aux_2: 0.9708 (0.9409)  loss_giou_dn_0: 0.7406 (0.7201)  loss_giou_dn_1: 0.6568 (0.6372)  loss_giou_dn_2: 0.6393 (0.6275)  loss_vfl: 0.5116 (0.5223)  loss_vfl_aux_0: 0.5388 (0.5439)  loss_vfl_aux_1: 0.5275 (0.5325)  loss_vfl_aux_2: 0.5416 (0.5618)  loss_vfl_dn_0: 0.4608 (0.4726)  loss_vfl_dn_1: 0.4429 (0.4443)  loss_vfl_dn_2: 0.4391 (0.4379)
Test:  [ 0/69]  eta: 0:01:35    time: 1.3888  data: 0.6633  max mem: 9601
Test:  [10/69]  eta: 0:00:52    time: 0.8854  data: 0.0842  max mem: 9601
Test:  [20/69]  eta: 0:00:39    time: 0.7866  data: 0.0254  max mem: 9601
Test:  [30/69]  eta: 0:00:30    time: 0.7263  data: 0.0245  max mem: 9601
Test:  [40/69]  eta: 0:00:21    time: 0.6830  data: 0.0240  max mem: 9601
Test:  [50/69]  eta: 0:00:13    time: 0.6399  data: 0.0242  max mem: 9601
Test:  [60/69]  eta: 0:00:06    time: 0.6169  data: 0.0248  max mem: 9601
Test:  [68/69]  eta: 0:00:00    time: 0.6259  data: 0.0236  max mem: 9601
Test: Total time: 0:00:48 (0.7040 s / it)
Averaged stats: 
Accumulating evaluation results...
DONE (t=2.39s).
IoU metric: bbox
 Average Precision  (AP) @[ IoU=0.50:0.95 | area=   all | maxDets=100 ] = 0.252
 Average Precision  (AP) @[ IoU=0.50      | area=   all | maxDets=100 ] = 0.405
 Average Precision  (AP) @[ IoU=0.75      | area=   all | maxDets=100 ] = 0.260
 Average Precision  (AP) @[ IoU=0.50:0.95 | area= small | maxDets=100 ] = 0.174
 Average Precision  (AP) @[ IoU=0.50:0.95 | area=medium | maxDets=100 ] = 0.336
 Average Precision  (AP) @[ IoU=0.50:0.95 | area= large | maxDets=100 ] = 0.471
 Average Recall     (AR) @[ IoU=0.50:0.95 | area=   all | maxDets=  1 ] = 0.108
 Average Recall     (AR) @[ IoU=0.50:0.95 | area=   all | maxDets= 10 ] = 0.305
 Average Recall     (AR) @[ IoU=0.50:0.95 | area=   all | maxDets=100 ] = 0.412
 Average Recall     (AR) @[ IoU=0.50:0.95 | area= small | maxDets=100 ] = 0.330
 Average Recall     (AR) @[ IoU=0.50:0.95 | area=medium | maxDets=100 ] = 0.516
 Average Recall     (AR) @[ IoU=0.50:0.95 | area= large | maxDets=100 ] = 0.621
best_stat:  {'epoch': 58, 'coco_eval_bbox': 0.2517163056687761}
Epoch: [59]  [  0/809]  eta: 1:56:00  lr: 0.000100  loss: 8.4429 (8.4429)  loss_bbox: 0.0585 (0.0585)  loss_bbox_aux_0: 0.0707 (0.0707)  loss_bbox_aux_1: 0.0615 (0.0615)  loss_bbox_aux_2: 0.0826 (0.0826)  loss_bbox_dn_0: 0.0538 (0.0538)  loss_bbox_dn_1: 0.0446 (0.0446)  loss_bbox_dn_2: 0.0416 (0.0416)  loss_giou: 0.6151 (0.6151)  loss_giou_aux_0: 0.6491 (0.6491)  loss_giou_aux_1: 0.6282 (0.6282)  loss_giou_aux_2: 0.7284 (0.7284)  loss_giou_dn_0: 0.6119 (0.6119)  loss_giou_dn_1: 0.5151 (0.5151)  loss_giou_dn_2: 0.4982 (0.4982)  loss_vfl: 0.5867 (0.5867)  loss_vfl_aux_0: 0.6232 (0.6232)  loss_vfl_aux_1: 0.6031 (0.6031)  loss_vfl_aux_2: 0.6877 (0.6877)  loss_vfl_dn_0: 0.4623 (0.4623)  loss_vfl_dn_1: 0.4136 (0.4136)  loss_vfl_dn_2: 0.4072 (0.4072)  time: 8.6043  data: 2.5151  max mem: 9601
Epoch: [59]  [100/809]  eta: 0:15:12  lr: 0.000100  loss: 8.9996 (9.3995)  loss_bbox: 0.0595 (0.0699)  loss_bbox_aux_0: 0.0634 (0.0738)  loss_bbox_aux_1: 0.0592 (0.0710)  loss_bbox_aux_2: 0.0739 (0.0850)  loss_bbox_dn_0: 0.0466 (0.0486)  loss_bbox_dn_1: 0.0373 (0.0399)  loss_bbox_dn_2: 0.0371 (0.0388)  loss_giou: 0.7460 (0.8435)  loss_giou_aux_0: 0.7660 (0.8701)  loss_giou_aux_1: 0.7445 (0.8516)  loss_giou_aux_2: 0.8453 (0.9330)  loss_giou_dn_0: 0.6658 (0.7178)  loss_giou_dn_1: 0.5964 (0.6360)  loss_giou_dn_2: 0.5882 (0.6260)  loss_vfl: 0.5654 (0.5198)  loss_vfl_aux_0: 0.5874 (0.5428)  loss_vfl_aux_1: 0.5737 (0.5290)  loss_vfl_aux_2: 0.5955 (0.5578)  loss_vfl_dn_0: 0.4707 (0.4696)  loss_vfl_dn_1: 0.4413 (0.4409)  loss_vfl_dn_2: 0.4354 (0.4346)  time: 1.1673  data: 0.0296  max mem: 10027
Epoch: [59]  [200/809]  eta: 0:12:41  lr: 0.000100  loss: 9.6915 (9.4226)  loss_bbox: 0.0662 (0.0693)  loss_bbox_aux_0: 0.0714 (0.0733)  loss_bbox_aux_1: 0.0698 (0.0703)  loss_bbox_aux_2: 0.0812 (0.0847)  loss_bbox_dn_0: 0.0445 (0.0488)  loss_bbox_dn_1: 0.0353 (0.0401)  loss_bbox_dn_2: 0.0343 (0.0390)  loss_giou: 0.9444 (0.8486)  loss_giou_aux_0: 0.9495 (0.8750)  loss_giou_aux_1: 0.9297 (0.8559)  loss_giou_aux_2: 1.0109 (0.9386)  loss_giou_dn_0: 0.7343 (0.7193)  loss_giou_dn_1: 0.6429 (0.6385)  loss_giou_dn_2: 0.6354 (0.6288)  loss_vfl: 0.4813 (0.5192)  loss_vfl_aux_0: 0.4976 (0.5414)  loss_vfl_aux_1: 0.4894 (0.5294)  loss_vfl_aux_2: 0.4983 (0.5561)  loss_vfl_dn_0: 0.4651 (0.4701)  loss_vfl_dn_1: 0.4392 (0.4414)  loss_vfl_dn_2: 0.4327 (0.4349)  time: 1.2344  data: 0.0340  max mem: 10027
Epoch: [59]  [300/809]  eta: 0:10:27  lr: 0.000100  loss: 9.2155 (9.4438)  loss_bbox: 0.0653 (0.0709)  loss_bbox_aux_0: 0.0613 (0.0747)  loss_bbox_aux_1: 0.0635 (0.0717)  loss_bbox_aux_2: 0.0816 (0.0861)  loss_bbox_dn_0: 0.0476 (0.0489)  loss_bbox_dn_1: 0.0387 (0.0400)  loss_bbox_dn_2: 0.0369 (0.0389)  loss_giou: 0.8262 (0.8560)  loss_giou_aux_0: 0.8575 (0.8829)  loss_giou_aux_1: 0.8330 (0.8628)  loss_giou_aux_2: 0.9263 (0.9449)  loss_giou_dn_0: 0.7057 (0.7200)  loss_giou_dn_1: 0.6179 (0.6385)  loss_giou_dn_2: 0.6076 (0.6288)  loss_vfl: 0.4983 (0.5160)  loss_vfl_aux_0: 0.5159 (0.5385)  loss_vfl_aux_1: 0.5093 (0.5262)  loss_vfl_aux_2: 0.5366 (0.5539)  loss_vfl_dn_0: 0.4656 (0.4694)  loss_vfl_dn_1: 0.4395 (0.4406)  loss_vfl_dn_2: 0.4321 (0.4342)  time: 1.1726  data: 0.0317  max mem: 10027
Epoch: [59]  [400/809]  eta: 0:08:23  lr: 0.000100  loss: 9.5489 (9.5040)  loss_bbox: 0.0675 (0.0721)  loss_bbox_aux_0: 0.0723 (0.0763)  loss_bbox_aux_1: 0.0660 (0.0730)  loss_bbox_aux_2: 0.0870 (0.0880)  loss_bbox_dn_0: 0.0489 (0.0487)  loss_bbox_dn_1: 0.0372 (0.0399)  loss_bbox_dn_2: 0.0365 (0.0388)  loss_giou: 0.8450 (0.8674)  loss_giou_aux_0: 0.8406 (0.8942)  loss_giou_aux_1: 0.8508 (0.8742)  loss_giou_aux_2: 0.8990 (0.9551)  loss_giou_dn_0: 0.7374 (0.7234)  loss_giou_dn_1: 0.6426 (0.6420)  loss_giou_dn_2: 0.6323 (0.6324)  loss_vfl: 0.5266 (0.5153)  loss_vfl_aux_0: 0.5503 (0.5371)  loss_vfl_aux_1: 0.5322 (0.5257)  loss_vfl_aux_2: 0.5686 (0.5525)  loss_vfl_dn_0: 0.4738 (0.4701)  loss_vfl_dn_1: 0.4493 (0.4422)  loss_vfl_dn_2: 0.4429 (0.4358)  time: 1.2110  data: 0.0342  max mem: 10027
Epoch: [59]  [500/809]  eta: 0:06:20  lr: 0.000100  loss: 9.8124 (9.5043)  loss_bbox: 0.0653 (0.0736)  loss_bbox_aux_0: 0.0713 (0.0779)  loss_bbox_aux_1: 0.0669 (0.0745)  loss_bbox_aux_2: 0.0873 (0.0894)  loss_bbox_dn_0: 0.0461 (0.0488)  loss_bbox_dn_1: 0.0358 (0.0399)  loss_bbox_dn_2: 0.0349 (0.0388)  loss_giou: 0.9409 (0.8675)  loss_giou_aux_0: 0.9810 (0.8939)  loss_giou_aux_1: 0.9535 (0.8748)  loss_giou_aux_2: 1.0275 (0.9551)  loss_giou_dn_0: 0.7386 (0.7214)  loss_giou_dn_1: 0.6569 (0.6396)  loss_giou_dn_2: 0.6399 (0.6301)  loss_vfl: 0.5098 (0.5151)  loss_vfl_aux_0: 0.5234 (0.5370)  loss_vfl_aux_1: 0.5094 (0.5255)  loss_vfl_aux_2: 0.5414 (0.5525)  loss_vfl_dn_0: 0.4686 (0.4706)  loss_vfl_dn_1: 0.4447 (0.4423)  loss_vfl_dn_2: 0.4405 (0.4358)  time: 1.3026  data: 0.0348  max mem: 10027
Epoch: [59]  [600/809]  eta: 0:04:15  lr: 0.000100  loss: 9.5404 (9.4872)  loss_bbox: 0.0747 (0.0731)  loss_bbox_aux_0: 0.0799 (0.0776)  loss_bbox_aux_1: 0.0776 (0.0741)  loss_bbox_aux_2: 0.0836 (0.0887)  loss_bbox_dn_0: 0.0407 (0.0491)  loss_bbox_dn_1: 0.0328 (0.0402)  loss_bbox_dn_2: 0.0317 (0.0390)  loss_giou: 0.8460 (0.8614)  loss_giou_aux_0: 0.8717 (0.8880)  loss_giou_aux_1: 0.8441 (0.8688)  loss_giou_aux_2: 0.9421 (0.9498)  loss_giou_dn_0: 0.7308 (0.7208)  loss_giou_dn_1: 0.6508 (0.6391)  loss_giou_dn_2: 0.6469 (0.6295)  loss_vfl: 0.4951 (0.5173)  loss_vfl_aux_0: 0.5193 (0.5383)  loss_vfl_aux_1: 0.5073 (0.5274)  loss_vfl_aux_2: 0.5331 (0.5545)  loss_vfl_dn_0: 0.4689 (0.4711)  loss_vfl_dn_1: 0.4485 (0.4429)  loss_vfl_dn_2: 0.4402 (0.4364)  time: 1.1753  data: 0.0316  max mem: 10027
Epoch: [59]  [700/809]  eta: 0:02:12  lr: 0.000100  loss: 9.1887 (9.4669)  loss_bbox: 0.0653 (0.0731)  loss_bbox_aux_0: 0.0757 (0.0777)  loss_bbox_aux_1: 0.0663 (0.0741)  loss_bbox_aux_2: 0.0829 (0.0885)  loss_bbox_dn_0: 0.0499 (0.0496)  loss_bbox_dn_1: 0.0411 (0.0406)  loss_bbox_dn_2: 0.0402 (0.0395)  loss_giou: 0.7790 (0.8556)  loss_giou_aux_0: 0.7855 (0.8819)  loss_giou_aux_1: 0.7938 (0.8633)  loss_giou_aux_2: 0.8861 (0.9443)  loss_giou_dn_0: 0.7018 (0.7192)  loss_giou_dn_1: 0.6194 (0.6374)  loss_giou_dn_2: 0.6101 (0.6278)  loss_vfl: 0.5255 (0.5186)  loss_vfl_aux_0: 0.5555 (0.5398)  loss_vfl_aux_1: 0.5432 (0.5287)  loss_vfl_aux_2: 0.5559 (0.5568)  loss_vfl_dn_0: 0.4675 (0.4713)  loss_vfl_dn_1: 0.4464 (0.4429)  loss_vfl_dn_2: 0.4419 (0.4364)  time: 1.1693  data: 0.0336  max mem: 10027
Epoch: [59]  [800/809]  eta: 0:00:10  lr: 0.000100  loss: 9.5973 (9.4804)  loss_bbox: 0.0743 (0.0735)  loss_bbox_aux_0: 0.0797 (0.0782)  loss_bbox_aux_1: 0.0723 (0.0745)  loss_bbox_aux_2: 0.0888 (0.0889)  loss_bbox_dn_0: 0.0460 (0.0497)  loss_bbox_dn_1: 0.0372 (0.0407)  loss_bbox_dn_2: 0.0359 (0.0395)  loss_giou: 0.8976 (0.8575)  loss_giou_aux_0: 0.9205 (0.8838)  loss_giou_aux_1: 0.9137 (0.8655)  loss_giou_aux_2: 0.9913 (0.9465)  loss_giou_dn_0: 0.7339 (0.7202)  loss_giou_dn_1: 0.6434 (0.6382)  loss_giou_dn_2: 0.6295 (0.6285)  loss_vfl: 0.4982 (0.5186)  loss_vfl_aux_0: 0.5149 (0.5396)  loss_vfl_aux_1: 0.4997 (0.5288)  loss_vfl_aux_2: 0.5491 (0.5567)  loss_vfl_dn_0: 0.4703 (0.4716)  loss_vfl_dn_1: 0.4509 (0.4433)  loss_vfl_dn_2: 0.4434 (0.4368)  time: 1.1461  data: 0.0320  max mem: 10027
Epoch: [59]  [808/809]  eta: 0:00:01  lr: 0.000100  loss: 9.2725 (9.4785)  loss_bbox: 0.0697 (0.0735)  loss_bbox_aux_0: 0.0751 (0.0782)  loss_bbox_aux_1: 0.0700 (0.0745)  loss_bbox_aux_2: 0.0829 (0.0889)  loss_bbox_dn_0: 0.0460 (0.0497)  loss_bbox_dn_1: 0.0370 (0.0407)  loss_bbox_dn_2: 0.0354 (0.0395)  loss_giou: 0.7829 (0.8570)  loss_giou_aux_0: 0.8085 (0.8834)  loss_giou_aux_1: 0.7830 (0.8650)  loss_giou_aux_2: 0.8728 (0.9461)  loss_giou_dn_0: 0.6870 (0.7199)  loss_giou_dn_1: 0.6062 (0.6379)  loss_giou_dn_2: 0.5965 (0.6282)  loss_vfl: 0.5116 (0.5187)  loss_vfl_aux_0: 0.5255 (0.5398)  loss_vfl_aux_1: 0.5182 (0.5289)  loss_vfl_aux_2: 0.5518 (0.5569)  loss_vfl_dn_0: 0.4669 (0.4716)  loss_vfl_dn_1: 0.4470 (0.4433)  loss_vfl_dn_2: 0.4386 (0.4368)  time: 0.9676  data: 0.0272  max mem: 10027
Epoch: [59] Total time: 0:16:16 (1.2072 s / it)
Averaged stats: lr: 0.000100  loss: 9.2725 (9.4785)  loss_bbox: 0.0697 (0.0735)  loss_bbox_aux_0: 0.0751 (0.0782)  loss_bbox_aux_1: 0.0700 (0.0745)  loss_bbox_aux_2: 0.0829 (0.0889)  loss_bbox_dn_0: 0.0460 (0.0497)  loss_bbox_dn_1: 0.0370 (0.0407)  loss_bbox_dn_2: 0.0354 (0.0395)  loss_giou: 0.7829 (0.8570)  loss_giou_aux_0: 0.8085 (0.8834)  loss_giou_aux_1: 0.7830 (0.8650)  loss_giou_aux_2: 0.8728 (0.9461)  loss_giou_dn_0: 0.6870 (0.7199)  loss_giou_dn_1: 0.6062 (0.6379)  loss_giou_dn_2: 0.5965 (0.6282)  loss_vfl: 0.5116 (0.5187)  loss_vfl_aux_0: 0.5255 (0.5398)  loss_vfl_aux_1: 0.5182 (0.5289)  loss_vfl_aux_2: 0.5518 (0.5569)  loss_vfl_dn_0: 0.4669 (0.4716)  loss_vfl_dn_1: 0.4470 (0.4433)  loss_vfl_dn_2: 0.4386 (0.4368)
Test:  [ 0/69]  eta: 0:01:32    time: 1.3369  data: 0.6872  max mem: 10027
Test:  [10/69]  eta: 0:00:47    time: 0.7969  data: 0.0840  max mem: 10027
Test:  [20/69]  eta: 0:00:38    time: 0.7558  data: 0.0241  max mem: 10027
Test:  [30/69]  eta: 0:00:29    time: 0.7310  data: 0.0246  max mem: 10027
Test:  [40/69]  eta: 0:00:21    time: 0.6804  data: 0.0246  max mem: 10027
Test:  [50/69]  eta: 0:00:13    time: 0.6562  data: 0.0252  max mem: 10027
Test:  [60/69]  eta: 0:00:06    time: 0.6194  data: 0.0251  max mem: 10027
Test:  [68/69]  eta: 0:00:00    time: 0.6116  data: 0.0231  max mem: 10027
Test: Total time: 0:00:47 (0.6913 s / it)
Averaged stats: 
Accumulating evaluation results...
DONE (t=2.25s).
IoU metric: bbox
 Average Precision  (AP) @[ IoU=0.50:0.95 | area=   all | maxDets=100 ] = 0.252
 Average Precision  (AP) @[ IoU=0.50      | area=   all | maxDets=100 ] = 0.407
 Average Precision  (AP) @[ IoU=0.75      | area=   all | maxDets=100 ] = 0.262
 Average Precision  (AP) @[ IoU=0.50:0.95 | area= small | maxDets=100 ] = 0.174
 Average Precision  (AP) @[ IoU=0.50:0.95 | area=medium | maxDets=100 ] = 0.337
 Average Precision  (AP) @[ IoU=0.50:0.95 | area= large | maxDets=100 ] = 0.471
 Average Recall     (AR) @[ IoU=0.50:0.95 | area=   all | maxDets=  1 ] = 0.109
 Average Recall     (AR) @[ IoU=0.50:0.95 | area=   all | maxDets= 10 ] = 0.306
 Average Recall     (AR) @[ IoU=0.50:0.95 | area=   all | maxDets=100 ] = 0.413
 Average Recall     (AR) @[ IoU=0.50:0.95 | area= small | maxDets=100 ] = 0.332
 Average Recall     (AR) @[ IoU=0.50:0.95 | area=medium | maxDets=100 ] = 0.517
 Average Recall     (AR) @[ IoU=0.50:0.95 | area= large | maxDets=100 ] = 0.612
best_stat:  {'epoch': 59, 'coco_eval_bbox': 0.25234289416847877}
Epoch: [60]  [  0/809]  eta: 1:33:50  lr: 0.000100  loss: 8.9128 (8.9128)  loss_bbox: 0.0642 (0.0642)  loss_bbox_aux_0: 0.0643 (0.0643)  loss_bbox_aux_1: 0.0641 (0.0641)  loss_bbox_aux_2: 0.0729 (0.0729)  loss_bbox_dn_0: 0.0607 (0.0607)  loss_bbox_dn_1: 0.0512 (0.0512)  loss_bbox_dn_2: 0.0506 (0.0506)  loss_giou: 0.6840 (0.6840)  loss_giou_aux_0: 0.6962 (0.6962)  loss_giou_aux_1: 0.6761 (0.6761)  loss_giou_aux_2: 0.7510 (0.7510)  loss_giou_dn_0: 0.6755 (0.6755)  loss_giou_dn_1: 0.5964 (0.5964)  loss_giou_dn_2: 0.5916 (0.5916)  loss_vfl: 0.5684 (0.5684)  loss_vfl_aux_0: 0.6169 (0.6169)  loss_vfl_aux_1: 0.6006 (0.6006)  loss_vfl_aux_2: 0.6538 (0.6538)  loss_vfl_dn_0: 0.4784 (0.4784)  loss_vfl_dn_1: 0.4541 (0.4541)  loss_vfl_dn_2: 0.4418 (0.4418)  time: 6.9595  data: 2.2443  max mem: 10027
Epoch: [60]  [100/809]  eta: 0:14:49  lr: 0.000100  loss: 9.4473 (9.4120)  loss_bbox: 0.0722 (0.0727)  loss_bbox_aux_0: 0.0762 (0.0776)  loss_bbox_aux_1: 0.0723 (0.0737)  loss_bbox_aux_2: 0.0789 (0.0897)  loss_bbox_dn_0: 0.0471 (0.0512)  loss_bbox_dn_1: 0.0387 (0.0409)  loss_bbox_dn_2: 0.0372 (0.0398)  loss_giou: 0.8175 (0.8400)  loss_giou_aux_0: 0.8704 (0.8684)  loss_giou_aux_1: 0.8294 (0.8474)  loss_giou_aux_2: 0.9337 (0.9354)  loss_giou_dn_0: 0.7185 (0.7203)  loss_giou_dn_1: 0.6028 (0.6313)  loss_giou_dn_2: 0.5826 (0.6210)  loss_vfl: 0.5112 (0.5219)  loss_vfl_aux_0: 0.5297 (0.5416)  loss_vfl_aux_1: 0.5200 (0.5313)  loss_vfl_aux_2: 0.5604 (0.5590)  loss_vfl_dn_0: 0.4695 (0.4713)  loss_vfl_dn_1: 0.4401 (0.4422)  loss_vfl_dn_2: 0.4346 (0.4352)  time: 1.1958  data: 0.0326  max mem: 10027
Epoch: [60]  [200/809]  eta: 0:12:21  lr: 0.000100  loss: 9.4434 (9.4364)  loss_bbox: 0.0666 (0.0732)  loss_bbox_aux_0: 0.0737 (0.0780)  loss_bbox_aux_1: 0.0714 (0.0744)  loss_bbox_aux_2: 0.0799 (0.0890)  loss_bbox_dn_0: 0.0502 (0.0498)  loss_bbox_dn_1: 0.0389 (0.0401)  loss_bbox_dn_2: 0.0387 (0.0390)  loss_giou: 0.8468 (0.8472)  loss_giou_aux_0: 0.8754 (0.8736)  loss_giou_aux_1: 0.8495 (0.8549)  loss_giou_aux_2: 0.9289 (0.9406)  loss_giou_dn_0: 0.7317 (0.7172)  loss_giou_dn_1: 0.6574 (0.6311)  loss_giou_dn_2: 0.6479 (0.6210)  loss_vfl: 0.5012 (0.5217)  loss_vfl_aux_0: 0.5247 (0.5437)  loss_vfl_aux_1: 0.5164 (0.5317)  loss_vfl_aux_2: 0.5433 (0.5597)  loss_vfl_dn_0: 0.4697 (0.4722)  loss_vfl_dn_1: 0.4399 (0.4426)  loss_vfl_dn_2: 0.4349 (0.4356)  time: 1.1988  data: 0.0320  max mem: 10027
Epoch: [60]  [300/809]  eta: 0:10:18  lr: 0.000100  loss: 9.7975 (9.4964)  loss_bbox: 0.0713 (0.0742)  loss_bbox_aux_0: 0.0751 (0.0795)  loss_bbox_aux_1: 0.0722 (0.0757)  loss_bbox_aux_2: 0.0819 (0.0896)  loss_bbox_dn_0: 0.0448 (0.0490)  loss_bbox_dn_1: 0.0349 (0.0398)  loss_bbox_dn_2: 0.0343 (0.0386)  loss_giou: 0.9167 (0.8620)  loss_giou_aux_0: 0.9243 (0.8879)  loss_giou_aux_1: 0.9170 (0.8699)  loss_giou_aux_2: 0.9768 (0.9530)  loss_giou_dn_0: 0.7458 (0.7216)  loss_giou_dn_1: 0.6705 (0.6367)  loss_giou_dn_2: 0.6610 (0.6267)  loss_vfl: 0.5096 (0.5176)  loss_vfl_aux_0: 0.5295 (0.5389)  loss_vfl_aux_1: 0.5192 (0.5273)  loss_vfl_aux_2: 0.5483 (0.5557)  loss_vfl_dn_0: 0.4698 (0.4723)  loss_vfl_dn_1: 0.4456 (0.4435)  loss_vfl_dn_2: 0.4418 (0.4370)  time: 1.2575  data: 0.0410  max mem: 10027
Epoch: [60]  [400/809]  eta: 0:08:15  lr: 0.000100  loss: 9.4000 (9.4746)  loss_bbox: 0.0691 (0.0742)  loss_bbox_aux_0: 0.0697 (0.0790)  loss_bbox_aux_1: 0.0695 (0.0754)  loss_bbox_aux_2: 0.0831 (0.0897)  loss_bbox_dn_0: 0.0451 (0.0496)  loss_bbox_dn_1: 0.0383 (0.0403)  loss_bbox_dn_2: 0.0374 (0.0392)  loss_giou: 0.8463 (0.8549)  loss_giou_aux_0: 0.8732 (0.8807)  loss_giou_aux_1: 0.8451 (0.8623)  loss_giou_aux_2: 0.9209 (0.9462)  loss_giou_dn_0: 0.7322 (0.7185)  loss_giou_dn_1: 0.6525 (0.6339)  loss_giou_dn_2: 0.6422 (0.6239)  loss_vfl: 0.5010 (0.5207)  loss_vfl_aux_0: 0.5244 (0.5424)  loss_vfl_aux_1: 0.5142 (0.5308)  loss_vfl_aux_2: 0.5431 (0.5583)  loss_vfl_dn_0: 0.4735 (0.4730)  loss_vfl_dn_1: 0.4421 (0.4441)  loss_vfl_dn_2: 0.4370 (0.4376)  time: 1.2420  data: 0.0313  max mem: 10027
Epoch: [60]  [500/809]  eta: 0:06:11  lr: 0.000100  loss: 9.4865 (9.4537)  loss_bbox: 0.0649 (0.0734)  loss_bbox_aux_0: 0.0703 (0.0782)  loss_bbox_aux_1: 0.0672 (0.0746)  loss_bbox_aux_2: 0.0784 (0.0888)  loss_bbox_dn_0: 0.0443 (0.0495)  loss_bbox_dn_1: 0.0361 (0.0403)  loss_bbox_dn_2: 0.0360 (0.0391)  loss_giou: 0.8728 (0.8522)  loss_giou_aux_0: 0.9244 (0.8776)  loss_giou_aux_1: 0.8919 (0.8593)  loss_giou_aux_2: 0.9615 (0.9428)  loss_giou_dn_0: 0.6981 (0.7168)  loss_giou_dn_1: 0.6120 (0.6325)  loss_giou_dn_2: 0.6026 (0.6225)  loss_vfl: 0.4944 (0.5205)  loss_vfl_aux_0: 0.5051 (0.5421)  loss_vfl_aux_1: 0.4996 (0.5307)  loss_vfl_aux_2: 0.5231 (0.5587)  loss_vfl_dn_0: 0.4647 (0.4729)  loss_vfl_dn_1: 0.4391 (0.4439)  loss_vfl_dn_2: 0.4359 (0.4374)  time: 1.2031  data: 0.0309  max mem: 10027
Epoch: [60]  [600/809]  eta: 0:04:11  lr: 0.000100  loss: 9.7592 (9.4638)  loss_bbox: 0.0860 (0.0748)  loss_bbox_aux_0: 0.0886 (0.0795)  loss_bbox_aux_1: 0.0878 (0.0760)  loss_bbox_aux_2: 0.0983 (0.0900)  loss_bbox_dn_0: 0.0444 (0.0495)  loss_bbox_dn_1: 0.0387 (0.0403)  loss_bbox_dn_2: 0.0384 (0.0392)  loss_giou: 0.8532 (0.8558)  loss_giou_aux_0: 0.8761 (0.8811)  loss_giou_aux_1: 0.8566 (0.8622)  loss_giou_aux_2: 0.9296 (0.9454)  loss_giou_dn_0: 0.6949 (0.7170)  loss_giou_dn_1: 0.6142 (0.6328)  loss_giou_dn_2: 0.6071 (0.6230)  loss_vfl: 0.4838 (0.5183)  loss_vfl_aux_0: 0.5037 (0.5400)  loss_vfl_aux_1: 0.4941 (0.5288)  loss_vfl_aux_2: 0.5176 (0.5568)  loss_vfl_dn_0: 0.4696 (0.4725)  loss_vfl_dn_1: 0.4468 (0.4437)  loss_vfl_dn_2: 0.4393 (0.4372)  time: 1.2763  data: 0.0376  max mem: 10027
Epoch: [60]  [700/809]  eta: 0:02:10  lr: 0.000100  loss: 9.2898 (9.4561)  loss_bbox: 0.0740 (0.0749)  loss_bbox_aux_0: 0.0766 (0.0796)  loss_bbox_aux_1: 0.0728 (0.0761)  loss_bbox_aux_2: 0.0858 (0.0899)  loss_bbox_dn_0: 0.0505 (0.0498)  loss_bbox_dn_1: 0.0410 (0.0406)  loss_bbox_dn_2: 0.0400 (0.0395)  loss_giou: 0.8122 (0.8529)  loss_giou_aux_0: 0.8529 (0.8778)  loss_giou_aux_1: 0.8273 (0.8588)  loss_giou_aux_2: 0.8930 (0.9415)  loss_giou_dn_0: 0.7282 (0.7163)  loss_giou_dn_1: 0.6405 (0.6327)  loss_giou_dn_2: 0.6244 (0.6229)  loss_vfl: 0.5110 (0.5194)  loss_vfl_aux_0: 0.5336 (0.5414)  loss_vfl_aux_1: 0.5227 (0.5300)  loss_vfl_aux_2: 0.5624 (0.5587)  loss_vfl_dn_0: 0.4656 (0.4725)  loss_vfl_dn_1: 0.4351 (0.4436)  loss_vfl_dn_2: 0.4297 (0.4371)  time: 1.1647  data: 0.0347  max mem: 10027
Epoch: [60]  [800/809]  eta: 0:00:10  lr: 0.000100  loss: 9.3727 (9.4479)  loss_bbox: 0.0631 (0.0746)  loss_bbox_aux_0: 0.0668 (0.0791)  loss_bbox_aux_1: 0.0638 (0.0757)  loss_bbox_aux_2: 0.0793 (0.0893)  loss_bbox_dn_0: 0.0497 (0.0499)  loss_bbox_dn_1: 0.0408 (0.0407)  loss_bbox_dn_2: 0.0403 (0.0396)  loss_giou: 0.7868 (0.8507)  loss_giou_aux_0: 0.8344 (0.8753)  loss_giou_aux_1: 0.7953 (0.8565)  loss_giou_aux_2: 0.8997 (0.9388)  loss_giou_dn_0: 0.7106 (0.7161)  loss_giou_dn_1: 0.6252 (0.6330)  loss_giou_dn_2: 0.6180 (0.6233)  loss_vfl: 0.5356 (0.5202)  loss_vfl_aux_0: 0.5605 (0.5422)  loss_vfl_aux_1: 0.5452 (0.5307)  loss_vfl_aux_2: 0.5676 (0.5592)  loss_vfl_dn_0: 0.4695 (0.4724)  loss_vfl_dn_1: 0.4419 (0.4436)  loss_vfl_dn_2: 0.4349 (0.4371)  time: 1.2012  data: 0.0322  max mem: 10027
Epoch: [60]  [808/809]  eta: 0:00:01  lr: 0.000100  loss: 9.1035 (9.4460)  loss_bbox: 0.0677 (0.0746)  loss_bbox_aux_0: 0.0729 (0.0791)  loss_bbox_aux_1: 0.0687 (0.0757)  loss_bbox_aux_2: 0.0820 (0.0893)  loss_bbox_dn_0: 0.0499 (0.0499)  loss_bbox_dn_1: 0.0397 (0.0407)  loss_bbox_dn_2: 0.0385 (0.0396)  loss_giou: 0.7832 (0.8504)  loss_giou_aux_0: 0.8151 (0.8750)  loss_giou_aux_1: 0.7814 (0.8563)  loss_giou_aux_2: 0.8997 (0.9388)  loss_giou_dn_0: 0.6891 (0.7158)  loss_giou_dn_1: 0.6207 (0.6328)  loss_giou_dn_2: 0.6112 (0.6230)  loss_vfl: 0.5314 (0.5201)  loss_vfl_aux_0: 0.5537 (0.5420)  loss_vfl_aux_1: 0.5389 (0.5306)  loss_vfl_aux_2: 0.5626 (0.5590)  loss_vfl_dn_0: 0.4728 (0.4725)  loss_vfl_dn_1: 0.4399 (0.4437)  loss_vfl_dn_2: 0.4335 (0.4371)  time: 1.0134  data: 0.0304  max mem: 10027
Epoch: [60] Total time: 0:16:05 (1.1939 s / it)
Averaged stats: lr: 0.000100  loss: 9.1035 (9.4460)  loss_bbox: 0.0677 (0.0746)  loss_bbox_aux_0: 0.0729 (0.0791)  loss_bbox_aux_1: 0.0687 (0.0757)  loss_bbox_aux_2: 0.0820 (0.0893)  loss_bbox_dn_0: 0.0499 (0.0499)  loss_bbox_dn_1: 0.0397 (0.0407)  loss_bbox_dn_2: 0.0385 (0.0396)  loss_giou: 0.7832 (0.8504)  loss_giou_aux_0: 0.8151 (0.8750)  loss_giou_aux_1: 0.7814 (0.8563)  loss_giou_aux_2: 0.8997 (0.9388)  loss_giou_dn_0: 0.6891 (0.7158)  loss_giou_dn_1: 0.6207 (0.6328)  loss_giou_dn_2: 0.6112 (0.6230)  loss_vfl: 0.5314 (0.5201)  loss_vfl_aux_0: 0.5537 (0.5420)  loss_vfl_aux_1: 0.5389 (0.5306)  loss_vfl_aux_2: 0.5626 (0.5590)  loss_vfl_dn_0: 0.4728 (0.4725)  loss_vfl_dn_1: 0.4399 (0.4437)  loss_vfl_dn_2: 0.4335 (0.4371)
Test:  [ 0/69]  eta: 0:01:56    time: 1.6931  data: 1.0528  max mem: 10027
Test:  [10/69]  eta: 0:00:52    time: 0.8869  data: 0.2028  max mem: 10027
Test:  [20/69]  eta: 0:00:40    time: 0.7889  data: 0.0718  max mem: 10027
Test:  [30/69]  eta: 0:00:30    time: 0.7181  data: 0.0263  max mem: 10027
Test:  [40/69]  eta: 0:00:21    time: 0.6724  data: 0.0257  max mem: 10027
Test:  [50/69]  eta: 0:00:13    time: 0.6406  data: 0.0253  max mem: 10027
Test:  [60/69]  eta: 0:00:06    time: 0.6097  data: 0.0258  max mem: 10027
Test:  [68/69]  eta: 0:00:00    time: 0.6314  data: 0.0232  max mem: 10027
Test: Total time: 0:00:48 (0.7039 s / it)
Averaged stats: 
Accumulating evaluation results...
DONE (t=2.36s).
IoU metric: bbox
 Average Precision  (AP) @[ IoU=0.50:0.95 | area=   all | maxDets=100 ] = 0.254
 Average Precision  (AP) @[ IoU=0.50      | area=   all | maxDets=100 ] = 0.408
 Average Precision  (AP) @[ IoU=0.75      | area=   all | maxDets=100 ] = 0.263
 Average Precision  (AP) @[ IoU=0.50:0.95 | area= small | maxDets=100 ] = 0.175
 Average Precision  (AP) @[ IoU=0.50:0.95 | area=medium | maxDets=100 ] = 0.338
 Average Precision  (AP) @[ IoU=0.50:0.95 | area= large | maxDets=100 ] = 0.472
 Average Recall     (AR) @[ IoU=0.50:0.95 | area=   all | maxDets=  1 ] = 0.109
 Average Recall     (AR) @[ IoU=0.50:0.95 | area=   all | maxDets= 10 ] = 0.308
 Average Recall     (AR) @[ IoU=0.50:0.95 | area=   all | maxDets=100 ] = 0.414
 Average Recall     (AR) @[ IoU=0.50:0.95 | area= small | maxDets=100 ] = 0.332
 Average Recall     (AR) @[ IoU=0.50:0.95 | area=medium | maxDets=100 ] = 0.518
 Average Recall     (AR) @[ IoU=0.50:0.95 | area= large | maxDets=100 ] = 0.618
best_stat:  {'epoch': 60, 'coco_eval_bbox': 0.2536263524112934}
Epoch: [61]  [  0/809]  eta: 1:22:55  lr: 0.000100  loss: 9.3032 (9.3032)  loss_bbox: 0.0696 (0.0696)  loss_bbox_aux_0: 0.0725 (0.0725)  loss_bbox_aux_1: 0.0729 (0.0729)  loss_bbox_aux_2: 0.0809 (0.0809)  loss_bbox_dn_0: 0.0461 (0.0461)  loss_bbox_dn_1: 0.0373 (0.0373)  loss_bbox_dn_2: 0.0361 (0.0361)  loss_giou: 0.8236 (0.8236)  loss_giou_aux_0: 0.8484 (0.8484)  loss_giou_aux_1: 0.8333 (0.8333)  loss_giou_aux_2: 0.9213 (0.9213)  loss_giou_dn_0: 0.6910 (0.6910)  loss_giou_dn_1: 0.6081 (0.6081)  loss_giou_dn_2: 0.5930 (0.5930)  loss_vfl: 0.5294 (0.5294)  loss_vfl_aux_0: 0.5623 (0.5623)  loss_vfl_aux_1: 0.5300 (0.5300)  loss_vfl_aux_2: 0.5789 (0.5789)  loss_vfl_dn_0: 0.4854 (0.4854)  loss_vfl_dn_1: 0.4446 (0.4446)  loss_vfl_dn_2: 0.4386 (0.4386)  time: 6.1498  data: 2.3542  max mem: 10027
Epoch: [61]  [100/809]  eta: 0:14:49  lr: 0.000100  loss: 9.2265 (9.5521)  loss_bbox: 0.0621 (0.0774)  loss_bbox_aux_0: 0.0646 (0.0813)  loss_bbox_aux_1: 0.0616 (0.0782)  loss_bbox_aux_2: 0.0729 (0.0890)  loss_bbox_dn_0: 0.0449 (0.0497)  loss_bbox_dn_1: 0.0374 (0.0406)  loss_bbox_dn_2: 0.0370 (0.0396)  loss_giou: 0.8748 (0.8702)  loss_giou_aux_0: 0.8984 (0.8914)  loss_giou_aux_1: 0.8806 (0.8780)  loss_giou_aux_2: 0.9533 (0.9568)  loss_giou_dn_0: 0.7403 (0.7298)  loss_giou_dn_1: 0.6521 (0.6451)  loss_giou_dn_2: 0.6415 (0.6360)  loss_vfl: 0.5217 (0.5167)  loss_vfl_aux_0: 0.5496 (0.5390)  loss_vfl_aux_1: 0.5341 (0.5256)  loss_vfl_aux_2: 0.5660 (0.5566)  loss_vfl_dn_0: 0.4658 (0.4700)  loss_vfl_dn_1: 0.4413 (0.4434)  loss_vfl_dn_2: 0.4387 (0.4376)  time: 1.1938  data: 0.0358  max mem: 10027
Epoch: [61]  [200/809]  eta: 0:12:27  lr: 0.000100  loss: 9.4571 (9.5423)  loss_bbox: 0.0698 (0.0763)  loss_bbox_aux_0: 0.0753 (0.0809)  loss_bbox_aux_1: 0.0702 (0.0772)  loss_bbox_aux_2: 0.0891 (0.0892)  loss_bbox_dn_0: 0.0494 (0.0495)  loss_bbox_dn_1: 0.0389 (0.0406)  loss_bbox_dn_2: 0.0377 (0.0396)  loss_giou: 0.8638 (0.8724)  loss_giou_aux_0: 0.8879 (0.8946)  loss_giou_aux_1: 0.8712 (0.8797)  loss_giou_aux_2: 0.9396 (0.9586)  loss_giou_dn_0: 0.7226 (0.7257)  loss_giou_dn_1: 0.6369 (0.6424)  loss_giou_dn_2: 0.6272 (0.6334)  loss_vfl: 0.5156 (0.5154)  loss_vfl_aux_0: 0.5312 (0.5369)  loss_vfl_aux_1: 0.5214 (0.5252)  loss_vfl_aux_2: 0.5481 (0.5543)  loss_vfl_dn_0: 0.4711 (0.4706)  loss_vfl_dn_1: 0.4448 (0.4429)  loss_vfl_dn_2: 0.4397 (0.4369)  time: 1.1887  data: 0.0351  max mem: 10027
Epoch: [61]  [300/809]  eta: 0:10:14  lr: 0.000100  loss: 9.4537 (9.5452)  loss_bbox: 0.0700 (0.0773)  loss_bbox_aux_0: 0.0735 (0.0826)  loss_bbox_aux_1: 0.0719 (0.0783)  loss_bbox_aux_2: 0.0864 (0.0909)  loss_bbox_dn_0: 0.0514 (0.0499)  loss_bbox_dn_1: 0.0433 (0.0409)  loss_bbox_dn_2: 0.0419 (0.0399)  loss_giou: 0.8009 (0.8695)  loss_giou_aux_0: 0.8345 (0.8937)  loss_giou_aux_1: 0.8173 (0.8769)  loss_giou_aux_2: 0.8979 (0.9575)  loss_giou_dn_0: 0.7335 (0.7246)  loss_giou_dn_1: 0.6636 (0.6411)  loss_giou_dn_2: 0.6551 (0.6317)  loss_vfl: 0.5226 (0.5175)  loss_vfl_aux_0: 0.5432 (0.5377)  loss_vfl_aux_1: 0.5359 (0.5269)  loss_vfl_aux_2: 0.5624 (0.5558)  loss_vfl_dn_0: 0.4719 (0.4713)  loss_vfl_dn_1: 0.4443 (0.4435)  loss_vfl_dn_2: 0.4431 (0.4375)  time: 1.1561  data: 0.0292  max mem: 10027
Epoch: [61]  [400/809]  eta: 0:08:12  lr: 0.000100  loss: 9.0202 (9.4973)  loss_bbox: 0.0578 (0.0755)  loss_bbox_aux_0: 0.0607 (0.0805)  loss_bbox_aux_1: 0.0563 (0.0764)  loss_bbox_aux_2: 0.0728 (0.0897)  loss_bbox_dn_0: 0.0473 (0.0498)  loss_bbox_dn_1: 0.0374 (0.0408)  loss_bbox_dn_2: 0.0356 (0.0398)  loss_giou: 0.7864 (0.8588)  loss_giou_aux_0: 0.8119 (0.8841)  loss_giou_aux_1: 0.7895 (0.8658)  loss_giou_aux_2: 0.8868 (0.9479)  loss_giou_dn_0: 0.7083 (0.7202)  loss_giou_dn_1: 0.6141 (0.6366)  loss_giou_dn_2: 0.6043 (0.6271)  loss_vfl: 0.5248 (0.5206)  loss_vfl_aux_0: 0.5518 (0.5415)  loss_vfl_aux_1: 0.5358 (0.5303)  loss_vfl_aux_2: 0.5721 (0.5593)  loss_vfl_dn_0: 0.4651 (0.4715)  loss_vfl_dn_1: 0.4442 (0.4437)  loss_vfl_dn_2: 0.4353 (0.4374)  time: 1.1969  data: 0.0311  max mem: 10027
Epoch: [61]  [500/809]  eta: 0:06:11  lr: 0.000100  loss: 9.3055 (9.4611)  loss_bbox: 0.0664 (0.0750)  loss_bbox_aux_0: 0.0700 (0.0800)  loss_bbox_aux_1: 0.0685 (0.0760)  loss_bbox_aux_2: 0.0807 (0.0893)  loss_bbox_dn_0: 0.0460 (0.0498)  loss_bbox_dn_1: 0.0387 (0.0407)  loss_bbox_dn_2: 0.0377 (0.0397)  loss_giou: 0.8472 (0.8527)  loss_giou_aux_0: 0.8557 (0.8779)  loss_giou_aux_1: 0.8505 (0.8599)  loss_giou_aux_2: 0.9082 (0.9419)  loss_giou_dn_0: 0.6923 (0.7178)  loss_giou_dn_1: 0.6038 (0.6344)  loss_giou_dn_2: 0.5959 (0.6249)  loss_vfl: 0.5253 (0.5204)  loss_vfl_aux_0: 0.5405 (0.5410)  loss_vfl_aux_1: 0.5323 (0.5298)  loss_vfl_aux_2: 0.5502 (0.5592)  loss_vfl_dn_0: 0.4675 (0.4713)  loss_vfl_dn_1: 0.4406 (0.4429)  loss_vfl_dn_2: 0.4338 (0.4365)  time: 1.2023  data: 0.0367  max mem: 10027
Epoch: [61]  [600/809]  eta: 0:04:09  lr: 0.000100  loss: 9.1582 (9.4443)  loss_bbox: 0.0612 (0.0740)  loss_bbox_aux_0: 0.0692 (0.0791)  loss_bbox_aux_1: 0.0631 (0.0749)  loss_bbox_aux_2: 0.0755 (0.0884)  loss_bbox_dn_0: 0.0473 (0.0499)  loss_bbox_dn_1: 0.0378 (0.0407)  loss_bbox_dn_2: 0.0368 (0.0397)  loss_giou: 0.7676 (0.8481)  loss_giou_aux_0: 0.7950 (0.8735)  loss_giou_aux_1: 0.7701 (0.8554)  loss_giou_aux_2: 0.8538 (0.9385)  loss_giou_dn_0: 0.6830 (0.7170)  loss_giou_dn_1: 0.6044 (0.6335)  loss_giou_dn_2: 0.5927 (0.6240)  loss_vfl: 0.5510 (0.5220)  loss_vfl_aux_0: 0.5741 (0.5424)  loss_vfl_aux_1: 0.5668 (0.5317)  loss_vfl_aux_2: 0.5857 (0.5606)  loss_vfl_dn_0: 0.4799 (0.4715)  loss_vfl_dn_1: 0.4445 (0.4429)  loss_vfl_dn_2: 0.4355 (0.4364)  time: 1.1724  data: 0.0300  max mem: 10027
Epoch: [61]  [700/809]  eta: 0:02:08  lr: 0.000100  loss: 9.4811 (9.4520)  loss_bbox: 0.0821 (0.0743)  loss_bbox_aux_0: 0.0844 (0.0793)  loss_bbox_aux_1: 0.0839 (0.0753)  loss_bbox_aux_2: 0.0923 (0.0887)  loss_bbox_dn_0: 0.0460 (0.0500)  loss_bbox_dn_1: 0.0378 (0.0409)  loss_bbox_dn_2: 0.0363 (0.0398)  loss_giou: 0.8426 (0.8485)  loss_giou_aux_0: 0.8616 (0.8739)  loss_giou_aux_1: 0.8488 (0.8560)  loss_giou_aux_2: 0.9186 (0.9385)  loss_giou_dn_0: 0.7181 (0.7181)  loss_giou_dn_1: 0.6353 (0.6344)  loss_giou_dn_2: 0.6218 (0.6248)  loss_vfl: 0.5354 (0.5226)  loss_vfl_aux_0: 0.5544 (0.5430)  loss_vfl_aux_1: 0.5411 (0.5320)  loss_vfl_aux_2: 0.5808 (0.5607)  loss_vfl_dn_0: 0.4701 (0.4714)  loss_vfl_dn_1: 0.4462 (0.4431)  loss_vfl_dn_2: 0.4395 (0.4365)  time: 1.1319  data: 0.0323  max mem: 10027
Epoch: [61]  [800/809]  eta: 0:00:10  lr: 0.000100  loss: 9.3947 (9.4514)  loss_bbox: 0.0672 (0.0743)  loss_bbox_aux_0: 0.0727 (0.0795)  loss_bbox_aux_1: 0.0678 (0.0755)  loss_bbox_aux_2: 0.0817 (0.0887)  loss_bbox_dn_0: 0.0487 (0.0501)  loss_bbox_dn_1: 0.0372 (0.0409)  loss_bbox_dn_2: 0.0362 (0.0398)  loss_giou: 0.8348 (0.8486)  loss_giou_aux_0: 0.8533 (0.8736)  loss_giou_aux_1: 0.8321 (0.8560)  loss_giou_aux_2: 0.9241 (0.9392)  loss_giou_dn_0: 0.7212 (0.7176)  loss_giou_dn_1: 0.6343 (0.6339)  loss_giou_dn_2: 0.6250 (0.6243)  loss_vfl: 0.5311 (0.5226)  loss_vfl_aux_0: 0.5554 (0.5432)  loss_vfl_aux_1: 0.5428 (0.5323)  loss_vfl_aux_2: 0.5552 (0.5604)  loss_vfl_dn_0: 0.4702 (0.4717)  loss_vfl_dn_1: 0.4402 (0.4429)  loss_vfl_dn_2: 0.4331 (0.4364)  time: 1.1096  data: 0.0293  max mem: 10027
Epoch: [61]  [808/809]  eta: 0:00:01  lr: 0.000100  loss: 9.3499 (9.4490)  loss_bbox: 0.0675 (0.0742)  loss_bbox_aux_0: 0.0748 (0.0794)  loss_bbox_aux_1: 0.0679 (0.0754)  loss_bbox_aux_2: 0.0816 (0.0887)  loss_bbox_dn_0: 0.0535 (0.0501)  loss_bbox_dn_1: 0.0418 (0.0409)  loss_bbox_dn_2: 0.0404 (0.0398)  loss_giou: 0.8003 (0.8483)  loss_giou_aux_0: 0.8396 (0.8734)  loss_giou_aux_1: 0.8103 (0.8557)  loss_giou_aux_2: 0.9151 (0.9390)  loss_giou_dn_0: 0.7068 (0.7176)  loss_giou_dn_1: 0.6270 (0.6337)  loss_giou_dn_2: 0.6156 (0.6241)  loss_vfl: 0.5222 (0.5224)  loss_vfl_aux_0: 0.5479 (0.5430)  loss_vfl_aux_1: 0.5256 (0.5321)  loss_vfl_aux_2: 0.5582 (0.5603)  loss_vfl_dn_0: 0.4696 (0.4716)  loss_vfl_dn_1: 0.4413 (0.4429)  loss_vfl_dn_2: 0.4315 (0.4363)  time: 0.9562  data: 0.0282  max mem: 10027
Epoch: [61] Total time: 0:15:51 (1.1757 s / it)
Averaged stats: lr: 0.000100  loss: 9.3499 (9.4490)  loss_bbox: 0.0675 (0.0742)  loss_bbox_aux_0: 0.0748 (0.0794)  loss_bbox_aux_1: 0.0679 (0.0754)  loss_bbox_aux_2: 0.0816 (0.0887)  loss_bbox_dn_0: 0.0535 (0.0501)  loss_bbox_dn_1: 0.0418 (0.0409)  loss_bbox_dn_2: 0.0404 (0.0398)  loss_giou: 0.8003 (0.8483)  loss_giou_aux_0: 0.8396 (0.8734)  loss_giou_aux_1: 0.8103 (0.8557)  loss_giou_aux_2: 0.9151 (0.9390)  loss_giou_dn_0: 0.7068 (0.7176)  loss_giou_dn_1: 0.6270 (0.6337)  loss_giou_dn_2: 0.6156 (0.6241)  loss_vfl: 0.5222 (0.5224)  loss_vfl_aux_0: 0.5479 (0.5430)  loss_vfl_aux_1: 0.5256 (0.5321)  loss_vfl_aux_2: 0.5582 (0.5603)  loss_vfl_dn_0: 0.4696 (0.4716)  loss_vfl_dn_1: 0.4413 (0.4429)  loss_vfl_dn_2: 0.4315 (0.4363)
Test:  [ 0/69]  eta: 0:01:28    time: 1.2830  data: 0.6986  max mem: 10027
Test:  [10/69]  eta: 0:00:49    time: 0.8342  data: 0.1674  max mem: 10027
Test:  [20/69]  eta: 0:00:38    time: 0.7536  data: 0.0687  max mem: 10027
Test:  [30/69]  eta: 0:00:28    time: 0.6831  data: 0.0230  max mem: 10027
Test:  [40/69]  eta: 0:00:20    time: 0.6476  data: 0.0225  max mem: 10027
Test:  [50/69]  eta: 0:00:13    time: 0.6287  data: 0.0228  max mem: 10027
Test:  [60/69]  eta: 0:00:06    time: 0.5923  data: 0.0220  max mem: 10027
Test:  [68/69]  eta: 0:00:00    time: 0.5934  data: 0.0202  max mem: 10027
Test: Total time: 0:00:46 (0.6698 s / it)
Averaged stats: 
Accumulating evaluation results...
DONE (t=2.19s).
IoU metric: bbox
 Average Precision  (AP) @[ IoU=0.50:0.95 | area=   all | maxDets=100 ] = 0.255
 Average Precision  (AP) @[ IoU=0.50      | area=   all | maxDets=100 ] = 0.410
 Average Precision  (AP) @[ IoU=0.75      | area=   all | maxDets=100 ] = 0.264
 Average Precision  (AP) @[ IoU=0.50:0.95 | area= small | maxDets=100 ] = 0.176
 Average Precision  (AP) @[ IoU=0.50:0.95 | area=medium | maxDets=100 ] = 0.340
 Average Precision  (AP) @[ IoU=0.50:0.95 | area= large | maxDets=100 ] = 0.475
 Average Recall     (AR) @[ IoU=0.50:0.95 | area=   all | maxDets=  1 ] = 0.109
 Average Recall     (AR) @[ IoU=0.50:0.95 | area=   all | maxDets= 10 ] = 0.309
 Average Recall     (AR) @[ IoU=0.50:0.95 | area=   all | maxDets=100 ] = 0.416
 Average Recall     (AR) @[ IoU=0.50:0.95 | area= small | maxDets=100 ] = 0.334
 Average Recall     (AR) @[ IoU=0.50:0.95 | area=medium | maxDets=100 ] = 0.520
 Average Recall     (AR) @[ IoU=0.50:0.95 | area= large | maxDets=100 ] = 0.624
best_stat:  {'epoch': 61, 'coco_eval_bbox': 0.2551958875505214}
Epoch: [62]  [  0/809]  eta: 1:21:11  lr: 0.000100  loss: 8.2581 (8.2581)  loss_bbox: 0.0626 (0.0626)  loss_bbox_aux_0: 0.0696 (0.0696)  loss_bbox_aux_1: 0.0661 (0.0661)  loss_bbox_aux_2: 0.0935 (0.0935)  loss_bbox_dn_0: 0.0831 (0.0831)  loss_bbox_dn_1: 0.0609 (0.0609)  loss_bbox_dn_2: 0.0589 (0.0589)  loss_giou: 0.4865 (0.4865)  loss_giou_aux_0: 0.5279 (0.5279)  loss_giou_aux_1: 0.4971 (0.4971)  loss_giou_aux_2: 0.6212 (0.6212)  loss_giou_dn_0: 0.6079 (0.6079)  loss_giou_dn_1: 0.4894 (0.4894)  loss_giou_dn_2: 0.4748 (0.4748)  loss_vfl: 0.6597 (0.6597)  loss_vfl_aux_0: 0.6528 (0.6528)  loss_vfl_aux_1: 0.6533 (0.6533)  loss_vfl_aux_2: 0.7009 (0.7009)  loss_vfl_dn_0: 0.4985 (0.4985)  loss_vfl_dn_1: 0.4491 (0.4491)  loss_vfl_dn_2: 0.4442 (0.4442)  time: 6.0217  data: 3.0129  max mem: 10027
Epoch: [62]  [100/809]  eta: 0:14:36  lr: 0.000100  loss: 9.1396 (9.4566)  loss_bbox: 0.0589 (0.0702)  loss_bbox_aux_0: 0.0638 (0.0754)  loss_bbox_aux_1: 0.0589 (0.0713)  loss_bbox_aux_2: 0.0777 (0.0859)  loss_bbox_dn_0: 0.0471 (0.0490)  loss_bbox_dn_1: 0.0380 (0.0398)  loss_bbox_dn_2: 0.0366 (0.0388)  loss_giou: 0.7799 (0.8543)  loss_giou_aux_0: 0.7999 (0.8809)  loss_giou_aux_1: 0.7934 (0.8622)  loss_giou_aux_2: 0.8767 (0.9502)  loss_giou_dn_0: 0.7088 (0.7178)  loss_giou_dn_1: 0.6241 (0.6358)  loss_giou_dn_2: 0.6113 (0.6265)  loss_vfl: 0.5081 (0.5212)  loss_vfl_aux_0: 0.5299 (0.5406)  loss_vfl_aux_1: 0.5251 (0.5297)  loss_vfl_aux_2: 0.5527 (0.5602)  loss_vfl_dn_0: 0.4640 (0.4700)  loss_vfl_dn_1: 0.4346 (0.4414)  loss_vfl_dn_2: 0.4301 (0.4353)  time: 1.1403  data: 0.0295  max mem: 10027
Epoch: [62]  [200/809]  eta: 0:12:00  lr: 0.000100  loss: 9.5498 (9.4789)  loss_bbox: 0.0681 (0.0719)  loss_bbox_aux_0: 0.0690 (0.0767)  loss_bbox_aux_1: 0.0669 (0.0732)  loss_bbox_aux_2: 0.0820 (0.0876)  loss_bbox_dn_0: 0.0488 (0.0503)  loss_bbox_dn_1: 0.0380 (0.0409)  loss_bbox_dn_2: 0.0370 (0.0399)  loss_giou: 0.8508 (0.8521)  loss_giou_aux_0: 0.8741 (0.8785)  loss_giou_aux_1: 0.8592 (0.8595)  loss_giou_aux_2: 0.9313 (0.9497)  loss_giou_dn_0: 0.7392 (0.7205)  loss_giou_dn_1: 0.6493 (0.6380)  loss_giou_dn_2: 0.6404 (0.6288)  loss_vfl: 0.5288 (0.5243)  loss_vfl_aux_0: 0.5463 (0.5443)  loss_vfl_aux_1: 0.5328 (0.5335)  loss_vfl_aux_2: 0.5769 (0.5597)  loss_vfl_dn_0: 0.4680 (0.4707)  loss_vfl_dn_1: 0.4426 (0.4425)  loss_vfl_dn_2: 0.4352 (0.4363)  time: 1.1149  data: 0.0271  max mem: 10027
Epoch: [62]  [300/809]  eta: 0:10:02  lr: 0.000100  loss: 9.3644 (9.4598)  loss_bbox: 0.0619 (0.0719)  loss_bbox_aux_0: 0.0668 (0.0765)  loss_bbox_aux_1: 0.0639 (0.0731)  loss_bbox_aux_2: 0.0792 (0.0865)  loss_bbox_dn_0: 0.0472 (0.0503)  loss_bbox_dn_1: 0.0382 (0.0410)  loss_bbox_dn_2: 0.0367 (0.0399)  loss_giou: 0.8409 (0.8492)  loss_giou_aux_0: 0.8786 (0.8729)  loss_giou_aux_1: 0.8528 (0.8553)  loss_giou_aux_2: 0.9361 (0.9421)  loss_giou_dn_0: 0.7026 (0.7205)  loss_giou_dn_1: 0.6337 (0.6381)  loss_giou_dn_2: 0.6208 (0.6286)  loss_vfl: 0.5220 (0.5235)  loss_vfl_aux_0: 0.5486 (0.5448)  loss_vfl_aux_1: 0.5312 (0.5334)  loss_vfl_aux_2: 0.5630 (0.5618)  loss_vfl_dn_0: 0.4776 (0.4712)  loss_vfl_dn_1: 0.4401 (0.4427)  loss_vfl_dn_2: 0.4363 (0.4365)  time: 1.1889  data: 0.0277  max mem: 10027
Epoch: [62]  [400/809]  eta: 0:08:09  lr: 0.000100  loss: 9.3352 (9.4731)  loss_bbox: 0.0660 (0.0739)  loss_bbox_aux_0: 0.0715 (0.0783)  loss_bbox_aux_1: 0.0640 (0.0750)  loss_bbox_aux_2: 0.0811 (0.0879)  loss_bbox_dn_0: 0.0460 (0.0505)  loss_bbox_dn_1: 0.0376 (0.0412)  loss_bbox_dn_2: 0.0368 (0.0401)  loss_giou: 0.7681 (0.8530)  loss_giou_aux_0: 0.8151 (0.8776)  loss_giou_aux_1: 0.7712 (0.8596)  loss_giou_aux_2: 0.9117 (0.9455)  loss_giou_dn_0: 0.7165 (0.7215)  loss_giou_dn_1: 0.6401 (0.6385)  loss_giou_dn_2: 0.6312 (0.6290)  loss_vfl: 0.5096 (0.5206)  loss_vfl_aux_0: 0.5342 (0.5424)  loss_vfl_aux_1: 0.5238 (0.5303)  loss_vfl_aux_2: 0.5643 (0.5594)  loss_vfl_dn_0: 0.4709 (0.4707)  loss_vfl_dn_1: 0.4441 (0.4423)  loss_vfl_dn_2: 0.4373 (0.4359)  time: 1.2136  data: 0.0297  max mem: 10027
Epoch: [62]  [500/809]  eta: 0:06:09  lr: 0.000100  loss: 9.4530 (9.4425)  loss_bbox: 0.0611 (0.0740)  loss_bbox_aux_0: 0.0642 (0.0783)  loss_bbox_aux_1: 0.0627 (0.0751)  loss_bbox_aux_2: 0.0758 (0.0880)  loss_bbox_dn_0: 0.0478 (0.0508)  loss_bbox_dn_1: 0.0370 (0.0414)  loss_bbox_dn_2: 0.0362 (0.0403)  loss_giou: 0.8033 (0.8469)  loss_giou_aux_0: 0.8335 (0.8714)  loss_giou_aux_1: 0.8106 (0.8536)  loss_giou_aux_2: 0.8849 (0.9379)  loss_giou_dn_0: 0.7327 (0.7177)  loss_giou_dn_1: 0.6433 (0.6344)  loss_giou_dn_2: 0.6294 (0.6248)  loss_vfl: 0.5242 (0.5218)  loss_vfl_aux_0: 0.5375 (0.5437)  loss_vfl_aux_1: 0.5287 (0.5314)  loss_vfl_aux_2: 0.5658 (0.5622)  loss_vfl_dn_0: 0.4700 (0.4709)  loss_vfl_dn_1: 0.4415 (0.4423)  loss_vfl_dn_2: 0.4330 (0.4358)  time: 1.2295  data: 0.0315  max mem: 10027
Epoch: [62]  [600/809]  eta: 0:04:08  lr: 0.000100  loss: 9.4586 (9.4412)  loss_bbox: 0.0784 (0.0739)  loss_bbox_aux_0: 0.0831 (0.0783)  loss_bbox_aux_1: 0.0789 (0.0749)  loss_bbox_aux_2: 0.0913 (0.0881)  loss_bbox_dn_0: 0.0465 (0.0507)  loss_bbox_dn_1: 0.0386 (0.0413)  loss_bbox_dn_2: 0.0380 (0.0402)  loss_giou: 0.8415 (0.8473)  loss_giou_aux_0: 0.8547 (0.8719)  loss_giou_aux_1: 0.8475 (0.8541)  loss_giou_aux_2: 0.8857 (0.9374)  loss_giou_dn_0: 0.7132 (0.7183)  loss_giou_dn_1: 0.6366 (0.6353)  loss_giou_dn_2: 0.6266 (0.6258)  loss_vfl: 0.5245 (0.5206)  loss_vfl_aux_0: 0.5458 (0.5426)  loss_vfl_aux_1: 0.5367 (0.5305)  loss_vfl_aux_2: 0.5537 (0.5606)  loss_vfl_dn_0: 0.4722 (0.4710)  loss_vfl_dn_1: 0.4414 (0.4425)  loss_vfl_dn_2: 0.4386 (0.4360)  time: 1.1990  data: 0.0321  max mem: 10027
Epoch: [62]  [700/809]  eta: 0:02:09  lr: 0.000100  loss: 9.2285 (9.4308)  loss_bbox: 0.0668 (0.0736)  loss_bbox_aux_0: 0.0734 (0.0777)  loss_bbox_aux_1: 0.0695 (0.0746)  loss_bbox_aux_2: 0.0908 (0.0879)  loss_bbox_dn_0: 0.0504 (0.0506)  loss_bbox_dn_1: 0.0420 (0.0413)  loss_bbox_dn_2: 0.0410 (0.0402)  loss_giou: 0.8069 (0.8450)  loss_giou_aux_0: 0.8209 (0.8700)  loss_giou_aux_1: 0.8004 (0.8517)  loss_giou_aux_2: 0.8917 (0.9354)  loss_giou_dn_0: 0.6887 (0.7169)  loss_giou_dn_1: 0.6062 (0.6337)  loss_giou_dn_2: 0.5938 (0.6241)  loss_vfl: 0.5300 (0.5216)  loss_vfl_aux_0: 0.5560 (0.5440)  loss_vfl_aux_1: 0.5421 (0.5318)  loss_vfl_aux_2: 0.5635 (0.5616)  loss_vfl_dn_0: 0.4691 (0.4710)  loss_vfl_dn_1: 0.4362 (0.4423)  loss_vfl_dn_2: 0.4315 (0.4358)  time: 1.1706  data: 0.0301  max mem: 10027
Epoch: [62]  [800/809]  eta: 0:00:10  lr: 0.000100  loss: 9.4779 (9.4137)  loss_bbox: 0.0647 (0.0730)  loss_bbox_aux_0: 0.0658 (0.0772)  loss_bbox_aux_1: 0.0665 (0.0740)  loss_bbox_aux_2: 0.0818 (0.0874)  loss_bbox_dn_0: 0.0473 (0.0506)  loss_bbox_dn_1: 0.0386 (0.0412)  loss_bbox_dn_2: 0.0374 (0.0401)  loss_giou: 0.8511 (0.8417)  loss_giou_aux_0: 0.8691 (0.8666)  loss_giou_aux_1: 0.8580 (0.8482)  loss_giou_aux_2: 0.9402 (0.9327)  loss_giou_dn_0: 0.7322 (0.7155)  loss_giou_dn_1: 0.6456 (0.6321)  loss_giou_dn_2: 0.6377 (0.6226)  loss_vfl: 0.5150 (0.5224)  loss_vfl_aux_0: 0.5319 (0.5449)  loss_vfl_aux_1: 0.5265 (0.5327)  loss_vfl_aux_2: 0.5508 (0.5623)  loss_vfl_dn_0: 0.4762 (0.4710)  loss_vfl_dn_1: 0.4430 (0.4421)  loss_vfl_dn_2: 0.4353 (0.4355)  time: 1.1913  data: 0.0296  max mem: 10027
Epoch: [62]  [808/809]  eta: 0:00:01  lr: 0.000100  loss: 9.4830 (9.4155)  loss_bbox: 0.0647 (0.0730)  loss_bbox_aux_0: 0.0666 (0.0773)  loss_bbox_aux_1: 0.0665 (0.0740)  loss_bbox_aux_2: 0.0782 (0.0874)  loss_bbox_dn_0: 0.0469 (0.0506)  loss_bbox_dn_1: 0.0378 (0.0412)  loss_bbox_dn_2: 0.0365 (0.0401)  loss_giou: 0.8755 (0.8418)  loss_giou_aux_0: 0.8999 (0.8666)  loss_giou_aux_1: 0.8803 (0.8482)  loss_giou_aux_2: 0.9677 (0.9327)  loss_giou_dn_0: 0.7356 (0.7156)  loss_giou_dn_1: 0.6554 (0.6322)  loss_giou_dn_2: 0.6502 (0.6227)  loss_vfl: 0.5249 (0.5227)  loss_vfl_aux_0: 0.5507 (0.5452)  loss_vfl_aux_1: 0.5393 (0.5330)  loss_vfl_aux_2: 0.5605 (0.5626)  loss_vfl_dn_0: 0.4674 (0.4711)  loss_vfl_dn_1: 0.4417 (0.4420)  loss_vfl_dn_2: 0.4342 (0.4355)  time: 1.0304  data: 0.0292  max mem: 10027
Epoch: [62] Total time: 0:16:00 (1.1869 s / it)
Averaged stats: lr: 0.000100  loss: 9.4830 (9.4155)  loss_bbox: 0.0647 (0.0730)  loss_bbox_aux_0: 0.0666 (0.0773)  loss_bbox_aux_1: 0.0665 (0.0740)  loss_bbox_aux_2: 0.0782 (0.0874)  loss_bbox_dn_0: 0.0469 (0.0506)  loss_bbox_dn_1: 0.0378 (0.0412)  loss_bbox_dn_2: 0.0365 (0.0401)  loss_giou: 0.8755 (0.8418)  loss_giou_aux_0: 0.8999 (0.8666)  loss_giou_aux_1: 0.8803 (0.8482)  loss_giou_aux_2: 0.9677 (0.9327)  loss_giou_dn_0: 0.7356 (0.7156)  loss_giou_dn_1: 0.6554 (0.6322)  loss_giou_dn_2: 0.6502 (0.6227)  loss_vfl: 0.5249 (0.5227)  loss_vfl_aux_0: 0.5507 (0.5452)  loss_vfl_aux_1: 0.5393 (0.5330)  loss_vfl_aux_2: 0.5605 (0.5626)  loss_vfl_dn_0: 0.4674 (0.4711)  loss_vfl_dn_1: 0.4417 (0.4420)  loss_vfl_dn_2: 0.4342 (0.4355)
Test:  [ 0/69]  eta: 0:03:04    time: 2.6686  data: 1.0030  max mem: 10027
Test:  [10/69]  eta: 0:00:51    time: 0.8695  data: 0.1117  max mem: 10027
Test:  [20/69]  eta: 0:00:39    time: 0.7175  data: 0.0236  max mem: 10027
Test:  [30/69]  eta: 0:00:30    time: 0.7141  data: 0.0254  max mem: 10027
Test:  [40/69]  eta: 0:00:21    time: 0.6697  data: 0.0269  max mem: 10027
Test:  [50/69]  eta: 0:00:13    time: 0.6380  data: 0.0253  max mem: 10027
Test:  [60/69]  eta: 0:00:06    time: 0.6179  data: 0.0237  max mem: 10027
Test:  [68/69]  eta: 0:00:00    time: 0.6334  data: 0.0227  max mem: 10027
Test: Total time: 0:00:48 (0.6986 s / it)
Averaged stats: 
Accumulating evaluation results...
DONE (t=2.30s).
IoU metric: bbox
 Average Precision  (AP) @[ IoU=0.50:0.95 | area=   all | maxDets=100 ] = 0.255
 Average Precision  (AP) @[ IoU=0.50      | area=   all | maxDets=100 ] = 0.411
 Average Precision  (AP) @[ IoU=0.75      | area=   all | maxDets=100 ] = 0.264
 Average Precision  (AP) @[ IoU=0.50:0.95 | area= small | maxDets=100 ] = 0.176
 Average Precision  (AP) @[ IoU=0.50:0.95 | area=medium | maxDets=100 ] = 0.339
 Average Precision  (AP) @[ IoU=0.50:0.95 | area= large | maxDets=100 ] = 0.471
 Average Recall     (AR) @[ IoU=0.50:0.95 | area=   all | maxDets=  1 ] = 0.109
 Average Recall     (AR) @[ IoU=0.50:0.95 | area=   all | maxDets= 10 ] = 0.309
 Average Recall     (AR) @[ IoU=0.50:0.95 | area=   all | maxDets=100 ] = 0.416
 Average Recall     (AR) @[ IoU=0.50:0.95 | area= small | maxDets=100 ] = 0.335
 Average Recall     (AR) @[ IoU=0.50:0.95 | area=medium | maxDets=100 ] = 0.520
 Average Recall     (AR) @[ IoU=0.50:0.95 | area= large | maxDets=100 ] = 0.628
best_stat:  {'epoch': 62, 'coco_eval_bbox': 0.2553531755639503}
Epoch: [63]  [  0/809]  eta: 1:35:33  lr: 0.000100  loss: 9.3478 (9.3478)  loss_bbox: 0.0691 (0.0691)  loss_bbox_aux_0: 0.0710 (0.0710)  loss_bbox_aux_1: 0.0692 (0.0692)  loss_bbox_aux_2: 0.0812 (0.0812)  loss_bbox_dn_0: 0.0537 (0.0537)  loss_bbox_dn_1: 0.0458 (0.0458)  loss_bbox_dn_2: 0.0455 (0.0455)  loss_giou: 0.7729 (0.7729)  loss_giou_aux_0: 0.8020 (0.8020)  loss_giou_aux_1: 0.7814 (0.7814)  loss_giou_aux_2: 0.8498 (0.8498)  loss_giou_dn_0: 0.7231 (0.7231)  loss_giou_dn_1: 0.6490 (0.6490)  loss_giou_dn_2: 0.6455 (0.6455)  loss_vfl: 0.5697 (0.5697)  loss_vfl_aux_0: 0.5767 (0.5767)  loss_vfl_aux_1: 0.5669 (0.5669)  loss_vfl_aux_2: 0.6050 (0.6050)  loss_vfl_dn_0: 0.4810 (0.4810)  loss_vfl_dn_1: 0.4484 (0.4484)  loss_vfl_dn_2: 0.4409 (0.4409)  time: 7.0878  data: 2.4788  max mem: 10027
Epoch: [63]  [100/809]  eta: 0:15:09  lr: 0.000100  loss: 9.1688 (9.4946)  loss_bbox: 0.0663 (0.0766)  loss_bbox_aux_0: 0.0689 (0.0786)  loss_bbox_aux_1: 0.0691 (0.0773)  loss_bbox_aux_2: 0.0793 (0.0879)  loss_bbox_dn_0: 0.0450 (0.0487)  loss_bbox_dn_1: 0.0357 (0.0402)  loss_bbox_dn_2: 0.0352 (0.0390)  loss_giou: 0.8309 (0.8698)  loss_giou_aux_0: 0.8493 (0.8921)  loss_giou_aux_1: 0.8323 (0.8741)  loss_giou_aux_2: 0.9099 (0.9529)  loss_giou_dn_0: 0.7147 (0.7185)  loss_giou_dn_1: 0.6325 (0.6394)  loss_giou_dn_2: 0.6223 (0.6301)  loss_vfl: 0.5126 (0.5118)  loss_vfl_aux_0: 0.5417 (0.5363)  loss_vfl_aux_1: 0.5125 (0.5215)  loss_vfl_aux_2: 0.5532 (0.5512)  loss_vfl_dn_0: 0.4690 (0.4722)  loss_vfl_dn_1: 0.4434 (0.4414)  loss_vfl_dn_2: 0.4377 (0.4349)  time: 1.2376  data: 0.0317  max mem: 10027
Epoch: [63]  [200/809]  eta: 0:12:31  lr: 0.000100  loss: 9.4782 (9.4426)  loss_bbox: 0.0729 (0.0742)  loss_bbox_aux_0: 0.0755 (0.0765)  loss_bbox_aux_1: 0.0750 (0.0753)  loss_bbox_aux_2: 0.0813 (0.0863)  loss_bbox_dn_0: 0.0447 (0.0501)  loss_bbox_dn_1: 0.0375 (0.0413)  loss_bbox_dn_2: 0.0363 (0.0402)  loss_giou: 0.8974 (0.8514)  loss_giou_aux_0: 0.9305 (0.8730)  loss_giou_aux_1: 0.9053 (0.8565)  loss_giou_aux_2: 0.9784 (0.9355)  loss_giou_dn_0: 0.7225 (0.7154)  loss_giou_dn_1: 0.6550 (0.6354)  loss_giou_dn_2: 0.6447 (0.6257)  loss_vfl: 0.5070 (0.5189)  loss_vfl_aux_0: 0.5287 (0.5455)  loss_vfl_aux_1: 0.5115 (0.5292)  loss_vfl_aux_2: 0.5485 (0.5612)  loss_vfl_dn_0: 0.4747 (0.4732)  loss_vfl_dn_1: 0.4397 (0.4422)  loss_vfl_dn_2: 0.4341 (0.4355)  time: 1.1983  data: 0.0296  max mem: 10027
Epoch: [63]  [300/809]  eta: 0:10:16  lr: 0.000100  loss: 9.3862 (9.4482)  loss_bbox: 0.0656 (0.0745)  loss_bbox_aux_0: 0.0692 (0.0770)  loss_bbox_aux_1: 0.0685 (0.0756)  loss_bbox_aux_2: 0.0752 (0.0868)  loss_bbox_dn_0: 0.0440 (0.0498)  loss_bbox_dn_1: 0.0357 (0.0409)  loss_bbox_dn_2: 0.0343 (0.0397)  loss_giou: 0.8742 (0.8568)  loss_giou_aux_0: 0.8753 (0.8787)  loss_giou_aux_1: 0.8689 (0.8628)  loss_giou_aux_2: 0.9318 (0.9416)  loss_giou_dn_0: 0.7404 (0.7176)  loss_giou_dn_1: 0.6538 (0.6359)  loss_giou_dn_2: 0.6428 (0.6262)  loss_vfl: 0.4904 (0.5140)  loss_vfl_aux_0: 0.5175 (0.5403)  loss_vfl_aux_1: 0.5029 (0.5239)  loss_vfl_aux_2: 0.5266 (0.5569)  loss_vfl_dn_0: 0.4639 (0.4718)  loss_vfl_dn_1: 0.4402 (0.4421)  loss_vfl_dn_2: 0.4338 (0.4353)  time: 1.1715  data: 0.0289  max mem: 10027
Epoch: [63]  [400/809]  eta: 0:08:10  lr: 0.000100  loss: 9.0475 (9.4209)  loss_bbox: 0.0622 (0.0738)  loss_bbox_aux_0: 0.0624 (0.0765)  loss_bbox_aux_1: 0.0624 (0.0749)  loss_bbox_aux_2: 0.0746 (0.0864)  loss_bbox_dn_0: 0.0568 (0.0500)  loss_bbox_dn_1: 0.0453 (0.0410)  loss_bbox_dn_2: 0.0446 (0.0398)  loss_giou: 0.7913 (0.8487)  loss_giou_aux_0: 0.7861 (0.8701)  loss_giou_aux_1: 0.7890 (0.8540)  loss_giou_aux_2: 0.8758 (0.9339)  loss_giou_dn_0: 0.6861 (0.7154)  loss_giou_dn_1: 0.6152 (0.6328)  loss_giou_dn_2: 0.6086 (0.6231)  loss_vfl: 0.5466 (0.5177)  loss_vfl_aux_0: 0.5724 (0.5446)  loss_vfl_aux_1: 0.5563 (0.5283)  loss_vfl_aux_2: 0.5942 (0.5612)  loss_vfl_dn_0: 0.4683 (0.4717)  loss_vfl_dn_1: 0.4399 (0.4419)  loss_vfl_dn_2: 0.4352 (0.4352)  time: 1.1584  data: 0.0271  max mem: 10027
Epoch: [63]  [500/809]  eta: 0:06:07  lr: 0.000100  loss: 9.1962 (9.4113)  loss_bbox: 0.0707 (0.0732)  loss_bbox_aux_0: 0.0726 (0.0761)  loss_bbox_aux_1: 0.0713 (0.0744)  loss_bbox_aux_2: 0.0857 (0.0862)  loss_bbox_dn_0: 0.0487 (0.0499)  loss_bbox_dn_1: 0.0397 (0.0408)  loss_bbox_dn_2: 0.0385 (0.0397)  loss_giou: 0.7727 (0.8466)  loss_giou_aux_0: 0.7980 (0.8678)  loss_giou_aux_1: 0.7700 (0.8523)  loss_giou_aux_2: 0.8678 (0.9317)  loss_giou_dn_0: 0.6858 (0.7139)  loss_giou_dn_1: 0.6102 (0.6313)  loss_giou_dn_2: 0.6043 (0.6215)  loss_vfl: 0.5295 (0.5193)  loss_vfl_aux_0: 0.5616 (0.5459)  loss_vfl_aux_1: 0.5521 (0.5298)  loss_vfl_aux_2: 0.5686 (0.5625)  loss_vfl_dn_0: 0.4705 (0.4716)  loss_vfl_dn_1: 0.4430 (0.4416)  loss_vfl_dn_2: 0.4396 (0.4350)  time: 1.1757  data: 0.0312  max mem: 10027
Epoch: [63]  [600/809]  eta: 0:04:08  lr: 0.000100  loss: 9.1183 (9.4035)  loss_bbox: 0.0579 (0.0732)  loss_bbox_aux_0: 0.0642 (0.0764)  loss_bbox_aux_1: 0.0609 (0.0745)  loss_bbox_aux_2: 0.0779 (0.0867)  loss_bbox_dn_0: 0.0474 (0.0500)  loss_bbox_dn_1: 0.0387 (0.0409)  loss_bbox_dn_2: 0.0376 (0.0397)  loss_giou: 0.7589 (0.8443)  loss_giou_aux_0: 0.7978 (0.8661)  loss_giou_aux_1: 0.7710 (0.8500)  loss_giou_aux_2: 0.8600 (0.9304)  loss_giou_dn_0: 0.6933 (0.7124)  loss_giou_dn_1: 0.6054 (0.6296)  loss_giou_dn_2: 0.5949 (0.6198)  loss_vfl: 0.5471 (0.5206)  loss_vfl_aux_0: 0.5660 (0.5467)  loss_vfl_aux_1: 0.5620 (0.5311)  loss_vfl_aux_2: 0.5631 (0.5624)  loss_vfl_dn_0: 0.4733 (0.4718)  loss_vfl_dn_1: 0.4449 (0.4417)  loss_vfl_dn_2: 0.4340 (0.4350)  time: 1.2094  data: 0.0340  max mem: 10027
Epoch: [63]  [700/809]  eta: 0:02:08  lr: 0.000100  loss: 9.2979 (9.4001)  loss_bbox: 0.0676 (0.0730)  loss_bbox_aux_0: 0.0703 (0.0764)  loss_bbox_aux_1: 0.0682 (0.0743)  loss_bbox_aux_2: 0.0796 (0.0866)  loss_bbox_dn_0: 0.0520 (0.0500)  loss_bbox_dn_1: 0.0412 (0.0409)  loss_bbox_dn_2: 0.0401 (0.0398)  loss_giou: 0.7984 (0.8431)  loss_giou_aux_0: 0.8335 (0.8657)  loss_giou_aux_1: 0.8017 (0.8491)  loss_giou_aux_2: 0.9008 (0.9304)  loss_giou_dn_0: 0.7330 (0.7129)  loss_giou_dn_1: 0.6389 (0.6299)  loss_giou_dn_2: 0.6247 (0.6201)  loss_vfl: 0.5339 (0.5207)  loss_vfl_aux_0: 0.5557 (0.5459)  loss_vfl_aux_1: 0.5454 (0.5310)  loss_vfl_aux_2: 0.5720 (0.5622)  loss_vfl_dn_0: 0.4658 (0.4714)  loss_vfl_dn_1: 0.4384 (0.4416)  loss_vfl_dn_2: 0.4302 (0.4349)  time: 1.1542  data: 0.0290  max mem: 10027
Epoch: [63]  [800/809]  eta: 0:00:10  lr: 0.000100  loss: 9.2384 (9.3858)  loss_bbox: 0.0665 (0.0724)  loss_bbox_aux_0: 0.0718 (0.0760)  loss_bbox_aux_1: 0.0679 (0.0737)  loss_bbox_aux_2: 0.0767 (0.0862)  loss_bbox_dn_0: 0.0473 (0.0503)  loss_bbox_dn_1: 0.0402 (0.0411)  loss_bbox_dn_2: 0.0380 (0.0399)  loss_giou: 0.7941 (0.8390)  loss_giou_aux_0: 0.8160 (0.8620)  loss_giou_aux_1: 0.7967 (0.8453)  loss_giou_aux_2: 0.8642 (0.9272)  loss_giou_dn_0: 0.6858 (0.7121)  loss_giou_dn_1: 0.6079 (0.6292)  loss_giou_dn_2: 0.5970 (0.6193)  loss_vfl: 0.5276 (0.5220)  loss_vfl_aux_0: 0.5447 (0.5465)  loss_vfl_aux_1: 0.5310 (0.5323)  loss_vfl_aux_2: 0.5565 (0.5632)  loss_vfl_dn_0: 0.4698 (0.4715)  loss_vfl_dn_1: 0.4388 (0.4417)  loss_vfl_dn_2: 0.4331 (0.4350)  time: 1.1069  data: 0.0285  max mem: 10027
Epoch: [63]  [808/809]  eta: 0:00:01  lr: 0.000100  loss: 9.2384 (9.3863)  loss_bbox: 0.0626 (0.0724)  loss_bbox_aux_0: 0.0687 (0.0760)  loss_bbox_aux_1: 0.0624 (0.0736)  loss_bbox_aux_2: 0.0729 (0.0862)  loss_bbox_dn_0: 0.0421 (0.0502)  loss_bbox_dn_1: 0.0351 (0.0410)  loss_bbox_dn_2: 0.0340 (0.0399)  loss_giou: 0.8290 (0.8393)  loss_giou_aux_0: 0.8366 (0.8622)  loss_giou_aux_1: 0.8324 (0.8456)  loss_giou_aux_2: 0.9103 (0.9275)  loss_giou_dn_0: 0.6873 (0.7121)  loss_giou_dn_1: 0.6123 (0.6292)  loss_giou_dn_2: 0.6066 (0.6193)  loss_vfl: 0.5309 (0.5219)  loss_vfl_aux_0: 0.5447 (0.5465)  loss_vfl_aux_1: 0.5394 (0.5322)  loss_vfl_aux_2: 0.5565 (0.5630)  loss_vfl_dn_0: 0.4696 (0.4715)  loss_vfl_dn_1: 0.4421 (0.4417)  loss_vfl_dn_2: 0.4368 (0.4350)  time: 0.9842  data: 0.0260  max mem: 10027
Epoch: [63] Total time: 0:15:46 (1.1704 s / it)
Averaged stats: lr: 0.000100  loss: 9.2384 (9.3863)  loss_bbox: 0.0626 (0.0724)  loss_bbox_aux_0: 0.0687 (0.0760)  loss_bbox_aux_1: 0.0624 (0.0736)  loss_bbox_aux_2: 0.0729 (0.0862)  loss_bbox_dn_0: 0.0421 (0.0502)  loss_bbox_dn_1: 0.0351 (0.0410)  loss_bbox_dn_2: 0.0340 (0.0399)  loss_giou: 0.8290 (0.8393)  loss_giou_aux_0: 0.8366 (0.8622)  loss_giou_aux_1: 0.8324 (0.8456)  loss_giou_aux_2: 0.9103 (0.9275)  loss_giou_dn_0: 0.6873 (0.7121)  loss_giou_dn_1: 0.6123 (0.6292)  loss_giou_dn_2: 0.6066 (0.6193)  loss_vfl: 0.5309 (0.5219)  loss_vfl_aux_0: 0.5447 (0.5465)  loss_vfl_aux_1: 0.5394 (0.5322)  loss_vfl_aux_2: 0.5565 (0.5630)  loss_vfl_dn_0: 0.4696 (0.4715)  loss_vfl_dn_1: 0.4421 (0.4417)  loss_vfl_dn_2: 0.4368 (0.4350)
Test:  [ 0/69]  eta: 0:01:32    time: 1.3475  data: 0.7550  max mem: 10027
Test:  [10/69]  eta: 0:00:49    time: 0.8366  data: 0.0875  max mem: 10027
Test:  [20/69]  eta: 0:00:38    time: 0.7502  data: 0.0223  max mem: 10027
Test:  [30/69]  eta: 0:00:28    time: 0.6895  data: 0.0248  max mem: 10027
Test:  [40/69]  eta: 0:00:20    time: 0.6535  data: 0.0256  max mem: 10027
Test:  [50/69]  eta: 0:00:13    time: 0.6258  data: 0.0257  max mem: 10027
Test:  [60/69]  eta: 0:00:06    time: 0.5980  data: 0.0239  max mem: 10027
Test:  [68/69]  eta: 0:00:00    time: 0.6092  data: 0.0211  max mem: 10027
Test: Total time: 0:00:46 (0.6765 s / it)
Averaged stats: 
Accumulating evaluation results...
DONE (t=2.18s).
IoU metric: bbox
 Average Precision  (AP) @[ IoU=0.50:0.95 | area=   all | maxDets=100 ] = 0.256
 Average Precision  (AP) @[ IoU=0.50      | area=   all | maxDets=100 ] = 0.411
 Average Precision  (AP) @[ IoU=0.75      | area=   all | maxDets=100 ] = 0.265
 Average Precision  (AP) @[ IoU=0.50:0.95 | area= small | maxDets=100 ] = 0.177
 Average Precision  (AP) @[ IoU=0.50:0.95 | area=medium | maxDets=100 ] = 0.340
 Average Precision  (AP) @[ IoU=0.50:0.95 | area= large | maxDets=100 ] = 0.475
 Average Recall     (AR) @[ IoU=0.50:0.95 | area=   all | maxDets=  1 ] = 0.108
 Average Recall     (AR) @[ IoU=0.50:0.95 | area=   all | maxDets= 10 ] = 0.310
 Average Recall     (AR) @[ IoU=0.50:0.95 | area=   all | maxDets=100 ] = 0.416
 Average Recall     (AR) @[ IoU=0.50:0.95 | area= small | maxDets=100 ] = 0.335
 Average Recall     (AR) @[ IoU=0.50:0.95 | area=medium | maxDets=100 ] = 0.520
 Average Recall     (AR) @[ IoU=0.50:0.95 | area= large | maxDets=100 ] = 0.622
best_stat:  {'epoch': 63, 'coco_eval_bbox': 0.25561753340896815}
Epoch: [64]  [  0/809]  eta: 1:23:29  lr: 0.000100  loss: 8.4110 (8.4110)  loss_bbox: 0.0626 (0.0626)  loss_bbox_aux_0: 0.0672 (0.0672)  loss_bbox_aux_1: 0.0627 (0.0627)  loss_bbox_aux_2: 0.0786 (0.0786)  loss_bbox_dn_0: 0.0657 (0.0657)  loss_bbox_dn_1: 0.0535 (0.0535)  loss_bbox_dn_2: 0.0518 (0.0518)  loss_giou: 0.5784 (0.5784)  loss_giou_aux_0: 0.5988 (0.5988)  loss_giou_aux_1: 0.5847 (0.5847)  loss_giou_aux_2: 0.6769 (0.6769)  loss_giou_dn_0: 0.6412 (0.6412)  loss_giou_dn_1: 0.5430 (0.5430)  loss_giou_dn_2: 0.5268 (0.5268)  loss_vfl: 0.5662 (0.5662)  loss_vfl_aux_0: 0.6167 (0.6167)  loss_vfl_aux_1: 0.5808 (0.5808)  loss_vfl_aux_2: 0.6135 (0.6135)  loss_vfl_dn_0: 0.4990 (0.4990)  loss_vfl_dn_1: 0.4757 (0.4757)  loss_vfl_dn_2: 0.4672 (0.4672)  time: 6.1924  data: 4.0169  max mem: 10027
Epoch: [64]  [100/809]  eta: 0:14:06  lr: 0.000100  loss: 9.2656 (9.3104)  loss_bbox: 0.0620 (0.0726)  loss_bbox_aux_0: 0.0667 (0.0776)  loss_bbox_aux_1: 0.0636 (0.0740)  loss_bbox_aux_2: 0.0791 (0.0871)  loss_bbox_dn_0: 0.0459 (0.0497)  loss_bbox_dn_1: 0.0371 (0.0405)  loss_bbox_dn_2: 0.0362 (0.0391)  loss_giou: 0.8001 (0.8188)  loss_giou_aux_0: 0.8018 (0.8444)  loss_giou_aux_1: 0.8055 (0.8280)  loss_giou_aux_2: 0.8732 (0.9163)  loss_giou_dn_0: 0.7014 (0.7038)  loss_giou_dn_1: 0.6097 (0.6214)  loss_giou_dn_2: 0.6021 (0.6108)  loss_vfl: 0.5366 (0.5249)  loss_vfl_aux_0: 0.5573 (0.5500)  loss_vfl_aux_1: 0.5526 (0.5356)  loss_vfl_aux_2: 0.5751 (0.5673)  loss_vfl_dn_0: 0.4681 (0.4721)  loss_vfl_dn_1: 0.4384 (0.4420)  loss_vfl_dn_2: 0.4309 (0.4347)  time: 1.1095  data: 0.0287  max mem: 10027
Epoch: [64]  [200/809]  eta: 0:11:59  lr: 0.000100  loss: 9.5688 (9.3564)  loss_bbox: 0.0687 (0.0727)  loss_bbox_aux_0: 0.0715 (0.0774)  loss_bbox_aux_1: 0.0660 (0.0740)  loss_bbox_aux_2: 0.0831 (0.0878)  loss_bbox_dn_0: 0.0476 (0.0500)  loss_bbox_dn_1: 0.0384 (0.0407)  loss_bbox_dn_2: 0.0373 (0.0395)  loss_giou: 0.8442 (0.8257)  loss_giou_aux_0: 0.8722 (0.8531)  loss_giou_aux_1: 0.8517 (0.8344)  loss_giou_aux_2: 0.9387 (0.9219)  loss_giou_dn_0: 0.7326 (0.7091)  loss_giou_dn_1: 0.6575 (0.6258)  loss_giou_dn_2: 0.6410 (0.6151)  loss_vfl: 0.5436 (0.5267)  loss_vfl_aux_0: 0.5605 (0.5498)  loss_vfl_aux_1: 0.5508 (0.5375)  loss_vfl_aux_2: 0.5726 (0.5672)  loss_vfl_dn_0: 0.4741 (0.4718)  loss_vfl_dn_1: 0.4469 (0.4416)  loss_vfl_dn_2: 0.4434 (0.4347)  time: 1.1445  data: 0.0285  max mem: 10027
Epoch: [64]  [300/809]  eta: 0:09:48  lr: 0.000100  loss: 9.2310 (9.3419)  loss_bbox: 0.0703 (0.0723)  loss_bbox_aux_0: 0.0718 (0.0768)  loss_bbox_aux_1: 0.0689 (0.0734)  loss_bbox_aux_2: 0.0790 (0.0870)  loss_bbox_dn_0: 0.0473 (0.0499)  loss_bbox_dn_1: 0.0387 (0.0406)  loss_bbox_dn_2: 0.0373 (0.0394)  loss_giou: 0.7820 (0.8237)  loss_giou_aux_0: 0.8346 (0.8502)  loss_giou_aux_1: 0.8132 (0.8321)  loss_giou_aux_2: 0.8918 (0.9182)  loss_giou_dn_0: 0.7096 (0.7082)  loss_giou_dn_1: 0.6253 (0.6250)  loss_giou_dn_2: 0.6128 (0.6145)  loss_vfl: 0.5146 (0.5266)  loss_vfl_aux_0: 0.5411 (0.5507)  loss_vfl_aux_1: 0.5315 (0.5374)  loss_vfl_aux_2: 0.5552 (0.5677)  loss_vfl_dn_0: 0.4767 (0.4717)  loss_vfl_dn_1: 0.4446 (0.4418)  loss_vfl_dn_2: 0.4379 (0.4348)  time: 1.0654  data: 0.0258  max mem: 10027
Epoch: [64]  [400/809]  eta: 0:07:48  lr: 0.000100  loss: 9.0845 (9.3215)  loss_bbox: 0.0578 (0.0709)  loss_bbox_aux_0: 0.0619 (0.0754)  loss_bbox_aux_1: 0.0549 (0.0720)  loss_bbox_aux_2: 0.0693 (0.0856)  loss_bbox_dn_0: 0.0482 (0.0496)  loss_bbox_dn_1: 0.0386 (0.0404)  loss_bbox_dn_2: 0.0366 (0.0392)  loss_giou: 0.7438 (0.8215)  loss_giou_aux_0: 0.7848 (0.8473)  loss_giou_aux_1: 0.7562 (0.8294)  loss_giou_aux_2: 0.8631 (0.9155)  loss_giou_dn_0: 0.6954 (0.7068)  loss_giou_dn_1: 0.6005 (0.6239)  loss_giou_dn_2: 0.5945 (0.6135)  loss_vfl: 0.5348 (0.5265)  loss_vfl_aux_0: 0.5485 (0.5513)  loss_vfl_aux_1: 0.5472 (0.5377)  loss_vfl_aux_2: 0.5763 (0.5679)  loss_vfl_dn_0: 0.4679 (0.4714)  loss_vfl_dn_1: 0.4329 (0.4414)  loss_vfl_dn_2: 0.4260 (0.4344)  time: 1.0853  data: 0.0255  max mem: 10027
Epoch: [64]  [500/809]  eta: 0:05:51  lr: 0.000100  loss: 9.1784 (9.3201)  loss_bbox: 0.0725 (0.0707)  loss_bbox_aux_0: 0.0781 (0.0753)  loss_bbox_aux_1: 0.0728 (0.0717)  loss_bbox_aux_2: 0.0884 (0.0851)  loss_bbox_dn_0: 0.0497 (0.0495)  loss_bbox_dn_1: 0.0430 (0.0404)  loss_bbox_dn_2: 0.0411 (0.0392)  loss_giou: 0.7600 (0.8209)  loss_giou_aux_0: 0.7953 (0.8462)  loss_giou_aux_1: 0.7701 (0.8286)  loss_giou_aux_2: 0.8767 (0.9153)  loss_giou_dn_0: 0.6770 (0.7060)  loss_giou_dn_1: 0.5956 (0.6234)  loss_giou_dn_2: 0.5767 (0.6131)  loss_vfl: 0.5446 (0.5277)  loss_vfl_aux_0: 0.5684 (0.5520)  loss_vfl_aux_1: 0.5568 (0.5385)  loss_vfl_aux_2: 0.5937 (0.5690)  loss_vfl_dn_0: 0.4830 (0.4713)  loss_vfl_dn_1: 0.4496 (0.4414)  loss_vfl_dn_2: 0.4440 (0.4347)  time: 1.1034  data: 0.0274  max mem: 10027
Epoch: [64]  [600/809]  eta: 0:03:56  lr: 0.000100  loss: 9.6494 (9.3381)  loss_bbox: 0.0735 (0.0706)  loss_bbox_aux_0: 0.0775 (0.0749)  loss_bbox_aux_1: 0.0731 (0.0715)  loss_bbox_aux_2: 0.0838 (0.0847)  loss_bbox_dn_0: 0.0435 (0.0494)  loss_bbox_dn_1: 0.0350 (0.0403)  loss_bbox_dn_2: 0.0341 (0.0391)  loss_giou: 0.9111 (0.8272)  loss_giou_aux_0: 0.9363 (0.8517)  loss_giou_aux_1: 0.9249 (0.8345)  loss_giou_aux_2: 1.0039 (0.9206)  loss_giou_dn_0: 0.7436 (0.7081)  loss_giou_dn_1: 0.6649 (0.6258)  loss_giou_dn_2: 0.6550 (0.6157)  loss_vfl: 0.4775 (0.5250)  loss_vfl_aux_0: 0.5123 (0.5494)  loss_vfl_aux_1: 0.4935 (0.5360)  loss_vfl_aux_2: 0.5371 (0.5658)  loss_vfl_dn_0: 0.4678 (0.4713)  loss_vfl_dn_1: 0.4447 (0.4417)  loss_vfl_dn_2: 0.4362 (0.4350)  time: 1.0950  data: 0.0264  max mem: 10027
Epoch: [64]  [700/809]  eta: 0:02:02  lr: 0.000100  loss: 9.2317 (9.3312)  loss_bbox: 0.0651 (0.0708)  loss_bbox_aux_0: 0.0732 (0.0750)  loss_bbox_aux_1: 0.0683 (0.0716)  loss_bbox_aux_2: 0.0814 (0.0847)  loss_bbox_dn_0: 0.0465 (0.0495)  loss_bbox_dn_1: 0.0347 (0.0404)  loss_bbox_dn_2: 0.0339 (0.0392)  loss_giou: 0.7879 (0.8245)  loss_giou_aux_0: 0.7909 (0.8491)  loss_giou_aux_1: 0.7837 (0.8318)  loss_giou_aux_2: 0.8600 (0.9181)  loss_giou_dn_0: 0.7113 (0.7069)  loss_giou_dn_1: 0.6360 (0.6244)  loss_giou_dn_2: 0.6293 (0.6144)  loss_vfl: 0.5251 (0.5263)  loss_vfl_aux_0: 0.5431 (0.5508)  loss_vfl_aux_1: 0.5310 (0.5374)  loss_vfl_aux_2: 0.5544 (0.5673)  loss_vfl_dn_0: 0.4689 (0.4716)  loss_vfl_dn_1: 0.4467 (0.4421)  loss_vfl_dn_2: 0.4419 (0.4353)  time: 1.1224  data: 0.0291  max mem: 10027
Epoch: [64]  [800/809]  eta: 0:00:10  lr: 0.000100  loss: 9.2612 (9.3475)  loss_bbox: 0.0598 (0.0710)  loss_bbox_aux_0: 0.0646 (0.0751)  loss_bbox_aux_1: 0.0645 (0.0718)  loss_bbox_aux_2: 0.0808 (0.0848)  loss_bbox_dn_0: 0.0493 (0.0495)  loss_bbox_dn_1: 0.0399 (0.0403)  loss_bbox_dn_2: 0.0390 (0.0392)  loss_giou: 0.7723 (0.8284)  loss_giou_aux_0: 0.7959 (0.8534)  loss_giou_aux_1: 0.7862 (0.8361)  loss_giou_aux_2: 0.8570 (0.9215)  loss_giou_dn_0: 0.6829 (0.7089)  loss_giou_dn_1: 0.6041 (0.6263)  loss_giou_dn_2: 0.5989 (0.6164)  loss_vfl: 0.5361 (0.5250)  loss_vfl_aux_0: 0.5492 (0.5493)  loss_vfl_aux_1: 0.5403 (0.5359)  loss_vfl_aux_2: 0.5864 (0.5657)  loss_vfl_dn_0: 0.4739 (0.4714)  loss_vfl_dn_1: 0.4441 (0.4421)  loss_vfl_dn_2: 0.4349 (0.4353)  time: 1.0530  data: 0.0289  max mem: 10027
Epoch: [64]  [808/809]  eta: 0:00:01  lr: 0.000100  loss: 8.8430 (9.3475)  loss_bbox: 0.0625 (0.0710)  loss_bbox_aux_0: 0.0658 (0.0751)  loss_bbox_aux_1: 0.0650 (0.0717)  loss_bbox_aux_2: 0.0808 (0.0847)  loss_bbox_dn_0: 0.0481 (0.0495)  loss_bbox_dn_1: 0.0389 (0.0403)  loss_bbox_dn_2: 0.0379 (0.0392)  loss_giou: 0.7189 (0.8283)  loss_giou_aux_0: 0.7227 (0.8532)  loss_giou_aux_1: 0.7125 (0.8359)  loss_giou_aux_2: 0.8134 (0.9213)  loss_giou_dn_0: 0.6659 (0.7090)  loss_giou_dn_1: 0.5849 (0.6264)  loss_giou_dn_2: 0.5733 (0.6165)  loss_vfl: 0.5490 (0.5252)  loss_vfl_aux_0: 0.5657 (0.5494)  loss_vfl_aux_1: 0.5640 (0.5361)  loss_vfl_aux_2: 0.5935 (0.5658)  loss_vfl_dn_0: 0.4702 (0.4714)  loss_vfl_dn_1: 0.4336 (0.4421)  loss_vfl_dn_2: 0.4301 (0.4354)  time: 0.9361  data: 0.0238  max mem: 10027
Epoch: [64] Total time: 0:15:04 (1.1175 s / it)
Averaged stats: lr: 0.000100  loss: 8.8430 (9.3475)  loss_bbox: 0.0625 (0.0710)  loss_bbox_aux_0: 0.0658 (0.0751)  loss_bbox_aux_1: 0.0650 (0.0717)  loss_bbox_aux_2: 0.0808 (0.0847)  loss_bbox_dn_0: 0.0481 (0.0495)  loss_bbox_dn_1: 0.0389 (0.0403)  loss_bbox_dn_2: 0.0379 (0.0392)  loss_giou: 0.7189 (0.8283)  loss_giou_aux_0: 0.7227 (0.8532)  loss_giou_aux_1: 0.7125 (0.8359)  loss_giou_aux_2: 0.8134 (0.9213)  loss_giou_dn_0: 0.6659 (0.7090)  loss_giou_dn_1: 0.5849 (0.6264)  loss_giou_dn_2: 0.5733 (0.6165)  loss_vfl: 0.5490 (0.5252)  loss_vfl_aux_0: 0.5657 (0.5494)  loss_vfl_aux_1: 0.5640 (0.5361)  loss_vfl_aux_2: 0.5935 (0.5658)  loss_vfl_dn_0: 0.4702 (0.4714)  loss_vfl_dn_1: 0.4336 (0.4421)  loss_vfl_dn_2: 0.4301 (0.4354)
Test:  [ 0/69]  eta: 0:01:48    time: 1.5775  data: 0.7465  max mem: 10027
Test:  [10/69]  eta: 0:00:44    time: 0.7554  data: 0.0837  max mem: 10027
Test:  [20/69]  eta: 0:00:38    time: 0.7368  data: 0.0198  max mem: 10027
Test:  [30/69]  eta: 0:00:28    time: 0.7283  data: 0.0212  max mem: 10027
Test:  [40/69]  eta: 0:00:20    time: 0.6320  data: 0.0200  max mem: 10027
Test:  [50/69]  eta: 0:00:12    time: 0.5925  data: 0.0208  max mem: 10027
Test:  [60/69]  eta: 0:00:05    time: 0.5750  data: 0.0220  max mem: 10027
Test:  [68/69]  eta: 0:00:00    time: 0.5863  data: 0.0210  max mem: 10027
Test: Total time: 0:00:45 (0.6588 s / it)
Averaged stats: 
Accumulating evaluation results...
DONE (t=2.05s).
IoU metric: bbox
 Average Precision  (AP) @[ IoU=0.50:0.95 | area=   all | maxDets=100 ] = 0.257
 Average Precision  (AP) @[ IoU=0.50      | area=   all | maxDets=100 ] = 0.413
 Average Precision  (AP) @[ IoU=0.75      | area=   all | maxDets=100 ] = 0.266
 Average Precision  (AP) @[ IoU=0.50:0.95 | area= small | maxDets=100 ] = 0.178
 Average Precision  (AP) @[ IoU=0.50:0.95 | area=medium | maxDets=100 ] = 0.342
 Average Precision  (AP) @[ IoU=0.50:0.95 | area= large | maxDets=100 ] = 0.474
 Average Recall     (AR) @[ IoU=0.50:0.95 | area=   all | maxDets=  1 ] = 0.109
 Average Recall     (AR) @[ IoU=0.50:0.95 | area=   all | maxDets= 10 ] = 0.311
 Average Recall     (AR) @[ IoU=0.50:0.95 | area=   all | maxDets=100 ] = 0.418
 Average Recall     (AR) @[ IoU=0.50:0.95 | area= small | maxDets=100 ] = 0.335
 Average Recall     (AR) @[ IoU=0.50:0.95 | area=medium | maxDets=100 ] = 0.522
 Average Recall     (AR) @[ IoU=0.50:0.95 | area= large | maxDets=100 ] = 0.638
best_stat:  {'epoch': 64, 'coco_eval_bbox': 0.257068064643507}
Epoch: [65]  [  0/809]  eta: 1:36:07  lr: 0.000100  loss: 10.3403 (10.3403)  loss_bbox: 0.0749 (0.0749)  loss_bbox_aux_0: 0.0753 (0.0753)  loss_bbox_aux_1: 0.0726 (0.0726)  loss_bbox_aux_2: 0.0966 (0.0966)  loss_bbox_dn_0: 0.0408 (0.0408)  loss_bbox_dn_1: 0.0324 (0.0324)  loss_bbox_dn_2: 0.0317 (0.0317)  loss_giou: 1.0948 (1.0948)  loss_giou_aux_0: 1.1096 (1.1096)  loss_giou_aux_1: 1.1052 (1.1052)  loss_giou_aux_2: 1.1517 (1.1517)  loss_giou_dn_0: 0.7747 (0.7747)  loss_giou_dn_1: 0.6939 (0.6939)  loss_giou_dn_2: 0.6828 (0.6828)  loss_vfl: 0.4580 (0.4580)  loss_vfl_aux_0: 0.4938 (0.4938)  loss_vfl_aux_1: 0.4651 (0.4651)  loss_vfl_aux_2: 0.4944 (0.4944)  loss_vfl_dn_0: 0.4769 (0.4769)  loss_vfl_dn_1: 0.4598 (0.4598)  loss_vfl_dn_2: 0.4551 (0.4551)  time: 7.1296  data: 5.4962  max mem: 10027
Epoch: [65]  [100/809]  eta: 0:13:44  lr: 0.000100  loss: 9.3184 (9.4286)  loss_bbox: 0.0714 (0.0745)  loss_bbox_aux_0: 0.0732 (0.0775)  loss_bbox_aux_1: 0.0702 (0.0745)  loss_bbox_aux_2: 0.0858 (0.0887)  loss_bbox_dn_0: 0.0451 (0.0483)  loss_bbox_dn_1: 0.0353 (0.0392)  loss_bbox_dn_2: 0.0347 (0.0380)  loss_giou: 0.8092 (0.8548)  loss_giou_aux_0: 0.8293 (0.8792)  loss_giou_aux_1: 0.8209 (0.8625)  loss_giou_aux_2: 0.9050 (0.9438)  loss_giou_dn_0: 0.7173 (0.7115)  loss_giou_dn_1: 0.6332 (0.6286)  loss_giou_dn_2: 0.6265 (0.6186)  loss_vfl: 0.5066 (0.5168)  loss_vfl_aux_0: 0.5338 (0.5421)  loss_vfl_aux_1: 0.5149 (0.5298)  loss_vfl_aux_2: 0.5541 (0.5573)  loss_vfl_dn_0: 0.4681 (0.4700)  loss_vfl_dn_1: 0.4387 (0.4399)  loss_vfl_dn_2: 0.4335 (0.4331)  time: 1.0921  data: 0.0288  max mem: 10027
Epoch: [65]  [200/809]  eta: 0:11:29  lr: 0.000100  loss: 9.0176 (9.3966)  loss_bbox: 0.0633 (0.0712)  loss_bbox_aux_0: 0.0675 (0.0753)  loss_bbox_aux_1: 0.0632 (0.0719)  loss_bbox_aux_2: 0.0763 (0.0858)  loss_bbox_dn_0: 0.0409 (0.0479)  loss_bbox_dn_1: 0.0346 (0.0392)  loss_bbox_dn_2: 0.0329 (0.0381)  loss_giou: 0.7544 (0.8470)  loss_giou_aux_0: 0.7865 (0.8707)  loss_giou_aux_1: 0.7618 (0.8546)  loss_giou_aux_2: 0.8501 (0.9354)  loss_giou_dn_0: 0.7142 (0.7129)  loss_giou_dn_1: 0.6145 (0.6308)  loss_giou_dn_2: 0.6039 (0.6208)  loss_vfl: 0.5269 (0.5180)  loss_vfl_aux_0: 0.5519 (0.5425)  loss_vfl_aux_1: 0.5337 (0.5303)  loss_vfl_aux_2: 0.5703 (0.5569)  loss_vfl_dn_0: 0.4638 (0.4704)  loss_vfl_dn_1: 0.4448 (0.4419)  loss_vfl_dn_2: 0.4358 (0.4350)  time: 1.0837  data: 0.0271  max mem: 10027
Epoch: [65]  [300/809]  eta: 0:09:31  lr: 0.000100  loss: 9.2946 (9.3897)  loss_bbox: 0.0717 (0.0724)  loss_bbox_aux_0: 0.0775 (0.0768)  loss_bbox_aux_1: 0.0725 (0.0733)  loss_bbox_aux_2: 0.0909 (0.0875)  loss_bbox_dn_0: 0.0487 (0.0487)  loss_bbox_dn_1: 0.0395 (0.0397)  loss_bbox_dn_2: 0.0383 (0.0386)  loss_giou: 0.7826 (0.8436)  loss_giou_aux_0: 0.8040 (0.8679)  loss_giou_aux_1: 0.7965 (0.8515)  loss_giou_aux_2: 0.8728 (0.9341)  loss_giou_dn_0: 0.7010 (0.7117)  loss_giou_dn_1: 0.6265 (0.6290)  loss_giou_dn_2: 0.6104 (0.6191)  loss_vfl: 0.5176 (0.5189)  loss_vfl_aux_0: 0.5421 (0.5428)  loss_vfl_aux_1: 0.5293 (0.5309)  loss_vfl_aux_2: 0.5547 (0.5571)  loss_vfl_dn_0: 0.4711 (0.4705)  loss_vfl_dn_1: 0.4421 (0.4413)  loss_vfl_dn_2: 0.4340 (0.4344)  time: 1.1378  data: 0.0301  max mem: 10027
Epoch: [65]  [400/809]  eta: 0:07:35  lr: 0.000100  loss: 9.2981 (9.3853)  loss_bbox: 0.0730 (0.0723)  loss_bbox_aux_0: 0.0736 (0.0770)  loss_bbox_aux_1: 0.0715 (0.0733)  loss_bbox_aux_2: 0.0870 (0.0872)  loss_bbox_dn_0: 0.0484 (0.0490)  loss_bbox_dn_1: 0.0404 (0.0400)  loss_bbox_dn_2: 0.0395 (0.0389)  loss_giou: 0.7737 (0.8405)  loss_giou_aux_0: 0.8076 (0.8650)  loss_giou_aux_1: 0.7880 (0.8487)  loss_giou_aux_2: 0.8753 (0.9316)  loss_giou_dn_0: 0.6824 (0.7113)  loss_giou_dn_1: 0.6067 (0.6286)  loss_giou_dn_2: 0.5991 (0.6187)  loss_vfl: 0.5271 (0.5213)  loss_vfl_aux_0: 0.5581 (0.5442)  loss_vfl_aux_1: 0.5410 (0.5329)  loss_vfl_aux_2: 0.5793 (0.5599)  loss_vfl_dn_0: 0.4635 (0.4703)  loss_vfl_dn_1: 0.4330 (0.4409)  loss_vfl_dn_2: 0.4283 (0.4339)  time: 1.0416  data: 0.0271  max mem: 10027
Epoch: [65]  [500/809]  eta: 0:05:43  lr: 0.000100  loss: 8.9472 (9.4210)  loss_bbox: 0.0640 (0.0735)  loss_bbox_aux_0: 0.0637 (0.0783)  loss_bbox_aux_1: 0.0626 (0.0745)  loss_bbox_aux_2: 0.0737 (0.0880)  loss_bbox_dn_0: 0.0452 (0.0488)  loss_bbox_dn_1: 0.0377 (0.0398)  loss_bbox_dn_2: 0.0367 (0.0387)  loss_giou: 0.7653 (0.8479)  loss_giou_aux_0: 0.8074 (0.8731)  loss_giou_aux_1: 0.7811 (0.8561)  loss_giou_aux_2: 0.8728 (0.9395)  loss_giou_dn_0: 0.6937 (0.7137)  loss_giou_dn_1: 0.6026 (0.6312)  loss_giou_dn_2: 0.5943 (0.6215)  loss_vfl: 0.5172 (0.5192)  loss_vfl_aux_0: 0.5463 (0.5418)  loss_vfl_aux_1: 0.5308 (0.5306)  loss_vfl_aux_2: 0.5587 (0.5575)  loss_vfl_dn_0: 0.4741 (0.4708)  loss_vfl_dn_1: 0.4420 (0.4417)  loss_vfl_dn_2: 0.4343 (0.4348)  time: 1.0915  data: 0.0280  max mem: 10027
Epoch: [65]  [600/809]  eta: 0:03:51  lr: 0.000100  loss: 9.2085 (9.4094)  loss_bbox: 0.0675 (0.0726)  loss_bbox_aux_0: 0.0705 (0.0771)  loss_bbox_aux_1: 0.0679 (0.0736)  loss_bbox_aux_2: 0.0811 (0.0870)  loss_bbox_dn_0: 0.0446 (0.0488)  loss_bbox_dn_1: 0.0354 (0.0399)  loss_bbox_dn_2: 0.0339 (0.0388)  loss_giou: 0.7912 (0.8456)  loss_giou_aux_0: 0.8130 (0.8709)  loss_giou_aux_1: 0.8011 (0.8533)  loss_giou_aux_2: 0.8911 (0.9371)  loss_giou_dn_0: 0.7004 (0.7133)  loss_giou_dn_1: 0.6309 (0.6312)  loss_giou_dn_2: 0.6181 (0.6215)  loss_vfl: 0.5085 (0.5196)  loss_vfl_aux_0: 0.5389 (0.5425)  loss_vfl_aux_1: 0.5277 (0.5313)  loss_vfl_aux_2: 0.5627 (0.5579)  loss_vfl_dn_0: 0.4686 (0.4709)  loss_vfl_dn_1: 0.4407 (0.4416)  loss_vfl_dn_2: 0.4354 (0.4348)  time: 1.0865  data: 0.0288  max mem: 10027
Epoch: [65]  [700/809]  eta: 0:02:00  lr: 0.000100  loss: 9.1246 (9.4076)  loss_bbox: 0.0626 (0.0724)  loss_bbox_aux_0: 0.0724 (0.0769)  loss_bbox_aux_1: 0.0654 (0.0735)  loss_bbox_aux_2: 0.0777 (0.0868)  loss_bbox_dn_0: 0.0475 (0.0488)  loss_bbox_dn_1: 0.0385 (0.0398)  loss_bbox_dn_2: 0.0364 (0.0387)  loss_giou: 0.7925 (0.8461)  loss_giou_aux_0: 0.8024 (0.8715)  loss_giou_aux_1: 0.8067 (0.8538)  loss_giou_aux_2: 0.8833 (0.9379)  loss_giou_dn_0: 0.7191 (0.7141)  loss_giou_dn_1: 0.6272 (0.6311)  loss_giou_dn_2: 0.6149 (0.6215)  loss_vfl: 0.5381 (0.5192)  loss_vfl_aux_0: 0.5543 (0.5414)  loss_vfl_aux_1: 0.5404 (0.5302)  loss_vfl_aux_2: 0.5750 (0.5571)  loss_vfl_dn_0: 0.4636 (0.4708)  loss_vfl_dn_1: 0.4403 (0.4414)  loss_vfl_dn_2: 0.4312 (0.4345)  time: 1.1304  data: 0.0309  max mem: 10027
Epoch: [65]  [800/809]  eta: 0:00:09  lr: 0.000100  loss: 9.3139 (9.3979)  loss_bbox: 0.0567 (0.0720)  loss_bbox_aux_0: 0.0635 (0.0764)  loss_bbox_aux_1: 0.0590 (0.0731)  loss_bbox_aux_2: 0.0763 (0.0864)  loss_bbox_dn_0: 0.0496 (0.0490)  loss_bbox_dn_1: 0.0386 (0.0399)  loss_bbox_dn_2: 0.0374 (0.0388)  loss_giou: 0.7341 (0.8443)  loss_giou_aux_0: 0.7765 (0.8693)  loss_giou_aux_1: 0.7504 (0.8521)  loss_giou_aux_2: 0.8719 (0.9355)  loss_giou_dn_0: 0.6978 (0.7140)  loss_giou_dn_1: 0.6248 (0.6308)  loss_giou_dn_2: 0.6143 (0.6212)  loss_vfl: 0.5319 (0.5192)  loss_vfl_aux_0: 0.5496 (0.5415)  loss_vfl_aux_1: 0.5414 (0.5301)  loss_vfl_aux_2: 0.5748 (0.5579)  loss_vfl_dn_0: 0.4716 (0.4709)  loss_vfl_dn_1: 0.4415 (0.4412)  loss_vfl_dn_2: 0.4341 (0.4343)  time: 1.0916  data: 0.0288  max mem: 10027
Epoch: [65]  [808/809]  eta: 0:00:01  lr: 0.000100  loss: 8.9814 (9.3940)  loss_bbox: 0.0621 (0.0720)  loss_bbox_aux_0: 0.0640 (0.0764)  loss_bbox_aux_1: 0.0616 (0.0731)  loss_bbox_aux_2: 0.0837 (0.0864)  loss_bbox_dn_0: 0.0516 (0.0491)  loss_bbox_dn_1: 0.0429 (0.0400)  loss_bbox_dn_2: 0.0414 (0.0388)  loss_giou: 0.7403 (0.8434)  loss_giou_aux_0: 0.7765 (0.8682)  loss_giou_aux_1: 0.7504 (0.8511)  loss_giou_aux_2: 0.8559 (0.9345)  loss_giou_dn_0: 0.6732 (0.7136)  loss_giou_dn_1: 0.5946 (0.6305)  loss_giou_dn_2: 0.5804 (0.6208)  loss_vfl: 0.5387 (0.5194)  loss_vfl_aux_0: 0.5684 (0.5418)  loss_vfl_aux_1: 0.5518 (0.5303)  loss_vfl_aux_2: 0.5824 (0.5582)  loss_vfl_dn_0: 0.4711 (0.4709)  loss_vfl_dn_1: 0.4368 (0.4412)  loss_vfl_dn_2: 0.4309 (0.4343)  time: 0.9303  data: 0.0264  max mem: 10027
Epoch: [65] Total time: 0:14:52 (1.1030 s / it)
Averaged stats: lr: 0.000100  loss: 8.9814 (9.3940)  loss_bbox: 0.0621 (0.0720)  loss_bbox_aux_0: 0.0640 (0.0764)  loss_bbox_aux_1: 0.0616 (0.0731)  loss_bbox_aux_2: 0.0837 (0.0864)  loss_bbox_dn_0: 0.0516 (0.0491)  loss_bbox_dn_1: 0.0429 (0.0400)  loss_bbox_dn_2: 0.0414 (0.0388)  loss_giou: 0.7403 (0.8434)  loss_giou_aux_0: 0.7765 (0.8682)  loss_giou_aux_1: 0.7504 (0.8511)  loss_giou_aux_2: 0.8559 (0.9345)  loss_giou_dn_0: 0.6732 (0.7136)  loss_giou_dn_1: 0.5946 (0.6305)  loss_giou_dn_2: 0.5804 (0.6208)  loss_vfl: 0.5387 (0.5194)  loss_vfl_aux_0: 0.5684 (0.5418)  loss_vfl_aux_1: 0.5518 (0.5303)  loss_vfl_aux_2: 0.5824 (0.5582)  loss_vfl_dn_0: 0.4711 (0.4709)  loss_vfl_dn_1: 0.4368 (0.4412)  loss_vfl_dn_2: 0.4309 (0.4343)
Test:  [ 0/69]  eta: 0:01:25    time: 1.2462  data: 0.6641  max mem: 10027
Test:  [10/69]  eta: 0:00:43    time: 0.7314  data: 0.0786  max mem: 10027
Test:  [20/69]  eta: 0:00:36    time: 0.7229  data: 0.0211  max mem: 10027
Test:  [30/69]  eta: 0:00:27    time: 0.7015  data: 0.0220  max mem: 10027
Test:  [40/69]  eta: 0:00:20    time: 0.6325  data: 0.0213  max mem: 10027
Test:  [50/69]  eta: 0:00:12    time: 0.6072  data: 0.0218  max mem: 10027
Test:  [60/69]  eta: 0:00:05    time: 0.5831  data: 0.0225  max mem: 10027
Test:  [68/69]  eta: 0:00:00    time: 0.5893  data: 0.0222  max mem: 10027
Test: Total time: 0:00:45 (0.6525 s / it)
Averaged stats: 
Accumulating evaluation results...
DONE (t=2.15s).
IoU metric: bbox
 Average Precision  (AP) @[ IoU=0.50:0.95 | area=   all | maxDets=100 ] = 0.257
 Average Precision  (AP) @[ IoU=0.50      | area=   all | maxDets=100 ] = 0.413
 Average Precision  (AP) @[ IoU=0.75      | area=   all | maxDets=100 ] = 0.266
 Average Precision  (AP) @[ IoU=0.50:0.95 | area= small | maxDets=100 ] = 0.178
 Average Precision  (AP) @[ IoU=0.50:0.95 | area=medium | maxDets=100 ] = 0.341
 Average Precision  (AP) @[ IoU=0.50:0.95 | area= large | maxDets=100 ] = 0.482
 Average Recall     (AR) @[ IoU=0.50:0.95 | area=   all | maxDets=  1 ] = 0.109
 Average Recall     (AR) @[ IoU=0.50:0.95 | area=   all | maxDets= 10 ] = 0.309
 Average Recall     (AR) @[ IoU=0.50:0.95 | area=   all | maxDets=100 ] = 0.417
 Average Recall     (AR) @[ IoU=0.50:0.95 | area= small | maxDets=100 ] = 0.336
 Average Recall     (AR) @[ IoU=0.50:0.95 | area=medium | maxDets=100 ] = 0.521
 Average Recall     (AR) @[ IoU=0.50:0.95 | area= large | maxDets=100 ] = 0.639
best_stat:  {'epoch': 64, 'coco_eval_bbox': 0.257068064643507}
Epoch: [66]  [  0/809]  eta: 1:22:25  lr: 0.000100  loss: 10.0302 (10.0302)  loss_bbox: 0.0604 (0.0604)  loss_bbox_aux_0: 0.0635 (0.0635)  loss_bbox_aux_1: 0.0572 (0.0572)  loss_bbox_aux_2: 0.0758 (0.0758)  loss_bbox_dn_0: 0.0367 (0.0367)  loss_bbox_dn_1: 0.0287 (0.0287)  loss_bbox_dn_2: 0.0281 (0.0281)  loss_giou: 1.0148 (1.0148)  loss_giou_aux_0: 1.0678 (1.0678)  loss_giou_aux_1: 1.0293 (1.0293)  loss_giou_aux_2: 1.0923 (1.0923)  loss_giou_dn_0: 0.7892 (0.7892)  loss_giou_dn_1: 0.7040 (0.7040)  loss_giou_dn_2: 0.6979 (0.6979)  loss_vfl: 0.4880 (0.4880)  loss_vfl_aux_0: 0.4821 (0.4821)  loss_vfl_aux_1: 0.4838 (0.4838)  loss_vfl_aux_2: 0.5000 (0.5000)  loss_vfl_dn_0: 0.4611 (0.4611)  loss_vfl_dn_1: 0.4358 (0.4358)  loss_vfl_dn_2: 0.4337 (0.4337)  time: 6.1133  data: 4.2377  max mem: 10027
Epoch: [66]  [100/809]  eta: 0:13:22  lr: 0.000100  loss: 9.6052 (9.3751)  loss_bbox: 0.0643 (0.0701)  loss_bbox_aux_0: 0.0652 (0.0737)  loss_bbox_aux_1: 0.0621 (0.0713)  loss_bbox_aux_2: 0.0760 (0.0833)  loss_bbox_dn_0: 0.0472 (0.0492)  loss_bbox_dn_1: 0.0385 (0.0402)  loss_bbox_dn_2: 0.0374 (0.0391)  loss_giou: 0.8448 (0.8356)  loss_giou_aux_0: 0.8650 (0.8596)  loss_giou_aux_1: 0.8553 (0.8411)  loss_giou_aux_2: 0.9449 (0.9290)  loss_giou_dn_0: 0.7251 (0.7087)  loss_giou_dn_1: 0.6387 (0.6261)  loss_giou_dn_2: 0.6265 (0.6160)  loss_vfl: 0.5112 (0.5258)  loss_vfl_aux_0: 0.5372 (0.5519)  loss_vfl_aux_1: 0.5177 (0.5357)  loss_vfl_aux_2: 0.5554 (0.5668)  loss_vfl_dn_0: 0.4751 (0.4730)  loss_vfl_dn_1: 0.4437 (0.4432)  loss_vfl_dn_2: 0.4360 (0.4356)  time: 1.1256  data: 0.0324  max mem: 10027
Epoch: [66]  [200/809]  eta: 0:11:18  lr: 0.000100  loss: 9.5554 (9.4050)  loss_bbox: 0.0736 (0.0709)  loss_bbox_aux_0: 0.0779 (0.0747)  loss_bbox_aux_1: 0.0748 (0.0721)  loss_bbox_aux_2: 0.0827 (0.0858)  loss_bbox_dn_0: 0.0459 (0.0499)  loss_bbox_dn_1: 0.0376 (0.0408)  loss_bbox_dn_2: 0.0371 (0.0396)  loss_giou: 0.8477 (0.8387)  loss_giou_aux_0: 0.8737 (0.8633)  loss_giou_aux_1: 0.8500 (0.8453)  loss_giou_aux_2: 0.9203 (0.9321)  loss_giou_dn_0: 0.7229 (0.7134)  loss_giou_dn_1: 0.6488 (0.6308)  loss_giou_dn_2: 0.6448 (0.6204)  loss_vfl: 0.5405 (0.5258)  loss_vfl_aux_0: 0.5566 (0.5514)  loss_vfl_aux_1: 0.5386 (0.5363)  loss_vfl_aux_2: 0.5684 (0.5640)  loss_vfl_dn_0: 0.4714 (0.4721)  loss_vfl_dn_1: 0.4430 (0.4423)  loss_vfl_dn_2: 0.4369 (0.4354)  time: 1.0770  data: 0.0285  max mem: 10027
Epoch: [66]  [300/809]  eta: 0:09:28  lr: 0.000100  loss: 8.7731 (9.4115)  loss_bbox: 0.0537 (0.0709)  loss_bbox_aux_0: 0.0561 (0.0748)  loss_bbox_aux_1: 0.0548 (0.0721)  loss_bbox_aux_2: 0.0678 (0.0853)  loss_bbox_dn_0: 0.0463 (0.0489)  loss_bbox_dn_1: 0.0351 (0.0400)  loss_bbox_dn_2: 0.0344 (0.0388)  loss_giou: 0.7166 (0.8433)  loss_giou_aux_0: 0.7410 (0.8677)  loss_giou_aux_1: 0.7251 (0.8513)  loss_giou_aux_2: 0.8026 (0.9332)  loss_giou_dn_0: 0.6752 (0.7152)  loss_giou_dn_1: 0.5817 (0.6327)  loss_giou_dn_2: 0.5748 (0.6225)  loss_vfl: 0.5371 (0.5231)  loss_vfl_aux_0: 0.5582 (0.5481)  loss_vfl_aux_1: 0.5417 (0.5337)  loss_vfl_aux_2: 0.5856 (0.5623)  loss_vfl_dn_0: 0.4757 (0.4711)  loss_vfl_dn_1: 0.4359 (0.4416)  loss_vfl_dn_2: 0.4303 (0.4348)  time: 1.1301  data: 0.0272  max mem: 10027
Epoch: [66]  [400/809]  eta: 0:07:33  lr: 0.000100  loss: 9.0206 (9.3907)  loss_bbox: 0.0607 (0.0713)  loss_bbox_aux_0: 0.0669 (0.0751)  loss_bbox_aux_1: 0.0652 (0.0726)  loss_bbox_aux_2: 0.0810 (0.0856)  loss_bbox_dn_0: 0.0504 (0.0492)  loss_bbox_dn_1: 0.0430 (0.0402)  loss_bbox_dn_2: 0.0425 (0.0390)  loss_giou: 0.7539 (0.8399)  loss_giou_aux_0: 0.7883 (0.8640)  loss_giou_aux_1: 0.7728 (0.8475)  loss_giou_aux_2: 0.8809 (0.9309)  loss_giou_dn_0: 0.6872 (0.7123)  loss_giou_dn_1: 0.6139 (0.6298)  loss_giou_dn_2: 0.6051 (0.6196)  loss_vfl: 0.5306 (0.5229)  loss_vfl_aux_0: 0.5499 (0.5480)  loss_vfl_aux_1: 0.5337 (0.5336)  loss_vfl_aux_2: 0.5563 (0.5621)  loss_vfl_dn_0: 0.4673 (0.4710)  loss_vfl_dn_1: 0.4348 (0.4416)  loss_vfl_dn_2: 0.4264 (0.4347)  time: 1.0893  data: 0.0269  max mem: 10027
Epoch: [66]  [500/809]  eta: 0:05:40  lr: 0.000100  loss: 9.1789 (9.3728)  loss_bbox: 0.0695 (0.0718)  loss_bbox_aux_0: 0.0704 (0.0754)  loss_bbox_aux_1: 0.0705 (0.0730)  loss_bbox_aux_2: 0.0818 (0.0859)  loss_bbox_dn_0: 0.0474 (0.0492)  loss_bbox_dn_1: 0.0413 (0.0402)  loss_bbox_dn_2: 0.0401 (0.0390)  loss_giou: 0.8009 (0.8374)  loss_giou_aux_0: 0.8208 (0.8613)  loss_giou_aux_1: 0.7971 (0.8449)  loss_giou_aux_2: 0.8793 (0.9277)  loss_giou_dn_0: 0.6762 (0.7099)  loss_giou_dn_1: 0.6037 (0.6273)  loss_giou_dn_2: 0.5909 (0.6171)  loss_vfl: 0.5227 (0.5228)  loss_vfl_aux_0: 0.5625 (0.5475)  loss_vfl_aux_1: 0.5305 (0.5332)  loss_vfl_aux_2: 0.5784 (0.5627)  loss_vfl_dn_0: 0.4703 (0.4708)  loss_vfl_dn_1: 0.4410 (0.4413)  loss_vfl_dn_2: 0.4337 (0.4345)  time: 1.0926  data: 0.0294  max mem: 10027
Epoch: [66]  [600/809]  eta: 0:03:50  lr: 0.000100  loss: 9.4938 (9.3667)  loss_bbox: 0.0675 (0.0712)  loss_bbox_aux_0: 0.0730 (0.0750)  loss_bbox_aux_1: 0.0718 (0.0726)  loss_bbox_aux_2: 0.0845 (0.0854)  loss_bbox_dn_0: 0.0494 (0.0491)  loss_bbox_dn_1: 0.0403 (0.0401)  loss_bbox_dn_2: 0.0395 (0.0389)  loss_giou: 0.8382 (0.8368)  loss_giou_aux_0: 0.8661 (0.8606)  loss_giou_aux_1: 0.8596 (0.8445)  loss_giou_aux_2: 0.9254 (0.9263)  loss_giou_dn_0: 0.7070 (0.7101)  loss_giou_dn_1: 0.6235 (0.6277)  loss_giou_dn_2: 0.6083 (0.6176)  loss_vfl: 0.5222 (0.5226)  loss_vfl_aux_0: 0.5421 (0.5470)  loss_vfl_aux_1: 0.5336 (0.5329)  loss_vfl_aux_2: 0.5801 (0.5625)  loss_vfl_dn_0: 0.4664 (0.4707)  loss_vfl_dn_1: 0.4409 (0.4411)  loss_vfl_dn_2: 0.4302 (0.4341)  time: 1.1329  data: 0.0283  max mem: 10027
Epoch: [66]  [700/809]  eta: 0:02:00  lr: 0.000100  loss: 8.8169 (9.3587)  loss_bbox: 0.0629 (0.0708)  loss_bbox_aux_0: 0.0679 (0.0748)  loss_bbox_aux_1: 0.0641 (0.0722)  loss_bbox_aux_2: 0.0745 (0.0848)  loss_bbox_dn_0: 0.0464 (0.0489)  loss_bbox_dn_1: 0.0381 (0.0399)  loss_bbox_dn_2: 0.0375 (0.0388)  loss_giou: 0.7414 (0.8361)  loss_giou_aux_0: 0.7851 (0.8599)  loss_giou_aux_1: 0.7375 (0.8439)  loss_giou_aux_2: 0.8467 (0.9253)  loss_giou_dn_0: 0.6701 (0.7100)  loss_giou_dn_1: 0.5777 (0.6275)  loss_giou_dn_2: 0.5719 (0.6176)  loss_vfl: 0.5248 (0.5220)  loss_vfl_aux_0: 0.5557 (0.5461)  loss_vfl_aux_1: 0.5352 (0.5322)  loss_vfl_aux_2: 0.5706 (0.5624)  loss_vfl_dn_0: 0.4702 (0.4706)  loss_vfl_dn_1: 0.4386 (0.4409)  loss_vfl_dn_2: 0.4279 (0.4340)  time: 1.0936  data: 0.0343  max mem: 10027
Epoch: [66]  [800/809]  eta: 0:00:09  lr: 0.000100  loss: 9.2394 (9.3624)  loss_bbox: 0.0572 (0.0711)  loss_bbox_aux_0: 0.0615 (0.0749)  loss_bbox_aux_1: 0.0594 (0.0725)  loss_bbox_aux_2: 0.0765 (0.0851)  loss_bbox_dn_0: 0.0491 (0.0490)  loss_bbox_dn_1: 0.0397 (0.0399)  loss_bbox_dn_2: 0.0387 (0.0388)  loss_giou: 0.7959 (0.8365)  loss_giou_aux_0: 0.8115 (0.8608)  loss_giou_aux_1: 0.7868 (0.8445)  loss_giou_aux_2: 0.8885 (0.9261)  loss_giou_dn_0: 0.7026 (0.7101)  loss_giou_dn_1: 0.6207 (0.6272)  loss_giou_dn_2: 0.6105 (0.6172)  loss_vfl: 0.5465 (0.5219)  loss_vfl_aux_0: 0.5610 (0.5461)  loss_vfl_aux_1: 0.5500 (0.5322)  loss_vfl_aux_2: 0.5659 (0.5627)  loss_vfl_dn_0: 0.4685 (0.4708)  loss_vfl_dn_1: 0.4373 (0.4410)  loss_vfl_dn_2: 0.4283 (0.4341)  time: 1.1082  data: 0.0298  max mem: 10027
Epoch: [66]  [808/809]  eta: 0:00:01  lr: 0.000100  loss: 9.3131 (9.3643)  loss_bbox: 0.0561 (0.0711)  loss_bbox_aux_0: 0.0615 (0.0749)  loss_bbox_aux_1: 0.0587 (0.0725)  loss_bbox_aux_2: 0.0881 (0.0851)  loss_bbox_dn_0: 0.0491 (0.0490)  loss_bbox_dn_1: 0.0400 (0.0400)  loss_bbox_dn_2: 0.0388 (0.0388)  loss_giou: 0.7737 (0.8366)  loss_giou_aux_0: 0.8026 (0.8608)  loss_giou_aux_1: 0.7728 (0.8445)  loss_giou_aux_2: 0.8840 (0.9262)  loss_giou_dn_0: 0.6920 (0.7102)  loss_giou_dn_1: 0.6211 (0.6274)  loss_giou_dn_2: 0.6164 (0.6174)  loss_vfl: 0.5465 (0.5223)  loss_vfl_aux_0: 0.5684 (0.5465)  loss_vfl_aux_1: 0.5509 (0.5325)  loss_vfl_aux_2: 0.5693 (0.5628)  loss_vfl_dn_0: 0.4669 (0.4708)  loss_vfl_dn_1: 0.4316 (0.4410)  loss_vfl_dn_2: 0.4275 (0.4340)  time: 0.9894  data: 0.0257  max mem: 10027
Epoch: [66] Total time: 0:14:49 (1.0990 s / it)
Averaged stats: lr: 0.000100  loss: 9.3131 (9.3643)  loss_bbox: 0.0561 (0.0711)  loss_bbox_aux_0: 0.0615 (0.0749)  loss_bbox_aux_1: 0.0587 (0.0725)  loss_bbox_aux_2: 0.0881 (0.0851)  loss_bbox_dn_0: 0.0491 (0.0490)  loss_bbox_dn_1: 0.0400 (0.0400)  loss_bbox_dn_2: 0.0388 (0.0388)  loss_giou: 0.7737 (0.8366)  loss_giou_aux_0: 0.8026 (0.8608)  loss_giou_aux_1: 0.7728 (0.8445)  loss_giou_aux_2: 0.8840 (0.9262)  loss_giou_dn_0: 0.6920 (0.7102)  loss_giou_dn_1: 0.6211 (0.6274)  loss_giou_dn_2: 0.6164 (0.6174)  loss_vfl: 0.5465 (0.5223)  loss_vfl_aux_0: 0.5684 (0.5465)  loss_vfl_aux_1: 0.5509 (0.5325)  loss_vfl_aux_2: 0.5693 (0.5628)  loss_vfl_dn_0: 0.4669 (0.4708)  loss_vfl_dn_1: 0.4316 (0.4410)  loss_vfl_dn_2: 0.4275 (0.4340)
Test:  [ 0/69]  eta: 0:01:55    time: 1.6676  data: 1.0887  max mem: 10027
Test:  [10/69]  eta: 0:00:43    time: 0.7426  data: 0.1154  max mem: 10027
Test:  [20/69]  eta: 0:00:37    time: 0.7262  data: 0.0209  max mem: 10027
Test:  [30/69]  eta: 0:00:28    time: 0.7223  data: 0.0235  max mem: 10027
Test:  [40/69]  eta: 0:00:20    time: 0.6259  data: 0.0215  max mem: 10027
Test:  [50/69]  eta: 0:00:12    time: 0.5988  data: 0.0212  max mem: 10027
Test:  [60/69]  eta: 0:00:05    time: 0.5775  data: 0.0224  max mem: 10027
Test:  [68/69]  eta: 0:00:00    time: 0.5845  data: 0.0199  max mem: 10027
Test: Total time: 0:00:45 (0.6562 s / it)
Averaged stats: 
Accumulating evaluation results...
DONE (t=2.05s).
IoU metric: bbox
 Average Precision  (AP) @[ IoU=0.50:0.95 | area=   all | maxDets=100 ] = 0.258
 Average Precision  (AP) @[ IoU=0.50      | area=   all | maxDets=100 ] = 0.415
 Average Precision  (AP) @[ IoU=0.75      | area=   all | maxDets=100 ] = 0.267
 Average Precision  (AP) @[ IoU=0.50:0.95 | area= small | maxDets=100 ] = 0.179
 Average Precision  (AP) @[ IoU=0.50:0.95 | area=medium | maxDets=100 ] = 0.343
 Average Precision  (AP) @[ IoU=0.50:0.95 | area= large | maxDets=100 ] = 0.474
 Average Recall     (AR) @[ IoU=0.50:0.95 | area=   all | maxDets=  1 ] = 0.109
 Average Recall     (AR) @[ IoU=0.50:0.95 | area=   all | maxDets= 10 ] = 0.310
 Average Recall     (AR) @[ IoU=0.50:0.95 | area=   all | maxDets=100 ] = 0.417
 Average Recall     (AR) @[ IoU=0.50:0.95 | area= small | maxDets=100 ] = 0.335
 Average Recall     (AR) @[ IoU=0.50:0.95 | area=medium | maxDets=100 ] = 0.522
 Average Recall     (AR) @[ IoU=0.50:0.95 | area= large | maxDets=100 ] = 0.632
best_stat:  {'epoch': 66, 'coco_eval_bbox': 0.2580335391890254}
Epoch: [67]  [  0/809]  eta: 1:32:51  lr: 0.000100  loss: 9.2460 (9.2460)  loss_bbox: 0.0473 (0.0473)  loss_bbox_aux_0: 0.0500 (0.0500)  loss_bbox_aux_1: 0.0482 (0.0482)  loss_bbox_aux_2: 0.0611 (0.0611)  loss_bbox_dn_0: 0.0380 (0.0380)  loss_bbox_dn_1: 0.0306 (0.0306)  loss_bbox_dn_2: 0.0296 (0.0296)  loss_giou: 0.8131 (0.8131)  loss_giou_aux_0: 0.8593 (0.8593)  loss_giou_aux_1: 0.8296 (0.8296)  loss_giou_aux_2: 0.9134 (0.9134)  loss_giou_dn_0: 0.7168 (0.7168)  loss_giou_dn_1: 0.6431 (0.6431)  loss_giou_dn_2: 0.6344 (0.6344)  loss_vfl: 0.5277 (0.5277)  loss_vfl_aux_0: 0.5439 (0.5439)  loss_vfl_aux_1: 0.5371 (0.5371)  loss_vfl_aux_2: 0.5503 (0.5503)  loss_vfl_dn_0: 0.4747 (0.4747)  loss_vfl_dn_1: 0.4523 (0.4523)  loss_vfl_dn_2: 0.4454 (0.4454)  time: 6.8872  data: 2.3242  max mem: 10027
Epoch: [67]  [100/809]  eta: 0:13:39  lr: 0.000100  loss: 9.4243 (9.3942)  loss_bbox: 0.0709 (0.0723)  loss_bbox_aux_0: 0.0733 (0.0756)  loss_bbox_aux_1: 0.0732 (0.0736)  loss_bbox_aux_2: 0.0861 (0.0864)  loss_bbox_dn_0: 0.0528 (0.0498)  loss_bbox_dn_1: 0.0438 (0.0409)  loss_bbox_dn_2: 0.0426 (0.0398)  loss_giou: 0.8496 (0.8384)  loss_giou_aux_0: 0.8832 (0.8661)  loss_giou_aux_1: 0.8576 (0.8480)  loss_giou_aux_2: 0.9562 (0.9320)  loss_giou_dn_0: 0.7295 (0.7067)  loss_giou_dn_1: 0.6618 (0.6262)  loss_giou_dn_2: 0.6494 (0.6156)  loss_vfl: 0.5082 (0.5267)  loss_vfl_aux_0: 0.5327 (0.5504)  loss_vfl_aux_1: 0.5149 (0.5358)  loss_vfl_aux_2: 0.5382 (0.5622)  loss_vfl_dn_0: 0.4734 (0.4713)  loss_vfl_dn_1: 0.4445 (0.4417)  loss_vfl_dn_2: 0.4392 (0.4347)  time: 1.1295  data: 0.0267  max mem: 10027
Epoch: [67]  [200/809]  eta: 0:11:31  lr: 0.000100  loss: 9.4305 (9.4218)  loss_bbox: 0.0742 (0.0726)  loss_bbox_aux_0: 0.0725 (0.0757)  loss_bbox_aux_1: 0.0752 (0.0739)  loss_bbox_aux_2: 0.0813 (0.0860)  loss_bbox_dn_0: 0.0475 (0.0491)  loss_bbox_dn_1: 0.0386 (0.0402)  loss_bbox_dn_2: 0.0377 (0.0390)  loss_giou: 0.8697 (0.8506)  loss_giou_aux_0: 0.8919 (0.8777)  loss_giou_aux_1: 0.8853 (0.8598)  loss_giou_aux_2: 0.9305 (0.9402)  loss_giou_dn_0: 0.7329 (0.7128)  loss_giou_dn_1: 0.6600 (0.6303)  loss_giou_dn_2: 0.6524 (0.6200)  loss_vfl: 0.4938 (0.5203)  loss_vfl_aux_0: 0.5090 (0.5430)  loss_vfl_aux_1: 0.5065 (0.5291)  loss_vfl_aux_2: 0.5334 (0.5558)  loss_vfl_dn_0: 0.4652 (0.4700)  loss_vfl_dn_1: 0.4417 (0.4412)  loss_vfl_dn_2: 0.4370 (0.4345)  time: 1.1443  data: 0.0285  max mem: 10027
Epoch: [67]  [300/809]  eta: 0:09:32  lr: 0.000100  loss: 9.3305 (9.3356)  loss_bbox: 0.0665 (0.0708)  loss_bbox_aux_0: 0.0704 (0.0743)  loss_bbox_aux_1: 0.0698 (0.0721)  loss_bbox_aux_2: 0.0783 (0.0848)  loss_bbox_dn_0: 0.0435 (0.0493)  loss_bbox_dn_1: 0.0355 (0.0404)  loss_bbox_dn_2: 0.0346 (0.0392)  loss_giou: 0.8008 (0.8315)  loss_giou_aux_0: 0.8151 (0.8574)  loss_giou_aux_1: 0.8017 (0.8397)  loss_giou_aux_2: 0.8759 (0.9210)  loss_giou_dn_0: 0.7074 (0.7073)  loss_giou_dn_1: 0.6265 (0.6251)  loss_giou_dn_2: 0.6228 (0.6149)  loss_vfl: 0.5216 (0.5235)  loss_vfl_aux_0: 0.5487 (0.5466)  loss_vfl_aux_1: 0.5337 (0.5324)  loss_vfl_aux_2: 0.5673 (0.5599)  loss_vfl_dn_0: 0.4689 (0.4707)  loss_vfl_dn_1: 0.4367 (0.4408)  loss_vfl_dn_2: 0.4323 (0.4340)  time: 1.1061  data: 0.0270  max mem: 10027
Epoch: [67]  [400/809]  eta: 0:07:37  lr: 0.000100  loss: 9.2203 (9.3329)  loss_bbox: 0.0648 (0.0703)  loss_bbox_aux_0: 0.0728 (0.0740)  loss_bbox_aux_1: 0.0670 (0.0716)  loss_bbox_aux_2: 0.0815 (0.0846)  loss_bbox_dn_0: 0.0478 (0.0490)  loss_bbox_dn_1: 0.0407 (0.0401)  loss_bbox_dn_2: 0.0390 (0.0390)  loss_giou: 0.8032 (0.8315)  loss_giou_aux_0: 0.8175 (0.8576)  loss_giou_aux_1: 0.8081 (0.8399)  loss_giou_aux_2: 0.8632 (0.9212)  loss_giou_dn_0: 0.6941 (0.7062)  loss_giou_dn_1: 0.6122 (0.6241)  loss_giou_dn_2: 0.6041 (0.6139)  loss_vfl: 0.5255 (0.5238)  loss_vfl_aux_0: 0.5518 (0.5467)  loss_vfl_aux_1: 0.5339 (0.5331)  loss_vfl_aux_2: 0.5704 (0.5609)  loss_vfl_dn_0: 0.4741 (0.4708)  loss_vfl_dn_1: 0.4412 (0.4408)  loss_vfl_dn_2: 0.4320 (0.4340)  time: 1.0817  data: 0.0255  max mem: 10027
Epoch: [67]  [500/809]  eta: 0:05:44  lr: 0.000100  loss: 9.3603 (9.3233)  loss_bbox: 0.0588 (0.0702)  loss_bbox_aux_0: 0.0652 (0.0740)  loss_bbox_aux_1: 0.0595 (0.0715)  loss_bbox_aux_2: 0.0748 (0.0844)  loss_bbox_dn_0: 0.0451 (0.0490)  loss_bbox_dn_1: 0.0369 (0.0401)  loss_bbox_dn_2: 0.0355 (0.0390)  loss_giou: 0.7828 (0.8301)  loss_giou_aux_0: 0.8045 (0.8559)  loss_giou_aux_1: 0.7874 (0.8386)  loss_giou_aux_2: 0.8802 (0.9203)  loss_giou_dn_0: 0.7151 (0.7060)  loss_giou_dn_1: 0.6259 (0.6240)  loss_giou_dn_2: 0.6170 (0.6139)  loss_vfl: 0.5251 (0.5230)  loss_vfl_aux_0: 0.5490 (0.5455)  loss_vfl_aux_1: 0.5359 (0.5321)  loss_vfl_aux_2: 0.5559 (0.5601)  loss_vfl_dn_0: 0.4645 (0.4709)  loss_vfl_dn_1: 0.4391 (0.4407)  loss_vfl_dn_2: 0.4315 (0.4340)  time: 1.1017  data: 0.0277  max mem: 10027
Epoch: [67]  [600/809]  eta: 0:03:52  lr: 0.000100  loss: 9.1554 (9.3294)  loss_bbox: 0.0614 (0.0701)  loss_bbox_aux_0: 0.0650 (0.0739)  loss_bbox_aux_1: 0.0624 (0.0714)  loss_bbox_aux_2: 0.0700 (0.0841)  loss_bbox_dn_0: 0.0465 (0.0491)  loss_bbox_dn_1: 0.0372 (0.0401)  loss_bbox_dn_2: 0.0363 (0.0390)  loss_giou: 0.7981 (0.8302)  loss_giou_aux_0: 0.8198 (0.8559)  loss_giou_aux_1: 0.8022 (0.8389)  loss_giou_aux_2: 0.9105 (0.9203)  loss_giou_dn_0: 0.7082 (0.7067)  loss_giou_dn_1: 0.6201 (0.6247)  loss_giou_dn_2: 0.6156 (0.6146)  loss_vfl: 0.5120 (0.5236)  loss_vfl_aux_0: 0.5299 (0.5459)  loss_vfl_aux_1: 0.5168 (0.5329)  loss_vfl_aux_2: 0.5670 (0.5615)  loss_vfl_dn_0: 0.4709 (0.4712)  loss_vfl_dn_1: 0.4371 (0.4410)  loss_vfl_dn_2: 0.4363 (0.4343)  time: 1.1026  data: 0.0259  max mem: 10027
Epoch: [67]  [700/809]  eta: 0:02:00  lr: 0.000100  loss: 9.1897 (9.3249)  loss_bbox: 0.0596 (0.0702)  loss_bbox_aux_0: 0.0664 (0.0741)  loss_bbox_aux_1: 0.0630 (0.0715)  loss_bbox_aux_2: 0.0726 (0.0842)  loss_bbox_dn_0: 0.0461 (0.0492)  loss_bbox_dn_1: 0.0377 (0.0402)  loss_bbox_dn_2: 0.0363 (0.0391)  loss_giou: 0.8249 (0.8288)  loss_giou_aux_0: 0.8504 (0.8545)  loss_giou_aux_1: 0.8394 (0.8376)  loss_giou_aux_2: 0.8848 (0.9190)  loss_giou_dn_0: 0.6949 (0.7061)  loss_giou_dn_1: 0.6272 (0.6244)  loss_giou_dn_2: 0.6115 (0.6144)  loss_vfl: 0.5403 (0.5239)  loss_vfl_aux_0: 0.5656 (0.5465)  loss_vfl_aux_1: 0.5515 (0.5332)  loss_vfl_aux_2: 0.5854 (0.5624)  loss_vfl_dn_0: 0.4705 (0.4710)  loss_vfl_dn_1: 0.4376 (0.4406)  loss_vfl_dn_2: 0.4312 (0.4339)  time: 1.0917  data: 0.0313  max mem: 10027
Epoch: [67]  [800/809]  eta: 0:00:09  lr: 0.000100  loss: 9.6037 (9.3267)  loss_bbox: 0.0747 (0.0704)  loss_bbox_aux_0: 0.0712 (0.0741)  loss_bbox_aux_1: 0.0701 (0.0717)  loss_bbox_aux_2: 0.0852 (0.0841)  loss_bbox_dn_0: 0.0437 (0.0490)  loss_bbox_dn_1: 0.0367 (0.0401)  loss_bbox_dn_2: 0.0352 (0.0390)  loss_giou: 0.9167 (0.8301)  loss_giou_aux_0: 0.9573 (0.8559)  loss_giou_aux_1: 0.9356 (0.8391)  loss_giou_aux_2: 1.0116 (0.9206)  loss_giou_dn_0: 0.7238 (0.7058)  loss_giou_dn_1: 0.6405 (0.6244)  loss_giou_dn_2: 0.6227 (0.6144)  loss_vfl: 0.5076 (0.5230)  loss_vfl_aux_0: 0.5374 (0.5458)  loss_vfl_aux_1: 0.5150 (0.5325)  loss_vfl_aux_2: 0.5363 (0.5619)  loss_vfl_dn_0: 0.4662 (0.4709)  loss_vfl_dn_1: 0.4401 (0.4403)  loss_vfl_dn_2: 0.4351 (0.4336)  time: 1.1468  data: 0.0334  max mem: 10027
Epoch: [67]  [808/809]  eta: 0:00:01  lr: 0.000100  loss: 9.4500 (9.3297)  loss_bbox: 0.0604 (0.0703)  loss_bbox_aux_0: 0.0632 (0.0740)  loss_bbox_aux_1: 0.0590 (0.0716)  loss_bbox_aux_2: 0.0748 (0.0841)  loss_bbox_dn_0: 0.0444 (0.0490)  loss_bbox_dn_1: 0.0367 (0.0400)  loss_bbox_dn_2: 0.0352 (0.0389)  loss_giou: 0.8907 (0.8307)  loss_giou_aux_0: 0.9228 (0.8564)  loss_giou_aux_1: 0.9013 (0.8397)  loss_giou_aux_2: 0.9563 (0.9210)  loss_giou_dn_0: 0.7238 (0.7062)  loss_giou_dn_1: 0.6405 (0.6247)  loss_giou_dn_2: 0.6227 (0.6148)  loss_vfl: 0.5140 (0.5231)  loss_vfl_aux_0: 0.5396 (0.5458)  loss_vfl_aux_1: 0.5145 (0.5326)  loss_vfl_aux_2: 0.5444 (0.5619)  loss_vfl_dn_0: 0.4662 (0.4709)  loss_vfl_dn_1: 0.4407 (0.4404)  loss_vfl_dn_2: 0.4362 (0.4337)  time: 1.0145  data: 0.0272  max mem: 10027
Epoch: [67] Total time: 0:14:56 (1.1086 s / it)
Averaged stats: lr: 0.000100  loss: 9.4500 (9.3297)  loss_bbox: 0.0604 (0.0703)  loss_bbox_aux_0: 0.0632 (0.0740)  loss_bbox_aux_1: 0.0590 (0.0716)  loss_bbox_aux_2: 0.0748 (0.0841)  loss_bbox_dn_0: 0.0444 (0.0490)  loss_bbox_dn_1: 0.0367 (0.0400)  loss_bbox_dn_2: 0.0352 (0.0389)  loss_giou: 0.8907 (0.8307)  loss_giou_aux_0: 0.9228 (0.8564)  loss_giou_aux_1: 0.9013 (0.8397)  loss_giou_aux_2: 0.9563 (0.9210)  loss_giou_dn_0: 0.7238 (0.7062)  loss_giou_dn_1: 0.6405 (0.6247)  loss_giou_dn_2: 0.6227 (0.6148)  loss_vfl: 0.5140 (0.5231)  loss_vfl_aux_0: 0.5396 (0.5458)  loss_vfl_aux_1: 0.5145 (0.5326)  loss_vfl_aux_2: 0.5444 (0.5619)  loss_vfl_dn_0: 0.4662 (0.4709)  loss_vfl_dn_1: 0.4407 (0.4404)  loss_vfl_dn_2: 0.4362 (0.4337)
Test:  [ 0/69]  eta: 0:01:23    time: 1.2043  data: 0.6393  max mem: 10027
Test:  [10/69]  eta: 0:00:42    time: 0.7121  data: 0.0760  max mem: 10027
Test:  [20/69]  eta: 0:00:36    time: 0.7128  data: 0.0202  max mem: 10027
Test:  [30/69]  eta: 0:00:27    time: 0.6940  data: 0.0203  max mem: 10027
Test:  [40/69]  eta: 0:00:19    time: 0.6165  data: 0.0200  max mem: 10027
Test:  [50/69]  eta: 0:00:12    time: 0.5891  data: 0.0209  max mem: 10027
Test:  [60/69]  eta: 0:00:05    time: 0.5678  data: 0.0216  max mem: 10027
Test:  [68/69]  eta: 0:00:00    time: 0.5841  data: 0.0208  max mem: 10027
Test: Total time: 0:00:44 (0.6404 s / it)
Averaged stats: 
Accumulating evaluation results...
DONE (t=2.00s).
IoU metric: bbox
 Average Precision  (AP) @[ IoU=0.50:0.95 | area=   all | maxDets=100 ] = 0.258
 Average Precision  (AP) @[ IoU=0.50      | area=   all | maxDets=100 ] = 0.416
 Average Precision  (AP) @[ IoU=0.75      | area=   all | maxDets=100 ] = 0.267
 Average Precision  (AP) @[ IoU=0.50:0.95 | area= small | maxDets=100 ] = 0.179
 Average Precision  (AP) @[ IoU=0.50:0.95 | area=medium | maxDets=100 ] = 0.343
 Average Precision  (AP) @[ IoU=0.50:0.95 | area= large | maxDets=100 ] = 0.479
 Average Recall     (AR) @[ IoU=0.50:0.95 | area=   all | maxDets=  1 ] = 0.109
 Average Recall     (AR) @[ IoU=0.50:0.95 | area=   all | maxDets= 10 ] = 0.310
 Average Recall     (AR) @[ IoU=0.50:0.95 | area=   all | maxDets=100 ] = 0.418
 Average Recall     (AR) @[ IoU=0.50:0.95 | area= small | maxDets=100 ] = 0.337
 Average Recall     (AR) @[ IoU=0.50:0.95 | area=medium | maxDets=100 ] = 0.524
 Average Recall     (AR) @[ IoU=0.50:0.95 | area= large | maxDets=100 ] = 0.634
best_stat:  {'epoch': 67, 'coco_eval_bbox': 0.2584092033306768}
Epoch: [68]  [  0/809]  eta: 1:37:20  lr: 0.000100  loss: 9.4003 (9.4003)  loss_bbox: 0.0492 (0.0492)  loss_bbox_aux_0: 0.0523 (0.0523)  loss_bbox_aux_1: 0.0493 (0.0493)  loss_bbox_aux_2: 0.0628 (0.0628)  loss_bbox_dn_0: 0.0362 (0.0362)  loss_bbox_dn_1: 0.0325 (0.0325)  loss_bbox_dn_2: 0.0321 (0.0321)  loss_giou: 0.7950 (0.7950)  loss_giou_aux_0: 0.8194 (0.8194)  loss_giou_aux_1: 0.8101 (0.8101)  loss_giou_aux_2: 0.8988 (0.8988)  loss_giou_dn_0: 0.6868 (0.6868)  loss_giou_dn_1: 0.6147 (0.6147)  loss_giou_dn_2: 0.6039 (0.6039)  loss_vfl: 0.6240 (0.6240)  loss_vfl_aux_0: 0.6396 (0.6396)  loss_vfl_aux_1: 0.6306 (0.6306)  loss_vfl_aux_2: 0.6399 (0.6399)  loss_vfl_dn_0: 0.4624 (0.4624)  loss_vfl_dn_1: 0.4331 (0.4331)  loss_vfl_dn_2: 0.4275 (0.4275)  time: 7.2190  data: 5.5202  max mem: 10027
Epoch: [68]  [100/809]  eta: 0:13:41  lr: 0.000100  loss: 9.1349 (9.3289)  loss_bbox: 0.0666 (0.0684)  loss_bbox_aux_0: 0.0774 (0.0736)  loss_bbox_aux_1: 0.0676 (0.0696)  loss_bbox_aux_2: 0.0828 (0.0836)  loss_bbox_dn_0: 0.0426 (0.0471)  loss_bbox_dn_1: 0.0342 (0.0387)  loss_bbox_dn_2: 0.0335 (0.0376)  loss_giou: 0.8158 (0.8361)  loss_giou_aux_0: 0.8405 (0.8629)  loss_giou_aux_1: 0.8217 (0.8439)  loss_giou_aux_2: 0.9071 (0.9267)  loss_giou_dn_0: 0.7081 (0.7028)  loss_giou_dn_1: 0.6176 (0.6225)  loss_giou_dn_2: 0.6117 (0.6127)  loss_vfl: 0.5017 (0.5211)  loss_vfl_aux_0: 0.5145 (0.5427)  loss_vfl_aux_1: 0.5071 (0.5328)  loss_vfl_aux_2: 0.5477 (0.5589)  loss_vfl_dn_0: 0.4700 (0.4719)  loss_vfl_dn_1: 0.4401 (0.4410)  loss_vfl_dn_2: 0.4363 (0.4342)  time: 1.0657  data: 0.0261  max mem: 10027
Epoch: [68]  [200/809]  eta: 0:11:24  lr: 0.000100  loss: 9.4524 (9.3126)  loss_bbox: 0.0663 (0.0704)  loss_bbox_aux_0: 0.0743 (0.0753)  loss_bbox_aux_1: 0.0695 (0.0713)  loss_bbox_aux_2: 0.0851 (0.0852)  loss_bbox_dn_0: 0.0456 (0.0478)  loss_bbox_dn_1: 0.0380 (0.0391)  loss_bbox_dn_2: 0.0371 (0.0380)  loss_giou: 0.8564 (0.8308)  loss_giou_aux_0: 0.8855 (0.8576)  loss_giou_aux_1: 0.8688 (0.8390)  loss_giou_aux_2: 0.9668 (0.9220)  loss_giou_dn_0: 0.7098 (0.7018)  loss_giou_dn_1: 0.6304 (0.6199)  loss_giou_dn_2: 0.6189 (0.6098)  loss_vfl: 0.5001 (0.5212)  loss_vfl_aux_0: 0.5261 (0.5440)  loss_vfl_aux_1: 0.5154 (0.5333)  loss_vfl_aux_2: 0.5535 (0.5629)  loss_vfl_dn_0: 0.4722 (0.4709)  loss_vfl_dn_1: 0.4453 (0.4397)  loss_vfl_dn_2: 0.4414 (0.4328)  time: 1.1207  data: 0.0262  max mem: 10027
Epoch: [68]  [300/809]  eta: 0:09:25  lr: 0.000100  loss: 9.3159 (9.3511)  loss_bbox: 0.0630 (0.0710)  loss_bbox_aux_0: 0.0669 (0.0755)  loss_bbox_aux_1: 0.0657 (0.0716)  loss_bbox_aux_2: 0.0767 (0.0853)  loss_bbox_dn_0: 0.0484 (0.0489)  loss_bbox_dn_1: 0.0409 (0.0400)  loss_bbox_dn_2: 0.0403 (0.0389)  loss_giou: 0.8283 (0.8344)  loss_giou_aux_0: 0.8539 (0.8604)  loss_giou_aux_1: 0.8278 (0.8419)  loss_giou_aux_2: 0.9275 (0.9262)  loss_giou_dn_0: 0.7060 (0.7062)  loss_giou_dn_1: 0.6283 (0.6240)  loss_giou_dn_2: 0.6131 (0.6139)  loss_vfl: 0.5305 (0.5229)  loss_vfl_aux_0: 0.5497 (0.5455)  loss_vfl_aux_1: 0.5463 (0.5351)  loss_vfl_aux_2: 0.5734 (0.5646)  loss_vfl_dn_0: 0.4675 (0.4707)  loss_vfl_dn_1: 0.4412 (0.4404)  loss_vfl_dn_2: 0.4338 (0.4338)  time: 1.0757  data: 0.0262  max mem: 10027
Epoch: [68]  [400/809]  eta: 0:07:31  lr: 0.000100  loss: 9.3356 (9.3485)  loss_bbox: 0.0601 (0.0706)  loss_bbox_aux_0: 0.0688 (0.0752)  loss_bbox_aux_1: 0.0618 (0.0713)  loss_bbox_aux_2: 0.0767 (0.0848)  loss_bbox_dn_0: 0.0534 (0.0489)  loss_bbox_dn_1: 0.0441 (0.0400)  loss_bbox_dn_2: 0.0434 (0.0389)  loss_giou: 0.7910 (0.8342)  loss_giou_aux_0: 0.8187 (0.8595)  loss_giou_aux_1: 0.7962 (0.8412)  loss_giou_aux_2: 0.8903 (0.9257)  loss_giou_dn_0: 0.6858 (0.7069)  loss_giou_dn_1: 0.6139 (0.6255)  loss_giou_dn_2: 0.6081 (0.6156)  loss_vfl: 0.5149 (0.5224)  loss_vfl_aux_0: 0.5306 (0.5451)  loss_vfl_aux_1: 0.5177 (0.5342)  loss_vfl_aux_2: 0.5601 (0.5641)  loss_vfl_dn_0: 0.4662 (0.4707)  loss_vfl_dn_1: 0.4358 (0.4402)  loss_vfl_dn_2: 0.4332 (0.4336)  time: 1.0656  data: 0.0257  max mem: 10027
Epoch: [68]  [500/809]  eta: 0:05:39  lr: 0.000100  loss: 8.8661 (9.3291)  loss_bbox: 0.0594 (0.0710)  loss_bbox_aux_0: 0.0620 (0.0756)  loss_bbox_aux_1: 0.0640 (0.0717)  loss_bbox_aux_2: 0.0768 (0.0853)  loss_bbox_dn_0: 0.0522 (0.0495)  loss_bbox_dn_1: 0.0416 (0.0404)  loss_bbox_dn_2: 0.0407 (0.0393)  loss_giou: 0.7116 (0.8289)  loss_giou_aux_0: 0.7348 (0.8540)  loss_giou_aux_1: 0.7060 (0.8356)  loss_giou_aux_2: 0.8060 (0.9213)  loss_giou_dn_0: 0.6654 (0.7058)  loss_giou_dn_1: 0.5870 (0.6239)  loss_giou_dn_2: 0.5778 (0.6138)  loss_vfl: 0.5394 (0.5235)  loss_vfl_aux_0: 0.5607 (0.5459)  loss_vfl_aux_1: 0.5530 (0.5349)  loss_vfl_aux_2: 0.5793 (0.5637)  loss_vfl_dn_0: 0.4728 (0.4708)  loss_vfl_dn_1: 0.4418 (0.4404)  loss_vfl_dn_2: 0.4337 (0.4338)  time: 1.0894  data: 0.0286  max mem: 10027
Epoch: [68]  [600/809]  eta: 0:03:48  lr: 0.000100  loss: 9.2063 (9.3188)  loss_bbox: 0.0610 (0.0701)  loss_bbox_aux_0: 0.0654 (0.0747)  loss_bbox_aux_1: 0.0633 (0.0710)  loss_bbox_aux_2: 0.0762 (0.0844)  loss_bbox_dn_0: 0.0477 (0.0490)  loss_bbox_dn_1: 0.0388 (0.0400)  loss_bbox_dn_2: 0.0373 (0.0389)  loss_giou: 0.8076 (0.8283)  loss_giou_aux_0: 0.8249 (0.8534)  loss_giou_aux_1: 0.8144 (0.8351)  loss_giou_aux_2: 0.8955 (0.9208)  loss_giou_dn_0: 0.6877 (0.7057)  loss_giou_dn_1: 0.6062 (0.6237)  loss_giou_dn_2: 0.5909 (0.6135)  loss_vfl: 0.5354 (0.5231)  loss_vfl_aux_0: 0.5557 (0.5454)  loss_vfl_aux_1: 0.5480 (0.5344)  loss_vfl_aux_2: 0.5764 (0.5628)  loss_vfl_dn_0: 0.4719 (0.4707)  loss_vfl_dn_1: 0.4363 (0.4402)  loss_vfl_dn_2: 0.4284 (0.4336)  time: 1.0877  data: 0.0274  max mem: 10027
Epoch: [68]  [700/809]  eta: 0:01:59  lr: 0.000100  loss: 9.0288 (9.3242)  loss_bbox: 0.0633 (0.0703)  loss_bbox_aux_0: 0.0708 (0.0750)  loss_bbox_aux_1: 0.0644 (0.0713)  loss_bbox_aux_2: 0.0815 (0.0846)  loss_bbox_dn_0: 0.0517 (0.0490)  loss_bbox_dn_1: 0.0416 (0.0400)  loss_bbox_dn_2: 0.0390 (0.0389)  loss_giou: 0.7916 (0.8298)  loss_giou_aux_0: 0.8168 (0.8550)  loss_giou_aux_1: 0.8042 (0.8366)  loss_giou_aux_2: 0.8868 (0.9221)  loss_giou_dn_0: 0.6833 (0.7060)  loss_giou_dn_1: 0.5976 (0.6237)  loss_giou_dn_2: 0.5835 (0.6136)  loss_vfl: 0.5399 (0.5229)  loss_vfl_aux_0: 0.5679 (0.5448)  loss_vfl_aux_1: 0.5490 (0.5340)  loss_vfl_aux_2: 0.5797 (0.5619)  loss_vfl_dn_0: 0.4646 (0.4709)  loss_vfl_dn_1: 0.4375 (0.4403)  loss_vfl_dn_2: 0.4292 (0.4336)  time: 1.0348  data: 0.0285  max mem: 10027
Epoch: [68]  [800/809]  eta: 0:00:09  lr: 0.000100  loss: 9.4328 (9.3110)  loss_bbox: 0.0661 (0.0697)  loss_bbox_aux_0: 0.0717 (0.0743)  loss_bbox_aux_1: 0.0691 (0.0706)  loss_bbox_aux_2: 0.0831 (0.0840)  loss_bbox_dn_0: 0.0470 (0.0488)  loss_bbox_dn_1: 0.0400 (0.0398)  loss_bbox_dn_2: 0.0386 (0.0387)  loss_giou: 0.8051 (0.8280)  loss_giou_aux_0: 0.8340 (0.8535)  loss_giou_aux_1: 0.8239 (0.8350)  loss_giou_aux_2: 0.9183 (0.9206)  loss_giou_dn_0: 0.7174 (0.7058)  loss_giou_dn_1: 0.6442 (0.6236)  loss_giou_dn_2: 0.6303 (0.6136)  loss_vfl: 0.5243 (0.5225)  loss_vfl_aux_0: 0.5427 (0.5440)  loss_vfl_aux_1: 0.5355 (0.5335)  loss_vfl_aux_2: 0.5449 (0.5609)  loss_vfl_dn_0: 0.4684 (0.4707)  loss_vfl_dn_1: 0.4421 (0.4401)  loss_vfl_dn_2: 0.4358 (0.4334)  time: 1.1102  data: 0.0277  max mem: 10027
Epoch: [68]  [808/809]  eta: 0:00:01  lr: 0.000100  loss: 9.4433 (9.3105)  loss_bbox: 0.0599 (0.0696)  loss_bbox_aux_0: 0.0625 (0.0742)  loss_bbox_aux_1: 0.0604 (0.0705)  loss_bbox_aux_2: 0.0779 (0.0839)  loss_bbox_dn_0: 0.0467 (0.0488)  loss_bbox_dn_1: 0.0378 (0.0398)  loss_bbox_dn_2: 0.0370 (0.0387)  loss_giou: 0.8051 (0.8279)  loss_giou_aux_0: 0.8580 (0.8533)  loss_giou_aux_1: 0.8256 (0.8349)  loss_giou_aux_2: 0.9413 (0.9205)  loss_giou_dn_0: 0.7328 (0.7059)  loss_giou_dn_1: 0.6442 (0.6237)  loss_giou_dn_2: 0.6354 (0.6136)  loss_vfl: 0.4988 (0.5226)  loss_vfl_aux_0: 0.5181 (0.5441)  loss_vfl_aux_1: 0.5033 (0.5336)  loss_vfl_aux_2: 0.5449 (0.5609)  loss_vfl_dn_0: 0.4646 (0.4707)  loss_vfl_dn_1: 0.4398 (0.4401)  loss_vfl_dn_2: 0.4331 (0.4333)  time: 0.9868  data: 0.0258  max mem: 10027
Epoch: [68] Total time: 0:14:41 (1.0893 s / it)
Averaged stats: lr: 0.000100  loss: 9.4433 (9.3105)  loss_bbox: 0.0599 (0.0696)  loss_bbox_aux_0: 0.0625 (0.0742)  loss_bbox_aux_1: 0.0604 (0.0705)  loss_bbox_aux_2: 0.0779 (0.0839)  loss_bbox_dn_0: 0.0467 (0.0488)  loss_bbox_dn_1: 0.0378 (0.0398)  loss_bbox_dn_2: 0.0370 (0.0387)  loss_giou: 0.8051 (0.8279)  loss_giou_aux_0: 0.8580 (0.8533)  loss_giou_aux_1: 0.8256 (0.8349)  loss_giou_aux_2: 0.9413 (0.9205)  loss_giou_dn_0: 0.7328 (0.7059)  loss_giou_dn_1: 0.6442 (0.6237)  loss_giou_dn_2: 0.6354 (0.6136)  loss_vfl: 0.4988 (0.5226)  loss_vfl_aux_0: 0.5181 (0.5441)  loss_vfl_aux_1: 0.5033 (0.5336)  loss_vfl_aux_2: 0.5449 (0.5609)  loss_vfl_dn_0: 0.4646 (0.4707)  loss_vfl_dn_1: 0.4398 (0.4401)  loss_vfl_dn_2: 0.4331 (0.4333)
Test:  [ 0/69]  eta: 0:01:45    time: 1.5356  data: 0.9333  max mem: 10027
Test:  [10/69]  eta: 0:00:44    time: 0.7537  data: 0.1028  max mem: 10027
Test:  [20/69]  eta: 0:00:37    time: 0.7220  data: 0.0211  max mem: 10027
Test:  [30/69]  eta: 0:00:27    time: 0.6907  data: 0.0224  max mem: 10027
Test:  [40/69]  eta: 0:00:20    time: 0.6155  data: 0.0214  max mem: 10027
Test:  [50/69]  eta: 0:00:12    time: 0.5985  data: 0.0215  max mem: 10027
Test:  [60/69]  eta: 0:00:05    time: 0.5693  data: 0.0218  max mem: 10027
Test:  [68/69]  eta: 0:00:00    time: 0.5850  data: 0.0202  max mem: 10027
Test: Total time: 0:00:44 (0.6487 s / it)
Averaged stats: 
Accumulating evaluation results...
DONE (t=2.04s).
IoU metric: bbox
 Average Precision  (AP) @[ IoU=0.50:0.95 | area=   all | maxDets=100 ] = 0.259
 Average Precision  (AP) @[ IoU=0.50      | area=   all | maxDets=100 ] = 0.417
 Average Precision  (AP) @[ IoU=0.75      | area=   all | maxDets=100 ] = 0.268
 Average Precision  (AP) @[ IoU=0.50:0.95 | area= small | maxDets=100 ] = 0.180
 Average Precision  (AP) @[ IoU=0.50:0.95 | area=medium | maxDets=100 ] = 0.344
 Average Precision  (AP) @[ IoU=0.50:0.95 | area= large | maxDets=100 ] = 0.485
 Average Recall     (AR) @[ IoU=0.50:0.95 | area=   all | maxDets=  1 ] = 0.110
 Average Recall     (AR) @[ IoU=0.50:0.95 | area=   all | maxDets= 10 ] = 0.311
 Average Recall     (AR) @[ IoU=0.50:0.95 | area=   all | maxDets=100 ] = 0.419
 Average Recall     (AR) @[ IoU=0.50:0.95 | area= small | maxDets=100 ] = 0.338
 Average Recall     (AR) @[ IoU=0.50:0.95 | area=medium | maxDets=100 ] = 0.524
 Average Recall     (AR) @[ IoU=0.50:0.95 | area= large | maxDets=100 ] = 0.633
best_stat:  {'epoch': 68, 'coco_eval_bbox': 0.2592044783813615}
Epoch: [69]  [  0/809]  eta: 1:35:29  lr: 0.000100  loss: 9.1991 (9.1991)  loss_bbox: 0.0431 (0.0431)  loss_bbox_aux_0: 0.0459 (0.0459)  loss_bbox_aux_1: 0.0422 (0.0422)  loss_bbox_aux_2: 0.0557 (0.0557)  loss_bbox_dn_0: 0.0331 (0.0331)  loss_bbox_dn_1: 0.0278 (0.0278)  loss_bbox_dn_2: 0.0274 (0.0274)  loss_giou: 0.7805 (0.7805)  loss_giou_aux_0: 0.8214 (0.8214)  loss_giou_aux_1: 0.7998 (0.7998)  loss_giou_aux_2: 0.8897 (0.8897)  loss_giou_dn_0: 0.7100 (0.7100)  loss_giou_dn_1: 0.6204 (0.6204)  loss_giou_dn_2: 0.6164 (0.6164)  loss_vfl: 0.5577 (0.5577)  loss_vfl_aux_0: 0.5923 (0.5923)  loss_vfl_aux_1: 0.5728 (0.5728)  loss_vfl_aux_2: 0.5836 (0.5836)  loss_vfl_dn_0: 0.4839 (0.4839)  loss_vfl_dn_1: 0.4504 (0.4504)  loss_vfl_dn_2: 0.4449 (0.4449)  time: 7.0819  data: 5.4250  max mem: 10027
Epoch: [69]  [100/809]  eta: 0:13:28  lr: 0.000100  loss: 9.1138 (9.3065)  loss_bbox: 0.0602 (0.0694)  loss_bbox_aux_0: 0.0641 (0.0729)  loss_bbox_aux_1: 0.0620 (0.0700)  loss_bbox_aux_2: 0.0768 (0.0841)  loss_bbox_dn_0: 0.0495 (0.0492)  loss_bbox_dn_1: 0.0386 (0.0401)  loss_bbox_dn_2: 0.0372 (0.0391)  loss_giou: 0.7599 (0.8210)  loss_giou_aux_0: 0.7725 (0.8465)  loss_giou_aux_1: 0.7522 (0.8282)  loss_giou_aux_2: 0.8593 (0.9150)  loss_giou_dn_0: 0.6803 (0.7053)  loss_giou_dn_1: 0.5936 (0.6221)  loss_giou_dn_2: 0.5845 (0.6124)  loss_vfl: 0.5374 (0.5285)  loss_vfl_aux_0: 0.5535 (0.5515)  loss_vfl_aux_1: 0.5507 (0.5399)  loss_vfl_aux_2: 0.5571 (0.5639)  loss_vfl_dn_0: 0.4696 (0.4720)  loss_vfl_dn_1: 0.4362 (0.4411)  loss_vfl_dn_2: 0.4246 (0.4341)  time: 1.1158  data: 0.0252  max mem: 10027
Epoch: [69]  [200/809]  eta: 0:11:12  lr: 0.000100  loss: 9.3526 (9.2928)  loss_bbox: 0.0608 (0.0689)  loss_bbox_aux_0: 0.0667 (0.0722)  loss_bbox_aux_1: 0.0629 (0.0696)  loss_bbox_aux_2: 0.0775 (0.0829)  loss_bbox_dn_0: 0.0481 (0.0487)  loss_bbox_dn_1: 0.0385 (0.0398)  loss_bbox_dn_2: 0.0372 (0.0388)  loss_giou: 0.7724 (0.8224)  loss_giou_aux_0: 0.8251 (0.8483)  loss_giou_aux_1: 0.7830 (0.8290)  loss_giou_aux_2: 0.8966 (0.9163)  loss_giou_dn_0: 0.7128 (0.7055)  loss_giou_dn_1: 0.6364 (0.6222)  loss_giou_dn_2: 0.6273 (0.6122)  loss_vfl: 0.5315 (0.5256)  loss_vfl_aux_0: 0.5459 (0.5486)  loss_vfl_aux_1: 0.5354 (0.5364)  loss_vfl_aux_2: 0.5654 (0.5617)  loss_vfl_dn_0: 0.4713 (0.4708)  loss_vfl_dn_1: 0.4396 (0.4401)  loss_vfl_dn_2: 0.4353 (0.4328)  time: 1.0200  data: 0.0265  max mem: 10027
Epoch: [69]  [300/809]  eta: 0:09:16  lr: 0.000100  loss: 9.1867 (9.3029)  loss_bbox: 0.0653 (0.0693)  loss_bbox_aux_0: 0.0682 (0.0731)  loss_bbox_aux_1: 0.0666 (0.0702)  loss_bbox_aux_2: 0.0763 (0.0836)  loss_bbox_dn_0: 0.0477 (0.0491)  loss_bbox_dn_1: 0.0407 (0.0400)  loss_bbox_dn_2: 0.0401 (0.0389)  loss_giou: 0.7859 (0.8240)  loss_giou_aux_0: 0.8042 (0.8503)  loss_giou_aux_1: 0.7967 (0.8308)  loss_giou_aux_2: 0.8680 (0.9174)  loss_giou_dn_0: 0.7152 (0.7068)  loss_giou_dn_1: 0.6151 (0.6229)  loss_giou_dn_2: 0.6102 (0.6129)  loss_vfl: 0.5200 (0.5246)  loss_vfl_aux_0: 0.5405 (0.5477)  loss_vfl_aux_1: 0.5231 (0.5347)  loss_vfl_aux_2: 0.5518 (0.5624)  loss_vfl_dn_0: 0.4673 (0.4711)  loss_vfl_dn_1: 0.4365 (0.4403)  loss_vfl_dn_2: 0.4298 (0.4330)  time: 1.0732  data: 0.0319  max mem: 10027
Epoch: [69]  [400/809]  eta: 0:07:23  lr: 0.000100  loss: 9.2802 (9.2874)  loss_bbox: 0.0669 (0.0689)  loss_bbox_aux_0: 0.0689 (0.0726)  loss_bbox_aux_1: 0.0691 (0.0700)  loss_bbox_aux_2: 0.0775 (0.0827)  loss_bbox_dn_0: 0.0489 (0.0491)  loss_bbox_dn_1: 0.0370 (0.0399)  loss_bbox_dn_2: 0.0363 (0.0388)  loss_giou: 0.8192 (0.8222)  loss_giou_aux_0: 0.8551 (0.8469)  loss_giou_aux_1: 0.8357 (0.8289)  loss_giou_aux_2: 0.9243 (0.9149)  loss_giou_dn_0: 0.7105 (0.7053)  loss_giou_dn_1: 0.6088 (0.6213)  loss_giou_dn_2: 0.5992 (0.6114)  loss_vfl: 0.5278 (0.5241)  loss_vfl_aux_0: 0.5421 (0.5483)  loss_vfl_aux_1: 0.5364 (0.5338)  loss_vfl_aux_2: 0.5486 (0.5639)  loss_vfl_dn_0: 0.4716 (0.4712)  loss_vfl_dn_1: 0.4407 (0.4401)  loss_vfl_dn_2: 0.4323 (0.4330)  time: 1.0499  data: 0.0248  max mem: 10027
Epoch: [69]  [500/809]  eta: 0:05:35  lr: 0.000100  loss: 9.2017 (9.2793)  loss_bbox: 0.0613 (0.0691)  loss_bbox_aux_0: 0.0676 (0.0727)  loss_bbox_aux_1: 0.0625 (0.0703)  loss_bbox_aux_2: 0.0734 (0.0825)  loss_bbox_dn_0: 0.0468 (0.0489)  loss_bbox_dn_1: 0.0379 (0.0398)  loss_bbox_dn_2: 0.0366 (0.0387)  loss_giou: 0.7942 (0.8230)  loss_giou_aux_0: 0.8042 (0.8451)  loss_giou_aux_1: 0.7943 (0.8291)  loss_giou_aux_2: 0.8628 (0.9124)  loss_giou_dn_0: 0.7005 (0.7044)  loss_giou_dn_1: 0.6161 (0.6206)  loss_giou_dn_2: 0.6067 (0.6107)  loss_vfl: 0.5074 (0.5227)  loss_vfl_aux_0: 0.5371 (0.5479)  loss_vfl_aux_1: 0.5236 (0.5325)  loss_vfl_aux_2: 0.5533 (0.5647)  loss_vfl_dn_0: 0.4662 (0.4710)  loss_vfl_dn_1: 0.4376 (0.4402)  loss_vfl_dn_2: 0.4319 (0.4331)  time: 1.1084  data: 0.0286  max mem: 10027
Epoch: [69]  [600/809]  eta: 0:03:46  lr: 0.000100  loss: 9.3574 (9.3172)  loss_bbox: 0.0666 (0.0702)  loss_bbox_aux_0: 0.0688 (0.0739)  loss_bbox_aux_1: 0.0666 (0.0713)  loss_bbox_aux_2: 0.0824 (0.0833)  loss_bbox_dn_0: 0.0501 (0.0489)  loss_bbox_dn_1: 0.0404 (0.0398)  loss_bbox_dn_2: 0.0403 (0.0387)  loss_giou: 0.7906 (0.8300)  loss_giou_aux_0: 0.8115 (0.8519)  loss_giou_aux_1: 0.7971 (0.8363)  loss_giou_aux_2: 0.8841 (0.9196)  loss_giou_dn_0: 0.6930 (0.7069)  loss_giou_dn_1: 0.6162 (0.6230)  loss_giou_dn_2: 0.6093 (0.6131)  loss_vfl: 0.5233 (0.5216)  loss_vfl_aux_0: 0.5374 (0.5471)  loss_vfl_aux_1: 0.5277 (0.5319)  loss_vfl_aux_2: 0.5503 (0.5636)  loss_vfl_dn_0: 0.4697 (0.4713)  loss_vfl_dn_1: 0.4441 (0.4409)  loss_vfl_dn_2: 0.4412 (0.4338)  time: 1.1275  data: 0.0314  max mem: 10027
Epoch: [69]  [700/809]  eta: 0:01:58  lr: 0.000100  loss: 9.2959 (9.3170)  loss_bbox: 0.0696 (0.0705)  loss_bbox_aux_0: 0.0714 (0.0743)  loss_bbox_aux_1: 0.0670 (0.0716)  loss_bbox_aux_2: 0.0832 (0.0836)  loss_bbox_dn_0: 0.0488 (0.0489)  loss_bbox_dn_1: 0.0394 (0.0398)  loss_bbox_dn_2: 0.0385 (0.0387)  loss_giou: 0.8355 (0.8295)  loss_giou_aux_0: 0.8542 (0.8518)  loss_giou_aux_1: 0.8452 (0.8360)  loss_giou_aux_2: 0.9479 (0.9199)  loss_giou_dn_0: 0.6721 (0.7064)  loss_giou_dn_1: 0.5906 (0.6226)  loss_giou_dn_2: 0.5777 (0.6126)  loss_vfl: 0.5256 (0.5216)  loss_vfl_aux_0: 0.5549 (0.5472)  loss_vfl_aux_1: 0.5358 (0.5321)  loss_vfl_aux_2: 0.5850 (0.5637)  loss_vfl_dn_0: 0.4669 (0.4711)  loss_vfl_dn_1: 0.4375 (0.4410)  loss_vfl_dn_2: 0.4305 (0.4339)  time: 1.0865  data: 0.0292  max mem: 10027
Epoch: [69]  [800/809]  eta: 0:00:09  lr: 0.000100  loss: 9.5210 (9.3125)  loss_bbox: 0.0739 (0.0704)  loss_bbox_aux_0: 0.0720 (0.0744)  loss_bbox_aux_1: 0.0695 (0.0715)  loss_bbox_aux_2: 0.0871 (0.0835)  loss_bbox_dn_0: 0.0498 (0.0490)  loss_bbox_dn_1: 0.0395 (0.0399)  loss_bbox_dn_2: 0.0381 (0.0388)  loss_giou: 0.8257 (0.8281)  loss_giou_aux_0: 0.8641 (0.8507)  loss_giou_aux_1: 0.8436 (0.8347)  loss_giou_aux_2: 0.9394 (0.9188)  loss_giou_dn_0: 0.6959 (0.7061)  loss_giou_dn_1: 0.6041 (0.6221)  loss_giou_dn_2: 0.5996 (0.6122)  loss_vfl: 0.5238 (0.5223)  loss_vfl_aux_0: 0.5480 (0.5474)  loss_vfl_aux_1: 0.5399 (0.5327)  loss_vfl_aux_2: 0.5654 (0.5644)  loss_vfl_dn_0: 0.4688 (0.4709)  loss_vfl_dn_1: 0.4391 (0.4409)  loss_vfl_dn_2: 0.4302 (0.4338)  time: 1.0626  data: 0.0251  max mem: 10027
Epoch: [69]  [808/809]  eta: 0:00:01  lr: 0.000100  loss: 9.4911 (9.3208)  loss_bbox: 0.0713 (0.0707)  loss_bbox_aux_0: 0.0752 (0.0748)  loss_bbox_aux_1: 0.0767 (0.0719)  loss_bbox_aux_2: 0.0888 (0.0839)  loss_bbox_dn_0: 0.0475 (0.0491)  loss_bbox_dn_1: 0.0395 (0.0399)  loss_bbox_dn_2: 0.0381 (0.0388)  loss_giou: 0.8509 (0.8295)  loss_giou_aux_0: 0.8777 (0.8521)  loss_giou_aux_1: 0.8570 (0.8362)  loss_giou_aux_2: 0.9052 (0.9201)  loss_giou_dn_0: 0.7069 (0.7065)  loss_giou_dn_1: 0.6303 (0.6227)  loss_giou_dn_2: 0.6194 (0.6127)  loss_vfl: 0.5238 (0.5221)  loss_vfl_aux_0: 0.5447 (0.5473)  loss_vfl_aux_1: 0.5399 (0.5326)  loss_vfl_aux_2: 0.5586 (0.5642)  loss_vfl_dn_0: 0.4689 (0.4709)  loss_vfl_dn_1: 0.4400 (0.4409)  loss_vfl_dn_2: 0.4316 (0.4339)  time: 0.9247  data: 0.0236  max mem: 10027
Epoch: [69] Total time: 0:14:32 (1.0779 s / it)
Averaged stats: lr: 0.000100  loss: 9.4911 (9.3208)  loss_bbox: 0.0713 (0.0707)  loss_bbox_aux_0: 0.0752 (0.0748)  loss_bbox_aux_1: 0.0767 (0.0719)  loss_bbox_aux_2: 0.0888 (0.0839)  loss_bbox_dn_0: 0.0475 (0.0491)  loss_bbox_dn_1: 0.0395 (0.0399)  loss_bbox_dn_2: 0.0381 (0.0388)  loss_giou: 0.8509 (0.8295)  loss_giou_aux_0: 0.8777 (0.8521)  loss_giou_aux_1: 0.8570 (0.8362)  loss_giou_aux_2: 0.9052 (0.9201)  loss_giou_dn_0: 0.7069 (0.7065)  loss_giou_dn_1: 0.6303 (0.6227)  loss_giou_dn_2: 0.6194 (0.6127)  loss_vfl: 0.5238 (0.5221)  loss_vfl_aux_0: 0.5447 (0.5473)  loss_vfl_aux_1: 0.5399 (0.5326)  loss_vfl_aux_2: 0.5586 (0.5642)  loss_vfl_dn_0: 0.4689 (0.4709)  loss_vfl_dn_1: 0.4400 (0.4409)  loss_vfl_dn_2: 0.4316 (0.4339)
Test:  [ 0/69]  eta: 0:01:29    time: 1.2932  data: 0.7115  max mem: 10027
Test:  [10/69]  eta: 0:00:42    time: 0.7188  data: 0.0834  max mem: 10027
Test:  [20/69]  eta: 0:00:34    time: 0.6717  data: 0.0209  max mem: 10027
Test:  [30/69]  eta: 0:00:27    time: 0.7118  data: 0.0216  max mem: 10027
Test:  [40/69]  eta: 0:00:19    time: 0.6749  data: 0.0217  max mem: 10027
Test:  [50/69]  eta: 0:00:12    time: 0.5995  data: 0.0222  max mem: 10027
Test:  [60/69]  eta: 0:00:05    time: 0.5729  data: 0.0219  max mem: 10027
Test:  [68/69]  eta: 0:00:00    time: 0.5812  data: 0.0199  max mem: 10027
Test: Total time: 0:00:44 (0.6483 s / it)
Averaged stats: 
Accumulating evaluation results...
DONE (t=2.01s).
IoU metric: bbox
 Average Precision  (AP) @[ IoU=0.50:0.95 | area=   all | maxDets=100 ] = 0.260
 Average Precision  (AP) @[ IoU=0.50      | area=   all | maxDets=100 ] = 0.419
 Average Precision  (AP) @[ IoU=0.75      | area=   all | maxDets=100 ] = 0.269
 Average Precision  (AP) @[ IoU=0.50:0.95 | area= small | maxDets=100 ] = 0.181
 Average Precision  (AP) @[ IoU=0.50:0.95 | area=medium | maxDets=100 ] = 0.345
 Average Precision  (AP) @[ IoU=0.50:0.95 | area= large | maxDets=100 ] = 0.486
 Average Recall     (AR) @[ IoU=0.50:0.95 | area=   all | maxDets=  1 ] = 0.110
 Average Recall     (AR) @[ IoU=0.50:0.95 | area=   all | maxDets= 10 ] = 0.312
 Average Recall     (AR) @[ IoU=0.50:0.95 | area=   all | maxDets=100 ] = 0.420
 Average Recall     (AR) @[ IoU=0.50:0.95 | area= small | maxDets=100 ] = 0.338
 Average Recall     (AR) @[ IoU=0.50:0.95 | area=medium | maxDets=100 ] = 0.526
 Average Recall     (AR) @[ IoU=0.50:0.95 | area= large | maxDets=100 ] = 0.625
best_stat:  {'epoch': 69, 'coco_eval_bbox': 0.2604792260841393}
Epoch: [70]  [  0/809]  eta: 1:12:34  lr: 0.000100  loss: 9.9457 (9.9457)  loss_bbox: 0.0800 (0.0800)  loss_bbox_aux_0: 0.0896 (0.0896)  loss_bbox_aux_1: 0.0819 (0.0819)  loss_bbox_aux_2: 0.0954 (0.0954)  loss_bbox_dn_0: 0.0381 (0.0381)  loss_bbox_dn_1: 0.0305 (0.0305)  loss_bbox_dn_2: 0.0293 (0.0293)  loss_giou: 1.0090 (1.0090)  loss_giou_aux_0: 1.0165 (1.0165)  loss_giou_aux_1: 1.0127 (1.0127)  loss_giou_aux_2: 1.0538 (1.0538)  loss_giou_dn_0: 0.7810 (0.7810)  loss_giou_dn_1: 0.6980 (0.6980)  loss_giou_dn_2: 0.6875 (0.6875)  loss_vfl: 0.4489 (0.4489)  loss_vfl_aux_0: 0.4860 (0.4860)  loss_vfl_aux_1: 0.4681 (0.4681)  loss_vfl_aux_2: 0.5483 (0.5483)  loss_vfl_dn_0: 0.4537 (0.4537)  loss_vfl_dn_1: 0.4237 (0.4237)  loss_vfl_dn_2: 0.4136 (0.4136)  time: 5.3829  data: 3.3858  max mem: 10027
Epoch: [70]  [100/809]  eta: 0:13:37  lr: 0.000100  loss: 9.5808 (9.2035)  loss_bbox: 0.0738 (0.0721)  loss_bbox_aux_0: 0.0789 (0.0767)  loss_bbox_aux_1: 0.0757 (0.0724)  loss_bbox_aux_2: 0.0872 (0.0849)  loss_bbox_dn_0: 0.0485 (0.0494)  loss_bbox_dn_1: 0.0409 (0.0399)  loss_bbox_dn_2: 0.0401 (0.0387)  loss_giou: 0.8751 (0.8125)  loss_giou_aux_0: 0.8811 (0.8327)  loss_giou_aux_1: 0.8754 (0.8173)  loss_giou_aux_2: 0.9676 (0.9025)  loss_giou_dn_0: 0.7273 (0.6950)  loss_giou_dn_1: 0.6371 (0.6115)  loss_giou_dn_2: 0.6159 (0.6018)  loss_vfl: 0.5151 (0.5160)  loss_vfl_aux_0: 0.5499 (0.5420)  loss_vfl_aux_1: 0.5291 (0.5291)  loss_vfl_aux_2: 0.5447 (0.5651)  loss_vfl_dn_0: 0.4785 (0.4718)  loss_vfl_dn_1: 0.4462 (0.4398)  loss_vfl_dn_2: 0.4395 (0.4323)  time: 1.1232  data: 0.0301  max mem: 10027
Epoch: [70]  [200/809]  eta: 0:11:24  lr: 0.000100  loss: 9.2671 (9.2335)  loss_bbox: 0.0621 (0.0712)  loss_bbox_aux_0: 0.0654 (0.0762)  loss_bbox_aux_1: 0.0642 (0.0720)  loss_bbox_aux_2: 0.0762 (0.0845)  loss_bbox_dn_0: 0.0450 (0.0489)  loss_bbox_dn_1: 0.0344 (0.0394)  loss_bbox_dn_2: 0.0343 (0.0382)  loss_giou: 0.8198 (0.8187)  loss_giou_aux_0: 0.8405 (0.8405)  loss_giou_aux_1: 0.8279 (0.8255)  loss_giou_aux_2: 0.9117 (0.9112)  loss_giou_dn_0: 0.6756 (0.6979)  loss_giou_dn_1: 0.5896 (0.6123)  loss_giou_dn_2: 0.5771 (0.6021)  loss_vfl: 0.5123 (0.5175)  loss_vfl_aux_0: 0.5276 (0.5427)  loss_vfl_aux_1: 0.5131 (0.5287)  loss_vfl_aux_2: 0.5551 (0.5631)  loss_vfl_dn_0: 0.4667 (0.4711)  loss_vfl_dn_1: 0.4307 (0.4394)  loss_vfl_dn_2: 0.4215 (0.4324)  time: 1.1160  data: 0.0277  max mem: 10027
Epoch: [70]  [300/809]  eta: 0:09:32  lr: 0.000100  loss: 8.6939 (9.2566)  loss_bbox: 0.0590 (0.0713)  loss_bbox_aux_0: 0.0642 (0.0761)  loss_bbox_aux_1: 0.0593 (0.0721)  loss_bbox_aux_2: 0.0683 (0.0845)  loss_bbox_dn_0: 0.0425 (0.0485)  loss_bbox_dn_1: 0.0357 (0.0393)  loss_bbox_dn_2: 0.0345 (0.0381)  loss_giou: 0.7505 (0.8218)  loss_giou_aux_0: 0.7529 (0.8451)  loss_giou_aux_1: 0.7461 (0.8286)  loss_giou_aux_2: 0.8117 (0.9150)  loss_giou_dn_0: 0.6658 (0.7016)  loss_giou_dn_1: 0.5689 (0.6169)  loss_giou_dn_2: 0.5592 (0.6066)  loss_vfl: 0.5316 (0.5171)  loss_vfl_aux_0: 0.5519 (0.5414)  loss_vfl_aux_1: 0.5438 (0.5284)  loss_vfl_aux_2: 0.5825 (0.5621)  loss_vfl_dn_0: 0.4678 (0.4705)  loss_vfl_dn_1: 0.4288 (0.4393)  loss_vfl_dn_2: 0.4188 (0.4323)  time: 1.1603  data: 0.0305  max mem: 10027
Epoch: [70]  [400/809]  eta: 0:07:36  lr: 0.000100  loss: 9.4762 (9.2935)  loss_bbox: 0.0708 (0.0726)  loss_bbox_aux_0: 0.0740 (0.0775)  loss_bbox_aux_1: 0.0716 (0.0734)  loss_bbox_aux_2: 0.0861 (0.0855)  loss_bbox_dn_0: 0.0484 (0.0489)  loss_bbox_dn_1: 0.0384 (0.0397)  loss_bbox_dn_2: 0.0375 (0.0386)  loss_giou: 0.8252 (0.8307)  loss_giou_aux_0: 0.8478 (0.8538)  loss_giou_aux_1: 0.8335 (0.8377)  loss_giou_aux_2: 0.9195 (0.9223)  loss_giou_dn_0: 0.7211 (0.7040)  loss_giou_dn_1: 0.6315 (0.6195)  loss_giou_dn_2: 0.6262 (0.6093)  loss_vfl: 0.5171 (0.5144)  loss_vfl_aux_0: 0.5344 (0.5387)  loss_vfl_aux_1: 0.5205 (0.5252)  loss_vfl_aux_2: 0.5537 (0.5598)  loss_vfl_dn_0: 0.4717 (0.4701)  loss_vfl_dn_1: 0.4381 (0.4394)  loss_vfl_dn_2: 0.4338 (0.4324)  time: 1.1118  data: 0.0296  max mem: 10027
Epoch: [70]  [500/809]  eta: 0:05:43  lr: 0.000100  loss: 8.8871 (9.3065)  loss_bbox: 0.0609 (0.0726)  loss_bbox_aux_0: 0.0691 (0.0773)  loss_bbox_aux_1: 0.0645 (0.0738)  loss_bbox_aux_2: 0.0796 (0.0856)  loss_bbox_dn_0: 0.0539 (0.0494)  loss_bbox_dn_1: 0.0427 (0.0401)  loss_bbox_dn_2: 0.0411 (0.0389)  loss_giou: 0.7630 (0.8324)  loss_giou_aux_0: 0.7914 (0.8554)  loss_giou_aux_1: 0.7759 (0.8397)  loss_giou_aux_2: 0.8609 (0.9244)  loss_giou_dn_0: 0.6977 (0.7055)  loss_giou_dn_1: 0.5908 (0.6212)  loss_giou_dn_2: 0.5778 (0.6110)  loss_vfl: 0.5402 (0.5141)  loss_vfl_aux_0: 0.5638 (0.5397)  loss_vfl_aux_1: 0.5469 (0.5248)  loss_vfl_aux_2: 0.5746 (0.5596)  loss_vfl_dn_0: 0.4673 (0.4697)  loss_vfl_dn_1: 0.4366 (0.4391)  loss_vfl_dn_2: 0.4265 (0.4321)  time: 1.1450  data: 0.0287  max mem: 10027
Epoch: [70]  [600/809]  eta: 0:03:54  lr: 0.000100  loss: 9.1623 (9.3111)  loss_bbox: 0.0592 (0.0721)  loss_bbox_aux_0: 0.0639 (0.0766)  loss_bbox_aux_1: 0.0595 (0.0732)  loss_bbox_aux_2: 0.0684 (0.0850)  loss_bbox_dn_0: 0.0450 (0.0493)  loss_bbox_dn_1: 0.0372 (0.0400)  loss_bbox_dn_2: 0.0367 (0.0389)  loss_giou: 0.7892 (0.8319)  loss_giou_aux_0: 0.8156 (0.8548)  loss_giou_aux_1: 0.7937 (0.8392)  loss_giou_aux_2: 0.8652 (0.9238)  loss_giou_dn_0: 0.6974 (0.7062)  loss_giou_dn_1: 0.6245 (0.6222)  loss_giou_dn_2: 0.6088 (0.6121)  loss_vfl: 0.5276 (0.5160)  loss_vfl_aux_0: 0.5409 (0.5411)  loss_vfl_aux_1: 0.5381 (0.5268)  loss_vfl_aux_2: 0.5686 (0.5599)  loss_vfl_dn_0: 0.4698 (0.4699)  loss_vfl_dn_1: 0.4387 (0.4394)  loss_vfl_dn_2: 0.4359 (0.4326)  time: 1.1910  data: 0.0295  max mem: 10027
Epoch: [70]  [700/809]  eta: 0:02:02  lr: 0.000100  loss: 8.9813 (9.3005)  loss_bbox: 0.0634 (0.0723)  loss_bbox_aux_0: 0.0697 (0.0767)  loss_bbox_aux_1: 0.0662 (0.0733)  loss_bbox_aux_2: 0.0863 (0.0852)  loss_bbox_dn_0: 0.0446 (0.0495)  loss_bbox_dn_1: 0.0337 (0.0402)  loss_bbox_dn_2: 0.0323 (0.0390)  loss_giou: 0.7767 (0.8293)  loss_giou_aux_0: 0.7935 (0.8523)  loss_giou_aux_1: 0.7848 (0.8367)  loss_giou_aux_2: 0.8776 (0.9211)  loss_giou_dn_0: 0.6803 (0.7049)  loss_giou_dn_1: 0.5951 (0.6209)  loss_giou_dn_2: 0.5866 (0.6108)  loss_vfl: 0.5137 (0.5165)  loss_vfl_aux_0: 0.5331 (0.5417)  loss_vfl_aux_1: 0.5190 (0.5274)  loss_vfl_aux_2: 0.5637 (0.5607)  loss_vfl_dn_0: 0.4729 (0.4700)  loss_vfl_dn_1: 0.4376 (0.4394)  loss_vfl_dn_2: 0.4309 (0.4326)  time: 1.1096  data: 0.0277  max mem: 10027
Epoch: [70]  [800/809]  eta: 0:00:10  lr: 0.000100  loss: 9.0829 (9.2993)  loss_bbox: 0.0622 (0.0723)  loss_bbox_aux_0: 0.0663 (0.0766)  loss_bbox_aux_1: 0.0623 (0.0734)  loss_bbox_aux_2: 0.0751 (0.0853)  loss_bbox_dn_0: 0.0449 (0.0493)  loss_bbox_dn_1: 0.0363 (0.0400)  loss_bbox_dn_2: 0.0349 (0.0389)  loss_giou: 0.7662 (0.8273)  loss_giou_aux_0: 0.7816 (0.8502)  loss_giou_aux_1: 0.7721 (0.8345)  loss_giou_aux_2: 0.8561 (0.9197)  loss_giou_dn_0: 0.6989 (0.7041)  loss_giou_dn_1: 0.6094 (0.6202)  loss_giou_dn_2: 0.5993 (0.6101)  loss_vfl: 0.5293 (0.5188)  loss_vfl_aux_0: 0.5520 (0.5438)  loss_vfl_aux_1: 0.5276 (0.5296)  loss_vfl_aux_2: 0.5774 (0.5626)  loss_vfl_dn_0: 0.4708 (0.4704)  loss_vfl_dn_1: 0.4404 (0.4397)  loss_vfl_dn_2: 0.4314 (0.4328)  time: 1.1363  data: 0.0280  max mem: 10027
Epoch: [70]  [808/809]  eta: 0:00:01  lr: 0.000100  loss: 9.6183 (9.3062)  loss_bbox: 0.0620 (0.0725)  loss_bbox_aux_0: 0.0646 (0.0768)  loss_bbox_aux_1: 0.0622 (0.0736)  loss_bbox_aux_2: 0.0692 (0.0855)  loss_bbox_dn_0: 0.0432 (0.0493)  loss_bbox_dn_1: 0.0343 (0.0400)  loss_bbox_dn_2: 0.0324 (0.0389)  loss_giou: 0.8790 (0.8287)  loss_giou_aux_0: 0.9191 (0.8515)  loss_giou_aux_1: 0.8980 (0.8359)  loss_giou_aux_2: 0.9664 (0.9208)  loss_giou_dn_0: 0.7196 (0.7047)  loss_giou_dn_1: 0.6431 (0.6208)  loss_giou_dn_2: 0.6313 (0.6107)  loss_vfl: 0.5020 (0.5185)  loss_vfl_aux_0: 0.5294 (0.5435)  loss_vfl_aux_1: 0.5159 (0.5292)  loss_vfl_aux_2: 0.5710 (0.5623)  loss_vfl_dn_0: 0.4696 (0.4704)  loss_vfl_dn_1: 0.4407 (0.4397)  loss_vfl_dn_2: 0.4314 (0.4329)  time: 1.0047  data: 0.0255  max mem: 10027
Epoch: [70] Total time: 0:15:10 (1.1249 s / it)
Averaged stats: lr: 0.000100  loss: 9.6183 (9.3062)  loss_bbox: 0.0620 (0.0725)  loss_bbox_aux_0: 0.0646 (0.0768)  loss_bbox_aux_1: 0.0622 (0.0736)  loss_bbox_aux_2: 0.0692 (0.0855)  loss_bbox_dn_0: 0.0432 (0.0493)  loss_bbox_dn_1: 0.0343 (0.0400)  loss_bbox_dn_2: 0.0324 (0.0389)  loss_giou: 0.8790 (0.8287)  loss_giou_aux_0: 0.9191 (0.8515)  loss_giou_aux_1: 0.8980 (0.8359)  loss_giou_aux_2: 0.9664 (0.9208)  loss_giou_dn_0: 0.7196 (0.7047)  loss_giou_dn_1: 0.6431 (0.6208)  loss_giou_dn_2: 0.6313 (0.6107)  loss_vfl: 0.5020 (0.5185)  loss_vfl_aux_0: 0.5294 (0.5435)  loss_vfl_aux_1: 0.5159 (0.5292)  loss_vfl_aux_2: 0.5710 (0.5623)  loss_vfl_dn_0: 0.4696 (0.4704)  loss_vfl_dn_1: 0.4407 (0.4397)  loss_vfl_dn_2: 0.4314 (0.4329)
Test:  [ 0/69]  eta: 0:01:48    time: 1.5682  data: 0.9655  max mem: 10027
Test:  [10/69]  eta: 0:00:44    time: 0.7553  data: 0.1079  max mem: 10027
Test:  [20/69]  eta: 0:00:37    time: 0.7283  data: 0.0233  max mem: 10027
Test:  [30/69]  eta: 0:00:28    time: 0.7328  data: 0.0233  max mem: 10027
Test:  [40/69]  eta: 0:00:20    time: 0.6554  data: 0.0228  max mem: 10027
Test:  [50/69]  eta: 0:00:13    time: 0.6048  data: 0.0240  max mem: 10027
Test:  [60/69]  eta: 0:00:06    time: 0.5788  data: 0.0242  max mem: 10027
Test:  [68/69]  eta: 0:00:00    time: 0.6033  data: 0.0235  max mem: 10027
Test: Total time: 0:00:46 (0.6684 s / it)
Averaged stats: 
Accumulating evaluation results...
DONE (t=2.14s).
IoU metric: bbox
 Average Precision  (AP) @[ IoU=0.50:0.95 | area=   all | maxDets=100 ] = 0.261
 Average Precision  (AP) @[ IoU=0.50      | area=   all | maxDets=100 ] = 0.419
 Average Precision  (AP) @[ IoU=0.75      | area=   all | maxDets=100 ] = 0.268
 Average Precision  (AP) @[ IoU=0.50:0.95 | area= small | maxDets=100 ] = 0.181
 Average Precision  (AP) @[ IoU=0.50:0.95 | area=medium | maxDets=100 ] = 0.347
 Average Precision  (AP) @[ IoU=0.50:0.95 | area= large | maxDets=100 ] = 0.469
 Average Recall     (AR) @[ IoU=0.50:0.95 | area=   all | maxDets=  1 ] = 0.109
 Average Recall     (AR) @[ IoU=0.50:0.95 | area=   all | maxDets= 10 ] = 0.312
 Average Recall     (AR) @[ IoU=0.50:0.95 | area=   all | maxDets=100 ] = 0.420
 Average Recall     (AR) @[ IoU=0.50:0.95 | area= small | maxDets=100 ] = 0.338
 Average Recall     (AR) @[ IoU=0.50:0.95 | area=medium | maxDets=100 ] = 0.526
 Average Recall     (AR) @[ IoU=0.50:0.95 | area= large | maxDets=100 ] = 0.627
best_stat:  {'epoch': 70, 'coco_eval_bbox': 0.260592991448621}
Epoch: [71]  [  0/809]  eta: 1:13:44  lr: 0.000100  loss: 8.2151 (8.2151)  loss_bbox: 0.0465 (0.0465)  loss_bbox_aux_0: 0.0493 (0.0493)  loss_bbox_aux_1: 0.0483 (0.0483)  loss_bbox_aux_2: 0.0619 (0.0619)  loss_bbox_dn_0: 0.0489 (0.0489)  loss_bbox_dn_1: 0.0396 (0.0396)  loss_bbox_dn_2: 0.0374 (0.0374)  loss_giou: 0.6444 (0.6444)  loss_giou_aux_0: 0.6713 (0.6713)  loss_giou_aux_1: 0.6493 (0.6493)  loss_giou_aux_2: 0.7317 (0.7317)  loss_giou_dn_0: 0.6181 (0.6181)  loss_giou_dn_1: 0.5537 (0.5537)  loss_giou_dn_2: 0.5409 (0.5409)  loss_vfl: 0.5253 (0.5253)  loss_vfl_aux_0: 0.5428 (0.5428)  loss_vfl_aux_1: 0.5311 (0.5311)  loss_vfl_aux_2: 0.5898 (0.5898)  loss_vfl_dn_0: 0.4464 (0.4464)  loss_vfl_dn_1: 0.4243 (0.4243)  loss_vfl_dn_2: 0.4139 (0.4139)  time: 5.4696  data: 3.3771  max mem: 10027
Epoch: [71]  [100/809]  eta: 0:14:08  lr: 0.000100  loss: 8.9128 (9.2885)  loss_bbox: 0.0646 (0.0714)  loss_bbox_aux_0: 0.0689 (0.0749)  loss_bbox_aux_1: 0.0651 (0.0728)  loss_bbox_aux_2: 0.0829 (0.0835)  loss_bbox_dn_0: 0.0479 (0.0494)  loss_bbox_dn_1: 0.0381 (0.0400)  loss_bbox_dn_2: 0.0366 (0.0388)  loss_giou: 0.7629 (0.8274)  loss_giou_aux_0: 0.7801 (0.8482)  loss_giou_aux_1: 0.7634 (0.8321)  loss_giou_aux_2: 0.8528 (0.9186)  loss_giou_dn_0: 0.6759 (0.7039)  loss_giou_dn_1: 0.5968 (0.6194)  loss_giou_dn_2: 0.5888 (0.6094)  loss_vfl: 0.4996 (0.5189)  loss_vfl_aux_0: 0.5365 (0.5460)  loss_vfl_aux_1: 0.5143 (0.5290)  loss_vfl_aux_2: 0.5707 (0.5621)  loss_vfl_dn_0: 0.4662 (0.4695)  loss_vfl_dn_1: 0.4310 (0.4400)  loss_vfl_dn_2: 0.4296 (0.4333)  time: 1.1500  data: 0.0327  max mem: 10027
Epoch: [71]  [200/809]  eta: 0:11:53  lr: 0.000100  loss: 9.5505 (9.2845)  loss_bbox: 0.0647 (0.0714)  loss_bbox_aux_0: 0.0703 (0.0756)  loss_bbox_aux_1: 0.0657 (0.0728)  loss_bbox_aux_2: 0.0862 (0.0856)  loss_bbox_dn_0: 0.0524 (0.0514)  loss_bbox_dn_1: 0.0433 (0.0415)  loss_bbox_dn_2: 0.0414 (0.0403)  loss_giou: 0.8555 (0.8159)  loss_giou_aux_0: 0.8830 (0.8383)  loss_giou_aux_1: 0.8681 (0.8212)  loss_giou_aux_2: 0.9586 (0.9116)  loss_giou_dn_0: 0.7425 (0.7048)  loss_giou_dn_1: 0.6511 (0.6183)  loss_giou_dn_2: 0.6418 (0.6080)  loss_vfl: 0.5127 (0.5282)  loss_vfl_aux_0: 0.5361 (0.5530)  loss_vfl_aux_1: 0.5177 (0.5384)  loss_vfl_aux_2: 0.5450 (0.5670)  loss_vfl_dn_0: 0.4662 (0.4700)  loss_vfl_dn_1: 0.4371 (0.4390)  loss_vfl_dn_2: 0.4302 (0.4322)  time: 1.1323  data: 0.0304  max mem: 10027
Epoch: [71]  [300/809]  eta: 0:09:49  lr: 0.000100  loss: 9.2976 (9.3181)  loss_bbox: 0.0675 (0.0741)  loss_bbox_aux_0: 0.0720 (0.0786)  loss_bbox_aux_1: 0.0682 (0.0756)  loss_bbox_aux_2: 0.0809 (0.0884)  loss_bbox_dn_0: 0.0418 (0.0500)  loss_bbox_dn_1: 0.0349 (0.0406)  loss_bbox_dn_2: 0.0338 (0.0394)  loss_giou: 0.8096 (0.8269)  loss_giou_aux_0: 0.8311 (0.8513)  loss_giou_aux_1: 0.8203 (0.8338)  loss_giou_aux_2: 0.9049 (0.9230)  loss_giou_dn_0: 0.7135 (0.7079)  loss_giou_dn_1: 0.6257 (0.6226)  loss_giou_dn_2: 0.6200 (0.6124)  loss_vfl: 0.4908 (0.5200)  loss_vfl_aux_0: 0.5157 (0.5435)  loss_vfl_aux_1: 0.5065 (0.5295)  loss_vfl_aux_2: 0.5493 (0.5589)  loss_vfl_dn_0: 0.4631 (0.4698)  loss_vfl_dn_1: 0.4394 (0.4393)  loss_vfl_dn_2: 0.4320 (0.4324)  time: 1.1351  data: 0.0278  max mem: 10027
Epoch: [71]  [400/809]  eta: 0:07:51  lr: 0.000100  loss: 9.0468 (9.2978)  loss_bbox: 0.0614 (0.0735)  loss_bbox_aux_0: 0.0671 (0.0780)  loss_bbox_aux_1: 0.0629 (0.0750)  loss_bbox_aux_2: 0.0769 (0.0881)  loss_bbox_dn_0: 0.0443 (0.0500)  loss_bbox_dn_1: 0.0383 (0.0405)  loss_bbox_dn_2: 0.0367 (0.0393)  loss_giou: 0.8220 (0.8218)  loss_giou_aux_0: 0.8273 (0.8462)  loss_giou_aux_1: 0.8246 (0.8295)  loss_giou_aux_2: 0.8871 (0.9166)  loss_giou_dn_0: 0.6787 (0.7041)  loss_giou_dn_1: 0.5890 (0.6187)  loss_giou_dn_2: 0.5740 (0.6083)  loss_vfl: 0.5190 (0.5235)  loss_vfl_aux_0: 0.5413 (0.5467)  loss_vfl_aux_1: 0.5258 (0.5326)  loss_vfl_aux_2: 0.5547 (0.5626)  loss_vfl_dn_0: 0.4698 (0.4704)  loss_vfl_dn_1: 0.4395 (0.4398)  loss_vfl_dn_2: 0.4342 (0.4327)  time: 1.1737  data: 0.0296  max mem: 10027
Epoch: [71]  [500/809]  eta: 0:05:53  lr: 0.000100  loss: 9.3206 (9.3134)  loss_bbox: 0.0747 (0.0744)  loss_bbox_aux_0: 0.0740 (0.0791)  loss_bbox_aux_1: 0.0702 (0.0759)  loss_bbox_aux_2: 0.0838 (0.0889)  loss_bbox_dn_0: 0.0496 (0.0500)  loss_bbox_dn_1: 0.0403 (0.0405)  loss_bbox_dn_2: 0.0389 (0.0393)  loss_giou: 0.8461 (0.8249)  loss_giou_aux_0: 0.8710 (0.8495)  loss_giou_aux_1: 0.8549 (0.8332)  loss_giou_aux_2: 0.9255 (0.9194)  loss_giou_dn_0: 0.7169 (0.7051)  loss_giou_dn_1: 0.6496 (0.6199)  loss_giou_dn_2: 0.6389 (0.6096)  loss_vfl: 0.5104 (0.5220)  loss_vfl_aux_0: 0.5400 (0.5454)  loss_vfl_aux_1: 0.5265 (0.5312)  loss_vfl_aux_2: 0.5510 (0.5618)  loss_vfl_dn_0: 0.4762 (0.4705)  loss_vfl_dn_1: 0.4497 (0.4399)  loss_vfl_dn_2: 0.4366 (0.4327)  time: 1.1105  data: 0.0287  max mem: 10027
Epoch: [71]  [600/809]  eta: 0:03:58  lr: 0.000100  loss: 9.8278 (9.3447)  loss_bbox: 0.0771 (0.0741)  loss_bbox_aux_0: 0.0802 (0.0790)  loss_bbox_aux_1: 0.0782 (0.0756)  loss_bbox_aux_2: 0.0908 (0.0884)  loss_bbox_dn_0: 0.0465 (0.0498)  loss_bbox_dn_1: 0.0383 (0.0405)  loss_bbox_dn_2: 0.0372 (0.0393)  loss_giou: 0.9058 (0.8323)  loss_giou_aux_0: 0.9389 (0.8569)  loss_giou_aux_1: 0.9052 (0.8404)  loss_giou_aux_2: 0.9996 (0.9264)  loss_giou_dn_0: 0.7428 (0.7081)  loss_giou_dn_1: 0.6567 (0.6236)  loss_giou_dn_2: 0.6423 (0.6133)  loss_vfl: 0.5212 (0.5204)  loss_vfl_aux_0: 0.5426 (0.5437)  loss_vfl_aux_1: 0.5306 (0.5300)  loss_vfl_aux_2: 0.5568 (0.5596)  loss_vfl_dn_0: 0.4656 (0.4702)  loss_vfl_dn_1: 0.4395 (0.4402)  loss_vfl_dn_2: 0.4349 (0.4330)  time: 1.1248  data: 0.0271  max mem: 10027
Epoch: [71]  [700/809]  eta: 0:02:04  lr: 0.000100  loss: 9.4562 (9.3350)  loss_bbox: 0.0686 (0.0736)  loss_bbox_aux_0: 0.0763 (0.0786)  loss_bbox_aux_1: 0.0710 (0.0751)  loss_bbox_aux_2: 0.0849 (0.0880)  loss_bbox_dn_0: 0.0505 (0.0498)  loss_bbox_dn_1: 0.0404 (0.0404)  loss_bbox_dn_2: 0.0391 (0.0392)  loss_giou: 0.8250 (0.8310)  loss_giou_aux_0: 0.8577 (0.8562)  loss_giou_aux_1: 0.8387 (0.8392)  loss_giou_aux_2: 0.9464 (0.9257)  loss_giou_dn_0: 0.7360 (0.7077)  loss_giou_dn_1: 0.6409 (0.6227)  loss_giou_dn_2: 0.6249 (0.6123)  loss_vfl: 0.5198 (0.5201)  loss_vfl_aux_0: 0.5376 (0.5432)  loss_vfl_aux_1: 0.5281 (0.5295)  loss_vfl_aux_2: 0.5410 (0.5590)  loss_vfl_dn_0: 0.4751 (0.4704)  loss_vfl_dn_1: 0.4404 (0.4402)  loss_vfl_dn_2: 0.4325 (0.4330)  time: 1.1030  data: 0.0290  max mem: 10027
Epoch: [71]  [800/809]  eta: 0:00:10  lr: 0.000100  loss: 9.3045 (9.3297)  loss_bbox: 0.0733 (0.0735)  loss_bbox_aux_0: 0.0761 (0.0784)  loss_bbox_aux_1: 0.0717 (0.0750)  loss_bbox_aux_2: 0.0875 (0.0881)  loss_bbox_dn_0: 0.0498 (0.0500)  loss_bbox_dn_1: 0.0392 (0.0405)  loss_bbox_dn_2: 0.0377 (0.0393)  loss_giou: 0.8302 (0.8298)  loss_giou_aux_0: 0.8713 (0.8552)  loss_giou_aux_1: 0.8419 (0.8380)  loss_giou_aux_2: 0.9385 (0.9250)  loss_giou_dn_0: 0.7052 (0.7072)  loss_giou_dn_1: 0.6177 (0.6218)  loss_giou_dn_2: 0.6074 (0.6112)  loss_vfl: 0.5179 (0.5204)  loss_vfl_aux_0: 0.5308 (0.5438)  loss_vfl_aux_1: 0.5164 (0.5299)  loss_vfl_aux_2: 0.5430 (0.5593)  loss_vfl_dn_0: 0.4690 (0.4703)  loss_vfl_dn_1: 0.4384 (0.4401)  loss_vfl_dn_2: 0.4376 (0.4329)  time: 1.1074  data: 0.0283  max mem: 10027
Epoch: [71]  [808/809]  eta: 0:00:01  lr: 0.000100  loss: 9.2555 (9.3276)  loss_bbox: 0.0687 (0.0734)  loss_bbox_aux_0: 0.0710 (0.0783)  loss_bbox_aux_1: 0.0686 (0.0749)  loss_bbox_aux_2: 0.0825 (0.0880)  loss_bbox_dn_0: 0.0493 (0.0499)  loss_bbox_dn_1: 0.0384 (0.0405)  loss_bbox_dn_2: 0.0376 (0.0393)  loss_giou: 0.7990 (0.8293)  loss_giou_aux_0: 0.8130 (0.8548)  loss_giou_aux_1: 0.8007 (0.8376)  loss_giou_aux_2: 0.8928 (0.9247)  loss_giou_dn_0: 0.7052 (0.7070)  loss_giou_dn_1: 0.6177 (0.6216)  loss_giou_dn_2: 0.6074 (0.6110)  loss_vfl: 0.5204 (0.5206)  loss_vfl_aux_0: 0.5435 (0.5440)  loss_vfl_aux_1: 0.5312 (0.5302)  loss_vfl_aux_2: 0.5505 (0.5594)  loss_vfl_dn_0: 0.4690 (0.4703)  loss_vfl_dn_1: 0.4385 (0.4401)  loss_vfl_dn_2: 0.4385 (0.4329)  time: 0.9695  data: 0.0266  max mem: 10027
Epoch: [71] Total time: 0:15:14 (1.1300 s / it)
Averaged stats: lr: 0.000100  loss: 9.2555 (9.3276)  loss_bbox: 0.0687 (0.0734)  loss_bbox_aux_0: 0.0710 (0.0783)  loss_bbox_aux_1: 0.0686 (0.0749)  loss_bbox_aux_2: 0.0825 (0.0880)  loss_bbox_dn_0: 0.0493 (0.0499)  loss_bbox_dn_1: 0.0384 (0.0405)  loss_bbox_dn_2: 0.0376 (0.0393)  loss_giou: 0.7990 (0.8293)  loss_giou_aux_0: 0.8130 (0.8548)  loss_giou_aux_1: 0.8007 (0.8376)  loss_giou_aux_2: 0.8928 (0.9247)  loss_giou_dn_0: 0.7052 (0.7070)  loss_giou_dn_1: 0.6177 (0.6216)  loss_giou_dn_2: 0.6074 (0.6110)  loss_vfl: 0.5204 (0.5206)  loss_vfl_aux_0: 0.5435 (0.5440)  loss_vfl_aux_1: 0.5312 (0.5302)  loss_vfl_aux_2: 0.5505 (0.5594)  loss_vfl_dn_0: 0.4690 (0.4703)  loss_vfl_dn_1: 0.4385 (0.4401)  loss_vfl_dn_2: 0.4385 (0.4329)
Test:  [ 0/69]  eta: 0:01:30    time: 1.3147  data: 0.6574  max mem: 10027
Test:  [10/69]  eta: 0:00:42    time: 0.7219  data: 0.0818  max mem: 10027
Test:  [20/69]  eta: 0:00:35    time: 0.6860  data: 0.0239  max mem: 10027
Test:  [30/69]  eta: 0:00:28    time: 0.7269  data: 0.0693  max mem: 10027
Test:  [40/69]  eta: 0:00:20    time: 0.6983  data: 0.0694  max mem: 10027
Test:  [50/69]  eta: 0:00:13    time: 0.6306  data: 0.0230  max mem: 10027
Test:  [60/69]  eta: 0:00:06    time: 0.5946  data: 0.0235  max mem: 10027
Test:  [68/69]  eta: 0:00:00    time: 0.6028  data: 0.0228  max mem: 10027
Test: Total time: 0:00:46 (0.6690 s / it)
Averaged stats: 
Accumulating evaluation results...
DONE (t=2.16s).
IoU metric: bbox
 Average Precision  (AP) @[ IoU=0.50:0.95 | area=   all | maxDets=100 ] = 0.262
 Average Precision  (AP) @[ IoU=0.50      | area=   all | maxDets=100 ] = 0.421
 Average Precision  (AP) @[ IoU=0.75      | area=   all | maxDets=100 ] = 0.269
 Average Precision  (AP) @[ IoU=0.50:0.95 | area= small | maxDets=100 ] = 0.182
 Average Precision  (AP) @[ IoU=0.50:0.95 | area=medium | maxDets=100 ] = 0.348
 Average Precision  (AP) @[ IoU=0.50:0.95 | area= large | maxDets=100 ] = 0.479
 Average Recall     (AR) @[ IoU=0.50:0.95 | area=   all | maxDets=  1 ] = 0.109
 Average Recall     (AR) @[ IoU=0.50:0.95 | area=   all | maxDets= 10 ] = 0.313
 Average Recall     (AR) @[ IoU=0.50:0.95 | area=   all | maxDets=100 ] = 0.421
 Average Recall     (AR) @[ IoU=0.50:0.95 | area= small | maxDets=100 ] = 0.339
 Average Recall     (AR) @[ IoU=0.50:0.95 | area=medium | maxDets=100 ] = 0.526
 Average Recall     (AR) @[ IoU=0.50:0.95 | area= large | maxDets=100 ] = 0.641
best_stat:  {'epoch': 71, 'coco_eval_bbox': 0.26161530018727597}
Epoch: [72]  [  0/809]  eta: 1:44:30  lr: 0.000100  loss: 8.5014 (8.5014)  loss_bbox: 0.0551 (0.0551)  loss_bbox_aux_0: 0.0649 (0.0649)  loss_bbox_aux_1: 0.0583 (0.0583)  loss_bbox_aux_2: 0.0913 (0.0913)  loss_bbox_dn_0: 0.0779 (0.0779)  loss_bbox_dn_1: 0.0595 (0.0595)  loss_bbox_dn_2: 0.0571 (0.0571)  loss_giou: 0.5565 (0.5565)  loss_giou_aux_0: 0.5936 (0.5936)  loss_giou_aux_1: 0.5578 (0.5578)  loss_giou_aux_2: 0.7534 (0.7534)  loss_giou_dn_0: 0.6325 (0.6325)  loss_giou_dn_1: 0.5303 (0.5303)  loss_giou_dn_2: 0.5193 (0.5193)  loss_vfl: 0.6360 (0.6360)  loss_vfl_aux_0: 0.6372 (0.6372)  loss_vfl_aux_1: 0.6567 (0.6567)  loss_vfl_aux_2: 0.6326 (0.6326)  loss_vfl_dn_0: 0.4648 (0.4648)  loss_vfl_dn_1: 0.4392 (0.4392)  loss_vfl_dn_2: 0.4272 (0.4272)  time: 7.7510  data: 1.2811  max mem: 10027
Epoch: [72]  [100/809]  eta: 0:14:13  lr: 0.000100  loss: 9.2990 (9.4024)  loss_bbox: 0.0669 (0.0730)  loss_bbox_aux_0: 0.0739 (0.0763)  loss_bbox_aux_1: 0.0723 (0.0741)  loss_bbox_aux_2: 0.0910 (0.0890)  loss_bbox_dn_0: 0.0515 (0.0477)  loss_bbox_dn_1: 0.0420 (0.0388)  loss_bbox_dn_2: 0.0403 (0.0377)  loss_giou: 0.8285 (0.8553)  loss_giou_aux_0: 0.8418 (0.8816)  loss_giou_aux_1: 0.8383 (0.8650)  loss_giou_aux_2: 0.8939 (0.9502)  loss_giou_dn_0: 0.7026 (0.7152)  loss_giou_dn_1: 0.6233 (0.6320)  loss_giou_dn_2: 0.6142 (0.6223)  loss_vfl: 0.5206 (0.5071)  loss_vfl_aux_0: 0.5531 (0.5340)  loss_vfl_aux_1: 0.5273 (0.5167)  loss_vfl_aux_2: 0.5609 (0.5476)  loss_vfl_dn_0: 0.4673 (0.4684)  loss_vfl_dn_1: 0.4366 (0.4385)  loss_vfl_dn_2: 0.4288 (0.4316)  time: 1.1431  data: 0.0312  max mem: 10027
Epoch: [72]  [200/809]  eta: 0:11:49  lr: 0.000100  loss: 9.1329 (9.4346)  loss_bbox: 0.0672 (0.0744)  loss_bbox_aux_0: 0.0706 (0.0777)  loss_bbox_aux_1: 0.0686 (0.0757)  loss_bbox_aux_2: 0.0797 (0.0890)  loss_bbox_dn_0: 0.0425 (0.0482)  loss_bbox_dn_1: 0.0344 (0.0391)  loss_bbox_dn_2: 0.0320 (0.0380)  loss_giou: 0.8081 (0.8572)  loss_giou_aux_0: 0.8245 (0.8835)  loss_giou_aux_1: 0.8129 (0.8654)  loss_giou_aux_2: 0.8888 (0.9495)  loss_giou_dn_0: 0.6931 (0.7157)  loss_giou_dn_1: 0.6028 (0.6318)  loss_giou_dn_2: 0.5924 (0.6216)  loss_vfl: 0.5217 (0.5112)  loss_vfl_aux_0: 0.5481 (0.5379)  loss_vfl_aux_1: 0.5291 (0.5213)  loss_vfl_aux_2: 0.5697 (0.5540)  loss_vfl_dn_0: 0.4763 (0.4702)  loss_vfl_dn_1: 0.4425 (0.4402)  loss_vfl_dn_2: 0.4282 (0.4330)  time: 1.1328  data: 0.0268  max mem: 10027
Epoch: [72]  [300/809]  eta: 0:09:49  lr: 0.000100  loss: 8.9583 (9.3917)  loss_bbox: 0.0576 (0.0737)  loss_bbox_aux_0: 0.0614 (0.0769)  loss_bbox_aux_1: 0.0581 (0.0749)  loss_bbox_aux_2: 0.0704 (0.0874)  loss_bbox_dn_0: 0.0467 (0.0484)  loss_bbox_dn_1: 0.0368 (0.0393)  loss_bbox_dn_2: 0.0356 (0.0382)  loss_giou: 0.7116 (0.8490)  loss_giou_aux_0: 0.7371 (0.8726)  loss_giou_aux_1: 0.7171 (0.8557)  loss_giou_aux_2: 0.8101 (0.9384)  loss_giou_dn_0: 0.6716 (0.7134)  loss_giou_dn_1: 0.5930 (0.6296)  loss_giou_dn_2: 0.5813 (0.6195)  loss_vfl: 0.5457 (0.5134)  loss_vfl_aux_0: 0.5676 (0.5401)  loss_vfl_aux_1: 0.5593 (0.5237)  loss_vfl_aux_2: 0.5903 (0.5563)  loss_vfl_dn_0: 0.4720 (0.4697)  loss_vfl_dn_1: 0.4375 (0.4394)  loss_vfl_dn_2: 0.4297 (0.4321)  time: 1.1379  data: 0.0303  max mem: 10027
Epoch: [72]  [400/809]  eta: 0:07:52  lr: 0.000100  loss: 9.2359 (9.3887)  loss_bbox: 0.0616 (0.0732)  loss_bbox_aux_0: 0.0673 (0.0767)  loss_bbox_aux_1: 0.0652 (0.0746)  loss_bbox_aux_2: 0.0764 (0.0871)  loss_bbox_dn_0: 0.0471 (0.0488)  loss_bbox_dn_1: 0.0377 (0.0396)  loss_bbox_dn_2: 0.0371 (0.0385)  loss_giou: 0.7835 (0.8467)  loss_giou_aux_0: 0.7910 (0.8688)  loss_giou_aux_1: 0.7857 (0.8524)  loss_giou_aux_2: 0.8629 (0.9366)  loss_giou_dn_0: 0.7017 (0.7133)  loss_giou_dn_1: 0.6191 (0.6292)  loss_giou_dn_2: 0.6143 (0.6189)  loss_vfl: 0.5238 (0.5155)  loss_vfl_aux_0: 0.5504 (0.5424)  loss_vfl_aux_1: 0.5269 (0.5256)  loss_vfl_aux_2: 0.5695 (0.5580)  loss_vfl_dn_0: 0.4697 (0.4705)  loss_vfl_dn_1: 0.4403 (0.4398)  loss_vfl_dn_2: 0.4305 (0.4326)  time: 1.1815  data: 0.0304  max mem: 10027
Epoch: [72]  [500/809]  eta: 0:05:56  lr: 0.000100  loss: 9.1777 (9.3510)  loss_bbox: 0.0597 (0.0721)  loss_bbox_aux_0: 0.0645 (0.0757)  loss_bbox_aux_1: 0.0611 (0.0735)  loss_bbox_aux_2: 0.0738 (0.0860)  loss_bbox_dn_0: 0.0432 (0.0488)  loss_bbox_dn_1: 0.0359 (0.0396)  loss_bbox_dn_2: 0.0355 (0.0384)  loss_giou: 0.7910 (0.8388)  loss_giou_aux_0: 0.8264 (0.8613)  loss_giou_aux_1: 0.8091 (0.8450)  loss_giou_aux_2: 0.9332 (0.9301)  loss_giou_dn_0: 0.7111 (0.7098)  loss_giou_dn_1: 0.6243 (0.6259)  loss_giou_dn_2: 0.6149 (0.6159)  loss_vfl: 0.5170 (0.5172)  loss_vfl_aux_0: 0.5394 (0.5444)  loss_vfl_aux_1: 0.5227 (0.5271)  loss_vfl_aux_2: 0.5454 (0.5600)  loss_vfl_dn_0: 0.4630 (0.4705)  loss_vfl_dn_1: 0.4355 (0.4391)  loss_vfl_dn_2: 0.4255 (0.4319)  time: 1.0908  data: 0.0268  max mem: 10027
Epoch: [72]  [600/809]  eta: 0:04:01  lr: 0.000100  loss: 8.9637 (9.3550)  loss_bbox: 0.0600 (0.0721)  loss_bbox_aux_0: 0.0680 (0.0758)  loss_bbox_aux_1: 0.0641 (0.0735)  loss_bbox_aux_2: 0.0780 (0.0859)  loss_bbox_dn_0: 0.0432 (0.0487)  loss_bbox_dn_1: 0.0353 (0.0395)  loss_bbox_dn_2: 0.0351 (0.0384)  loss_giou: 0.7569 (0.8389)  loss_giou_aux_0: 0.7691 (0.8612)  loss_giou_aux_1: 0.7622 (0.8455)  loss_giou_aux_2: 0.8400 (0.9298)  loss_giou_dn_0: 0.6831 (0.7106)  loss_giou_dn_1: 0.5943 (0.6262)  loss_giou_dn_2: 0.5822 (0.6161)  loss_vfl: 0.5144 (0.5177)  loss_vfl_aux_0: 0.5476 (0.5447)  loss_vfl_aux_1: 0.5210 (0.5274)  loss_vfl_aux_2: 0.5837 (0.5609)  loss_vfl_dn_0: 0.4697 (0.4706)  loss_vfl_dn_1: 0.4398 (0.4395)  loss_vfl_dn_2: 0.4302 (0.4323)  time: 1.1105  data: 0.0280  max mem: 10027
Epoch: [72]  [700/809]  eta: 0:02:05  lr: 0.000100  loss: 9.1223 (9.3247)  loss_bbox: 0.0629 (0.0714)  loss_bbox_aux_0: 0.0639 (0.0752)  loss_bbox_aux_1: 0.0647 (0.0728)  loss_bbox_aux_2: 0.0728 (0.0853)  loss_bbox_dn_0: 0.0500 (0.0491)  loss_bbox_dn_1: 0.0387 (0.0398)  loss_bbox_dn_2: 0.0376 (0.0386)  loss_giou: 0.7457 (0.8320)  loss_giou_aux_0: 0.7612 (0.8542)  loss_giou_aux_1: 0.7695 (0.8386)  loss_giou_aux_2: 0.8773 (0.9238)  loss_giou_dn_0: 0.6739 (0.7085)  loss_giou_dn_1: 0.5898 (0.6239)  loss_giou_dn_2: 0.5750 (0.6136)  loss_vfl: 0.5195 (0.5190)  loss_vfl_aux_0: 0.5570 (0.5462)  loss_vfl_aux_1: 0.5312 (0.5290)  loss_vfl_aux_2: 0.5754 (0.5625)  loss_vfl_dn_0: 0.4730 (0.4704)  loss_vfl_dn_1: 0.4381 (0.4391)  loss_vfl_dn_2: 0.4319 (0.4319)  time: 1.0859  data: 0.0275  max mem: 10027
Epoch: [72]  [800/809]  eta: 0:00:10  lr: 0.000100  loss: 9.2938 (9.3310)  loss_bbox: 0.0661 (0.0717)  loss_bbox_aux_0: 0.0703 (0.0756)  loss_bbox_aux_1: 0.0691 (0.0731)  loss_bbox_aux_2: 0.0786 (0.0855)  loss_bbox_dn_0: 0.0496 (0.0489)  loss_bbox_dn_1: 0.0398 (0.0396)  loss_bbox_dn_2: 0.0373 (0.0384)  loss_giou: 0.8069 (0.8345)  loss_giou_aux_0: 0.8388 (0.8568)  loss_giou_aux_1: 0.8100 (0.8413)  loss_giou_aux_2: 0.9119 (0.9263)  loss_giou_dn_0: 0.7182 (0.7091)  loss_giou_dn_1: 0.6330 (0.6242)  loss_giou_dn_2: 0.6206 (0.6140)  loss_vfl: 0.5239 (0.5180)  loss_vfl_aux_0: 0.5408 (0.5446)  loss_vfl_aux_1: 0.5305 (0.5277)  loss_vfl_aux_2: 0.5551 (0.5607)  loss_vfl_dn_0: 0.4678 (0.4702)  loss_vfl_dn_1: 0.4402 (0.4390)  loss_vfl_dn_2: 0.4351 (0.4318)  time: 1.1461  data: 0.0291  max mem: 10027
Epoch: [72]  [808/809]  eta: 0:00:01  lr: 0.000100  loss: 9.6872 (9.3352)  loss_bbox: 0.0671 (0.0717)  loss_bbox_aux_0: 0.0698 (0.0756)  loss_bbox_aux_1: 0.0689 (0.0731)  loss_bbox_aux_2: 0.0788 (0.0855)  loss_bbox_dn_0: 0.0454 (0.0489)  loss_bbox_dn_1: 0.0373 (0.0396)  loss_bbox_dn_2: 0.0361 (0.0384)  loss_giou: 0.8252 (0.8354)  loss_giou_aux_0: 0.8499 (0.8577)  loss_giou_aux_1: 0.8371 (0.8422)  loss_giou_aux_2: 0.9461 (0.9270)  loss_giou_dn_0: 0.7356 (0.7095)  loss_giou_dn_1: 0.6563 (0.6246)  loss_giou_dn_2: 0.6458 (0.6144)  loss_vfl: 0.5226 (0.5178)  loss_vfl_aux_0: 0.5381 (0.5445)  loss_vfl_aux_1: 0.5305 (0.5276)  loss_vfl_aux_2: 0.5376 (0.5606)  loss_vfl_dn_0: 0.4692 (0.4702)  loss_vfl_dn_1: 0.4464 (0.4390)  loss_vfl_dn_2: 0.4390 (0.4319)  time: 1.0078  data: 0.0268  max mem: 10027
Epoch: [72] Total time: 0:15:25 (1.1438 s / it)
Averaged stats: lr: 0.000100  loss: 9.6872 (9.3352)  loss_bbox: 0.0671 (0.0717)  loss_bbox_aux_0: 0.0698 (0.0756)  loss_bbox_aux_1: 0.0689 (0.0731)  loss_bbox_aux_2: 0.0788 (0.0855)  loss_bbox_dn_0: 0.0454 (0.0489)  loss_bbox_dn_1: 0.0373 (0.0396)  loss_bbox_dn_2: 0.0361 (0.0384)  loss_giou: 0.8252 (0.8354)  loss_giou_aux_0: 0.8499 (0.8577)  loss_giou_aux_1: 0.8371 (0.8422)  loss_giou_aux_2: 0.9461 (0.9270)  loss_giou_dn_0: 0.7356 (0.7095)  loss_giou_dn_1: 0.6563 (0.6246)  loss_giou_dn_2: 0.6458 (0.6144)  loss_vfl: 0.5226 (0.5178)  loss_vfl_aux_0: 0.5381 (0.5445)  loss_vfl_aux_1: 0.5305 (0.5276)  loss_vfl_aux_2: 0.5376 (0.5606)  loss_vfl_dn_0: 0.4692 (0.4702)  loss_vfl_dn_1: 0.4464 (0.4390)  loss_vfl_dn_2: 0.4390 (0.4319)
Test:  [ 0/69]  eta: 0:01:29    time: 1.2951  data: 0.7056  max mem: 10027
Test:  [10/69]  eta: 0:00:43    time: 0.7328  data: 0.0866  max mem: 10027
Test:  [20/69]  eta: 0:00:34    time: 0.6838  data: 0.0245  max mem: 10027
Test:  [30/69]  eta: 0:00:27    time: 0.6711  data: 0.0242  max mem: 10027
Test:  [40/69]  eta: 0:00:20    time: 0.6821  data: 0.0243  max mem: 10027
Test:  [50/69]  eta: 0:00:12    time: 0.6506  data: 0.0246  max mem: 10027
Test:  [60/69]  eta: 0:00:05    time: 0.5951  data: 0.0244  max mem: 10027
Test:  [68/69]  eta: 0:00:00    time: 0.6124  data: 0.0233  max mem: 10027
Test: Total time: 0:00:45 (0.6630 s / it)
Averaged stats: 
Accumulating evaluation results...
DONE (t=2.08s).
IoU metric: bbox
 Average Precision  (AP) @[ IoU=0.50:0.95 | area=   all | maxDets=100 ] = 0.262
 Average Precision  (AP) @[ IoU=0.50      | area=   all | maxDets=100 ] = 0.421
 Average Precision  (AP) @[ IoU=0.75      | area=   all | maxDets=100 ] = 0.270
 Average Precision  (AP) @[ IoU=0.50:0.95 | area= small | maxDets=100 ] = 0.183
 Average Precision  (AP) @[ IoU=0.50:0.95 | area=medium | maxDets=100 ] = 0.348
 Average Precision  (AP) @[ IoU=0.50:0.95 | area= large | maxDets=100 ] = 0.476
 Average Recall     (AR) @[ IoU=0.50:0.95 | area=   all | maxDets=  1 ] = 0.109
 Average Recall     (AR) @[ IoU=0.50:0.95 | area=   all | maxDets= 10 ] = 0.314
 Average Recall     (AR) @[ IoU=0.50:0.95 | area=   all | maxDets=100 ] = 0.422
 Average Recall     (AR) @[ IoU=0.50:0.95 | area= small | maxDets=100 ] = 0.340
 Average Recall     (AR) @[ IoU=0.50:0.95 | area=medium | maxDets=100 ] = 0.527
 Average Recall     (AR) @[ IoU=0.50:0.95 | area= large | maxDets=100 ] = 0.630
best_stat:  {'epoch': 72, 'coco_eval_bbox': 0.2623235966852636}
Epoch: [73]  [  0/809]  eta: 1:34:39  lr: 0.000100  loss: 10.7229 (10.7229)  loss_bbox: 0.0975 (0.0975)  loss_bbox_aux_0: 0.1042 (0.1042)  loss_bbox_aux_1: 0.0966 (0.0966)  loss_bbox_aux_2: 0.1060 (0.1060)  loss_bbox_dn_0: 0.0369 (0.0369)  loss_bbox_dn_1: 0.0323 (0.0323)  loss_bbox_dn_2: 0.0319 (0.0319)  loss_giou: 1.1740 (1.1740)  loss_giou_aux_0: 1.1942 (1.1942)  loss_giou_aux_1: 1.1898 (1.1898)  loss_giou_aux_2: 1.2823 (1.2823)  loss_giou_dn_0: 0.8140 (0.8140)  loss_giou_dn_1: 0.7381 (0.7381)  loss_giou_dn_2: 0.7313 (0.7313)  loss_vfl: 0.4156 (0.4156)  loss_vfl_aux_0: 0.4457 (0.4457)  loss_vfl_aux_1: 0.4303 (0.4303)  loss_vfl_aux_2: 0.4501 (0.4501)  loss_vfl_dn_0: 0.4698 (0.4698)  loss_vfl_dn_1: 0.4448 (0.4448)  loss_vfl_dn_2: 0.4374 (0.4374)  time: 7.0202  data: 2.6644  max mem: 10027
Epoch: [73]  [100/809]  eta: 0:14:09  lr: 0.000100  loss: 9.0104 (9.2298)  loss_bbox: 0.0590 (0.0679)  loss_bbox_aux_0: 0.0625 (0.0707)  loss_bbox_aux_1: 0.0586 (0.0686)  loss_bbox_aux_2: 0.0723 (0.0804)  loss_bbox_dn_0: 0.0469 (0.0476)  loss_bbox_dn_1: 0.0367 (0.0395)  loss_bbox_dn_2: 0.0361 (0.0384)  loss_giou: 0.7472 (0.8123)  loss_giou_aux_0: 0.7894 (0.8328)  loss_giou_aux_1: 0.7729 (0.8188)  loss_giou_aux_2: 0.8510 (0.8991)  loss_giou_dn_0: 0.6738 (0.7007)  loss_giou_dn_1: 0.5923 (0.6199)  loss_giou_dn_2: 0.5810 (0.6099)  loss_vfl: 0.5316 (0.5246)  loss_vfl_aux_0: 0.5662 (0.5522)  loss_vfl_aux_1: 0.5382 (0.5359)  loss_vfl_aux_2: 0.5845 (0.5693)  loss_vfl_dn_0: 0.4706 (0.4699)  loss_vfl_dn_1: 0.4393 (0.4393)  loss_vfl_dn_2: 0.4305 (0.4320)  time: 1.1411  data: 0.0297  max mem: 10027
Epoch: [73]  [200/809]  eta: 0:11:47  lr: 0.000100  loss: 8.8407 (9.1661)  loss_bbox: 0.0563 (0.0671)  loss_bbox_aux_0: 0.0633 (0.0702)  loss_bbox_aux_1: 0.0578 (0.0678)  loss_bbox_aux_2: 0.0746 (0.0807)  loss_bbox_dn_0: 0.0440 (0.0478)  loss_bbox_dn_1: 0.0377 (0.0393)  loss_bbox_dn_2: 0.0363 (0.0382)  loss_giou: 0.7241 (0.8029)  loss_giou_aux_0: 0.7710 (0.8261)  loss_giou_aux_1: 0.7328 (0.8093)  loss_giou_aux_2: 0.8500 (0.8936)  loss_giou_dn_0: 0.6730 (0.6952)  loss_giou_dn_1: 0.5917 (0.6135)  loss_giou_dn_2: 0.5835 (0.6032)  loss_vfl: 0.5452 (0.5236)  loss_vfl_aux_0: 0.5635 (0.5493)  loss_vfl_aux_1: 0.5515 (0.5345)  loss_vfl_aux_2: 0.5757 (0.5672)  loss_vfl_dn_0: 0.4644 (0.4688)  loss_vfl_dn_1: 0.4333 (0.4375)  loss_vfl_dn_2: 0.4263 (0.4303)  time: 1.1109  data: 0.0300  max mem: 10027
Epoch: [73]  [300/809]  eta: 0:09:44  lr: 0.000100  loss: 8.9471 (9.2020)  loss_bbox: 0.0582 (0.0691)  loss_bbox_aux_0: 0.0647 (0.0725)  loss_bbox_aux_1: 0.0612 (0.0701)  loss_bbox_aux_2: 0.0783 (0.0827)  loss_bbox_dn_0: 0.0485 (0.0485)  loss_bbox_dn_1: 0.0382 (0.0397)  loss_bbox_dn_2: 0.0373 (0.0385)  loss_giou: 0.7737 (0.8121)  loss_giou_aux_0: 0.7850 (0.8350)  loss_giou_aux_1: 0.7660 (0.8188)  loss_giou_aux_2: 0.8544 (0.9018)  loss_giou_dn_0: 0.6931 (0.6982)  loss_giou_dn_1: 0.6194 (0.6155)  loss_giou_dn_2: 0.6100 (0.6048)  loss_vfl: 0.5137 (0.5198)  loss_vfl_aux_0: 0.5430 (0.5455)  loss_vfl_aux_1: 0.5277 (0.5310)  loss_vfl_aux_2: 0.5557 (0.5646)  loss_vfl_dn_0: 0.4686 (0.4676)  loss_vfl_dn_1: 0.4331 (0.4366)  loss_vfl_dn_2: 0.4255 (0.4295)  time: 1.0842  data: 0.0288  max mem: 10027
Epoch: [73]  [400/809]  eta: 0:07:45  lr: 0.000100  loss: 9.3131 (9.2008)  loss_bbox: 0.0599 (0.0689)  loss_bbox_aux_0: 0.0680 (0.0727)  loss_bbox_aux_1: 0.0589 (0.0699)  loss_bbox_aux_2: 0.0751 (0.0826)  loss_bbox_dn_0: 0.0454 (0.0492)  loss_bbox_dn_1: 0.0365 (0.0402)  loss_bbox_dn_2: 0.0353 (0.0390)  loss_giou: 0.8115 (0.8068)  loss_giou_aux_0: 0.8430 (0.8306)  loss_giou_aux_1: 0.8190 (0.8138)  loss_giou_aux_2: 0.9154 (0.8971)  loss_giou_dn_0: 0.6989 (0.6981)  loss_giou_dn_1: 0.6244 (0.6144)  loss_giou_dn_2: 0.6180 (0.6037)  loss_vfl: 0.5527 (0.5239)  loss_vfl_aux_0: 0.5847 (0.5498)  loss_vfl_aux_1: 0.5817 (0.5356)  loss_vfl_aux_2: 0.5880 (0.5690)  loss_vfl_dn_0: 0.4718 (0.4684)  loss_vfl_dn_1: 0.4456 (0.4372)  loss_vfl_dn_2: 0.4382 (0.4299)  time: 1.0683  data: 0.0286  max mem: 10027
Epoch: [73]  [500/809]  eta: 0:05:51  lr: 0.000100  loss: 9.3203 (9.2219)  loss_bbox: 0.0618 (0.0684)  loss_bbox_aux_0: 0.0659 (0.0723)  loss_bbox_aux_1: 0.0631 (0.0693)  loss_bbox_aux_2: 0.0772 (0.0818)  loss_bbox_dn_0: 0.0456 (0.0488)  loss_bbox_dn_1: 0.0396 (0.0399)  loss_bbox_dn_2: 0.0390 (0.0388)  loss_giou: 0.8401 (0.8118)  loss_giou_aux_0: 0.8535 (0.8353)  loss_giou_aux_1: 0.8393 (0.8187)  loss_giou_aux_2: 0.9398 (0.9025)  loss_giou_dn_0: 0.7063 (0.7006)  loss_giou_dn_1: 0.6328 (0.6171)  loss_giou_dn_2: 0.6239 (0.6066)  loss_vfl: 0.5117 (0.5229)  loss_vfl_aux_0: 0.5411 (0.5484)  loss_vfl_aux_1: 0.5232 (0.5346)  loss_vfl_aux_2: 0.5566 (0.5676)  loss_vfl_dn_0: 0.4706 (0.4687)  loss_vfl_dn_1: 0.4437 (0.4376)  loss_vfl_dn_2: 0.4391 (0.4303)  time: 1.1327  data: 0.0321  max mem: 10027
Epoch: [73]  [600/809]  eta: 0:03:56  lr: 0.000100  loss: 9.1230 (9.2387)  loss_bbox: 0.0614 (0.0686)  loss_bbox_aux_0: 0.0649 (0.0724)  loss_bbox_aux_1: 0.0623 (0.0695)  loss_bbox_aux_2: 0.0765 (0.0819)  loss_bbox_dn_0: 0.0497 (0.0487)  loss_bbox_dn_1: 0.0403 (0.0397)  loss_bbox_dn_2: 0.0395 (0.0386)  loss_giou: 0.7327 (0.8159)  loss_giou_aux_0: 0.7700 (0.8398)  loss_giou_aux_1: 0.7492 (0.8227)  loss_giou_aux_2: 0.8472 (0.9067)  loss_giou_dn_0: 0.7169 (0.7020)  loss_giou_dn_1: 0.6156 (0.6187)  loss_giou_dn_2: 0.6150 (0.6083)  loss_vfl: 0.5106 (0.5217)  loss_vfl_aux_0: 0.5352 (0.5472)  loss_vfl_aux_1: 0.5265 (0.5332)  loss_vfl_aux_2: 0.5676 (0.5659)  loss_vfl_dn_0: 0.4722 (0.4689)  loss_vfl_dn_1: 0.4403 (0.4378)  loss_vfl_dn_2: 0.4312 (0.4304)  time: 1.1166  data: 0.0323  max mem: 10027
Epoch: [73]  [700/809]  eta: 0:02:03  lr: 0.000100  loss: 9.2269 (9.2495)  loss_bbox: 0.0586 (0.0685)  loss_bbox_aux_0: 0.0629 (0.0724)  loss_bbox_aux_1: 0.0607 (0.0694)  loss_bbox_aux_2: 0.0734 (0.0817)  loss_bbox_dn_0: 0.0430 (0.0483)  loss_bbox_dn_1: 0.0329 (0.0394)  loss_bbox_dn_2: 0.0319 (0.0382)  loss_giou: 0.8250 (0.8199)  loss_giou_aux_0: 0.8521 (0.8438)  loss_giou_aux_1: 0.8266 (0.8264)  loss_giou_aux_2: 0.9109 (0.9110)  loss_giou_dn_0: 0.7201 (0.7032)  loss_giou_dn_1: 0.6316 (0.6198)  loss_giou_dn_2: 0.6259 (0.6094)  loss_vfl: 0.5094 (0.5202)  loss_vfl_aux_0: 0.5229 (0.5451)  loss_vfl_aux_1: 0.5134 (0.5317)  loss_vfl_aux_2: 0.5414 (0.5636)  loss_vfl_dn_0: 0.4689 (0.4689)  loss_vfl_dn_1: 0.4354 (0.4380)  loss_vfl_dn_2: 0.4263 (0.4307)  time: 1.1582  data: 0.0317  max mem: 10027
Epoch: [73]  [800/809]  eta: 0:00:10  lr: 0.000100  loss: 9.2431 (9.2444)  loss_bbox: 0.0645 (0.0688)  loss_bbox_aux_0: 0.0686 (0.0728)  loss_bbox_aux_1: 0.0628 (0.0697)  loss_bbox_aux_2: 0.0742 (0.0820)  loss_bbox_dn_0: 0.0465 (0.0483)  loss_bbox_dn_1: 0.0387 (0.0394)  loss_bbox_dn_2: 0.0375 (0.0382)  loss_giou: 0.7454 (0.8191)  loss_giou_aux_0: 0.7724 (0.8432)  loss_giou_aux_1: 0.7531 (0.8257)  loss_giou_aux_2: 0.8628 (0.9109)  loss_giou_dn_0: 0.6681 (0.7019)  loss_giou_dn_1: 0.5915 (0.6184)  loss_giou_dn_2: 0.5797 (0.6080)  loss_vfl: 0.5447 (0.5204)  loss_vfl_aux_0: 0.5759 (0.5450)  loss_vfl_aux_1: 0.5612 (0.5318)  loss_vfl_aux_2: 0.5959 (0.5634)  loss_vfl_dn_0: 0.4702 (0.4691)  loss_vfl_dn_1: 0.4438 (0.4378)  loss_vfl_dn_2: 0.4354 (0.4305)  time: 1.1205  data: 0.0333  max mem: 10027
Epoch: [73]  [808/809]  eta: 0:00:01  lr: 0.000100  loss: 9.3226 (9.2456)  loss_bbox: 0.0662 (0.0691)  loss_bbox_aux_0: 0.0687 (0.0731)  loss_bbox_aux_1: 0.0628 (0.0700)  loss_bbox_aux_2: 0.0742 (0.0823)  loss_bbox_dn_0: 0.0515 (0.0484)  loss_bbox_dn_1: 0.0423 (0.0395)  loss_bbox_dn_2: 0.0405 (0.0383)  loss_giou: 0.7591 (0.8194)  loss_giou_aux_0: 0.7606 (0.8434)  loss_giou_aux_1: 0.7433 (0.8259)  loss_giou_aux_2: 0.8255 (0.9111)  loss_giou_dn_0: 0.6686 (0.7020)  loss_giou_dn_1: 0.5934 (0.6185)  loss_giou_dn_2: 0.5800 (0.6081)  loss_vfl: 0.5344 (0.5200)  loss_vfl_aux_0: 0.5686 (0.5446)  loss_vfl_aux_1: 0.5535 (0.5314)  loss_vfl_aux_2: 0.5771 (0.5630)  loss_vfl_dn_0: 0.4675 (0.4690)  loss_vfl_dn_1: 0.4377 (0.4378)  loss_vfl_dn_2: 0.4303 (0.4305)  time: 0.9783  data: 0.0305  max mem: 10027
Epoch: [73] Total time: 0:15:15 (1.1314 s / it)
Averaged stats: lr: 0.000100  loss: 9.3226 (9.2456)  loss_bbox: 0.0662 (0.0691)  loss_bbox_aux_0: 0.0687 (0.0731)  loss_bbox_aux_1: 0.0628 (0.0700)  loss_bbox_aux_2: 0.0742 (0.0823)  loss_bbox_dn_0: 0.0515 (0.0484)  loss_bbox_dn_1: 0.0423 (0.0395)  loss_bbox_dn_2: 0.0405 (0.0383)  loss_giou: 0.7591 (0.8194)  loss_giou_aux_0: 0.7606 (0.8434)  loss_giou_aux_1: 0.7433 (0.8259)  loss_giou_aux_2: 0.8255 (0.9111)  loss_giou_dn_0: 0.6686 (0.7020)  loss_giou_dn_1: 0.5934 (0.6185)  loss_giou_dn_2: 0.5800 (0.6081)  loss_vfl: 0.5344 (0.5200)  loss_vfl_aux_0: 0.5686 (0.5446)  loss_vfl_aux_1: 0.5535 (0.5314)  loss_vfl_aux_2: 0.5771 (0.5630)  loss_vfl_dn_0: 0.4675 (0.4690)  loss_vfl_dn_1: 0.4377 (0.4378)  loss_vfl_dn_2: 0.4303 (0.4305)
Test:  [ 0/69]  eta: 0:01:32    time: 1.3364  data: 0.7487  max mem: 10027
Test:  [10/69]  eta: 0:00:43    time: 0.7437  data: 0.0878  max mem: 10027
Test:  [20/69]  eta: 0:00:36    time: 0.7078  data: 0.0221  max mem: 10027
Test:  [30/69]  eta: 0:00:27    time: 0.6884  data: 0.0226  max mem: 10027
Test:  [40/69]  eta: 0:00:20    time: 0.6851  data: 0.0228  max mem: 10027
Test:  [50/69]  eta: 0:00:13    time: 0.6720  data: 0.0238  max mem: 10027
Test:  [60/69]  eta: 0:00:06    time: 0.5948  data: 0.0242  max mem: 10027
Test:  [68/69]  eta: 0:00:00    time: 0.5874  data: 0.0214  max mem: 10027
Test: Total time: 0:00:46 (0.6689 s / it)
Averaged stats: 
Accumulating evaluation results...
DONE (t=2.11s).
IoU metric: bbox
 Average Precision  (AP) @[ IoU=0.50:0.95 | area=   all | maxDets=100 ] = 0.262
 Average Precision  (AP) @[ IoU=0.50      | area=   all | maxDets=100 ] = 0.422
 Average Precision  (AP) @[ IoU=0.75      | area=   all | maxDets=100 ] = 0.269
 Average Precision  (AP) @[ IoU=0.50:0.95 | area= small | maxDets=100 ] = 0.183
 Average Precision  (AP) @[ IoU=0.50:0.95 | area=medium | maxDets=100 ] = 0.347
 Average Precision  (AP) @[ IoU=0.50:0.95 | area= large | maxDets=100 ] = 0.478
 Average Recall     (AR) @[ IoU=0.50:0.95 | area=   all | maxDets=  1 ] = 0.109
 Average Recall     (AR) @[ IoU=0.50:0.95 | area=   all | maxDets= 10 ] = 0.313
 Average Recall     (AR) @[ IoU=0.50:0.95 | area=   all | maxDets=100 ] = 0.422
 Average Recall     (AR) @[ IoU=0.50:0.95 | area= small | maxDets=100 ] = 0.340
 Average Recall     (AR) @[ IoU=0.50:0.95 | area=medium | maxDets=100 ] = 0.527
 Average Recall     (AR) @[ IoU=0.50:0.95 | area= large | maxDets=100 ] = 0.629
best_stat:  {'epoch': 72, 'coco_eval_bbox': 0.2623235966852636}
Epoch: [74]  [  0/809]  eta: 1:31:59  lr: 0.000100  loss: 9.0068 (9.0068)  loss_bbox: 0.0666 (0.0666)  loss_bbox_aux_0: 0.0751 (0.0751)  loss_bbox_aux_1: 0.0709 (0.0709)  loss_bbox_aux_2: 0.0930 (0.0930)  loss_bbox_dn_0: 0.0875 (0.0875)  loss_bbox_dn_1: 0.0765 (0.0765)  loss_bbox_dn_2: 0.0731 (0.0731)  loss_giou: 0.5997 (0.5997)  loss_giou_aux_0: 0.6344 (0.6344)  loss_giou_aux_1: 0.6168 (0.6168)  loss_giou_aux_2: 0.7337 (0.7337)  loss_giou_dn_0: 0.7298 (0.7298)  loss_giou_dn_1: 0.6370 (0.6370)  loss_giou_dn_2: 0.6282 (0.6282)  loss_vfl: 0.6304 (0.6304)  loss_vfl_aux_0: 0.6384 (0.6384)  loss_vfl_aux_1: 0.6179 (0.6179)  loss_vfl_aux_2: 0.6404 (0.6404)  loss_vfl_dn_0: 0.4774 (0.4774)  loss_vfl_dn_1: 0.4448 (0.4448)  loss_vfl_dn_2: 0.4352 (0.4352)  time: 6.8232  data: 2.8413  max mem: 10027
Epoch: [74]  [100/809]  eta: 0:14:22  lr: 0.000100  loss: 9.1186 (9.2443)  loss_bbox: 0.0592 (0.0657)  loss_bbox_aux_0: 0.0602 (0.0687)  loss_bbox_aux_1: 0.0604 (0.0661)  loss_bbox_aux_2: 0.0722 (0.0790)  loss_bbox_dn_0: 0.0461 (0.0492)  loss_bbox_dn_1: 0.0372 (0.0400)  loss_bbox_dn_2: 0.0363 (0.0387)  loss_giou: 0.7205 (0.8143)  loss_giou_aux_0: 0.7588 (0.8401)  loss_giou_aux_1: 0.7339 (0.8200)  loss_giou_aux_2: 0.8284 (0.9095)  loss_giou_dn_0: 0.6850 (0.7065)  loss_giou_dn_1: 0.6045 (0.6213)  loss_giou_dn_2: 0.5966 (0.6107)  loss_vfl: 0.5178 (0.5255)  loss_vfl_aux_0: 0.5457 (0.5519)  loss_vfl_aux_1: 0.5457 (0.5386)  loss_vfl_aux_2: 0.5608 (0.5676)  loss_vfl_dn_0: 0.4719 (0.4672)  loss_vfl_dn_1: 0.4447 (0.4353)  loss_vfl_dn_2: 0.4357 (0.4280)  time: 1.1242  data: 0.0279  max mem: 10027
Epoch: [74]  [200/809]  eta: 0:11:56  lr: 0.000100  loss: 9.3433 (9.2665)  loss_bbox: 0.0633 (0.0672)  loss_bbox_aux_0: 0.0641 (0.0702)  loss_bbox_aux_1: 0.0631 (0.0677)  loss_bbox_aux_2: 0.0751 (0.0799)  loss_bbox_dn_0: 0.0429 (0.0483)  loss_bbox_dn_1: 0.0352 (0.0394)  loss_bbox_dn_2: 0.0340 (0.0381)  loss_giou: 0.8339 (0.8229)  loss_giou_aux_0: 0.8444 (0.8487)  loss_giou_aux_1: 0.8389 (0.8298)  loss_giou_aux_2: 0.9134 (0.9161)  loss_giou_dn_0: 0.6938 (0.7039)  loss_giou_dn_1: 0.6088 (0.6204)  loss_giou_dn_2: 0.6017 (0.6099)  loss_vfl: 0.5382 (0.5221)  loss_vfl_aux_0: 0.5663 (0.5474)  loss_vfl_aux_1: 0.5527 (0.5338)  loss_vfl_aux_2: 0.5801 (0.5646)  loss_vfl_dn_0: 0.4745 (0.4689)  loss_vfl_dn_1: 0.4447 (0.4371)  loss_vfl_dn_2: 0.4355 (0.4302)  time: 1.0761  data: 0.0264  max mem: 10027
Epoch: [74]  [300/809]  eta: 0:09:51  lr: 0.000100  loss: 9.5593 (9.2841)  loss_bbox: 0.0673 (0.0676)  loss_bbox_aux_0: 0.0709 (0.0710)  loss_bbox_aux_1: 0.0680 (0.0683)  loss_bbox_aux_2: 0.0776 (0.0805)  loss_bbox_dn_0: 0.0395 (0.0482)  loss_bbox_dn_1: 0.0339 (0.0393)  loss_bbox_dn_2: 0.0327 (0.0380)  loss_giou: 0.8359 (0.8263)  loss_giou_aux_0: 0.8747 (0.8514)  loss_giou_aux_1: 0.8440 (0.8333)  loss_giou_aux_2: 0.9039 (0.9190)  loss_giou_dn_0: 0.7164 (0.7055)  loss_giou_dn_1: 0.6374 (0.6228)  loss_giou_dn_2: 0.6308 (0.6125)  loss_vfl: 0.5205 (0.5215)  loss_vfl_aux_0: 0.5383 (0.5458)  loss_vfl_aux_1: 0.5273 (0.5326)  loss_vfl_aux_2: 0.5435 (0.5614)  loss_vfl_dn_0: 0.4717 (0.4695)  loss_vfl_dn_1: 0.4399 (0.4383)  loss_vfl_dn_2: 0.4329 (0.4314)  time: 1.1094  data: 0.0263  max mem: 10027
Epoch: [74]  [400/809]  eta: 0:07:53  lr: 0.000100  loss: 9.1112 (9.2580)  loss_bbox: 0.0576 (0.0678)  loss_bbox_aux_0: 0.0643 (0.0712)  loss_bbox_aux_1: 0.0589 (0.0685)  loss_bbox_aux_2: 0.0743 (0.0811)  loss_bbox_dn_0: 0.0456 (0.0489)  loss_bbox_dn_1: 0.0374 (0.0396)  loss_bbox_dn_2: 0.0373 (0.0384)  loss_giou: 0.7588 (0.8184)  loss_giou_aux_0: 0.7980 (0.8439)  loss_giou_aux_1: 0.7786 (0.8254)  loss_giou_aux_2: 0.8591 (0.9114)  loss_giou_dn_0: 0.6958 (0.7031)  loss_giou_dn_1: 0.6094 (0.6190)  loss_giou_dn_2: 0.5973 (0.6085)  loss_vfl: 0.5149 (0.5238)  loss_vfl_aux_0: 0.5363 (0.5486)  loss_vfl_aux_1: 0.5228 (0.5352)  loss_vfl_aux_2: 0.5626 (0.5651)  loss_vfl_dn_0: 0.4642 (0.4701)  loss_vfl_dn_1: 0.4380 (0.4386)  loss_vfl_dn_2: 0.4274 (0.4314)  time: 1.1293  data: 0.0311  max mem: 10027
Epoch: [74]  [500/809]  eta: 0:05:55  lr: 0.000100  loss: 9.3260 (9.2394)  loss_bbox: 0.0621 (0.0677)  loss_bbox_aux_0: 0.0714 (0.0714)  loss_bbox_aux_1: 0.0636 (0.0685)  loss_bbox_aux_2: 0.0806 (0.0812)  loss_bbox_dn_0: 0.0493 (0.0487)  loss_bbox_dn_1: 0.0397 (0.0395)  loss_bbox_dn_2: 0.0389 (0.0382)  loss_giou: 0.8647 (0.8151)  loss_giou_aux_0: 0.8942 (0.8412)  loss_giou_aux_1: 0.8712 (0.8224)  loss_giou_aux_2: 0.9615 (0.9086)  loss_giou_dn_0: 0.7310 (0.7012)  loss_giou_dn_1: 0.6320 (0.6170)  loss_giou_dn_2: 0.6238 (0.6065)  loss_vfl: 0.5315 (0.5238)  loss_vfl_aux_0: 0.5373 (0.5485)  loss_vfl_aux_1: 0.5331 (0.5350)  loss_vfl_aux_2: 0.5583 (0.5653)  loss_vfl_dn_0: 0.4697 (0.4700)  loss_vfl_dn_1: 0.4342 (0.4383)  loss_vfl_dn_2: 0.4257 (0.4312)  time: 1.1002  data: 0.0292  max mem: 10027
Epoch: [74]  [600/809]  eta: 0:03:59  lr: 0.000100  loss: 9.1509 (9.2419)  loss_bbox: 0.0575 (0.0683)  loss_bbox_aux_0: 0.0670 (0.0721)  loss_bbox_aux_1: 0.0610 (0.0690)  loss_bbox_aux_2: 0.0822 (0.0820)  loss_bbox_dn_0: 0.0459 (0.0489)  loss_bbox_dn_1: 0.0376 (0.0397)  loss_bbox_dn_2: 0.0364 (0.0384)  loss_giou: 0.8199 (0.8149)  loss_giou_aux_0: 0.8479 (0.8409)  loss_giou_aux_1: 0.8431 (0.8224)  loss_giou_aux_2: 0.9178 (0.9094)  loss_giou_dn_0: 0.6927 (0.7018)  loss_giou_dn_1: 0.6074 (0.6172)  loss_giou_dn_2: 0.5993 (0.6065)  loss_vfl: 0.5035 (0.5236)  loss_vfl_aux_0: 0.5342 (0.5483)  loss_vfl_aux_1: 0.5153 (0.5345)  loss_vfl_aux_2: 0.5500 (0.5645)  loss_vfl_dn_0: 0.4714 (0.4699)  loss_vfl_dn_1: 0.4427 (0.4384)  loss_vfl_dn_2: 0.4346 (0.4314)  time: 1.0850  data: 0.0284  max mem: 10027
Epoch: [74]  [700/809]  eta: 0:02:05  lr: 0.000100  loss: 9.1682 (9.2609)  loss_bbox: 0.0613 (0.0685)  loss_bbox_aux_0: 0.0648 (0.0723)  loss_bbox_aux_1: 0.0622 (0.0692)  loss_bbox_aux_2: 0.0786 (0.0823)  loss_bbox_dn_0: 0.0441 (0.0490)  loss_bbox_dn_1: 0.0342 (0.0396)  loss_bbox_dn_2: 0.0334 (0.0384)  loss_giou: 0.8041 (0.8185)  loss_giou_aux_0: 0.8399 (0.8448)  loss_giou_aux_1: 0.8206 (0.8263)  loss_giou_aux_2: 0.8943 (0.9133)  loss_giou_dn_0: 0.7125 (0.7035)  loss_giou_dn_1: 0.6329 (0.6188)  loss_giou_dn_2: 0.6216 (0.6081)  loss_vfl: 0.5094 (0.5230)  loss_vfl_aux_0: 0.5365 (0.5477)  loss_vfl_aux_1: 0.5216 (0.5338)  loss_vfl_aux_2: 0.5374 (0.5635)  loss_vfl_dn_0: 0.4673 (0.4700)  loss_vfl_dn_1: 0.4380 (0.4388)  loss_vfl_dn_2: 0.4296 (0.4317)  time: 1.1766  data: 0.0331  max mem: 10027
Epoch: [74]  [800/809]  eta: 0:00:10  lr: 0.000100  loss: 9.6140 (9.2762)  loss_bbox: 0.0660 (0.0691)  loss_bbox_aux_0: 0.0703 (0.0728)  loss_bbox_aux_1: 0.0677 (0.0698)  loss_bbox_aux_2: 0.0766 (0.0827)  loss_bbox_dn_0: 0.0412 (0.0486)  loss_bbox_dn_1: 0.0332 (0.0394)  loss_bbox_dn_2: 0.0322 (0.0381)  loss_giou: 0.8375 (0.8233)  loss_giou_aux_0: 0.8529 (0.8491)  loss_giou_aux_1: 0.8303 (0.8308)  loss_giou_aux_2: 0.9093 (0.9175)  loss_giou_dn_0: 0.6981 (0.7044)  loss_giou_dn_1: 0.6252 (0.6199)  loss_giou_dn_2: 0.6144 (0.6093)  loss_vfl: 0.5050 (0.5212)  loss_vfl_aux_0: 0.5336 (0.5457)  loss_vfl_aux_1: 0.5139 (0.5319)  loss_vfl_aux_2: 0.5654 (0.5616)  loss_vfl_dn_0: 0.4678 (0.4701)  loss_vfl_dn_1: 0.4420 (0.4391)  loss_vfl_dn_2: 0.4351 (0.4320)  time: 1.1495  data: 0.0376  max mem: 10027
Epoch: [74]  [808/809]  eta: 0:00:01  lr: 0.000100  loss: 9.1517 (9.2718)  loss_bbox: 0.0658 (0.0690)  loss_bbox_aux_0: 0.0666 (0.0727)  loss_bbox_aux_1: 0.0661 (0.0697)  loss_bbox_aux_2: 0.0776 (0.0827)  loss_bbox_dn_0: 0.0427 (0.0487)  loss_bbox_dn_1: 0.0351 (0.0395)  loss_bbox_dn_2: 0.0341 (0.0382)  loss_giou: 0.8081 (0.8221)  loss_giou_aux_0: 0.8127 (0.8478)  loss_giou_aux_1: 0.8076 (0.8296)  loss_giou_aux_2: 0.8879 (0.9164)  loss_giou_dn_0: 0.6969 (0.7040)  loss_giou_dn_1: 0.6178 (0.6195)  loss_giou_dn_2: 0.6169 (0.6089)  loss_vfl: 0.5314 (0.5215)  loss_vfl_aux_0: 0.5447 (0.5461)  loss_vfl_aux_1: 0.5348 (0.5322)  loss_vfl_aux_2: 0.5654 (0.5619)  loss_vfl_dn_0: 0.4695 (0.4702)  loss_vfl_dn_1: 0.4417 (0.4391)  loss_vfl_dn_2: 0.4336 (0.4320)  time: 0.9513  data: 0.0314  max mem: 10027
Epoch: [74] Total time: 0:15:26 (1.1446 s / it)
Averaged stats: lr: 0.000100  loss: 9.1517 (9.2718)  loss_bbox: 0.0658 (0.0690)  loss_bbox_aux_0: 0.0666 (0.0727)  loss_bbox_aux_1: 0.0661 (0.0697)  loss_bbox_aux_2: 0.0776 (0.0827)  loss_bbox_dn_0: 0.0427 (0.0487)  loss_bbox_dn_1: 0.0351 (0.0395)  loss_bbox_dn_2: 0.0341 (0.0382)  loss_giou: 0.8081 (0.8221)  loss_giou_aux_0: 0.8127 (0.8478)  loss_giou_aux_1: 0.8076 (0.8296)  loss_giou_aux_2: 0.8879 (0.9164)  loss_giou_dn_0: 0.6969 (0.7040)  loss_giou_dn_1: 0.6178 (0.6195)  loss_giou_dn_2: 0.6169 (0.6089)  loss_vfl: 0.5314 (0.5215)  loss_vfl_aux_0: 0.5447 (0.5461)  loss_vfl_aux_1: 0.5348 (0.5322)  loss_vfl_aux_2: 0.5654 (0.5619)  loss_vfl_dn_0: 0.4695 (0.4702)  loss_vfl_dn_1: 0.4417 (0.4391)  loss_vfl_dn_2: 0.4336 (0.4320)
Test:  [ 0/69]  eta: 0:01:45    time: 1.5353  data: 0.7293  max mem: 10027
Test:  [10/69]  eta: 0:00:44    time: 0.7532  data: 0.0842  max mem: 10027
Test:  [20/69]  eta: 0:00:35    time: 0.6911  data: 0.0215  max mem: 10027
Test:  [30/69]  eta: 0:00:27    time: 0.6855  data: 0.0232  max mem: 10027
Test:  [40/69]  eta: 0:00:20    time: 0.6980  data: 0.0230  max mem: 10027
Test:  [50/69]  eta: 0:00:13    time: 0.6595  data: 0.0224  max mem: 10027
Test:  [60/69]  eta: 0:00:06    time: 0.5948  data: 0.0232  max mem: 10027
Test:  [68/69]  eta: 0:00:00    time: 0.6101  data: 0.0227  max mem: 10027
Test: Total time: 0:00:46 (0.6723 s / it)
Averaged stats: 
Accumulating evaluation results...
DONE (t=2.18s).
IoU metric: bbox
 Average Precision  (AP) @[ IoU=0.50:0.95 | area=   all | maxDets=100 ] = 0.263
 Average Precision  (AP) @[ IoU=0.50      | area=   all | maxDets=100 ] = 0.423
 Average Precision  (AP) @[ IoU=0.75      | area=   all | maxDets=100 ] = 0.271
 Average Precision  (AP) @[ IoU=0.50:0.95 | area= small | maxDets=100 ] = 0.183
 Average Precision  (AP) @[ IoU=0.50:0.95 | area=medium | maxDets=100 ] = 0.349
 Average Precision  (AP) @[ IoU=0.50:0.95 | area= large | maxDets=100 ] = 0.473
 Average Recall     (AR) @[ IoU=0.50:0.95 | area=   all | maxDets=  1 ] = 0.111
 Average Recall     (AR) @[ IoU=0.50:0.95 | area=   all | maxDets= 10 ] = 0.313
 Average Recall     (AR) @[ IoU=0.50:0.95 | area=   all | maxDets=100 ] = 0.422
 Average Recall     (AR) @[ IoU=0.50:0.95 | area= small | maxDets=100 ] = 0.340
 Average Recall     (AR) @[ IoU=0.50:0.95 | area=medium | maxDets=100 ] = 0.526
 Average Recall     (AR) @[ IoU=0.50:0.95 | area= large | maxDets=100 ] = 0.634
best_stat:  {'epoch': 74, 'coco_eval_bbox': 0.26284425969513564}
Epoch: [75]  [  0/809]  eta: 1:35:11  lr: 0.000100  loss: 9.6305 (9.6305)  loss_bbox: 0.0525 (0.0525)  loss_bbox_aux_0: 0.0532 (0.0532)  loss_bbox_aux_1: 0.0512 (0.0512)  loss_bbox_aux_2: 0.0701 (0.0701)  loss_bbox_dn_0: 0.0334 (0.0334)  loss_bbox_dn_1: 0.0265 (0.0265)  loss_bbox_dn_2: 0.0259 (0.0259)  loss_giou: 0.9403 (0.9403)  loss_giou_aux_0: 0.9774 (0.9774)  loss_giou_aux_1: 0.9444 (0.9444)  loss_giou_aux_2: 1.0081 (1.0081)  loss_giou_dn_0: 0.7677 (0.7677)  loss_giou_dn_1: 0.6871 (0.6871)  loss_giou_dn_2: 0.6784 (0.6784)  loss_vfl: 0.4927 (0.4927)  loss_vfl_aux_0: 0.5043 (0.5043)  loss_vfl_aux_1: 0.4968 (0.4968)  loss_vfl_aux_2: 0.4994 (0.4994)  loss_vfl_dn_0: 0.4614 (0.4614)  loss_vfl_dn_1: 0.4352 (0.4352)  loss_vfl_dn_2: 0.4245 (0.4245)  time: 7.0596  data: 3.5943  max mem: 10027
Epoch: [75]  [100/809]  eta: 0:14:33  lr: 0.000100  loss: 9.2784 (9.1888)  loss_bbox: 0.0587 (0.0659)  loss_bbox_aux_0: 0.0629 (0.0692)  loss_bbox_aux_1: 0.0584 (0.0664)  loss_bbox_aux_2: 0.0715 (0.0809)  loss_bbox_dn_0: 0.0436 (0.0479)  loss_bbox_dn_1: 0.0336 (0.0386)  loss_bbox_dn_2: 0.0326 (0.0374)  loss_giou: 0.8582 (0.8083)  loss_giou_aux_0: 0.8839 (0.8371)  loss_giou_aux_1: 0.8604 (0.8172)  loss_giou_aux_2: 0.9594 (0.9053)  loss_giou_dn_0: 0.7011 (0.6999)  loss_giou_dn_1: 0.6153 (0.6139)  loss_giou_dn_2: 0.6016 (0.6041)  loss_vfl: 0.5178 (0.5228)  loss_vfl_aux_0: 0.5436 (0.5477)  loss_vfl_aux_1: 0.5217 (0.5339)  loss_vfl_aux_2: 0.5449 (0.5645)  loss_vfl_dn_0: 0.4667 (0.4668)  loss_vfl_dn_1: 0.4365 (0.4343)  loss_vfl_dn_2: 0.4274 (0.4266)  time: 1.1551  data: 0.0343  max mem: 10027
Epoch: [75]  [200/809]  eta: 0:12:05  lr: 0.000100  loss: 9.4950 (9.2261)  loss_bbox: 0.0678 (0.0684)  loss_bbox_aux_0: 0.0680 (0.0715)  loss_bbox_aux_1: 0.0692 (0.0689)  loss_bbox_aux_2: 0.0787 (0.0824)  loss_bbox_dn_0: 0.0496 (0.0481)  loss_bbox_dn_1: 0.0401 (0.0389)  loss_bbox_dn_2: 0.0386 (0.0377)  loss_giou: 0.8477 (0.8156)  loss_giou_aux_0: 0.8608 (0.8419)  loss_giou_aux_1: 0.8537 (0.8229)  loss_giou_aux_2: 0.9387 (0.9113)  loss_giou_dn_0: 0.7098 (0.7008)  loss_giou_dn_1: 0.6276 (0.6155)  loss_giou_dn_2: 0.6142 (0.6052)  loss_vfl: 0.5475 (0.5217)  loss_vfl_aux_0: 0.5621 (0.5466)  loss_vfl_aux_1: 0.5466 (0.5327)  loss_vfl_aux_2: 0.5647 (0.5619)  loss_vfl_dn_0: 0.4677 (0.4684)  loss_vfl_dn_1: 0.4479 (0.4366)  loss_vfl_dn_2: 0.4396 (0.4291)  time: 1.1750  data: 0.0358  max mem: 10027
Epoch: [75]  [300/809]  eta: 0:09:56  lr: 0.000100  loss: 8.9554 (9.2318)  loss_bbox: 0.0683 (0.0697)  loss_bbox_aux_0: 0.0731 (0.0730)  loss_bbox_aux_1: 0.0709 (0.0704)  loss_bbox_aux_2: 0.0821 (0.0836)  loss_bbox_dn_0: 0.0465 (0.0486)  loss_bbox_dn_1: 0.0384 (0.0393)  loss_bbox_dn_2: 0.0373 (0.0382)  loss_giou: 0.7865 (0.8174)  loss_giou_aux_0: 0.8026 (0.8433)  loss_giou_aux_1: 0.7999 (0.8242)  loss_giou_aux_2: 0.8775 (0.9121)  loss_giou_dn_0: 0.6984 (0.7006)  loss_giou_dn_1: 0.6171 (0.6157)  loss_giou_dn_2: 0.6093 (0.6054)  loss_vfl: 0.5219 (0.5193)  loss_vfl_aux_0: 0.5327 (0.5444)  loss_vfl_aux_1: 0.5215 (0.5305)  loss_vfl_aux_2: 0.5619 (0.5597)  loss_vfl_dn_0: 0.4750 (0.4692)  loss_vfl_dn_1: 0.4471 (0.4372)  loss_vfl_dn_2: 0.4413 (0.4301)  time: 1.1422  data: 0.0346  max mem: 10027
Epoch: [75]  [400/809]  eta: 0:07:56  lr: 0.000100  loss: 9.5432 (9.2284)  loss_bbox: 0.0668 (0.0698)  loss_bbox_aux_0: 0.0730 (0.0735)  loss_bbox_aux_1: 0.0678 (0.0707)  loss_bbox_aux_2: 0.0768 (0.0839)  loss_bbox_dn_0: 0.0453 (0.0490)  loss_bbox_dn_1: 0.0359 (0.0397)  loss_bbox_dn_2: 0.0350 (0.0385)  loss_giou: 0.8456 (0.8125)  loss_giou_aux_0: 0.8737 (0.8385)  loss_giou_aux_1: 0.8507 (0.8193)  loss_giou_aux_2: 0.9163 (0.9085)  loss_giou_dn_0: 0.7045 (0.6981)  loss_giou_dn_1: 0.6075 (0.6140)  loss_giou_dn_2: 0.6004 (0.6035)  loss_vfl: 0.5205 (0.5234)  loss_vfl_aux_0: 0.5510 (0.5487)  loss_vfl_aux_1: 0.5275 (0.5342)  loss_vfl_aux_2: 0.5503 (0.5641)  loss_vfl_dn_0: 0.4760 (0.4700)  loss_vfl_dn_1: 0.4409 (0.4378)  loss_vfl_dn_2: 0.4324 (0.4308)  time: 1.1561  data: 0.0300  max mem: 10027
Epoch: [75]  [500/809]  eta: 0:05:59  lr: 0.000100  loss: 8.9401 (9.2174)  loss_bbox: 0.0670 (0.0695)  loss_bbox_aux_0: 0.0714 (0.0734)  loss_bbox_aux_1: 0.0700 (0.0706)  loss_bbox_aux_2: 0.0832 (0.0835)  loss_bbox_dn_0: 0.0479 (0.0490)  loss_bbox_dn_1: 0.0388 (0.0398)  loss_bbox_dn_2: 0.0378 (0.0386)  loss_giou: 0.7387 (0.8095)  loss_giou_aux_0: 0.7587 (0.8353)  loss_giou_aux_1: 0.7333 (0.8167)  loss_giou_aux_2: 0.8543 (0.9049)  loss_giou_dn_0: 0.6675 (0.6978)  loss_giou_dn_1: 0.5866 (0.6139)  loss_giou_dn_2: 0.5725 (0.6033)  loss_vfl: 0.5341 (0.5241)  loss_vfl_aux_0: 0.5547 (0.5489)  loss_vfl_aux_1: 0.5410 (0.5345)  loss_vfl_aux_2: 0.5852 (0.5655)  loss_vfl_dn_0: 0.4662 (0.4701)  loss_vfl_dn_1: 0.4369 (0.4378)  loss_vfl_dn_2: 0.4319 (0.4307)  time: 1.1478  data: 0.0299  max mem: 10027
Epoch: [75]  [600/809]  eta: 0:04:03  lr: 0.000100  loss: 9.4438 (9.2419)  loss_bbox: 0.0621 (0.0697)  loss_bbox_aux_0: 0.0659 (0.0735)  loss_bbox_aux_1: 0.0651 (0.0708)  loss_bbox_aux_2: 0.0729 (0.0834)  loss_bbox_dn_0: 0.0417 (0.0486)  loss_bbox_dn_1: 0.0344 (0.0395)  loss_bbox_dn_2: 0.0341 (0.0384)  loss_giou: 0.8466 (0.8151)  loss_giou_aux_0: 0.8667 (0.8411)  loss_giou_aux_1: 0.8538 (0.8223)  loss_giou_aux_2: 0.9594 (0.9102)  loss_giou_dn_0: 0.7174 (0.7000)  loss_giou_dn_1: 0.6404 (0.6166)  loss_giou_dn_2: 0.6307 (0.6060)  loss_vfl: 0.5217 (0.5232)  loss_vfl_aux_0: 0.5343 (0.5473)  loss_vfl_aux_1: 0.5283 (0.5335)  loss_vfl_aux_2: 0.5513 (0.5633)  loss_vfl_dn_0: 0.4685 (0.4700)  loss_vfl_dn_1: 0.4398 (0.4382)  loss_vfl_dn_2: 0.4315 (0.4311)  time: 1.1742  data: 0.0290  max mem: 10027
Epoch: [75]  [700/809]  eta: 0:02:06  lr: 0.000100  loss: 8.8205 (9.2268)  loss_bbox: 0.0610 (0.0690)  loss_bbox_aux_0: 0.0673 (0.0729)  loss_bbox_aux_1: 0.0629 (0.0701)  loss_bbox_aux_2: 0.0730 (0.0829)  loss_bbox_dn_0: 0.0478 (0.0488)  loss_bbox_dn_1: 0.0403 (0.0397)  loss_bbox_dn_2: 0.0393 (0.0386)  loss_giou: 0.7010 (0.8109)  loss_giou_aux_0: 0.7227 (0.8367)  loss_giou_aux_1: 0.7011 (0.8183)  loss_giou_aux_2: 0.8088 (0.9062)  loss_giou_dn_0: 0.6609 (0.6988)  loss_giou_dn_1: 0.5788 (0.6153)  loss_giou_dn_2: 0.5630 (0.6048)  loss_vfl: 0.5518 (0.5251)  loss_vfl_aux_0: 0.5679 (0.5492)  loss_vfl_aux_1: 0.5613 (0.5351)  loss_vfl_aux_2: 0.5951 (0.5652)  loss_vfl_dn_0: 0.4729 (0.4700)  loss_vfl_dn_1: 0.4409 (0.4381)  loss_vfl_dn_2: 0.4332 (0.4310)  time: 1.1393  data: 0.0316  max mem: 10027
Epoch: [75]  [800/809]  eta: 0:00:10  lr: 0.000100  loss: 8.9160 (9.2268)  loss_bbox: 0.0598 (0.0687)  loss_bbox_aux_0: 0.0653 (0.0727)  loss_bbox_aux_1: 0.0641 (0.0698)  loss_bbox_aux_2: 0.0736 (0.0825)  loss_bbox_dn_0: 0.0475 (0.0487)  loss_bbox_dn_1: 0.0394 (0.0397)  loss_bbox_dn_2: 0.0384 (0.0385)  loss_giou: 0.7371 (0.8116)  loss_giou_aux_0: 0.7798 (0.8372)  loss_giou_aux_1: 0.7352 (0.8190)  loss_giou_aux_2: 0.8659 (0.9059)  loss_giou_dn_0: 0.6726 (0.6990)  loss_giou_dn_1: 0.5978 (0.6157)  loss_giou_dn_2: 0.5831 (0.6053)  loss_vfl: 0.5236 (0.5249)  loss_vfl_aux_0: 0.5408 (0.5486)  loss_vfl_aux_1: 0.5391 (0.5349)  loss_vfl_aux_2: 0.5623 (0.5649)  loss_vfl_dn_0: 0.4657 (0.4699)  loss_vfl_dn_1: 0.4352 (0.4381)  loss_vfl_dn_2: 0.4259 (0.4310)  time: 1.1440  data: 0.0317  max mem: 10027
Epoch: [75]  [808/809]  eta: 0:00:01  lr: 0.000100  loss: 9.0830 (9.2283)  loss_bbox: 0.0677 (0.0689)  loss_bbox_aux_0: 0.0675 (0.0729)  loss_bbox_aux_1: 0.0683 (0.0700)  loss_bbox_aux_2: 0.0745 (0.0827)  loss_bbox_dn_0: 0.0480 (0.0487)  loss_bbox_dn_1: 0.0394 (0.0397)  loss_bbox_dn_2: 0.0384 (0.0385)  loss_giou: 0.7973 (0.8119)  loss_giou_aux_0: 0.8197 (0.8376)  loss_giou_aux_1: 0.8035 (0.8193)  loss_giou_aux_2: 0.8807 (0.9063)  loss_giou_dn_0: 0.6852 (0.6989)  loss_giou_dn_1: 0.6131 (0.6157)  loss_giou_dn_2: 0.5988 (0.6053)  loss_vfl: 0.5234 (0.5248)  loss_vfl_aux_0: 0.5483 (0.5485)  loss_vfl_aux_1: 0.5391 (0.5347)  loss_vfl_aux_2: 0.5623 (0.5648)  loss_vfl_dn_0: 0.4698 (0.4699)  loss_vfl_dn_1: 0.4347 (0.4381)  loss_vfl_dn_2: 0.4270 (0.4310)  time: 1.0140  data: 0.0297  max mem: 10027
Epoch: [75] Total time: 0:15:30 (1.1505 s / it)
Averaged stats: lr: 0.000100  loss: 9.0830 (9.2283)  loss_bbox: 0.0677 (0.0689)  loss_bbox_aux_0: 0.0675 (0.0729)  loss_bbox_aux_1: 0.0683 (0.0700)  loss_bbox_aux_2: 0.0745 (0.0827)  loss_bbox_dn_0: 0.0480 (0.0487)  loss_bbox_dn_1: 0.0394 (0.0397)  loss_bbox_dn_2: 0.0384 (0.0385)  loss_giou: 0.7973 (0.8119)  loss_giou_aux_0: 0.8197 (0.8376)  loss_giou_aux_1: 0.8035 (0.8193)  loss_giou_aux_2: 0.8807 (0.9063)  loss_giou_dn_0: 0.6852 (0.6989)  loss_giou_dn_1: 0.6131 (0.6157)  loss_giou_dn_2: 0.5988 (0.6053)  loss_vfl: 0.5234 (0.5248)  loss_vfl_aux_0: 0.5483 (0.5485)  loss_vfl_aux_1: 0.5391 (0.5347)  loss_vfl_aux_2: 0.5623 (0.5648)  loss_vfl_dn_0: 0.4698 (0.4699)  loss_vfl_dn_1: 0.4347 (0.4381)  loss_vfl_dn_2: 0.4270 (0.4310)
Test:  [ 0/69]  eta: 0:01:24    time: 1.2204  data: 0.6276  max mem: 10027
Test:  [10/69]  eta: 0:00:44    time: 0.7548  data: 0.0784  max mem: 10027
Test:  [20/69]  eta: 0:00:36    time: 0.7303  data: 0.0237  max mem: 10027
Test:  [30/69]  eta: 0:00:28    time: 0.7142  data: 0.0248  max mem: 10027
Test:  [40/69]  eta: 0:00:21    time: 0.7051  data: 0.0246  max mem: 10027
Test:  [50/69]  eta: 0:00:13    time: 0.6868  data: 0.0240  max mem: 10027
Test:  [60/69]  eta: 0:00:06    time: 0.6048  data: 0.0225  max mem: 10027
Test:  [68/69]  eta: 0:00:00    time: 0.5948  data: 0.0206  max mem: 10027
Test: Total time: 0:00:47 (0.6830 s / it)
Averaged stats: 
Accumulating evaluation results...
DONE (t=2.13s).
IoU metric: bbox
 Average Precision  (AP) @[ IoU=0.50:0.95 | area=   all | maxDets=100 ] = 0.263
 Average Precision  (AP) @[ IoU=0.50      | area=   all | maxDets=100 ] = 0.424
 Average Precision  (AP) @[ IoU=0.75      | area=   all | maxDets=100 ] = 0.271
 Average Precision  (AP) @[ IoU=0.50:0.95 | area= small | maxDets=100 ] = 0.184
 Average Precision  (AP) @[ IoU=0.50:0.95 | area=medium | maxDets=100 ] = 0.350
 Average Precision  (AP) @[ IoU=0.50:0.95 | area= large | maxDets=100 ] = 0.476
 Average Recall     (AR) @[ IoU=0.50:0.95 | area=   all | maxDets=  1 ] = 0.110
 Average Recall     (AR) @[ IoU=0.50:0.95 | area=   all | maxDets= 10 ] = 0.314
 Average Recall     (AR) @[ IoU=0.50:0.95 | area=   all | maxDets=100 ] = 0.423
 Average Recall     (AR) @[ IoU=0.50:0.95 | area= small | maxDets=100 ] = 0.341
 Average Recall     (AR) @[ IoU=0.50:0.95 | area=medium | maxDets=100 ] = 0.528
 Average Recall     (AR) @[ IoU=0.50:0.95 | area= large | maxDets=100 ] = 0.636
best_stat:  {'epoch': 75, 'coco_eval_bbox': 0.2631429731818069}
Epoch: [76]  [  0/809]  eta: 1:15:42  lr: 0.000100  loss: 8.0625 (8.0625)  loss_bbox: 0.0615 (0.0615)  loss_bbox_aux_0: 0.0620 (0.0620)  loss_bbox_aux_1: 0.0602 (0.0602)  loss_bbox_aux_2: 0.0827 (0.0827)  loss_bbox_dn_0: 0.0638 (0.0638)  loss_bbox_dn_1: 0.0478 (0.0478)  loss_bbox_dn_2: 0.0459 (0.0459)  loss_giou: 0.5584 (0.5584)  loss_giou_aux_0: 0.5746 (0.5746)  loss_giou_aux_1: 0.5558 (0.5558)  loss_giou_aux_2: 0.6735 (0.6735)  loss_giou_dn_0: 0.5642 (0.5642)  loss_giou_dn_1: 0.4793 (0.4793)  loss_giou_dn_2: 0.4670 (0.4670)  loss_vfl: 0.5757 (0.5757)  loss_vfl_aux_0: 0.6168 (0.6168)  loss_vfl_aux_1: 0.5868 (0.5868)  loss_vfl_aux_2: 0.6580 (0.6580)  loss_vfl_dn_0: 0.4829 (0.4829)  loss_vfl_dn_1: 0.4290 (0.4290)  loss_vfl_dn_2: 0.4166 (0.4166)  time: 5.6152  data: 3.2225  max mem: 10027
Epoch: [76]  [100/809]  eta: 0:13:58  lr: 0.000100  loss: 8.8544 (9.2170)  loss_bbox: 0.0579 (0.0676)  loss_bbox_aux_0: 0.0633 (0.0723)  loss_bbox_aux_1: 0.0590 (0.0693)  loss_bbox_aux_2: 0.0753 (0.0812)  loss_bbox_dn_0: 0.0469 (0.0489)  loss_bbox_dn_1: 0.0384 (0.0399)  loss_bbox_dn_2: 0.0372 (0.0389)  loss_giou: 0.7549 (0.8068)  loss_giou_aux_0: 0.7857 (0.8290)  loss_giou_aux_1: 0.7645 (0.8137)  loss_giou_aux_2: 0.8434 (0.8958)  loss_giou_dn_0: 0.6719 (0.6991)  loss_giou_dn_1: 0.5915 (0.6164)  loss_giou_dn_2: 0.5776 (0.6063)  loss_vfl: 0.5125 (0.5293)  loss_vfl_aux_0: 0.5421 (0.5515)  loss_vfl_aux_1: 0.5283 (0.5386)  loss_vfl_aux_2: 0.5674 (0.5702)  loss_vfl_dn_0: 0.4655 (0.4702)  loss_vfl_dn_1: 0.4369 (0.4396)  loss_vfl_dn_2: 0.4293 (0.4323)  time: 1.1065  data: 0.0318  max mem: 10027
Epoch: [76]  [200/809]  eta: 0:11:34  lr: 0.000100  loss: 9.2936 (9.2595)  loss_bbox: 0.0666 (0.0693)  loss_bbox_aux_0: 0.0697 (0.0744)  loss_bbox_aux_1: 0.0677 (0.0710)  loss_bbox_aux_2: 0.0817 (0.0845)  loss_bbox_dn_0: 0.0479 (0.0484)  loss_bbox_dn_1: 0.0404 (0.0393)  loss_bbox_dn_2: 0.0387 (0.0382)  loss_giou: 0.8225 (0.8217)  loss_giou_aux_0: 0.8335 (0.8483)  loss_giou_aux_1: 0.8273 (0.8294)  loss_giou_aux_2: 0.8799 (0.9139)  loss_giou_dn_0: 0.7260 (0.7026)  loss_giou_dn_1: 0.6316 (0.6175)  loss_giou_dn_2: 0.6228 (0.6069)  loss_vfl: 0.5269 (0.5216)  loss_vfl_aux_0: 0.5386 (0.5432)  loss_vfl_aux_1: 0.5415 (0.5310)  loss_vfl_aux_2: 0.5635 (0.5601)  loss_vfl_dn_0: 0.4669 (0.4686)  loss_vfl_dn_1: 0.4377 (0.4383)  loss_vfl_dn_2: 0.4304 (0.4313)  time: 1.0877  data: 0.0305  max mem: 10027
Epoch: [76]  [300/809]  eta: 0:09:39  lr: 0.000100  loss: 9.1571 (9.2658)  loss_bbox: 0.0648 (0.0695)  loss_bbox_aux_0: 0.0691 (0.0740)  loss_bbox_aux_1: 0.0670 (0.0712)  loss_bbox_aux_2: 0.0849 (0.0845)  loss_bbox_dn_0: 0.0422 (0.0481)  loss_bbox_dn_1: 0.0347 (0.0390)  loss_bbox_dn_2: 0.0334 (0.0378)  loss_giou: 0.8427 (0.8247)  loss_giou_aux_0: 0.8695 (0.8507)  loss_giou_aux_1: 0.8530 (0.8323)  loss_giou_aux_2: 0.9149 (0.9156)  loss_giou_dn_0: 0.6949 (0.7022)  loss_giou_dn_1: 0.5934 (0.6165)  loss_giou_dn_2: 0.5838 (0.6055)  loss_vfl: 0.4867 (0.5203)  loss_vfl_aux_0: 0.5000 (0.5437)  loss_vfl_aux_1: 0.4872 (0.5306)  loss_vfl_aux_2: 0.5261 (0.5602)  loss_vfl_dn_0: 0.4655 (0.4691)  loss_vfl_dn_1: 0.4331 (0.4388)  loss_vfl_dn_2: 0.4296 (0.4314)  time: 1.1072  data: 0.0339  max mem: 10027
Epoch: [76]  [400/809]  eta: 0:07:43  lr: 0.000100  loss: 9.0899 (9.2899)  loss_bbox: 0.0656 (0.0710)  loss_bbox_aux_0: 0.0719 (0.0756)  loss_bbox_aux_1: 0.0662 (0.0724)  loss_bbox_aux_2: 0.0835 (0.0852)  loss_bbox_dn_0: 0.0431 (0.0478)  loss_bbox_dn_1: 0.0350 (0.0389)  loss_bbox_dn_2: 0.0344 (0.0378)  loss_giou: 0.7606 (0.8317)  loss_giou_aux_0: 0.7994 (0.8576)  loss_giou_aux_1: 0.7823 (0.8396)  loss_giou_aux_2: 0.8880 (0.9230)  loss_giou_dn_0: 0.6776 (0.7043)  loss_giou_dn_1: 0.5911 (0.6193)  loss_giou_dn_2: 0.5735 (0.6086)  loss_vfl: 0.5222 (0.5167)  loss_vfl_aux_0: 0.5321 (0.5395)  loss_vfl_aux_1: 0.5255 (0.5266)  loss_vfl_aux_2: 0.5403 (0.5570)  loss_vfl_dn_0: 0.4697 (0.4684)  loss_vfl_dn_1: 0.4406 (0.4381)  loss_vfl_dn_2: 0.4352 (0.4307)  time: 1.1299  data: 0.0285  max mem: 10027
Epoch: [76]  [500/809]  eta: 0:05:49  lr: 0.000100  loss: 9.2621 (9.2856)  loss_bbox: 0.0598 (0.0709)  loss_bbox_aux_0: 0.0657 (0.0757)  loss_bbox_aux_1: 0.0591 (0.0724)  loss_bbox_aux_2: 0.0801 (0.0853)  loss_bbox_dn_0: 0.0434 (0.0484)  loss_bbox_dn_1: 0.0352 (0.0394)  loss_bbox_dn_2: 0.0345 (0.0383)  loss_giou: 0.8090 (0.8279)  loss_giou_aux_0: 0.8318 (0.8537)  loss_giou_aux_1: 0.8194 (0.8358)  loss_giou_aux_2: 0.9147 (0.9204)  loss_giou_dn_0: 0.7207 (0.7027)  loss_giou_dn_1: 0.6161 (0.6178)  loss_giou_dn_2: 0.6056 (0.6070)  loss_vfl: 0.5237 (0.5198)  loss_vfl_aux_0: 0.5408 (0.5426)  loss_vfl_aux_1: 0.5309 (0.5298)  loss_vfl_aux_2: 0.5527 (0.5594)  loss_vfl_dn_0: 0.4713 (0.4690)  loss_vfl_dn_1: 0.4340 (0.4382)  loss_vfl_dn_2: 0.4276 (0.4311)  time: 1.1508  data: 0.0301  max mem: 10027
Epoch: [76]  [600/809]  eta: 0:03:57  lr: 0.000100  loss: 9.2137 (9.2905)  loss_bbox: 0.0653 (0.0707)  loss_bbox_aux_0: 0.0711 (0.0754)  loss_bbox_aux_1: 0.0669 (0.0720)  loss_bbox_aux_2: 0.0800 (0.0852)  loss_bbox_dn_0: 0.0455 (0.0484)  loss_bbox_dn_1: 0.0354 (0.0393)  loss_bbox_dn_2: 0.0353 (0.0382)  loss_giou: 0.8053 (0.8287)  loss_giou_aux_0: 0.8363 (0.8554)  loss_giou_aux_1: 0.8170 (0.8370)  loss_giou_aux_2: 0.8959 (0.9220)  loss_giou_dn_0: 0.6985 (0.7036)  loss_giou_dn_1: 0.5974 (0.6187)  loss_giou_dn_2: 0.5912 (0.6079)  loss_vfl: 0.5154 (0.5192)  loss_vfl_aux_0: 0.5400 (0.5417)  loss_vfl_aux_1: 0.5254 (0.5293)  loss_vfl_aux_2: 0.5632 (0.5586)  loss_vfl_dn_0: 0.4674 (0.4692)  loss_vfl_dn_1: 0.4408 (0.4386)  loss_vfl_dn_2: 0.4351 (0.4315)  time: 1.1366  data: 0.0273  max mem: 10027
Epoch: [76]  [700/809]  eta: 0:02:03  lr: 0.000100  loss: 9.6210 (9.2838)  loss_bbox: 0.0605 (0.0706)  loss_bbox_aux_0: 0.0668 (0.0753)  loss_bbox_aux_1: 0.0629 (0.0718)  loss_bbox_aux_2: 0.0748 (0.0849)  loss_bbox_dn_0: 0.0375 (0.0481)  loss_bbox_dn_1: 0.0313 (0.0391)  loss_bbox_dn_2: 0.0305 (0.0379)  loss_giou: 0.9126 (0.8285)  loss_giou_aux_0: 0.9428 (0.8554)  loss_giou_aux_1: 0.9343 (0.8371)  loss_giou_aux_2: 1.0191 (0.9221)  loss_giou_dn_0: 0.7256 (0.7030)  loss_giou_dn_1: 0.6552 (0.6185)  loss_giou_dn_2: 0.6470 (0.6077)  loss_vfl: 0.5061 (0.5183)  loss_vfl_aux_0: 0.5291 (0.5408)  loss_vfl_aux_1: 0.5094 (0.5284)  loss_vfl_aux_2: 0.5457 (0.5581)  loss_vfl_dn_0: 0.4698 (0.4690)  loss_vfl_dn_1: 0.4419 (0.4382)  loss_vfl_dn_2: 0.4374 (0.4311)  time: 1.1528  data: 0.0289  max mem: 10027
Epoch: [76]  [800/809]  eta: 0:00:10  lr: 0.000100  loss: 9.2665 (9.2655)  loss_bbox: 0.0637 (0.0700)  loss_bbox_aux_0: 0.0682 (0.0747)  loss_bbox_aux_1: 0.0637 (0.0712)  loss_bbox_aux_2: 0.0805 (0.0843)  loss_bbox_dn_0: 0.0466 (0.0482)  loss_bbox_dn_1: 0.0368 (0.0392)  loss_bbox_dn_2: 0.0350 (0.0380)  loss_giou: 0.8044 (0.8238)  loss_giou_aux_0: 0.8385 (0.8506)  loss_giou_aux_1: 0.8101 (0.8323)  loss_giou_aux_2: 0.8990 (0.9175)  loss_giou_dn_0: 0.6992 (0.7013)  loss_giou_dn_1: 0.6207 (0.6169)  loss_giou_dn_2: 0.6094 (0.6063)  loss_vfl: 0.5234 (0.5201)  loss_vfl_aux_0: 0.5475 (0.5425)  loss_vfl_aux_1: 0.5367 (0.5302)  loss_vfl_aux_2: 0.5640 (0.5598)  loss_vfl_dn_0: 0.4674 (0.4691)  loss_vfl_dn_1: 0.4373 (0.4383)  loss_vfl_dn_2: 0.4285 (0.4312)  time: 1.1277  data: 0.0324  max mem: 10027
Epoch: [76]  [808/809]  eta: 0:00:01  lr: 0.000100  loss: 8.9388 (9.2638)  loss_bbox: 0.0565 (0.0699)  loss_bbox_aux_0: 0.0638 (0.0746)  loss_bbox_aux_1: 0.0575 (0.0711)  loss_bbox_aux_2: 0.0739 (0.0842)  loss_bbox_dn_0: 0.0466 (0.0482)  loss_bbox_dn_1: 0.0368 (0.0392)  loss_bbox_dn_2: 0.0350 (0.0380)  loss_giou: 0.7582 (0.8233)  loss_giou_aux_0: 0.7783 (0.8500)  loss_giou_aux_1: 0.7637 (0.8318)  loss_giou_aux_2: 0.8532 (0.9169)  loss_giou_dn_0: 0.6812 (0.7012)  loss_giou_dn_1: 0.5894 (0.6169)  loss_giou_dn_2: 0.5866 (0.6062)  loss_vfl: 0.5320 (0.5203)  loss_vfl_aux_0: 0.5586 (0.5428)  loss_vfl_aux_1: 0.5391 (0.5305)  loss_vfl_aux_2: 0.5649 (0.5600)  loss_vfl_dn_0: 0.4698 (0.4692)  loss_vfl_dn_1: 0.4431 (0.4383)  loss_vfl_dn_2: 0.4354 (0.4313)  time: 1.0173  data: 0.0286  max mem: 10027
Epoch: [76] Total time: 0:15:17 (1.1339 s / it)
Averaged stats: lr: 0.000100  loss: 8.9388 (9.2638)  loss_bbox: 0.0565 (0.0699)  loss_bbox_aux_0: 0.0638 (0.0746)  loss_bbox_aux_1: 0.0575 (0.0711)  loss_bbox_aux_2: 0.0739 (0.0842)  loss_bbox_dn_0: 0.0466 (0.0482)  loss_bbox_dn_1: 0.0368 (0.0392)  loss_bbox_dn_2: 0.0350 (0.0380)  loss_giou: 0.7582 (0.8233)  loss_giou_aux_0: 0.7783 (0.8500)  loss_giou_aux_1: 0.7637 (0.8318)  loss_giou_aux_2: 0.8532 (0.9169)  loss_giou_dn_0: 0.6812 (0.7012)  loss_giou_dn_1: 0.5894 (0.6169)  loss_giou_dn_2: 0.5866 (0.6062)  loss_vfl: 0.5320 (0.5203)  loss_vfl_aux_0: 0.5586 (0.5428)  loss_vfl_aux_1: 0.5391 (0.5305)  loss_vfl_aux_2: 0.5649 (0.5600)  loss_vfl_dn_0: 0.4698 (0.4692)  loss_vfl_dn_1: 0.4431 (0.4383)  loss_vfl_dn_2: 0.4354 (0.4313)
Test:  [ 0/69]  eta: 0:01:44    time: 1.5160  data: 0.7758  max mem: 10027
Test:  [10/69]  eta: 0:00:45    time: 0.7715  data: 0.0915  max mem: 10027
Test:  [20/69]  eta: 0:00:37    time: 0.7251  data: 0.0239  max mem: 10027
Test:  [30/69]  eta: 0:00:28    time: 0.7239  data: 0.0248  max mem: 10027
Test:  [40/69]  eta: 0:00:20    time: 0.6755  data: 0.0243  max mem: 10027
Test:  [50/69]  eta: 0:00:13    time: 0.6155  data: 0.0234  max mem: 10027
Test:  [60/69]  eta: 0:00:06    time: 0.6295  data: 0.0239  max mem: 10027
Test:  [68/69]  eta: 0:00:00    time: 0.6528  data: 0.0240  max mem: 10027
Test: Total time: 0:00:47 (0.6862 s / it)
Averaged stats: 
Accumulating evaluation results...
DONE (t=2.18s).
IoU metric: bbox
 Average Precision  (AP) @[ IoU=0.50:0.95 | area=   all | maxDets=100 ] = 0.263
 Average Precision  (AP) @[ IoU=0.50      | area=   all | maxDets=100 ] = 0.424
 Average Precision  (AP) @[ IoU=0.75      | area=   all | maxDets=100 ] = 0.271
 Average Precision  (AP) @[ IoU=0.50:0.95 | area= small | maxDets=100 ] = 0.184
 Average Precision  (AP) @[ IoU=0.50:0.95 | area=medium | maxDets=100 ] = 0.350
 Average Precision  (AP) @[ IoU=0.50:0.95 | area= large | maxDets=100 ] = 0.482
 Average Recall     (AR) @[ IoU=0.50:0.95 | area=   all | maxDets=  1 ] = 0.110
 Average Recall     (AR) @[ IoU=0.50:0.95 | area=   all | maxDets= 10 ] = 0.315
 Average Recall     (AR) @[ IoU=0.50:0.95 | area=   all | maxDets=100 ] = 0.424
 Average Recall     (AR) @[ IoU=0.50:0.95 | area= small | maxDets=100 ] = 0.342
 Average Recall     (AR) @[ IoU=0.50:0.95 | area=medium | maxDets=100 ] = 0.528
 Average Recall     (AR) @[ IoU=0.50:0.95 | area= large | maxDets=100 ] = 0.642
best_stat:  {'epoch': 76, 'coco_eval_bbox': 0.2632332424795211}
Epoch: [77]  [  0/809]  eta: 1:31:10  lr: 0.000100  loss: 10.1977 (10.1977)  loss_bbox: 0.0676 (0.0676)  loss_bbox_aux_0: 0.0693 (0.0693)  loss_bbox_aux_1: 0.0662 (0.0662)  loss_bbox_aux_2: 0.0803 (0.0803)  loss_bbox_dn_0: 0.0398 (0.0398)  loss_bbox_dn_1: 0.0348 (0.0348)  loss_bbox_dn_2: 0.0343 (0.0343)  loss_giou: 1.0041 (1.0041)  loss_giou_aux_0: 1.0341 (1.0341)  loss_giou_aux_1: 1.0152 (1.0152)  loss_giou_aux_2: 1.0987 (1.0987)  loss_giou_dn_0: 0.7781 (0.7781)  loss_giou_dn_1: 0.7026 (0.7026)  loss_giou_dn_2: 0.6912 (0.6912)  loss_vfl: 0.5237 (0.5237)  loss_vfl_aux_0: 0.5377 (0.5377)  loss_vfl_aux_1: 0.5333 (0.5333)  loss_vfl_aux_2: 0.5364 (0.5364)  loss_vfl_dn_0: 0.4783 (0.4783)  loss_vfl_dn_1: 0.4382 (0.4382)  loss_vfl_dn_2: 0.4337 (0.4337)  time: 6.7615  data: 3.4549  max mem: 10027
Epoch: [77]  [100/809]  eta: 0:14:28  lr: 0.000100  loss: 9.4920 (9.3231)  loss_bbox: 0.0718 (0.0694)  loss_bbox_aux_0: 0.0784 (0.0744)  loss_bbox_aux_1: 0.0727 (0.0702)  loss_bbox_aux_2: 0.0894 (0.0850)  loss_bbox_dn_0: 0.0435 (0.0486)  loss_bbox_dn_1: 0.0349 (0.0394)  loss_bbox_dn_2: 0.0342 (0.0382)  loss_giou: 0.8521 (0.8342)  loss_giou_aux_0: 0.8779 (0.8626)  loss_giou_aux_1: 0.8555 (0.8420)  loss_giou_aux_2: 0.9604 (0.9298)  loss_giou_dn_0: 0.7209 (0.7054)  loss_giou_dn_1: 0.6521 (0.6215)  loss_giou_dn_2: 0.6461 (0.6107)  loss_vfl: 0.5098 (0.5207)  loss_vfl_aux_0: 0.5297 (0.5453)  loss_vfl_aux_1: 0.5121 (0.5312)  loss_vfl_aux_2: 0.5439 (0.5602)  loss_vfl_dn_0: 0.4647 (0.4688)  loss_vfl_dn_1: 0.4283 (0.4366)  loss_vfl_dn_2: 0.4250 (0.4287)  time: 1.1595  data: 0.0278  max mem: 10027
Epoch: [77]  [200/809]  eta: 0:12:03  lr: 0.000100  loss: 8.7153 (9.2328)  loss_bbox: 0.0583 (0.0687)  loss_bbox_aux_0: 0.0631 (0.0733)  loss_bbox_aux_1: 0.0590 (0.0694)  loss_bbox_aux_2: 0.0804 (0.0821)  loss_bbox_dn_0: 0.0452 (0.0476)  loss_bbox_dn_1: 0.0369 (0.0385)  loss_bbox_dn_2: 0.0367 (0.0374)  loss_giou: 0.7001 (0.8219)  loss_giou_aux_0: 0.7210 (0.8485)  loss_giou_aux_1: 0.6983 (0.8299)  loss_giou_aux_2: 0.8119 (0.9154)  loss_giou_dn_0: 0.6589 (0.6998)  loss_giou_dn_1: 0.5829 (0.6150)  loss_giou_dn_2: 0.5789 (0.6042)  loss_vfl: 0.5116 (0.5166)  loss_vfl_aux_0: 0.5264 (0.5410)  loss_vfl_aux_1: 0.5186 (0.5268)  loss_vfl_aux_2: 0.5707 (0.5621)  loss_vfl_dn_0: 0.4635 (0.4687)  loss_vfl_dn_1: 0.4319 (0.4369)  loss_vfl_dn_2: 0.4207 (0.4291)  time: 1.1361  data: 0.0273  max mem: 10027
Epoch: [77]  [300/809]  eta: 0:09:57  lr: 0.000100  loss: 9.0688 (9.2366)  loss_bbox: 0.0692 (0.0703)  loss_bbox_aux_0: 0.0712 (0.0749)  loss_bbox_aux_1: 0.0695 (0.0711)  loss_bbox_aux_2: 0.0834 (0.0844)  loss_bbox_dn_0: 0.0450 (0.0483)  loss_bbox_dn_1: 0.0369 (0.0392)  loss_bbox_dn_2: 0.0353 (0.0381)  loss_giou: 0.7773 (0.8210)  loss_giou_aux_0: 0.8211 (0.8468)  loss_giou_aux_1: 0.7895 (0.8295)  loss_giou_aux_2: 0.8871 (0.9153)  loss_giou_dn_0: 0.6661 (0.7003)  loss_giou_dn_1: 0.5937 (0.6165)  loss_giou_dn_2: 0.5839 (0.6057)  loss_vfl: 0.5144 (0.5156)  loss_vfl_aux_0: 0.5546 (0.5401)  loss_vfl_aux_1: 0.5372 (0.5260)  loss_vfl_aux_2: 0.5709 (0.5590)  loss_vfl_dn_0: 0.4629 (0.4687)  loss_vfl_dn_1: 0.4309 (0.4367)  loss_vfl_dn_2: 0.4208 (0.4291)  time: 1.1058  data: 0.0288  max mem: 10027
Epoch: [77]  [400/809]  eta: 0:07:58  lr: 0.000100  loss: 8.8075 (9.2243)  loss_bbox: 0.0648 (0.0697)  loss_bbox_aux_0: 0.0721 (0.0742)  loss_bbox_aux_1: 0.0656 (0.0705)  loss_bbox_aux_2: 0.0880 (0.0843)  loss_bbox_dn_0: 0.0484 (0.0485)  loss_bbox_dn_1: 0.0388 (0.0393)  loss_bbox_dn_2: 0.0387 (0.0382)  loss_giou: 0.7538 (0.8180)  loss_giou_aux_0: 0.7794 (0.8431)  loss_giou_aux_1: 0.7656 (0.8261)  loss_giou_aux_2: 0.8476 (0.9123)  loss_giou_dn_0: 0.6632 (0.6984)  loss_giou_dn_1: 0.5776 (0.6143)  loss_giou_dn_2: 0.5687 (0.6037)  loss_vfl: 0.5251 (0.5175)  loss_vfl_aux_0: 0.5568 (0.5424)  loss_vfl_aux_1: 0.5436 (0.5284)  loss_vfl_aux_2: 0.5498 (0.5605)  loss_vfl_dn_0: 0.4695 (0.4688)  loss_vfl_dn_1: 0.4347 (0.4369)  loss_vfl_dn_2: 0.4242 (0.4292)  time: 1.1414  data: 0.0299  max mem: 10027
Epoch: [77]  [500/809]  eta: 0:06:03  lr: 0.000100  loss: 9.1227 (9.2461)  loss_bbox: 0.0598 (0.0694)  loss_bbox_aux_0: 0.0638 (0.0736)  loss_bbox_aux_1: 0.0627 (0.0702)  loss_bbox_aux_2: 0.0716 (0.0839)  loss_bbox_dn_0: 0.0403 (0.0477)  loss_bbox_dn_1: 0.0336 (0.0387)  loss_bbox_dn_2: 0.0330 (0.0376)  loss_giou: 0.7812 (0.8241)  loss_giou_aux_0: 0.8028 (0.8492)  loss_giou_aux_1: 0.7913 (0.8320)  loss_giou_aux_2: 0.8808 (0.9170)  loss_giou_dn_0: 0.6949 (0.7006)  loss_giou_dn_1: 0.6239 (0.6170)  loss_giou_dn_2: 0.6114 (0.6065)  loss_vfl: 0.5265 (0.5168)  loss_vfl_aux_0: 0.5432 (0.5412)  loss_vfl_aux_1: 0.5308 (0.5273)  loss_vfl_aux_2: 0.5647 (0.5584)  loss_vfl_dn_0: 0.4650 (0.4688)  loss_vfl_dn_1: 0.4418 (0.4369)  loss_vfl_dn_2: 0.4363 (0.4294)  time: 1.2095  data: 0.0281  max mem: 10027
Epoch: [77]  [600/809]  eta: 0:04:06  lr: 0.000100  loss: 8.9923 (9.2382)  loss_bbox: 0.0640 (0.0694)  loss_bbox_aux_0: 0.0673 (0.0735)  loss_bbox_aux_1: 0.0654 (0.0702)  loss_bbox_aux_2: 0.0775 (0.0838)  loss_bbox_dn_0: 0.0477 (0.0478)  loss_bbox_dn_1: 0.0375 (0.0388)  loss_bbox_dn_2: 0.0366 (0.0377)  loss_giou: 0.7255 (0.8227)  loss_giou_aux_0: 0.7445 (0.8474)  loss_giou_aux_1: 0.7375 (0.8305)  loss_giou_aux_2: 0.8372 (0.9149)  loss_giou_dn_0: 0.6710 (0.7005)  loss_giou_dn_1: 0.5784 (0.6169)  loss_giou_dn_2: 0.5698 (0.6064)  loss_vfl: 0.5150 (0.5163)  loss_vfl_aux_0: 0.5471 (0.5406)  loss_vfl_aux_1: 0.5303 (0.5269)  loss_vfl_aux_2: 0.5573 (0.5580)  loss_vfl_dn_0: 0.4702 (0.4690)  loss_vfl_dn_1: 0.4413 (0.4372)  loss_vfl_dn_2: 0.4343 (0.4297)  time: 1.1901  data: 0.0341  max mem: 10027
Epoch: [77]  [700/809]  eta: 0:02:08  lr: 0.000100  loss: 9.1172 (9.2261)  loss_bbox: 0.0655 (0.0695)  loss_bbox_aux_0: 0.0717 (0.0738)  loss_bbox_aux_1: 0.0665 (0.0706)  loss_bbox_aux_2: 0.0822 (0.0842)  loss_bbox_dn_0: 0.0525 (0.0481)  loss_bbox_dn_1: 0.0419 (0.0390)  loss_bbox_dn_2: 0.0397 (0.0379)  loss_giou: 0.7800 (0.8204)  loss_giou_aux_0: 0.8151 (0.8453)  loss_giou_aux_1: 0.7846 (0.8283)  loss_giou_aux_2: 0.8963 (0.9123)  loss_giou_dn_0: 0.6687 (0.6987)  loss_giou_dn_1: 0.5847 (0.6147)  loss_giou_dn_2: 0.5701 (0.6041)  loss_vfl: 0.5417 (0.5164)  loss_vfl_aux_0: 0.5635 (0.5408)  loss_vfl_aux_1: 0.5527 (0.5269)  loss_vfl_aux_2: 0.5933 (0.5583)  loss_vfl_dn_0: 0.4707 (0.4691)  loss_vfl_dn_1: 0.4379 (0.4375)  loss_vfl_dn_2: 0.4316 (0.4300)  time: 1.1353  data: 0.0318  max mem: 10027
Epoch: [77]  [800/809]  eta: 0:00:10  lr: 0.000100  loss: 8.9997 (9.2091)  loss_bbox: 0.0732 (0.0696)  loss_bbox_aux_0: 0.0734 (0.0739)  loss_bbox_aux_1: 0.0724 (0.0707)  loss_bbox_aux_2: 0.0831 (0.0843)  loss_bbox_dn_0: 0.0502 (0.0484)  loss_bbox_dn_1: 0.0411 (0.0393)  loss_bbox_dn_2: 0.0396 (0.0382)  loss_giou: 0.7617 (0.8146)  loss_giou_aux_0: 0.7955 (0.8397)  loss_giou_aux_1: 0.7889 (0.8225)  loss_giou_aux_2: 0.8444 (0.9070)  loss_giou_dn_0: 0.6702 (0.6967)  loss_giou_dn_1: 0.5868 (0.6125)  loss_giou_dn_2: 0.5707 (0.6019)  loss_vfl: 0.5442 (0.5188)  loss_vfl_aux_0: 0.5740 (0.5433)  loss_vfl_aux_1: 0.5547 (0.5291)  loss_vfl_aux_2: 0.5830 (0.5609)  loss_vfl_dn_0: 0.4723 (0.4694)  loss_vfl_dn_1: 0.4418 (0.4378)  loss_vfl_dn_2: 0.4344 (0.4303)  time: 1.2152  data: 0.0283  max mem: 10027
Epoch: [77]  [808/809]  eta: 0:00:01  lr: 0.000100  loss: 9.1525 (9.2107)  loss_bbox: 0.0695 (0.0696)  loss_bbox_aux_0: 0.0720 (0.0738)  loss_bbox_aux_1: 0.0682 (0.0706)  loss_bbox_aux_2: 0.0831 (0.0842)  loss_bbox_dn_0: 0.0442 (0.0484)  loss_bbox_dn_1: 0.0370 (0.0393)  loss_bbox_dn_2: 0.0362 (0.0381)  loss_giou: 0.7904 (0.8153)  loss_giou_aux_0: 0.8283 (0.8405)  loss_giou_aux_1: 0.7889 (0.8231)  loss_giou_aux_2: 0.9027 (0.9077)  loss_giou_dn_0: 0.6840 (0.6970)  loss_giou_dn_1: 0.6263 (0.6128)  loss_giou_dn_2: 0.6177 (0.6023)  loss_vfl: 0.5289 (0.5184)  loss_vfl_aux_0: 0.5409 (0.5429)  loss_vfl_aux_1: 0.5299 (0.5287)  loss_vfl_aux_2: 0.5520 (0.5606)  loss_vfl_dn_0: 0.4667 (0.4693)  loss_vfl_dn_1: 0.4344 (0.4378)  loss_vfl_dn_2: 0.4299 (0.4303)  time: 1.0602  data: 0.0267  max mem: 10027
Epoch: [77] Total time: 0:15:49 (1.1732 s / it)
Averaged stats: lr: 0.000100  loss: 9.1525 (9.2107)  loss_bbox: 0.0695 (0.0696)  loss_bbox_aux_0: 0.0720 (0.0738)  loss_bbox_aux_1: 0.0682 (0.0706)  loss_bbox_aux_2: 0.0831 (0.0842)  loss_bbox_dn_0: 0.0442 (0.0484)  loss_bbox_dn_1: 0.0370 (0.0393)  loss_bbox_dn_2: 0.0362 (0.0381)  loss_giou: 0.7904 (0.8153)  loss_giou_aux_0: 0.8283 (0.8405)  loss_giou_aux_1: 0.7889 (0.8231)  loss_giou_aux_2: 0.9027 (0.9077)  loss_giou_dn_0: 0.6840 (0.6970)  loss_giou_dn_1: 0.6263 (0.6128)  loss_giou_dn_2: 0.6177 (0.6023)  loss_vfl: 0.5289 (0.5184)  loss_vfl_aux_0: 0.5409 (0.5429)  loss_vfl_aux_1: 0.5299 (0.5287)  loss_vfl_aux_2: 0.5520 (0.5606)  loss_vfl_dn_0: 0.4667 (0.4693)  loss_vfl_dn_1: 0.4344 (0.4378)  loss_vfl_dn_2: 0.4299 (0.4303)
Test:  [ 0/69]  eta: 0:01:39    time: 1.4372  data: 0.8290  max mem: 10027
Test:  [10/69]  eta: 0:00:45    time: 0.7779  data: 0.0926  max mem: 10027
Test:  [20/69]  eta: 0:00:37    time: 0.7316  data: 0.0222  max mem: 10027
Test:  [30/69]  eta: 0:00:28    time: 0.7144  data: 0.0247  max mem: 10027
Test:  [40/69]  eta: 0:00:20    time: 0.6649  data: 0.0243  max mem: 10027
Test:  [50/69]  eta: 0:00:13    time: 0.6399  data: 0.0263  max mem: 10027
Test:  [60/69]  eta: 0:00:06    time: 0.6189  data: 0.0273  max mem: 10027
Test:  [68/69]  eta: 0:00:00    time: 0.6761  data: 0.0252  max mem: 10027
Test: Total time: 0:00:48 (0.6962 s / it)
Averaged stats: 
Accumulating evaluation results...
DONE (t=2.24s).
IoU metric: bbox
 Average Precision  (AP) @[ IoU=0.50:0.95 | area=   all | maxDets=100 ] = 0.263
 Average Precision  (AP) @[ IoU=0.50      | area=   all | maxDets=100 ] = 0.425
 Average Precision  (AP) @[ IoU=0.75      | area=   all | maxDets=100 ] = 0.271
 Average Precision  (AP) @[ IoU=0.50:0.95 | area= small | maxDets=100 ] = 0.185
 Average Precision  (AP) @[ IoU=0.50:0.95 | area=medium | maxDets=100 ] = 0.351
 Average Precision  (AP) @[ IoU=0.50:0.95 | area= large | maxDets=100 ] = 0.477
 Average Recall     (AR) @[ IoU=0.50:0.95 | area=   all | maxDets=  1 ] = 0.111
 Average Recall     (AR) @[ IoU=0.50:0.95 | area=   all | maxDets= 10 ] = 0.316
 Average Recall     (AR) @[ IoU=0.50:0.95 | area=   all | maxDets=100 ] = 0.425
 Average Recall     (AR) @[ IoU=0.50:0.95 | area= small | maxDets=100 ] = 0.343
 Average Recall     (AR) @[ IoU=0.50:0.95 | area=medium | maxDets=100 ] = 0.530
 Average Recall     (AR) @[ IoU=0.50:0.95 | area= large | maxDets=100 ] = 0.641
best_stat:  {'epoch': 77, 'coco_eval_bbox': 0.2634721374046734}
Epoch: [78]  [  0/809]  eta: 1:48:56  lr: 0.000100  loss: 10.0831 (10.0831)  loss_bbox: 0.0896 (0.0896)  loss_bbox_aux_0: 0.0973 (0.0973)  loss_bbox_aux_1: 0.1001 (0.1001)  loss_bbox_aux_2: 0.0988 (0.0988)  loss_bbox_dn_0: 0.0482 (0.0482)  loss_bbox_dn_1: 0.0399 (0.0399)  loss_bbox_dn_2: 0.0387 (0.0387)  loss_giou: 0.9417 (0.9417)  loss_giou_aux_0: 0.9818 (0.9818)  loss_giou_aux_1: 0.9533 (0.9533)  loss_giou_aux_2: 1.0532 (1.0532)  loss_giou_dn_0: 0.7558 (0.7558)  loss_giou_dn_1: 0.6823 (0.6823)  loss_giou_dn_2: 0.6659 (0.6659)  loss_vfl: 0.5417 (0.5417)  loss_vfl_aux_0: 0.5447 (0.5447)  loss_vfl_aux_1: 0.5496 (0.5496)  loss_vfl_aux_2: 0.5466 (0.5466)  loss_vfl_dn_0: 0.4718 (0.4718)  loss_vfl_dn_1: 0.4442 (0.4442)  loss_vfl_dn_2: 0.4377 (0.4377)  time: 8.0798  data: 3.1532  max mem: 10027
Epoch: [78]  [100/809]  eta: 0:14:47  lr: 0.000100  loss: 8.7045 (9.2421)  loss_bbox: 0.0620 (0.0669)  loss_bbox_aux_0: 0.0648 (0.0721)  loss_bbox_aux_1: 0.0623 (0.0686)  loss_bbox_aux_2: 0.0784 (0.0819)  loss_bbox_dn_0: 0.0448 (0.0466)  loss_bbox_dn_1: 0.0363 (0.0380)  loss_bbox_dn_2: 0.0356 (0.0369)  loss_giou: 0.7417 (0.8249)  loss_giou_aux_0: 0.7464 (0.8487)  loss_giou_aux_1: 0.7364 (0.8298)  loss_giou_aux_2: 0.8743 (0.9189)  loss_giou_dn_0: 0.6665 (0.7031)  loss_giou_dn_1: 0.5860 (0.6174)  loss_giou_dn_2: 0.5711 (0.6066)  loss_vfl: 0.5071 (0.5187)  loss_vfl_aux_0: 0.5449 (0.5409)  loss_vfl_aux_1: 0.5142 (0.5299)  loss_vfl_aux_2: 0.5540 (0.5580)  loss_vfl_dn_0: 0.4692 (0.4675)  loss_vfl_dn_1: 0.4360 (0.4368)  loss_vfl_dn_2: 0.4292 (0.4300)  time: 1.1961  data: 0.0295  max mem: 10027
Epoch: [78]  [200/809]  eta: 0:12:14  lr: 0.000100  loss: 8.9114 (9.2316)  loss_bbox: 0.0604 (0.0665)  loss_bbox_aux_0: 0.0686 (0.0719)  loss_bbox_aux_1: 0.0627 (0.0681)  loss_bbox_aux_2: 0.0762 (0.0824)  loss_bbox_dn_0: 0.0519 (0.0493)  loss_bbox_dn_1: 0.0432 (0.0400)  loss_bbox_dn_2: 0.0417 (0.0388)  loss_giou: 0.7417 (0.8127)  loss_giou_aux_0: 0.7731 (0.8365)  loss_giou_aux_1: 0.7485 (0.8177)  loss_giou_aux_2: 0.8563 (0.9076)  loss_giou_dn_0: 0.7102 (0.7035)  loss_giou_dn_1: 0.6179 (0.6185)  loss_giou_dn_2: 0.6000 (0.6079)  loss_vfl: 0.5448 (0.5262)  loss_vfl_aux_0: 0.5684 (0.5486)  loss_vfl_aux_1: 0.5566 (0.5365)  loss_vfl_aux_2: 0.5815 (0.5650)  loss_vfl_dn_0: 0.4639 (0.4681)  loss_vfl_dn_1: 0.4308 (0.4363)  loss_vfl_dn_2: 0.4208 (0.4293)  time: 1.1392  data: 0.0278  max mem: 10027
Epoch: [78]  [300/809]  eta: 0:10:07  lr: 0.000100  loss: 9.0684 (9.2270)  loss_bbox: 0.0580 (0.0665)  loss_bbox_aux_0: 0.0631 (0.0719)  loss_bbox_aux_1: 0.0578 (0.0680)  loss_bbox_aux_2: 0.0728 (0.0824)  loss_bbox_dn_0: 0.0453 (0.0494)  loss_bbox_dn_1: 0.0362 (0.0400)  loss_bbox_dn_2: 0.0354 (0.0387)  loss_giou: 0.7756 (0.8130)  loss_giou_aux_0: 0.7913 (0.8372)  loss_giou_aux_1: 0.7798 (0.8187)  loss_giou_aux_2: 0.8640 (0.9080)  loss_giou_dn_0: 0.6665 (0.7027)  loss_giou_dn_1: 0.5878 (0.6170)  loss_giou_dn_2: 0.5729 (0.6062)  loss_vfl: 0.5337 (0.5248)  loss_vfl_aux_0: 0.5583 (0.5483)  loss_vfl_aux_1: 0.5470 (0.5352)  loss_vfl_aux_2: 0.5642 (0.5649)  loss_vfl_dn_0: 0.4659 (0.4683)  loss_vfl_dn_1: 0.4351 (0.4364)  loss_vfl_dn_2: 0.4312 (0.4292)  time: 1.1466  data: 0.0344  max mem: 10027
Epoch: [78]  [400/809]  eta: 0:08:04  lr: 0.000100  loss: 9.0238 (9.2300)  loss_bbox: 0.0638 (0.0682)  loss_bbox_aux_0: 0.0680 (0.0733)  loss_bbox_aux_1: 0.0638 (0.0696)  loss_bbox_aux_2: 0.0806 (0.0836)  loss_bbox_dn_0: 0.0490 (0.0495)  loss_bbox_dn_1: 0.0399 (0.0400)  loss_bbox_dn_2: 0.0390 (0.0388)  loss_giou: 0.8186 (0.8158)  loss_giou_aux_0: 0.8385 (0.8396)  loss_giou_aux_1: 0.8209 (0.8217)  loss_giou_aux_2: 0.9000 (0.9109)  loss_giou_dn_0: 0.7106 (0.7019)  loss_giou_dn_1: 0.6141 (0.6163)  loss_giou_dn_2: 0.6074 (0.6055)  loss_vfl: 0.5190 (0.5210)  loss_vfl_aux_0: 0.5460 (0.5454)  loss_vfl_aux_1: 0.5398 (0.5321)  loss_vfl_aux_2: 0.5514 (0.5619)  loss_vfl_dn_0: 0.4717 (0.4687)  loss_vfl_dn_1: 0.4393 (0.4368)  loss_vfl_dn_2: 0.4313 (0.4295)  time: 1.1286  data: 0.0311  max mem: 10027
Epoch: [78]  [500/809]  eta: 0:06:02  lr: 0.000100  loss: 9.0672 (9.2244)  loss_bbox: 0.0544 (0.0677)  loss_bbox_aux_0: 0.0568 (0.0726)  loss_bbox_aux_1: 0.0573 (0.0691)  loss_bbox_aux_2: 0.0645 (0.0828)  loss_bbox_dn_0: 0.0413 (0.0487)  loss_bbox_dn_1: 0.0344 (0.0394)  loss_bbox_dn_2: 0.0335 (0.0383)  loss_giou: 0.8002 (0.8181)  loss_giou_aux_0: 0.8150 (0.8420)  loss_giou_aux_1: 0.7978 (0.8242)  loss_giou_aux_2: 0.8738 (0.9126)  loss_giou_dn_0: 0.6915 (0.7015)  loss_giou_dn_1: 0.6106 (0.6158)  loss_giou_dn_2: 0.5999 (0.6051)  loss_vfl: 0.5076 (0.5192)  loss_vfl_aux_0: 0.5364 (0.5432)  loss_vfl_aux_1: 0.5216 (0.5300)  loss_vfl_aux_2: 0.5474 (0.5600)  loss_vfl_dn_0: 0.4705 (0.4683)  loss_vfl_dn_1: 0.4370 (0.4365)  loss_vfl_dn_2: 0.4287 (0.4292)  time: 1.1320  data: 0.0321  max mem: 10027
Epoch: [78]  [600/809]  eta: 0:04:04  lr: 0.000100  loss: 8.9248 (9.2090)  loss_bbox: 0.0684 (0.0672)  loss_bbox_aux_0: 0.0713 (0.0718)  loss_bbox_aux_1: 0.0701 (0.0686)  loss_bbox_aux_2: 0.0799 (0.0819)  loss_bbox_dn_0: 0.0461 (0.0485)  loss_bbox_dn_1: 0.0414 (0.0393)  loss_bbox_dn_2: 0.0396 (0.0381)  loss_giou: 0.7401 (0.8147)  loss_giou_aux_0: 0.7675 (0.8387)  loss_giou_aux_1: 0.7475 (0.8213)  loss_giou_aux_2: 0.8479 (0.9087)  loss_giou_dn_0: 0.6749 (0.7002)  loss_giou_dn_1: 0.6023 (0.6146)  loss_giou_dn_2: 0.5939 (0.6038)  loss_vfl: 0.5225 (0.5206)  loss_vfl_aux_0: 0.5447 (0.5446)  loss_vfl_aux_1: 0.5422 (0.5310)  loss_vfl_aux_2: 0.5708 (0.5617)  loss_vfl_dn_0: 0.4677 (0.4684)  loss_vfl_dn_1: 0.4343 (0.4362)  loss_vfl_dn_2: 0.4229 (0.4290)  time: 1.1213  data: 0.0288  max mem: 10027
Epoch: [78]  [700/809]  eta: 0:02:06  lr: 0.000100  loss: 9.1515 (9.2291)  loss_bbox: 0.0639 (0.0680)  loss_bbox_aux_0: 0.0664 (0.0725)  loss_bbox_aux_1: 0.0663 (0.0694)  loss_bbox_aux_2: 0.0724 (0.0824)  loss_bbox_dn_0: 0.0500 (0.0485)  loss_bbox_dn_1: 0.0408 (0.0392)  loss_bbox_dn_2: 0.0393 (0.0381)  loss_giou: 0.7371 (0.8193)  loss_giou_aux_0: 0.7814 (0.8431)  loss_giou_aux_1: 0.7544 (0.8258)  loss_giou_aux_2: 0.8547 (0.9120)  loss_giou_dn_0: 0.7233 (0.7031)  loss_giou_dn_1: 0.5999 (0.6172)  loss_giou_dn_2: 0.5867 (0.6065)  loss_vfl: 0.5256 (0.5187)  loss_vfl_aux_0: 0.5529 (0.5424)  loss_vfl_aux_1: 0.5425 (0.5289)  loss_vfl_aux_2: 0.5776 (0.5595)  loss_vfl_dn_0: 0.4678 (0.4686)  loss_vfl_dn_1: 0.4370 (0.4365)  loss_vfl_dn_2: 0.4280 (0.4293)  time: 1.1416  data: 0.0255  max mem: 10027
Epoch: [78]  [800/809]  eta: 0:00:10  lr: 0.000100  loss: 8.9143 (9.2160)  loss_bbox: 0.0527 (0.0676)  loss_bbox_aux_0: 0.0544 (0.0719)  loss_bbox_aux_1: 0.0526 (0.0689)  loss_bbox_aux_2: 0.0673 (0.0819)  loss_bbox_dn_0: 0.0431 (0.0482)  loss_bbox_dn_1: 0.0353 (0.0391)  loss_bbox_dn_2: 0.0345 (0.0379)  loss_giou: 0.7485 (0.8166)  loss_giou_aux_0: 0.7659 (0.8404)  loss_giou_aux_1: 0.7568 (0.8229)  loss_giou_aux_2: 0.8462 (0.9090)  loss_giou_dn_0: 0.6817 (0.7021)  loss_giou_dn_1: 0.5941 (0.6166)  loss_giou_dn_2: 0.5840 (0.6059)  loss_vfl: 0.5197 (0.5194)  loss_vfl_aux_0: 0.5425 (0.5431)  loss_vfl_aux_1: 0.5330 (0.5296)  loss_vfl_aux_2: 0.5773 (0.5603)  loss_vfl_dn_0: 0.4663 (0.4688)  loss_vfl_dn_1: 0.4313 (0.4367)  loss_vfl_dn_2: 0.4233 (0.4293)  time: 1.0748  data: 0.0266  max mem: 10027
Epoch: [78]  [808/809]  eta: 0:00:01  lr: 0.000100  loss: 8.9143 (9.2100)  loss_bbox: 0.0594 (0.0674)  loss_bbox_aux_0: 0.0594 (0.0718)  loss_bbox_aux_1: 0.0602 (0.0687)  loss_bbox_aux_2: 0.0691 (0.0818)  loss_bbox_dn_0: 0.0401 (0.0482)  loss_bbox_dn_1: 0.0326 (0.0390)  loss_bbox_dn_2: 0.0316 (0.0378)  loss_giou: 0.7409 (0.8158)  loss_giou_aux_0: 0.7922 (0.8397)  loss_giou_aux_1: 0.7401 (0.8222)  loss_giou_aux_2: 0.8582 (0.9084)  loss_giou_dn_0: 0.6765 (0.7016)  loss_giou_dn_1: 0.5782 (0.6160)  loss_giou_dn_2: 0.5629 (0.6053)  loss_vfl: 0.4949 (0.5192)  loss_vfl_aux_0: 0.5211 (0.5429)  loss_vfl_aux_1: 0.5094 (0.5294)  loss_vfl_aux_2: 0.5543 (0.5602)  loss_vfl_dn_0: 0.4663 (0.4687)  loss_vfl_dn_1: 0.4335 (0.4366)  loss_vfl_dn_2: 0.4244 (0.4292)  time: 0.9358  data: 0.0250  max mem: 10027
Epoch: [78] Total time: 0:15:29 (1.1490 s / it)
Averaged stats: lr: 0.000100  loss: 8.9143 (9.2100)  loss_bbox: 0.0594 (0.0674)  loss_bbox_aux_0: 0.0594 (0.0718)  loss_bbox_aux_1: 0.0602 (0.0687)  loss_bbox_aux_2: 0.0691 (0.0818)  loss_bbox_dn_0: 0.0401 (0.0482)  loss_bbox_dn_1: 0.0326 (0.0390)  loss_bbox_dn_2: 0.0316 (0.0378)  loss_giou: 0.7409 (0.8158)  loss_giou_aux_0: 0.7922 (0.8397)  loss_giou_aux_1: 0.7401 (0.8222)  loss_giou_aux_2: 0.8582 (0.9084)  loss_giou_dn_0: 0.6765 (0.7016)  loss_giou_dn_1: 0.5782 (0.6160)  loss_giou_dn_2: 0.5629 (0.6053)  loss_vfl: 0.4949 (0.5192)  loss_vfl_aux_0: 0.5211 (0.5429)  loss_vfl_aux_1: 0.5094 (0.5294)  loss_vfl_aux_2: 0.5543 (0.5602)  loss_vfl_dn_0: 0.4663 (0.4687)  loss_vfl_dn_1: 0.4335 (0.4366)  loss_vfl_dn_2: 0.4244 (0.4292)
Test:  [ 0/69]  eta: 0:01:33    time: 1.3523  data: 0.6997  max mem: 10027
Test:  [10/69]  eta: 0:00:43    time: 0.7296  data: 0.0812  max mem: 10027
Test:  [20/69]  eta: 0:00:35    time: 0.6838  data: 0.0211  max mem: 10027
Test:  [30/69]  eta: 0:00:27    time: 0.6790  data: 0.0231  max mem: 10027
Test:  [40/69]  eta: 0:00:19    time: 0.6432  data: 0.0233  max mem: 10027
Test:  [50/69]  eta: 0:00:12    time: 0.6040  data: 0.0216  max mem: 10027
Test:  [60/69]  eta: 0:00:05    time: 0.5747  data: 0.0208  max mem: 10027
Test:  [68/69]  eta: 0:00:00    time: 0.5939  data: 0.0201  max mem: 10027
Test: Total time: 0:00:44 (0.6458 s / it)
Averaged stats: 
Accumulating evaluation results...
DONE (t=2.43s).
IoU metric: bbox
 Average Precision  (AP) @[ IoU=0.50:0.95 | area=   all | maxDets=100 ] = 0.264
 Average Precision  (AP) @[ IoU=0.50      | area=   all | maxDets=100 ] = 0.425
 Average Precision  (AP) @[ IoU=0.75      | area=   all | maxDets=100 ] = 0.272
 Average Precision  (AP) @[ IoU=0.50:0.95 | area= small | maxDets=100 ] = 0.185
 Average Precision  (AP) @[ IoU=0.50:0.95 | area=medium | maxDets=100 ] = 0.351
 Average Precision  (AP) @[ IoU=0.50:0.95 | area= large | maxDets=100 ] = 0.479
 Average Recall     (AR) @[ IoU=0.50:0.95 | area=   all | maxDets=  1 ] = 0.111
 Average Recall     (AR) @[ IoU=0.50:0.95 | area=   all | maxDets= 10 ] = 0.316
 Average Recall     (AR) @[ IoU=0.50:0.95 | area=   all | maxDets=100 ] = 0.426
 Average Recall     (AR) @[ IoU=0.50:0.95 | area= small | maxDets=100 ] = 0.344
 Average Recall     (AR) @[ IoU=0.50:0.95 | area=medium | maxDets=100 ] = 0.530
 Average Recall     (AR) @[ IoU=0.50:0.95 | area= large | maxDets=100 ] = 0.641
best_stat:  {'epoch': 78, 'coco_eval_bbox': 0.26359941456587954}
Epoch: [79]  [  0/809]  eta: 1:16:35  lr: 0.000100  loss: 9.2385 (9.2385)  loss_bbox: 0.0505 (0.0505)  loss_bbox_aux_0: 0.0497 (0.0497)  loss_bbox_aux_1: 0.0524 (0.0524)  loss_bbox_aux_2: 0.0561 (0.0561)  loss_bbox_dn_0: 0.0382 (0.0382)  loss_bbox_dn_1: 0.0315 (0.0315)  loss_bbox_dn_2: 0.0306 (0.0306)  loss_giou: 0.8200 (0.8200)  loss_giou_aux_0: 0.8298 (0.8298)  loss_giou_aux_1: 0.8236 (0.8236)  loss_giou_aux_2: 0.8683 (0.8683)  loss_giou_dn_0: 0.7153 (0.7153)  loss_giou_dn_1: 0.6519 (0.6519)  loss_giou_dn_2: 0.6410 (0.6410)  loss_vfl: 0.5417 (0.5417)  loss_vfl_aux_0: 0.5769 (0.5769)  loss_vfl_aux_1: 0.5519 (0.5519)  loss_vfl_aux_2: 0.5751 (0.5751)  loss_vfl_dn_0: 0.4698 (0.4698)  loss_vfl_dn_1: 0.4349 (0.4349)  loss_vfl_dn_2: 0.4292 (0.4292)  time: 5.6808  data: 3.9323  max mem: 10027
Epoch: [79]  [100/809]  eta: 0:13:55  lr: 0.000100  loss: 9.1333 (9.1557)  loss_bbox: 0.0613 (0.0671)  loss_bbox_aux_0: 0.0672 (0.0714)  loss_bbox_aux_1: 0.0635 (0.0682)  loss_bbox_aux_2: 0.0783 (0.0816)  loss_bbox_dn_0: 0.0456 (0.0465)  loss_bbox_dn_1: 0.0359 (0.0378)  loss_bbox_dn_2: 0.0339 (0.0366)  loss_giou: 0.7890 (0.8128)  loss_giou_aux_0: 0.8113 (0.8386)  loss_giou_aux_1: 0.7888 (0.8215)  loss_giou_aux_2: 0.8902 (0.9076)  loss_giou_dn_0: 0.6869 (0.6943)  loss_giou_dn_1: 0.6022 (0.6122)  loss_giou_dn_2: 0.5947 (0.6025)  loss_vfl: 0.5087 (0.5144)  loss_vfl_aux_0: 0.5286 (0.5373)  loss_vfl_aux_1: 0.5133 (0.5228)  loss_vfl_aux_2: 0.5432 (0.5525)  loss_vfl_dn_0: 0.4703 (0.4669)  loss_vfl_dn_1: 0.4402 (0.4351)  loss_vfl_dn_2: 0.4330 (0.4279)  time: 1.1407  data: 0.0268  max mem: 10027
Epoch: [79]  [200/809]  eta: 0:11:42  lr: 0.000100  loss: 9.0921 (9.1825)  loss_bbox: 0.0691 (0.0693)  loss_bbox_aux_0: 0.0723 (0.0737)  loss_bbox_aux_1: 0.0709 (0.0707)  loss_bbox_aux_2: 0.0779 (0.0823)  loss_bbox_dn_0: 0.0479 (0.0489)  loss_bbox_dn_1: 0.0376 (0.0395)  loss_bbox_dn_2: 0.0367 (0.0382)  loss_giou: 0.7854 (0.8093)  loss_giou_aux_0: 0.8291 (0.8329)  loss_giou_aux_1: 0.7984 (0.8171)  loss_giou_aux_2: 0.8973 (0.9050)  loss_giou_dn_0: 0.6901 (0.6950)  loss_giou_dn_1: 0.6041 (0.6113)  loss_giou_dn_2: 0.5971 (0.6008)  loss_vfl: 0.5276 (0.5191)  loss_vfl_aux_0: 0.5464 (0.5442)  loss_vfl_aux_1: 0.5305 (0.5290)  loss_vfl_aux_2: 0.5623 (0.5628)  loss_vfl_dn_0: 0.4703 (0.4681)  loss_vfl_dn_1: 0.4369 (0.4363)  loss_vfl_dn_2: 0.4293 (0.4289)  time: 1.1016  data: 0.0279  max mem: 10027
Epoch: [79]  [300/809]  eta: 0:09:39  lr: 0.000100  loss: 8.9469 (9.1914)  loss_bbox: 0.0496 (0.0686)  loss_bbox_aux_0: 0.0520 (0.0728)  loss_bbox_aux_1: 0.0498 (0.0698)  loss_bbox_aux_2: 0.0683 (0.0817)  loss_bbox_dn_0: 0.0445 (0.0487)  loss_bbox_dn_1: 0.0363 (0.0394)  loss_bbox_dn_2: 0.0346 (0.0381)  loss_giou: 0.7763 (0.8111)  loss_giou_aux_0: 0.7888 (0.8341)  loss_giou_aux_1: 0.7727 (0.8180)  loss_giou_aux_2: 0.8725 (0.9067)  loss_giou_dn_0: 0.6937 (0.6960)  loss_giou_dn_1: 0.5963 (0.6116)  loss_giou_dn_2: 0.5852 (0.6011)  loss_vfl: 0.5205 (0.5195)  loss_vfl_aux_0: 0.5486 (0.5460)  loss_vfl_aux_1: 0.5344 (0.5300)  loss_vfl_aux_2: 0.5724 (0.5641)  loss_vfl_dn_0: 0.4645 (0.4685)  loss_vfl_dn_1: 0.4305 (0.4364)  loss_vfl_dn_2: 0.4174 (0.4289)  time: 1.1179  data: 0.0316  max mem: 10027
Epoch: [79]  [400/809]  eta: 0:07:44  lr: 0.000100  loss: 9.0263 (9.2134)  loss_bbox: 0.0691 (0.0691)  loss_bbox_aux_0: 0.0725 (0.0732)  loss_bbox_aux_1: 0.0726 (0.0702)  loss_bbox_aux_2: 0.0838 (0.0822)  loss_bbox_dn_0: 0.0468 (0.0485)  loss_bbox_dn_1: 0.0387 (0.0393)  loss_bbox_dn_2: 0.0367 (0.0381)  loss_giou: 0.7646 (0.8149)  loss_giou_aux_0: 0.8015 (0.8382)  loss_giou_aux_1: 0.7761 (0.8219)  loss_giou_aux_2: 0.8658 (0.9107)  loss_giou_dn_0: 0.6773 (0.6957)  loss_giou_dn_1: 0.5986 (0.6113)  loss_giou_dn_2: 0.5837 (0.6007)  loss_vfl: 0.5193 (0.5205)  loss_vfl_aux_0: 0.5426 (0.5469)  loss_vfl_aux_1: 0.5312 (0.5313)  loss_vfl_aux_2: 0.5625 (0.5645)  loss_vfl_dn_0: 0.4694 (0.4691)  loss_vfl_dn_1: 0.4409 (0.4373)  loss_vfl_dn_2: 0.4338 (0.4297)  time: 1.1441  data: 0.0284  max mem: 10027
Epoch: [79]  [500/809]  eta: 0:05:49  lr: 0.000100  loss: 9.2965 (9.1875)  loss_bbox: 0.0713 (0.0691)  loss_bbox_aux_0: 0.0765 (0.0729)  loss_bbox_aux_1: 0.0712 (0.0701)  loss_bbox_aux_2: 0.0854 (0.0822)  loss_bbox_dn_0: 0.0481 (0.0485)  loss_bbox_dn_1: 0.0364 (0.0393)  loss_bbox_dn_2: 0.0351 (0.0381)  loss_giou: 0.8263 (0.8111)  loss_giou_aux_0: 0.8556 (0.8342)  loss_giou_aux_1: 0.8381 (0.8179)  loss_giou_aux_2: 0.9545 (0.9063)  loss_giou_dn_0: 0.6789 (0.6943)  loss_giou_dn_1: 0.6008 (0.6101)  loss_giou_dn_2: 0.5927 (0.5995)  loss_vfl: 0.5222 (0.5191)  loss_vfl_aux_0: 0.5435 (0.5459)  loss_vfl_aux_1: 0.5323 (0.5300)  loss_vfl_aux_2: 0.5610 (0.5638)  loss_vfl_dn_0: 0.4694 (0.4690)  loss_vfl_dn_1: 0.4370 (0.4370)  loss_vfl_dn_2: 0.4291 (0.4294)  time: 1.1591  data: 0.0294  max mem: 10027
Epoch: [79]  [600/809]  eta: 0:03:55  lr: 0.000100  loss: 9.4020 (9.2195)  loss_bbox: 0.0738 (0.0699)  loss_bbox_aux_0: 0.0734 (0.0739)  loss_bbox_aux_1: 0.0724 (0.0710)  loss_bbox_aux_2: 0.0855 (0.0831)  loss_bbox_dn_0: 0.0458 (0.0486)  loss_bbox_dn_1: 0.0369 (0.0393)  loss_bbox_dn_2: 0.0354 (0.0381)  loss_giou: 0.8103 (0.8159)  loss_giou_aux_0: 0.8292 (0.8395)  loss_giou_aux_1: 0.8090 (0.8227)  loss_giou_aux_2: 0.8806 (0.9118)  loss_giou_dn_0: 0.7141 (0.6971)  loss_giou_dn_1: 0.6321 (0.6124)  loss_giou_dn_2: 0.6234 (0.6016)  loss_vfl: 0.5170 (0.5192)  loss_vfl_aux_0: 0.5500 (0.5457)  loss_vfl_aux_1: 0.5310 (0.5302)  loss_vfl_aux_2: 0.5728 (0.5634)  loss_vfl_dn_0: 0.4688 (0.4691)  loss_vfl_dn_1: 0.4374 (0.4373)  loss_vfl_dn_2: 0.4302 (0.4298)  time: 1.1115  data: 0.0274  max mem: 10027
Epoch: [79]  [700/809]  eta: 0:02:02  lr: 0.000100  loss: 9.0677 (9.2090)  loss_bbox: 0.0597 (0.0693)  loss_bbox_aux_0: 0.0635 (0.0735)  loss_bbox_aux_1: 0.0590 (0.0704)  loss_bbox_aux_2: 0.0730 (0.0825)  loss_bbox_dn_0: 0.0431 (0.0485)  loss_bbox_dn_1: 0.0338 (0.0393)  loss_bbox_dn_2: 0.0331 (0.0381)  loss_giou: 0.8209 (0.8143)  loss_giou_aux_0: 0.8362 (0.8377)  loss_giou_aux_1: 0.8223 (0.8210)  loss_giou_aux_2: 0.8930 (0.9100)  loss_giou_dn_0: 0.7026 (0.6970)  loss_giou_dn_1: 0.6212 (0.6123)  loss_giou_dn_2: 0.6163 (0.6015)  loss_vfl: 0.5156 (0.5190)  loss_vfl_aux_0: 0.5363 (0.5452)  loss_vfl_aux_1: 0.5155 (0.5299)  loss_vfl_aux_2: 0.5459 (0.5632)  loss_vfl_dn_0: 0.4653 (0.4690)  loss_vfl_dn_1: 0.4353 (0.4374)  loss_vfl_dn_2: 0.4287 (0.4298)  time: 1.0927  data: 0.0274  max mem: 10027
Epoch: [79]  [800/809]  eta: 0:00:10  lr: 0.000100  loss: 9.6645 (9.2242)  loss_bbox: 0.0604 (0.0690)  loss_bbox_aux_0: 0.0630 (0.0731)  loss_bbox_aux_1: 0.0606 (0.0701)  loss_bbox_aux_2: 0.0718 (0.0822)  loss_bbox_dn_0: 0.0436 (0.0484)  loss_bbox_dn_1: 0.0361 (0.0393)  loss_bbox_dn_2: 0.0350 (0.0381)  loss_giou: 0.8508 (0.8172)  loss_giou_aux_0: 0.8605 (0.8401)  loss_giou_aux_1: 0.8589 (0.8239)  loss_giou_aux_2: 0.9097 (0.9118)  loss_giou_dn_0: 0.7396 (0.6987)  loss_giou_dn_1: 0.6581 (0.6141)  loss_giou_dn_2: 0.6443 (0.6034)  loss_vfl: 0.5371 (0.5191)  loss_vfl_aux_0: 0.5503 (0.5452)  loss_vfl_aux_1: 0.5381 (0.5302)  loss_vfl_aux_2: 0.5609 (0.5632)  loss_vfl_dn_0: 0.4789 (0.4691)  loss_vfl_dn_1: 0.4409 (0.4376)  loss_vfl_dn_2: 0.4364 (0.4301)  time: 1.1172  data: 0.0289  max mem: 10027
Epoch: [79]  [808/809]  eta: 0:00:01  lr: 0.000100  loss: 9.4936 (9.2239)  loss_bbox: 0.0604 (0.0690)  loss_bbox_aux_0: 0.0625 (0.0731)  loss_bbox_aux_1: 0.0606 (0.0701)  loss_bbox_aux_2: 0.0719 (0.0822)  loss_bbox_dn_0: 0.0471 (0.0484)  loss_bbox_dn_1: 0.0376 (0.0393)  loss_bbox_dn_2: 0.0371 (0.0381)  loss_giou: 0.8164 (0.8172)  loss_giou_aux_0: 0.8292 (0.8401)  loss_giou_aux_1: 0.8193 (0.8239)  loss_giou_aux_2: 0.8886 (0.9116)  loss_giou_dn_0: 0.7326 (0.6988)  loss_giou_dn_1: 0.6425 (0.6142)  loss_giou_dn_2: 0.6354 (0.6035)  loss_vfl: 0.5303 (0.5192)  loss_vfl_aux_0: 0.5295 (0.5452)  loss_vfl_aux_1: 0.5376 (0.5303)  loss_vfl_aux_2: 0.5511 (0.5631)  loss_vfl_dn_0: 0.4700 (0.4691)  loss_vfl_dn_1: 0.4396 (0.4376)  loss_vfl_dn_2: 0.4351 (0.4302)  time: 0.9756  data: 0.0283  max mem: 10027
Epoch: [79] Total time: 0:15:03 (1.1174 s / it)
Averaged stats: lr: 0.000100  loss: 9.4936 (9.2239)  loss_bbox: 0.0604 (0.0690)  loss_bbox_aux_0: 0.0625 (0.0731)  loss_bbox_aux_1: 0.0606 (0.0701)  loss_bbox_aux_2: 0.0719 (0.0822)  loss_bbox_dn_0: 0.0471 (0.0484)  loss_bbox_dn_1: 0.0376 (0.0393)  loss_bbox_dn_2: 0.0371 (0.0381)  loss_giou: 0.8164 (0.8172)  loss_giou_aux_0: 0.8292 (0.8401)  loss_giou_aux_1: 0.8193 (0.8239)  loss_giou_aux_2: 0.8886 (0.9116)  loss_giou_dn_0: 0.7326 (0.6988)  loss_giou_dn_1: 0.6425 (0.6142)  loss_giou_dn_2: 0.6354 (0.6035)  loss_vfl: 0.5303 (0.5192)  loss_vfl_aux_0: 0.5295 (0.5452)  loss_vfl_aux_1: 0.5376 (0.5303)  loss_vfl_aux_2: 0.5511 (0.5631)  loss_vfl_dn_0: 0.4700 (0.4691)  loss_vfl_dn_1: 0.4396 (0.4376)  loss_vfl_dn_2: 0.4351 (0.4302)
Test:  [ 0/69]  eta: 0:01:23    time: 1.2159  data: 0.6219  max mem: 10027
Test:  [10/69]  eta: 0:00:42    time: 0.7250  data: 0.0787  max mem: 10027
Test:  [20/69]  eta: 0:00:34    time: 0.6833  data: 0.0236  max mem: 10027
Test:  [30/69]  eta: 0:00:26    time: 0.6585  data: 0.0222  max mem: 10027
Test:  [40/69]  eta: 0:00:19    time: 0.6257  data: 0.0217  max mem: 10027
Test:  [50/69]  eta: 0:00:12    time: 0.6088  data: 0.0208  max mem: 10027
Test:  [60/69]  eta: 0:00:05    time: 0.5837  data: 0.0207  max mem: 10027
Test:  [68/69]  eta: 0:00:00    time: 0.5950  data: 0.0203  max mem: 10027
Test: Total time: 0:00:44 (0.6396 s / it)
Averaged stats: 
Accumulating evaluation results...
DONE (t=2.57s).
IoU metric: bbox
 Average Precision  (AP) @[ IoU=0.50:0.95 | area=   all | maxDets=100 ] = 0.265
 Average Precision  (AP) @[ IoU=0.50      | area=   all | maxDets=100 ] = 0.427
 Average Precision  (AP) @[ IoU=0.75      | area=   all | maxDets=100 ] = 0.273
 Average Precision  (AP) @[ IoU=0.50:0.95 | area= small | maxDets=100 ] = 0.186
 Average Precision  (AP) @[ IoU=0.50:0.95 | area=medium | maxDets=100 ] = 0.351
 Average Precision  (AP) @[ IoU=0.50:0.95 | area= large | maxDets=100 ] = 0.495
 Average Recall     (AR) @[ IoU=0.50:0.95 | area=   all | maxDets=  1 ] = 0.110
 Average Recall     (AR) @[ IoU=0.50:0.95 | area=   all | maxDets= 10 ] = 0.316
 Average Recall     (AR) @[ IoU=0.50:0.95 | area=   all | maxDets=100 ] = 0.426
 Average Recall     (AR) @[ IoU=0.50:0.95 | area= small | maxDets=100 ] = 0.344
 Average Recall     (AR) @[ IoU=0.50:0.95 | area=medium | maxDets=100 ] = 0.530
 Average Recall     (AR) @[ IoU=0.50:0.95 | area= large | maxDets=100 ] = 0.651
best_stat:  {'epoch': 79, 'coco_eval_bbox': 0.26481145597035494}
Epoch: [80]  [  0/809]  eta: 1:06:19  lr: 0.000010  loss: 9.5076 (9.5076)  loss_bbox: 0.0655 (0.0655)  loss_bbox_aux_0: 0.0671 (0.0671)  loss_bbox_aux_1: 0.0613 (0.0613)  loss_bbox_aux_2: 0.0886 (0.0886)  loss_bbox_dn_0: 0.0568 (0.0568)  loss_bbox_dn_1: 0.0418 (0.0418)  loss_bbox_dn_2: 0.0401 (0.0401)  loss_giou: 0.8622 (0.8622)  loss_giou_aux_0: 0.8888 (0.8888)  loss_giou_aux_1: 0.8737 (0.8737)  loss_giou_aux_2: 0.9789 (0.9789)  loss_giou_dn_0: 0.7583 (0.7583)  loss_giou_dn_1: 0.6686 (0.6686)  loss_giou_dn_2: 0.6587 (0.6587)  loss_vfl: 0.5011 (0.5011)  loss_vfl_aux_0: 0.5415 (0.5415)  loss_vfl_aux_1: 0.5107 (0.5107)  loss_vfl_aux_2: 0.5476 (0.5476)  loss_vfl_dn_0: 0.4504 (0.4504)  loss_vfl_dn_1: 0.4246 (0.4246)  loss_vfl_dn_2: 0.4214 (0.4214)  time: 4.9193  data: 2.8383  max mem: 10027
Epoch: [80]  [100/809]  eta: 0:13:11  lr: 0.000010  loss: 8.8317 (9.0905)  loss_bbox: 0.0642 (0.0661)  loss_bbox_aux_0: 0.0681 (0.0701)  loss_bbox_aux_1: 0.0650 (0.0669)  loss_bbox_aux_2: 0.0756 (0.0805)  loss_bbox_dn_0: 0.0409 (0.0461)  loss_bbox_dn_1: 0.0330 (0.0378)  loss_bbox_dn_2: 0.0320 (0.0368)  loss_giou: 0.7142 (0.8088)  loss_giou_aux_0: 0.7358 (0.8292)  loss_giou_aux_1: 0.7212 (0.8153)  loss_giou_aux_2: 0.8091 (0.8943)  loss_giou_dn_0: 0.6672 (0.6802)  loss_giou_dn_1: 0.5736 (0.6011)  loss_giou_dn_2: 0.5530 (0.5910)  loss_vfl: 0.5095 (0.5152)  loss_vfl_aux_0: 0.5520 (0.5385)  loss_vfl_aux_1: 0.5297 (0.5253)  loss_vfl_aux_2: 0.5742 (0.5572)  loss_vfl_dn_0: 0.4645 (0.4675)  loss_vfl_dn_1: 0.4348 (0.4353)  loss_vfl_dn_2: 0.4252 (0.4273)  time: 1.0404  data: 0.0251  max mem: 10027
Epoch: [80]  [200/809]  eta: 0:11:11  lr: 0.000010  loss: 8.9900 (9.0584)  loss_bbox: 0.0630 (0.0668)  loss_bbox_aux_0: 0.0642 (0.0709)  loss_bbox_aux_1: 0.0638 (0.0678)  loss_bbox_aux_2: 0.0696 (0.0811)  loss_bbox_dn_0: 0.0493 (0.0472)  loss_bbox_dn_1: 0.0387 (0.0388)  loss_bbox_dn_2: 0.0377 (0.0377)  loss_giou: 0.7449 (0.7965)  loss_giou_aux_0: 0.7656 (0.8173)  loss_giou_aux_1: 0.7516 (0.8028)  loss_giou_aux_2: 0.8269 (0.8827)  loss_giou_dn_0: 0.6722 (0.6763)  loss_giou_dn_1: 0.6000 (0.5975)  loss_giou_dn_2: 0.5894 (0.5871)  loss_vfl: 0.5408 (0.5188)  loss_vfl_aux_0: 0.5559 (0.5431)  loss_vfl_aux_1: 0.5508 (0.5295)  loss_vfl_aux_2: 0.5750 (0.5638)  loss_vfl_dn_0: 0.4611 (0.4687)  loss_vfl_dn_1: 0.4290 (0.4359)  loss_vfl_dn_2: 0.4199 (0.4281)  time: 1.0670  data: 0.0266  max mem: 10027
Epoch: [80]  [300/809]  eta: 0:09:17  lr: 0.000010  loss: 8.9776 (9.0647)  loss_bbox: 0.0605 (0.0673)  loss_bbox_aux_0: 0.0625 (0.0714)  loss_bbox_aux_1: 0.0599 (0.0681)  loss_bbox_aux_2: 0.0732 (0.0809)  loss_bbox_dn_0: 0.0467 (0.0466)  loss_bbox_dn_1: 0.0383 (0.0384)  loss_bbox_dn_2: 0.0377 (0.0374)  loss_giou: 0.7737 (0.7999)  loss_giou_aux_0: 0.7969 (0.8203)  loss_giou_aux_1: 0.7780 (0.8064)  loss_giou_aux_2: 0.8532 (0.8843)  loss_giou_dn_0: 0.6570 (0.6765)  loss_giou_dn_1: 0.5804 (0.5984)  loss_giou_dn_2: 0.5708 (0.5882)  loss_vfl: 0.5328 (0.5167)  loss_vfl_aux_0: 0.5526 (0.5409)  loss_vfl_aux_1: 0.5405 (0.5271)  loss_vfl_aux_2: 0.5817 (0.5630)  loss_vfl_dn_0: 0.4664 (0.4691)  loss_vfl_dn_1: 0.4368 (0.4359)  loss_vfl_dn_2: 0.4285 (0.4280)  time: 1.0720  data: 0.0293  max mem: 10027
Epoch: [80]  [400/809]  eta: 0:07:26  lr: 0.000010  loss: 8.8776 (9.0659)  loss_bbox: 0.0594 (0.0671)  loss_bbox_aux_0: 0.0634 (0.0712)  loss_bbox_aux_1: 0.0615 (0.0680)  loss_bbox_aux_2: 0.0763 (0.0806)  loss_bbox_dn_0: 0.0442 (0.0466)  loss_bbox_dn_1: 0.0363 (0.0384)  loss_bbox_dn_2: 0.0353 (0.0375)  loss_giou: 0.7727 (0.8002)  loss_giou_aux_0: 0.7859 (0.8204)  loss_giou_aux_1: 0.7851 (0.8070)  loss_giou_aux_2: 0.8571 (0.8841)  loss_giou_dn_0: 0.6598 (0.6750)  loss_giou_dn_1: 0.5798 (0.5975)  loss_giou_dn_2: 0.5737 (0.5875)  loss_vfl: 0.5436 (0.5179)  loss_vfl_aux_0: 0.5723 (0.5422)  loss_vfl_aux_1: 0.5581 (0.5279)  loss_vfl_aux_2: 0.5806 (0.5638)  loss_vfl_dn_0: 0.4652 (0.4691)  loss_vfl_dn_1: 0.4258 (0.4357)  loss_vfl_dn_2: 0.4163 (0.4280)  time: 1.1030  data: 0.0276  max mem: 10027
Epoch: [80]  [500/809]  eta: 0:05:37  lr: 0.000010  loss: 8.7590 (9.0341)  loss_bbox: 0.0536 (0.0667)  loss_bbox_aux_0: 0.0593 (0.0706)  loss_bbox_aux_1: 0.0573 (0.0674)  loss_bbox_aux_2: 0.0652 (0.0798)  loss_bbox_dn_0: 0.0377 (0.0462)  loss_bbox_dn_1: 0.0315 (0.0381)  loss_bbox_dn_2: 0.0306 (0.0372)  loss_giou: 0.7492 (0.7958)  loss_giou_aux_0: 0.7651 (0.8159)  loss_giou_aux_1: 0.7604 (0.8022)  loss_giou_aux_2: 0.8183 (0.8793)  loss_giou_dn_0: 0.6448 (0.6728)  loss_giou_dn_1: 0.5686 (0.5957)  loss_giou_dn_2: 0.5620 (0.5858)  loss_vfl: 0.5175 (0.5170)  loss_vfl_aux_0: 0.5448 (0.5415)  loss_vfl_aux_1: 0.5339 (0.5273)  loss_vfl_aux_2: 0.5754 (0.5637)  loss_vfl_dn_0: 0.4678 (0.4685)  loss_vfl_dn_1: 0.4352 (0.4352)  loss_vfl_dn_2: 0.4290 (0.4275)  time: 1.1263  data: 0.0292  max mem: 10027
Epoch: [80]  [600/809]  eta: 0:03:48  lr: 0.000010  loss: 9.2528 (9.0206)  loss_bbox: 0.0578 (0.0666)  loss_bbox_aux_0: 0.0646 (0.0704)  loss_bbox_aux_1: 0.0598 (0.0672)  loss_bbox_aux_2: 0.0741 (0.0798)  loss_bbox_dn_0: 0.0384 (0.0466)  loss_bbox_dn_1: 0.0303 (0.0384)  loss_bbox_dn_2: 0.0298 (0.0374)  loss_giou: 0.8849 (0.7925)  loss_giou_aux_0: 0.9210 (0.8124)  loss_giou_aux_1: 0.8919 (0.7990)  loss_giou_aux_2: 0.9821 (0.8761)  loss_giou_dn_0: 0.6832 (0.6715)  loss_giou_dn_1: 0.6170 (0.5942)  loss_giou_dn_2: 0.6001 (0.5843)  loss_vfl: 0.4965 (0.5175)  loss_vfl_aux_0: 0.5205 (0.5426)  loss_vfl_aux_1: 0.5027 (0.5280)  loss_vfl_aux_2: 0.5459 (0.5648)  loss_vfl_dn_0: 0.4670 (0.4687)  loss_vfl_dn_1: 0.4349 (0.4352)  loss_vfl_dn_2: 0.4288 (0.4274)  time: 1.1460  data: 0.0295  max mem: 10027
Epoch: [80]  [700/809]  eta: 0:01:59  lr: 0.000010  loss: 8.8766 (9.0140)  loss_bbox: 0.0655 (0.0663)  loss_bbox_aux_0: 0.0627 (0.0701)  loss_bbox_aux_1: 0.0618 (0.0669)  loss_bbox_aux_2: 0.0767 (0.0792)  loss_bbox_dn_0: 0.0436 (0.0462)  loss_bbox_dn_1: 0.0363 (0.0381)  loss_bbox_dn_2: 0.0356 (0.0371)  loss_giou: 0.7229 (0.7920)  loss_giou_aux_0: 0.7332 (0.8118)  loss_giou_aux_1: 0.7267 (0.7986)  loss_giou_aux_2: 0.7983 (0.8754)  loss_giou_dn_0: 0.6587 (0.6704)  loss_giou_dn_1: 0.5765 (0.5935)  loss_giou_dn_2: 0.5723 (0.5836)  loss_vfl: 0.5299 (0.5174)  loss_vfl_aux_0: 0.5645 (0.5429)  loss_vfl_aux_1: 0.5508 (0.5282)  loss_vfl_aux_2: 0.5808 (0.5651)  loss_vfl_dn_0: 0.4673 (0.4688)  loss_vfl_dn_1: 0.4347 (0.4350)  loss_vfl_dn_2: 0.4235 (0.4273)  time: 1.1376  data: 0.0274  max mem: 10027
Epoch: [80]  [800/809]  eta: 0:00:09  lr: 0.000010  loss: 8.9565 (9.0142)  loss_bbox: 0.0558 (0.0661)  loss_bbox_aux_0: 0.0600 (0.0699)  loss_bbox_aux_1: 0.0562 (0.0668)  loss_bbox_aux_2: 0.0734 (0.0788)  loss_bbox_dn_0: 0.0410 (0.0460)  loss_bbox_dn_1: 0.0343 (0.0379)  loss_bbox_dn_2: 0.0339 (0.0370)  loss_giou: 0.7823 (0.7931)  loss_giou_aux_0: 0.8115 (0.8126)  loss_giou_aux_1: 0.7924 (0.7995)  loss_giou_aux_2: 0.8817 (0.8763)  loss_giou_dn_0: 0.6716 (0.6709)  loss_giou_dn_1: 0.5928 (0.5939)  loss_giou_dn_2: 0.5758 (0.5842)  loss_vfl: 0.5123 (0.5166)  loss_vfl_aux_0: 0.5406 (0.5425)  loss_vfl_aux_1: 0.5278 (0.5276)  loss_vfl_aux_2: 0.5577 (0.5646)  loss_vfl_dn_0: 0.4622 (0.4684)  loss_vfl_dn_1: 0.4285 (0.4347)  loss_vfl_dn_2: 0.4238 (0.4268)  time: 1.1312  data: 0.0305  max mem: 10027
Epoch: [80]  [808/809]  eta: 0:00:01  lr: 0.000010  loss: 8.9565 (9.0150)  loss_bbox: 0.0553 (0.0661)  loss_bbox_aux_0: 0.0600 (0.0700)  loss_bbox_aux_1: 0.0552 (0.0668)  loss_bbox_aux_2: 0.0695 (0.0789)  loss_bbox_dn_0: 0.0416 (0.0460)  loss_bbox_dn_1: 0.0343 (0.0380)  loss_bbox_dn_2: 0.0339 (0.0370)  loss_giou: 0.7823 (0.7934)  loss_giou_aux_0: 0.8115 (0.8129)  loss_giou_aux_1: 0.8007 (0.7999)  loss_giou_aux_2: 0.8776 (0.8767)  loss_giou_dn_0: 0.6716 (0.6708)  loss_giou_dn_1: 0.5928 (0.5940)  loss_giou_dn_2: 0.5758 (0.5842)  loss_vfl: 0.5120 (0.5164)  loss_vfl_aux_0: 0.5320 (0.5424)  loss_vfl_aux_1: 0.5227 (0.5275)  loss_vfl_aux_2: 0.5443 (0.5644)  loss_vfl_dn_0: 0.4609 (0.4683)  loss_vfl_dn_1: 0.4265 (0.4346)  loss_vfl_dn_2: 0.4180 (0.4267)  time: 0.9897  data: 0.0270  max mem: 10027
Epoch: [80] Total time: 0:14:42 (1.0908 s / it)
Averaged stats: lr: 0.000010  loss: 8.9565 (9.0150)  loss_bbox: 0.0553 (0.0661)  loss_bbox_aux_0: 0.0600 (0.0700)  loss_bbox_aux_1: 0.0552 (0.0668)  loss_bbox_aux_2: 0.0695 (0.0789)  loss_bbox_dn_0: 0.0416 (0.0460)  loss_bbox_dn_1: 0.0343 (0.0380)  loss_bbox_dn_2: 0.0339 (0.0370)  loss_giou: 0.7823 (0.7934)  loss_giou_aux_0: 0.8115 (0.8129)  loss_giou_aux_1: 0.8007 (0.7999)  loss_giou_aux_2: 0.8776 (0.8767)  loss_giou_dn_0: 0.6716 (0.6708)  loss_giou_dn_1: 0.5928 (0.5940)  loss_giou_dn_2: 0.5758 (0.5842)  loss_vfl: 0.5120 (0.5164)  loss_vfl_aux_0: 0.5320 (0.5424)  loss_vfl_aux_1: 0.5227 (0.5275)  loss_vfl_aux_2: 0.5443 (0.5644)  loss_vfl_dn_0: 0.4609 (0.4683)  loss_vfl_dn_1: 0.4265 (0.4346)  loss_vfl_dn_2: 0.4180 (0.4267)
Test:  [ 0/69]  eta: 0:01:24    time: 1.2275  data: 0.6223  max mem: 10027
Test:  [10/69]  eta: 0:00:42    time: 0.7211  data: 0.0782  max mem: 10027
Test:  [20/69]  eta: 0:00:34    time: 0.6868  data: 0.0229  max mem: 10027
Test:  [30/69]  eta: 0:00:27    time: 0.6808  data: 0.0226  max mem: 10027
Test:  [40/69]  eta: 0:00:19    time: 0.6362  data: 0.0230  max mem: 10027
Test:  [50/69]  eta: 0:00:12    time: 0.5973  data: 0.0227  max mem: 10027
Test:  [60/69]  eta: 0:00:05    time: 0.5748  data: 0.0228  max mem: 10027
Test:  [68/69]  eta: 0:00:00    time: 0.5890  data: 0.0217  max mem: 10027
Test: Total time: 0:00:44 (0.6415 s / it)
Averaged stats: 
Accumulating evaluation results...
DONE (t=2.02s).
IoU metric: bbox
 Average Precision  (AP) @[ IoU=0.50:0.95 | area=   all | maxDets=100 ] = 0.265
 Average Precision  (AP) @[ IoU=0.50      | area=   all | maxDets=100 ] = 0.427
 Average Precision  (AP) @[ IoU=0.75      | area=   all | maxDets=100 ] = 0.273
 Average Precision  (AP) @[ IoU=0.50:0.95 | area= small | maxDets=100 ] = 0.187
 Average Precision  (AP) @[ IoU=0.50:0.95 | area=medium | maxDets=100 ] = 0.352
 Average Precision  (AP) @[ IoU=0.50:0.95 | area= large | maxDets=100 ] = 0.492
 Average Recall     (AR) @[ IoU=0.50:0.95 | area=   all | maxDets=  1 ] = 0.111
 Average Recall     (AR) @[ IoU=0.50:0.95 | area=   all | maxDets= 10 ] = 0.317
 Average Recall     (AR) @[ IoU=0.50:0.95 | area=   all | maxDets=100 ] = 0.427
 Average Recall     (AR) @[ IoU=0.50:0.95 | area= small | maxDets=100 ] = 0.346
 Average Recall     (AR) @[ IoU=0.50:0.95 | area=medium | maxDets=100 ] = 0.530
 Average Recall     (AR) @[ IoU=0.50:0.95 | area= large | maxDets=100 ] = 0.650
best_stat:  {'epoch': 80, 'coco_eval_bbox': 0.2650527931232369}
Epoch: [81]  [  0/809]  eta: 1:27:51  lr: 0.000010  loss: 9.4277 (9.4277)  loss_bbox: 0.0425 (0.0425)  loss_bbox_aux_0: 0.0450 (0.0450)  loss_bbox_aux_1: 0.0431 (0.0431)  loss_bbox_aux_2: 0.0538 (0.0538)  loss_bbox_dn_0: 0.0323 (0.0323)  loss_bbox_dn_1: 0.0261 (0.0261)  loss_bbox_dn_2: 0.0256 (0.0256)  loss_giou: 0.8585 (0.8585)  loss_giou_aux_0: 0.8750 (0.8750)  loss_giou_aux_1: 0.8577 (0.8577)  loss_giou_aux_2: 0.9317 (0.9317)  loss_giou_dn_0: 0.7553 (0.7553)  loss_giou_dn_1: 0.6843 (0.6843)  loss_giou_dn_2: 0.6738 (0.6738)  loss_vfl: 0.5256 (0.5256)  loss_vfl_aux_0: 0.5479 (0.5479)  loss_vfl_aux_1: 0.5327 (0.5327)  loss_vfl_aux_2: 0.5618 (0.5618)  loss_vfl_dn_0: 0.4783 (0.4783)  loss_vfl_dn_1: 0.4421 (0.4421)  loss_vfl_dn_2: 0.4346 (0.4346)  time: 6.5162  data: 4.9861  max mem: 10027
Epoch: [81]  [100/809]  eta: 0:13:43  lr: 0.000010  loss: 9.3592 (9.1430)  loss_bbox: 0.0619 (0.0689)  loss_bbox_aux_0: 0.0693 (0.0730)  loss_bbox_aux_1: 0.0651 (0.0698)  loss_bbox_aux_2: 0.0757 (0.0807)  loss_bbox_dn_0: 0.0420 (0.0434)  loss_bbox_dn_1: 0.0338 (0.0359)  loss_bbox_dn_2: 0.0330 (0.0351)  loss_giou: 0.8578 (0.8313)  loss_giou_aux_0: 0.8845 (0.8524)  loss_giou_aux_1: 0.8607 (0.8382)  loss_giou_aux_2: 0.9550 (0.9125)  loss_giou_dn_0: 0.7036 (0.6814)  loss_giou_dn_1: 0.6326 (0.6044)  loss_giou_dn_2: 0.6220 (0.5944)  loss_vfl: 0.5095 (0.5041)  loss_vfl_aux_0: 0.5388 (0.5282)  loss_vfl_aux_1: 0.5194 (0.5137)  loss_vfl_aux_2: 0.5388 (0.5503)  loss_vfl_dn_0: 0.4640 (0.4656)  loss_vfl_dn_1: 0.4314 (0.4333)  loss_vfl_dn_2: 0.4247 (0.4266)  time: 1.0651  data: 0.0282  max mem: 10027
Epoch: [81]  [200/809]  eta: 0:11:28  lr: 0.000010  loss: 8.8260 (9.0258)  loss_bbox: 0.0658 (0.0657)  loss_bbox_aux_0: 0.0654 (0.0698)  loss_bbox_aux_1: 0.0642 (0.0664)  loss_bbox_aux_2: 0.0723 (0.0778)  loss_bbox_dn_0: 0.0438 (0.0443)  loss_bbox_dn_1: 0.0353 (0.0365)  loss_bbox_dn_2: 0.0344 (0.0355)  loss_giou: 0.7699 (0.8037)  loss_giou_aux_0: 0.7752 (0.8244)  loss_giou_aux_1: 0.7753 (0.8105)  loss_giou_aux_2: 0.8407 (0.8858)  loss_giou_dn_0: 0.6413 (0.6716)  loss_giou_dn_1: 0.5566 (0.5936)  loss_giou_dn_2: 0.5488 (0.5835)  loss_vfl: 0.5154 (0.5114)  loss_vfl_aux_0: 0.5398 (0.5358)  loss_vfl_aux_1: 0.5272 (0.5215)  loss_vfl_aux_2: 0.5693 (0.5579)  loss_vfl_dn_0: 0.4730 (0.4676)  loss_vfl_dn_1: 0.4434 (0.4349)  loss_vfl_dn_2: 0.4316 (0.4276)  time: 1.1535  data: 0.0272  max mem: 10027
Epoch: [81]  [300/809]  eta: 0:09:30  lr: 0.000010  loss: 8.8871 (8.9800)  loss_bbox: 0.0602 (0.0653)  loss_bbox_aux_0: 0.0649 (0.0692)  loss_bbox_aux_1: 0.0606 (0.0661)  loss_bbox_aux_2: 0.0746 (0.0780)  loss_bbox_dn_0: 0.0432 (0.0450)  loss_bbox_dn_1: 0.0348 (0.0370)  loss_bbox_dn_2: 0.0339 (0.0361)  loss_giou: 0.7647 (0.7941)  loss_giou_aux_0: 0.7732 (0.8146)  loss_giou_aux_1: 0.7578 (0.8011)  loss_giou_aux_2: 0.8322 (0.8767)  loss_giou_dn_0: 0.6656 (0.6661)  loss_giou_dn_1: 0.6027 (0.5892)  loss_giou_dn_2: 0.5957 (0.5792)  loss_vfl: 0.5062 (0.5127)  loss_vfl_aux_0: 0.5309 (0.5380)  loss_vfl_aux_1: 0.5115 (0.5228)  loss_vfl_aux_2: 0.5537 (0.5607)  loss_vfl_dn_0: 0.4624 (0.4675)  loss_vfl_dn_1: 0.4338 (0.4341)  loss_vfl_dn_2: 0.4222 (0.4265)  time: 1.1063  data: 0.0297  max mem: 10027
Epoch: [81]  [400/809]  eta: 0:07:37  lr: 0.000010  loss: 9.2383 (9.0103)  loss_bbox: 0.0596 (0.0664)  loss_bbox_aux_0: 0.0642 (0.0705)  loss_bbox_aux_1: 0.0627 (0.0674)  loss_bbox_aux_2: 0.0754 (0.0792)  loss_bbox_dn_0: 0.0414 (0.0451)  loss_bbox_dn_1: 0.0340 (0.0372)  loss_bbox_dn_2: 0.0334 (0.0362)  loss_giou: 0.8077 (0.7972)  loss_giou_aux_0: 0.8217 (0.8180)  loss_giou_aux_1: 0.8087 (0.8045)  loss_giou_aux_2: 0.9039 (0.8808)  loss_giou_dn_0: 0.6918 (0.6686)  loss_giou_dn_1: 0.6166 (0.5916)  loss_giou_dn_2: 0.6037 (0.5817)  loss_vfl: 0.5285 (0.5134)  loss_vfl_aux_0: 0.5608 (0.5390)  loss_vfl_aux_1: 0.5406 (0.5236)  loss_vfl_aux_2: 0.5719 (0.5615)  loss_vfl_dn_0: 0.4647 (0.4675)  loss_vfl_dn_1: 0.4323 (0.4342)  loss_vfl_dn_2: 0.4249 (0.4267)  time: 1.1525  data: 0.0271  max mem: 10027
Epoch: [81]  [500/809]  eta: 0:05:46  lr: 0.000010  loss: 9.2013 (9.0287)  loss_bbox: 0.0595 (0.0663)  loss_bbox_aux_0: 0.0605 (0.0704)  loss_bbox_aux_1: 0.0592 (0.0673)  loss_bbox_aux_2: 0.0689 (0.0788)  loss_bbox_dn_0: 0.0416 (0.0447)  loss_bbox_dn_1: 0.0348 (0.0369)  loss_bbox_dn_2: 0.0335 (0.0359)  loss_giou: 0.8197 (0.8031)  loss_giou_aux_0: 0.8195 (0.8233)  loss_giou_aux_1: 0.8077 (0.8104)  loss_giou_aux_2: 0.8909 (0.8859)  loss_giou_dn_0: 0.6862 (0.6711)  loss_giou_dn_1: 0.6028 (0.5946)  loss_giou_dn_2: 0.5931 (0.5849)  loss_vfl: 0.5009 (0.5109)  loss_vfl_aux_0: 0.5295 (0.5365)  loss_vfl_aux_1: 0.5137 (0.5210)  loss_vfl_aux_2: 0.5596 (0.5590)  loss_vfl_dn_0: 0.4645 (0.4672)  loss_vfl_dn_1: 0.4341 (0.4341)  loss_vfl_dn_2: 0.4253 (0.4265)  time: 1.1617  data: 0.0273  max mem: 10027
Epoch: [81]  [600/809]  eta: 0:03:54  lr: 0.000010  loss: 9.0248 (9.0414)  loss_bbox: 0.0585 (0.0662)  loss_bbox_aux_0: 0.0609 (0.0703)  loss_bbox_aux_1: 0.0577 (0.0671)  loss_bbox_aux_2: 0.0687 (0.0785)  loss_bbox_dn_0: 0.0358 (0.0445)  loss_bbox_dn_1: 0.0297 (0.0367)  loss_bbox_dn_2: 0.0288 (0.0358)  loss_giou: 0.7959 (0.8066)  loss_giou_aux_0: 0.8165 (0.8264)  loss_giou_aux_1: 0.8035 (0.8139)  loss_giou_aux_2: 0.9047 (0.8895)  loss_giou_dn_0: 0.6854 (0.6724)  loss_giou_dn_1: 0.6272 (0.5962)  loss_giou_dn_2: 0.6120 (0.5865)  loss_vfl: 0.5164 (0.5097)  loss_vfl_aux_0: 0.5300 (0.5355)  loss_vfl_aux_1: 0.5217 (0.5200)  loss_vfl_aux_2: 0.5542 (0.5576)  loss_vfl_dn_0: 0.4679 (0.4673)  loss_vfl_dn_1: 0.4360 (0.4341)  loss_vfl_dn_2: 0.4277 (0.4266)  time: 1.1238  data: 0.0289  max mem: 10027
Epoch: [81]  [700/809]  eta: 0:02:01  lr: 0.000010  loss: 8.8431 (9.0116)  loss_bbox: 0.0586 (0.0653)  loss_bbox_aux_0: 0.0589 (0.0694)  loss_bbox_aux_1: 0.0581 (0.0662)  loss_bbox_aux_2: 0.0651 (0.0776)  loss_bbox_dn_0: 0.0390 (0.0447)  loss_bbox_dn_1: 0.0316 (0.0369)  loss_bbox_dn_2: 0.0311 (0.0360)  loss_giou: 0.7228 (0.7997)  loss_giou_aux_0: 0.7688 (0.8194)  loss_giou_aux_1: 0.7464 (0.8070)  loss_giou_aux_2: 0.8475 (0.8826)  loss_giou_dn_0: 0.6460 (0.6701)  loss_giou_dn_1: 0.5751 (0.5942)  loss_giou_dn_2: 0.5675 (0.5844)  loss_vfl: 0.5149 (0.5116)  loss_vfl_aux_0: 0.5331 (0.5374)  loss_vfl_aux_1: 0.5220 (0.5217)  loss_vfl_aux_2: 0.5471 (0.5597)  loss_vfl_dn_0: 0.4656 (0.4674)  loss_vfl_dn_1: 0.4323 (0.4339)  loss_vfl_dn_2: 0.4224 (0.4263)  time: 1.0479  data: 0.0269  max mem: 10027
Epoch: [81]  [800/809]  eta: 0:00:10  lr: 0.000010  loss: 8.8789 (9.0215)  loss_bbox: 0.0655 (0.0657)  loss_bbox_aux_0: 0.0686 (0.0698)  loss_bbox_aux_1: 0.0664 (0.0666)  loss_bbox_aux_2: 0.0789 (0.0778)  loss_bbox_dn_0: 0.0439 (0.0448)  loss_bbox_dn_1: 0.0360 (0.0370)  loss_bbox_dn_2: 0.0355 (0.0361)  loss_giou: 0.7659 (0.8012)  loss_giou_aux_0: 0.7836 (0.8207)  loss_giou_aux_1: 0.7731 (0.8084)  loss_giou_aux_2: 0.8538 (0.8836)  loss_giou_dn_0: 0.6346 (0.6707)  loss_giou_dn_1: 0.5453 (0.5949)  loss_giou_dn_2: 0.5318 (0.5851)  loss_vfl: 0.5266 (0.5116)  loss_vfl_aux_0: 0.5513 (0.5373)  loss_vfl_aux_1: 0.5345 (0.5217)  loss_vfl_aux_2: 0.5778 (0.5596)  loss_vfl_dn_0: 0.4626 (0.4677)  loss_vfl_dn_1: 0.4354 (0.4343)  loss_vfl_dn_2: 0.4282 (0.4267)  time: 1.0609  data: 0.0296  max mem: 10027
Epoch: [81]  [808/809]  eta: 0:00:01  lr: 0.000010  loss: 9.2322 (9.0209)  loss_bbox: 0.0655 (0.0657)  loss_bbox_aux_0: 0.0686 (0.0698)  loss_bbox_aux_1: 0.0677 (0.0666)  loss_bbox_aux_2: 0.0785 (0.0778)  loss_bbox_dn_0: 0.0432 (0.0448)  loss_bbox_dn_1: 0.0353 (0.0370)  loss_bbox_dn_2: 0.0342 (0.0361)  loss_giou: 0.8047 (0.8008)  loss_giou_aux_0: 0.8236 (0.8204)  loss_giou_aux_1: 0.8157 (0.8080)  loss_giou_aux_2: 0.8786 (0.8834)  loss_giou_dn_0: 0.6797 (0.6706)  loss_giou_dn_1: 0.6025 (0.5948)  loss_giou_dn_2: 0.5951 (0.5850)  loss_vfl: 0.5277 (0.5119)  loss_vfl_aux_0: 0.5536 (0.5377)  loss_vfl_aux_1: 0.5345 (0.5220)  loss_vfl_aux_2: 0.5641 (0.5600)  loss_vfl_dn_0: 0.4652 (0.4677)  loss_vfl_dn_1: 0.4364 (0.4343)  loss_vfl_dn_2: 0.4275 (0.4267)  time: 0.9689  data: 0.0293  max mem: 10027
Epoch: [81] Total time: 0:14:57 (1.1098 s / it)
Averaged stats: lr: 0.000010  loss: 9.2322 (9.0209)  loss_bbox: 0.0655 (0.0657)  loss_bbox_aux_0: 0.0686 (0.0698)  loss_bbox_aux_1: 0.0677 (0.0666)  loss_bbox_aux_2: 0.0785 (0.0778)  loss_bbox_dn_0: 0.0432 (0.0448)  loss_bbox_dn_1: 0.0353 (0.0370)  loss_bbox_dn_2: 0.0342 (0.0361)  loss_giou: 0.8047 (0.8008)  loss_giou_aux_0: 0.8236 (0.8204)  loss_giou_aux_1: 0.8157 (0.8080)  loss_giou_aux_2: 0.8786 (0.8834)  loss_giou_dn_0: 0.6797 (0.6706)  loss_giou_dn_1: 0.6025 (0.5948)  loss_giou_dn_2: 0.5951 (0.5850)  loss_vfl: 0.5277 (0.5119)  loss_vfl_aux_0: 0.5536 (0.5377)  loss_vfl_aux_1: 0.5345 (0.5220)  loss_vfl_aux_2: 0.5641 (0.5600)  loss_vfl_dn_0: 0.4652 (0.4677)  loss_vfl_dn_1: 0.4364 (0.4343)  loss_vfl_dn_2: 0.4275 (0.4267)
Test:  [ 0/69]  eta: 0:01:25    time: 1.2413  data: 0.6775  max mem: 10027
Test:  [10/69]  eta: 0:00:41    time: 0.7087  data: 0.0810  max mem: 10027
Test:  [20/69]  eta: 0:00:33    time: 0.6642  data: 0.0213  max mem: 10027
Test:  [30/69]  eta: 0:00:26    time: 0.6446  data: 0.0215  max mem: 10027
Test:  [40/69]  eta: 0:00:18    time: 0.6100  data: 0.0212  max mem: 10027
Test:  [50/69]  eta: 0:00:12    time: 0.5885  data: 0.0212  max mem: 10027
Test:  [60/69]  eta: 0:00:05    time: 0.5643  data: 0.0219  max mem: 10027
Test:  [68/69]  eta: 0:00:00    time: 0.5760  data: 0.0200  max mem: 10027
Test: Total time: 0:00:42 (0.6230 s / it)
Averaged stats: 
Accumulating evaluation results...
DONE (t=2.03s).
IoU metric: bbox
 Average Precision  (AP) @[ IoU=0.50:0.95 | area=   all | maxDets=100 ] = 0.265
 Average Precision  (AP) @[ IoU=0.50      | area=   all | maxDets=100 ] = 0.426
 Average Precision  (AP) @[ IoU=0.75      | area=   all | maxDets=100 ] = 0.273
 Average Precision  (AP) @[ IoU=0.50:0.95 | area= small | maxDets=100 ] = 0.186
 Average Precision  (AP) @[ IoU=0.50:0.95 | area=medium | maxDets=100 ] = 0.352
 Average Precision  (AP) @[ IoU=0.50:0.95 | area= large | maxDets=100 ] = 0.501
 Average Recall     (AR) @[ IoU=0.50:0.95 | area=   all | maxDets=  1 ] = 0.111
 Average Recall     (AR) @[ IoU=0.50:0.95 | area=   all | maxDets= 10 ] = 0.317
 Average Recall     (AR) @[ IoU=0.50:0.95 | area=   all | maxDets=100 ] = 0.427
 Average Recall     (AR) @[ IoU=0.50:0.95 | area= small | maxDets=100 ] = 0.346
 Average Recall     (AR) @[ IoU=0.50:0.95 | area=medium | maxDets=100 ] = 0.530
 Average Recall     (AR) @[ IoU=0.50:0.95 | area= large | maxDets=100 ] = 0.645
best_stat:  {'epoch': 80, 'coco_eval_bbox': 0.2650527931232369}
Epoch: [82]  [  0/809]  eta: 1:23:09  lr: 0.000010  loss: 8.8864 (8.8864)  loss_bbox: 0.0625 (0.0625)  loss_bbox_aux_0: 0.0634 (0.0634)  loss_bbox_aux_1: 0.0639 (0.0639)  loss_bbox_aux_2: 0.0749 (0.0749)  loss_bbox_dn_0: 0.0395 (0.0395)  loss_bbox_dn_1: 0.0326 (0.0326)  loss_bbox_dn_2: 0.0321 (0.0321)  loss_giou: 0.8071 (0.8071)  loss_giou_aux_0: 0.8337 (0.8337)  loss_giou_aux_1: 0.8143 (0.8143)  loss_giou_aux_2: 0.9069 (0.9069)  loss_giou_dn_0: 0.6686 (0.6686)  loss_giou_dn_1: 0.5858 (0.5858)  loss_giou_dn_2: 0.5733 (0.5733)  loss_vfl: 0.4780 (0.4780)  loss_vfl_aux_0: 0.5066 (0.5066)  loss_vfl_aux_1: 0.4933 (0.4933)  loss_vfl_aux_2: 0.5151 (0.5151)  loss_vfl_dn_0: 0.4725 (0.4725)  loss_vfl_dn_1: 0.4344 (0.4344)  loss_vfl_dn_2: 0.4279 (0.4279)  time: 6.1675  data: 3.3828  max mem: 10027
Epoch: [82]  [100/809]  eta: 0:13:40  lr: 0.000010  loss: 8.9230 (8.9424)  loss_bbox: 0.0638 (0.0647)  loss_bbox_aux_0: 0.0674 (0.0694)  loss_bbox_aux_1: 0.0657 (0.0660)  loss_bbox_aux_2: 0.0802 (0.0776)  loss_bbox_dn_0: 0.0470 (0.0458)  loss_bbox_dn_1: 0.0397 (0.0380)  loss_bbox_dn_2: 0.0389 (0.0370)  loss_giou: 0.7561 (0.7840)  loss_giou_aux_0: 0.7760 (0.8039)  loss_giou_aux_1: 0.7771 (0.7909)  loss_giou_aux_2: 0.8485 (0.8632)  loss_giou_dn_0: 0.6518 (0.6639)  loss_giou_dn_1: 0.5830 (0.5894)  loss_giou_dn_2: 0.5764 (0.5797)  loss_vfl: 0.5046 (0.5121)  loss_vfl_aux_0: 0.5345 (0.5398)  loss_vfl_aux_1: 0.5173 (0.5225)  loss_vfl_aux_2: 0.5720 (0.5633)  loss_vfl_dn_0: 0.4680 (0.4687)  loss_vfl_dn_1: 0.4374 (0.4351)  loss_vfl_dn_2: 0.4326 (0.4275)  time: 1.1146  data: 0.0292  max mem: 10027
Epoch: [82]  [200/809]  eta: 0:11:24  lr: 0.000010  loss: 8.8986 (8.9206)  loss_bbox: 0.0638 (0.0647)  loss_bbox_aux_0: 0.0662 (0.0691)  loss_bbox_aux_1: 0.0648 (0.0658)  loss_bbox_aux_2: 0.0744 (0.0771)  loss_bbox_dn_0: 0.0393 (0.0462)  loss_bbox_dn_1: 0.0313 (0.0382)  loss_bbox_dn_2: 0.0295 (0.0371)  loss_giou: 0.8054 (0.7774)  loss_giou_aux_0: 0.8286 (0.7980)  loss_giou_aux_1: 0.8136 (0.7848)  loss_giou_aux_2: 0.8667 (0.8591)  loss_giou_dn_0: 0.6349 (0.6611)  loss_giou_dn_1: 0.5555 (0.5855)  loss_giou_dn_2: 0.5418 (0.5754)  loss_vfl: 0.5198 (0.5165)  loss_vfl_aux_0: 0.5524 (0.5428)  loss_vfl_aux_1: 0.5345 (0.5264)  loss_vfl_aux_2: 0.5801 (0.5664)  loss_vfl_dn_0: 0.4688 (0.4678)  loss_vfl_dn_1: 0.4294 (0.4344)  loss_vfl_dn_2: 0.4194 (0.4267)  time: 1.0904  data: 0.0308  max mem: 10027
Epoch: [82]  [300/809]  eta: 0:09:29  lr: 0.000010  loss: 9.1795 (8.9698)  loss_bbox: 0.0607 (0.0653)  loss_bbox_aux_0: 0.0640 (0.0696)  loss_bbox_aux_1: 0.0615 (0.0664)  loss_bbox_aux_2: 0.0754 (0.0775)  loss_bbox_dn_0: 0.0428 (0.0458)  loss_bbox_dn_1: 0.0344 (0.0378)  loss_bbox_dn_2: 0.0345 (0.0368)  loss_giou: 0.8572 (0.7889)  loss_giou_aux_0: 0.8613 (0.8094)  loss_giou_aux_1: 0.8494 (0.7962)  loss_giou_aux_2: 0.9029 (0.8710)  loss_giou_dn_0: 0.6944 (0.6652)  loss_giou_dn_1: 0.6139 (0.5899)  loss_giou_dn_2: 0.6003 (0.5799)  loss_vfl: 0.4969 (0.5142)  loss_vfl_aux_0: 0.5161 (0.5394)  loss_vfl_aux_1: 0.5084 (0.5239)  loss_vfl_aux_2: 0.5330 (0.5623)  loss_vfl_dn_0: 0.4651 (0.4683)  loss_vfl_dn_1: 0.4385 (0.4348)  loss_vfl_dn_2: 0.4288 (0.4271)  time: 1.1417  data: 0.0344  max mem: 10027
Epoch: [82]  [400/809]  eta: 0:07:36  lr: 0.000010  loss: 8.9031 (8.9624)  loss_bbox: 0.0557 (0.0648)  loss_bbox_aux_0: 0.0609 (0.0690)  loss_bbox_aux_1: 0.0580 (0.0658)  loss_bbox_aux_2: 0.0674 (0.0768)  loss_bbox_dn_0: 0.0436 (0.0453)  loss_bbox_dn_1: 0.0356 (0.0374)  loss_bbox_dn_2: 0.0342 (0.0364)  loss_giou: 0.8060 (0.7888)  loss_giou_aux_0: 0.8212 (0.8087)  loss_giou_aux_1: 0.8222 (0.7959)  loss_giou_aux_2: 0.8763 (0.8704)  loss_giou_dn_0: 0.6571 (0.6639)  loss_giou_dn_1: 0.5931 (0.5888)  loss_giou_dn_2: 0.5796 (0.5789)  loss_vfl: 0.5120 (0.5147)  loss_vfl_aux_0: 0.5370 (0.5401)  loss_vfl_aux_1: 0.5236 (0.5245)  loss_vfl_aux_2: 0.5547 (0.5626)  loss_vfl_dn_0: 0.4653 (0.4681)  loss_vfl_dn_1: 0.4277 (0.4346)  loss_vfl_dn_2: 0.4196 (0.4268)  time: 1.0790  data: 0.0293  max mem: 10027
Epoch: [82]  [500/809]  eta: 0:05:44  lr: 0.000010  loss: 8.8140 (8.9698)  loss_bbox: 0.0590 (0.0652)  loss_bbox_aux_0: 0.0640 (0.0694)  loss_bbox_aux_1: 0.0584 (0.0662)  loss_bbox_aux_2: 0.0727 (0.0772)  loss_bbox_dn_0: 0.0431 (0.0450)  loss_bbox_dn_1: 0.0358 (0.0372)  loss_bbox_dn_2: 0.0351 (0.0362)  loss_giou: 0.7591 (0.7902)  loss_giou_aux_0: 0.7938 (0.8102)  loss_giou_aux_1: 0.7767 (0.7977)  loss_giou_aux_2: 0.8721 (0.8723)  loss_giou_dn_0: 0.6412 (0.6644)  loss_giou_dn_1: 0.5675 (0.5894)  loss_giou_dn_2: 0.5558 (0.5796)  loss_vfl: 0.5021 (0.5139)  loss_vfl_aux_0: 0.5249 (0.5397)  loss_vfl_aux_1: 0.5087 (0.5238)  loss_vfl_aux_2: 0.5544 (0.5623)  loss_vfl_dn_0: 0.4657 (0.4684)  loss_vfl_dn_1: 0.4357 (0.4347)  loss_vfl_dn_2: 0.4248 (0.4268)  time: 1.1033  data: 0.0296  max mem: 10027
Epoch: [82]  [600/809]  eta: 0:03:52  lr: 0.000010  loss: 8.5212 (8.9542)  loss_bbox: 0.0551 (0.0647)  loss_bbox_aux_0: 0.0568 (0.0689)  loss_bbox_aux_1: 0.0544 (0.0657)  loss_bbox_aux_2: 0.0636 (0.0767)  loss_bbox_dn_0: 0.0419 (0.0448)  loss_bbox_dn_1: 0.0343 (0.0370)  loss_bbox_dn_2: 0.0339 (0.0361)  loss_giou: 0.7198 (0.7865)  loss_giou_aux_0: 0.7226 (0.8064)  loss_giou_aux_1: 0.7194 (0.7939)  loss_giou_aux_2: 0.8018 (0.8688)  loss_giou_dn_0: 0.6463 (0.6646)  loss_giou_dn_1: 0.5699 (0.5895)  loss_giou_dn_2: 0.5568 (0.5797)  loss_vfl: 0.5260 (0.5145)  loss_vfl_aux_0: 0.5529 (0.5399)  loss_vfl_aux_1: 0.5396 (0.5242)  loss_vfl_aux_2: 0.5802 (0.5623)  loss_vfl_dn_0: 0.4612 (0.4682)  loss_vfl_dn_1: 0.4332 (0.4347)  loss_vfl_dn_2: 0.4274 (0.4269)  time: 1.0817  data: 0.0273  max mem: 11946
Epoch: [82]  [700/809]  eta: 0:02:00  lr: 0.000010  loss: 9.1360 (8.9561)  loss_bbox: 0.0607 (0.0647)  loss_bbox_aux_0: 0.0690 (0.0688)  loss_bbox_aux_1: 0.0618 (0.0657)  loss_bbox_aux_2: 0.0731 (0.0767)  loss_bbox_dn_0: 0.0424 (0.0449)  loss_bbox_dn_1: 0.0360 (0.0371)  loss_bbox_dn_2: 0.0354 (0.0362)  loss_giou: 0.8140 (0.7868)  loss_giou_aux_0: 0.8364 (0.8065)  loss_giou_aux_1: 0.8250 (0.7942)  loss_giou_aux_2: 0.8919 (0.8688)  loss_giou_dn_0: 0.6789 (0.6647)  loss_giou_dn_1: 0.6024 (0.5896)  loss_giou_dn_2: 0.5971 (0.5799)  loss_vfl: 0.5109 (0.5146)  loss_vfl_aux_0: 0.5298 (0.5400)  loss_vfl_aux_1: 0.5184 (0.5244)  loss_vfl_aux_2: 0.5367 (0.5627)  loss_vfl_dn_0: 0.4711 (0.4682)  loss_vfl_dn_1: 0.4399 (0.4346)  loss_vfl_dn_2: 0.4326 (0.4268)  time: 1.0726  data: 0.0288  max mem: 11946
Epoch: [82]  [800/809]  eta: 0:00:09  lr: 0.000010  loss: 8.9596 (8.9760)  loss_bbox: 0.0585 (0.0649)  loss_bbox_aux_0: 0.0616 (0.0691)  loss_bbox_aux_1: 0.0596 (0.0660)  loss_bbox_aux_2: 0.0675 (0.0768)  loss_bbox_dn_0: 0.0377 (0.0446)  loss_bbox_dn_1: 0.0318 (0.0368)  loss_bbox_dn_2: 0.0308 (0.0359)  loss_giou: 0.7419 (0.7916)  loss_giou_aux_0: 0.7640 (0.8113)  loss_giou_aux_1: 0.7512 (0.7990)  loss_giou_aux_2: 0.8162 (0.8734)  loss_giou_dn_0: 0.6534 (0.6664)  loss_giou_dn_1: 0.5756 (0.5912)  loss_giou_dn_2: 0.5610 (0.5816)  loss_vfl: 0.5294 (0.5140)  loss_vfl_aux_0: 0.5496 (0.5390)  loss_vfl_aux_1: 0.5400 (0.5238)  loss_vfl_aux_2: 0.5701 (0.5615)  loss_vfl_dn_0: 0.4705 (0.4681)  loss_vfl_dn_1: 0.4358 (0.4345)  loss_vfl_dn_2: 0.4270 (0.4266)  time: 1.0964  data: 0.0253  max mem: 11946
Epoch: [82]  [808/809]  eta: 0:00:01  lr: 0.000010  loss: 9.0542 (8.9764)  loss_bbox: 0.0610 (0.0648)  loss_bbox_aux_0: 0.0653 (0.0691)  loss_bbox_aux_1: 0.0618 (0.0660)  loss_bbox_aux_2: 0.0728 (0.0768)  loss_bbox_dn_0: 0.0444 (0.0447)  loss_bbox_dn_1: 0.0361 (0.0369)  loss_bbox_dn_2: 0.0358 (0.0360)  loss_giou: 0.7906 (0.7914)  loss_giou_aux_0: 0.8096 (0.8111)  loss_giou_aux_1: 0.7987 (0.7987)  loss_giou_aux_2: 0.8568 (0.8732)  loss_giou_dn_0: 0.6575 (0.6663)  loss_giou_dn_1: 0.5810 (0.5911)  loss_giou_dn_2: 0.5610 (0.5815)  loss_vfl: 0.5322 (0.5143)  loss_vfl_aux_0: 0.5579 (0.5393)  loss_vfl_aux_1: 0.5443 (0.5241)  loss_vfl_aux_2: 0.5927 (0.5618)  loss_vfl_dn_0: 0.4706 (0.4682)  loss_vfl_dn_1: 0.4369 (0.4345)  loss_vfl_dn_2: 0.4270 (0.4267)  time: 0.9848  data: 0.0247  max mem: 11946
Epoch: [82] Total time: 0:14:51 (1.1021 s / it)
Averaged stats: lr: 0.000010  loss: 9.0542 (8.9764)  loss_bbox: 0.0610 (0.0648)  loss_bbox_aux_0: 0.0653 (0.0691)  loss_bbox_aux_1: 0.0618 (0.0660)  loss_bbox_aux_2: 0.0728 (0.0768)  loss_bbox_dn_0: 0.0444 (0.0447)  loss_bbox_dn_1: 0.0361 (0.0369)  loss_bbox_dn_2: 0.0358 (0.0360)  loss_giou: 0.7906 (0.7914)  loss_giou_aux_0: 0.8096 (0.8111)  loss_giou_aux_1: 0.7987 (0.7987)  loss_giou_aux_2: 0.8568 (0.8732)  loss_giou_dn_0: 0.6575 (0.6663)  loss_giou_dn_1: 0.5810 (0.5911)  loss_giou_dn_2: 0.5610 (0.5815)  loss_vfl: 0.5322 (0.5143)  loss_vfl_aux_0: 0.5579 (0.5393)  loss_vfl_aux_1: 0.5443 (0.5241)  loss_vfl_aux_2: 0.5927 (0.5618)  loss_vfl_dn_0: 0.4706 (0.4682)  loss_vfl_dn_1: 0.4369 (0.4345)  loss_vfl_dn_2: 0.4270 (0.4267)
Test:  [ 0/69]  eta: 0:01:46    time: 1.5467  data: 0.9963  max mem: 11946
Test:  [10/69]  eta: 0:00:47    time: 0.8098  data: 0.1099  max mem: 11946
Test:  [20/69]  eta: 0:00:37    time: 0.7220  data: 0.0216  max mem: 11946
Test:  [30/69]  eta: 0:00:28    time: 0.6859  data: 0.0219  max mem: 11946
Test:  [40/69]  eta: 0:00:20    time: 0.6455  data: 0.0233  max mem: 11946
Test:  [50/69]  eta: 0:00:12    time: 0.5968  data: 0.0238  max mem: 11946
Test:  [60/69]  eta: 0:00:05    time: 0.5693  data: 0.0223  max mem: 11946
Test:  [68/69]  eta: 0:00:00    time: 0.5837  data: 0.0225  max mem: 11946
Test: Total time: 0:00:45 (0.6562 s / it)
Averaged stats: 
Accumulating evaluation results...
DONE (t=2.08s).
IoU metric: bbox
 Average Precision  (AP) @[ IoU=0.50:0.95 | area=   all | maxDets=100 ] = 0.265
 Average Precision  (AP) @[ IoU=0.50      | area=   all | maxDets=100 ] = 0.426
 Average Precision  (AP) @[ IoU=0.75      | area=   all | maxDets=100 ] = 0.273
 Average Precision  (AP) @[ IoU=0.50:0.95 | area= small | maxDets=100 ] = 0.186
 Average Precision  (AP) @[ IoU=0.50:0.95 | area=medium | maxDets=100 ] = 0.352
 Average Precision  (AP) @[ IoU=0.50:0.95 | area= large | maxDets=100 ] = 0.495
 Average Recall     (AR) @[ IoU=0.50:0.95 | area=   all | maxDets=  1 ] = 0.111
 Average Recall     (AR) @[ IoU=0.50:0.95 | area=   all | maxDets= 10 ] = 0.317
 Average Recall     (AR) @[ IoU=0.50:0.95 | area=   all | maxDets=100 ] = 0.427
 Average Recall     (AR) @[ IoU=0.50:0.95 | area= small | maxDets=100 ] = 0.347
 Average Recall     (AR) @[ IoU=0.50:0.95 | area=medium | maxDets=100 ] = 0.530
 Average Recall     (AR) @[ IoU=0.50:0.95 | area= large | maxDets=100 ] = 0.645
best_stat:  {'epoch': 80, 'coco_eval_bbox': 0.2650527931232369}
Epoch: [83]  [  0/809]  eta: 1:30:38  lr: 0.000010  loss: 9.0605 (9.0605)  loss_bbox: 0.0457 (0.0457)  loss_bbox_aux_0: 0.0450 (0.0450)  loss_bbox_aux_1: 0.0452 (0.0452)  loss_bbox_aux_2: 0.0508 (0.0508)  loss_bbox_dn_0: 0.0402 (0.0402)  loss_bbox_dn_1: 0.0352 (0.0352)  loss_bbox_dn_2: 0.0353 (0.0353)  loss_giou: 0.8151 (0.8151)  loss_giou_aux_0: 0.8512 (0.8512)  loss_giou_aux_1: 0.8283 (0.8283)  loss_giou_aux_2: 0.8944 (0.8944)  loss_giou_dn_0: 0.7212 (0.7212)  loss_giou_dn_1: 0.6623 (0.6623)  loss_giou_dn_2: 0.6547 (0.6547)  loss_vfl: 0.4888 (0.4888)  loss_vfl_aux_0: 0.4962 (0.4962)  loss_vfl_aux_1: 0.4856 (0.4856)  loss_vfl_aux_2: 0.5203 (0.5203)  loss_vfl_dn_0: 0.4657 (0.4657)  loss_vfl_dn_1: 0.4410 (0.4410)  loss_vfl_dn_2: 0.4381 (0.4381)  time: 6.7229  data: 4.9272  max mem: 11946
Epoch: [83]  [100/809]  eta: 0:13:52  lr: 0.000010  loss: 9.1803 (8.9405)  loss_bbox: 0.0578 (0.0652)  loss_bbox_aux_0: 0.0596 (0.0695)  loss_bbox_aux_1: 0.0570 (0.0665)  loss_bbox_aux_2: 0.0679 (0.0761)  loss_bbox_dn_0: 0.0374 (0.0436)  loss_bbox_dn_1: 0.0321 (0.0361)  loss_bbox_dn_2: 0.0317 (0.0352)  loss_giou: 0.7830 (0.7899)  loss_giou_aux_0: 0.8241 (0.8082)  loss_giou_aux_1: 0.8149 (0.7976)  loss_giou_aux_2: 0.9232 (0.8738)  loss_giou_dn_0: 0.6745 (0.6634)  loss_giou_dn_1: 0.6190 (0.5904)  loss_giou_dn_2: 0.6074 (0.5805)  loss_vfl: 0.5107 (0.5084)  loss_vfl_aux_0: 0.5415 (0.5357)  loss_vfl_aux_1: 0.5222 (0.5193)  loss_vfl_aux_2: 0.5602 (0.5583)  loss_vfl_dn_0: 0.4633 (0.4663)  loss_vfl_dn_1: 0.4365 (0.4323)  loss_vfl_dn_2: 0.4293 (0.4242)  time: 1.1666  data: 0.0316  max mem: 11946
Epoch: [83]  [200/809]  eta: 0:11:35  lr: 0.000010  loss: 8.9109 (8.9540)  loss_bbox: 0.0598 (0.0644)  loss_bbox_aux_0: 0.0648 (0.0688)  loss_bbox_aux_1: 0.0601 (0.0656)  loss_bbox_aux_2: 0.0737 (0.0762)  loss_bbox_dn_0: 0.0389 (0.0441)  loss_bbox_dn_1: 0.0322 (0.0365)  loss_bbox_dn_2: 0.0320 (0.0356)  loss_giou: 0.7629 (0.7900)  loss_giou_aux_0: 0.7847 (0.8093)  loss_giou_aux_1: 0.7746 (0.7981)  loss_giou_aux_2: 0.8435 (0.8746)  loss_giou_dn_0: 0.6465 (0.6653)  loss_giou_dn_1: 0.5603 (0.5916)  loss_giou_dn_2: 0.5573 (0.5817)  loss_vfl: 0.5183 (0.5105)  loss_vfl_aux_0: 0.5461 (0.5357)  loss_vfl_aux_1: 0.5221 (0.5204)  loss_vfl_aux_2: 0.5828 (0.5590)  loss_vfl_dn_0: 0.4745 (0.4674)  loss_vfl_dn_1: 0.4370 (0.4335)  loss_vfl_dn_2: 0.4286 (0.4256)  time: 1.1029  data: 0.0289  max mem: 11946
Epoch: [83]  [300/809]  eta: 0:09:35  lr: 0.000010  loss: 9.2398 (8.9442)  loss_bbox: 0.0576 (0.0629)  loss_bbox_aux_0: 0.0596 (0.0669)  loss_bbox_aux_1: 0.0567 (0.0639)  loss_bbox_aux_2: 0.0708 (0.0744)  loss_bbox_dn_0: 0.0403 (0.0438)  loss_bbox_dn_1: 0.0330 (0.0361)  loss_bbox_dn_2: 0.0326 (0.0353)  loss_giou: 0.8452 (0.7875)  loss_giou_aux_0: 0.8734 (0.8067)  loss_giou_aux_1: 0.8443 (0.7951)  loss_giou_aux_2: 0.9313 (0.8720)  loss_giou_dn_0: 0.6943 (0.6656)  loss_giou_dn_1: 0.6169 (0.5908)  loss_giou_dn_2: 0.6040 (0.5811)  loss_vfl: 0.5021 (0.5129)  loss_vfl_aux_0: 0.5277 (0.5380)  loss_vfl_aux_1: 0.5120 (0.5228)  loss_vfl_aux_2: 0.5366 (0.5603)  loss_vfl_dn_0: 0.4688 (0.4680)  loss_vfl_dn_1: 0.4395 (0.4340)  loss_vfl_dn_2: 0.4336 (0.4262)  time: 1.0619  data: 0.0267  max mem: 11946
Epoch: [83]  [400/809]  eta: 0:07:38  lr: 0.000010  loss: 9.1262 (8.9598)  loss_bbox: 0.0636 (0.0631)  loss_bbox_aux_0: 0.0722 (0.0672)  loss_bbox_aux_1: 0.0643 (0.0642)  loss_bbox_aux_2: 0.0735 (0.0747)  loss_bbox_dn_0: 0.0436 (0.0437)  loss_bbox_dn_1: 0.0370 (0.0362)  loss_bbox_dn_2: 0.0357 (0.0353)  loss_giou: 0.8053 (0.7893)  loss_giou_aux_0: 0.8285 (0.8087)  loss_giou_aux_1: 0.8153 (0.7968)  loss_giou_aux_2: 0.8925 (0.8735)  loss_giou_dn_0: 0.6797 (0.6667)  loss_giou_dn_1: 0.6136 (0.5917)  loss_giou_dn_2: 0.6013 (0.5819)  loss_vfl: 0.5150 (0.5139)  loss_vfl_aux_0: 0.5300 (0.5389)  loss_vfl_aux_1: 0.5204 (0.5237)  loss_vfl_aux_2: 0.5518 (0.5607)  loss_vfl_dn_0: 0.4697 (0.4683)  loss_vfl_dn_1: 0.4365 (0.4345)  loss_vfl_dn_2: 0.4291 (0.4266)  time: 1.1663  data: 0.0292  max mem: 11946
Epoch: [83]  [500/809]  eta: 0:05:45  lr: 0.000010  loss: 8.9099 (8.9505)  loss_bbox: 0.0561 (0.0628)  loss_bbox_aux_0: 0.0629 (0.0671)  loss_bbox_aux_1: 0.0574 (0.0639)  loss_bbox_aux_2: 0.0696 (0.0743)  loss_bbox_dn_0: 0.0389 (0.0435)  loss_bbox_dn_1: 0.0314 (0.0361)  loss_bbox_dn_2: 0.0312 (0.0352)  loss_giou: 0.7479 (0.7889)  loss_giou_aux_0: 0.7614 (0.8085)  loss_giou_aux_1: 0.7634 (0.7965)  loss_giou_aux_2: 0.8538 (0.8719)  loss_giou_dn_0: 0.6541 (0.6657)  loss_giou_dn_1: 0.5780 (0.5909)  loss_giou_dn_2: 0.5667 (0.5812)  loss_vfl: 0.5135 (0.5135)  loss_vfl_aux_0: 0.5375 (0.5381)  loss_vfl_aux_1: 0.5176 (0.5229)  loss_vfl_aux_2: 0.5479 (0.5608)  loss_vfl_dn_0: 0.4692 (0.4682)  loss_vfl_dn_1: 0.4354 (0.4342)  loss_vfl_dn_2: 0.4227 (0.4263)  time: 1.1140  data: 0.0252  max mem: 11946
Epoch: [83]  [600/809]  eta: 0:03:53  lr: 0.000010  loss: 8.9209 (8.9581)  loss_bbox: 0.0627 (0.0635)  loss_bbox_aux_0: 0.0639 (0.0677)  loss_bbox_aux_1: 0.0627 (0.0645)  loss_bbox_aux_2: 0.0708 (0.0751)  loss_bbox_dn_0: 0.0450 (0.0438)  loss_bbox_dn_1: 0.0375 (0.0363)  loss_bbox_dn_2: 0.0368 (0.0354)  loss_giou: 0.7863 (0.7901)  loss_giou_aux_0: 0.8087 (0.8094)  loss_giou_aux_1: 0.7902 (0.7973)  loss_giou_aux_2: 0.8610 (0.8732)  loss_giou_dn_0: 0.6639 (0.6664)  loss_giou_dn_1: 0.5937 (0.5917)  loss_giou_dn_2: 0.5786 (0.5818)  loss_vfl: 0.4993 (0.5132)  loss_vfl_aux_0: 0.5236 (0.5376)  loss_vfl_aux_1: 0.5098 (0.5226)  loss_vfl_aux_2: 0.5436 (0.5601)  loss_vfl_dn_0: 0.4646 (0.4681)  loss_vfl_dn_1: 0.4365 (0.4341)  loss_vfl_dn_2: 0.4310 (0.4262)  time: 1.1348  data: 0.0279  max mem: 11946
Epoch: [83]  [700/809]  eta: 0:02:01  lr: 0.000010  loss: 8.9245 (8.9598)  loss_bbox: 0.0542 (0.0629)  loss_bbox_aux_0: 0.0577 (0.0671)  loss_bbox_aux_1: 0.0553 (0.0640)  loss_bbox_aux_2: 0.0668 (0.0746)  loss_bbox_dn_0: 0.0401 (0.0435)  loss_bbox_dn_1: 0.0336 (0.0360)  loss_bbox_dn_2: 0.0316 (0.0351)  loss_giou: 0.7979 (0.7907)  loss_giou_aux_0: 0.8078 (0.8097)  loss_giou_aux_1: 0.8062 (0.7976)  loss_giou_aux_2: 0.8664 (0.8730)  loss_giou_dn_0: 0.6545 (0.6670)  loss_giou_dn_1: 0.5693 (0.5923)  loss_giou_dn_2: 0.5649 (0.5825)  loss_vfl: 0.5393 (0.5137)  loss_vfl_aux_0: 0.5701 (0.5381)  loss_vfl_aux_1: 0.5580 (0.5232)  loss_vfl_aux_2: 0.5840 (0.5605)  loss_vfl_dn_0: 0.4698 (0.4680)  loss_vfl_dn_1: 0.4376 (0.4340)  loss_vfl_dn_2: 0.4308 (0.4262)  time: 1.1471  data: 0.0326  max mem: 11946
Epoch: [83]  [800/809]  eta: 0:00:10  lr: 0.000010  loss: 9.0098 (8.9757)  loss_bbox: 0.0644 (0.0639)  loss_bbox_aux_0: 0.0668 (0.0680)  loss_bbox_aux_1: 0.0657 (0.0649)  loss_bbox_aux_2: 0.0812 (0.0757)  loss_bbox_dn_0: 0.0456 (0.0440)  loss_bbox_dn_1: 0.0382 (0.0364)  loss_bbox_dn_2: 0.0366 (0.0355)  loss_giou: 0.8145 (0.7933)  loss_giou_aux_0: 0.8363 (0.8125)  loss_giou_aux_1: 0.8208 (0.8002)  loss_giou_aux_2: 0.9030 (0.8756)  loss_giou_dn_0: 0.6711 (0.6681)  loss_giou_dn_1: 0.6017 (0.5932)  loss_giou_dn_2: 0.5898 (0.5834)  loss_vfl: 0.4945 (0.5129)  loss_vfl_aux_0: 0.5233 (0.5376)  loss_vfl_aux_1: 0.5059 (0.5225)  loss_vfl_aux_2: 0.5276 (0.5598)  loss_vfl_dn_0: 0.4666 (0.4679)  loss_vfl_dn_1: 0.4252 (0.4341)  loss_vfl_dn_2: 0.4191 (0.4263)  time: 1.1177  data: 0.0273  max mem: 11946
Epoch: [83]  [808/809]  eta: 0:00:01  lr: 0.000010  loss: 8.8148 (8.9701)  loss_bbox: 0.0597 (0.0638)  loss_bbox_aux_0: 0.0656 (0.0679)  loss_bbox_aux_1: 0.0636 (0.0648)  loss_bbox_aux_2: 0.0769 (0.0756)  loss_bbox_dn_0: 0.0463 (0.0440)  loss_bbox_dn_1: 0.0400 (0.0364)  loss_bbox_dn_2: 0.0382 (0.0355)  loss_giou: 0.7286 (0.7922)  loss_giou_aux_0: 0.7533 (0.8114)  loss_giou_aux_1: 0.7457 (0.7991)  loss_giou_aux_2: 0.8315 (0.8746)  loss_giou_dn_0: 0.6665 (0.6676)  loss_giou_dn_1: 0.5822 (0.5928)  loss_giou_dn_2: 0.5766 (0.5830)  loss_vfl: 0.5242 (0.5130)  loss_vfl_aux_0: 0.5535 (0.5378)  loss_vfl_aux_1: 0.5297 (0.5225)  loss_vfl_aux_2: 0.5710 (0.5599)  loss_vfl_dn_0: 0.4557 (0.4678)  loss_vfl_dn_1: 0.4238 (0.4340)  loss_vfl_dn_2: 0.4174 (0.4262)  time: 0.9883  data: 0.0257  max mem: 11946
Epoch: [83] Total time: 0:14:57 (1.1094 s / it)
Averaged stats: lr: 0.000010  loss: 8.8148 (8.9701)  loss_bbox: 0.0597 (0.0638)  loss_bbox_aux_0: 0.0656 (0.0679)  loss_bbox_aux_1: 0.0636 (0.0648)  loss_bbox_aux_2: 0.0769 (0.0756)  loss_bbox_dn_0: 0.0463 (0.0440)  loss_bbox_dn_1: 0.0400 (0.0364)  loss_bbox_dn_2: 0.0382 (0.0355)  loss_giou: 0.7286 (0.7922)  loss_giou_aux_0: 0.7533 (0.8114)  loss_giou_aux_1: 0.7457 (0.7991)  loss_giou_aux_2: 0.8315 (0.8746)  loss_giou_dn_0: 0.6665 (0.6676)  loss_giou_dn_1: 0.5822 (0.5928)  loss_giou_dn_2: 0.5766 (0.5830)  loss_vfl: 0.5242 (0.5130)  loss_vfl_aux_0: 0.5535 (0.5378)  loss_vfl_aux_1: 0.5297 (0.5225)  loss_vfl_aux_2: 0.5710 (0.5599)  loss_vfl_dn_0: 0.4557 (0.4678)  loss_vfl_dn_1: 0.4238 (0.4340)  loss_vfl_dn_2: 0.4174 (0.4262)
Test:  [ 0/69]  eta: 0:01:31    time: 1.3295  data: 0.6921  max mem: 11946
Test:  [10/69]  eta: 0:00:47    time: 0.8135  data: 0.0787  max mem: 11946
Test:  [20/69]  eta: 0:00:37    time: 0.7271  data: 0.0195  max mem: 11946
Test:  [30/69]  eta: 0:00:27    time: 0.6607  data: 0.0225  max mem: 11946
Test:  [40/69]  eta: 0:00:20    time: 0.6216  data: 0.0234  max mem: 11946
Test:  [50/69]  eta: 0:00:12    time: 0.6033  data: 0.0221  max mem: 11946
Test:  [60/69]  eta: 0:00:05    time: 0.5750  data: 0.0204  max mem: 11946
Test:  [68/69]  eta: 0:00:00    time: 0.5831  data: 0.0183  max mem: 11946
Test: Total time: 0:00:44 (0.6493 s / it)
Averaged stats: 
Accumulating evaluation results...
DONE (t=2.07s).
IoU metric: bbox
 Average Precision  (AP) @[ IoU=0.50:0.95 | area=   all | maxDets=100 ] = 0.265
 Average Precision  (AP) @[ IoU=0.50      | area=   all | maxDets=100 ] = 0.427
 Average Precision  (AP) @[ IoU=0.75      | area=   all | maxDets=100 ] = 0.274
 Average Precision  (AP) @[ IoU=0.50:0.95 | area= small | maxDets=100 ] = 0.186
 Average Precision  (AP) @[ IoU=0.50:0.95 | area=medium | maxDets=100 ] = 0.353
 Average Precision  (AP) @[ IoU=0.50:0.95 | area= large | maxDets=100 ] = 0.502
 Average Recall     (AR) @[ IoU=0.50:0.95 | area=   all | maxDets=  1 ] = 0.112
 Average Recall     (AR) @[ IoU=0.50:0.95 | area=   all | maxDets= 10 ] = 0.318
 Average Recall     (AR) @[ IoU=0.50:0.95 | area=   all | maxDets=100 ] = 0.428
 Average Recall     (AR) @[ IoU=0.50:0.95 | area= small | maxDets=100 ] = 0.348
 Average Recall     (AR) @[ IoU=0.50:0.95 | area=medium | maxDets=100 ] = 0.529
 Average Recall     (AR) @[ IoU=0.50:0.95 | area= large | maxDets=100 ] = 0.654
best_stat:  {'epoch': 83, 'coco_eval_bbox': 0.2652275760430848}
Epoch: [84]  [  0/809]  eta: 1:36:42  lr: 0.000010  loss: 8.9327 (8.9327)  loss_bbox: 0.0481 (0.0481)  loss_bbox_aux_0: 0.0493 (0.0493)  loss_bbox_aux_1: 0.0485 (0.0485)  loss_bbox_aux_2: 0.0629 (0.0629)  loss_bbox_dn_0: 0.0432 (0.0432)  loss_bbox_dn_1: 0.0343 (0.0343)  loss_bbox_dn_2: 0.0331 (0.0331)  loss_giou: 0.7580 (0.7580)  loss_giou_aux_0: 0.7851 (0.7851)  loss_giou_aux_1: 0.7664 (0.7664)  loss_giou_aux_2: 0.8687 (0.8687)  loss_giou_dn_0: 0.6875 (0.6875)  loss_giou_dn_1: 0.6035 (0.6035)  loss_giou_dn_2: 0.5855 (0.5855)  loss_vfl: 0.5518 (0.5518)  loss_vfl_aux_0: 0.5671 (0.5671)  loss_vfl_aux_1: 0.5500 (0.5500)  loss_vfl_aux_2: 0.5735 (0.5735)  loss_vfl_dn_0: 0.4595 (0.4595)  loss_vfl_dn_1: 0.4293 (0.4293)  loss_vfl_dn_2: 0.4274 (0.4274)  time: 7.1728  data: 2.0975  max mem: 11946
Epoch: [84]  [100/809]  eta: 0:13:55  lr: 0.000010  loss: 8.6364 (9.0098)  loss_bbox: 0.0586 (0.0650)  loss_bbox_aux_0: 0.0633 (0.0692)  loss_bbox_aux_1: 0.0589 (0.0662)  loss_bbox_aux_2: 0.0725 (0.0779)  loss_bbox_dn_0: 0.0488 (0.0461)  loss_bbox_dn_1: 0.0403 (0.0382)  loss_bbox_dn_2: 0.0381 (0.0372)  loss_giou: 0.7254 (0.8012)  loss_giou_aux_0: 0.7476 (0.8185)  loss_giou_aux_1: 0.7400 (0.8069)  loss_giou_aux_2: 0.8100 (0.8820)  loss_giou_dn_0: 0.6378 (0.6720)  loss_giou_dn_1: 0.5704 (0.5972)  loss_giou_dn_2: 0.5645 (0.5877)  loss_vfl: 0.5093 (0.5119)  loss_vfl_aux_0: 0.5358 (0.5350)  loss_vfl_aux_1: 0.5229 (0.5212)  loss_vfl_aux_2: 0.5673 (0.5547)  loss_vfl_dn_0: 0.4590 (0.4653)  loss_vfl_dn_1: 0.4266 (0.4317)  loss_vfl_dn_2: 0.4199 (0.4246)  time: 1.1018  data: 0.0304  max mem: 11946
Epoch: [84]  [200/809]  eta: 0:11:33  lr: 0.000010  loss: 8.9184 (8.9259)  loss_bbox: 0.0597 (0.0633)  loss_bbox_aux_0: 0.0607 (0.0676)  loss_bbox_aux_1: 0.0590 (0.0644)  loss_bbox_aux_2: 0.0770 (0.0760)  loss_bbox_dn_0: 0.0440 (0.0451)  loss_bbox_dn_1: 0.0367 (0.0373)  loss_bbox_dn_2: 0.0359 (0.0364)  loss_giou: 0.7835 (0.7852)  loss_giou_aux_0: 0.7981 (0.8034)  loss_giou_aux_1: 0.7880 (0.7915)  loss_giou_aux_2: 0.8776 (0.8676)  loss_giou_dn_0: 0.6634 (0.6653)  loss_giou_dn_1: 0.5996 (0.5903)  loss_giou_dn_2: 0.5853 (0.5807)  loss_vfl: 0.4908 (0.5123)  loss_vfl_aux_0: 0.5211 (0.5379)  loss_vfl_aux_1: 0.4995 (0.5222)  loss_vfl_aux_2: 0.5327 (0.5586)  loss_vfl_dn_0: 0.4685 (0.4660)  loss_vfl_dn_1: 0.4333 (0.4312)  loss_vfl_dn_2: 0.4288 (0.4235)  time: 1.1252  data: 0.0284  max mem: 11946
Epoch: [84]  [300/809]  eta: 0:09:30  lr: 0.000010  loss: 8.4050 (8.9519)  loss_bbox: 0.0589 (0.0652)  loss_bbox_aux_0: 0.0631 (0.0694)  loss_bbox_aux_1: 0.0594 (0.0664)  loss_bbox_aux_2: 0.0727 (0.0775)  loss_bbox_dn_0: 0.0508 (0.0455)  loss_bbox_dn_1: 0.0396 (0.0377)  loss_bbox_dn_2: 0.0384 (0.0367)  loss_giou: 0.6889 (0.7882)  loss_giou_aux_0: 0.7173 (0.8072)  loss_giou_aux_1: 0.6974 (0.7946)  loss_giou_aux_2: 0.7797 (0.8708)  loss_giou_dn_0: 0.6343 (0.6649)  loss_giou_dn_1: 0.5590 (0.5904)  loss_giou_dn_2: 0.5432 (0.5808)  loss_vfl: 0.5171 (0.5128)  loss_vfl_aux_0: 0.5371 (0.5388)  loss_vfl_aux_1: 0.5273 (0.5229)  loss_vfl_aux_2: 0.5552 (0.5595)  loss_vfl_dn_0: 0.4674 (0.4663)  loss_vfl_dn_1: 0.4308 (0.4319)  loss_vfl_dn_2: 0.4219 (0.4243)  time: 1.0805  data: 0.0290  max mem: 11946
Epoch: [84]  [400/809]  eta: 0:07:42  lr: 0.000010  loss: 8.9454 (8.9677)  loss_bbox: 0.0602 (0.0651)  loss_bbox_aux_0: 0.0654 (0.0691)  loss_bbox_aux_1: 0.0624 (0.0661)  loss_bbox_aux_2: 0.0765 (0.0771)  loss_bbox_dn_0: 0.0464 (0.0452)  loss_bbox_dn_1: 0.0391 (0.0375)  loss_bbox_dn_2: 0.0380 (0.0366)  loss_giou: 0.7346 (0.7917)  loss_giou_aux_0: 0.7452 (0.8105)  loss_giou_aux_1: 0.7444 (0.7978)  loss_giou_aux_2: 0.8221 (0.8734)  loss_giou_dn_0: 0.6836 (0.6677)  loss_giou_dn_1: 0.6165 (0.5937)  loss_giou_dn_2: 0.6044 (0.5842)  loss_vfl: 0.5009 (0.5116)  loss_vfl_aux_0: 0.5201 (0.5373)  loss_vfl_aux_1: 0.5004 (0.5215)  loss_vfl_aux_2: 0.5479 (0.5577)  loss_vfl_dn_0: 0.4650 (0.4665)  loss_vfl_dn_1: 0.4374 (0.4325)  loss_vfl_dn_2: 0.4304 (0.4249)  time: 1.0247  data: 0.0275  max mem: 11946
Epoch: [84]  [500/809]  eta: 0:05:48  lr: 0.000010  loss: 8.7363 (8.9699)  loss_bbox: 0.0578 (0.0646)  loss_bbox_aux_0: 0.0603 (0.0688)  loss_bbox_aux_1: 0.0579 (0.0657)  loss_bbox_aux_2: 0.0677 (0.0768)  loss_bbox_dn_0: 0.0384 (0.0449)  loss_bbox_dn_1: 0.0318 (0.0372)  loss_bbox_dn_2: 0.0313 (0.0363)  loss_giou: 0.7528 (0.7930)  loss_giou_aux_0: 0.7717 (0.8120)  loss_giou_aux_1: 0.7633 (0.7993)  loss_giou_aux_2: 0.8241 (0.8746)  loss_giou_dn_0: 0.6626 (0.6671)  loss_giou_dn_1: 0.5810 (0.5928)  loss_giou_dn_2: 0.5700 (0.5832)  loss_vfl: 0.5244 (0.5120)  loss_vfl_aux_0: 0.5452 (0.5376)  loss_vfl_aux_1: 0.5300 (0.5216)  loss_vfl_aux_2: 0.5754 (0.5588)  loss_vfl_dn_0: 0.4626 (0.4663)  loss_vfl_dn_1: 0.4318 (0.4324)  loss_vfl_dn_2: 0.4268 (0.4247)  time: 1.1608  data: 0.0261  max mem: 11946
Epoch: [84]  [600/809]  eta: 0:03:55  lr: 0.000010  loss: 8.8924 (8.9667)  loss_bbox: 0.0607 (0.0646)  loss_bbox_aux_0: 0.0643 (0.0687)  loss_bbox_aux_1: 0.0627 (0.0657)  loss_bbox_aux_2: 0.0666 (0.0768)  loss_bbox_dn_0: 0.0423 (0.0448)  loss_bbox_dn_1: 0.0358 (0.0372)  loss_bbox_dn_2: 0.0351 (0.0362)  loss_giou: 0.7766 (0.7923)  loss_giou_aux_0: 0.7977 (0.8112)  loss_giou_aux_1: 0.7817 (0.7986)  loss_giou_aux_2: 0.8452 (0.8740)  loss_giou_dn_0: 0.6870 (0.6672)  loss_giou_dn_1: 0.6185 (0.5930)  loss_giou_dn_2: 0.6087 (0.5833)  loss_vfl: 0.5166 (0.5118)  loss_vfl_aux_0: 0.5388 (0.5375)  loss_vfl_aux_1: 0.5315 (0.5214)  loss_vfl_aux_2: 0.5796 (0.5590)  loss_vfl_dn_0: 0.4701 (0.4664)  loss_vfl_dn_1: 0.4298 (0.4324)  loss_vfl_dn_2: 0.4226 (0.4246)  time: 1.0933  data: 0.0297  max mem: 11946
Epoch: [84]  [700/809]  eta: 0:02:01  lr: 0.000010  loss: 8.5482 (8.9453)  loss_bbox: 0.0557 (0.0645)  loss_bbox_aux_0: 0.0569 (0.0685)  loss_bbox_aux_1: 0.0550 (0.0655)  loss_bbox_aux_2: 0.0650 (0.0767)  loss_bbox_dn_0: 0.0425 (0.0448)  loss_bbox_dn_1: 0.0350 (0.0371)  loss_bbox_dn_2: 0.0339 (0.0361)  loss_giou: 0.6719 (0.7882)  loss_giou_aux_0: 0.6981 (0.8073)  loss_giou_aux_1: 0.6814 (0.7946)  loss_giou_aux_2: 0.7602 (0.8698)  loss_giou_dn_0: 0.6397 (0.6652)  loss_giou_dn_1: 0.5616 (0.5906)  loss_giou_dn_2: 0.5488 (0.5809)  loss_vfl: 0.5151 (0.5127)  loss_vfl_aux_0: 0.5342 (0.5381)  loss_vfl_aux_1: 0.5239 (0.5221)  loss_vfl_aux_2: 0.5707 (0.5600)  loss_vfl_dn_0: 0.4733 (0.4663)  loss_vfl_dn_1: 0.4355 (0.4321)  loss_vfl_dn_2: 0.4291 (0.4243)  time: 1.1151  data: 0.0314  max mem: 11946
Epoch: [84]  [800/809]  eta: 0:00:10  lr: 0.000010  loss: 8.6713 (8.9242)  loss_bbox: 0.0549 (0.0642)  loss_bbox_aux_0: 0.0592 (0.0681)  loss_bbox_aux_1: 0.0567 (0.0652)  loss_bbox_aux_2: 0.0691 (0.0764)  loss_bbox_dn_0: 0.0468 (0.0448)  loss_bbox_dn_1: 0.0375 (0.0371)  loss_bbox_dn_2: 0.0360 (0.0361)  loss_giou: 0.7217 (0.7835)  loss_giou_aux_0: 0.7324 (0.8027)  loss_giou_aux_1: 0.7275 (0.7900)  loss_giou_aux_2: 0.7928 (0.8654)  loss_giou_dn_0: 0.6380 (0.6631)  loss_giou_dn_1: 0.5632 (0.5885)  loss_giou_dn_2: 0.5533 (0.5788)  loss_vfl: 0.5233 (0.5138)  loss_vfl_aux_0: 0.5549 (0.5391)  loss_vfl_aux_1: 0.5344 (0.5232)  loss_vfl_aux_2: 0.5635 (0.5611)  loss_vfl_dn_0: 0.4731 (0.4665)  loss_vfl_dn_1: 0.4338 (0.4323)  loss_vfl_dn_2: 0.4246 (0.4244)  time: 1.1584  data: 0.0306  max mem: 11946
Epoch: [84]  [808/809]  eta: 0:00:01  lr: 0.000010  loss: 8.8359 (8.9224)  loss_bbox: 0.0589 (0.0642)  loss_bbox_aux_0: 0.0648 (0.0681)  loss_bbox_aux_1: 0.0600 (0.0652)  loss_bbox_aux_2: 0.0728 (0.0764)  loss_bbox_dn_0: 0.0444 (0.0448)  loss_bbox_dn_1: 0.0371 (0.0371)  loss_bbox_dn_2: 0.0358 (0.0362)  loss_giou: 0.7450 (0.7830)  loss_giou_aux_0: 0.7591 (0.8022)  loss_giou_aux_1: 0.7448 (0.7894)  loss_giou_aux_2: 0.8269 (0.8648)  loss_giou_dn_0: 0.6414 (0.6633)  loss_giou_dn_1: 0.5746 (0.5888)  loss_giou_dn_2: 0.5638 (0.5790)  loss_vfl: 0.5085 (0.5137)  loss_vfl_aux_0: 0.5248 (0.5390)  loss_vfl_aux_1: 0.5154 (0.5231)  loss_vfl_aux_2: 0.5527 (0.5610)  loss_vfl_dn_0: 0.4666 (0.4665)  loss_vfl_dn_1: 0.4315 (0.4323)  loss_vfl_dn_2: 0.4241 (0.4244)  time: 1.0106  data: 0.0295  max mem: 11946
Epoch: [84] Total time: 0:15:05 (1.1195 s / it)
Averaged stats: lr: 0.000010  loss: 8.8359 (8.9224)  loss_bbox: 0.0589 (0.0642)  loss_bbox_aux_0: 0.0648 (0.0681)  loss_bbox_aux_1: 0.0600 (0.0652)  loss_bbox_aux_2: 0.0728 (0.0764)  loss_bbox_dn_0: 0.0444 (0.0448)  loss_bbox_dn_1: 0.0371 (0.0371)  loss_bbox_dn_2: 0.0358 (0.0362)  loss_giou: 0.7450 (0.7830)  loss_giou_aux_0: 0.7591 (0.8022)  loss_giou_aux_1: 0.7448 (0.7894)  loss_giou_aux_2: 0.8269 (0.8648)  loss_giou_dn_0: 0.6414 (0.6633)  loss_giou_dn_1: 0.5746 (0.5888)  loss_giou_dn_2: 0.5638 (0.5790)  loss_vfl: 0.5085 (0.5137)  loss_vfl_aux_0: 0.5248 (0.5390)  loss_vfl_aux_1: 0.5154 (0.5231)  loss_vfl_aux_2: 0.5527 (0.5610)  loss_vfl_dn_0: 0.4666 (0.4665)  loss_vfl_dn_1: 0.4315 (0.4323)  loss_vfl_dn_2: 0.4241 (0.4244)
Test:  [ 0/69]  eta: 0:02:53    time: 2.5214  data: 0.7150  max mem: 11946
Test:  [10/69]  eta: 0:00:50    time: 0.8521  data: 0.0849  max mem: 11946
Test:  [20/69]  eta: 0:00:38    time: 0.7075  data: 0.0227  max mem: 11946
Test:  [30/69]  eta: 0:00:29    time: 0.7130  data: 0.0239  max mem: 11946
Test:  [40/69]  eta: 0:00:21    time: 0.6771  data: 0.0240  max mem: 11946
Test:  [50/69]  eta: 0:00:13    time: 0.6292  data: 0.0244  max mem: 11946
Test:  [60/69]  eta: 0:00:06    time: 0.6088  data: 0.0241  max mem: 11946
Test:  [68/69]  eta: 0:00:00    time: 0.6296  data: 0.0223  max mem: 11946
Test: Total time: 0:00:47 (0.6913 s / it)
Averaged stats: 
Accumulating evaluation results...
DONE (t=2.25s).
IoU metric: bbox
 Average Precision  (AP) @[ IoU=0.50:0.95 | area=   all | maxDets=100 ] = 0.265
 Average Precision  (AP) @[ IoU=0.50      | area=   all | maxDets=100 ] = 0.427
 Average Precision  (AP) @[ IoU=0.75      | area=   all | maxDets=100 ] = 0.274
 Average Precision  (AP) @[ IoU=0.50:0.95 | area= small | maxDets=100 ] = 0.185
 Average Precision  (AP) @[ IoU=0.50:0.95 | area=medium | maxDets=100 ] = 0.353
 Average Precision  (AP) @[ IoU=0.50:0.95 | area= large | maxDets=100 ] = 0.502
 Average Recall     (AR) @[ IoU=0.50:0.95 | area=   all | maxDets=  1 ] = 0.111
 Average Recall     (AR) @[ IoU=0.50:0.95 | area=   all | maxDets= 10 ] = 0.318
 Average Recall     (AR) @[ IoU=0.50:0.95 | area=   all | maxDets=100 ] = 0.427
 Average Recall     (AR) @[ IoU=0.50:0.95 | area= small | maxDets=100 ] = 0.348
 Average Recall     (AR) @[ IoU=0.50:0.95 | area=medium | maxDets=100 ] = 0.527
 Average Recall     (AR) @[ IoU=0.50:0.95 | area= large | maxDets=100 ] = 0.649
best_stat:  {'epoch': 84, 'coco_eval_bbox': 0.2652556629536026}
Epoch: [85]  [  0/809]  eta: 1:19:33  lr: 0.000010  loss: 7.6597 (7.6597)  loss_bbox: 0.0725 (0.0725)  loss_bbox_aux_0: 0.0761 (0.0761)  loss_bbox_aux_1: 0.0737 (0.0737)  loss_bbox_aux_2: 0.0930 (0.0930)  loss_bbox_dn_0: 0.0752 (0.0752)  loss_bbox_dn_1: 0.0626 (0.0626)  loss_bbox_dn_2: 0.0621 (0.0621)  loss_giou: 0.4750 (0.4750)  loss_giou_aux_0: 0.4886 (0.4886)  loss_giou_aux_1: 0.4783 (0.4783)  loss_giou_aux_2: 0.5854 (0.5854)  loss_giou_dn_0: 0.5169 (0.5169)  loss_giou_dn_1: 0.4357 (0.4357)  loss_giou_dn_2: 0.4310 (0.4310)  loss_vfl: 0.5652 (0.5652)  loss_vfl_aux_0: 0.6135 (0.6135)  loss_vfl_aux_1: 0.5732 (0.5732)  loss_vfl_aux_2: 0.6475 (0.6475)  loss_vfl_dn_0: 0.4788 (0.4788)  loss_vfl_dn_1: 0.4307 (0.4307)  loss_vfl_dn_2: 0.4247 (0.4247)  time: 5.9002  data: 2.7392  max mem: 11946
Epoch: [85]  [100/809]  eta: 0:14:35  lr: 0.000010  loss: 8.9642 (8.9565)  loss_bbox: 0.0657 (0.0646)  loss_bbox_aux_0: 0.0668 (0.0689)  loss_bbox_aux_1: 0.0660 (0.0657)  loss_bbox_aux_2: 0.0747 (0.0774)  loss_bbox_dn_0: 0.0431 (0.0445)  loss_bbox_dn_1: 0.0356 (0.0368)  loss_bbox_dn_2: 0.0351 (0.0359)  loss_giou: 0.7291 (0.7913)  loss_giou_aux_0: 0.7543 (0.8110)  loss_giou_aux_1: 0.7435 (0.7973)  loss_giou_aux_2: 0.8172 (0.8750)  loss_giou_dn_0: 0.6767 (0.6629)  loss_giou_dn_1: 0.6075 (0.5881)  loss_giou_dn_2: 0.5976 (0.5783)  loss_vfl: 0.5193 (0.5143)  loss_vfl_aux_0: 0.5334 (0.5396)  loss_vfl_aux_1: 0.5259 (0.5247)  loss_vfl_aux_2: 0.5509 (0.5602)  loss_vfl_dn_0: 0.4655 (0.4656)  loss_vfl_dn_1: 0.4304 (0.4313)  loss_vfl_dn_2: 0.4246 (0.4232)  time: 1.1974  data: 0.0362  max mem: 11946
Epoch: [85]  [200/809]  eta: 0:12:28  lr: 0.000010  loss: 8.9950 (8.9178)  loss_bbox: 0.0672 (0.0639)  loss_bbox_aux_0: 0.0713 (0.0680)  loss_bbox_aux_1: 0.0695 (0.0649)  loss_bbox_aux_2: 0.0796 (0.0770)  loss_bbox_dn_0: 0.0441 (0.0451)  loss_bbox_dn_1: 0.0351 (0.0371)  loss_bbox_dn_2: 0.0344 (0.0360)  loss_giou: 0.7967 (0.7806)  loss_giou_aux_0: 0.8111 (0.8006)  loss_giou_aux_1: 0.7910 (0.7862)  loss_giou_aux_2: 0.8582 (0.8622)  loss_giou_dn_0: 0.6587 (0.6626)  loss_giou_dn_1: 0.5811 (0.5866)  loss_giou_dn_2: 0.5771 (0.5763)  loss_vfl: 0.5000 (0.5163)  loss_vfl_aux_0: 0.5210 (0.5425)  loss_vfl_aux_1: 0.5073 (0.5269)  loss_vfl_aux_2: 0.5487 (0.5641)  loss_vfl_dn_0: 0.4620 (0.4652)  loss_vfl_dn_1: 0.4329 (0.4317)  loss_vfl_dn_2: 0.4229 (0.4239)  time: 1.2838  data: 0.0320  max mem: 11946
Epoch: [85]  [300/809]  eta: 0:10:22  lr: 0.000010  loss: 8.9763 (8.9281)  loss_bbox: 0.0596 (0.0629)  loss_bbox_aux_0: 0.0618 (0.0670)  loss_bbox_aux_1: 0.0610 (0.0639)  loss_bbox_aux_2: 0.0675 (0.0759)  loss_bbox_dn_0: 0.0402 (0.0443)  loss_bbox_dn_1: 0.0336 (0.0365)  loss_bbox_dn_2: 0.0329 (0.0355)  loss_giou: 0.8052 (0.7841)  loss_giou_aux_0: 0.8248 (0.8042)  loss_giou_aux_1: 0.8081 (0.7900)  loss_giou_aux_2: 0.8725 (0.8663)  loss_giou_dn_0: 0.6750 (0.6651)  loss_giou_dn_1: 0.6024 (0.5898)  loss_giou_dn_2: 0.5924 (0.5799)  loss_vfl: 0.4973 (0.5154)  loss_vfl_aux_0: 0.5305 (0.5406)  loss_vfl_aux_1: 0.5066 (0.5256)  loss_vfl_aux_2: 0.5691 (0.5614)  loss_vfl_dn_0: 0.4650 (0.4650)  loss_vfl_dn_1: 0.4261 (0.4312)  loss_vfl_dn_2: 0.4215 (0.4235)  time: 1.2040  data: 0.0305  max mem: 11946
Epoch: [85]  [400/809]  eta: 0:08:20  lr: 0.000010  loss: 8.8927 (8.9287)  loss_bbox: 0.0543 (0.0635)  loss_bbox_aux_0: 0.0561 (0.0676)  loss_bbox_aux_1: 0.0546 (0.0645)  loss_bbox_aux_2: 0.0630 (0.0765)  loss_bbox_dn_0: 0.0409 (0.0443)  loss_bbox_dn_1: 0.0340 (0.0366)  loss_bbox_dn_2: 0.0334 (0.0356)  loss_giou: 0.7820 (0.7838)  loss_giou_aux_0: 0.7989 (0.8038)  loss_giou_aux_1: 0.7822 (0.7902)  loss_giou_aux_2: 0.8402 (0.8677)  loss_giou_dn_0: 0.6660 (0.6635)  loss_giou_dn_1: 0.5857 (0.5884)  loss_giou_dn_2: 0.5790 (0.5784)  loss_vfl: 0.5051 (0.5152)  loss_vfl_aux_0: 0.5315 (0.5406)  loss_vfl_aux_1: 0.5142 (0.5255)  loss_vfl_aux_2: 0.5531 (0.5618)  loss_vfl_dn_0: 0.4647 (0.4659)  loss_vfl_dn_1: 0.4299 (0.4315)  loss_vfl_dn_2: 0.4229 (0.4237)  time: 1.2989  data: 0.0322  max mem: 11946
Epoch: [85]  [500/809]  eta: 0:06:18  lr: 0.000010  loss: 8.8690 (8.9403)  loss_bbox: 0.0564 (0.0637)  loss_bbox_aux_0: 0.0635 (0.0679)  loss_bbox_aux_1: 0.0575 (0.0647)  loss_bbox_aux_2: 0.0659 (0.0764)  loss_bbox_dn_0: 0.0405 (0.0442)  loss_bbox_dn_1: 0.0331 (0.0365)  loss_bbox_dn_2: 0.0323 (0.0355)  loss_giou: 0.7668 (0.7868)  loss_giou_aux_0: 0.7633 (0.8064)  loss_giou_aux_1: 0.7611 (0.7934)  loss_giou_aux_2: 0.8385 (0.8694)  loss_giou_dn_0: 0.6908 (0.6649)  loss_giou_dn_1: 0.6032 (0.5898)  loss_giou_dn_2: 0.5957 (0.5798)  loss_vfl: 0.5151 (0.5143)  loss_vfl_aux_0: 0.5377 (0.5397)  loss_vfl_aux_1: 0.5240 (0.5245)  loss_vfl_aux_2: 0.5629 (0.5610)  loss_vfl_dn_0: 0.4705 (0.4660)  loss_vfl_dn_1: 0.4331 (0.4317)  loss_vfl_dn_2: 0.4250 (0.4240)  time: 1.2312  data: 0.0305  max mem: 11946
Epoch: [85]  [600/809]  eta: 0:04:15  lr: 0.000010  loss: 8.5074 (8.9157)  loss_bbox: 0.0558 (0.0640)  loss_bbox_aux_0: 0.0616 (0.0681)  loss_bbox_aux_1: 0.0563 (0.0650)  loss_bbox_aux_2: 0.0717 (0.0766)  loss_bbox_dn_0: 0.0447 (0.0444)  loss_bbox_dn_1: 0.0379 (0.0367)  loss_bbox_dn_2: 0.0359 (0.0357)  loss_giou: 0.6916 (0.7821)  loss_giou_aux_0: 0.7052 (0.8016)  loss_giou_aux_1: 0.6950 (0.7885)  loss_giou_aux_2: 0.7671 (0.8644)  loss_giou_dn_0: 0.6115 (0.6620)  loss_giou_dn_1: 0.5429 (0.5875)  loss_giou_dn_2: 0.5311 (0.5776)  loss_vfl: 0.5178 (0.5140)  loss_vfl_aux_0: 0.5513 (0.5397)  loss_vfl_aux_1: 0.5317 (0.5243)  loss_vfl_aux_2: 0.5889 (0.5619)  loss_vfl_dn_0: 0.4672 (0.4661)  loss_vfl_dn_1: 0.4333 (0.4316)  loss_vfl_dn_2: 0.4244 (0.4238)  time: 1.1999  data: 0.0300  max mem: 11946
Epoch: [85]  [700/809]  eta: 0:02:13  lr: 0.000010  loss: 8.8088 (8.9386)  loss_bbox: 0.0566 (0.0643)  loss_bbox_aux_0: 0.0627 (0.0684)  loss_bbox_aux_1: 0.0609 (0.0653)  loss_bbox_aux_2: 0.0715 (0.0766)  loss_bbox_dn_0: 0.0404 (0.0442)  loss_bbox_dn_1: 0.0338 (0.0365)  loss_bbox_dn_2: 0.0335 (0.0356)  loss_giou: 0.7420 (0.7876)  loss_giou_aux_0: 0.7581 (0.8067)  loss_giou_aux_1: 0.7433 (0.7940)  loss_giou_aux_2: 0.8532 (0.8693)  loss_giou_dn_0: 0.6398 (0.6644)  loss_giou_dn_1: 0.5661 (0.5895)  loss_giou_dn_2: 0.5497 (0.5797)  loss_vfl: 0.5089 (0.5127)  loss_vfl_aux_0: 0.5330 (0.5381)  loss_vfl_aux_1: 0.5237 (0.5228)  loss_vfl_aux_2: 0.5543 (0.5606)  loss_vfl_dn_0: 0.4636 (0.4662)  loss_vfl_dn_1: 0.4320 (0.4319)  loss_vfl_dn_2: 0.4227 (0.4241)  time: 1.2128  data: 0.0290  max mem: 11946
