2026-02-17 20:22:49.737371: E external/local_xla/xla/stream_executor/cuda/cuda_fft.cc:485] Unable to register cuFFT factory: Attempting to register factory for plugin cuFFT when one has already been registered
2026-02-17 20:22:49.737461: E external/local_xla/xla/stream_executor/cuda/cuda_fft.cc:485] Unable to register cuFFT factory: Attempting to register factory for plugin cuFFT when one has already been registered
2026-02-17 20:22:49.758087: E external/local_xla/xla/stream_executor/cuda/cuda_dnn.cc:8454] Unable to register cuDNN factory: Attempting to register factory for plugin cuDNN when one has already been registered
2026-02-17 20:22:49.758316: E external/local_xla/xla/stream_executor/cuda/cuda_dnn.cc:8454] Unable to register cuDNN factory: Attempting to register factory for plugin cuDNN when one has already been registered
2026-02-17 20:22:49.764037: E external/local_xla/xla/stream_executor/cuda/cuda_blas.cc:1452] Unable to register cuBLAS factory: Attempting to register factory for plugin cuBLAS when one has already been registered
2026-02-17 20:22:49.764388: E external/local_xla/xla/stream_executor/cuda/cuda_blas.cc:1452] Unable to register cuBLAS factory: Attempting to register factory for plugin cuBLAS when one has already been registered
Initialized distributed mode...
/usr/local/lib/python3.10/dist-packages/torchvision/models/_utils.py:208: UserWarning: The parameter 'pretrained' is deprecated since 0.13 and may be removed in the future, please use 'weights' instead.
  warnings.warn(
/usr/local/lib/python3.10/dist-packages/torchvision/models/_utils.py:223: UserWarning: Arguments other than a weight enum or `None` for 'weights' are deprecated since 0.13 and may be removed in the future. The current behavior is equivalent to passing `weights=EfficientNet_B2_Weights.IMAGENET1K_V1`. You can also use `weights=EfficientNet_B2_Weights.DEFAULT` to get the most up-to-date weights.
  warnings.warn(msg)
Start training
/usr/local/lib/python3.10/dist-packages/torchvision/models/_utils.py:208: UserWarning: The parameter 'pretrained' is deprecated since 0.13 and may be removed in the future, please use 'weights' instead.
  warnings.warn(
/usr/local/lib/python3.10/dist-packages/torchvision/models/_utils.py:223: UserWarning: Arguments other than a weight enum or `None` for 'weights' are deprecated since 0.13 and may be removed in the future. The current behavior is equivalent to passing `weights=EfficientNet_B2_Weights.IMAGENET1K_V1`. You can also use `weights=EfficientNet_B2_Weights.DEFAULT` to get the most up-to-date weights.
  warnings.warn(msg)
Initial lr:  [0.0001, 0.0001]
loading annotations into memory...
Done (t=2.25s)
creating index...
index created!
loading annotations into memory...
Done (t=0.11s)
creating index...
index created!
number of params: 18618298
Epoch: [0]  [  0/809]  eta: 1:36:31  lr: 0.000100  loss: 18.0312 (18.0312)  loss_bbox: 0.5865 (0.5865)  loss_bbox_aux_0: 0.5972 (0.5972)  loss_bbox_aux_1: 0.6068 (0.6068)  loss_bbox_aux_2: 0.6080 (0.6080)  loss_bbox_dn_0: 0.2138 (0.2138)  loss_bbox_dn_1: 0.2138 (0.2138)  loss_bbox_dn_2: 0.2138 (0.2138)  loss_giou: 1.8887 (1.8887)  loss_giou_aux_0: 1.9019 (1.9019)  loss_giou_aux_1: 1.8967 (1.8967)  loss_giou_aux_2: 1.9562 (1.9562)  loss_giou_dn_0: 1.3572 (1.3572)  loss_giou_dn_1: 1.3572 (1.3572)  loss_giou_dn_2: 1.3572 (1.3572)  loss_vfl: 0.2489 (0.2489)  loss_vfl_aux_0: 0.2390 (0.2390)  loss_vfl_aux_1: 0.2265 (0.2265)  loss_vfl_aux_2: 0.2211 (0.2211)  loss_vfl_dn_0: 0.7296 (0.7296)  loss_vfl_dn_1: 0.7831 (0.7831)  loss_vfl_dn_2: 0.8280 (0.8280)  time: 7.1585  data: 2.8185  max mem: 4519
Epoch: [0]  [100/809]  eta: 0:13:57  lr: 0.000100  loss: 15.9102 (16.7963)  loss_bbox: 0.4090 (0.5348)  loss_bbox_aux_0: 0.4181 (0.5469)  loss_bbox_aux_1: 0.4107 (0.5418)  loss_bbox_aux_2: 0.4351 (0.5633)  loss_bbox_dn_0: 0.1106 (0.1363)  loss_bbox_dn_1: 0.1094 (0.1353)  loss_bbox_dn_2: 0.1090 (0.1348)  loss_giou: 1.9373 (2.0152)  loss_giou_aux_0: 1.9410 (2.0224)  loss_giou_aux_1: 1.9397 (2.0158)  loss_giou_aux_2: 1.9516 (2.0353)  loss_giou_dn_0: 1.3622 (1.3802)  loss_giou_dn_1: 1.3708 (1.3827)  loss_giou_dn_2: 1.3660 (1.3890)  loss_vfl: 0.1985 (0.2010)  loss_vfl_aux_0: 0.1798 (0.1755)  loss_vfl_aux_1: 0.1852 (0.1858)  loss_vfl_aux_2: 0.1651 (0.1598)  loss_vfl_dn_0: 0.3574 (0.4186)  loss_vfl_dn_1: 0.3634 (0.4116)  loss_vfl_dn_2: 0.3652 (0.4104)  time: 1.1097  data: 0.0287  max mem: 9527
Epoch: [0]  [200/809]  eta: 0:11:36  lr: 0.000100  loss: 15.1581 (16.2482)  loss_bbox: 0.3232 (0.4589)  loss_bbox_aux_0: 0.3226 (0.4665)  loss_bbox_aux_1: 0.3276 (0.4635)  loss_bbox_aux_2: 0.3343 (0.4791)  loss_bbox_dn_0: 0.1160 (0.1303)  loss_bbox_dn_1: 0.1105 (0.1286)  loss_bbox_dn_2: 0.1087 (0.1281)  loss_giou: 1.7134 (1.9311)  loss_giou_aux_0: 1.7471 (1.9453)  loss_giou_aux_1: 1.7340 (1.9341)  loss_giou_aux_2: 1.7969 (1.9630)  loss_giou_dn_0: 1.2866 (1.3556)  loss_giou_dn_1: 1.2444 (1.3499)  loss_giou_dn_2: 1.2327 (1.3525)  loss_vfl: 0.4120 (0.2663)  loss_vfl_aux_0: 0.3595 (0.2369)  loss_vfl_aux_1: 0.3972 (0.2516)  loss_vfl_aux_2: 0.3250 (0.2177)  loss_vfl_dn_0: 0.3811 (0.3943)  loss_vfl_dn_1: 0.4031 (0.3956)  loss_vfl_dn_2: 0.4107 (0.3991)  time: 1.0747  data: 0.0237  max mem: 9527
Epoch: [0]  [300/809]  eta: 0:09:36  lr: 0.000100  loss: 14.2423 (15.8258)  loss_bbox: 0.2450 (0.4099)  loss_bbox_aux_0: 0.2522 (0.4163)  loss_bbox_aux_1: 0.2502 (0.4136)  loss_bbox_aux_2: 0.2809 (0.4283)  loss_bbox_dn_0: 0.1094 (0.1282)  loss_bbox_dn_1: 0.1019 (0.1249)  loss_bbox_dn_2: 0.1018 (0.1245)  loss_giou: 1.4978 (1.8321)  loss_giou_aux_0: 1.5517 (1.8544)  loss_giou_aux_1: 1.5073 (1.8365)  loss_giou_aux_2: 1.6181 (1.8876)  loss_giou_dn_0: 1.2237 (1.3230)  loss_giou_dn_1: 1.1529 (1.3000)  loss_giou_dn_2: 1.1406 (1.2981)  loss_vfl: 0.5341 (0.3390)  loss_vfl_aux_0: 0.4695 (0.3026)  loss_vfl_aux_1: 0.5107 (0.3239)  loss_vfl_aux_2: 0.4071 (0.2731)  loss_vfl_dn_0: 0.4039 (0.3939)  loss_vfl_dn_1: 0.4406 (0.4043)  loss_vfl_dn_2: 0.4580 (0.4115)  time: 1.1501  data: 0.0279  max mem: 9527
Epoch: [0]  [400/809]  eta: 0:07:37  lr: 0.000100  loss: 13.8610 (15.4739)  loss_bbox: 0.2171 (0.3737)  loss_bbox_aux_0: 0.2212 (0.3797)  loss_bbox_aux_1: 0.2211 (0.3770)  loss_bbox_aux_2: 0.2350 (0.3920)  loss_bbox_dn_0: 0.1068 (0.1262)  loss_bbox_dn_1: 0.1013 (0.1219)  loss_bbox_dn_2: 0.1018 (0.1213)  loss_giou: 1.4288 (1.7498)  loss_giou_aux_0: 1.4631 (1.7747)  loss_giou_aux_1: 1.4421 (1.7548)  loss_giou_aux_2: 1.5436 (1.8150)  loss_giou_dn_0: 1.1650 (1.2919)  loss_giou_dn_1: 1.0879 (1.2566)  loss_giou_dn_2: 1.0635 (1.2514)  loss_vfl: 0.5731 (0.3960)  loss_vfl_aux_0: 0.5143 (0.3548)  loss_vfl_aux_1: 0.5433 (0.3798)  loss_vfl_aux_2: 0.4740 (0.3202)  loss_vfl_dn_0: 0.4235 (0.3985)  loss_vfl_dn_1: 0.4519 (0.4142)  loss_vfl_dn_2: 0.4694 (0.4243)  time: 1.0928  data: 0.0258  max mem: 9527
Epoch: [0]  [500/809]  eta: 0:05:42  lr: 0.000100  loss: 13.2905 (15.1844)  loss_bbox: 0.1966 (0.3467)  loss_bbox_aux_0: 0.2052 (0.3523)  loss_bbox_aux_1: 0.2002 (0.3496)  loss_bbox_aux_2: 0.2231 (0.3647)  loss_bbox_dn_0: 0.1157 (0.1238)  loss_bbox_dn_1: 0.1084 (0.1188)  loss_bbox_dn_2: 0.1059 (0.1181)  loss_giou: 1.2446 (1.6876)  loss_giou_aux_0: 1.2806 (1.7131)  loss_giou_aux_1: 1.2479 (1.6923)  loss_giou_aux_2: 1.3726 (1.7597)  loss_giou_dn_0: 1.1190 (1.2671)  loss_giou_dn_1: 1.0206 (1.2237)  loss_giou_dn_2: 1.0013 (1.2160)  loss_vfl: 0.6179 (0.4325)  loss_vfl_aux_0: 0.5957 (0.3921)  loss_vfl_aux_1: 0.6136 (0.4175)  loss_vfl_aux_2: 0.5422 (0.3532)  loss_vfl_dn_0: 0.4258 (0.4027)  loss_vfl_dn_1: 0.4594 (0.4210)  loss_vfl_dn_2: 0.4762 (0.4320)  time: 1.0781  data: 0.0258  max mem: 9527
Epoch: [0]  [600/809]  eta: 0:03:50  lr: 0.000100  loss: 13.7578 (14.9956)  loss_bbox: 0.1940 (0.3276)  loss_bbox_aux_0: 0.1958 (0.3330)  loss_bbox_aux_1: 0.1959 (0.3303)  loss_bbox_aux_2: 0.2104 (0.3451)  loss_bbox_dn_0: 0.0914 (0.1206)  loss_bbox_dn_1: 0.0857 (0.1152)  loss_bbox_dn_2: 0.0851 (0.1144)  loss_giou: 1.4259 (1.6501)  loss_giou_aux_0: 1.4564 (1.6760)  loss_giou_aux_1: 1.4333 (1.6548)  loss_giou_aux_2: 1.5050 (1.7249)  loss_giou_dn_0: 1.1371 (1.2484)  loss_giou_dn_1: 1.0660 (1.2001)  loss_giou_dn_2: 1.0446 (1.1907)  loss_vfl: 0.5822 (0.4582)  loss_vfl_aux_0: 0.5369 (0.4171)  loss_vfl_aux_1: 0.5658 (0.4431)  loss_vfl_aux_2: 0.4723 (0.3758)  loss_vfl_dn_0: 0.4298 (0.4065)  loss_vfl_dn_1: 0.4553 (0.4262)  loss_vfl_dn_2: 0.4745 (0.4377)  time: 1.1135  data: 0.0275  max mem: 9915
Epoch: [0]  [700/809]  eta: 0:02:00  lr: 0.000100  loss: 13.3610 (14.8079)  loss_bbox: 0.1790 (0.3102)  loss_bbox_aux_0: 0.1862 (0.3154)  loss_bbox_aux_1: 0.1779 (0.3128)  loss_bbox_aux_2: 0.1973 (0.3273)  loss_bbox_dn_0: 0.0966 (0.1181)  loss_bbox_dn_1: 0.0863 (0.1123)  loss_bbox_dn_2: 0.0834 (0.1114)  loss_giou: 1.3829 (1.6149)  loss_giou_aux_0: 1.4145 (1.6412)  loss_giou_aux_1: 1.3847 (1.6197)  loss_giou_aux_2: 1.4803 (1.6924)  loss_giou_dn_0: 1.1198 (1.2319)  loss_giou_dn_1: 1.0485 (1.1800)  loss_giou_dn_2: 1.0255 (1.1691)  loss_vfl: 0.5565 (0.4770)  loss_vfl_aux_0: 0.5242 (0.4366)  loss_vfl_aux_1: 0.5529 (0.4625)  loss_vfl_aux_2: 0.4707 (0.3941)  loss_vfl_dn_0: 0.4284 (0.4096)  loss_vfl_dn_1: 0.4521 (0.4299)  loss_vfl_dn_2: 0.4614 (0.4414)  time: 1.0789  data: 0.0228  max mem: 9915
Epoch: [0]  [800/809]  eta: 0:00:09  lr: 0.000100  loss: 13.2101 (14.6600)  loss_bbox: 0.1911 (0.2980)  loss_bbox_aux_0: 0.1994 (0.3032)  loss_bbox_aux_1: 0.1929 (0.3004)  loss_bbox_aux_2: 0.2189 (0.3150)  loss_bbox_dn_0: 0.1159 (0.1164)  loss_bbox_dn_1: 0.1096 (0.1102)  loss_bbox_dn_2: 0.1090 (0.1091)  loss_giou: 1.3216 (1.5861)  loss_giou_aux_0: 1.3648 (1.6125)  loss_giou_aux_1: 1.3292 (1.5908)  loss_giou_aux_2: 1.4439 (1.6663)  loss_giou_dn_0: 1.1045 (1.2162)  loss_giou_dn_1: 1.0367 (1.1611)  loss_giou_dn_2: 1.0056 (1.1490)  loss_vfl: 0.6101 (0.4927)  loss_vfl_aux_0: 0.5603 (0.4531)  loss_vfl_aux_1: 0.5852 (0.4786)  loss_vfl_aux_2: 0.5002 (0.4093)  loss_vfl_dn_0: 0.4316 (0.4133)  loss_vfl_dn_1: 0.4518 (0.4337)  loss_vfl_dn_2: 0.4564 (0.4449)  time: 1.0183  data: 0.0245  max mem: 9915
Epoch: [0]  [808/809]  eta: 0:00:01  lr: 0.000100  loss: 13.3753 (14.6534)  loss_bbox: 0.2013 (0.2973)  loss_bbox_aux_0: 0.2043 (0.3025)  loss_bbox_aux_1: 0.2048 (0.2998)  loss_bbox_aux_2: 0.2246 (0.3145)  loss_bbox_dn_0: 0.1117 (0.1163)  loss_bbox_dn_1: 0.1040 (0.1101)  loss_bbox_dn_2: 0.1036 (0.1090)  loss_giou: 1.2912 (1.5842)  loss_giou_aux_0: 1.3131 (1.6106)  loss_giou_aux_1: 1.2941 (1.5889)  loss_giou_aux_2: 1.4158 (1.6647)  loss_giou_dn_0: 1.1239 (1.2151)  loss_giou_dn_1: 1.0554 (1.1599)  loss_giou_dn_2: 1.0289 (1.1477)  loss_vfl: 0.6104 (0.4944)  loss_vfl_aux_0: 0.5778 (0.4546)  loss_vfl_aux_1: 0.6078 (0.4803)  loss_vfl_aux_2: 0.5353 (0.4107)  loss_vfl_dn_0: 0.4425 (0.4136)  loss_vfl_dn_1: 0.4604 (0.4340)  loss_vfl_dn_2: 0.4713 (0.4453)  time: 0.9329  data: 0.0238  max mem: 9915
Epoch: [0] Total time: 0:14:46 (1.0958 s / it)
Averaged stats: lr: 0.000100  loss: 13.3753 (14.6534)  loss_bbox: 0.2013 (0.2973)  loss_bbox_aux_0: 0.2043 (0.3025)  loss_bbox_aux_1: 0.2048 (0.2998)  loss_bbox_aux_2: 0.2246 (0.3145)  loss_bbox_dn_0: 0.1117 (0.1163)  loss_bbox_dn_1: 0.1040 (0.1101)  loss_bbox_dn_2: 0.1036 (0.1090)  loss_giou: 1.2912 (1.5842)  loss_giou_aux_0: 1.3131 (1.6106)  loss_giou_aux_1: 1.2941 (1.5889)  loss_giou_aux_2: 1.4158 (1.6647)  loss_giou_dn_0: 1.1239 (1.2151)  loss_giou_dn_1: 1.0554 (1.1599)  loss_giou_dn_2: 1.0289 (1.1477)  loss_vfl: 0.6104 (0.4944)  loss_vfl_aux_0: 0.5778 (0.4546)  loss_vfl_aux_1: 0.6078 (0.4803)  loss_vfl_aux_2: 0.5353 (0.4107)  loss_vfl_dn_0: 0.4425 (0.4136)  loss_vfl_dn_1: 0.4604 (0.4340)  loss_vfl_dn_2: 0.4713 (0.4453)
Test:  [ 0/69]  eta: 0:02:04    time: 1.8114  data: 0.8203  max mem: 9915
Test:  [10/69]  eta: 0:00:44    time: 0.7513  data: 0.0950  max mem: 9915
Test:  [20/69]  eta: 0:00:35    time: 0.6621  data: 0.0220  max mem: 9915
Test:  [30/69]  eta: 0:00:28    time: 0.7010  data: 0.0223  max mem: 9915
Test:  [40/69]  eta: 0:00:20    time: 0.6789  data: 0.0223  max mem: 9915
Test:  [50/69]  eta: 0:00:12    time: 0.5991  data: 0.0223  max mem: 9915
Test:  [60/69]  eta: 0:00:05    time: 0.5637  data: 0.0227  max mem: 9915
Test:  [68/69]  eta: 0:00:00    time: 0.5819  data: 0.0215  max mem: 9915
Test: Total time: 0:00:44 (0.6508 s / it)
Averaged stats: 
Accumulating evaluation results...
DONE (t=1.80s).
IoU metric: bbox
 Average Precision  (AP) @[ IoU=0.50:0.95 | area=   all | maxDets=100 ] = 0.023
 Average Precision  (AP) @[ IoU=0.50      | area=   all | maxDets=100 ] = 0.047
 Average Precision  (AP) @[ IoU=0.75      | area=   all | maxDets=100 ] = 0.023
 Average Precision  (AP) @[ IoU=0.50:0.95 | area= small | maxDets=100 ] = 0.021
 Average Precision  (AP) @[ IoU=0.50:0.95 | area=medium | maxDets=100 ] = 0.032
 Average Precision  (AP) @[ IoU=0.50:0.95 | area= large | maxDets=100 ] = 0.028
 Average Recall     (AR) @[ IoU=0.50:0.95 | area=   all | maxDets=  1 ] = 0.022
 Average Recall     (AR) @[ IoU=0.50:0.95 | area=   all | maxDets= 10 ] = 0.060
 Average Recall     (AR) @[ IoU=0.50:0.95 | area=   all | maxDets=100 ] = 0.114
 Average Recall     (AR) @[ IoU=0.50:0.95 | area= small | maxDets=100 ] = 0.089
 Average Recall     (AR) @[ IoU=0.50:0.95 | area=medium | maxDets=100 ] = 0.172
 Average Recall     (AR) @[ IoU=0.50:0.95 | area= large | maxDets=100 ] = 0.107
best_stat:  {'epoch': 0, 'coco_eval_bbox': 0.023483674798416794}
Epoch: [1]  [  0/809]  eta: 1:23:26  lr: 0.000100  loss: 14.4588 (14.4588)  loss_bbox: 0.2201 (0.2201)  loss_bbox_aux_0: 0.2248 (0.2248)  loss_bbox_aux_1: 0.2246 (0.2246)  loss_bbox_aux_2: 0.2342 (0.2342)  loss_bbox_dn_0: 0.0778 (0.0778)  loss_bbox_dn_1: 0.0691 (0.0691)  loss_bbox_dn_2: 0.0667 (0.0667)  loss_giou: 1.7295 (1.7295)  loss_giou_aux_0: 1.7477 (1.7477)  loss_giou_aux_1: 1.7257 (1.7257)  loss_giou_aux_2: 1.7991 (1.7991)  loss_giou_dn_0: 1.2218 (1.2218)  loss_giou_dn_1: 1.1676 (1.1676)  loss_giou_dn_2: 1.1503 (1.1503)  loss_vfl: 0.4188 (0.4188)  loss_vfl_aux_0: 0.3972 (0.3972)  loss_vfl_aux_1: 0.4188 (0.4188)  loss_vfl_aux_2: 0.3757 (0.3757)  loss_vfl_dn_0: 0.3867 (0.3867)  loss_vfl_dn_1: 0.3969 (0.3969)  loss_vfl_dn_2: 0.4058 (0.4058)  time: 6.1886  data: 4.0717  max mem: 9915
Epoch: [1]  [100/809]  eta: 0:13:44  lr: 0.000100  loss: 13.3556 (13.4763)  loss_bbox: 0.1772 (0.1953)  loss_bbox_aux_0: 0.1763 (0.1985)  loss_bbox_aux_1: 0.1748 (0.1963)  loss_bbox_aux_2: 0.1896 (0.2105)  loss_bbox_dn_0: 0.0942 (0.1016)  loss_bbox_dn_1: 0.0878 (0.0922)  loss_bbox_dn_2: 0.0843 (0.0900)  loss_giou: 1.3156 (1.3678)  loss_giou_aux_0: 1.3295 (1.3956)  loss_giou_aux_1: 1.3135 (1.3723)  loss_giou_aux_2: 1.4092 (1.4629)  loss_giou_dn_0: 1.0823 (1.1125)  loss_giou_dn_1: 1.0031 (1.0350)  loss_giou_dn_2: 0.9750 (1.0129)  loss_vfl: 0.6002 (0.6003)  loss_vfl_aux_0: 0.5812 (0.5649)  loss_vfl_aux_1: 0.5964 (0.5915)  loss_vfl_aux_2: 0.5225 (0.5197)  loss_vfl_dn_0: 0.4446 (0.4343)  loss_vfl_dn_1: 0.4618 (0.4567)  loss_vfl_dn_2: 0.4789 (0.4657)  time: 1.1267  data: 0.0291  max mem: 9915
Epoch: [1]  [200/809]  eta: 0:11:39  lr: 0.000100  loss: 13.5182 (13.5640)  loss_bbox: 0.2055 (0.2013)  loss_bbox_aux_0: 0.2080 (0.2049)  loss_bbox_aux_1: 0.2066 (0.2027)  loss_bbox_aux_2: 0.2133 (0.2172)  loss_bbox_dn_0: 0.0901 (0.1010)  loss_bbox_dn_1: 0.0831 (0.0915)  loss_bbox_dn_2: 0.0801 (0.0890)  loss_giou: 1.3613 (1.3864)  loss_giou_aux_0: 1.3850 (1.4146)  loss_giou_aux_1: 1.3743 (1.3918)  loss_giou_aux_2: 1.4351 (1.4808)  loss_giou_dn_0: 1.0789 (1.1134)  loss_giou_dn_1: 1.0092 (1.0356)  loss_giou_dn_2: 0.9767 (1.0137)  loss_vfl: 0.5455 (0.5984)  loss_vfl_aux_0: 0.5083 (0.5626)  loss_vfl_aux_1: 0.5417 (0.5888)  loss_vfl_aux_2: 0.4938 (0.5156)  loss_vfl_dn_0: 0.4316 (0.4348)  loss_vfl_dn_1: 0.4552 (0.4560)  loss_vfl_dn_2: 0.4586 (0.4641)  time: 1.0903  data: 0.0265  max mem: 9915
Epoch: [1]  [300/809]  eta: 0:09:38  lr: 0.000100  loss: 13.1146 (13.4845)  loss_bbox: 0.1713 (0.2010)  loss_bbox_aux_0: 0.1700 (0.2045)  loss_bbox_aux_1: 0.1694 (0.2022)  loss_bbox_aux_2: 0.1904 (0.2168)  loss_bbox_dn_0: 0.0883 (0.0999)  loss_bbox_dn_1: 0.0778 (0.0903)  loss_bbox_dn_2: 0.0755 (0.0878)  loss_giou: 1.3003 (1.3730)  loss_giou_aux_0: 1.3192 (1.4014)  loss_giou_aux_1: 1.3008 (1.3787)  loss_giou_aux_2: 1.3842 (1.4682)  loss_giou_dn_0: 1.0788 (1.1024)  loss_giou_dn_1: 1.0081 (1.0240)  loss_giou_dn_2: 0.9897 (1.0019)  loss_vfl: 0.5603 (0.5990)  loss_vfl_aux_0: 0.5425 (0.5642)  loss_vfl_aux_1: 0.5591 (0.5898)  loss_vfl_aux_2: 0.5105 (0.5194)  loss_vfl_dn_0: 0.4344 (0.4375)  loss_vfl_dn_1: 0.4510 (0.4574)  loss_vfl_dn_2: 0.4543 (0.4650)  time: 1.1057  data: 0.0283  max mem: 9915
Epoch: [1]  [400/809]  eta: 0:07:38  lr: 0.000100  loss: 13.2725 (13.4377)  loss_bbox: 0.2095 (0.2015)  loss_bbox_aux_0: 0.2144 (0.2051)  loss_bbox_aux_1: 0.2123 (0.2028)  loss_bbox_aux_2: 0.2225 (0.2172)  loss_bbox_dn_0: 0.0975 (0.1002)  loss_bbox_dn_1: 0.0840 (0.0903)  loss_bbox_dn_2: 0.0814 (0.0877)  loss_giou: 1.3240 (1.3633)  loss_giou_aux_0: 1.3530 (1.3926)  loss_giou_aux_1: 1.3371 (1.3694)  loss_giou_aux_2: 1.4186 (1.4594)  loss_giou_dn_0: 1.0871 (1.0948)  loss_giou_dn_1: 0.9962 (1.0147)  loss_giou_dn_2: 0.9685 (0.9921)  loss_vfl: 0.5647 (0.6011)  loss_vfl_aux_0: 0.5455 (0.5663)  loss_vfl_aux_1: 0.5586 (0.5912)  loss_vfl_aux_2: 0.5114 (0.5247)  loss_vfl_dn_0: 0.4293 (0.4389)  loss_vfl_dn_1: 0.4469 (0.4585)  loss_vfl_dn_2: 0.4539 (0.4658)  time: 1.0705  data: 0.0296  max mem: 9915
Epoch: [1]  [500/809]  eta: 0:05:45  lr: 0.000100  loss: 12.7179 (13.3846)  loss_bbox: 0.1557 (0.1997)  loss_bbox_aux_0: 0.1662 (0.2034)  loss_bbox_aux_1: 0.1627 (0.2010)  loss_bbox_aux_2: 0.1753 (0.2156)  loss_bbox_dn_0: 0.0884 (0.0990)  loss_bbox_dn_1: 0.0797 (0.0889)  loss_bbox_dn_2: 0.0782 (0.0863)  loss_giou: 1.2350 (1.3582)  loss_giou_aux_0: 1.2516 (1.3874)  loss_giou_aux_1: 1.2396 (1.3643)  loss_giou_aux_2: 1.3525 (1.4531)  loss_giou_dn_0: 1.0427 (1.0908)  loss_giou_dn_1: 0.9611 (1.0105)  loss_giou_dn_2: 0.9428 (0.9882)  loss_vfl: 0.5823 (0.5968)  loss_vfl_aux_0: 0.5415 (0.5637)  loss_vfl_aux_1: 0.5676 (0.5872)  loss_vfl_aux_2: 0.5148 (0.5255)  loss_vfl_dn_0: 0.4542 (0.4400)  loss_vfl_dn_1: 0.4691 (0.4590)  loss_vfl_dn_2: 0.4741 (0.4661)  time: 1.0831  data: 0.0252  max mem: 9915
Epoch: [1]  [600/809]  eta: 0:03:52  lr: 0.000100  loss: 12.9689 (13.3556)  loss_bbox: 0.1788 (0.2015)  loss_bbox_aux_0: 0.1774 (0.2050)  loss_bbox_aux_1: 0.1842 (0.2027)  loss_bbox_aux_2: 0.1957 (0.2168)  loss_bbox_dn_0: 0.0918 (0.0982)  loss_bbox_dn_1: 0.0812 (0.0881)  loss_bbox_dn_2: 0.0774 (0.0856)  loss_giou: 1.2750 (1.3559)  loss_giou_aux_0: 1.3059 (1.3848)  loss_giou_aux_1: 1.2831 (1.3621)  loss_giou_aux_2: 1.3511 (1.4512)  loss_giou_dn_0: 1.0254 (1.0863)  loss_giou_dn_1: 0.9304 (1.0057)  loss_giou_dn_2: 0.9035 (0.9835)  loss_vfl: 0.6375 (0.5926)  loss_vfl_aux_0: 0.5990 (0.5611)  loss_vfl_aux_1: 0.6195 (0.5830)  loss_vfl_aux_2: 0.5940 (0.5248)  loss_vfl_dn_0: 0.4517 (0.4410)  loss_vfl_dn_1: 0.4664 (0.4595)  loss_vfl_dn_2: 0.4731 (0.4661)  time: 1.0553  data: 0.0260  max mem: 9915
Epoch: [1]  [700/809]  eta: 0:02:00  lr: 0.000100  loss: 12.5750 (13.2812)  loss_bbox: 0.1687 (0.1975)  loss_bbox_aux_0: 0.1641 (0.2010)  loss_bbox_aux_1: 0.1677 (0.1987)  loss_bbox_aux_2: 0.1729 (0.2126)  loss_bbox_dn_0: 0.0815 (0.0975)  loss_bbox_dn_1: 0.0719 (0.0873)  loss_bbox_dn_2: 0.0698 (0.0848)  loss_giou: 1.2778 (1.3458)  loss_giou_aux_0: 1.3302 (1.3744)  loss_giou_aux_1: 1.2841 (1.3519)  loss_giou_aux_2: 1.4097 (1.4410)  loss_giou_dn_0: 1.0446 (1.0797)  loss_giou_dn_1: 0.9585 (0.9987)  loss_giou_dn_2: 0.9400 (0.9766)  loss_vfl: 0.5482 (0.5922)  loss_vfl_aux_0: 0.5122 (0.5619)  loss_vfl_aux_1: 0.5314 (0.5827)  loss_vfl_aux_2: 0.4939 (0.5273)  loss_vfl_dn_0: 0.4432 (0.4425)  loss_vfl_dn_1: 0.4548 (0.4604)  loss_vfl_dn_2: 0.4574 (0.4666)  time: 1.1083  data: 0.0251  max mem: 9915
Epoch: [1]  [800/809]  eta: 0:00:09  lr: 0.000100  loss: 12.3309 (13.2204)  loss_bbox: 0.1321 (0.1944)  loss_bbox_aux_0: 0.1415 (0.1980)  loss_bbox_aux_1: 0.1377 (0.1957)  loss_bbox_aux_2: 0.1518 (0.2096)  loss_bbox_dn_0: 0.0874 (0.0973)  loss_bbox_dn_1: 0.0767 (0.0870)  loss_bbox_dn_2: 0.0743 (0.0845)  loss_giou: 1.2209 (1.3357)  loss_giou_aux_0: 1.2444 (1.3648)  loss_giou_aux_1: 1.2286 (1.3422)  loss_giou_aux_2: 1.3137 (1.4314)  loss_giou_dn_0: 1.0250 (1.0755)  loss_giou_dn_1: 0.9456 (0.9940)  loss_giou_dn_2: 0.9277 (0.9720)  loss_vfl: 0.5723 (0.5918)  loss_vfl_aux_0: 0.5552 (0.5624)  loss_vfl_aux_1: 0.5638 (0.5823)  loss_vfl_aux_2: 0.5496 (0.5302)  loss_vfl_dn_0: 0.4547 (0.4435)  loss_vfl_dn_1: 0.4702 (0.4611)  loss_vfl_dn_2: 0.4740 (0.4669)  time: 1.1332  data: 0.0280  max mem: 9915
Epoch: [1]  [808/809]  eta: 0:00:01  lr: 0.000100  loss: 12.4695 (13.2154)  loss_bbox: 0.1321 (0.1941)  loss_bbox_aux_0: 0.1433 (0.1977)  loss_bbox_aux_1: 0.1388 (0.1954)  loss_bbox_aux_2: 0.1518 (0.2093)  loss_bbox_dn_0: 0.0750 (0.0972)  loss_bbox_dn_1: 0.0693 (0.0869)  loss_bbox_dn_2: 0.0680 (0.0844)  loss_giou: 1.2438 (1.3351)  loss_giou_aux_0: 1.2974 (1.3642)  loss_giou_aux_1: 1.2543 (1.3416)  loss_giou_aux_2: 1.3528 (1.4308)  loss_giou_dn_0: 1.0252 (1.0751)  loss_giou_dn_1: 0.9589 (0.9936)  loss_giou_dn_2: 0.9433 (0.9717)  loss_vfl: 0.5463 (0.5917)  loss_vfl_aux_0: 0.5226 (0.5623)  loss_vfl_aux_1: 0.5540 (0.5823)  loss_vfl_aux_2: 0.5117 (0.5302)  loss_vfl_dn_0: 0.4539 (0.4436)  loss_vfl_dn_1: 0.4684 (0.4611)  loss_vfl_dn_2: 0.4679 (0.4669)  time: 0.9640  data: 0.0263  max mem: 9915
Epoch: [1] Total time: 0:14:51 (1.1022 s / it)
Averaged stats: lr: 0.000100  loss: 12.4695 (13.2154)  loss_bbox: 0.1321 (0.1941)  loss_bbox_aux_0: 0.1433 (0.1977)  loss_bbox_aux_1: 0.1388 (0.1954)  loss_bbox_aux_2: 0.1518 (0.2093)  loss_bbox_dn_0: 0.0750 (0.0972)  loss_bbox_dn_1: 0.0693 (0.0869)  loss_bbox_dn_2: 0.0680 (0.0844)  loss_giou: 1.2438 (1.3351)  loss_giou_aux_0: 1.2974 (1.3642)  loss_giou_aux_1: 1.2543 (1.3416)  loss_giou_aux_2: 1.3528 (1.4308)  loss_giou_dn_0: 1.0252 (1.0751)  loss_giou_dn_1: 0.9589 (0.9936)  loss_giou_dn_2: 0.9433 (0.9717)  loss_vfl: 0.5463 (0.5917)  loss_vfl_aux_0: 0.5226 (0.5623)  loss_vfl_aux_1: 0.5540 (0.5823)  loss_vfl_aux_2: 0.5117 (0.5302)  loss_vfl_dn_0: 0.4539 (0.4436)  loss_vfl_dn_1: 0.4684 (0.4611)  loss_vfl_dn_2: 0.4679 (0.4669)
Test:  [ 0/69]  eta: 0:01:41    time: 1.4683  data: 0.7305  max mem: 9915
Test:  [10/69]  eta: 0:00:42    time: 0.7199  data: 0.0878  max mem: 9915
Test:  [20/69]  eta: 0:00:34    time: 0.6688  data: 0.0231  max mem: 9915
Test:  [30/69]  eta: 0:00:27    time: 0.7136  data: 0.0212  max mem: 9915
Test:  [40/69]  eta: 0:00:20    time: 0.6728  data: 0.0211  max mem: 9915
Test:  [50/69]  eta: 0:00:12    time: 0.6292  data: 0.0222  max mem: 9915
Test:  [60/69]  eta: 0:00:06    time: 0.6226  data: 0.0213  max mem: 9915
Test:  [68/69]  eta: 0:00:00    time: 0.6027  data: 0.0198  max mem: 9915
Test: Total time: 0:00:45 (0.6634 s / it)
Averaged stats: 
Accumulating evaluation results...
DONE (t=1.80s).
IoU metric: bbox
 Average Precision  (AP) @[ IoU=0.50:0.95 | area=   all | maxDets=100 ] = 0.055
 Average Precision  (AP) @[ IoU=0.50      | area=   all | maxDets=100 ] = 0.096
 Average Precision  (AP) @[ IoU=0.75      | area=   all | maxDets=100 ] = 0.055
 Average Precision  (AP) @[ IoU=0.50:0.95 | area= small | maxDets=100 ] = 0.037
 Average Precision  (AP) @[ IoU=0.50:0.95 | area=medium | maxDets=100 ] = 0.077
 Average Precision  (AP) @[ IoU=0.50:0.95 | area= large | maxDets=100 ] = 0.090
 Average Recall     (AR) @[ IoU=0.50:0.95 | area=   all | maxDets=  1 ] = 0.033
 Average Recall     (AR) @[ IoU=0.50:0.95 | area=   all | maxDets= 10 ] = 0.093
 Average Recall     (AR) @[ IoU=0.50:0.95 | area=   all | maxDets=100 ] = 0.163
 Average Recall     (AR) @[ IoU=0.50:0.95 | area= small | maxDets=100 ] = 0.118
 Average Recall     (AR) @[ IoU=0.50:0.95 | area=medium | maxDets=100 ] = 0.232
 Average Recall     (AR) @[ IoU=0.50:0.95 | area= large | maxDets=100 ] = 0.220
best_stat:  {'epoch': 1, 'coco_eval_bbox': 0.054738613005268465}
Epoch: [2]  [  0/809]  eta: 1:18:11  lr: 0.000100  loss: 11.9646 (11.9646)  loss_bbox: 0.1294 (0.1294)  loss_bbox_aux_0: 0.1374 (0.1374)  loss_bbox_aux_1: 0.1315 (0.1315)  loss_bbox_aux_2: 0.1491 (0.1491)  loss_bbox_dn_0: 0.0933 (0.0933)  loss_bbox_dn_1: 0.0796 (0.0796)  loss_bbox_dn_2: 0.0785 (0.0785)  loss_giou: 1.0241 (1.0241)  loss_giou_aux_0: 1.0689 (1.0689)  loss_giou_aux_1: 1.0352 (1.0352)  loss_giou_aux_2: 1.1651 (1.1651)  loss_giou_dn_0: 0.9654 (0.9654)  loss_giou_dn_1: 0.8625 (0.8625)  loss_giou_dn_2: 0.8424 (0.8424)  loss_vfl: 0.6951 (0.6951)  loss_vfl_aux_0: 0.6877 (0.6877)  loss_vfl_aux_1: 0.6929 (0.6929)  loss_vfl_aux_2: 0.6729 (0.6729)  loss_vfl_dn_0: 0.4711 (0.4711)  loss_vfl_dn_1: 0.4897 (0.4897)  loss_vfl_dn_2: 0.4929 (0.4929)  time: 5.7993  data: 3.2824  max mem: 9915
Epoch: [2]  [100/809]  eta: 0:13:44  lr: 0.000100  loss: 12.4191 (12.8396)  loss_bbox: 0.1768 (0.1896)  loss_bbox_aux_0: 0.1796 (0.1934)  loss_bbox_aux_1: 0.1811 (0.1913)  loss_bbox_aux_2: 0.1979 (0.2035)  loss_bbox_dn_0: 0.0868 (0.0910)  loss_bbox_dn_1: 0.0774 (0.0795)  loss_bbox_dn_2: 0.0720 (0.0770)  loss_giou: 1.2423 (1.2925)  loss_giou_aux_0: 1.3027 (1.3272)  loss_giou_aux_1: 1.2551 (1.3001)  loss_giou_aux_2: 1.3776 (1.3926)  loss_giou_dn_0: 1.0390 (1.0283)  loss_giou_dn_1: 0.9470 (0.9399)  loss_giou_dn_2: 0.9223 (0.9189)  loss_vfl: 0.5740 (0.5728)  loss_vfl_aux_0: 0.5448 (0.5505)  loss_vfl_aux_1: 0.5627 (0.5664)  loss_vfl_aux_2: 0.5146 (0.5419)  loss_vfl_dn_0: 0.4432 (0.4524)  loss_vfl_dn_1: 0.4474 (0.4654)  loss_vfl_dn_2: 0.4524 (0.4654)  time: 1.1513  data: 0.0263  max mem: 9915
Epoch: [2]  [200/809]  eta: 0:11:31  lr: 0.000100  loss: 11.9918 (12.6993)  loss_bbox: 0.1276 (0.1757)  loss_bbox_aux_0: 0.1335 (0.1802)  loss_bbox_aux_1: 0.1286 (0.1774)  loss_bbox_aux_2: 0.1465 (0.1907)  loss_bbox_dn_0: 0.0879 (0.0913)  loss_bbox_dn_1: 0.0730 (0.0796)  loss_bbox_dn_2: 0.0685 (0.0770)  loss_giou: 1.0888 (1.2613)  loss_giou_aux_0: 1.1245 (1.2963)  loss_giou_aux_1: 1.0954 (1.2693)  loss_giou_aux_2: 1.1816 (1.3629)  loss_giou_dn_0: 1.0023 (1.0245)  loss_giou_dn_1: 0.9159 (0.9351)  loss_giou_dn_2: 0.8896 (0.9137)  loss_vfl: 0.6250 (0.5880)  loss_vfl_aux_0: 0.5900 (0.5594)  loss_vfl_aux_1: 0.6077 (0.5784)  loss_vfl_aux_2: 0.5764 (0.5518)  loss_vfl_dn_0: 0.4641 (0.4528)  loss_vfl_dn_1: 0.4814 (0.4665)  loss_vfl_dn_2: 0.4791 (0.4675)  time: 1.1358  data: 0.0281  max mem: 9915
Epoch: [2]  [300/809]  eta: 0:09:32  lr: 0.000100  loss: 12.7999 (12.7361)  loss_bbox: 0.1926 (0.1780)  loss_bbox_aux_0: 0.2010 (0.1822)  loss_bbox_aux_1: 0.1949 (0.1794)  loss_bbox_aux_2: 0.2140 (0.1931)  loss_bbox_dn_0: 0.0873 (0.0906)  loss_bbox_dn_1: 0.0738 (0.0790)  loss_bbox_dn_2: 0.0724 (0.0764)  loss_giou: 1.2603 (1.2744)  loss_giou_aux_0: 1.2894 (1.3091)  loss_giou_aux_1: 1.2673 (1.2830)  loss_giou_aux_2: 1.3614 (1.3743)  loss_giou_dn_0: 1.0223 (1.0266)  loss_giou_dn_1: 0.9405 (0.9384)  loss_giou_dn_2: 0.9170 (0.9170)  loss_vfl: 0.5435 (0.5789)  loss_vfl_aux_0: 0.5240 (0.5522)  loss_vfl_aux_1: 0.5306 (0.5696)  loss_vfl_aux_2: 0.4976 (0.5450)  loss_vfl_dn_0: 0.4576 (0.4534)  loss_vfl_dn_1: 0.4708 (0.4672)  loss_vfl_dn_2: 0.4686 (0.4683)  time: 1.1335  data: 0.0296  max mem: 9915
Epoch: [2]  [400/809]  eta: 0:07:36  lr: 0.000100  loss: 12.8070 (12.7030)  loss_bbox: 0.1699 (0.1769)  loss_bbox_aux_0: 0.1701 (0.1811)  loss_bbox_aux_1: 0.1687 (0.1783)  loss_bbox_aux_2: 0.1900 (0.1925)  loss_bbox_dn_0: 0.0804 (0.0896)  loss_bbox_dn_1: 0.0672 (0.0781)  loss_bbox_dn_2: 0.0650 (0.0755)  loss_giou: 1.3567 (1.2707)  loss_giou_aux_0: 1.4047 (1.3049)  loss_giou_aux_1: 1.3742 (1.2795)  loss_giou_aux_2: 1.4513 (1.3711)  loss_giou_dn_0: 1.0051 (1.0234)  loss_giou_dn_1: 0.9158 (0.9348)  loss_giou_dn_2: 0.8953 (0.9139)  loss_vfl: 0.5323 (0.5766)  loss_vfl_aux_0: 0.5084 (0.5524)  loss_vfl_aux_1: 0.5253 (0.5682)  loss_vfl_aux_2: 0.5117 (0.5455)  loss_vfl_dn_0: 0.4553 (0.4541)  loss_vfl_dn_1: 0.4667 (0.4676)  loss_vfl_dn_2: 0.4671 (0.4682)  time: 1.1335  data: 0.0273  max mem: 9915
Epoch: [2]  [500/809]  eta: 0:05:43  lr: 0.000100  loss: 12.2296 (12.6424)  loss_bbox: 0.1569 (0.1749)  loss_bbox_aux_0: 0.1575 (0.1789)  loss_bbox_aux_1: 0.1552 (0.1763)  loss_bbox_aux_2: 0.1739 (0.1904)  loss_bbox_dn_0: 0.0732 (0.0888)  loss_bbox_dn_1: 0.0672 (0.0773)  loss_bbox_dn_2: 0.0646 (0.0747)  loss_giou: 1.1657 (1.2621)  loss_giou_aux_0: 1.2149 (1.2959)  loss_giou_aux_1: 1.1814 (1.2711)  loss_giou_aux_2: 1.3047 (1.3626)  loss_giou_dn_0: 1.0085 (1.0198)  loss_giou_dn_1: 0.9386 (0.9310)  loss_giou_dn_2: 0.9223 (0.9100)  loss_vfl: 0.5620 (0.5737)  loss_vfl_aux_0: 0.5430 (0.5514)  loss_vfl_aux_1: 0.5541 (0.5658)  loss_vfl_aux_2: 0.5328 (0.5457)  loss_vfl_dn_0: 0.4607 (0.4553)  loss_vfl_dn_1: 0.4712 (0.4680)  loss_vfl_dn_2: 0.4696 (0.4685)  time: 1.1003  data: 0.0297  max mem: 9915
Epoch: [2]  [600/809]  eta: 0:03:52  lr: 0.000100  loss: 12.6495 (12.6112)  loss_bbox: 0.1455 (0.1727)  loss_bbox_aux_0: 0.1485 (0.1768)  loss_bbox_aux_1: 0.1496 (0.1740)  loss_bbox_aux_2: 0.1618 (0.1882)  loss_bbox_dn_0: 0.0860 (0.0891)  loss_bbox_dn_1: 0.0751 (0.0776)  loss_bbox_dn_2: 0.0720 (0.0749)  loss_giou: 1.3528 (1.2548)  loss_giou_aux_0: 1.3881 (1.2888)  loss_giou_aux_1: 1.3613 (1.2639)  loss_giou_aux_2: 1.4255 (1.3564)  loss_giou_dn_0: 1.0238 (1.0167)  loss_giou_dn_1: 0.9511 (0.9276)  loss_giou_dn_2: 0.9338 (0.9064)  loss_vfl: 0.5427 (0.5771)  loss_vfl_aux_0: 0.5208 (0.5545)  loss_vfl_aux_1: 0.5322 (0.5695)  loss_vfl_aux_2: 0.4940 (0.5481)  loss_vfl_dn_0: 0.4518 (0.4561)  loss_vfl_dn_1: 0.4704 (0.4689)  loss_vfl_dn_2: 0.4634 (0.4694)  time: 1.1367  data: 0.0249  max mem: 9915
Epoch: [2]  [700/809]  eta: 0:02:00  lr: 0.000100  loss: 11.9383 (12.5779)  loss_bbox: 0.1374 (0.1714)  loss_bbox_aux_0: 0.1393 (0.1755)  loss_bbox_aux_1: 0.1413 (0.1727)  loss_bbox_aux_2: 0.1471 (0.1870)  loss_bbox_dn_0: 0.0830 (0.0885)  loss_bbox_dn_1: 0.0706 (0.0771)  loss_bbox_dn_2: 0.0689 (0.0744)  loss_giou: 1.1398 (1.2521)  loss_giou_aux_0: 1.1873 (1.2859)  loss_giou_aux_1: 1.1530 (1.2611)  loss_giou_aux_2: 1.2519 (1.3538)  loss_giou_dn_0: 0.9871 (1.0147)  loss_giou_dn_1: 0.8917 (0.9258)  loss_giou_dn_2: 0.8762 (0.9048)  loss_vfl: 0.5933 (0.5739)  loss_vfl_aux_0: 0.5460 (0.5524)  loss_vfl_aux_1: 0.5642 (0.5668)  loss_vfl_aux_2: 0.5796 (0.5455)  loss_vfl_dn_0: 0.4666 (0.4565)  loss_vfl_dn_1: 0.4731 (0.4689)  loss_vfl_dn_2: 0.4708 (0.4693)  time: 1.1041  data: 0.0325  max mem: 9915
Epoch: [2]  [800/809]  eta: 0:00:09  lr: 0.000100  loss: 12.3122 (12.5419)  loss_bbox: 0.1405 (0.1702)  loss_bbox_aux_0: 0.1456 (0.1744)  loss_bbox_aux_1: 0.1442 (0.1715)  loss_bbox_aux_2: 0.1490 (0.1860)  loss_bbox_dn_0: 0.0787 (0.0882)  loss_bbox_dn_1: 0.0673 (0.0767)  loss_bbox_dn_2: 0.0637 (0.0740)  loss_giou: 1.2436 (1.2454)  loss_giou_aux_0: 1.2844 (1.2792)  loss_giou_aux_1: 1.2399 (1.2545)  loss_giou_aux_2: 1.3599 (1.3478)  loss_giou_dn_0: 0.9881 (1.0111)  loss_giou_dn_1: 0.8973 (0.9217)  loss_giou_dn_2: 0.8799 (0.9005)  loss_vfl: 0.5735 (0.5750)  loss_vfl_aux_0: 0.5311 (0.5540)  loss_vfl_aux_1: 0.5516 (0.5680)  loss_vfl_aux_2: 0.5269 (0.5477)  loss_vfl_dn_0: 0.4636 (0.4571)  loss_vfl_dn_1: 0.4717 (0.4692)  loss_vfl_dn_2: 0.4712 (0.4696)  time: 1.1580  data: 0.0275  max mem: 9915
Epoch: [2]  [808/809]  eta: 0:00:01  lr: 0.000100  loss: 11.8367 (12.5348)  loss_bbox: 0.1334 (0.1699)  loss_bbox_aux_0: 0.1373 (0.1740)  loss_bbox_aux_1: 0.1352 (0.1712)  loss_bbox_aux_2: 0.1471 (0.1857)  loss_bbox_dn_0: 0.0772 (0.0883)  loss_bbox_dn_1: 0.0660 (0.0768)  loss_bbox_dn_2: 0.0637 (0.0741)  loss_giou: 1.0992 (1.2440)  loss_giou_aux_0: 1.1399 (1.2777)  loss_giou_aux_1: 1.1145 (1.2531)  loss_giou_aux_2: 1.2236 (1.3464)  loss_giou_dn_0: 0.9820 (1.0109)  loss_giou_dn_1: 0.9004 (0.9215)  loss_giou_dn_2: 0.8725 (0.9003)  loss_vfl: 0.5673 (0.5749)  loss_vfl_aux_0: 0.5538 (0.5541)  loss_vfl_aux_1: 0.5516 (0.5680)  loss_vfl_aux_2: 0.5363 (0.5478)  loss_vfl_dn_0: 0.4661 (0.4572)  loss_vfl_dn_1: 0.4734 (0.4693)  loss_vfl_dn_2: 0.4783 (0.4697)  time: 0.9833  data: 0.0248  max mem: 9915
Epoch: [2] Total time: 0:14:54 (1.1055 s / it)
Averaged stats: lr: 0.000100  loss: 11.8367 (12.5348)  loss_bbox: 0.1334 (0.1699)  loss_bbox_aux_0: 0.1373 (0.1740)  loss_bbox_aux_1: 0.1352 (0.1712)  loss_bbox_aux_2: 0.1471 (0.1857)  loss_bbox_dn_0: 0.0772 (0.0883)  loss_bbox_dn_1: 0.0660 (0.0768)  loss_bbox_dn_2: 0.0637 (0.0741)  loss_giou: 1.0992 (1.2440)  loss_giou_aux_0: 1.1399 (1.2777)  loss_giou_aux_1: 1.1145 (1.2531)  loss_giou_aux_2: 1.2236 (1.3464)  loss_giou_dn_0: 0.9820 (1.0109)  loss_giou_dn_1: 0.9004 (0.9215)  loss_giou_dn_2: 0.8725 (0.9003)  loss_vfl: 0.5673 (0.5749)  loss_vfl_aux_0: 0.5538 (0.5541)  loss_vfl_aux_1: 0.5516 (0.5680)  loss_vfl_aux_2: 0.5363 (0.5478)  loss_vfl_dn_0: 0.4661 (0.4572)  loss_vfl_dn_1: 0.4734 (0.4693)  loss_vfl_dn_2: 0.4783 (0.4697)
Test:  [ 0/69]  eta: 0:01:51    time: 1.6094  data: 0.9227  max mem: 9915
Test:  [10/69]  eta: 0:00:44    time: 0.7627  data: 0.1010  max mem: 9915
Test:  [20/69]  eta: 0:00:36    time: 0.6973  data: 0.0203  max mem: 9915
Test:  [30/69]  eta: 0:00:27    time: 0.6847  data: 0.0225  max mem: 9915
Test:  [40/69]  eta: 0:00:20    time: 0.7052  data: 0.0676  max mem: 9915
Test:  [50/69]  eta: 0:00:13    time: 0.6714  data: 0.0673  max mem: 9915
Test:  [60/69]  eta: 0:00:06    time: 0.5935  data: 0.0228  max mem: 9915
Test:  [68/69]  eta: 0:00:00    time: 0.6104  data: 0.0218  max mem: 9915
Test: Total time: 0:00:46 (0.6770 s / it)
Averaged stats: 
Accumulating evaluation results...
DONE (t=1.90s).
IoU metric: bbox
 Average Precision  (AP) @[ IoU=0.50:0.95 | area=   all | maxDets=100 ] = 0.076
 Average Precision  (AP) @[ IoU=0.50      | area=   all | maxDets=100 ] = 0.133
 Average Precision  (AP) @[ IoU=0.75      | area=   all | maxDets=100 ] = 0.076
 Average Precision  (AP) @[ IoU=0.50:0.95 | area= small | maxDets=100 ] = 0.050
 Average Precision  (AP) @[ IoU=0.50:0.95 | area=medium | maxDets=100 ] = 0.110
 Average Precision  (AP) @[ IoU=0.50:0.95 | area= large | maxDets=100 ] = 0.130
 Average Recall     (AR) @[ IoU=0.50:0.95 | area=   all | maxDets=  1 ] = 0.047
 Average Recall     (AR) @[ IoU=0.50:0.95 | area=   all | maxDets= 10 ] = 0.134
 Average Recall     (AR) @[ IoU=0.50:0.95 | area=   all | maxDets=100 ] = 0.202
 Average Recall     (AR) @[ IoU=0.50:0.95 | area= small | maxDets=100 ] = 0.145
 Average Recall     (AR) @[ IoU=0.50:0.95 | area=medium | maxDets=100 ] = 0.280
 Average Recall     (AR) @[ IoU=0.50:0.95 | area= large | maxDets=100 ] = 0.353
best_stat:  {'epoch': 2, 'coco_eval_bbox': 0.0763441392728181}
Epoch: [3]  [  0/809]  eta: 1:22:14  lr: 0.000100  loss: 12.3402 (12.3402)  loss_bbox: 0.1646 (0.1646)  loss_bbox_aux_0: 0.1742 (0.1742)  loss_bbox_aux_1: 0.1664 (0.1664)  loss_bbox_aux_2: 0.1929 (0.1929)  loss_bbox_dn_0: 0.0928 (0.0928)  loss_bbox_dn_1: 0.0807 (0.0807)  loss_bbox_dn_2: 0.0778 (0.0778)  loss_giou: 1.1839 (1.1839)  loss_giou_aux_0: 1.2157 (1.2157)  loss_giou_aux_1: 1.1956 (1.1956)  loss_giou_aux_2: 1.3038 (1.3038)  loss_giou_dn_0: 0.9663 (0.9663)  loss_giou_dn_1: 0.8764 (0.8764)  loss_giou_dn_2: 0.8512 (0.8512)  loss_vfl: 0.5909 (0.5909)  loss_vfl_aux_0: 0.5713 (0.5713)  loss_vfl_aux_1: 0.5853 (0.5853)  loss_vfl_aux_2: 0.5424 (0.5424)  loss_vfl_dn_0: 0.4946 (0.4946)  loss_vfl_dn_1: 0.5104 (0.5104)  loss_vfl_dn_2: 0.5029 (0.5029)  time: 6.0997  data: 2.1283  max mem: 9915
Epoch: [3]  [100/809]  eta: 0:13:32  lr: 0.000100  loss: 12.0579 (12.2856)  loss_bbox: 0.1253 (0.1542)  loss_bbox_aux_0: 0.1276 (0.1588)  loss_bbox_aux_1: 0.1274 (0.1551)  loss_bbox_aux_2: 0.1383 (0.1722)  loss_bbox_dn_0: 0.0897 (0.0868)  loss_bbox_dn_1: 0.0750 (0.0749)  loss_bbox_dn_2: 0.0714 (0.0722)  loss_giou: 1.1861 (1.2128)  loss_giou_aux_0: 1.2099 (1.2468)  loss_giou_aux_1: 1.1901 (1.2221)  loss_giou_aux_2: 1.2360 (1.3182)  loss_giou_dn_0: 0.9753 (0.9948)  loss_giou_dn_1: 0.8941 (0.9071)  loss_giou_dn_2: 0.8618 (0.8866)  loss_vfl: 0.5686 (0.5693)  loss_vfl_aux_0: 0.5498 (0.5528)  loss_vfl_aux_1: 0.5474 (0.5647)  loss_vfl_aux_2: 0.5538 (0.5444)  loss_vfl_dn_0: 0.4652 (0.4587)  loss_vfl_dn_1: 0.4690 (0.4671)  loss_vfl_dn_2: 0.4651 (0.4658)  time: 1.0904  data: 0.0335  max mem: 9915
Epoch: [3]  [200/809]  eta: 0:11:28  lr: 0.000100  loss: 11.9696 (12.1963)  loss_bbox: 0.1430 (0.1465)  loss_bbox_aux_0: 0.1457 (0.1509)  loss_bbox_aux_1: 0.1421 (0.1475)  loss_bbox_aux_2: 0.1617 (0.1639)  loss_bbox_dn_0: 0.0804 (0.0845)  loss_bbox_dn_1: 0.0692 (0.0731)  loss_bbox_dn_2: 0.0665 (0.0704)  loss_giou: 1.2370 (1.2060)  loss_giou_aux_0: 1.2656 (1.2397)  loss_giou_aux_1: 1.2468 (1.2157)  loss_giou_aux_2: 1.3468 (1.3087)  loss_giou_dn_0: 0.9995 (0.9939)  loss_giou_dn_1: 0.8977 (0.9056)  loss_giou_dn_2: 0.8800 (0.8859)  loss_vfl: 0.4913 (0.5636)  loss_vfl_aux_0: 0.4854 (0.5474)  loss_vfl_aux_1: 0.4938 (0.5581)  loss_vfl_aux_2: 0.4719 (0.5422)  loss_vfl_dn_0: 0.4570 (0.4586)  loss_vfl_dn_1: 0.4653 (0.4675)  loss_vfl_dn_2: 0.4622 (0.4664)  time: 1.1656  data: 0.0295  max mem: 9915
Epoch: [3]  [300/809]  eta: 0:09:37  lr: 0.000100  loss: 12.1767 (12.2453)  loss_bbox: 0.1209 (0.1519)  loss_bbox_aux_0: 0.1231 (0.1561)  loss_bbox_aux_1: 0.1196 (0.1528)  loss_bbox_aux_2: 0.1426 (0.1687)  loss_bbox_dn_0: 0.0741 (0.0826)  loss_bbox_dn_1: 0.0635 (0.0714)  loss_bbox_dn_2: 0.0618 (0.0688)  loss_giou: 1.2235 (1.2167)  loss_giou_aux_0: 1.2611 (1.2498)  loss_giou_aux_1: 1.2372 (1.2263)  loss_giou_aux_2: 1.3100 (1.3190)  loss_giou_dn_0: 0.9845 (0.9942)  loss_giou_dn_1: 0.9096 (0.9069)  loss_giou_dn_2: 0.9017 (0.8874)  loss_vfl: 0.5454 (0.5614)  loss_vfl_aux_0: 0.5250 (0.5451)  loss_vfl_aux_1: 0.5349 (0.5561)  loss_vfl_aux_2: 0.5281 (0.5397)  loss_vfl_dn_0: 0.4543 (0.4580)  loss_vfl_dn_1: 0.4591 (0.4667)  loss_vfl_dn_2: 0.4546 (0.4657)  time: 1.1046  data: 0.0300  max mem: 9915
Epoch: [3]  [400/809]  eta: 0:07:39  lr: 0.000100  loss: 11.9063 (12.1738)  loss_bbox: 0.1212 (0.1493)  loss_bbox_aux_0: 0.1296 (0.1536)  loss_bbox_aux_1: 0.1209 (0.1503)  loss_bbox_aux_2: 0.1420 (0.1662)  loss_bbox_dn_0: 0.0702 (0.0829)  loss_bbox_dn_1: 0.0605 (0.0715)  loss_bbox_dn_2: 0.0561 (0.0689)  loss_giou: 1.1960 (1.2002)  loss_giou_aux_0: 1.2151 (1.2329)  loss_giou_aux_1: 1.2015 (1.2097)  loss_giou_aux_2: 1.2817 (1.3036)  loss_giou_dn_0: 0.9524 (0.9893)  loss_giou_dn_1: 0.8634 (0.9013)  loss_giou_dn_2: 0.8454 (0.8816)  loss_vfl: 0.5471 (0.5649)  loss_vfl_aux_0: 0.5365 (0.5497)  loss_vfl_aux_1: 0.5551 (0.5604)  loss_vfl_aux_2: 0.5453 (0.5449)  loss_vfl_dn_0: 0.4613 (0.4591)  loss_vfl_dn_1: 0.4752 (0.4674)  loss_vfl_dn_2: 0.4680 (0.4663)  time: 1.0934  data: 0.0280  max mem: 9915
Epoch: [3]  [500/809]  eta: 0:05:45  lr: 0.000100  loss: 11.5788 (12.1453)  loss_bbox: 0.1237 (0.1490)  loss_bbox_aux_0: 0.1273 (0.1531)  loss_bbox_aux_1: 0.1284 (0.1500)  loss_bbox_aux_2: 0.1406 (0.1658)  loss_bbox_dn_0: 0.0789 (0.0830)  loss_bbox_dn_1: 0.0688 (0.0714)  loss_bbox_dn_2: 0.0671 (0.0688)  loss_giou: 1.0489 (1.1950)  loss_giou_aux_0: 1.0898 (1.2282)  loss_giou_aux_1: 1.0615 (1.2044)  loss_giou_aux_2: 1.2230 (1.2986)  loss_giou_dn_0: 0.9310 (0.9855)  loss_giou_dn_1: 0.8164 (0.8971)  loss_giou_dn_2: 0.7949 (0.8772)  loss_vfl: 0.5815 (0.5650)  loss_vfl_aux_0: 0.5459 (0.5504)  loss_vfl_aux_1: 0.5554 (0.5606)  loss_vfl_aux_2: 0.5642 (0.5470)  loss_vfl_dn_0: 0.4630 (0.4601)  loss_vfl_dn_1: 0.4750 (0.4683)  loss_vfl_dn_2: 0.4707 (0.4670)  time: 1.1197  data: 0.0274  max mem: 9915
Epoch: [3]  [600/809]  eta: 0:03:54  lr: 0.000100  loss: 12.1057 (12.1463)  loss_bbox: 0.1246 (0.1495)  loss_bbox_aux_0: 0.1275 (0.1535)  loss_bbox_aux_1: 0.1256 (0.1504)  loss_bbox_aux_2: 0.1409 (0.1664)  loss_bbox_dn_0: 0.0723 (0.0823)  loss_bbox_dn_1: 0.0625 (0.0709)  loss_bbox_dn_2: 0.0591 (0.0683)  loss_giou: 1.2233 (1.1983)  loss_giou_aux_0: 1.2542 (1.2311)  loss_giou_aux_1: 1.2418 (1.2077)  loss_giou_aux_2: 1.3169 (1.3018)  loss_giou_dn_0: 0.9891 (0.9839)  loss_giou_dn_1: 0.9095 (0.8956)  loss_giou_dn_2: 0.8938 (0.8760)  loss_vfl: 0.5271 (0.5628)  loss_vfl_aux_0: 0.5098 (0.5487)  loss_vfl_aux_1: 0.5251 (0.5586)  loss_vfl_aux_2: 0.5113 (0.5444)  loss_vfl_dn_0: 0.4539 (0.4605)  loss_vfl_dn_1: 0.4604 (0.4685)  loss_vfl_dn_2: 0.4606 (0.4672)  time: 1.1707  data: 0.0291  max mem: 9915
Epoch: [3]  [700/809]  eta: 0:02:03  lr: 0.000100  loss: 11.4099 (12.1340)  loss_bbox: 0.1161 (0.1497)  loss_bbox_aux_0: 0.1254 (0.1538)  loss_bbox_aux_1: 0.1177 (0.1507)  loss_bbox_aux_2: 0.1278 (0.1665)  loss_bbox_dn_0: 0.0706 (0.0822)  loss_bbox_dn_1: 0.0620 (0.0707)  loss_bbox_dn_2: 0.0607 (0.0681)  loss_giou: 1.0796 (1.1953)  loss_giou_aux_0: 1.1050 (1.2283)  loss_giou_aux_1: 1.0822 (1.2047)  loss_giou_aux_2: 1.1684 (1.2993)  loss_giou_dn_0: 0.9238 (0.9812)  loss_giou_dn_1: 0.8121 (0.8923)  loss_giou_dn_2: 0.7887 (0.8726)  loss_vfl: 0.5719 (0.5645)  loss_vfl_aux_0: 0.5646 (0.5499)  loss_vfl_aux_1: 0.5795 (0.5600)  loss_vfl_aux_2: 0.5609 (0.5457)  loss_vfl_dn_0: 0.4757 (0.4614)  loss_vfl_dn_1: 0.4777 (0.4691)  loss_vfl_dn_2: 0.4722 (0.4679)  time: 1.2077  data: 0.0280  max mem: 9915
Epoch: [3]  [800/809]  eta: 0:00:10  lr: 0.000100  loss: 11.6773 (12.1138)  loss_bbox: 0.1320 (0.1495)  loss_bbox_aux_0: 0.1341 (0.1537)  loss_bbox_aux_1: 0.1314 (0.1505)  loss_bbox_aux_2: 0.1483 (0.1665)  loss_bbox_dn_0: 0.0737 (0.0819)  loss_bbox_dn_1: 0.0642 (0.0704)  loss_bbox_dn_2: 0.0622 (0.0677)  loss_giou: 1.1399 (1.1923)  loss_giou_aux_0: 1.1685 (1.2251)  loss_giou_aux_1: 1.1435 (1.2017)  loss_giou_aux_2: 1.2547 (1.2962)  loss_giou_dn_0: 0.9389 (0.9786)  loss_giou_dn_1: 0.8537 (0.8890)  loss_giou_dn_2: 0.8312 (0.8690)  loss_vfl: 0.5552 (0.5649)  loss_vfl_aux_0: 0.5402 (0.5504)  loss_vfl_aux_1: 0.5564 (0.5603)  loss_vfl_aux_2: 0.5227 (0.5471)  loss_vfl_dn_0: 0.4680 (0.4617)  loss_vfl_dn_1: 0.4696 (0.4693)  loss_vfl_dn_2: 0.4662 (0.4681)  time: 1.2042  data: 0.0366  max mem: 9915
Epoch: [3]  [808/809]  eta: 0:00:01  lr: 0.000100  loss: 11.6093 (12.1126)  loss_bbox: 0.1281 (0.1495)  loss_bbox_aux_0: 0.1336 (0.1536)  loss_bbox_aux_1: 0.1302 (0.1504)  loss_bbox_aux_2: 0.1483 (0.1665)  loss_bbox_dn_0: 0.0763 (0.0819)  loss_bbox_dn_1: 0.0655 (0.0704)  loss_bbox_dn_2: 0.0627 (0.0677)  loss_giou: 1.1045 (1.1923)  loss_giou_aux_0: 1.1277 (1.2250)  loss_giou_aux_1: 1.1056 (1.2017)  loss_giou_aux_2: 1.2069 (1.2962)  loss_giou_dn_0: 0.9415 (0.9786)  loss_giou_dn_1: 0.8537 (0.8891)  loss_giou_dn_2: 0.8312 (0.8692)  loss_vfl: 0.5522 (0.5647)  loss_vfl_aux_0: 0.5339 (0.5501)  loss_vfl_aux_1: 0.5461 (0.5600)  loss_vfl_aux_2: 0.5437 (0.5468)  loss_vfl_dn_0: 0.4661 (0.4616)  loss_vfl_dn_1: 0.4659 (0.4692)  loss_vfl_dn_2: 0.4642 (0.4680)  time: 1.0501  data: 0.0330  max mem: 9915
Epoch: [3] Total time: 0:15:19 (1.1371 s / it)
Averaged stats: lr: 0.000100  loss: 11.6093 (12.1126)  loss_bbox: 0.1281 (0.1495)  loss_bbox_aux_0: 0.1336 (0.1536)  loss_bbox_aux_1: 0.1302 (0.1504)  loss_bbox_aux_2: 0.1483 (0.1665)  loss_bbox_dn_0: 0.0763 (0.0819)  loss_bbox_dn_1: 0.0655 (0.0704)  loss_bbox_dn_2: 0.0627 (0.0677)  loss_giou: 1.1045 (1.1923)  loss_giou_aux_0: 1.1277 (1.2250)  loss_giou_aux_1: 1.1056 (1.2017)  loss_giou_aux_2: 1.2069 (1.2962)  loss_giou_dn_0: 0.9415 (0.9786)  loss_giou_dn_1: 0.8537 (0.8891)  loss_giou_dn_2: 0.8312 (0.8692)  loss_vfl: 0.5522 (0.5647)  loss_vfl_aux_0: 0.5339 (0.5501)  loss_vfl_aux_1: 0.5461 (0.5600)  loss_vfl_aux_2: 0.5437 (0.5468)  loss_vfl_dn_0: 0.4661 (0.4616)  loss_vfl_dn_1: 0.4659 (0.4692)  loss_vfl_dn_2: 0.4642 (0.4680)
Test:  [ 0/69]  eta: 0:01:36    time: 1.4050  data: 0.7029  max mem: 9915
Test:  [10/69]  eta: 0:00:47    time: 0.8005  data: 0.0864  max mem: 9915
Test:  [20/69]  eta: 0:00:38    time: 0.7643  data: 0.0243  max mem: 9915
Test:  [30/69]  eta: 0:00:29    time: 0.7421  data: 0.0248  max mem: 9915
Test:  [40/69]  eta: 0:00:21    time: 0.7204  data: 0.0252  max mem: 9915
Test:  [50/69]  eta: 0:00:13    time: 0.6877  data: 0.0249  max mem: 9915
Test:  [60/69]  eta: 0:00:06    time: 0.6149  data: 0.0241  max mem: 9915
Test:  [68/69]  eta: 0:00:00    time: 0.6241  data: 0.0226  max mem: 9915
Test: Total time: 0:00:48 (0.7074 s / it)
Averaged stats: 
Accumulating evaluation results...
DONE (t=2.16s).
IoU metric: bbox
 Average Precision  (AP) @[ IoU=0.50:0.95 | area=   all | maxDets=100 ] = 0.096
 Average Precision  (AP) @[ IoU=0.50      | area=   all | maxDets=100 ] = 0.167
 Average Precision  (AP) @[ IoU=0.75      | area=   all | maxDets=100 ] = 0.097
 Average Precision  (AP) @[ IoU=0.50:0.95 | area= small | maxDets=100 ] = 0.061
 Average Precision  (AP) @[ IoU=0.50:0.95 | area=medium | maxDets=100 ] = 0.135
 Average Precision  (AP) @[ IoU=0.50:0.95 | area= large | maxDets=100 ] = 0.177
 Average Recall     (AR) @[ IoU=0.50:0.95 | area=   all | maxDets=  1 ] = 0.053
 Average Recall     (AR) @[ IoU=0.50:0.95 | area=   all | maxDets= 10 ] = 0.152
 Average Recall     (AR) @[ IoU=0.50:0.95 | area=   all | maxDets=100 ] = 0.231
 Average Recall     (AR) @[ IoU=0.50:0.95 | area= small | maxDets=100 ] = 0.170
 Average Recall     (AR) @[ IoU=0.50:0.95 | area=medium | maxDets=100 ] = 0.302
 Average Recall     (AR) @[ IoU=0.50:0.95 | area= large | maxDets=100 ] = 0.376
best_stat:  {'epoch': 3, 'coco_eval_bbox': 0.09614531898443782}
Epoch: [4]  [  0/809]  eta: 1:16:02  lr: 0.000100  loss: 11.2244 (11.2244)  loss_bbox: 0.1122 (0.1122)  loss_bbox_aux_0: 0.1179 (0.1179)  loss_bbox_aux_1: 0.1162 (0.1162)  loss_bbox_aux_2: 0.1355 (0.1355)  loss_bbox_dn_0: 0.0711 (0.0711)  loss_bbox_dn_1: 0.0624 (0.0624)  loss_bbox_dn_2: 0.0611 (0.0611)  loss_giou: 1.0307 (1.0307)  loss_giou_aux_0: 1.0544 (1.0544)  loss_giou_aux_1: 1.0317 (1.0317)  loss_giou_aux_2: 1.1314 (1.1314)  loss_giou_dn_0: 0.8594 (0.8594)  loss_giou_dn_1: 0.7570 (0.7570)  loss_giou_dn_2: 0.7430 (0.7430)  loss_vfl: 0.6179 (0.6179)  loss_vfl_aux_0: 0.6157 (0.6157)  loss_vfl_aux_1: 0.6226 (0.6226)  loss_vfl_aux_2: 0.5991 (0.5991)  loss_vfl_dn_0: 0.4922 (0.4922)  loss_vfl_dn_1: 0.4962 (0.4962)  loss_vfl_dn_2: 0.4967 (0.4967)  time: 5.6402  data: 3.3026  max mem: 9915
Epoch: [4]  [100/809]  eta: 0:14:27  lr: 0.000100  loss: 11.7300 (11.7734)  loss_bbox: 0.1360 (0.1390)  loss_bbox_aux_0: 0.1332 (0.1440)  loss_bbox_aux_1: 0.1332 (0.1401)  loss_bbox_aux_2: 0.1469 (0.1583)  loss_bbox_dn_0: 0.0818 (0.0815)  loss_bbox_dn_1: 0.0713 (0.0694)  loss_bbox_dn_2: 0.0681 (0.0670)  loss_giou: 1.1150 (1.1269)  loss_giou_aux_0: 1.1385 (1.1581)  loss_giou_aux_1: 1.1232 (1.1348)  loss_giou_aux_2: 1.2151 (1.2320)  loss_giou_dn_0: 0.9310 (0.9438)  loss_giou_dn_1: 0.8298 (0.8493)  loss_giou_dn_2: 0.8178 (0.8296)  loss_vfl: 0.5801 (0.5772)  loss_vfl_aux_0: 0.5732 (0.5675)  loss_vfl_aux_1: 0.5835 (0.5757)  loss_vfl_aux_2: 0.5601 (0.5661)  loss_vfl_dn_0: 0.4766 (0.4674)  loss_vfl_dn_1: 0.4819 (0.4744)  loss_vfl_dn_2: 0.4766 (0.4713)  time: 1.1302  data: 0.0295  max mem: 9915
Epoch: [4]  [200/809]  eta: 0:12:01  lr: 0.000100  loss: 11.9439 (11.8072)  loss_bbox: 0.1357 (0.1386)  loss_bbox_aux_0: 0.1369 (0.1435)  loss_bbox_aux_1: 0.1345 (0.1396)  loss_bbox_aux_2: 0.1543 (0.1584)  loss_bbox_dn_0: 0.0724 (0.0823)  loss_bbox_dn_1: 0.0604 (0.0701)  loss_bbox_dn_2: 0.0590 (0.0674)  loss_giou: 1.2078 (1.1324)  loss_giou_aux_0: 1.2179 (1.1653)  loss_giou_aux_1: 1.2057 (1.1413)  loss_giou_aux_2: 1.3053 (1.2405)  loss_giou_dn_0: 0.9470 (0.9477)  loss_giou_dn_1: 0.8639 (0.8532)  loss_giou_dn_2: 0.8405 (0.8330)  loss_vfl: 0.5312 (0.5775)  loss_vfl_aux_0: 0.5280 (0.5658)  loss_vfl_aux_1: 0.5331 (0.5745)  loss_vfl_aux_2: 0.5527 (0.5650)  loss_vfl_dn_0: 0.4675 (0.4667)  loss_vfl_dn_1: 0.4672 (0.4734)  loss_vfl_dn_2: 0.4648 (0.4710)  time: 1.0351  data: 0.0251  max mem: 9915
Epoch: [4]  [300/809]  eta: 0:09:45  lr: 0.000100  loss: 12.0705 (11.8927)  loss_bbox: 0.1325 (0.1453)  loss_bbox_aux_0: 0.1373 (0.1504)  loss_bbox_aux_1: 0.1342 (0.1466)  loss_bbox_aux_2: 0.1480 (0.1652)  loss_bbox_dn_0: 0.0836 (0.0817)  loss_bbox_dn_1: 0.0650 (0.0696)  loss_bbox_dn_2: 0.0639 (0.0670)  loss_giou: 1.1774 (1.1564)  loss_giou_aux_0: 1.2084 (1.1900)  loss_giou_aux_1: 1.1704 (1.1656)  loss_giou_aux_2: 1.2851 (1.2636)  loss_giou_dn_0: 0.9565 (0.9547)  loss_giou_dn_1: 0.8604 (0.8614)  loss_giou_dn_2: 0.8363 (0.8421)  loss_vfl: 0.5530 (0.5651)  loss_vfl_aux_0: 0.5483 (0.5520)  loss_vfl_aux_1: 0.5655 (0.5617)  loss_vfl_aux_2: 0.5498 (0.5503)  loss_vfl_dn_0: 0.4623 (0.4646)  loss_vfl_dn_1: 0.4653 (0.4710)  loss_vfl_dn_2: 0.4613 (0.4686)  time: 1.0767  data: 0.0258  max mem: 9915
Epoch: [4]  [400/809]  eta: 0:07:52  lr: 0.000100  loss: 11.9477 (11.9128)  loss_bbox: 0.1227 (0.1450)  loss_bbox_aux_0: 0.1293 (0.1501)  loss_bbox_aux_1: 0.1277 (0.1462)  loss_bbox_aux_2: 0.1469 (0.1652)  loss_bbox_dn_0: 0.0742 (0.0814)  loss_bbox_dn_1: 0.0651 (0.0693)  loss_bbox_dn_2: 0.0632 (0.0667)  loss_giou: 1.1638 (1.1631)  loss_giou_aux_0: 1.1840 (1.1963)  loss_giou_aux_1: 1.1749 (1.1722)  loss_giou_aux_2: 1.2531 (1.2706)  loss_giou_dn_0: 0.9778 (0.9555)  loss_giou_dn_1: 0.8798 (0.8626)  loss_giou_dn_2: 0.8646 (0.8436)  loss_vfl: 0.5637 (0.5625)  loss_vfl_aux_0: 0.5442 (0.5504)  loss_vfl_aux_1: 0.5662 (0.5594)  loss_vfl_aux_2: 0.5391 (0.5482)  loss_vfl_dn_0: 0.4657 (0.4648)  loss_vfl_dn_1: 0.4773 (0.4711)  loss_vfl_dn_2: 0.4742 (0.4688)  time: 1.1503  data: 0.0320  max mem: 9915
Epoch: [4]  [500/809]  eta: 0:05:58  lr: 0.000100  loss: 11.2773 (11.8850)  loss_bbox: 0.1156 (0.1447)  loss_bbox_aux_0: 0.1149 (0.1497)  loss_bbox_aux_1: 0.1104 (0.1459)  loss_bbox_aux_2: 0.1315 (0.1644)  loss_bbox_dn_0: 0.0741 (0.0809)  loss_bbox_dn_1: 0.0635 (0.0688)  loss_bbox_dn_2: 0.0598 (0.0662)  loss_giou: 1.0934 (1.1576)  loss_giou_aux_0: 1.1235 (1.1900)  loss_giou_aux_1: 1.1005 (1.1662)  loss_giou_aux_2: 1.1927 (1.2641)  loss_giou_dn_0: 0.9656 (0.9527)  loss_giou_dn_1: 0.8653 (0.8592)  loss_giou_dn_2: 0.8410 (0.8404)  loss_vfl: 0.5488 (0.5636)  loss_vfl_aux_0: 0.5425 (0.5525)  loss_vfl_aux_1: 0.5410 (0.5609)  loss_vfl_aux_2: 0.5535 (0.5516)  loss_vfl_dn_0: 0.4618 (0.4653)  loss_vfl_dn_1: 0.4674 (0.4713)  loss_vfl_dn_2: 0.4642 (0.4690)  time: 1.1762  data: 0.0331  max mem: 9915
Epoch: [4]  [600/809]  eta: 0:04:02  lr: 0.000100  loss: 11.9622 (11.8882)  loss_bbox: 0.1163 (0.1442)  loss_bbox_aux_0: 0.1216 (0.1491)  loss_bbox_aux_1: 0.1166 (0.1453)  loss_bbox_aux_2: 0.1399 (0.1638)  loss_bbox_dn_0: 0.0710 (0.0802)  loss_bbox_dn_1: 0.0583 (0.0682)  loss_bbox_dn_2: 0.0582 (0.0656)  loss_giou: 1.2069 (1.1601)  loss_giou_aux_0: 1.2450 (1.1923)  loss_giou_aux_1: 1.2092 (1.1687)  loss_giou_aux_2: 1.2876 (1.2671)  loss_giou_dn_0: 0.9499 (0.9525)  loss_giou_dn_1: 0.8728 (0.8594)  loss_giou_dn_2: 0.8624 (0.8410)  loss_vfl: 0.4977 (0.5629)  loss_vfl_aux_0: 0.5132 (0.5521)  loss_vfl_aux_1: 0.5037 (0.5598)  loss_vfl_aux_2: 0.5010 (0.5500)  loss_vfl_dn_0: 0.4620 (0.4655)  loss_vfl_dn_1: 0.4600 (0.4713)  loss_vfl_dn_2: 0.4596 (0.4690)  time: 1.2029  data: 0.0282  max mem: 9915
Epoch: [4]  [700/809]  eta: 0:02:07  lr: 0.000100  loss: 11.7587 (11.8574)  loss_bbox: 0.1305 (0.1420)  loss_bbox_aux_0: 0.1397 (0.1469)  loss_bbox_aux_1: 0.1325 (0.1432)  loss_bbox_aux_2: 0.1545 (0.1614)  loss_bbox_dn_0: 0.0712 (0.0796)  loss_bbox_dn_1: 0.0585 (0.0677)  loss_bbox_dn_2: 0.0580 (0.0652)  loss_giou: 1.1301 (1.1561)  loss_giou_aux_0: 1.1717 (1.1880)  loss_giou_aux_1: 1.1428 (1.1646)  loss_giou_aux_2: 1.2856 (1.2636)  loss_giou_dn_0: 0.9515 (0.9504)  loss_giou_dn_1: 0.8524 (0.8578)  loss_giou_dn_2: 0.8370 (0.8394)  loss_vfl: 0.5537 (0.5632)  loss_vfl_aux_0: 0.5253 (0.5526)  loss_vfl_aux_1: 0.5466 (0.5602)  loss_vfl_aux_2: 0.5381 (0.5507)  loss_vfl_dn_0: 0.4618 (0.4655)  loss_vfl_dn_1: 0.4677 (0.4709)  loss_vfl_dn_2: 0.4658 (0.4684)  time: 1.2261  data: 0.0313  max mem: 9915
Epoch: [4]  [800/809]  eta: 0:00:10  lr: 0.000100  loss: 11.5363 (11.8586)  loss_bbox: 0.1225 (0.1416)  loss_bbox_aux_0: 0.1271 (0.1465)  loss_bbox_aux_1: 0.1238 (0.1427)  loss_bbox_aux_2: 0.1364 (0.1610)  loss_bbox_dn_0: 0.0735 (0.0792)  loss_bbox_dn_1: 0.0605 (0.0673)  loss_bbox_dn_2: 0.0583 (0.0649)  loss_giou: 1.1407 (1.1580)  loss_giou_aux_0: 1.1761 (1.1901)  loss_giou_aux_1: 1.1445 (1.1666)  loss_giou_aux_2: 1.2683 (1.2654)  loss_giou_dn_0: 0.9497 (0.9498)  loss_giou_dn_1: 0.8361 (0.8573)  loss_giou_dn_2: 0.8244 (0.8393)  loss_vfl: 0.5657 (0.5621)  loss_vfl_aux_0: 0.5579 (0.5518)  loss_vfl_aux_1: 0.5657 (0.5593)  loss_vfl_aux_2: 0.5609 (0.5494)  loss_vfl_dn_0: 0.4624 (0.4659)  loss_vfl_dn_1: 0.4755 (0.4714)  loss_vfl_dn_2: 0.4707 (0.4689)  time: 1.1994  data: 0.0303  max mem: 9915
Epoch: [4]  [808/809]  eta: 0:00:01  lr: 0.000100  loss: 11.5363 (11.8564)  loss_bbox: 0.1167 (0.1413)  loss_bbox_aux_0: 0.1226 (0.1462)  loss_bbox_aux_1: 0.1203 (0.1425)  loss_bbox_aux_2: 0.1329 (0.1607)  loss_bbox_dn_0: 0.0677 (0.0792)  loss_bbox_dn_1: 0.0580 (0.0673)  loss_bbox_dn_2: 0.0565 (0.0649)  loss_giou: 1.1407 (1.1576)  loss_giou_aux_0: 1.1761 (1.1897)  loss_giou_aux_1: 1.1445 (1.1663)  loss_giou_aux_2: 1.2683 (1.2651)  loss_giou_dn_0: 0.9455 (0.9497)  loss_giou_dn_1: 0.8589 (0.8573)  loss_giou_dn_2: 0.8434 (0.8393)  loss_vfl: 0.5056 (0.5623)  loss_vfl_aux_0: 0.5110 (0.5519)  loss_vfl_aux_1: 0.5110 (0.5594)  loss_vfl_aux_2: 0.4899 (0.5494)  loss_vfl_dn_0: 0.4657 (0.4659)  loss_vfl_dn_1: 0.4755 (0.4714)  loss_vfl_dn_2: 0.4707 (0.4690)  time: 1.0198  data: 0.0288  max mem: 9915
Epoch: [4] Total time: 0:15:44 (1.1674 s / it)
Averaged stats: lr: 0.000100  loss: 11.5363 (11.8564)  loss_bbox: 0.1167 (0.1413)  loss_bbox_aux_0: 0.1226 (0.1462)  loss_bbox_aux_1: 0.1203 (0.1425)  loss_bbox_aux_2: 0.1329 (0.1607)  loss_bbox_dn_0: 0.0677 (0.0792)  loss_bbox_dn_1: 0.0580 (0.0673)  loss_bbox_dn_2: 0.0565 (0.0649)  loss_giou: 1.1407 (1.1576)  loss_giou_aux_0: 1.1761 (1.1897)  loss_giou_aux_1: 1.1445 (1.1663)  loss_giou_aux_2: 1.2683 (1.2651)  loss_giou_dn_0: 0.9455 (0.9497)  loss_giou_dn_1: 0.8589 (0.8573)  loss_giou_dn_2: 0.8434 (0.8393)  loss_vfl: 0.5056 (0.5623)  loss_vfl_aux_0: 0.5110 (0.5519)  loss_vfl_aux_1: 0.5110 (0.5594)  loss_vfl_aux_2: 0.4899 (0.5494)  loss_vfl_dn_0: 0.4657 (0.4659)  loss_vfl_dn_1: 0.4755 (0.4714)  loss_vfl_dn_2: 0.4707 (0.4690)
Test:  [ 0/69]  eta: 0:01:57    time: 1.7061  data: 0.9662  max mem: 9915
Test:  [10/69]  eta: 0:00:46    time: 0.7936  data: 0.1091  max mem: 9915
Test:  [20/69]  eta: 0:00:37    time: 0.7150  data: 0.0248  max mem: 9915
Test:  [30/69]  eta: 0:00:28    time: 0.7141  data: 0.0258  max mem: 9915
Test:  [40/69]  eta: 0:00:21    time: 0.6958  data: 0.0259  max mem: 9915
Test:  [50/69]  eta: 0:00:13    time: 0.7107  data: 0.0255  max mem: 9915
Test:  [60/69]  eta: 0:00:06    time: 0.6753  data: 0.0245  max mem: 9915
Test:  [68/69]  eta: 0:00:00    time: 0.6452  data: 0.0233  max mem: 9915
Test: Total time: 0:00:48 (0.7085 s / it)
Averaged stats: 
Accumulating evaluation results...
DONE (t=2.25s).
IoU metric: bbox
 Average Precision  (AP) @[ IoU=0.50:0.95 | area=   all | maxDets=100 ] = 0.105
 Average Precision  (AP) @[ IoU=0.50      | area=   all | maxDets=100 ] = 0.182
 Average Precision  (AP) @[ IoU=0.75      | area=   all | maxDets=100 ] = 0.105
 Average Precision  (AP) @[ IoU=0.50:0.95 | area= small | maxDets=100 ] = 0.067
 Average Precision  (AP) @[ IoU=0.50:0.95 | area=medium | maxDets=100 ] = 0.152
 Average Precision  (AP) @[ IoU=0.50:0.95 | area= large | maxDets=100 ] = 0.175
 Average Recall     (AR) @[ IoU=0.50:0.95 | area=   all | maxDets=  1 ] = 0.061
 Average Recall     (AR) @[ IoU=0.50:0.95 | area=   all | maxDets= 10 ] = 0.175
 Average Recall     (AR) @[ IoU=0.50:0.95 | area=   all | maxDets=100 ] = 0.260
 Average Recall     (AR) @[ IoU=0.50:0.95 | area= small | maxDets=100 ] = 0.187
 Average Recall     (AR) @[ IoU=0.50:0.95 | area=medium | maxDets=100 ] = 0.339
 Average Recall     (AR) @[ IoU=0.50:0.95 | area= large | maxDets=100 ] = 0.380
best_stat:  {'epoch': 4, 'coco_eval_bbox': 0.10507005834265785}
Epoch: [5]  [  0/809]  eta: 1:28:41  lr: 0.000100  loss: 11.7934 (11.7934)  loss_bbox: 0.1489 (0.1489)  loss_bbox_aux_0: 0.1506 (0.1506)  loss_bbox_aux_1: 0.1509 (0.1509)  loss_bbox_aux_2: 0.1704 (0.1704)  loss_bbox_dn_0: 0.0616 (0.0616)  loss_bbox_dn_1: 0.0483 (0.0483)  loss_bbox_dn_2: 0.0462 (0.0462)  loss_giou: 1.1866 (1.1866)  loss_giou_aux_0: 1.1943 (1.1943)  loss_giou_aux_1: 1.1932 (1.1932)  loss_giou_aux_2: 1.3362 (1.3362)  loss_giou_dn_0: 0.8787 (0.8787)  loss_giou_dn_1: 0.7586 (0.7586)  loss_giou_dn_2: 0.7418 (0.7418)  loss_vfl: 0.5596 (0.5596)  loss_vfl_aux_0: 0.5585 (0.5585)  loss_vfl_aux_1: 0.5618 (0.5618)  loss_vfl_aux_2: 0.5579 (0.5579)  loss_vfl_dn_0: 0.4919 (0.4919)  loss_vfl_dn_1: 0.5007 (0.5007)  loss_vfl_dn_2: 0.4968 (0.4968)  time: 6.5779  data: 2.5658  max mem: 9915
Epoch: [5]  [100/809]  eta: 0:13:57  lr: 0.000100  loss: 12.0837 (11.7314)  loss_bbox: 0.1354 (0.1369)  loss_bbox_aux_0: 0.1418 (0.1417)  loss_bbox_aux_1: 0.1367 (0.1379)  loss_bbox_aux_2: 0.1511 (0.1569)  loss_bbox_dn_0: 0.0680 (0.0772)  loss_bbox_dn_1: 0.0584 (0.0649)  loss_bbox_dn_2: 0.0572 (0.0625)  loss_giou: 1.2056 (1.1449)  loss_giou_aux_0: 1.2331 (1.1760)  loss_giou_aux_1: 1.2137 (1.1546)  loss_giou_aux_2: 1.3050 (1.2530)  loss_giou_dn_0: 0.9366 (0.9297)  loss_giou_dn_1: 0.8520 (0.8392)  loss_giou_dn_2: 0.8352 (0.8226)  loss_vfl: 0.5273 (0.5607)  loss_vfl_aux_0: 0.5065 (0.5526)  loss_vfl_aux_1: 0.5027 (0.5582)  loss_vfl_aux_2: 0.5072 (0.5507)  loss_vfl_dn_0: 0.4706 (0.4711)  loss_vfl_dn_1: 0.4740 (0.4718)  loss_vfl_dn_2: 0.4700 (0.4681)  time: 1.1000  data: 0.0291  max mem: 9915
Epoch: [5]  [200/809]  eta: 0:11:28  lr: 0.000100  loss: 11.8433 (11.6885)  loss_bbox: 0.1376 (0.1323)  loss_bbox_aux_0: 0.1471 (0.1369)  loss_bbox_aux_1: 0.1393 (0.1335)  loss_bbox_aux_2: 0.1692 (0.1510)  loss_bbox_dn_0: 0.0818 (0.0766)  loss_bbox_dn_1: 0.0673 (0.0648)  loss_bbox_dn_2: 0.0660 (0.0627)  loss_giou: 1.1491 (1.1369)  loss_giou_aux_0: 1.1848 (1.1661)  loss_giou_aux_1: 1.1574 (1.1456)  loss_giou_aux_2: 1.2876 (1.2411)  loss_giou_dn_0: 0.9307 (0.9265)  loss_giou_dn_1: 0.8321 (0.8370)  loss_giou_dn_2: 0.8155 (0.8215)  loss_vfl: 0.5417 (0.5646)  loss_vfl_aux_0: 0.5258 (0.5577)  loss_vfl_aux_1: 0.5342 (0.5622)  loss_vfl_aux_2: 0.5210 (0.5584)  loss_vfl_dn_0: 0.4671 (0.4711)  loss_vfl_dn_1: 0.4789 (0.4729)  loss_vfl_dn_2: 0.4764 (0.4690)  time: 1.0769  data: 0.0313  max mem: 9915
Epoch: [5]  [300/809]  eta: 0:09:46  lr: 0.000100  loss: 11.8499 (11.6144)  loss_bbox: 0.1069 (0.1281)  loss_bbox_aux_0: 0.1117 (0.1328)  loss_bbox_aux_1: 0.1084 (0.1292)  loss_bbox_aux_2: 0.1275 (0.1471)  loss_bbox_dn_0: 0.0649 (0.0774)  loss_bbox_dn_1: 0.0541 (0.0653)  loss_bbox_dn_2: 0.0524 (0.0630)  loss_giou: 1.1896 (1.1194)  loss_giou_aux_0: 1.2259 (1.1498)  loss_giou_aux_1: 1.2084 (1.1280)  loss_giou_aux_2: 1.2938 (1.2251)  loss_giou_dn_0: 0.9689 (0.9264)  loss_giou_dn_1: 0.8745 (0.8349)  loss_giou_dn_2: 0.8604 (0.8188)  loss_vfl: 0.5437 (0.5682)  loss_vfl_aux_0: 0.5477 (0.5611)  loss_vfl_aux_1: 0.5400 (0.5665)  loss_vfl_aux_2: 0.5630 (0.5625)  loss_vfl_dn_0: 0.4640 (0.4700)  loss_vfl_dn_1: 0.4719 (0.4724)  loss_vfl_dn_2: 0.4666 (0.4685)  time: 1.2225  data: 0.0299  max mem: 9915
Epoch: [5]  [400/809]  eta: 0:07:53  lr: 0.000100  loss: 11.2920 (11.6099)  loss_bbox: 0.1111 (0.1288)  loss_bbox_aux_0: 0.1151 (0.1336)  loss_bbox_aux_1: 0.1134 (0.1300)  loss_bbox_aux_2: 0.1305 (0.1481)  loss_bbox_dn_0: 0.0726 (0.0766)  loss_bbox_dn_1: 0.0625 (0.0647)  loss_bbox_dn_2: 0.0605 (0.0625)  loss_giou: 1.0692 (1.1199)  loss_giou_aux_0: 1.0991 (1.1506)  loss_giou_aux_1: 1.0819 (1.1287)  loss_giou_aux_2: 1.1686 (1.2245)  loss_giou_dn_0: 0.9146 (0.9249)  loss_giou_dn_1: 0.8190 (0.8346)  loss_giou_dn_2: 0.8023 (0.8187)  loss_vfl: 0.5771 (0.5665)  loss_vfl_aux_0: 0.5789 (0.5600)  loss_vfl_aux_1: 0.5852 (0.5651)  loss_vfl_aux_2: 0.5833 (0.5613)  loss_vfl_dn_0: 0.4739 (0.4703)  loss_vfl_dn_1: 0.4757 (0.4721)  loss_vfl_dn_2: 0.4714 (0.4683)  time: 1.1453  data: 0.0302  max mem: 9915
Epoch: [5]  [500/809]  eta: 0:06:00  lr: 0.000100  loss: 11.6400 (11.6379)  loss_bbox: 0.1122 (0.1303)  loss_bbox_aux_0: 0.1180 (0.1350)  loss_bbox_aux_1: 0.1166 (0.1315)  loss_bbox_aux_2: 0.1328 (0.1496)  loss_bbox_dn_0: 0.0753 (0.0763)  loss_bbox_dn_1: 0.0664 (0.0646)  loss_bbox_dn_2: 0.0643 (0.0624)  loss_giou: 1.0505 (1.1275)  loss_giou_aux_0: 1.1141 (1.1581)  loss_giou_aux_1: 1.0617 (1.1363)  loss_giou_aux_2: 1.2109 (1.2328)  loss_giou_dn_0: 0.9210 (0.9261)  loss_giou_dn_1: 0.8270 (0.8369)  loss_giou_dn_2: 0.8080 (0.8210)  loss_vfl: 0.5713 (0.5633)  loss_vfl_aux_0: 0.5630 (0.5562)  loss_vfl_aux_1: 0.5662 (0.5616)  loss_vfl_aux_2: 0.5376 (0.5573)  loss_vfl_dn_0: 0.4657 (0.4703)  loss_vfl_dn_1: 0.4658 (0.4722)  loss_vfl_dn_2: 0.4596 (0.4686)  time: 1.2122  data: 0.0302  max mem: 9915
Epoch: [5]  [600/809]  eta: 0:04:04  lr: 0.000100  loss: 11.1583 (11.6139)  loss_bbox: 0.1106 (0.1292)  loss_bbox_aux_0: 0.1220 (0.1338)  loss_bbox_aux_1: 0.1083 (0.1304)  loss_bbox_aux_2: 0.1392 (0.1483)  loss_bbox_dn_0: 0.0688 (0.0759)  loss_bbox_dn_1: 0.0592 (0.0643)  loss_bbox_dn_2: 0.0572 (0.0620)  loss_giou: 0.9982 (1.1222)  loss_giou_aux_0: 1.0286 (1.1525)  loss_giou_aux_1: 1.0076 (1.1308)  loss_giou_aux_2: 1.1431 (1.2275)  loss_giou_dn_0: 0.8563 (0.9232)  loss_giou_dn_1: 0.7629 (0.8341)  loss_giou_dn_2: 0.7468 (0.8183)  loss_vfl: 0.5691 (0.5657)  loss_vfl_aux_0: 0.5701 (0.5588)  loss_vfl_aux_1: 0.5759 (0.5641)  loss_vfl_aux_2: 0.5732 (0.5592)  loss_vfl_dn_0: 0.4834 (0.4713)  loss_vfl_dn_1: 0.4788 (0.4728)  loss_vfl_dn_2: 0.4741 (0.4693)  time: 1.2334  data: 0.0352  max mem: 9915
Epoch: [5]  [700/809]  eta: 0:02:07  lr: 0.000100  loss: 11.5881 (11.6185)  loss_bbox: 0.1116 (0.1300)  loss_bbox_aux_0: 0.1160 (0.1347)  loss_bbox_aux_1: 0.1118 (0.1312)  loss_bbox_aux_2: 0.1387 (0.1496)  loss_bbox_dn_0: 0.0653 (0.0752)  loss_bbox_dn_1: 0.0548 (0.0637)  loss_bbox_dn_2: 0.0532 (0.0615)  loss_giou: 1.1424 (1.1256)  loss_giou_aux_0: 1.1832 (1.1562)  loss_giou_aux_1: 1.1617 (1.1343)  loss_giou_aux_2: 1.2377 (1.2315)  loss_giou_dn_0: 0.9383 (0.9222)  loss_giou_dn_1: 0.8612 (0.8336)  loss_giou_dn_2: 0.8534 (0.8180)  loss_vfl: 0.5416 (0.5635)  loss_vfl_aux_0: 0.5319 (0.5564)  loss_vfl_aux_1: 0.5393 (0.5618)  loss_vfl_aux_2: 0.5236 (0.5564)  loss_vfl_dn_0: 0.4707 (0.4714)  loss_vfl_dn_1: 0.4684 (0.4726)  loss_vfl_dn_2: 0.4728 (0.4691)  time: 1.2278  data: 0.0288  max mem: 9915
Epoch: [5]  [800/809]  eta: 0:00:10  lr: 0.000100  loss: 11.7145 (11.6098)  loss_bbox: 0.1230 (0.1295)  loss_bbox_aux_0: 0.1267 (0.1342)  loss_bbox_aux_1: 0.1260 (0.1307)  loss_bbox_aux_2: 0.1417 (0.1491)  loss_bbox_dn_0: 0.0665 (0.0751)  loss_bbox_dn_1: 0.0582 (0.0635)  loss_bbox_dn_2: 0.0565 (0.0613)  loss_giou: 1.1601 (1.1252)  loss_giou_aux_0: 1.1903 (1.1559)  loss_giou_aux_1: 1.1599 (1.1340)  loss_giou_aux_2: 1.2733 (1.2317)  loss_giou_dn_0: 0.9144 (0.9220)  loss_giou_dn_1: 0.8456 (0.8331)  loss_giou_dn_2: 0.8386 (0.8175)  loss_vfl: 0.5092 (0.5625)  loss_vfl_aux_0: 0.5012 (0.5560)  loss_vfl_aux_1: 0.5118 (0.5611)  loss_vfl_aux_2: 0.4968 (0.5553)  loss_vfl_dn_0: 0.4641 (0.4712)  loss_vfl_dn_1: 0.4690 (0.4723)  loss_vfl_dn_2: 0.4640 (0.4686)  time: 1.1642  data: 0.0325  max mem: 9915
Epoch: [5]  [808/809]  eta: 0:00:01  lr: 0.000100  loss: 11.7145 (11.6105)  loss_bbox: 0.1059 (0.1296)  loss_bbox_aux_0: 0.1129 (0.1343)  loss_bbox_aux_1: 0.1071 (0.1308)  loss_bbox_aux_2: 0.1312 (0.1492)  loss_bbox_dn_0: 0.0621 (0.0750)  loss_bbox_dn_1: 0.0552 (0.0634)  loss_bbox_dn_2: 0.0513 (0.0612)  loss_giou: 1.1543 (1.1255)  loss_giou_aux_0: 1.1903 (1.1563)  loss_giou_aux_1: 1.1599 (1.1343)  loss_giou_aux_2: 1.2733 (1.2319)  loss_giou_dn_0: 0.9121 (0.9222)  loss_giou_dn_1: 0.8449 (0.8332)  loss_giou_dn_2: 0.8298 (0.8176)  loss_vfl: 0.5587 (0.5622)  loss_vfl_aux_0: 0.5468 (0.5557)  loss_vfl_aux_1: 0.5450 (0.5608)  loss_vfl_aux_2: 0.5598 (0.5551)  loss_vfl_dn_0: 0.4740 (0.4712)  loss_vfl_dn_1: 0.4709 (0.4723)  loss_vfl_dn_2: 0.4640 (0.4687)  time: 1.0558  data: 0.0285  max mem: 9915
Epoch: [5] Total time: 0:15:43 (1.1659 s / it)
Averaged stats: lr: 0.000100  loss: 11.7145 (11.6105)  loss_bbox: 0.1059 (0.1296)  loss_bbox_aux_0: 0.1129 (0.1343)  loss_bbox_aux_1: 0.1071 (0.1308)  loss_bbox_aux_2: 0.1312 (0.1492)  loss_bbox_dn_0: 0.0621 (0.0750)  loss_bbox_dn_1: 0.0552 (0.0634)  loss_bbox_dn_2: 0.0513 (0.0612)  loss_giou: 1.1543 (1.1255)  loss_giou_aux_0: 1.1903 (1.1563)  loss_giou_aux_1: 1.1599 (1.1343)  loss_giou_aux_2: 1.2733 (1.2319)  loss_giou_dn_0: 0.9121 (0.9222)  loss_giou_dn_1: 0.8449 (0.8332)  loss_giou_dn_2: 0.8298 (0.8176)  loss_vfl: 0.5587 (0.5622)  loss_vfl_aux_0: 0.5468 (0.5557)  loss_vfl_aux_1: 0.5450 (0.5608)  loss_vfl_aux_2: 0.5598 (0.5551)  loss_vfl_dn_0: 0.4740 (0.4712)  loss_vfl_dn_1: 0.4709 (0.4723)  loss_vfl_dn_2: 0.4640 (0.4687)
Test:  [ 0/69]  eta: 0:01:35    time: 1.3831  data: 0.7877  max mem: 9915
Test:  [10/69]  eta: 0:00:47    time: 0.7969  data: 0.0934  max mem: 9915
Test:  [20/69]  eta: 0:00:37    time: 0.7383  data: 0.0249  max mem: 9915
Test:  [30/69]  eta: 0:00:28    time: 0.7089  data: 0.0258  max mem: 9915
Test:  [40/69]  eta: 0:00:21    time: 0.7059  data: 0.0254  max mem: 9915
Test:  [50/69]  eta: 0:00:13    time: 0.6680  data: 0.0247  max mem: 9915
Test:  [60/69]  eta: 0:00:06    time: 0.6033  data: 0.0249  max mem: 9915
Test:  [68/69]  eta: 0:00:00    time: 0.6215  data: 0.0228  max mem: 9915
Test: Total time: 0:00:47 (0.6921 s / it)
Averaged stats: 
Accumulating evaluation results...
DONE (t=2.33s).
IoU metric: bbox
 Average Precision  (AP) @[ IoU=0.50:0.95 | area=   all | maxDets=100 ] = 0.121
 Average Precision  (AP) @[ IoU=0.50      | area=   all | maxDets=100 ] = 0.209
 Average Precision  (AP) @[ IoU=0.75      | area=   all | maxDets=100 ] = 0.121
 Average Precision  (AP) @[ IoU=0.50:0.95 | area= small | maxDets=100 ] = 0.077
 Average Precision  (AP) @[ IoU=0.50:0.95 | area=medium | maxDets=100 ] = 0.174
 Average Precision  (AP) @[ IoU=0.50:0.95 | area= large | maxDets=100 ] = 0.208
 Average Recall     (AR) @[ IoU=0.50:0.95 | area=   all | maxDets=  1 ] = 0.067
 Average Recall     (AR) @[ IoU=0.50:0.95 | area=   all | maxDets= 10 ] = 0.191
 Average Recall     (AR) @[ IoU=0.50:0.95 | area=   all | maxDets=100 ] = 0.282
 Average Recall     (AR) @[ IoU=0.50:0.95 | area= small | maxDets=100 ] = 0.211
 Average Recall     (AR) @[ IoU=0.50:0.95 | area=medium | maxDets=100 ] = 0.368
 Average Recall     (AR) @[ IoU=0.50:0.95 | area= large | maxDets=100 ] = 0.450
best_stat:  {'epoch': 5, 'coco_eval_bbox': 0.12084786377850239}
Epoch: [6]  [  0/809]  eta: 1:40:19  lr: 0.000100  loss: 12.0101 (12.0101)  loss_bbox: 0.1308 (0.1308)  loss_bbox_aux_0: 0.1294 (0.1294)  loss_bbox_aux_1: 0.1303 (0.1303)  loss_bbox_aux_2: 0.1491 (0.1491)  loss_bbox_dn_0: 0.0605 (0.0605)  loss_bbox_dn_1: 0.0505 (0.0505)  loss_bbox_dn_2: 0.0483 (0.0483)  loss_giou: 1.3007 (1.3007)  loss_giou_aux_0: 1.3307 (1.3307)  loss_giou_aux_1: 1.3126 (1.3126)  loss_giou_aux_2: 1.3921 (1.3921)  loss_giou_dn_0: 0.9886 (0.9886)  loss_giou_dn_1: 0.9145 (0.9145)  loss_giou_dn_2: 0.8990 (0.8990)  loss_vfl: 0.4554 (0.4554)  loss_vfl_aux_0: 0.4681 (0.4681)  loss_vfl_aux_1: 0.4598 (0.4598)  loss_vfl_aux_2: 0.4448 (0.4448)  loss_vfl_dn_0: 0.4526 (0.4526)  loss_vfl_dn_1: 0.4475 (0.4475)  loss_vfl_dn_2: 0.4446 (0.4446)  time: 7.4412  data: 5.4356  max mem: 9915
Epoch: [6]  [100/809]  eta: 0:14:51  lr: 0.000100  loss: 11.3000 (11.5569)  loss_bbox: 0.1050 (0.1284)  loss_bbox_aux_0: 0.1103 (0.1326)  loss_bbox_aux_1: 0.1073 (0.1298)  loss_bbox_aux_2: 0.1311 (0.1483)  loss_bbox_dn_0: 0.0754 (0.0730)  loss_bbox_dn_1: 0.0654 (0.0616)  loss_bbox_dn_2: 0.0619 (0.0596)  loss_giou: 1.0836 (1.1248)  loss_giou_aux_0: 1.1241 (1.1544)  loss_giou_aux_1: 1.0900 (1.1342)  loss_giou_aux_2: 1.1853 (1.2348)  loss_giou_dn_0: 0.9046 (0.9142)  loss_giou_dn_1: 0.8323 (0.8278)  loss_giou_dn_2: 0.8184 (0.8133)  loss_vfl: 0.5532 (0.5550)  loss_vfl_aux_0: 0.5499 (0.5513)  loss_vfl_aux_1: 0.5552 (0.5554)  loss_vfl_aux_2: 0.5211 (0.5468)  loss_vfl_dn_0: 0.4755 (0.4726)  loss_vfl_dn_1: 0.4730 (0.4714)  loss_vfl_dn_2: 0.4685 (0.4676)  time: 1.2606  data: 0.0355  max mem: 9915
Epoch: [6]  [200/809]  eta: 0:12:22  lr: 0.000100  loss: 10.7959 (11.4787)  loss_bbox: 0.1034 (0.1264)  loss_bbox_aux_0: 0.1088 (0.1309)  loss_bbox_aux_1: 0.1047 (0.1277)  loss_bbox_aux_2: 0.1200 (0.1466)  loss_bbox_dn_0: 0.0720 (0.0742)  loss_bbox_dn_1: 0.0644 (0.0624)  loss_bbox_dn_2: 0.0617 (0.0602)  loss_giou: 0.9423 (1.1046)  loss_giou_aux_0: 0.9823 (1.1351)  loss_giou_aux_1: 0.9525 (1.1132)  loss_giou_aux_2: 1.0789 (1.2133)  loss_giou_dn_0: 0.8653 (0.9051)  loss_giou_dn_1: 0.7545 (0.8167)  loss_giou_dn_2: 0.7395 (0.8015)  loss_vfl: 0.6033 (0.5628)  loss_vfl_aux_0: 0.5928 (0.5590)  loss_vfl_aux_1: 0.5925 (0.5631)  loss_vfl_aux_2: 0.6068 (0.5577)  loss_vfl_dn_0: 0.4760 (0.4743)  loss_vfl_dn_1: 0.4731 (0.4738)  loss_vfl_dn_2: 0.4701 (0.4701)  time: 1.1510  data: 0.0323  max mem: 9915
Epoch: [6]  [300/809]  eta: 0:10:17  lr: 0.000100  loss: 11.4979 (11.4532)  loss_bbox: 0.1006 (0.1266)  loss_bbox_aux_0: 0.1049 (0.1311)  loss_bbox_aux_1: 0.1046 (0.1280)  loss_bbox_aux_2: 0.1211 (0.1464)  loss_bbox_dn_0: 0.0678 (0.0743)  loss_bbox_dn_1: 0.0575 (0.0625)  loss_bbox_dn_2: 0.0560 (0.0603)  loss_giou: 1.1213 (1.1023)  loss_giou_aux_0: 1.1586 (1.1324)  loss_giou_aux_1: 1.1423 (1.1108)  loss_giou_aux_2: 1.1962 (1.2102)  loss_giou_dn_0: 0.9128 (0.9056)  loss_giou_dn_1: 0.8315 (0.8175)  loss_giou_dn_2: 0.8180 (0.8024)  loss_vfl: 0.5530 (0.5589)  loss_vfl_aux_0: 0.5487 (0.5552)  loss_vfl_aux_1: 0.5513 (0.5594)  loss_vfl_aux_2: 0.5417 (0.5544)  loss_vfl_dn_0: 0.4695 (0.4737)  loss_vfl_dn_1: 0.4741 (0.4726)  loss_vfl_dn_2: 0.4696 (0.4686)  time: 1.2696  data: 0.0290  max mem: 9915
Epoch: [6]  [400/809]  eta: 0:08:12  lr: 0.000100  loss: 11.1525 (11.4230)  loss_bbox: 0.1072 (0.1241)  loss_bbox_aux_0: 0.1147 (0.1287)  loss_bbox_aux_1: 0.1095 (0.1256)  loss_bbox_aux_2: 0.1210 (0.1438)  loss_bbox_dn_0: 0.0677 (0.0739)  loss_bbox_dn_1: 0.0560 (0.0622)  loss_bbox_dn_2: 0.0539 (0.0601)  loss_giou: 1.0505 (1.0979)  loss_giou_aux_0: 1.0703 (1.1282)  loss_giou_aux_1: 1.0592 (1.1063)  loss_giou_aux_2: 1.1504 (1.2059)  loss_giou_dn_0: 0.8976 (0.9049)  loss_giou_dn_1: 0.8086 (0.8164)  loss_giou_dn_2: 0.7977 (0.8012)  loss_vfl: 0.5562 (0.5593)  loss_vfl_aux_0: 0.5425 (0.5548)  loss_vfl_aux_1: 0.5532 (0.5591)  loss_vfl_aux_2: 0.5228 (0.5556)  loss_vfl_dn_0: 0.4728 (0.4736)  loss_vfl_dn_1: 0.4763 (0.4727)  loss_vfl_dn_2: 0.4700 (0.4687)  time: 1.1838  data: 0.0304  max mem: 9915
Epoch: [6]  [500/809]  eta: 0:06:10  lr: 0.000100  loss: 11.0209 (11.4281)  loss_bbox: 0.0909 (0.1230)  loss_bbox_aux_0: 0.0969 (0.1276)  loss_bbox_aux_1: 0.0925 (0.1244)  loss_bbox_aux_2: 0.1213 (0.1428)  loss_bbox_dn_0: 0.0659 (0.0737)  loss_bbox_dn_1: 0.0573 (0.0620)  loss_bbox_dn_2: 0.0562 (0.0598)  loss_giou: 1.0004 (1.0993)  loss_giou_aux_0: 1.0336 (1.1298)  loss_giou_aux_1: 1.0074 (1.1078)  loss_giou_aux_2: 1.1436 (1.2075)  loss_giou_dn_0: 0.9048 (0.9054)  loss_giou_dn_1: 0.8095 (0.8175)  loss_giou_dn_2: 0.7952 (0.8024)  loss_vfl: 0.5588 (0.5597)  loss_vfl_aux_0: 0.5549 (0.5556)  loss_vfl_aux_1: 0.5602 (0.5597)  loss_vfl_aux_2: 0.5670 (0.5560)  loss_vfl_dn_0: 0.4772 (0.4734)  loss_vfl_dn_1: 0.4662 (0.4724)  loss_vfl_dn_2: 0.4612 (0.4684)  time: 1.0816  data: 0.0276  max mem: 9915
Epoch: [6]  [600/809]  eta: 0:04:07  lr: 0.000100  loss: 11.5786 (11.4168)  loss_bbox: 0.1175 (0.1223)  loss_bbox_aux_0: 0.1192 (0.1269)  loss_bbox_aux_1: 0.1179 (0.1236)  loss_bbox_aux_2: 0.1345 (0.1422)  loss_bbox_dn_0: 0.0630 (0.0732)  loss_bbox_dn_1: 0.0514 (0.0614)  loss_bbox_dn_2: 0.0494 (0.0592)  loss_giou: 1.1925 (1.0977)  loss_giou_aux_0: 1.2151 (1.1282)  loss_giou_aux_1: 1.2055 (1.1062)  loss_giou_aux_2: 1.2816 (1.2064)  loss_giou_dn_0: 0.8998 (0.9036)  loss_giou_dn_1: 0.8205 (0.8155)  loss_giou_dn_2: 0.8061 (0.8005)  loss_vfl: 0.5000 (0.5610)  loss_vfl_aux_0: 0.5049 (0.5573)  loss_vfl_aux_1: 0.5043 (0.5612)  loss_vfl_aux_2: 0.5018 (0.5563)  loss_vfl_dn_0: 0.4647 (0.4734)  loss_vfl_dn_1: 0.4561 (0.4723)  loss_vfl_dn_2: 0.4524 (0.4683)  time: 1.1399  data: 0.0288  max mem: 9915
Epoch: [6]  [700/809]  eta: 0:02:08  lr: 0.000100  loss: 11.0964 (11.4178)  loss_bbox: 0.1010 (0.1223)  loss_bbox_aux_0: 0.1059 (0.1270)  loss_bbox_aux_1: 0.1024 (0.1236)  loss_bbox_aux_2: 0.1226 (0.1421)  loss_bbox_dn_0: 0.0758 (0.0729)  loss_bbox_dn_1: 0.0643 (0.0613)  loss_bbox_dn_2: 0.0623 (0.0591)  loss_giou: 0.9443 (1.0979)  loss_giou_aux_0: 0.9724 (1.1284)  loss_giou_aux_1: 0.9533 (1.1066)  loss_giou_aux_2: 1.1050 (1.2062)  loss_giou_dn_0: 0.8696 (0.9022)  loss_giou_dn_1: 0.7826 (0.8143)  loss_giou_dn_2: 0.7771 (0.7996)  loss_vfl: 0.6117 (0.5621)  loss_vfl_aux_0: 0.5902 (0.5581)  loss_vfl_aux_1: 0.6139 (0.5621)  loss_vfl_aux_2: 0.5596 (0.5576)  loss_vfl_dn_0: 0.4756 (0.4737)  loss_vfl_dn_1: 0.4658 (0.4724)  loss_vfl_dn_2: 0.4659 (0.4684)  time: 1.2030  data: 0.0337  max mem: 9915
Epoch: [6]  [800/809]  eta: 0:00:10  lr: 0.000100  loss: 11.2166 (11.4106)  loss_bbox: 0.1111 (0.1221)  loss_bbox_aux_0: 0.1161 (0.1267)  loss_bbox_aux_1: 0.1112 (0.1233)  loss_bbox_aux_2: 0.1305 (0.1418)  loss_bbox_dn_0: 0.0685 (0.0730)  loss_bbox_dn_1: 0.0562 (0.0613)  loss_bbox_dn_2: 0.0549 (0.0591)  loss_giou: 1.0870 (1.0952)  loss_giou_aux_0: 1.1190 (1.1258)  loss_giou_aux_1: 1.0882 (1.1038)  loss_giou_aux_2: 1.1625 (1.2039)  loss_giou_dn_0: 0.8614 (0.9006)  loss_giou_dn_1: 0.7716 (0.8120)  loss_giou_dn_2: 0.7582 (0.7972)  loss_vfl: 0.5603 (0.5646)  loss_vfl_aux_0: 0.5408 (0.5599)  loss_vfl_aux_1: 0.5591 (0.5643)  loss_vfl_aux_2: 0.5547 (0.5602)  loss_vfl_dn_0: 0.4825 (0.4739)  loss_vfl_dn_1: 0.4740 (0.4728)  loss_vfl_dn_2: 0.4713 (0.4689)  time: 1.1852  data: 0.0271  max mem: 9915
Epoch: [6]  [808/809]  eta: 0:00:01  lr: 0.000100  loss: 11.3665 (11.4149)  loss_bbox: 0.1126 (0.1221)  loss_bbox_aux_0: 0.1180 (0.1268)  loss_bbox_aux_1: 0.1130 (0.1234)  loss_bbox_aux_2: 0.1289 (0.1419)  loss_bbox_dn_0: 0.0685 (0.0729)  loss_bbox_dn_1: 0.0562 (0.0612)  loss_bbox_dn_2: 0.0549 (0.0591)  loss_giou: 1.1008 (1.0964)  loss_giou_aux_0: 1.1211 (1.1269)  loss_giou_aux_1: 1.0980 (1.1050)  loss_giou_aux_2: 1.1931 (1.2049)  loss_giou_dn_0: 0.9066 (0.9007)  loss_giou_dn_1: 0.8126 (0.8122)  loss_giou_dn_2: 0.7967 (0.7975)  loss_vfl: 0.5552 (0.5645)  loss_vfl_aux_0: 0.5408 (0.5597)  loss_vfl_aux_1: 0.5591 (0.5643)  loss_vfl_aux_2: 0.5454 (0.5599)  loss_vfl_dn_0: 0.4740 (0.4739)  loss_vfl_dn_1: 0.4740 (0.4728)  loss_vfl_dn_2: 0.4703 (0.4689)  time: 1.0442  data: 0.0271  max mem: 9915
Epoch: [6] Total time: 0:15:55 (1.1810 s / it)
Averaged stats: lr: 0.000100  loss: 11.3665 (11.4149)  loss_bbox: 0.1126 (0.1221)  loss_bbox_aux_0: 0.1180 (0.1268)  loss_bbox_aux_1: 0.1130 (0.1234)  loss_bbox_aux_2: 0.1289 (0.1419)  loss_bbox_dn_0: 0.0685 (0.0729)  loss_bbox_dn_1: 0.0562 (0.0612)  loss_bbox_dn_2: 0.0549 (0.0591)  loss_giou: 1.1008 (1.0964)  loss_giou_aux_0: 1.1211 (1.1269)  loss_giou_aux_1: 1.0980 (1.1050)  loss_giou_aux_2: 1.1931 (1.2049)  loss_giou_dn_0: 0.9066 (0.9007)  loss_giou_dn_1: 0.8126 (0.8122)  loss_giou_dn_2: 0.7967 (0.7975)  loss_vfl: 0.5552 (0.5645)  loss_vfl_aux_0: 0.5408 (0.5597)  loss_vfl_aux_1: 0.5591 (0.5643)  loss_vfl_aux_2: 0.5454 (0.5599)  loss_vfl_dn_0: 0.4740 (0.4739)  loss_vfl_dn_1: 0.4740 (0.4728)  loss_vfl_dn_2: 0.4703 (0.4689)
Test:  [ 0/69]  eta: 0:02:03    time: 1.7834  data: 1.0968  max mem: 9915
Test:  [10/69]  eta: 0:00:47    time: 0.8059  data: 0.1194  max mem: 9915
Test:  [20/69]  eta: 0:00:38    time: 0.7310  data: 0.0227  max mem: 9915
Test:  [30/69]  eta: 0:00:29    time: 0.7239  data: 0.0241  max mem: 9915
Test:  [40/69]  eta: 0:00:21    time: 0.6797  data: 0.0248  max mem: 9915
Test:  [50/69]  eta: 0:00:13    time: 0.6916  data: 0.0241  max mem: 9915
Test:  [60/69]  eta: 0:00:06    time: 0.6658  data: 0.0241  max mem: 9915
Test:  [68/69]  eta: 0:00:00    time: 0.6316  data: 0.0243  max mem: 9915
Test: Total time: 0:00:48 (0.7070 s / it)
Averaged stats: 
Accumulating evaluation results...
DONE (t=2.31s).
IoU metric: bbox
 Average Precision  (AP) @[ IoU=0.50:0.95 | area=   all | maxDets=100 ] = 0.126
 Average Precision  (AP) @[ IoU=0.50      | area=   all | maxDets=100 ] = 0.213
 Average Precision  (AP) @[ IoU=0.75      | area=   all | maxDets=100 ] = 0.129
 Average Precision  (AP) @[ IoU=0.50:0.95 | area= small | maxDets=100 ] = 0.077
 Average Precision  (AP) @[ IoU=0.50:0.95 | area=medium | maxDets=100 ] = 0.185
 Average Precision  (AP) @[ IoU=0.50:0.95 | area= large | maxDets=100 ] = 0.228
 Average Recall     (AR) @[ IoU=0.50:0.95 | area=   all | maxDets=  1 ] = 0.069
 Average Recall     (AR) @[ IoU=0.50:0.95 | area=   all | maxDets= 10 ] = 0.196
 Average Recall     (AR) @[ IoU=0.50:0.95 | area=   all | maxDets=100 ] = 0.285
 Average Recall     (AR) @[ IoU=0.50:0.95 | area= small | maxDets=100 ] = 0.201
 Average Recall     (AR) @[ IoU=0.50:0.95 | area=medium | maxDets=100 ] = 0.385
 Average Recall     (AR) @[ IoU=0.50:0.95 | area= large | maxDets=100 ] = 0.501
best_stat:  {'epoch': 6, 'coco_eval_bbox': 0.12607204755187432}
Epoch: [7]  [  0/809]  eta: 1:22:05  lr: 0.000100  loss: 10.6110 (10.6110)  loss_bbox: 0.0987 (0.0987)  loss_bbox_aux_0: 0.0971 (0.0971)  loss_bbox_aux_1: 0.0961 (0.0961)  loss_bbox_aux_2: 0.1147 (0.1147)  loss_bbox_dn_0: 0.0756 (0.0756)  loss_bbox_dn_1: 0.0658 (0.0658)  loss_bbox_dn_2: 0.0644 (0.0644)  loss_giou: 0.8976 (0.8976)  loss_giou_aux_0: 0.9171 (0.9171)  loss_giou_aux_1: 0.9086 (0.9086)  loss_giou_aux_2: 1.0157 (1.0157)  loss_giou_dn_0: 0.8345 (0.8345)  loss_giou_dn_1: 0.7412 (0.7412)  loss_giou_dn_2: 0.7278 (0.7278)  loss_vfl: 0.5957 (0.5957)  loss_vfl_aux_0: 0.6379 (0.6379)  loss_vfl_aux_1: 0.6265 (0.6265)  loss_vfl_aux_2: 0.6382 (0.6382)  loss_vfl_dn_0: 0.4867 (0.4867)  loss_vfl_dn_1: 0.4873 (0.4873)  loss_vfl_dn_2: 0.4836 (0.4836)  time: 6.0885  data: 2.9747  max mem: 9915
Epoch: [7]  [100/809]  eta: 0:14:48  lr: 0.000100  loss: 10.9462 (11.3756)  loss_bbox: 0.0904 (0.1274)  loss_bbox_aux_0: 0.0989 (0.1321)  loss_bbox_aux_1: 0.0938 (0.1289)  loss_bbox_aux_2: 0.1110 (0.1472)  loss_bbox_dn_0: 0.0641 (0.0721)  loss_bbox_dn_1: 0.0544 (0.0607)  loss_bbox_dn_2: 0.0532 (0.0586)  loss_giou: 1.0250 (1.0893)  loss_giou_aux_0: 1.0446 (1.1218)  loss_giou_aux_1: 1.0324 (1.0998)  loss_giou_aux_2: 1.0784 (1.1943)  loss_giou_dn_0: 0.8749 (0.8915)  loss_giou_dn_1: 0.7894 (0.8026)  loss_giou_dn_2: 0.7738 (0.7880)  loss_vfl: 0.5758 (0.5631)  loss_vfl_aux_0: 0.5759 (0.5566)  loss_vfl_aux_1: 0.5688 (0.5609)  loss_vfl_aux_2: 0.5649 (0.5613)  loss_vfl_dn_0: 0.4731 (0.4752)  loss_vfl_dn_1: 0.4701 (0.4735)  loss_vfl_dn_2: 0.4647 (0.4707)  time: 1.2035  data: 0.0340  max mem: 9915
Epoch: [7]  [200/809]  eta: 0:12:24  lr: 0.000100  loss: 10.9502 (11.3692)  loss_bbox: 0.0911 (0.1269)  loss_bbox_aux_0: 0.0963 (0.1317)  loss_bbox_aux_1: 0.0910 (0.1283)  loss_bbox_aux_2: 0.1078 (0.1477)  loss_bbox_dn_0: 0.0671 (0.0729)  loss_bbox_dn_1: 0.0547 (0.0612)  loss_bbox_dn_2: 0.0535 (0.0592)  loss_giou: 1.0342 (1.0910)  loss_giou_aux_0: 1.0474 (1.1219)  loss_giou_aux_1: 1.0369 (1.1011)  loss_giou_aux_2: 1.1203 (1.1981)  loss_giou_dn_0: 0.8980 (0.8917)  loss_giou_dn_1: 0.7920 (0.8027)  loss_giou_dn_2: 0.7775 (0.7882)  loss_vfl: 0.5422 (0.5595)  loss_vfl_aux_0: 0.5380 (0.5538)  loss_vfl_aux_1: 0.5392 (0.5576)  loss_vfl_aux_2: 0.5498 (0.5592)  loss_vfl_dn_0: 0.4729 (0.4750)  loss_vfl_dn_1: 0.4680 (0.4724)  loss_vfl_dn_2: 0.4629 (0.4691)  time: 1.1870  data: 0.0333  max mem: 9915
Epoch: [7]  [300/809]  eta: 0:10:21  lr: 0.000100  loss: 11.0213 (11.3369)  loss_bbox: 0.1020 (0.1227)  loss_bbox_aux_0: 0.1098 (0.1274)  loss_bbox_aux_1: 0.1056 (0.1241)  loss_bbox_aux_2: 0.1196 (0.1430)  loss_bbox_dn_0: 0.0660 (0.0716)  loss_bbox_dn_1: 0.0568 (0.0601)  loss_bbox_dn_2: 0.0549 (0.0581)  loss_giou: 1.0404 (1.0890)  loss_giou_aux_0: 1.0738 (1.1200)  loss_giou_aux_1: 1.0476 (1.0990)  loss_giou_aux_2: 1.1295 (1.1965)  loss_giou_dn_0: 0.8457 (0.8896)  loss_giou_dn_1: 0.7785 (0.8016)  loss_giou_dn_2: 0.7618 (0.7871)  loss_vfl: 0.5400 (0.5597)  loss_vfl_aux_0: 0.5530 (0.5549)  loss_vfl_aux_1: 0.5435 (0.5580)  loss_vfl_aux_2: 0.5703 (0.5581)  loss_vfl_dn_0: 0.4788 (0.4754)  loss_vfl_dn_1: 0.4615 (0.4724)  loss_vfl_dn_2: 0.4589 (0.4687)  time: 1.2053  data: 0.0306  max mem: 9915
Epoch: [7]  [400/809]  eta: 0:08:08  lr: 0.000100  loss: 11.4379 (11.3297)  loss_bbox: 0.0998 (0.1210)  loss_bbox_aux_0: 0.1020 (0.1256)  loss_bbox_aux_1: 0.1005 (0.1224)  loss_bbox_aux_2: 0.1069 (0.1407)  loss_bbox_dn_0: 0.0627 (0.0708)  loss_bbox_dn_1: 0.0506 (0.0595)  loss_bbox_dn_2: 0.0495 (0.0575)  loss_giou: 1.1387 (1.0919)  loss_giou_aux_0: 1.1651 (1.1219)  loss_giou_aux_1: 1.1433 (1.1014)  loss_giou_aux_2: 1.2666 (1.1986)  loss_giou_dn_0: 0.9266 (0.8899)  loss_giou_dn_1: 0.8398 (0.8019)  loss_giou_dn_2: 0.8215 (0.7876)  loss_vfl: 0.5171 (0.5567)  loss_vfl_aux_0: 0.5282 (0.5530)  loss_vfl_aux_1: 0.5303 (0.5557)  loss_vfl_aux_2: 0.5153 (0.5556)  loss_vfl_dn_0: 0.4685 (0.4756)  loss_vfl_dn_1: 0.4709 (0.4729)  loss_vfl_dn_2: 0.4655 (0.4692)  time: 1.0947  data: 0.0287  max mem: 9915
Epoch: [7]  [500/809]  eta: 0:06:06  lr: 0.000100  loss: 11.2810 (11.3183)  loss_bbox: 0.1141 (0.1197)  loss_bbox_aux_0: 0.1184 (0.1244)  loss_bbox_aux_1: 0.1167 (0.1210)  loss_bbox_aux_2: 0.1377 (0.1403)  loss_bbox_dn_0: 0.0680 (0.0709)  loss_bbox_dn_1: 0.0561 (0.0594)  loss_bbox_dn_2: 0.0548 (0.0574)  loss_giou: 1.1023 (1.0889)  loss_giou_aux_0: 1.1282 (1.1191)  loss_giou_aux_1: 1.1064 (1.0985)  loss_giou_aux_2: 1.1924 (1.1976)  loss_giou_dn_0: 0.8864 (0.8891)  loss_giou_dn_1: 0.8006 (0.8010)  loss_giou_dn_2: 0.7884 (0.7867)  loss_vfl: 0.5353 (0.5586)  loss_vfl_aux_0: 0.5455 (0.5549)  loss_vfl_aux_1: 0.5270 (0.5575)  loss_vfl_aux_2: 0.5177 (0.5553)  loss_vfl_dn_0: 0.4756 (0.4757)  loss_vfl_dn_1: 0.4760 (0.4731)  loss_vfl_dn_2: 0.4733 (0.4691)  time: 1.2263  data: 0.0357  max mem: 9915
Epoch: [7]  [600/809]  eta: 0:04:07  lr: 0.000100  loss: 10.7902 (11.2975)  loss_bbox: 0.1078 (0.1188)  loss_bbox_aux_0: 0.1114 (0.1235)  loss_bbox_aux_1: 0.1094 (0.1201)  loss_bbox_aux_2: 0.1314 (0.1394)  loss_bbox_dn_0: 0.0728 (0.0708)  loss_bbox_dn_1: 0.0619 (0.0595)  loss_bbox_dn_2: 0.0590 (0.0575)  loss_giou: 0.9807 (1.0843)  loss_giou_aux_0: 1.0068 (1.1138)  loss_giou_aux_1: 0.9941 (1.0938)  loss_giou_aux_2: 1.1129 (1.1933)  loss_giou_dn_0: 0.8345 (0.8872)  loss_giou_dn_1: 0.7524 (0.7997)  loss_giou_dn_2: 0.7414 (0.7854)  loss_vfl: 0.5757 (0.5602)  loss_vfl_aux_0: 0.5824 (0.5566)  loss_vfl_aux_1: 0.5758 (0.5592)  loss_vfl_aux_2: 0.5840 (0.5567)  loss_vfl_dn_0: 0.4843 (0.4759)  loss_vfl_dn_1: 0.4722 (0.4729)  loss_vfl_dn_2: 0.4655 (0.4689)  time: 1.1612  data: 0.0296  max mem: 9915
Epoch: [7]  [700/809]  eta: 0:02:09  lr: 0.000100  loss: 10.9994 (11.2865)  loss_bbox: 0.0992 (0.1186)  loss_bbox_aux_0: 0.1033 (0.1234)  loss_bbox_aux_1: 0.1009 (0.1199)  loss_bbox_aux_2: 0.1119 (0.1390)  loss_bbox_dn_0: 0.0676 (0.0707)  loss_bbox_dn_1: 0.0551 (0.0593)  loss_bbox_dn_2: 0.0518 (0.0574)  loss_giou: 0.9959 (1.0827)  loss_giou_aux_0: 1.0291 (1.1123)  loss_giou_aux_1: 1.0088 (1.0922)  loss_giou_aux_2: 1.1024 (1.1910)  loss_giou_dn_0: 0.8702 (0.8863)  loss_giou_dn_1: 0.7696 (0.7982)  loss_giou_dn_2: 0.7555 (0.7841)  loss_vfl: 0.5664 (0.5602)  loss_vfl_aux_0: 0.5780 (0.5568)  loss_vfl_aux_1: 0.5800 (0.5595)  loss_vfl_aux_2: 0.5574 (0.5575)  loss_vfl_dn_0: 0.4797 (0.4758)  loss_vfl_dn_1: 0.4805 (0.4729)  loss_vfl_dn_2: 0.4760 (0.4689)  time: 1.3123  data: 0.0399  max mem: 9915
Epoch: [7]  [800/809]  eta: 0:00:10  lr: 0.000100  loss: 11.3551 (11.2837)  loss_bbox: 0.1078 (0.1180)  loss_bbox_aux_0: 0.1151 (0.1228)  loss_bbox_aux_1: 0.1102 (0.1193)  loss_bbox_aux_2: 0.1281 (0.1383)  loss_bbox_dn_0: 0.0622 (0.0703)  loss_bbox_dn_1: 0.0532 (0.0590)  loss_bbox_dn_2: 0.0512 (0.0571)  loss_giou: 1.1061 (1.0836)  loss_giou_aux_0: 1.1338 (1.1128)  loss_giou_aux_1: 1.1144 (1.0930)  loss_giou_aux_2: 1.2174 (1.1907)  loss_giou_dn_0: 0.8553 (0.8859)  loss_giou_dn_1: 0.7695 (0.7981)  loss_giou_dn_2: 0.7660 (0.7842)  loss_vfl: 0.5436 (0.5597)  loss_vfl_aux_0: 0.5504 (0.5569)  loss_vfl_aux_1: 0.5491 (0.5593)  loss_vfl_aux_2: 0.5566 (0.5578)  loss_vfl_dn_0: 0.4669 (0.4757)  loss_vfl_dn_1: 0.4646 (0.4727)  loss_vfl_dn_2: 0.4551 (0.4684)  time: 1.2304  data: 0.0338  max mem: 9915
Epoch: [7]  [808/809]  eta: 0:00:01  lr: 0.000100  loss: 11.5182 (11.2823)  loss_bbox: 0.1095 (0.1180)  loss_bbox_aux_0: 0.1139 (0.1228)  loss_bbox_aux_1: 0.1117 (0.1193)  loss_bbox_aux_2: 0.1298 (0.1383)  loss_bbox_dn_0: 0.0621 (0.0703)  loss_bbox_dn_1: 0.0533 (0.0590)  loss_bbox_dn_2: 0.0526 (0.0571)  loss_giou: 1.1266 (1.0834)  loss_giou_aux_0: 1.1476 (1.1126)  loss_giou_aux_1: 1.1329 (1.0928)  loss_giou_aux_2: 1.2285 (1.1905)  loss_giou_dn_0: 0.9004 (0.8857)  loss_giou_dn_1: 0.8255 (0.7979)  loss_giou_dn_2: 0.8169 (0.7840)  loss_vfl: 0.5347 (0.5597)  loss_vfl_aux_0: 0.5382 (0.5569)  loss_vfl_aux_1: 0.5344 (0.5593)  loss_vfl_aux_2: 0.5343 (0.5580)  loss_vfl_dn_0: 0.4662 (0.4757)  loss_vfl_dn_1: 0.4642 (0.4726)  loss_vfl_dn_2: 0.4575 (0.4684)  time: 1.0543  data: 0.0298  max mem: 9915
Epoch: [7] Total time: 0:16:03 (1.1915 s / it)
Averaged stats: lr: 0.000100  loss: 11.5182 (11.2823)  loss_bbox: 0.1095 (0.1180)  loss_bbox_aux_0: 0.1139 (0.1228)  loss_bbox_aux_1: 0.1117 (0.1193)  loss_bbox_aux_2: 0.1298 (0.1383)  loss_bbox_dn_0: 0.0621 (0.0703)  loss_bbox_dn_1: 0.0533 (0.0590)  loss_bbox_dn_2: 0.0526 (0.0571)  loss_giou: 1.1266 (1.0834)  loss_giou_aux_0: 1.1476 (1.1126)  loss_giou_aux_1: 1.1329 (1.0928)  loss_giou_aux_2: 1.2285 (1.1905)  loss_giou_dn_0: 0.9004 (0.8857)  loss_giou_dn_1: 0.8255 (0.7979)  loss_giou_dn_2: 0.8169 (0.7840)  loss_vfl: 0.5347 (0.5597)  loss_vfl_aux_0: 0.5382 (0.5569)  loss_vfl_aux_1: 0.5344 (0.5593)  loss_vfl_aux_2: 0.5343 (0.5580)  loss_vfl_dn_0: 0.4662 (0.4757)  loss_vfl_dn_1: 0.4642 (0.4726)  loss_vfl_dn_2: 0.4575 (0.4684)
Test:  [ 0/69]  eta: 0:01:39    time: 1.4417  data: 0.7185  max mem: 9915
Test:  [10/69]  eta: 0:00:47    time: 0.7990  data: 0.0886  max mem: 9915
Test:  [20/69]  eta: 0:00:38    time: 0.7445  data: 0.0242  max mem: 9915
Test:  [30/69]  eta: 0:00:29    time: 0.7263  data: 0.0231  max mem: 9915
Test:  [40/69]  eta: 0:00:21    time: 0.6719  data: 0.0239  max mem: 9915
Test:  [50/69]  eta: 0:00:13    time: 0.6440  data: 0.0246  max mem: 9915
Test:  [60/69]  eta: 0:00:06    time: 0.6694  data: 0.0254  max mem: 9915
Test:  [68/69]  eta: 0:00:00    time: 0.6675  data: 0.0239  max mem: 9915
Test: Total time: 0:00:48 (0.7033 s / it)
Averaged stats: 
Accumulating evaluation results...
DONE (t=2.33s).
IoU metric: bbox
 Average Precision  (AP) @[ IoU=0.50:0.95 | area=   all | maxDets=100 ] = 0.141
 Average Precision  (AP) @[ IoU=0.50      | area=   all | maxDets=100 ] = 0.239
 Average Precision  (AP) @[ IoU=0.75      | area=   all | maxDets=100 ] = 0.143
 Average Precision  (AP) @[ IoU=0.50:0.95 | area= small | maxDets=100 ] = 0.089
 Average Precision  (AP) @[ IoU=0.50:0.95 | area=medium | maxDets=100 ] = 0.199
 Average Precision  (AP) @[ IoU=0.50:0.95 | area= large | maxDets=100 ] = 0.247
 Average Recall     (AR) @[ IoU=0.50:0.95 | area=   all | maxDets=  1 ] = 0.072
 Average Recall     (AR) @[ IoU=0.50:0.95 | area=   all | maxDets= 10 ] = 0.209
 Average Recall     (AR) @[ IoU=0.50:0.95 | area=   all | maxDets=100 ] = 0.298
 Average Recall     (AR) @[ IoU=0.50:0.95 | area= small | maxDets=100 ] = 0.220
 Average Recall     (AR) @[ IoU=0.50:0.95 | area=medium | maxDets=100 ] = 0.392
 Average Recall     (AR) @[ IoU=0.50:0.95 | area= large | maxDets=100 ] = 0.466
best_stat:  {'epoch': 7, 'coco_eval_bbox': 0.1410683642551808}
Epoch: [8]  [  0/809]  eta: 1:34:11  lr: 0.000100  loss: 11.2123 (11.2123)  loss_bbox: 0.0897 (0.0897)  loss_bbox_aux_0: 0.0914 (0.0914)  loss_bbox_aux_1: 0.0888 (0.0888)  loss_bbox_aux_2: 0.0974 (0.0974)  loss_bbox_dn_0: 0.0711 (0.0711)  loss_bbox_dn_1: 0.0598 (0.0598)  loss_bbox_dn_2: 0.0580 (0.0580)  loss_giou: 0.9738 (0.9738)  loss_giou_aux_0: 1.0033 (1.0033)  loss_giou_aux_1: 0.9798 (0.9798)  loss_giou_aux_2: 1.0499 (1.0499)  loss_giou_dn_0: 0.8816 (0.8816)  loss_giou_dn_1: 0.7650 (0.7650)  loss_giou_dn_2: 0.7501 (0.7501)  loss_vfl: 0.6909 (0.6909)  loss_vfl_aux_0: 0.6650 (0.6650)  loss_vfl_aux_1: 0.6719 (0.6719)  loss_vfl_aux_2: 0.6711 (0.6711)  loss_vfl_dn_0: 0.4994 (0.4994)  loss_vfl_dn_1: 0.5221 (0.5221)  loss_vfl_dn_2: 0.5321 (0.5321)  time: 6.9856  data: 2.1241  max mem: 9915
Epoch: [8]  [100/809]  eta: 0:15:05  lr: 0.000100  loss: 11.2279 (11.2121)  loss_bbox: 0.1047 (0.1151)  loss_bbox_aux_0: 0.1083 (0.1194)  loss_bbox_aux_1: 0.1071 (0.1161)  loss_bbox_aux_2: 0.1186 (0.1343)  loss_bbox_dn_0: 0.0626 (0.0677)  loss_bbox_dn_1: 0.0540 (0.0567)  loss_bbox_dn_2: 0.0524 (0.0550)  loss_giou: 1.0865 (1.0750)  loss_giou_aux_0: 1.1001 (1.1066)  loss_giou_aux_1: 1.0997 (1.0849)  loss_giou_aux_2: 1.1355 (1.1881)  loss_giou_dn_0: 0.8762 (0.8843)  loss_giou_dn_1: 0.7925 (0.7943)  loss_giou_dn_2: 0.7889 (0.7811)  loss_vfl: 0.5586 (0.5582)  loss_vfl_aux_0: 0.5497 (0.5528)  loss_vfl_aux_1: 0.5551 (0.5559)  loss_vfl_aux_2: 0.5516 (0.5531)  loss_vfl_dn_0: 0.4751 (0.4736)  loss_vfl_dn_1: 0.4656 (0.4717)  loss_vfl_dn_2: 0.4655 (0.4682)  time: 1.1818  data: 0.0320  max mem: 9915
Epoch: [8]  [200/809]  eta: 0:12:00  lr: 0.000100  loss: 11.0654 (11.1900)  loss_bbox: 0.1008 (0.1157)  loss_bbox_aux_0: 0.1037 (0.1200)  loss_bbox_aux_1: 0.1014 (0.1168)  loss_bbox_aux_2: 0.1301 (0.1355)  loss_bbox_dn_0: 0.0605 (0.0676)  loss_bbox_dn_1: 0.0507 (0.0567)  loss_bbox_dn_2: 0.0478 (0.0550)  loss_giou: 1.0628 (1.0741)  loss_giou_aux_0: 1.0841 (1.1044)  loss_giou_aux_1: 1.0746 (1.0835)  loss_giou_aux_2: 1.1522 (1.1854)  loss_giou_dn_0: 0.8822 (0.8827)  loss_giou_dn_1: 0.7911 (0.7935)  loss_giou_dn_2: 0.7774 (0.7805)  loss_vfl: 0.5723 (0.5544)  loss_vfl_aux_0: 0.5786 (0.5501)  loss_vfl_aux_1: 0.5715 (0.5531)  loss_vfl_aux_2: 0.5446 (0.5484)  loss_vfl_dn_0: 0.4745 (0.4738)  loss_vfl_dn_1: 0.4755 (0.4712)  loss_vfl_dn_2: 0.4717 (0.4676)  time: 1.0565  data: 0.0300  max mem: 9915
Epoch: [8]  [300/809]  eta: 0:09:58  lr: 0.000100  loss: 11.0746 (11.2080)  loss_bbox: 0.0941 (0.1166)  loss_bbox_aux_0: 0.0974 (0.1211)  loss_bbox_aux_1: 0.0938 (0.1177)  loss_bbox_aux_2: 0.1146 (0.1365)  loss_bbox_dn_0: 0.0594 (0.0671)  loss_bbox_dn_1: 0.0488 (0.0564)  loss_bbox_dn_2: 0.0475 (0.0547)  loss_giou: 1.0638 (1.0773)  loss_giou_aux_0: 1.0895 (1.1080)  loss_giou_aux_1: 1.0732 (1.0870)  loss_giou_aux_2: 1.1470 (1.1887)  loss_giou_dn_0: 0.8772 (0.8816)  loss_giou_dn_1: 0.8019 (0.7932)  loss_giou_dn_2: 0.7914 (0.7805)  loss_vfl: 0.5336 (0.5549)  loss_vfl_aux_0: 0.5396 (0.5505)  loss_vfl_aux_1: 0.5338 (0.5541)  loss_vfl_aux_2: 0.5586 (0.5502)  loss_vfl_dn_0: 0.4664 (0.4740)  loss_vfl_dn_1: 0.4641 (0.4708)  loss_vfl_dn_2: 0.4596 (0.4671)  time: 1.2363  data: 0.0299  max mem: 9915
Epoch: [8]  [400/809]  eta: 0:08:03  lr: 0.000100  loss: 11.0750 (11.1999)  loss_bbox: 0.1054 (0.1181)  loss_bbox_aux_0: 0.1172 (0.1227)  loss_bbox_aux_1: 0.1087 (0.1192)  loss_bbox_aux_2: 0.1274 (0.1376)  loss_bbox_dn_0: 0.0640 (0.0674)  loss_bbox_dn_1: 0.0544 (0.0565)  loss_bbox_dn_2: 0.0513 (0.0548)  loss_giou: 1.0595 (1.0761)  loss_giou_aux_0: 1.0847 (1.1066)  loss_giou_aux_1: 1.0677 (1.0857)  loss_giou_aux_2: 1.2394 (1.1871)  loss_giou_dn_0: 0.9073 (0.8778)  loss_giou_dn_1: 0.8126 (0.7893)  loss_giou_dn_2: 0.7959 (0.7765)  loss_vfl: 0.4744 (0.5554)  loss_vfl_aux_0: 0.4879 (0.5511)  loss_vfl_aux_1: 0.4760 (0.5547)  loss_vfl_aux_2: 0.5052 (0.5508)  loss_vfl_dn_0: 0.4688 (0.4743)  loss_vfl_dn_1: 0.4647 (0.4709)  loss_vfl_dn_2: 0.4575 (0.4672)  time: 1.1611  data: 0.0292  max mem: 9915
Epoch: [8]  [500/809]  eta: 0:06:07  lr: 0.000100  loss: 10.8271 (11.1894)  loss_bbox: 0.0878 (0.1174)  loss_bbox_aux_0: 0.0948 (0.1219)  loss_bbox_aux_1: 0.0880 (0.1185)  loss_bbox_aux_2: 0.1109 (0.1371)  loss_bbox_dn_0: 0.0690 (0.0677)  loss_bbox_dn_1: 0.0572 (0.0567)  loss_bbox_dn_2: 0.0539 (0.0550)  loss_giou: 1.0632 (1.0731)  loss_giou_aux_0: 1.0886 (1.1033)  loss_giou_aux_1: 1.0696 (1.0828)  loss_giou_aux_2: 1.1506 (1.1849)  loss_giou_dn_0: 0.8393 (0.8754)  loss_giou_dn_1: 0.7517 (0.7872)  loss_giou_dn_2: 0.7432 (0.7742)  loss_vfl: 0.5503 (0.5574)  loss_vfl_aux_0: 0.5438 (0.5534)  loss_vfl_aux_1: 0.5576 (0.5568)  loss_vfl_aux_2: 0.5355 (0.5530)  loss_vfl_dn_0: 0.4767 (0.4748)  loss_vfl_dn_1: 0.4747 (0.4712)  loss_vfl_dn_2: 0.4655 (0.4674)  time: 1.2529  data: 0.0308  max mem: 9915
Epoch: [8]  [600/809]  eta: 0:04:10  lr: 0.000100  loss: 11.4182 (11.1984)  loss_bbox: 0.1139 (0.1175)  loss_bbox_aux_0: 0.1193 (0.1223)  loss_bbox_aux_1: 0.1160 (0.1187)  loss_bbox_aux_2: 0.1302 (0.1374)  loss_bbox_dn_0: 0.0617 (0.0681)  loss_bbox_dn_1: 0.0528 (0.0572)  loss_bbox_dn_2: 0.0503 (0.0554)  loss_giou: 1.1285 (1.0742)  loss_giou_aux_0: 1.1700 (1.1051)  loss_giou_aux_1: 1.1521 (1.0842)  loss_giou_aux_2: 1.2428 (1.1858)  loss_giou_dn_0: 0.9045 (0.8766)  loss_giou_dn_1: 0.8266 (0.7884)  loss_giou_dn_2: 0.8097 (0.7755)  loss_vfl: 0.5452 (0.5571)  loss_vfl_aux_0: 0.5372 (0.5529)  loss_vfl_aux_1: 0.5393 (0.5564)  loss_vfl_aux_2: 0.5292 (0.5532)  loss_vfl_dn_0: 0.4707 (0.4746)  loss_vfl_dn_1: 0.4694 (0.4709)  loss_vfl_dn_2: 0.4656 (0.4669)  time: 1.2752  data: 0.0361  max mem: 9915
Epoch: [8]  [700/809]  eta: 0:02:10  lr: 0.000100  loss: 11.2877 (11.1666)  loss_bbox: 0.1028 (0.1154)  loss_bbox_aux_0: 0.1042 (0.1202)  loss_bbox_aux_1: 0.1029 (0.1167)  loss_bbox_aux_2: 0.1222 (0.1350)  loss_bbox_dn_0: 0.0628 (0.0683)  loss_bbox_dn_1: 0.0552 (0.0572)  loss_bbox_dn_2: 0.0532 (0.0554)  loss_giou: 1.0744 (1.0669)  loss_giou_aux_0: 1.0987 (1.0977)  loss_giou_aux_1: 1.0933 (1.0770)  loss_giou_aux_2: 1.1568 (1.1775)  loss_giou_dn_0: 0.8647 (0.8745)  loss_giou_dn_1: 0.8008 (0.7863)  loss_giou_dn_2: 0.7792 (0.7733)  loss_vfl: 0.5326 (0.5597)  loss_vfl_aux_0: 0.5259 (0.5556)  loss_vfl_aux_1: 0.5358 (0.5590)  loss_vfl_aux_2: 0.5327 (0.5570)  loss_vfl_dn_0: 0.4685 (0.4752)  loss_vfl_dn_1: 0.4618 (0.4713)  loss_vfl_dn_2: 0.4578 (0.4674)  time: 1.2200  data: 0.0337  max mem: 9915
Epoch: [8]  [800/809]  eta: 0:00:10  lr: 0.000100  loss: 11.1012 (11.1684)  loss_bbox: 0.0972 (0.1151)  loss_bbox_aux_0: 0.1009 (0.1199)  loss_bbox_aux_1: 0.1011 (0.1164)  loss_bbox_aux_2: 0.1129 (0.1346)  loss_bbox_dn_0: 0.0643 (0.0682)  loss_bbox_dn_1: 0.0526 (0.0572)  loss_bbox_dn_2: 0.0509 (0.0554)  loss_giou: 0.9911 (1.0673)  loss_giou_aux_0: 1.0409 (1.0977)  loss_giou_aux_1: 1.0068 (1.0774)  loss_giou_aux_2: 1.1235 (1.1768)  loss_giou_dn_0: 0.8675 (0.8744)  loss_giou_dn_1: 0.7740 (0.7865)  loss_giou_dn_2: 0.7571 (0.7735)  loss_vfl: 0.5605 (0.5602)  loss_vfl_aux_0: 0.5646 (0.5561)  loss_vfl_aux_1: 0.5654 (0.5594)  loss_vfl_aux_2: 0.5619 (0.5578)  loss_vfl_dn_0: 0.4698 (0.4754)  loss_vfl_dn_1: 0.4688 (0.4714)  loss_vfl_dn_2: 0.4657 (0.4674)  time: 1.1254  data: 0.0286  max mem: 9915
Epoch: [8]  [808/809]  eta: 0:00:01  lr: 0.000100  loss: 11.1907 (11.1652)  loss_bbox: 0.0969 (0.1149)  loss_bbox_aux_0: 0.0994 (0.1197)  loss_bbox_aux_1: 0.0980 (0.1161)  loss_bbox_aux_2: 0.1192 (0.1343)  loss_bbox_dn_0: 0.0625 (0.0681)  loss_bbox_dn_1: 0.0523 (0.0572)  loss_bbox_dn_2: 0.0514 (0.0554)  loss_giou: 1.0645 (1.0671)  loss_giou_aux_0: 1.0973 (1.0975)  loss_giou_aux_1: 1.0796 (1.0772)  loss_giou_aux_2: 1.1685 (1.1766)  loss_giou_dn_0: 0.8713 (0.8744)  loss_giou_dn_1: 0.7874 (0.7865)  loss_giou_dn_2: 0.7754 (0.7735)  loss_vfl: 0.5459 (0.5599)  loss_vfl_aux_0: 0.5646 (0.5560)  loss_vfl_aux_1: 0.5568 (0.5592)  loss_vfl_aux_2: 0.5696 (0.5579)  loss_vfl_dn_0: 0.4698 (0.4753)  loss_vfl_dn_1: 0.4686 (0.4713)  loss_vfl_dn_2: 0.4578 (0.4673)  time: 1.0244  data: 0.0230  max mem: 9915
Epoch: [8] Total time: 0:15:59 (1.1858 s / it)
Averaged stats: lr: 0.000100  loss: 11.1907 (11.1652)  loss_bbox: 0.0969 (0.1149)  loss_bbox_aux_0: 0.0994 (0.1197)  loss_bbox_aux_1: 0.0980 (0.1161)  loss_bbox_aux_2: 0.1192 (0.1343)  loss_bbox_dn_0: 0.0625 (0.0681)  loss_bbox_dn_1: 0.0523 (0.0572)  loss_bbox_dn_2: 0.0514 (0.0554)  loss_giou: 1.0645 (1.0671)  loss_giou_aux_0: 1.0973 (1.0975)  loss_giou_aux_1: 1.0796 (1.0772)  loss_giou_aux_2: 1.1685 (1.1766)  loss_giou_dn_0: 0.8713 (0.8744)  loss_giou_dn_1: 0.7874 (0.7865)  loss_giou_dn_2: 0.7754 (0.7735)  loss_vfl: 0.5459 (0.5599)  loss_vfl_aux_0: 0.5646 (0.5560)  loss_vfl_aux_1: 0.5568 (0.5592)  loss_vfl_aux_2: 0.5696 (0.5579)  loss_vfl_dn_0: 0.4698 (0.4753)  loss_vfl_dn_1: 0.4686 (0.4713)  loss_vfl_dn_2: 0.4578 (0.4673)
Test:  [ 0/69]  eta: 0:01:51    time: 1.6149  data: 1.0190  max mem: 9915
Test:  [10/69]  eta: 0:00:43    time: 0.7408  data: 0.1095  max mem: 9915
Test:  [20/69]  eta: 0:00:35    time: 0.6728  data: 0.0211  max mem: 9915
Test:  [30/69]  eta: 0:00:27    time: 0.6783  data: 0.0229  max mem: 9915
Test:  [40/69]  eta: 0:00:19    time: 0.6423  data: 0.0219  max mem: 9915
Test:  [50/69]  eta: 0:00:12    time: 0.5896  data: 0.0215  max mem: 9915
Test:  [60/69]  eta: 0:00:05    time: 0.5680  data: 0.0234  max mem: 9915
Test:  [68/69]  eta: 0:00:00    time: 0.6293  data: 0.0235  max mem: 9915
Test: Total time: 0:00:45 (0.6546 s / it)
Averaged stats: 
Accumulating evaluation results...
DONE (t=1.94s).
IoU metric: bbox
 Average Precision  (AP) @[ IoU=0.50:0.95 | area=   all | maxDets=100 ] = 0.144
 Average Precision  (AP) @[ IoU=0.50      | area=   all | maxDets=100 ] = 0.244
 Average Precision  (AP) @[ IoU=0.75      | area=   all | maxDets=100 ] = 0.146
 Average Precision  (AP) @[ IoU=0.50:0.95 | area= small | maxDets=100 ] = 0.093
 Average Precision  (AP) @[ IoU=0.50:0.95 | area=medium | maxDets=100 ] = 0.200
 Average Precision  (AP) @[ IoU=0.50:0.95 | area= large | maxDets=100 ] = 0.275
 Average Recall     (AR) @[ IoU=0.50:0.95 | area=   all | maxDets=  1 ] = 0.075
 Average Recall     (AR) @[ IoU=0.50:0.95 | area=   all | maxDets= 10 ] = 0.211
 Average Recall     (AR) @[ IoU=0.50:0.95 | area=   all | maxDets=100 ] = 0.302
 Average Recall     (AR) @[ IoU=0.50:0.95 | area= small | maxDets=100 ] = 0.222
 Average Recall     (AR) @[ IoU=0.50:0.95 | area=medium | maxDets=100 ] = 0.400
 Average Recall     (AR) @[ IoU=0.50:0.95 | area= large | maxDets=100 ] = 0.498
best_stat:  {'epoch': 8, 'coco_eval_bbox': 0.14449218646505704}
Epoch: [9]  [  0/809]  eta: 1:25:20  lr: 0.000100  loss: 10.7792 (10.7792)  loss_bbox: 0.0741 (0.0741)  loss_bbox_aux_0: 0.0793 (0.0793)  loss_bbox_aux_1: 0.0779 (0.0779)  loss_bbox_aux_2: 0.0961 (0.0961)  loss_bbox_dn_0: 0.0600 (0.0600)  loss_bbox_dn_1: 0.0505 (0.0505)  loss_bbox_dn_2: 0.0493 (0.0493)  loss_giou: 1.0086 (1.0086)  loss_giou_aux_0: 1.0247 (1.0247)  loss_giou_aux_1: 1.0361 (1.0361)  loss_giou_aux_2: 1.0864 (1.0864)  loss_giou_dn_0: 0.8813 (0.8813)  loss_giou_dn_1: 0.8107 (0.8107)  loss_giou_dn_2: 0.7956 (0.7956)  loss_vfl: 0.5533 (0.5533)  loss_vfl_aux_0: 0.5516 (0.5516)  loss_vfl_aux_1: 0.5350 (0.5350)  loss_vfl_aux_2: 0.5491 (0.5491)  loss_vfl_dn_0: 0.4847 (0.4847)  loss_vfl_dn_1: 0.4878 (0.4878)  loss_vfl_dn_2: 0.4868 (0.4868)  time: 6.3290  data: 1.9889  max mem: 9915
Epoch: [9]  [100/809]  eta: 0:14:14  lr: 0.000100  loss: 10.9860 (10.9565)  loss_bbox: 0.1024 (0.1023)  loss_bbox_aux_0: 0.1071 (0.1064)  loss_bbox_aux_1: 0.1028 (0.1028)  loss_bbox_aux_2: 0.1185 (0.1211)  loss_bbox_dn_0: 0.0636 (0.0660)  loss_bbox_dn_1: 0.0532 (0.0549)  loss_bbox_dn_2: 0.0526 (0.0534)  loss_giou: 1.0130 (1.0318)  loss_giou_aux_0: 1.0489 (1.0586)  loss_giou_aux_1: 1.0327 (1.0401)  loss_giou_aux_2: 1.1406 (1.1338)  loss_giou_dn_0: 0.8608 (0.8548)  loss_giou_dn_1: 0.7650 (0.7681)  loss_giou_dn_2: 0.7477 (0.7558)  loss_vfl: 0.5602 (0.5729)  loss_vfl_aux_0: 0.5500 (0.5693)  loss_vfl_aux_1: 0.5564 (0.5720)  loss_vfl_aux_2: 0.5374 (0.5725)  loss_vfl_dn_0: 0.4799 (0.4790)  loss_vfl_dn_1: 0.4694 (0.4723)  loss_vfl_dn_2: 0.4642 (0.4688)  time: 1.1248  data: 0.0328  max mem: 9915
Epoch: [9]  [200/809]  eta: 0:12:08  lr: 0.000100  loss: 10.8417 (10.9921)  loss_bbox: 0.0896 (0.1057)  loss_bbox_aux_0: 0.0909 (0.1101)  loss_bbox_aux_1: 0.0871 (0.1066)  loss_bbox_aux_2: 0.1109 (0.1246)  loss_bbox_dn_0: 0.0621 (0.0675)  loss_bbox_dn_1: 0.0546 (0.0564)  loss_bbox_dn_2: 0.0530 (0.0548)  loss_giou: 1.0062 (1.0323)  loss_giou_aux_0: 1.0337 (1.0608)  loss_giou_aux_1: 1.0232 (1.0411)  loss_giou_aux_2: 1.1048 (1.1383)  loss_giou_dn_0: 0.8556 (0.8564)  loss_giou_dn_1: 0.7709 (0.7690)  loss_giou_dn_2: 0.7673 (0.7560)  loss_vfl: 0.5537 (0.5744)  loss_vfl_aux_0: 0.5541 (0.5696)  loss_vfl_aux_1: 0.5486 (0.5734)  loss_vfl_aux_2: 0.5691 (0.5723)  loss_vfl_dn_0: 0.4764 (0.4792)  loss_vfl_dn_1: 0.4720 (0.4737)  loss_vfl_dn_2: 0.4659 (0.4698)  time: 1.2565  data: 0.0363  max mem: 9915
Epoch: [9]  [300/809]  eta: 0:10:07  lr: 0.000100  loss: 11.3292 (11.0380)  loss_bbox: 0.1169 (0.1084)  loss_bbox_aux_0: 0.1172 (0.1127)  loss_bbox_aux_1: 0.1154 (0.1093)  loss_bbox_aux_2: 0.1241 (0.1266)  loss_bbox_dn_0: 0.0689 (0.0684)  loss_bbox_dn_1: 0.0578 (0.0575)  loss_bbox_dn_2: 0.0552 (0.0558)  loss_giou: 1.0870 (1.0405)  loss_giou_aux_0: 1.1255 (1.0687)  loss_giou_aux_1: 1.0830 (1.0495)  loss_giou_aux_2: 1.2029 (1.1441)  loss_giou_dn_0: 0.8701 (0.8627)  loss_giou_dn_1: 0.7799 (0.7761)  loss_giou_dn_2: 0.7638 (0.7634)  loss_vfl: 0.5583 (0.5697)  loss_vfl_aux_0: 0.5524 (0.5665)  loss_vfl_aux_1: 0.5612 (0.5699)  loss_vfl_aux_2: 0.5378 (0.5689)  loss_vfl_dn_0: 0.4844 (0.4779)  loss_vfl_dn_1: 0.4714 (0.4727)  loss_vfl_dn_2: 0.4667 (0.4688)  time: 1.1767  data: 0.0280  max mem: 9915
Epoch: [9]  [400/809]  eta: 0:08:07  lr: 0.000100  loss: 10.9446 (11.0227)  loss_bbox: 0.0855 (0.1078)  loss_bbox_aux_0: 0.0914 (0.1122)  loss_bbox_aux_1: 0.0875 (0.1088)  loss_bbox_aux_2: 0.1076 (0.1264)  loss_bbox_dn_0: 0.0594 (0.0681)  loss_bbox_dn_1: 0.0489 (0.0572)  loss_bbox_dn_2: 0.0472 (0.0555)  loss_giou: 1.0636 (1.0412)  loss_giou_aux_0: 1.0870 (1.0696)  loss_giou_aux_1: 1.0731 (1.0502)  loss_giou_aux_2: 1.1757 (1.1449)  loss_giou_dn_0: 0.8723 (0.8639)  loss_giou_dn_1: 0.7886 (0.7777)  loss_giou_dn_2: 0.7807 (0.7652)  loss_vfl: 0.5363 (0.5650)  loss_vfl_aux_0: 0.5367 (0.5623)  loss_vfl_aux_1: 0.5414 (0.5655)  loss_vfl_aux_2: 0.5400 (0.5663)  loss_vfl_dn_0: 0.4734 (0.4766)  loss_vfl_dn_1: 0.4644 (0.4712)  loss_vfl_dn_2: 0.4628 (0.4670)  time: 1.1954  data: 0.0316  max mem: 9915
Epoch: [9]  [500/809]  eta: 0:06:08  lr: 0.000100  loss: 10.7811 (11.0174)  loss_bbox: 0.0947 (0.1091)  loss_bbox_aux_0: 0.0995 (0.1137)  loss_bbox_aux_1: 0.0938 (0.1101)  loss_bbox_aux_2: 0.1150 (0.1282)  loss_bbox_dn_0: 0.0636 (0.0682)  loss_bbox_dn_1: 0.0521 (0.0572)  loss_bbox_dn_2: 0.0502 (0.0555)  loss_giou: 1.0014 (1.0384)  loss_giou_aux_0: 1.0322 (1.0671)  loss_giou_aux_1: 1.0042 (1.0474)  loss_giou_aux_2: 1.0971 (1.1436)  loss_giou_dn_0: 0.8457 (0.8613)  loss_giou_dn_1: 0.7685 (0.7746)  loss_giou_dn_2: 0.7628 (0.7617)  loss_vfl: 0.5707 (0.5665)  loss_vfl_aux_0: 0.5730 (0.5642)  loss_vfl_aux_1: 0.5610 (0.5671)  loss_vfl_aux_2: 0.5599 (0.5669)  loss_vfl_dn_0: 0.4811 (0.4773)  loss_vfl_dn_1: 0.4756 (0.4719)  loss_vfl_dn_2: 0.4705 (0.4676)  time: 1.1538  data: 0.0296  max mem: 9915
Epoch: [9]  [600/809]  eta: 0:04:08  lr: 0.000100  loss: 10.9313 (11.0285)  loss_bbox: 0.0933 (0.1096)  loss_bbox_aux_0: 0.0988 (0.1142)  loss_bbox_aux_1: 0.0969 (0.1106)  loss_bbox_aux_2: 0.1187 (0.1288)  loss_bbox_dn_0: 0.0603 (0.0677)  loss_bbox_dn_1: 0.0476 (0.0568)  loss_bbox_dn_2: 0.0467 (0.0551)  loss_giou: 1.0366 (1.0427)  loss_giou_aux_0: 1.0750 (1.0716)  loss_giou_aux_1: 1.0518 (1.0519)  loss_giou_aux_2: 1.1242 (1.1474)  loss_giou_dn_0: 0.8475 (0.8616)  loss_giou_dn_1: 0.7667 (0.7750)  loss_giou_dn_2: 0.7494 (0.7623)  loss_vfl: 0.5601 (0.5643)  loss_vfl_aux_0: 0.5613 (0.5624)  loss_vfl_aux_1: 0.5684 (0.5651)  loss_vfl_aux_2: 0.5579 (0.5652)  loss_vfl_dn_0: 0.4735 (0.4771)  loss_vfl_dn_1: 0.4708 (0.4717)  loss_vfl_dn_2: 0.4670 (0.4674)  time: 1.0756  data: 0.0303  max mem: 9915
Epoch: [9]  [700/809]  eta: 0:02:08  lr: 0.000100  loss: 11.0923 (11.0157)  loss_bbox: 0.0996 (0.1093)  loss_bbox_aux_0: 0.1041 (0.1140)  loss_bbox_aux_1: 0.0996 (0.1104)  loss_bbox_aux_2: 0.1166 (0.1290)  loss_bbox_dn_0: 0.0697 (0.0684)  loss_bbox_dn_1: 0.0563 (0.0572)  loss_bbox_dn_2: 0.0546 (0.0555)  loss_giou: 1.0550 (1.0386)  loss_giou_aux_0: 1.0805 (1.0678)  loss_giou_aux_1: 1.0602 (1.0478)  loss_giou_aux_2: 1.1230 (1.1437)  loss_giou_dn_0: 0.8772 (0.8605)  loss_giou_dn_1: 0.7874 (0.7734)  loss_giou_dn_2: 0.7775 (0.7606)  loss_vfl: 0.5718 (0.5657)  loss_vfl_aux_0: 0.5670 (0.5640)  loss_vfl_aux_1: 0.5754 (0.5664)  loss_vfl_aux_2: 0.5558 (0.5669)  loss_vfl_dn_0: 0.4774 (0.4774)  loss_vfl_dn_1: 0.4757 (0.4718)  loss_vfl_dn_2: 0.4719 (0.4675)  time: 1.2278  data: 0.0316  max mem: 9915
Epoch: [9]  [800/809]  eta: 0:00:10  lr: 0.000100  loss: 10.9999 (11.0064)  loss_bbox: 0.1126 (0.1091)  loss_bbox_aux_0: 0.1162 (0.1138)  loss_bbox_aux_1: 0.1120 (0.1102)  loss_bbox_aux_2: 0.1277 (0.1285)  loss_bbox_dn_0: 0.0662 (0.0679)  loss_bbox_dn_1: 0.0562 (0.0568)  loss_bbox_dn_2: 0.0551 (0.0550)  loss_giou: 1.0259 (1.0383)  loss_giou_aux_0: 1.0577 (1.0674)  loss_giou_aux_1: 1.0333 (1.0475)  loss_giou_aux_2: 1.1346 (1.1431)  loss_giou_dn_0: 0.8360 (0.8591)  loss_giou_dn_1: 0.7617 (0.7720)  loss_giou_dn_2: 0.7496 (0.7594)  loss_vfl: 0.5439 (0.5651)  loss_vfl_aux_0: 0.5476 (0.5637)  loss_vfl_aux_1: 0.5427 (0.5658)  loss_vfl_aux_2: 0.5469 (0.5671)  loss_vfl_dn_0: 0.4752 (0.4775)  loss_vfl_dn_1: 0.4669 (0.4717)  loss_vfl_dn_2: 0.4640 (0.4674)  time: 1.2016  data: 0.0309  max mem: 9915
Epoch: [9]  [808/809]  eta: 0:00:01  lr: 0.000100  loss: 10.8323 (11.0053)  loss_bbox: 0.0843 (0.1090)  loss_bbox_aux_0: 0.0931 (0.1136)  loss_bbox_aux_1: 0.0873 (0.1100)  loss_bbox_aux_2: 0.1073 (0.1283)  loss_bbox_dn_0: 0.0619 (0.0679)  loss_bbox_dn_1: 0.0492 (0.0567)  loss_bbox_dn_2: 0.0465 (0.0550)  loss_giou: 1.0219 (1.0381)  loss_giou_aux_0: 1.0577 (1.0672)  loss_giou_aux_1: 1.0331 (1.0474)  loss_giou_aux_2: 1.1168 (1.1430)  loss_giou_dn_0: 0.8456 (0.8592)  loss_giou_dn_1: 0.7634 (0.7721)  loss_giou_dn_2: 0.7418 (0.7594)  loss_vfl: 0.5890 (0.5652)  loss_vfl_aux_0: 0.5857 (0.5637)  loss_vfl_aux_1: 0.5979 (0.5659)  loss_vfl_aux_2: 0.5726 (0.5669)  loss_vfl_dn_0: 0.4790 (0.4775)  loss_vfl_dn_1: 0.4695 (0.4718)  loss_vfl_dn_2: 0.4608 (0.4674)  time: 1.1099  data: 0.0305  max mem: 9915
Epoch: [9] Total time: 0:15:55 (1.1810 s / it)
Averaged stats: lr: 0.000100  loss: 10.8323 (11.0053)  loss_bbox: 0.0843 (0.1090)  loss_bbox_aux_0: 0.0931 (0.1136)  loss_bbox_aux_1: 0.0873 (0.1100)  loss_bbox_aux_2: 0.1073 (0.1283)  loss_bbox_dn_0: 0.0619 (0.0679)  loss_bbox_dn_1: 0.0492 (0.0567)  loss_bbox_dn_2: 0.0465 (0.0550)  loss_giou: 1.0219 (1.0381)  loss_giou_aux_0: 1.0577 (1.0672)  loss_giou_aux_1: 1.0331 (1.0474)  loss_giou_aux_2: 1.1168 (1.1430)  loss_giou_dn_0: 0.8456 (0.8592)  loss_giou_dn_1: 0.7634 (0.7721)  loss_giou_dn_2: 0.7418 (0.7594)  loss_vfl: 0.5890 (0.5652)  loss_vfl_aux_0: 0.5857 (0.5637)  loss_vfl_aux_1: 0.5979 (0.5659)  loss_vfl_aux_2: 0.5726 (0.5669)  loss_vfl_dn_0: 0.4790 (0.4775)  loss_vfl_dn_1: 0.4695 (0.4718)  loss_vfl_dn_2: 0.4608 (0.4674)
Test:  [ 0/69]  eta: 0:01:34    time: 1.3719  data: 0.7226  max mem: 9915
Test:  [10/69]  eta: 0:00:46    time: 0.7850  data: 0.0887  max mem: 9915
Test:  [20/69]  eta: 0:00:38    time: 0.7604  data: 0.0258  max mem: 9915
Test:  [30/69]  eta: 0:00:29    time: 0.7457  data: 0.0256  max mem: 9915
Test:  [40/69]  eta: 0:00:21    time: 0.6796  data: 0.0239  max mem: 9915
Test:  [50/69]  eta: 0:00:13    time: 0.6540  data: 0.0237  max mem: 9915
Test:  [60/69]  eta: 0:00:06    time: 0.6279  data: 0.0247  max mem: 9915
Test:  [68/69]  eta: 0:00:00    time: 0.6742  data: 0.0230  max mem: 9915
Test: Total time: 0:00:49 (0.7117 s / it)
Averaged stats: 
Accumulating evaluation results...
DONE (t=2.26s).
IoU metric: bbox
 Average Precision  (AP) @[ IoU=0.50:0.95 | area=   all | maxDets=100 ] = 0.155
 Average Precision  (AP) @[ IoU=0.50      | area=   all | maxDets=100 ] = 0.259
 Average Precision  (AP) @[ IoU=0.75      | area=   all | maxDets=100 ] = 0.157
 Average Precision  (AP) @[ IoU=0.50:0.95 | area= small | maxDets=100 ] = 0.098
 Average Precision  (AP) @[ IoU=0.50:0.95 | area=medium | maxDets=100 ] = 0.218
 Average Precision  (AP) @[ IoU=0.50:0.95 | area= large | maxDets=100 ] = 0.264
 Average Recall     (AR) @[ IoU=0.50:0.95 | area=   all | maxDets=  1 ] = 0.079
 Average Recall     (AR) @[ IoU=0.50:0.95 | area=   all | maxDets= 10 ] = 0.216
 Average Recall     (AR) @[ IoU=0.50:0.95 | area=   all | maxDets=100 ] = 0.309
 Average Recall     (AR) @[ IoU=0.50:0.95 | area= small | maxDets=100 ] = 0.229
 Average Recall     (AR) @[ IoU=0.50:0.95 | area=medium | maxDets=100 ] = 0.408
 Average Recall     (AR) @[ IoU=0.50:0.95 | area= large | maxDets=100 ] = 0.501
best_stat:  {'epoch': 9, 'coco_eval_bbox': 0.15458528565150897}
Epoch: [10]  [  0/809]  eta: 1:51:26  lr: 0.000100  loss: 12.0063 (12.0063)  loss_bbox: 0.1400 (0.1400)  loss_bbox_aux_0: 0.1462 (0.1462)  loss_bbox_aux_1: 0.1453 (0.1453)  loss_bbox_aux_2: 0.1667 (0.1667)  loss_bbox_dn_0: 0.0628 (0.0628)  loss_bbox_dn_1: 0.0495 (0.0495)  loss_bbox_dn_2: 0.0469 (0.0469)  loss_giou: 1.2739 (1.2739)  loss_giou_aux_0: 1.3154 (1.3154)  loss_giou_aux_1: 1.2997 (1.2997)  loss_giou_aux_2: 1.3995 (1.3995)  loss_giou_dn_0: 0.9015 (0.9015)  loss_giou_dn_1: 0.8205 (0.8205)  loss_giou_dn_2: 0.8023 (0.8023)  loss_vfl: 0.5134 (0.5134)  loss_vfl_aux_0: 0.5127 (0.5127)  loss_vfl_aux_1: 0.5134 (0.5134)  loss_vfl_aux_2: 0.4941 (0.4941)  loss_vfl_dn_0: 0.4650 (0.4650)  loss_vfl_dn_1: 0.4706 (0.4706)  loss_vfl_dn_2: 0.4668 (0.4668)  time: 8.2653  data: 2.3136  max mem: 9915
Epoch: [10]  [100/809]  eta: 0:15:01  lr: 0.000100  loss: 10.7302 (10.9578)  loss_bbox: 0.0989 (0.1088)  loss_bbox_aux_0: 0.1026 (0.1129)  loss_bbox_aux_1: 0.0995 (0.1101)  loss_bbox_aux_2: 0.1269 (0.1270)  loss_bbox_dn_0: 0.0614 (0.0683)  loss_bbox_dn_1: 0.0524 (0.0573)  loss_bbox_dn_2: 0.0514 (0.0557)  loss_giou: 0.9139 (1.0315)  loss_giou_aux_0: 0.9341 (1.0586)  loss_giou_aux_1: 0.9300 (1.0424)  loss_giou_aux_2: 1.0063 (1.1322)  loss_giou_dn_0: 0.8307 (0.8515)  loss_giou_dn_1: 0.7338 (0.7643)  loss_giou_dn_2: 0.7197 (0.7517)  loss_vfl: 0.5560 (0.5658)  loss_vfl_aux_0: 0.5553 (0.5655)  loss_vfl_aux_1: 0.5574 (0.5654)  loss_vfl_aux_2: 0.5533 (0.5707)  loss_vfl_dn_0: 0.4841 (0.4786)  loss_vfl_dn_1: 0.4667 (0.4716)  loss_vfl_dn_2: 0.4628 (0.4679)  time: 1.2049  data: 0.0308  max mem: 9915
Epoch: [10]  [200/809]  eta: 0:12:20  lr: 0.000100  loss: 10.5888 (10.9173)  loss_bbox: 0.0906 (0.1054)  loss_bbox_aux_0: 0.0956 (0.1097)  loss_bbox_aux_1: 0.0910 (0.1067)  loss_bbox_aux_2: 0.1086 (0.1241)  loss_bbox_dn_0: 0.0629 (0.0674)  loss_bbox_dn_1: 0.0523 (0.0563)  loss_bbox_dn_2: 0.0506 (0.0545)  loss_giou: 0.9930 (1.0243)  loss_giou_aux_0: 1.0161 (1.0523)  loss_giou_aux_1: 0.9991 (1.0344)  loss_giou_aux_2: 1.1238 (1.1273)  loss_giou_dn_0: 0.8088 (0.8515)  loss_giou_dn_1: 0.7292 (0.7631)  loss_giou_dn_2: 0.7073 (0.7500)  loss_vfl: 0.5581 (0.5678)  loss_vfl_aux_0: 0.5825 (0.5672)  loss_vfl_aux_1: 0.5773 (0.5685)  loss_vfl_aux_2: 0.5737 (0.5706)  loss_vfl_dn_0: 0.4789 (0.4778)  loss_vfl_dn_1: 0.4751 (0.4713)  loss_vfl_dn_2: 0.4678 (0.4673)  time: 1.0861  data: 0.0307  max mem: 9915
Epoch: [10]  [300/809]  eta: 0:10:20  lr: 0.000100  loss: 11.2237 (10.9735)  loss_bbox: 0.1041 (0.1084)  loss_bbox_aux_0: 0.1139 (0.1129)  loss_bbox_aux_1: 0.1071 (0.1099)  loss_bbox_aux_2: 0.1194 (0.1275)  loss_bbox_dn_0: 0.0641 (0.0667)  loss_bbox_dn_1: 0.0544 (0.0558)  loss_bbox_dn_2: 0.0527 (0.0541)  loss_giou: 1.0915 (1.0380)  loss_giou_aux_0: 1.1171 (1.0665)  loss_giou_aux_1: 1.0996 (1.0483)  loss_giou_aux_2: 1.1597 (1.1399)  loss_giou_dn_0: 0.8936 (0.8549)  loss_giou_dn_1: 0.8028 (0.7675)  loss_giou_dn_2: 0.7918 (0.7550)  loss_vfl: 0.5406 (0.5623)  loss_vfl_aux_0: 0.5327 (0.5623)  loss_vfl_aux_1: 0.5333 (0.5638)  loss_vfl_aux_2: 0.5349 (0.5645)  loss_vfl_dn_0: 0.4768 (0.4772)  loss_vfl_dn_1: 0.4774 (0.4709)  loss_vfl_dn_2: 0.4736 (0.4669)  time: 1.2830  data: 0.0360  max mem: 9915
Epoch: [10]  [400/809]  eta: 0:08:07  lr: 0.000100  loss: 11.2120 (10.9473)  loss_bbox: 0.1059 (0.1088)  loss_bbox_aux_0: 0.1117 (0.1133)  loss_bbox_aux_1: 0.1067 (0.1102)  loss_bbox_aux_2: 0.1282 (0.1276)  loss_bbox_dn_0: 0.0691 (0.0670)  loss_bbox_dn_1: 0.0583 (0.0561)  loss_bbox_dn_2: 0.0571 (0.0544)  loss_giou: 1.0103 (1.0318)  loss_giou_aux_0: 1.0252 (1.0607)  loss_giou_aux_1: 1.0098 (1.0421)  loss_giou_aux_2: 1.1130 (1.1351)  loss_giou_dn_0: 0.8463 (0.8534)  loss_giou_dn_1: 0.7704 (0.7656)  loss_giou_dn_2: 0.7594 (0.7528)  loss_vfl: 0.5559 (0.5630)  loss_vfl_aux_0: 0.5557 (0.5623)  loss_vfl_aux_1: 0.5549 (0.5640)  loss_vfl_aux_2: 0.5531 (0.5649)  loss_vfl_dn_0: 0.4760 (0.4769)  loss_vfl_dn_1: 0.4666 (0.4705)  loss_vfl_dn_2: 0.4628 (0.4664)  time: 1.0900  data: 0.0290  max mem: 9915
Epoch: [10]  [500/809]  eta: 0:06:06  lr: 0.000100  loss: 10.8441 (10.9439)  loss_bbox: 0.0934 (0.1075)  loss_bbox_aux_0: 0.0971 (0.1120)  loss_bbox_aux_1: 0.0940 (0.1088)  loss_bbox_aux_2: 0.1122 (0.1263)  loss_bbox_dn_0: 0.0594 (0.0673)  loss_bbox_dn_1: 0.0505 (0.0564)  loss_bbox_dn_2: 0.0483 (0.0547)  loss_giou: 0.9970 (1.0297)  loss_giou_aux_0: 1.0328 (1.0588)  loss_giou_aux_1: 1.0080 (1.0401)  loss_giou_aux_2: 1.1244 (1.1332)  loss_giou_dn_0: 0.8702 (0.8537)  loss_giou_dn_1: 0.7694 (0.7664)  loss_giou_dn_2: 0.7631 (0.7535)  loss_vfl: 0.5685 (0.5649)  loss_vfl_aux_0: 0.5692 (0.5640)  loss_vfl_aux_1: 0.5647 (0.5654)  loss_vfl_aux_2: 0.5618 (0.5664)  loss_vfl_dn_0: 0.4752 (0.4773)  loss_vfl_dn_1: 0.4626 (0.4707)  loss_vfl_dn_2: 0.4579 (0.4667)  time: 1.2426  data: 0.0332  max mem: 9915
Epoch: [10]  [600/809]  eta: 0:04:08  lr: 0.000100  loss: 11.4069 (10.9522)  loss_bbox: 0.1146 (0.1076)  loss_bbox_aux_0: 0.1214 (0.1122)  loss_bbox_aux_1: 0.1174 (0.1089)  loss_bbox_aux_2: 0.1299 (0.1266)  loss_bbox_dn_0: 0.0580 (0.0671)  loss_bbox_dn_1: 0.0459 (0.0562)  loss_bbox_dn_2: 0.0458 (0.0545)  loss_giou: 1.1666 (1.0332)  loss_giou_aux_0: 1.2009 (1.0620)  loss_giou_aux_1: 1.1778 (1.0433)  loss_giou_aux_2: 1.2412 (1.1360)  loss_giou_dn_0: 0.9091 (0.8544)  loss_giou_dn_1: 0.8286 (0.7675)  loss_giou_dn_2: 0.8214 (0.7547)  loss_vfl: 0.4817 (0.5633)  loss_vfl_aux_0: 0.4901 (0.5622)  loss_vfl_aux_1: 0.4825 (0.5640)  loss_vfl_aux_2: 0.4867 (0.5642)  loss_vfl_dn_0: 0.4695 (0.4772)  loss_vfl_dn_1: 0.4632 (0.4706)  loss_vfl_dn_2: 0.4605 (0.4667)  time: 1.2473  data: 0.0320  max mem: 9915
Epoch: [10]  [700/809]  eta: 0:02:09  lr: 0.000100  loss: 10.6316 (10.9375)  loss_bbox: 0.0910 (0.1063)  loss_bbox_aux_0: 0.0989 (0.1109)  loss_bbox_aux_1: 0.0940 (0.1075)  loss_bbox_aux_2: 0.1156 (0.1252)  loss_bbox_dn_0: 0.0653 (0.0669)  loss_bbox_dn_1: 0.0543 (0.0560)  loss_bbox_dn_2: 0.0530 (0.0543)  loss_giou: 0.8958 (1.0302)  loss_giou_aux_0: 0.9294 (1.0594)  loss_giou_aux_1: 0.9113 (1.0401)  loss_giou_aux_2: 1.0549 (1.1333)  loss_giou_dn_0: 0.8311 (0.8539)  loss_giou_dn_1: 0.7440 (0.7671)  loss_giou_dn_2: 0.7358 (0.7544)  loss_vfl: 0.5696 (0.5642)  loss_vfl_aux_0: 0.5854 (0.5628)  loss_vfl_aux_1: 0.5847 (0.5648)  loss_vfl_aux_2: 0.5657 (0.5650)  loss_vfl_dn_0: 0.4723 (0.4775)  loss_vfl_dn_1: 0.4635 (0.4709)  loss_vfl_dn_2: 0.4583 (0.4668)  time: 1.1202  data: 0.0280  max mem: 9915
Epoch: [10]  [800/809]  eta: 0:00:10  lr: 0.000100  loss: 10.7495 (10.9274)  loss_bbox: 0.1052 (0.1065)  loss_bbox_aux_0: 0.1110 (0.1111)  loss_bbox_aux_1: 0.1047 (0.1078)  loss_bbox_aux_2: 0.1211 (0.1252)  loss_bbox_dn_0: 0.0659 (0.0667)  loss_bbox_dn_1: 0.0552 (0.0559)  loss_bbox_dn_2: 0.0537 (0.0542)  loss_giou: 0.9655 (1.0291)  loss_giou_aux_0: 1.0134 (1.0583)  loss_giou_aux_1: 0.9916 (1.0390)  loss_giou_aux_2: 1.0852 (1.1324)  loss_giou_dn_0: 0.8277 (0.8519)  loss_giou_dn_1: 0.7329 (0.7651)  loss_giou_dn_2: 0.7247 (0.7524)  loss_vfl: 0.5701 (0.5635)  loss_vfl_aux_0: 0.5647 (0.5624)  loss_vfl_aux_1: 0.5757 (0.5645)  loss_vfl_aux_2: 0.5867 (0.5655)  loss_vfl_dn_0: 0.4799 (0.4779)  loss_vfl_dn_1: 0.4713 (0.4710)  loss_vfl_dn_2: 0.4652 (0.4669)  time: 1.2135  data: 0.0303  max mem: 9915
Epoch: [10]  [808/809]  eta: 0:00:01  lr: 0.000100  loss: 10.9681 (10.9290)  loss_bbox: 0.1027 (0.1066)  loss_bbox_aux_0: 0.1087 (0.1112)  loss_bbox_aux_1: 0.1046 (0.1079)  loss_bbox_aux_2: 0.1259 (0.1253)  loss_bbox_dn_0: 0.0729 (0.0669)  loss_bbox_dn_1: 0.0598 (0.0560)  loss_bbox_dn_2: 0.0571 (0.0543)  loss_giou: 0.9655 (1.0291)  loss_giou_aux_0: 1.0134 (1.0583)  loss_giou_aux_1: 0.9916 (1.0390)  loss_giou_aux_2: 1.0973 (1.1326)  loss_giou_dn_0: 0.8319 (0.8518)  loss_giou_dn_1: 0.7329 (0.7649)  loss_giou_dn_2: 0.7247 (0.7522)  loss_vfl: 0.6042 (0.5638)  loss_vfl_aux_0: 0.5854 (0.5626)  loss_vfl_aux_1: 0.5979 (0.5648)  loss_vfl_aux_2: 0.5867 (0.5655)  loss_vfl_dn_0: 0.4835 (0.4780)  loss_vfl_dn_1: 0.4731 (0.4711)  loss_vfl_dn_2: 0.4612 (0.4670)  time: 1.0354  data: 0.0285  max mem: 9915
Epoch: [10] Total time: 0:16:01 (1.1885 s / it)
Averaged stats: lr: 0.000100  loss: 10.9681 (10.9290)  loss_bbox: 0.1027 (0.1066)  loss_bbox_aux_0: 0.1087 (0.1112)  loss_bbox_aux_1: 0.1046 (0.1079)  loss_bbox_aux_2: 0.1259 (0.1253)  loss_bbox_dn_0: 0.0729 (0.0669)  loss_bbox_dn_1: 0.0598 (0.0560)  loss_bbox_dn_2: 0.0571 (0.0543)  loss_giou: 0.9655 (1.0291)  loss_giou_aux_0: 1.0134 (1.0583)  loss_giou_aux_1: 0.9916 (1.0390)  loss_giou_aux_2: 1.0973 (1.1326)  loss_giou_dn_0: 0.8319 (0.8518)  loss_giou_dn_1: 0.7329 (0.7649)  loss_giou_dn_2: 0.7247 (0.7522)  loss_vfl: 0.6042 (0.5638)  loss_vfl_aux_0: 0.5854 (0.5626)  loss_vfl_aux_1: 0.5979 (0.5648)  loss_vfl_aux_2: 0.5867 (0.5655)  loss_vfl_dn_0: 0.4835 (0.4780)  loss_vfl_dn_1: 0.4731 (0.4711)  loss_vfl_dn_2: 0.4612 (0.4670)
Test:  [ 0/69]  eta: 0:02:04    time: 1.7986  data: 1.0406  max mem: 9915
Test:  [10/69]  eta: 0:00:48    time: 0.8209  data: 0.1163  max mem: 9915
Test:  [20/69]  eta: 0:00:38    time: 0.7447  data: 0.0237  max mem: 9915
Test:  [30/69]  eta: 0:00:29    time: 0.7282  data: 0.0246  max mem: 9915
Test:  [40/69]  eta: 0:00:21    time: 0.6829  data: 0.0256  max mem: 9915
Test:  [50/69]  eta: 0:00:13    time: 0.6403  data: 0.0257  max mem: 9915
Test:  [60/69]  eta: 0:00:06    time: 0.6152  data: 0.0258  max mem: 9915
Test:  [68/69]  eta: 0:00:00    time: 0.6376  data: 0.0254  max mem: 9915
Test: Total time: 0:00:48 (0.6980 s / it)
Averaged stats: 
Accumulating evaluation results...
DONE (t=2.50s).
IoU metric: bbox
 Average Precision  (AP) @[ IoU=0.50:0.95 | area=   all | maxDets=100 ] = 0.160
 Average Precision  (AP) @[ IoU=0.50      | area=   all | maxDets=100 ] = 0.267
 Average Precision  (AP) @[ IoU=0.75      | area=   all | maxDets=100 ] = 0.165
 Average Precision  (AP) @[ IoU=0.50:0.95 | area= small | maxDets=100 ] = 0.103
 Average Precision  (AP) @[ IoU=0.50:0.95 | area=medium | maxDets=100 ] = 0.221
 Average Precision  (AP) @[ IoU=0.50:0.95 | area= large | maxDets=100 ] = 0.292
 Average Recall     (AR) @[ IoU=0.50:0.95 | area=   all | maxDets=  1 ] = 0.080
 Average Recall     (AR) @[ IoU=0.50:0.95 | area=   all | maxDets= 10 ] = 0.227
 Average Recall     (AR) @[ IoU=0.50:0.95 | area=   all | maxDets=100 ] = 0.321
 Average Recall     (AR) @[ IoU=0.50:0.95 | area= small | maxDets=100 ] = 0.242
 Average Recall     (AR) @[ IoU=0.50:0.95 | area=medium | maxDets=100 ] = 0.419
 Average Recall     (AR) @[ IoU=0.50:0.95 | area= large | maxDets=100 ] = 0.524
best_stat:  {'epoch': 10, 'coco_eval_bbox': 0.16014047049687755}
Epoch: [11]  [  0/809]  eta: 1:21:56  lr: 0.000100  loss: 11.6415 (11.6415)  loss_bbox: 0.1458 (0.1458)  loss_bbox_aux_0: 0.1514 (0.1514)  loss_bbox_aux_1: 0.1465 (0.1465)  loss_bbox_aux_2: 0.1643 (0.1643)  loss_bbox_dn_0: 0.0530 (0.0530)  loss_bbox_dn_1: 0.0464 (0.0464)  loss_bbox_dn_2: 0.0462 (0.0462)  loss_giou: 1.2488 (1.2488)  loss_giou_aux_0: 1.2751 (1.2751)  loss_giou_aux_1: 1.2574 (1.2574)  loss_giou_aux_2: 1.3428 (1.3428)  loss_giou_dn_0: 0.8787 (0.8787)  loss_giou_dn_1: 0.7919 (0.7919)  loss_giou_dn_2: 0.7819 (0.7819)  loss_vfl: 0.5068 (0.5068)  loss_vfl_aux_0: 0.4882 (0.4882)  loss_vfl_aux_1: 0.5011 (0.5011)  loss_vfl_aux_2: 0.4604 (0.4604)  loss_vfl_dn_0: 0.4553 (0.4553)  loss_vfl_dn_1: 0.4517 (0.4517)  loss_vfl_dn_2: 0.4479 (0.4479)  time: 6.0773  data: 3.6666  max mem: 9915
Epoch: [11]  [100/809]  eta: 0:14:57  lr: 0.000100  loss: 11.0915 (10.8915)  loss_bbox: 0.1092 (0.1038)  loss_bbox_aux_0: 0.1108 (0.1087)  loss_bbox_aux_1: 0.1092 (0.1048)  loss_bbox_aux_2: 0.1239 (0.1215)  loss_bbox_dn_0: 0.0591 (0.0655)  loss_bbox_dn_1: 0.0494 (0.0551)  loss_bbox_dn_2: 0.0477 (0.0536)  loss_giou: 1.0766 (1.0258)  loss_giou_aux_0: 1.1115 (1.0539)  loss_giou_aux_1: 1.0942 (1.0356)  loss_giou_aux_2: 1.1845 (1.1240)  loss_giou_dn_0: 0.8912 (0.8520)  loss_giou_dn_1: 0.8012 (0.7676)  loss_giou_dn_2: 0.7891 (0.7556)  loss_vfl: 0.5237 (0.5614)  loss_vfl_aux_0: 0.5233 (0.5626)  loss_vfl_aux_1: 0.5238 (0.5630)  loss_vfl_aux_2: 0.5244 (0.5681)  loss_vfl_dn_0: 0.4689 (0.4767)  loss_vfl_dn_1: 0.4653 (0.4686)  loss_vfl_dn_2: 0.4628 (0.4637)  time: 1.1940  data: 0.0316  max mem: 9915
Epoch: [11]  [200/809]  eta: 0:12:11  lr: 0.000100  loss: 10.6634 (10.9040)  loss_bbox: 0.0861 (0.1073)  loss_bbox_aux_0: 0.0901 (0.1119)  loss_bbox_aux_1: 0.0880 (0.1083)  loss_bbox_aux_2: 0.1007 (0.1250)  loss_bbox_dn_0: 0.0615 (0.0660)  loss_bbox_dn_1: 0.0533 (0.0557)  loss_bbox_dn_2: 0.0506 (0.0541)  loss_giou: 0.9477 (1.0275)  loss_giou_aux_0: 0.9707 (1.0557)  loss_giou_aux_1: 0.9515 (1.0378)  loss_giou_aux_2: 1.0471 (1.1235)  loss_giou_dn_0: 0.8149 (0.8477)  loss_giou_dn_1: 0.7385 (0.7641)  loss_giou_dn_2: 0.7344 (0.7519)  loss_vfl: 0.5918 (0.5613)  loss_vfl_aux_0: 0.5918 (0.5618)  loss_vfl_aux_1: 0.5795 (0.5626)  loss_vfl_aux_2: 0.6157 (0.5693)  loss_vfl_dn_0: 0.4819 (0.4780)  loss_vfl_dn_1: 0.4690 (0.4696)  loss_vfl_dn_2: 0.4633 (0.4649)  time: 1.1157  data: 0.0280  max mem: 9915
Epoch: [11]  [300/809]  eta: 0:09:59  lr: 0.000100  loss: 11.0097 (10.8918)  loss_bbox: 0.1156 (0.1087)  loss_bbox_aux_0: 0.1115 (0.1133)  loss_bbox_aux_1: 0.1113 (0.1097)  loss_bbox_aux_2: 0.1225 (0.1263)  loss_bbox_dn_0: 0.0617 (0.0666)  loss_bbox_dn_1: 0.0539 (0.0559)  loss_bbox_dn_2: 0.0518 (0.0542)  loss_giou: 1.0464 (1.0206)  loss_giou_aux_0: 1.1085 (1.0495)  loss_giou_aux_1: 1.0684 (1.0309)  loss_giou_aux_2: 1.1493 (1.1185)  loss_giou_dn_0: 0.8347 (0.8441)  loss_giou_dn_1: 0.7398 (0.7587)  loss_giou_dn_2: 0.7275 (0.7462)  loss_vfl: 0.5453 (0.5661)  loss_vfl_aux_0: 0.5348 (0.5653)  loss_vfl_aux_1: 0.5393 (0.5673)  loss_vfl_aux_2: 0.5530 (0.5726)  loss_vfl_dn_0: 0.4768 (0.4793)  loss_vfl_dn_1: 0.4663 (0.4713)  loss_vfl_dn_2: 0.4592 (0.4667)  time: 1.2042  data: 0.0309  max mem: 9915
Epoch: [11]  [400/809]  eta: 0:08:06  lr: 0.000100  loss: 10.6726 (10.8861)  loss_bbox: 0.0946 (0.1068)  loss_bbox_aux_0: 0.0985 (0.1113)  loss_bbox_aux_1: 0.0939 (0.1078)  loss_bbox_aux_2: 0.1069 (0.1246)  loss_bbox_dn_0: 0.0639 (0.0661)  loss_bbox_dn_1: 0.0530 (0.0554)  loss_bbox_dn_2: 0.0532 (0.0537)  loss_giou: 0.9953 (1.0194)  loss_giou_aux_0: 1.0245 (1.0488)  loss_giou_aux_1: 1.0056 (1.0297)  loss_giou_aux_2: 1.0904 (1.1197)  loss_giou_dn_0: 0.8297 (0.8440)  loss_giou_dn_1: 0.7475 (0.7576)  loss_giou_dn_2: 0.7428 (0.7450)  loss_vfl: 0.5765 (0.5680)  loss_vfl_aux_0: 0.5796 (0.5674)  loss_vfl_aux_1: 0.5767 (0.5693)  loss_vfl_aux_2: 0.5730 (0.5725)  loss_vfl_dn_0: 0.4781 (0.4795)  loss_vfl_dn_1: 0.4719 (0.4719)  loss_vfl_dn_2: 0.4716 (0.4675)  time: 1.1576  data: 0.0312  max mem: 9915
Epoch: [11]  [500/809]  eta: 0:06:08  lr: 0.000100  loss: 11.0125 (10.8583)  loss_bbox: 0.0999 (0.1048)  loss_bbox_aux_0: 0.1024 (0.1093)  loss_bbox_aux_1: 0.0995 (0.1058)  loss_bbox_aux_2: 0.1117 (0.1225)  loss_bbox_dn_0: 0.0655 (0.0656)  loss_bbox_dn_1: 0.0541 (0.0549)  loss_bbox_dn_2: 0.0525 (0.0532)  loss_giou: 1.0585 (1.0166)  loss_giou_aux_0: 1.0912 (1.0459)  loss_giou_aux_1: 1.0579 (1.0266)  loss_giou_aux_2: 1.1539 (1.1183)  loss_giou_dn_0: 0.8785 (0.8438)  loss_giou_dn_1: 0.7804 (0.7573)  loss_giou_dn_2: 0.7691 (0.7448)  loss_vfl: 0.5171 (0.5658)  loss_vfl_aux_0: 0.5006 (0.5660)  loss_vfl_aux_1: 0.5159 (0.5671)  loss_vfl_aux_2: 0.5298 (0.5713)  loss_vfl_dn_0: 0.4703 (0.4794)  loss_vfl_dn_1: 0.4657 (0.4718)  loss_vfl_dn_2: 0.4614 (0.4673)  time: 1.1829  data: 0.0283  max mem: 9915
Epoch: [11]  [600/809]  eta: 0:04:09  lr: 0.000100  loss: 10.9175 (10.8454)  loss_bbox: 0.0978 (0.1048)  loss_bbox_aux_0: 0.1033 (0.1092)  loss_bbox_aux_1: 0.0990 (0.1058)  loss_bbox_aux_2: 0.1180 (0.1221)  loss_bbox_dn_0: 0.0709 (0.0654)  loss_bbox_dn_1: 0.0611 (0.0548)  loss_bbox_dn_2: 0.0600 (0.0532)  loss_giou: 1.0273 (1.0151)  loss_giou_aux_0: 1.0606 (1.0442)  loss_giou_aux_1: 1.0384 (1.0248)  loss_giou_aux_2: 1.1312 (1.1155)  loss_giou_dn_0: 0.8409 (0.8420)  loss_giou_dn_1: 0.7643 (0.7560)  loss_giou_dn_2: 0.7501 (0.7437)  loss_vfl: 0.5520 (0.5659)  loss_vfl_aux_0: 0.5533 (0.5658)  loss_vfl_aux_1: 0.5563 (0.5671)  loss_vfl_aux_2: 0.5498 (0.5715)  loss_vfl_dn_0: 0.4803 (0.4795)  loss_vfl_dn_1: 0.4724 (0.4716)  loss_vfl_dn_2: 0.4717 (0.4671)  time: 1.1727  data: 0.0305  max mem: 9915
Epoch: [11]  [700/809]  eta: 0:02:10  lr: 0.000100  loss: 10.9903 (10.8573)  loss_bbox: 0.1021 (0.1050)  loss_bbox_aux_0: 0.1094 (0.1093)  loss_bbox_aux_1: 0.1048 (0.1060)  loss_bbox_aux_2: 0.1210 (0.1221)  loss_bbox_dn_0: 0.0590 (0.0652)  loss_bbox_dn_1: 0.0504 (0.0548)  loss_bbox_dn_2: 0.0495 (0.0532)  loss_giou: 1.0442 (1.0186)  loss_giou_aux_0: 1.0722 (1.0472)  loss_giou_aux_1: 1.0446 (1.0280)  loss_giou_aux_2: 1.1351 (1.1184)  loss_giou_dn_0: 0.8609 (0.8431)  loss_giou_dn_1: 0.7671 (0.7574)  loss_giou_dn_2: 0.7561 (0.7452)  loss_vfl: 0.5234 (0.5651)  loss_vfl_aux_0: 0.5398 (0.5654)  loss_vfl_aux_1: 0.5361 (0.5667)  loss_vfl_aux_2: 0.5459 (0.5702)  loss_vfl_dn_0: 0.4731 (0.4788)  loss_vfl_dn_1: 0.4675 (0.4711)  loss_vfl_dn_2: 0.4629 (0.4666)  time: 1.2619  data: 0.0378  max mem: 9915
Epoch: [11]  [800/809]  eta: 0:00:10  lr: 0.000100  loss: 10.8333 (10.8490)  loss_bbox: 0.0856 (0.1045)  loss_bbox_aux_0: 0.0891 (0.1088)  loss_bbox_aux_1: 0.0868 (0.1055)  loss_bbox_aux_2: 0.1109 (0.1217)  loss_bbox_dn_0: 0.0670 (0.0649)  loss_bbox_dn_1: 0.0562 (0.0545)  loss_bbox_dn_2: 0.0540 (0.0529)  loss_giou: 0.9791 (1.0174)  loss_giou_aux_0: 1.0219 (1.0462)  loss_giou_aux_1: 0.9925 (1.0270)  loss_giou_aux_2: 1.0866 (1.1177)  loss_giou_dn_0: 0.8504 (0.8426)  loss_giou_dn_1: 0.7614 (0.7569)  loss_giou_dn_2: 0.7541 (0.7448)  loss_vfl: 0.5339 (0.5654)  loss_vfl_aux_0: 0.5281 (0.5654)  loss_vfl_aux_1: 0.5385 (0.5668)  loss_vfl_aux_2: 0.5369 (0.5699)  loss_vfl_dn_0: 0.4741 (0.4789)  loss_vfl_dn_1: 0.4683 (0.4710)  loss_vfl_dn_2: 0.4636 (0.4664)  time: 1.0723  data: 0.0262  max mem: 9915
Epoch: [11]  [808/809]  eta: 0:00:01  lr: 0.000100  loss: 10.7559 (10.8446)  loss_bbox: 0.0819 (0.1043)  loss_bbox_aux_0: 0.0839 (0.1087)  loss_bbox_aux_1: 0.0856 (0.1054)  loss_bbox_aux_2: 0.1045 (0.1216)  loss_bbox_dn_0: 0.0670 (0.0649)  loss_bbox_dn_1: 0.0566 (0.0545)  loss_bbox_dn_2: 0.0549 (0.0529)  loss_giou: 0.9750 (1.0165)  loss_giou_aux_0: 1.0219 (1.0453)  loss_giou_aux_1: 0.9836 (1.0261)  loss_giou_aux_2: 1.0866 (1.1168)  loss_giou_dn_0: 0.8355 (0.8423)  loss_giou_dn_1: 0.7593 (0.7565)  loss_giou_dn_2: 0.7507 (0.7444)  loss_vfl: 0.5408 (0.5656)  loss_vfl_aux_0: 0.5444 (0.5656)  loss_vfl_aux_1: 0.5477 (0.5670)  loss_vfl_aux_2: 0.5387 (0.5701)  loss_vfl_dn_0: 0.4746 (0.4789)  loss_vfl_dn_1: 0.4689 (0.4710)  loss_vfl_dn_2: 0.4628 (0.4664)  time: 0.8818  data: 0.0254  max mem: 9915
Epoch: [11] Total time: 0:16:03 (1.1911 s / it)
Averaged stats: lr: 0.000100  loss: 10.7559 (10.8446)  loss_bbox: 0.0819 (0.1043)  loss_bbox_aux_0: 0.0839 (0.1087)  loss_bbox_aux_1: 0.0856 (0.1054)  loss_bbox_aux_2: 0.1045 (0.1216)  loss_bbox_dn_0: 0.0670 (0.0649)  loss_bbox_dn_1: 0.0566 (0.0545)  loss_bbox_dn_2: 0.0549 (0.0529)  loss_giou: 0.9750 (1.0165)  loss_giou_aux_0: 1.0219 (1.0453)  loss_giou_aux_1: 0.9836 (1.0261)  loss_giou_aux_2: 1.0866 (1.1168)  loss_giou_dn_0: 0.8355 (0.8423)  loss_giou_dn_1: 0.7593 (0.7565)  loss_giou_dn_2: 0.7507 (0.7444)  loss_vfl: 0.5408 (0.5656)  loss_vfl_aux_0: 0.5444 (0.5656)  loss_vfl_aux_1: 0.5477 (0.5670)  loss_vfl_aux_2: 0.5387 (0.5701)  loss_vfl_dn_0: 0.4746 (0.4789)  loss_vfl_dn_1: 0.4689 (0.4710)  loss_vfl_dn_2: 0.4628 (0.4664)
Test:  [ 0/69]  eta: 0:01:25    time: 1.2343  data: 0.6116  max mem: 9915
Test:  [10/69]  eta: 0:00:42    time: 0.7242  data: 0.0751  max mem: 9915
Test:  [20/69]  eta: 0:00:34    time: 0.6796  data: 0.0221  max mem: 9915
Test:  [30/69]  eta: 0:00:26    time: 0.6609  data: 0.0225  max mem: 9915
Test:  [40/69]  eta: 0:00:19    time: 0.6337  data: 0.0223  max mem: 9915
Test:  [50/69]  eta: 0:00:12    time: 0.6112  data: 0.0228  max mem: 9915
Test:  [60/69]  eta: 0:00:05    time: 0.5773  data: 0.0225  max mem: 9915
Test:  [68/69]  eta: 0:00:00    time: 0.5907  data: 0.0210  max mem: 9915
Test: Total time: 0:00:44 (0.6390 s / it)
Averaged stats: 
Accumulating evaluation results...
DONE (t=2.54s).
IoU metric: bbox
 Average Precision  (AP) @[ IoU=0.50:0.95 | area=   all | maxDets=100 ] = 0.165
 Average Precision  (AP) @[ IoU=0.50      | area=   all | maxDets=100 ] = 0.274
 Average Precision  (AP) @[ IoU=0.75      | area=   all | maxDets=100 ] = 0.168
 Average Precision  (AP) @[ IoU=0.50:0.95 | area= small | maxDets=100 ] = 0.108
 Average Precision  (AP) @[ IoU=0.50:0.95 | area=medium | maxDets=100 ] = 0.227
 Average Precision  (AP) @[ IoU=0.50:0.95 | area= large | maxDets=100 ] = 0.316
 Average Recall     (AR) @[ IoU=0.50:0.95 | area=   all | maxDets=  1 ] = 0.081
 Average Recall     (AR) @[ IoU=0.50:0.95 | area=   all | maxDets= 10 ] = 0.235
 Average Recall     (AR) @[ IoU=0.50:0.95 | area=   all | maxDets=100 ] = 0.330
 Average Recall     (AR) @[ IoU=0.50:0.95 | area= small | maxDets=100 ] = 0.244
 Average Recall     (AR) @[ IoU=0.50:0.95 | area=medium | maxDets=100 ] = 0.431
 Average Recall     (AR) @[ IoU=0.50:0.95 | area= large | maxDets=100 ] = 0.546
best_stat:  {'epoch': 11, 'coco_eval_bbox': 0.16472341512243419}
Epoch: [12]  [  0/809]  eta: 1:11:29  lr: 0.000100  loss: 12.2188 (12.2188)  loss_bbox: 0.0946 (0.0946)  loss_bbox_aux_0: 0.1024 (0.1024)  loss_bbox_aux_1: 0.0968 (0.0968)  loss_bbox_aux_2: 0.1191 (0.1191)  loss_bbox_dn_0: 0.0510 (0.0510)  loss_bbox_dn_1: 0.0406 (0.0406)  loss_bbox_dn_2: 0.0371 (0.0371)  loss_giou: 1.4251 (1.4251)  loss_giou_aux_0: 1.4479 (1.4479)  loss_giou_aux_1: 1.4367 (1.4367)  loss_giou_aux_2: 1.5084 (1.5084)  loss_giou_dn_0: 1.0124 (1.0124)  loss_giou_dn_1: 0.9599 (0.9599)  loss_giou_dn_2: 0.9613 (0.9613)  loss_vfl: 0.3958 (0.3958)  loss_vfl_aux_0: 0.4082 (0.4082)  loss_vfl_aux_1: 0.3916 (0.3916)  loss_vfl_aux_2: 0.4033 (0.4033)  loss_vfl_dn_0: 0.4494 (0.4494)  loss_vfl_dn_1: 0.4389 (0.4389)  loss_vfl_dn_2: 0.4383 (0.4383)  time: 5.3027  data: 3.4374  max mem: 9915
Epoch: [12]  [100/809]  eta: 0:14:07  lr: 0.000100  loss: 10.6258 (10.9809)  loss_bbox: 0.0975 (0.1123)  loss_bbox_aux_0: 0.1051 (0.1166)  loss_bbox_aux_1: 0.1007 (0.1136)  loss_bbox_aux_2: 0.1177 (0.1291)  loss_bbox_dn_0: 0.0676 (0.0676)  loss_bbox_dn_1: 0.0554 (0.0571)  loss_bbox_dn_2: 0.0540 (0.0554)  loss_giou: 0.9446 (1.0423)  loss_giou_aux_0: 0.9780 (1.0694)  loss_giou_aux_1: 0.9584 (1.0522)  loss_giou_aux_2: 1.0549 (1.1395)  loss_giou_dn_0: 0.8298 (0.8459)  loss_giou_dn_1: 0.7512 (0.7655)  loss_giou_dn_2: 0.7381 (0.7546)  loss_vfl: 0.5787 (0.5592)  loss_vfl_aux_0: 0.5864 (0.5592)  loss_vfl_aux_1: 0.5905 (0.5590)  loss_vfl_aux_2: 0.5706 (0.5699)  loss_vfl_dn_0: 0.4839 (0.4784)  loss_vfl_dn_1: 0.4728 (0.4691)  loss_vfl_dn_2: 0.4698 (0.4650)  time: 1.2474  data: 0.0345  max mem: 9915
Epoch: [12]  [200/809]  eta: 0:12:08  lr: 0.000100  loss: 10.6555 (10.9126)  loss_bbox: 0.0857 (0.1061)  loss_bbox_aux_0: 0.0896 (0.1102)  loss_bbox_aux_1: 0.0868 (0.1073)  loss_bbox_aux_2: 0.1033 (0.1217)  loss_bbox_dn_0: 0.0595 (0.0643)  loss_bbox_dn_1: 0.0508 (0.0544)  loss_bbox_dn_2: 0.0497 (0.0528)  loss_giou: 0.9582 (1.0353)  loss_giou_aux_0: 0.9931 (1.0632)  loss_giou_aux_1: 0.9672 (1.0458)  loss_giou_aux_2: 1.0325 (1.1323)  loss_giou_dn_0: 0.8198 (0.8465)  loss_giou_dn_1: 0.7578 (0.7644)  loss_giou_dn_2: 0.7443 (0.7531)  loss_vfl: 0.5679 (0.5589)  loss_vfl_aux_0: 0.5775 (0.5573)  loss_vfl_aux_1: 0.5717 (0.5590)  loss_vfl_aux_2: 0.5737 (0.5664)  loss_vfl_dn_0: 0.4792 (0.4781)  loss_vfl_dn_1: 0.4699 (0.4697)  loss_vfl_dn_2: 0.4594 (0.4657)  time: 1.2351  data: 0.0297  max mem: 9915
Epoch: [12]  [300/809]  eta: 0:10:09  lr: 0.000100  loss: 10.8629 (10.8679)  loss_bbox: 0.0895 (0.1031)  loss_bbox_aux_0: 0.0946 (0.1072)  loss_bbox_aux_1: 0.0890 (0.1043)  loss_bbox_aux_2: 0.1115 (0.1197)  loss_bbox_dn_0: 0.0576 (0.0633)  loss_bbox_dn_1: 0.0500 (0.0533)  loss_bbox_dn_2: 0.0482 (0.0517)  loss_giou: 1.0598 (1.0317)  loss_giou_aux_0: 1.0724 (1.0597)  loss_giou_aux_1: 1.0610 (1.0419)  loss_giou_aux_2: 1.1565 (1.1284)  loss_giou_dn_0: 0.8599 (0.8438)  loss_giou_dn_1: 0.7939 (0.7605)  loss_giou_dn_2: 0.7789 (0.7492)  loss_vfl: 0.5359 (0.5572)  loss_vfl_aux_0: 0.5334 (0.5563)  loss_vfl_aux_1: 0.5311 (0.5582)  loss_vfl_aux_2: 0.5505 (0.5645)  loss_vfl_dn_0: 0.4738 (0.4783)  loss_vfl_dn_1: 0.4698 (0.4699)  loss_vfl_dn_2: 0.4673 (0.4657)  time: 1.1754  data: 0.0331  max mem: 9915
Epoch: [12]  [400/809]  eta: 0:08:07  lr: 0.000100  loss: 10.8438 (10.8451)  loss_bbox: 0.0884 (0.1022)  loss_bbox_aux_0: 0.0972 (0.1064)  loss_bbox_aux_1: 0.0892 (0.1034)  loss_bbox_aux_2: 0.1032 (0.1188)  loss_bbox_dn_0: 0.0587 (0.0634)  loss_bbox_dn_1: 0.0482 (0.0533)  loss_bbox_dn_2: 0.0463 (0.0516)  loss_giou: 1.0258 (1.0263)  loss_giou_aux_0: 1.0607 (1.0547)  loss_giou_aux_1: 1.0388 (1.0365)  loss_giou_aux_2: 1.1373 (1.1231)  loss_giou_dn_0: 0.8433 (0.8409)  loss_giou_dn_1: 0.7483 (0.7570)  loss_giou_dn_2: 0.7370 (0.7454)  loss_vfl: 0.5476 (0.5598)  loss_vfl_aux_0: 0.5530 (0.5592)  loss_vfl_aux_1: 0.5511 (0.5607)  loss_vfl_aux_2: 0.5603 (0.5677)  loss_vfl_dn_0: 0.4746 (0.4788)  loss_vfl_dn_1: 0.4666 (0.4702)  loss_vfl_dn_2: 0.4584 (0.4659)  time: 1.1726  data: 0.0294  max mem: 9915
Epoch: [12]  [500/809]  eta: 0:06:09  lr: 0.000100  loss: 10.7659 (10.8324)  loss_bbox: 0.1005 (0.1026)  loss_bbox_aux_0: 0.1068 (0.1070)  loss_bbox_aux_1: 0.1051 (0.1039)  loss_bbox_aux_2: 0.1194 (0.1196)  loss_bbox_dn_0: 0.0663 (0.0639)  loss_bbox_dn_1: 0.0542 (0.0536)  loss_bbox_dn_2: 0.0527 (0.0520)  loss_giou: 0.9738 (1.0231)  loss_giou_aux_0: 0.9928 (1.0519)  loss_giou_aux_1: 0.9748 (1.0332)  loss_giou_aux_2: 1.0888 (1.1217)  loss_giou_dn_0: 0.8452 (0.8400)  loss_giou_dn_1: 0.7620 (0.7560)  loss_giou_dn_2: 0.7507 (0.7443)  loss_vfl: 0.5513 (0.5599)  loss_vfl_aux_0: 0.5613 (0.5593)  loss_vfl_aux_1: 0.5566 (0.5605)  loss_vfl_aux_2: 0.5530 (0.5670)  loss_vfl_dn_0: 0.4727 (0.4783)  loss_vfl_dn_1: 0.4587 (0.4695)  loss_vfl_dn_2: 0.4602 (0.4652)  time: 1.2011  data: 0.0350  max mem: 9915
Epoch: [12]  [600/809]  eta: 0:04:09  lr: 0.000100  loss: 10.9113 (10.8026)  loss_bbox: 0.0809 (0.1027)  loss_bbox_aux_0: 0.0854 (0.1072)  loss_bbox_aux_1: 0.0805 (0.1040)  loss_bbox_aux_2: 0.1000 (0.1201)  loss_bbox_dn_0: 0.0636 (0.0647)  loss_bbox_dn_1: 0.0513 (0.0542)  loss_bbox_dn_2: 0.0485 (0.0526)  loss_giou: 0.9591 (1.0139)  loss_giou_aux_0: 1.0106 (1.0429)  loss_giou_aux_1: 0.9763 (1.0240)  loss_giou_aux_2: 1.0882 (1.1146)  loss_giou_dn_0: 0.8676 (0.8378)  loss_giou_dn_1: 0.7690 (0.7528)  loss_giou_dn_2: 0.7605 (0.7409)  loss_vfl: 0.5906 (0.5623)  loss_vfl_aux_0: 0.5859 (0.5620)  loss_vfl_aux_1: 0.5840 (0.5629)  loss_vfl_aux_2: 0.5713 (0.5685)  loss_vfl_dn_0: 0.4771 (0.4788)  loss_vfl_dn_1: 0.4768 (0.4700)  loss_vfl_dn_2: 0.4741 (0.4657)  time: 1.1064  data: 0.0264  max mem: 9915
Epoch: [12]  [700/809]  eta: 0:02:08  lr: 0.000100  loss: 10.8686 (10.7954)  loss_bbox: 0.1059 (0.1026)  loss_bbox_aux_0: 0.1142 (0.1073)  loss_bbox_aux_1: 0.1085 (0.1040)  loss_bbox_aux_2: 0.1280 (0.1199)  loss_bbox_dn_0: 0.0592 (0.0646)  loss_bbox_dn_1: 0.0488 (0.0541)  loss_bbox_dn_2: 0.0464 (0.0525)  loss_giou: 1.0699 (1.0130)  loss_giou_aux_0: 1.1075 (1.0420)  loss_giou_aux_1: 1.0725 (1.0230)  loss_giou_aux_2: 1.1826 (1.1129)  loss_giou_dn_0: 0.8215 (0.8371)  loss_giou_dn_1: 0.7415 (0.7520)  loss_giou_dn_2: 0.7232 (0.7401)  loss_vfl: 0.5101 (0.5620)  loss_vfl_aux_0: 0.5204 (0.5621)  loss_vfl_aux_1: 0.5203 (0.5628)  loss_vfl_aux_2: 0.5063 (0.5688)  loss_vfl_dn_0: 0.4766 (0.4788)  loss_vfl_dn_1: 0.4701 (0.4700)  loss_vfl_dn_2: 0.4628 (0.4657)  time: 1.0839  data: 0.0268  max mem: 9915
Epoch: [12]  [800/809]  eta: 0:00:10  lr: 0.000100  loss: 10.3895 (10.7854)  loss_bbox: 0.0847 (0.1022)  loss_bbox_aux_0: 0.0918 (0.1069)  loss_bbox_aux_1: 0.0881 (0.1036)  loss_bbox_aux_2: 0.1037 (0.1194)  loss_bbox_dn_0: 0.0624 (0.0646)  loss_bbox_dn_1: 0.0542 (0.0541)  loss_bbox_dn_2: 0.0534 (0.0525)  loss_giou: 0.9113 (1.0102)  loss_giou_aux_0: 0.9405 (1.0396)  loss_giou_aux_1: 0.9246 (1.0202)  loss_giou_aux_2: 1.0115 (1.1100)  loss_giou_dn_0: 0.8141 (0.8369)  loss_giou_dn_1: 0.7354 (0.7518)  loss_giou_dn_2: 0.7280 (0.7398)  loss_vfl: 0.5801 (0.5628)  loss_vfl_aux_0: 0.5669 (0.5627)  loss_vfl_aux_1: 0.5806 (0.5637)  loss_vfl_aux_2: 0.5785 (0.5697)  loss_vfl_dn_0: 0.4884 (0.4789)  loss_vfl_dn_1: 0.4788 (0.4701)  loss_vfl_dn_2: 0.4723 (0.4657)  time: 1.1611  data: 0.0275  max mem: 9915
Epoch: [12]  [808/809]  eta: 0:00:01  lr: 0.000100  loss: 10.6945 (10.7858)  loss_bbox: 0.0871 (0.1023)  loss_bbox_aux_0: 0.0918 (0.1070)  loss_bbox_aux_1: 0.0881 (0.1037)  loss_bbox_aux_2: 0.1041 (0.1194)  loss_bbox_dn_0: 0.0634 (0.0646)  loss_bbox_dn_1: 0.0535 (0.0541)  loss_bbox_dn_2: 0.0521 (0.0525)  loss_giou: 0.9612 (1.0103)  loss_giou_aux_0: 0.9869 (1.0396)  loss_giou_aux_1: 0.9749 (1.0202)  loss_giou_aux_2: 1.0619 (1.1099)  loss_giou_dn_0: 0.8355 (0.8370)  loss_giou_dn_1: 0.7414 (0.7519)  loss_giou_dn_2: 0.7308 (0.7400)  loss_vfl: 0.5713 (0.5628)  loss_vfl_aux_0: 0.5669 (0.5628)  loss_vfl_aux_1: 0.5776 (0.5638)  loss_vfl_aux_2: 0.5785 (0.5698)  loss_vfl_dn_0: 0.4847 (0.4788)  loss_vfl_dn_1: 0.4718 (0.4700)  loss_vfl_dn_2: 0.4644 (0.4656)  time: 1.0088  data: 0.0260  max mem: 9915
Epoch: [12] Total time: 0:15:47 (1.1717 s / it)
Averaged stats: lr: 0.000100  loss: 10.6945 (10.7858)  loss_bbox: 0.0871 (0.1023)  loss_bbox_aux_0: 0.0918 (0.1070)  loss_bbox_aux_1: 0.0881 (0.1037)  loss_bbox_aux_2: 0.1041 (0.1194)  loss_bbox_dn_0: 0.0634 (0.0646)  loss_bbox_dn_1: 0.0535 (0.0541)  loss_bbox_dn_2: 0.0521 (0.0525)  loss_giou: 0.9612 (1.0103)  loss_giou_aux_0: 0.9869 (1.0396)  loss_giou_aux_1: 0.9749 (1.0202)  loss_giou_aux_2: 1.0619 (1.1099)  loss_giou_dn_0: 0.8355 (0.8370)  loss_giou_dn_1: 0.7414 (0.7519)  loss_giou_dn_2: 0.7308 (0.7400)  loss_vfl: 0.5713 (0.5628)  loss_vfl_aux_0: 0.5669 (0.5628)  loss_vfl_aux_1: 0.5776 (0.5638)  loss_vfl_aux_2: 0.5785 (0.5698)  loss_vfl_dn_0: 0.4847 (0.4788)  loss_vfl_dn_1: 0.4718 (0.4700)  loss_vfl_dn_2: 0.4644 (0.4656)
Test:  [ 0/69]  eta: 0:01:33    time: 1.3608  data: 0.7084  max mem: 9915
Test:  [10/69]  eta: 0:00:44    time: 0.7510  data: 0.0840  max mem: 9915
Test:  [20/69]  eta: 0:00:36    time: 0.7184  data: 0.0239  max mem: 9915
Test:  [30/69]  eta: 0:00:28    time: 0.7264  data: 0.0257  max mem: 9915
Test:  [40/69]  eta: 0:00:20    time: 0.6829  data: 0.0253  max mem: 9915
Test:  [50/69]  eta: 0:00:13    time: 0.6312  data: 0.0264  max mem: 9915
Test:  [60/69]  eta: 0:00:06    time: 0.6124  data: 0.0265  max mem: 9915
Test:  [68/69]  eta: 0:00:00    time: 0.6292  data: 0.0243  max mem: 9915
Test: Total time: 0:00:46 (0.6806 s / it)
Averaged stats: 
Accumulating evaluation results...
DONE (t=2.30s).
IoU metric: bbox
 Average Precision  (AP) @[ IoU=0.50:0.95 | area=   all | maxDets=100 ] = 0.170
 Average Precision  (AP) @[ IoU=0.50      | area=   all | maxDets=100 ] = 0.282
 Average Precision  (AP) @[ IoU=0.75      | area=   all | maxDets=100 ] = 0.174
 Average Precision  (AP) @[ IoU=0.50:0.95 | area= small | maxDets=100 ] = 0.111
 Average Precision  (AP) @[ IoU=0.50:0.95 | area=medium | maxDets=100 ] = 0.233
 Average Precision  (AP) @[ IoU=0.50:0.95 | area= large | maxDets=100 ] = 0.311
 Average Recall     (AR) @[ IoU=0.50:0.95 | area=   all | maxDets=  1 ] = 0.083
 Average Recall     (AR) @[ IoU=0.50:0.95 | area=   all | maxDets= 10 ] = 0.235
 Average Recall     (AR) @[ IoU=0.50:0.95 | area=   all | maxDets=100 ] = 0.332
 Average Recall     (AR) @[ IoU=0.50:0.95 | area= small | maxDets=100 ] = 0.251
 Average Recall     (AR) @[ IoU=0.50:0.95 | area=medium | maxDets=100 ] = 0.428
 Average Recall     (AR) @[ IoU=0.50:0.95 | area= large | maxDets=100 ] = 0.504
best_stat:  {'epoch': 12, 'coco_eval_bbox': 0.170175777373227}
Epoch: [13]  [  0/809]  eta: 1:32:04  lr: 0.000100  loss: 9.5099 (9.5099)  loss_bbox: 0.0799 (0.0799)  loss_bbox_aux_0: 0.0863 (0.0863)  loss_bbox_aux_1: 0.0852 (0.0852)  loss_bbox_aux_2: 0.0955 (0.0955)  loss_bbox_dn_0: 0.0640 (0.0640)  loss_bbox_dn_1: 0.0494 (0.0494)  loss_bbox_dn_2: 0.0476 (0.0476)  loss_giou: 0.7371 (0.7371)  loss_giou_aux_0: 0.7510 (0.7510)  loss_giou_aux_1: 0.7404 (0.7404)  loss_giou_aux_2: 0.8349 (0.8349)  loss_giou_dn_0: 0.7063 (0.7063)  loss_giou_dn_1: 0.5749 (0.5749)  loss_giou_dn_2: 0.5561 (0.5561)  loss_vfl: 0.6334 (0.6334)  loss_vfl_aux_0: 0.6696 (0.6696)  loss_vfl_aux_1: 0.6637 (0.6637)  loss_vfl_aux_2: 0.7227 (0.7227)  loss_vfl_dn_0: 0.4825 (0.4825)  loss_vfl_dn_1: 0.4688 (0.4688)  loss_vfl_dn_2: 0.4607 (0.4607)  time: 6.8287  data: 3.1439  max mem: 9915
Epoch: [13]  [100/809]  eta: 0:15:21  lr: 0.000100  loss: 10.3795 (10.7764)  loss_bbox: 0.0900 (0.1011)  loss_bbox_aux_0: 0.0953 (0.1060)  loss_bbox_aux_1: 0.0906 (0.1027)  loss_bbox_aux_2: 0.1109 (0.1177)  loss_bbox_dn_0: 0.0545 (0.0600)  loss_bbox_dn_1: 0.0459 (0.0498)  loss_bbox_dn_2: 0.0444 (0.0483)  loss_giou: 1.0014 (1.0329)  loss_giou_aux_0: 1.0360 (1.0630)  loss_giou_aux_1: 1.0112 (1.0441)  loss_giou_aux_2: 1.0682 (1.1233)  loss_giou_dn_0: 0.8519 (0.8389)  loss_giou_dn_1: 0.7608 (0.7503)  loss_giou_dn_2: 0.7553 (0.7394)  loss_vfl: 0.5138 (0.5456)  loss_vfl_aux_0: 0.5206 (0.5446)  loss_vfl_aux_1: 0.5143 (0.5450)  loss_vfl_aux_2: 0.5339 (0.5543)  loss_vfl_dn_0: 0.4647 (0.4773)  loss_vfl_dn_1: 0.4576 (0.4683)  loss_vfl_dn_2: 0.4576 (0.4638)  time: 1.1865  data: 0.0332  max mem: 9915
Epoch: [13]  [200/809]  eta: 0:12:39  lr: 0.000100  loss: 10.4857 (10.7004)  loss_bbox: 0.0930 (0.0985)  loss_bbox_aux_0: 0.1008 (0.1035)  loss_bbox_aux_1: 0.0946 (0.1002)  loss_bbox_aux_2: 0.1162 (0.1159)  loss_bbox_dn_0: 0.0618 (0.0618)  loss_bbox_dn_1: 0.0558 (0.0516)  loss_bbox_dn_2: 0.0537 (0.0500)  loss_giou: 0.9355 (1.0064)  loss_giou_aux_0: 0.9604 (1.0357)  loss_giou_aux_1: 0.9461 (1.0167)  loss_giou_aux_2: 1.0291 (1.1016)  loss_giou_dn_0: 0.7969 (0.8304)  loss_giou_dn_1: 0.7173 (0.7450)  loss_giou_dn_2: 0.7063 (0.7336)  loss_vfl: 0.6062 (0.5592)  loss_vfl_aux_0: 0.5975 (0.5571)  loss_vfl_aux_1: 0.6017 (0.5583)  loss_vfl_aux_2: 0.5981 (0.5649)  loss_vfl_dn_0: 0.4863 (0.4783)  loss_vfl_dn_1: 0.4764 (0.4679)  loss_vfl_dn_2: 0.4708 (0.4636)  time: 1.1688  data: 0.0327  max mem: 9915
Epoch: [13]  [300/809]  eta: 0:10:24  lr: 0.000100  loss: 11.0283 (10.7429)  loss_bbox: 0.0998 (0.1022)  loss_bbox_aux_0: 0.1065 (0.1075)  loss_bbox_aux_1: 0.1025 (0.1040)  loss_bbox_aux_2: 0.1182 (0.1205)  loss_bbox_dn_0: 0.0729 (0.0644)  loss_bbox_dn_1: 0.0619 (0.0535)  loss_bbox_dn_2: 0.0590 (0.0518)  loss_giou: 1.0147 (1.0104)  loss_giou_aux_0: 1.0541 (1.0401)  loss_giou_aux_1: 1.0319 (1.0210)  loss_giou_aux_2: 1.1293 (1.1084)  loss_giou_dn_0: 0.8847 (0.8351)  loss_giou_dn_1: 0.8048 (0.7475)  loss_giou_dn_2: 0.7989 (0.7357)  loss_vfl: 0.5391 (0.5573)  loss_vfl_aux_0: 0.5463 (0.5558)  loss_vfl_aux_1: 0.5449 (0.5575)  loss_vfl_aux_2: 0.5449 (0.5628)  loss_vfl_dn_0: 0.4596 (0.4767)  loss_vfl_dn_1: 0.4521 (0.4676)  loss_vfl_dn_2: 0.4491 (0.4633)  time: 1.2051  data: 0.0328  max mem: 9915
Epoch: [13]  [400/809]  eta: 0:08:21  lr: 0.000100  loss: 10.5900 (10.7281)  loss_bbox: 0.0824 (0.1017)  loss_bbox_aux_0: 0.0858 (0.1067)  loss_bbox_aux_1: 0.0821 (0.1033)  loss_bbox_aux_2: 0.0991 (0.1197)  loss_bbox_dn_0: 0.0561 (0.0643)  loss_bbox_dn_1: 0.0477 (0.0535)  loss_bbox_dn_2: 0.0458 (0.0518)  loss_giou: 0.9774 (1.0062)  loss_giou_aux_0: 0.9954 (1.0357)  loss_giou_aux_1: 0.9811 (1.0162)  loss_giou_aux_2: 1.0604 (1.1050)  loss_giou_dn_0: 0.8387 (0.8324)  loss_giou_dn_1: 0.7525 (0.7446)  loss_giou_dn_2: 0.7420 (0.7325)  loss_vfl: 0.5686 (0.5592)  loss_vfl_aux_0: 0.5698 (0.5584)  loss_vfl_aux_1: 0.5688 (0.5602)  loss_vfl_aux_2: 0.5778 (0.5658)  loss_vfl_dn_0: 0.4830 (0.4778)  loss_vfl_dn_1: 0.4779 (0.4688)  loss_vfl_dn_2: 0.4736 (0.4643)  time: 1.2737  data: 0.0384  max mem: 9915
Epoch: [13]  [500/809]  eta: 0:06:12  lr: 0.000100  loss: 10.7882 (10.7162)  loss_bbox: 0.0991 (0.1006)  loss_bbox_aux_0: 0.1020 (0.1057)  loss_bbox_aux_1: 0.1006 (0.1021)  loss_bbox_aux_2: 0.1106 (0.1187)  loss_bbox_dn_0: 0.0517 (0.0640)  loss_bbox_dn_1: 0.0444 (0.0533)  loss_bbox_dn_2: 0.0440 (0.0516)  loss_giou: 1.0322 (1.0027)  loss_giou_aux_0: 1.0531 (1.0324)  loss_giou_aux_1: 1.0374 (1.0127)  loss_giou_aux_2: 1.1314 (1.1012)  loss_giou_dn_0: 0.8443 (0.8307)  loss_giou_dn_1: 0.7691 (0.7439)  loss_giou_dn_2: 0.7593 (0.7321)  loss_vfl: 0.5363 (0.5613)  loss_vfl_aux_0: 0.5410 (0.5607)  loss_vfl_aux_1: 0.5311 (0.5623)  loss_vfl_aux_2: 0.5426 (0.5676)  loss_vfl_dn_0: 0.4823 (0.4784)  loss_vfl_dn_1: 0.4725 (0.4694)  loss_vfl_dn_2: 0.4662 (0.4649)  time: 1.2160  data: 0.0294  max mem: 9915
Epoch: [13]  [600/809]  eta: 0:04:10  lr: 0.000100  loss: 10.5742 (10.7253)  loss_bbox: 0.0900 (0.1007)  loss_bbox_aux_0: 0.0926 (0.1058)  loss_bbox_aux_1: 0.0908 (0.1023)  loss_bbox_aux_2: 0.1053 (0.1183)  loss_bbox_dn_0: 0.0627 (0.0635)  loss_bbox_dn_1: 0.0531 (0.0529)  loss_bbox_dn_2: 0.0507 (0.0512)  loss_giou: 0.9642 (1.0047)  loss_giou_aux_0: 0.9967 (1.0342)  loss_giou_aux_1: 0.9753 (1.0148)  loss_giou_aux_2: 1.0836 (1.1022)  loss_giou_dn_0: 0.8012 (0.8317)  loss_giou_dn_1: 0.7048 (0.7450)  loss_giou_dn_2: 0.6930 (0.7333)  loss_vfl: 0.5638 (0.5612)  loss_vfl_aux_0: 0.5609 (0.5606)  loss_vfl_aux_1: 0.5596 (0.5621)  loss_vfl_aux_2: 0.5668 (0.5682)  loss_vfl_dn_0: 0.4832 (0.4781)  loss_vfl_dn_1: 0.4701 (0.4695)  loss_vfl_dn_2: 0.4698 (0.4649)  time: 1.2111  data: 0.0305  max mem: 9915
Epoch: [13]  [700/809]  eta: 0:02:10  lr: 0.000100  loss: 10.5377 (10.7362)  loss_bbox: 0.0978 (0.1009)  loss_bbox_aux_0: 0.1016 (0.1060)  loss_bbox_aux_1: 0.1003 (0.1025)  loss_bbox_aux_2: 0.1118 (0.1185)  loss_bbox_dn_0: 0.0611 (0.0637)  loss_bbox_dn_1: 0.0495 (0.0531)  loss_bbox_dn_2: 0.0481 (0.0514)  loss_giou: 1.0183 (1.0066)  loss_giou_aux_0: 1.0444 (1.0365)  loss_giou_aux_1: 1.0315 (1.0168)  loss_giou_aux_2: 1.1187 (1.1047)  loss_giou_dn_0: 0.8331 (0.8322)  loss_giou_dn_1: 0.7407 (0.7457)  loss_giou_dn_2: 0.7331 (0.7339)  loss_vfl: 0.5068 (0.5611)  loss_vfl_aux_0: 0.5164 (0.5601)  loss_vfl_aux_1: 0.5132 (0.5618)  loss_vfl_aux_2: 0.5262 (0.5678)  loss_vfl_dn_0: 0.4758 (0.4783)  loss_vfl_dn_1: 0.4661 (0.4696)  loss_vfl_dn_2: 0.4578 (0.4651)  time: 1.1890  data: 0.0338  max mem: 9915
Epoch: [13]  [800/809]  eta: 0:00:10  lr: 0.000100  loss: 10.6539 (10.7316)  loss_bbox: 0.0899 (0.1010)  loss_bbox_aux_0: 0.0998 (0.1062)  loss_bbox_aux_1: 0.0932 (0.1026)  loss_bbox_aux_2: 0.1113 (0.1187)  loss_bbox_dn_0: 0.0558 (0.0638)  loss_bbox_dn_1: 0.0456 (0.0531)  loss_bbox_dn_2: 0.0434 (0.0514)  loss_giou: 1.0094 (1.0058)  loss_giou_aux_0: 1.0319 (1.0361)  loss_giou_aux_1: 1.0166 (1.0162)  loss_giou_aux_2: 1.1224 (1.1044)  loss_giou_dn_0: 0.8424 (0.8316)  loss_giou_dn_1: 0.7474 (0.7450)  loss_giou_dn_2: 0.7336 (0.7331)  loss_vfl: 0.5303 (0.5609)  loss_vfl_aux_0: 0.5293 (0.5599)  loss_vfl_aux_1: 0.5352 (0.5617)  loss_vfl_aux_2: 0.5540 (0.5674)  loss_vfl_dn_0: 0.4711 (0.4782)  loss_vfl_dn_1: 0.4613 (0.4694)  loss_vfl_dn_2: 0.4589 (0.4649)  time: 1.2531  data: 0.0311  max mem: 9915
Epoch: [13]  [808/809]  eta: 0:00:01  lr: 0.000100  loss: 10.5418 (10.7290)  loss_bbox: 0.0846 (0.1009)  loss_bbox_aux_0: 0.0982 (0.1061)  loss_bbox_aux_1: 0.0900 (0.1025)  loss_bbox_aux_2: 0.1143 (0.1187)  loss_bbox_dn_0: 0.0611 (0.0639)  loss_bbox_dn_1: 0.0518 (0.0532)  loss_bbox_dn_2: 0.0509 (0.0515)  loss_giou: 0.9391 (1.0052)  loss_giou_aux_0: 0.9770 (1.0356)  loss_giou_aux_1: 0.9469 (1.0156)  loss_giou_aux_2: 1.0867 (1.1039)  loss_giou_dn_0: 0.8223 (0.8316)  loss_giou_dn_1: 0.7315 (0.7450)  loss_giou_dn_2: 0.7130 (0.7331)  loss_vfl: 0.5493 (0.5609)  loss_vfl_aux_0: 0.5356 (0.5599)  loss_vfl_aux_1: 0.5542 (0.5617)  loss_vfl_aux_2: 0.5540 (0.5673)  loss_vfl_dn_0: 0.4734 (0.4783)  loss_vfl_dn_1: 0.4647 (0.4694)  loss_vfl_dn_2: 0.4625 (0.4649)  time: 1.0578  data: 0.0295  max mem: 9915
Epoch: [13] Total time: 0:16:09 (1.1981 s / it)
Averaged stats: lr: 0.000100  loss: 10.5418 (10.7290)  loss_bbox: 0.0846 (0.1009)  loss_bbox_aux_0: 0.0982 (0.1061)  loss_bbox_aux_1: 0.0900 (0.1025)  loss_bbox_aux_2: 0.1143 (0.1187)  loss_bbox_dn_0: 0.0611 (0.0639)  loss_bbox_dn_1: 0.0518 (0.0532)  loss_bbox_dn_2: 0.0509 (0.0515)  loss_giou: 0.9391 (1.0052)  loss_giou_aux_0: 0.9770 (1.0356)  loss_giou_aux_1: 0.9469 (1.0156)  loss_giou_aux_2: 1.0867 (1.1039)  loss_giou_dn_0: 0.8223 (0.8316)  loss_giou_dn_1: 0.7315 (0.7450)  loss_giou_dn_2: 0.7130 (0.7331)  loss_vfl: 0.5493 (0.5609)  loss_vfl_aux_0: 0.5356 (0.5599)  loss_vfl_aux_1: 0.5542 (0.5617)  loss_vfl_aux_2: 0.5540 (0.5673)  loss_vfl_dn_0: 0.4734 (0.4783)  loss_vfl_dn_1: 0.4647 (0.4694)  loss_vfl_dn_2: 0.4625 (0.4649)
Test:  [ 0/69]  eta: 0:01:41    time: 1.4765  data: 0.8249  max mem: 9915
Test:  [10/69]  eta: 0:00:46    time: 0.7870  data: 0.0916  max mem: 9915
Test:  [20/69]  eta: 0:00:38    time: 0.7451  data: 0.0209  max mem: 9915
Test:  [30/69]  eta: 0:00:29    time: 0.7286  data: 0.0240  max mem: 9915
Test:  [40/69]  eta: 0:00:20    time: 0.6654  data: 0.0255  max mem: 9915
Test:  [50/69]  eta: 0:00:13    time: 0.6367  data: 0.0251  max mem: 9915
Test:  [60/69]  eta: 0:00:06    time: 0.6150  data: 0.0239  max mem: 9915
Test:  [68/69]  eta: 0:00:00    time: 0.6292  data: 0.0229  max mem: 9915
Test: Total time: 0:00:47 (0.6862 s / it)
Averaged stats: 
Accumulating evaluation results...
DONE (t=2.34s).
IoU metric: bbox
 Average Precision  (AP) @[ IoU=0.50:0.95 | area=   all | maxDets=100 ] = 0.175
 Average Precision  (AP) @[ IoU=0.50      | area=   all | maxDets=100 ] = 0.288
 Average Precision  (AP) @[ IoU=0.75      | area=   all | maxDets=100 ] = 0.179
 Average Precision  (AP) @[ IoU=0.50:0.95 | area= small | maxDets=100 ] = 0.115
 Average Precision  (AP) @[ IoU=0.50:0.95 | area=medium | maxDets=100 ] = 0.238
 Average Precision  (AP) @[ IoU=0.50:0.95 | area= large | maxDets=100 ] = 0.325
 Average Recall     (AR) @[ IoU=0.50:0.95 | area=   all | maxDets=  1 ] = 0.085
 Average Recall     (AR) @[ IoU=0.50:0.95 | area=   all | maxDets= 10 ] = 0.242
 Average Recall     (AR) @[ IoU=0.50:0.95 | area=   all | maxDets=100 ] = 0.339
 Average Recall     (AR) @[ IoU=0.50:0.95 | area= small | maxDets=100 ] = 0.259
 Average Recall     (AR) @[ IoU=0.50:0.95 | area=medium | maxDets=100 ] = 0.434
 Average Recall     (AR) @[ IoU=0.50:0.95 | area= large | maxDets=100 ] = 0.526
best_stat:  {'epoch': 13, 'coco_eval_bbox': 0.17472934776161225}
Epoch: [14]  [  0/809]  eta: 1:32:02  lr: 0.000100  loss: 9.3536 (9.3536)  loss_bbox: 0.0831 (0.0831)  loss_bbox_aux_0: 0.0892 (0.0892)  loss_bbox_aux_1: 0.0844 (0.0844)  loss_bbox_aux_2: 0.1110 (0.1110)  loss_bbox_dn_0: 0.0724 (0.0724)  loss_bbox_dn_1: 0.0572 (0.0572)  loss_bbox_dn_2: 0.0549 (0.0549)  loss_giou: 0.6806 (0.6806)  loss_giou_aux_0: 0.7146 (0.7146)  loss_giou_aux_1: 0.6861 (0.6861)  loss_giou_aux_2: 0.8158 (0.8158)  loss_giou_dn_0: 0.6837 (0.6837)  loss_giou_dn_1: 0.5628 (0.5628)  loss_giou_dn_2: 0.5410 (0.5410)  loss_vfl: 0.6519 (0.6519)  loss_vfl_aux_0: 0.6802 (0.6802)  loss_vfl_aux_1: 0.6838 (0.6838)  loss_vfl_aux_2: 0.6704 (0.6704)  loss_vfl_dn_0: 0.4921 (0.4921)  loss_vfl_dn_1: 0.4740 (0.4740)  loss_vfl_dn_2: 0.4646 (0.4646)  time: 6.8258  data: 2.9293  max mem: 9915
Epoch: [14]  [100/809]  eta: 0:15:04  lr: 0.000100  loss: 10.5665 (10.7331)  loss_bbox: 0.0937 (0.0962)  loss_bbox_aux_0: 0.1021 (0.1008)  loss_bbox_aux_1: 0.0951 (0.0976)  loss_bbox_aux_2: 0.1118 (0.1132)  loss_bbox_dn_0: 0.0652 (0.0604)  loss_bbox_dn_1: 0.0542 (0.0502)  loss_bbox_dn_2: 0.0525 (0.0488)  loss_giou: 0.9542 (1.0192)  loss_giou_aux_0: 0.9832 (1.0499)  loss_giou_aux_1: 0.9653 (1.0294)  loss_giou_aux_2: 1.0374 (1.1134)  loss_giou_dn_0: 0.8353 (0.8360)  loss_giou_dn_1: 0.7530 (0.7502)  loss_giou_dn_2: 0.7420 (0.7384)  loss_vfl: 0.5828 (0.5516)  loss_vfl_aux_0: 0.5908 (0.5541)  loss_vfl_aux_1: 0.5883 (0.5535)  loss_vfl_aux_2: 0.5874 (0.5640)  loss_vfl_dn_0: 0.4745 (0.4763)  loss_vfl_dn_1: 0.4698 (0.4671)  loss_vfl_dn_2: 0.4652 (0.4627)  time: 1.1878  data: 0.0331  max mem: 9915
Epoch: [14]  [200/809]  eta: 0:12:29  lr: 0.000100  loss: 10.6293 (10.7306)  loss_bbox: 0.0922 (0.0995)  loss_bbox_aux_0: 0.1002 (0.1044)  loss_bbox_aux_1: 0.0945 (0.1008)  loss_bbox_aux_2: 0.1162 (0.1175)  loss_bbox_dn_0: 0.0547 (0.0619)  loss_bbox_dn_1: 0.0460 (0.0518)  loss_bbox_dn_2: 0.0442 (0.0502)  loss_giou: 1.0058 (1.0180)  loss_giou_aux_0: 1.0314 (1.0482)  loss_giou_aux_1: 1.0171 (1.0279)  loss_giou_aux_2: 1.1025 (1.1129)  loss_giou_dn_0: 0.8285 (0.8347)  loss_giou_dn_1: 0.7472 (0.7489)  loss_giou_dn_2: 0.7358 (0.7370)  loss_vfl: 0.5322 (0.5497)  loss_vfl_aux_0: 0.5350 (0.5512)  loss_vfl_aux_1: 0.5393 (0.5517)  loss_vfl_aux_2: 0.5396 (0.5585)  loss_vfl_dn_0: 0.4730 (0.4758)  loss_vfl_dn_1: 0.4674 (0.4671)  loss_vfl_dn_2: 0.4601 (0.4627)  time: 1.0984  data: 0.0267  max mem: 9915
Epoch: [14]  [300/809]  eta: 0:10:10  lr: 0.000100  loss: 10.5682 (10.7197)  loss_bbox: 0.0874 (0.0998)  loss_bbox_aux_0: 0.0894 (0.1047)  loss_bbox_aux_1: 0.0867 (0.1012)  loss_bbox_aux_2: 0.1117 (0.1178)  loss_bbox_dn_0: 0.0578 (0.0626)  loss_bbox_dn_1: 0.0488 (0.0523)  loss_bbox_dn_2: 0.0472 (0.0507)  loss_giou: 1.0005 (1.0122)  loss_giou_aux_0: 1.0310 (1.0421)  loss_giou_aux_1: 0.9995 (1.0218)  loss_giou_aux_2: 1.1253 (1.1078)  loss_giou_dn_0: 0.8417 (0.8315)  loss_giou_dn_1: 0.7531 (0.7454)  loss_giou_dn_2: 0.7375 (0.7333)  loss_vfl: 0.5497 (0.5551)  loss_vfl_aux_0: 0.5353 (0.5553)  loss_vfl_aux_1: 0.5459 (0.5566)  loss_vfl_aux_2: 0.5574 (0.5618)  loss_vfl_dn_0: 0.4785 (0.4762)  loss_vfl_dn_1: 0.4657 (0.4677)  loss_vfl_dn_2: 0.4648 (0.4635)  time: 1.1156  data: 0.0270  max mem: 9915
Epoch: [14]  [400/809]  eta: 0:08:10  lr: 0.000100  loss: 10.6515 (10.7201)  loss_bbox: 0.0941 (0.0996)  loss_bbox_aux_0: 0.0976 (0.1043)  loss_bbox_aux_1: 0.0958 (0.1009)  loss_bbox_aux_2: 0.1098 (0.1174)  loss_bbox_dn_0: 0.0550 (0.0626)  loss_bbox_dn_1: 0.0467 (0.0523)  loss_bbox_dn_2: 0.0453 (0.0507)  loss_giou: 0.9891 (1.0106)  loss_giou_aux_0: 1.0209 (1.0402)  loss_giou_aux_1: 1.0047 (1.0199)  loss_giou_aux_2: 1.0981 (1.1072)  loss_giou_dn_0: 0.8266 (0.8327)  loss_giou_dn_1: 0.7480 (0.7467)  loss_giou_dn_2: 0.7394 (0.7346)  loss_vfl: 0.5297 (0.5564)  loss_vfl_aux_0: 0.5338 (0.5567)  loss_vfl_aux_1: 0.5348 (0.5579)  loss_vfl_aux_2: 0.5551 (0.5627)  loss_vfl_dn_0: 0.4758 (0.4761)  loss_vfl_dn_1: 0.4630 (0.4674)  loss_vfl_dn_2: 0.4609 (0.4632)  time: 1.1599  data: 0.0301  max mem: 9915
Epoch: [14]  [500/809]  eta: 0:06:11  lr: 0.000100  loss: 11.0926 (10.7274)  loss_bbox: 0.1077 (0.1015)  loss_bbox_aux_0: 0.1122 (0.1063)  loss_bbox_aux_1: 0.1108 (0.1028)  loss_bbox_aux_2: 0.1243 (0.1193)  loss_bbox_dn_0: 0.0597 (0.0634)  loss_bbox_dn_1: 0.0517 (0.0530)  loss_bbox_dn_2: 0.0500 (0.0514)  loss_giou: 1.0838 (1.0095)  loss_giou_aux_0: 1.0990 (1.0390)  loss_giou_aux_1: 1.0908 (1.0188)  loss_giou_aux_2: 1.1556 (1.1058)  loss_giou_dn_0: 0.8521 (0.8330)  loss_giou_dn_1: 0.7675 (0.7464)  loss_giou_dn_2: 0.7622 (0.7344)  loss_vfl: 0.5134 (0.5562)  loss_vfl_aux_0: 0.5295 (0.5571)  loss_vfl_aux_1: 0.5299 (0.5578)  loss_vfl_aux_2: 0.5156 (0.5637)  loss_vfl_dn_0: 0.4740 (0.4766)  loss_vfl_dn_1: 0.4634 (0.4678)  loss_vfl_dn_2: 0.4574 (0.4636)  time: 1.2448  data: 0.0307  max mem: 9915
Epoch: [14]  [600/809]  eta: 0:04:11  lr: 0.000100  loss: 10.9083 (10.7115)  loss_bbox: 0.1004 (0.1009)  loss_bbox_aux_0: 0.1009 (0.1058)  loss_bbox_aux_1: 0.0996 (0.1022)  loss_bbox_aux_2: 0.1201 (0.1194)  loss_bbox_dn_0: 0.0559 (0.0637)  loss_bbox_dn_1: 0.0456 (0.0532)  loss_bbox_dn_2: 0.0448 (0.0516)  loss_giou: 1.0540 (1.0027)  loss_giou_aux_0: 1.0954 (1.0328)  loss_giou_aux_1: 1.0641 (1.0121)  loss_giou_aux_2: 1.1626 (1.1021)  loss_giou_dn_0: 0.8642 (0.8302)  loss_giou_dn_1: 0.7687 (0.7432)  loss_giou_dn_2: 0.7628 (0.7312)  loss_vfl: 0.5728 (0.5602)  loss_vfl_aux_0: 0.5454 (0.5608)  loss_vfl_aux_1: 0.5575 (0.5618)  loss_vfl_aux_2: 0.5260 (0.5664)  loss_vfl_dn_0: 0.4730 (0.4776)  loss_vfl_dn_1: 0.4701 (0.4688)  loss_vfl_dn_2: 0.4655 (0.4646)  time: 1.3240  data: 0.0346  max mem: 9915
Epoch: [14]  [700/809]  eta: 0:02:11  lr: 0.000100  loss: 10.7364 (10.6984)  loss_bbox: 0.0919 (0.1001)  loss_bbox_aux_0: 0.0950 (0.1049)  loss_bbox_aux_1: 0.0911 (0.1014)  loss_bbox_aux_2: 0.1080 (0.1184)  loss_bbox_dn_0: 0.0577 (0.0633)  loss_bbox_dn_1: 0.0470 (0.0528)  loss_bbox_dn_2: 0.0447 (0.0512)  loss_giou: 1.0155 (1.0013)  loss_giou_aux_0: 1.0251 (1.0317)  loss_giou_aux_1: 1.0243 (1.0111)  loss_giou_aux_2: 1.0845 (1.1007)  loss_giou_dn_0: 0.8326 (0.8294)  loss_giou_dn_1: 0.7341 (0.7424)  loss_giou_dn_2: 0.7209 (0.7306)  loss_vfl: 0.5593 (0.5595)  loss_vfl_aux_0: 0.5559 (0.5604)  loss_vfl_aux_1: 0.5614 (0.5612)  loss_vfl_aux_2: 0.5521 (0.5668)  loss_vfl_dn_0: 0.4778 (0.4778)  loss_vfl_dn_1: 0.4694 (0.4688)  loss_vfl_dn_2: 0.4611 (0.4645)  time: 1.2575  data: 0.0312  max mem: 9915
Epoch: [14]  [800/809]  eta: 0:00:10  lr: 0.000100  loss: 9.7201 (10.6790)  loss_bbox: 0.0788 (0.0995)  loss_bbox_aux_0: 0.0824 (0.1044)  loss_bbox_aux_1: 0.0789 (0.1008)  loss_bbox_aux_2: 0.0963 (0.1178)  loss_bbox_dn_0: 0.0635 (0.0631)  loss_bbox_dn_1: 0.0507 (0.0526)  loss_bbox_dn_2: 0.0482 (0.0510)  loss_giou: 0.8349 (0.9985)  loss_giou_aux_0: 0.8529 (1.0287)  loss_giou_aux_1: 0.8412 (1.0084)  loss_giou_aux_2: 0.9119 (1.0973)  loss_giou_dn_0: 0.7207 (0.8278)  loss_giou_dn_1: 0.6447 (0.7413)  loss_giou_dn_2: 0.6294 (0.7295)  loss_vfl: 0.5908 (0.5592)  loss_vfl_aux_0: 0.5869 (0.5603)  loss_vfl_aux_1: 0.5977 (0.5610)  loss_vfl_aux_2: 0.6101 (0.5670)  loss_vfl_dn_0: 0.4850 (0.4780)  loss_vfl_dn_1: 0.4680 (0.4685)  loss_vfl_dn_2: 0.4594 (0.4641)  time: 1.1423  data: 0.0302  max mem: 9915
Epoch: [14]  [808/809]  eta: 0:00:01  lr: 0.000100  loss: 10.1800 (10.6823)  loss_bbox: 0.0835 (0.0997)  loss_bbox_aux_0: 0.0854 (0.1046)  loss_bbox_aux_1: 0.0852 (0.1010)  loss_bbox_aux_2: 0.1035 (0.1180)  loss_bbox_dn_0: 0.0619 (0.0631)  loss_bbox_dn_1: 0.0520 (0.0526)  loss_bbox_dn_2: 0.0496 (0.0510)  loss_giou: 0.9020 (0.9995)  loss_giou_aux_0: 0.9267 (1.0297)  loss_giou_aux_1: 0.9141 (1.0095)  loss_giou_aux_2: 0.9994 (1.0982)  loss_giou_dn_0: 0.7868 (0.8279)  loss_giou_dn_1: 0.7086 (0.7414)  loss_giou_dn_2: 0.7024 (0.7296)  loss_vfl: 0.5625 (0.5588)  loss_vfl_aux_0: 0.5647 (0.5599)  loss_vfl_aux_1: 0.5641 (0.5606)  loss_vfl_aux_2: 0.5590 (0.5666)  loss_vfl_dn_0: 0.4826 (0.4780)  loss_vfl_dn_1: 0.4696 (0.4685)  loss_vfl_dn_2: 0.4618 (0.4641)  time: 1.0039  data: 0.0283  max mem: 9915
Epoch: [14] Total time: 0:16:13 (1.2037 s / it)
Averaged stats: lr: 0.000100  loss: 10.1800 (10.6823)  loss_bbox: 0.0835 (0.0997)  loss_bbox_aux_0: 0.0854 (0.1046)  loss_bbox_aux_1: 0.0852 (0.1010)  loss_bbox_aux_2: 0.1035 (0.1180)  loss_bbox_dn_0: 0.0619 (0.0631)  loss_bbox_dn_1: 0.0520 (0.0526)  loss_bbox_dn_2: 0.0496 (0.0510)  loss_giou: 0.9020 (0.9995)  loss_giou_aux_0: 0.9267 (1.0297)  loss_giou_aux_1: 0.9141 (1.0095)  loss_giou_aux_2: 0.9994 (1.0982)  loss_giou_dn_0: 0.7868 (0.8279)  loss_giou_dn_1: 0.7086 (0.7414)  loss_giou_dn_2: 0.7024 (0.7296)  loss_vfl: 0.5625 (0.5588)  loss_vfl_aux_0: 0.5647 (0.5599)  loss_vfl_aux_1: 0.5641 (0.5606)  loss_vfl_aux_2: 0.5590 (0.5666)  loss_vfl_dn_0: 0.4826 (0.4780)  loss_vfl_dn_1: 0.4696 (0.4685)  loss_vfl_dn_2: 0.4618 (0.4641)
Test:  [ 0/69]  eta: 0:02:06    time: 1.8397  data: 1.2348  max mem: 9915
Test:  [10/69]  eta: 0:00:53    time: 0.9129  data: 0.1302  max mem: 9915
Test:  [20/69]  eta: 0:00:40    time: 0.7858  data: 0.0224  max mem: 9915
Test:  [30/69]  eta: 0:00:30    time: 0.6915  data: 0.0238  max mem: 9915
Test:  [40/69]  eta: 0:00:21    time: 0.6185  data: 0.0229  max mem: 9915
Test:  [50/69]  eta: 0:00:13    time: 0.5929  data: 0.0233  max mem: 9915
Test:  [60/69]  eta: 0:00:06    time: 0.5720  data: 0.0221  max mem: 9915
Test:  [68/69]  eta: 0:00:00    time: 0.5823  data: 0.0204  max mem: 9915
Test: Total time: 0:00:46 (0.6732 s / it)
Averaged stats: 
Accumulating evaluation results...
DONE (t=2.00s).
IoU metric: bbox
 Average Precision  (AP) @[ IoU=0.50:0.95 | area=   all | maxDets=100 ] = 0.178
 Average Precision  (AP) @[ IoU=0.50      | area=   all | maxDets=100 ] = 0.295
 Average Precision  (AP) @[ IoU=0.75      | area=   all | maxDets=100 ] = 0.183
 Average Precision  (AP) @[ IoU=0.50:0.95 | area= small | maxDets=100 ] = 0.119
 Average Precision  (AP) @[ IoU=0.50:0.95 | area=medium | maxDets=100 ] = 0.241
 Average Precision  (AP) @[ IoU=0.50:0.95 | area= large | maxDets=100 ] = 0.337
 Average Recall     (AR) @[ IoU=0.50:0.95 | area=   all | maxDets=  1 ] = 0.086
 Average Recall     (AR) @[ IoU=0.50:0.95 | area=   all | maxDets= 10 ] = 0.244
 Average Recall     (AR) @[ IoU=0.50:0.95 | area=   all | maxDets=100 ] = 0.341
 Average Recall     (AR) @[ IoU=0.50:0.95 | area= small | maxDets=100 ] = 0.262
 Average Recall     (AR) @[ IoU=0.50:0.95 | area=medium | maxDets=100 ] = 0.436
 Average Recall     (AR) @[ IoU=0.50:0.95 | area= large | maxDets=100 ] = 0.548
best_stat:  {'epoch': 14, 'coco_eval_bbox': 0.17846748199374662}
Epoch: [15]  [  0/809]  eta: 1:26:04  lr: 0.000100  loss: 10.9537 (10.9537)  loss_bbox: 0.0795 (0.0795)  loss_bbox_aux_0: 0.0848 (0.0848)  loss_bbox_aux_1: 0.0800 (0.0800)  loss_bbox_aux_2: 0.0954 (0.0954)  loss_bbox_dn_0: 0.0552 (0.0552)  loss_bbox_dn_1: 0.0447 (0.0447)  loss_bbox_dn_2: 0.0438 (0.0438)  loss_giou: 1.0024 (1.0024)  loss_giou_aux_0: 1.0251 (1.0251)  loss_giou_aux_1: 1.0067 (1.0067)  loss_giou_aux_2: 1.0847 (1.0847)  loss_giou_dn_0: 0.8522 (0.8522)  loss_giou_dn_1: 0.7690 (0.7690)  loss_giou_dn_2: 0.7582 (0.7582)  loss_vfl: 0.6396 (0.6396)  loss_vfl_aux_0: 0.6321 (0.6321)  loss_vfl_aux_1: 0.6504 (0.6504)  loss_vfl_aux_2: 0.6431 (0.6431)  loss_vfl_dn_0: 0.4744 (0.4744)  loss_vfl_dn_1: 0.4700 (0.4700)  loss_vfl_dn_2: 0.4626 (0.4626)  time: 6.3832  data: 4.2672  max mem: 9915
Epoch: [15]  [100/809]  eta: 0:13:57  lr: 0.000100  loss: 10.5515 (10.5867)  loss_bbox: 0.0867 (0.0935)  loss_bbox_aux_0: 0.0912 (0.0980)  loss_bbox_aux_1: 0.0897 (0.0951)  loss_bbox_aux_2: 0.1027 (0.1095)  loss_bbox_dn_0: 0.0583 (0.0632)  loss_bbox_dn_1: 0.0475 (0.0532)  loss_bbox_dn_2: 0.0464 (0.0515)  loss_giou: 0.9769 (0.9833)  loss_giou_aux_0: 0.9885 (1.0114)  loss_giou_aux_1: 0.9840 (0.9929)  loss_giou_aux_2: 1.0595 (1.0738)  loss_giou_dn_0: 0.8363 (0.8217)  loss_giou_dn_1: 0.7532 (0.7387)  loss_giou_dn_2: 0.7376 (0.7277)  loss_vfl: 0.5438 (0.5613)  loss_vfl_aux_0: 0.5493 (0.5634)  loss_vfl_aux_1: 0.5470 (0.5636)  loss_vfl_aux_2: 0.5564 (0.5772)  loss_vfl_dn_0: 0.4753 (0.4781)  loss_vfl_dn_1: 0.4674 (0.4670)  loss_vfl_dn_2: 0.4659 (0.4626)  time: 1.1452  data: 0.0300  max mem: 9915
Epoch: [15]  [200/809]  eta: 0:12:07  lr: 0.000100  loss: 10.5128 (10.5802)  loss_bbox: 0.0911 (0.0980)  loss_bbox_aux_0: 0.0958 (0.1025)  loss_bbox_aux_1: 0.0930 (0.0995)  loss_bbox_aux_2: 0.1100 (0.1147)  loss_bbox_dn_0: 0.0608 (0.0637)  loss_bbox_dn_1: 0.0522 (0.0534)  loss_bbox_dn_2: 0.0479 (0.0519)  loss_giou: 0.9578 (0.9819)  loss_giou_aux_0: 0.9701 (1.0109)  loss_giou_aux_1: 0.9650 (0.9912)  loss_giou_aux_2: 1.0848 (1.0779)  loss_giou_dn_0: 0.8318 (0.8143)  loss_giou_dn_1: 0.7478 (0.7298)  loss_giou_dn_2: 0.7342 (0.7188)  loss_vfl: 0.5632 (0.5603)  loss_vfl_aux_0: 0.5748 (0.5634)  loss_vfl_aux_1: 0.5667 (0.5631)  loss_vfl_aux_2: 0.5840 (0.5758)  loss_vfl_dn_0: 0.4819 (0.4788)  loss_vfl_dn_1: 0.4689 (0.4672)  loss_vfl_dn_2: 0.4640 (0.4630)  time: 1.1979  data: 0.0334  max mem: 9915
Epoch: [15]  [300/809]  eta: 0:10:08  lr: 0.000100  loss: 10.6288 (10.5708)  loss_bbox: 0.0839 (0.0958)  loss_bbox_aux_0: 0.0883 (0.1002)  loss_bbox_aux_1: 0.0845 (0.0971)  loss_bbox_aux_2: 0.1006 (0.1118)  loss_bbox_dn_0: 0.0570 (0.0620)  loss_bbox_dn_1: 0.0474 (0.0520)  loss_bbox_dn_2: 0.0462 (0.0505)  loss_giou: 1.0196 (0.9836)  loss_giou_aux_0: 1.0582 (1.0122)  loss_giou_aux_1: 1.0335 (0.9925)  loss_giou_aux_2: 1.1202 (1.0785)  loss_giou_dn_0: 0.8342 (0.8163)  loss_giou_dn_1: 0.7552 (0.7329)  loss_giou_dn_2: 0.7455 (0.7220)  loss_vfl: 0.5272 (0.5588)  loss_vfl_aux_0: 0.5206 (0.5621)  loss_vfl_aux_1: 0.5253 (0.5615)  loss_vfl_aux_2: 0.5175 (0.5734)  loss_vfl_dn_0: 0.4768 (0.4785)  loss_vfl_dn_1: 0.4682 (0.4667)  loss_vfl_dn_2: 0.4604 (0.4625)  time: 1.1523  data: 0.0299  max mem: 9915
Epoch: [15]  [400/809]  eta: 0:08:11  lr: 0.000100  loss: 10.6001 (10.5701)  loss_bbox: 0.0874 (0.0962)  loss_bbox_aux_0: 0.0922 (0.1006)  loss_bbox_aux_1: 0.0916 (0.0974)  loss_bbox_aux_2: 0.1068 (0.1123)  loss_bbox_dn_0: 0.0523 (0.0616)  loss_bbox_dn_1: 0.0442 (0.0516)  loss_bbox_dn_2: 0.0434 (0.0501)  loss_giou: 1.0213 (0.9851)  loss_giou_aux_0: 1.0440 (1.0147)  loss_giou_aux_1: 1.0263 (0.9946)  loss_giou_aux_2: 1.1177 (1.0815)  loss_giou_dn_0: 0.8311 (0.8169)  loss_giou_dn_1: 0.7473 (0.7333)  loss_giou_dn_2: 0.7380 (0.7221)  loss_vfl: 0.5431 (0.5557)  loss_vfl_aux_0: 0.5459 (0.5589)  loss_vfl_aux_1: 0.5481 (0.5585)  loss_vfl_aux_2: 0.5665 (0.5697)  loss_vfl_dn_0: 0.4780 (0.4788)  loss_vfl_dn_1: 0.4679 (0.4673)  loss_vfl_dn_2: 0.4597 (0.4630)  time: 1.2237  data: 0.0347  max mem: 9915
Epoch: [15]  [500/809]  eta: 0:06:13  lr: 0.000100  loss: 10.5268 (10.5571)  loss_bbox: 0.0856 (0.0957)  loss_bbox_aux_0: 0.0904 (0.1001)  loss_bbox_aux_1: 0.0867 (0.0969)  loss_bbox_aux_2: 0.0967 (0.1122)  loss_bbox_dn_0: 0.0620 (0.0618)  loss_bbox_dn_1: 0.0543 (0.0517)  loss_bbox_dn_2: 0.0508 (0.0502)  loss_giou: 0.9321 (0.9823)  loss_giou_aux_0: 0.9573 (1.0119)  loss_giou_aux_1: 0.9417 (0.9918)  loss_giou_aux_2: 1.0296 (1.0801)  loss_giou_dn_0: 0.8070 (0.8165)  loss_giou_dn_1: 0.7188 (0.7325)  loss_giou_dn_2: 0.7151 (0.7214)  loss_vfl: 0.5452 (0.5559)  loss_vfl_aux_0: 0.5538 (0.5593)  loss_vfl_aux_1: 0.5536 (0.5591)  loss_vfl_aux_2: 0.5614 (0.5695)  loss_vfl_dn_0: 0.4757 (0.4785)  loss_vfl_dn_1: 0.4648 (0.4670)  loss_vfl_dn_2: 0.4613 (0.4625)  time: 1.2457  data: 0.0303  max mem: 9915
Epoch: [15]  [600/809]  eta: 0:04:12  lr: 0.000100  loss: 10.4423 (10.5633)  loss_bbox: 0.0833 (0.0952)  loss_bbox_aux_0: 0.0869 (0.0996)  loss_bbox_aux_1: 0.0833 (0.0963)  loss_bbox_aux_2: 0.1028 (0.1120)  loss_bbox_dn_0: 0.0532 (0.0616)  loss_bbox_dn_1: 0.0421 (0.0515)  loss_bbox_dn_2: 0.0418 (0.0500)  loss_giou: 0.9189 (0.9835)  loss_giou_aux_0: 0.9353 (1.0131)  loss_giou_aux_1: 0.9255 (0.9930)  loss_giou_aux_2: 0.9987 (1.0820)  loss_giou_dn_0: 0.8174 (0.8181)  loss_giou_dn_1: 0.7249 (0.7334)  loss_giou_dn_2: 0.7083 (0.7223)  loss_vfl: 0.5897 (0.5563)  loss_vfl_aux_0: 0.6006 (0.5595)  loss_vfl_aux_1: 0.5957 (0.5594)  loss_vfl_aux_2: 0.5698 (0.5683)  loss_vfl_dn_0: 0.4783 (0.4785)  loss_vfl_dn_1: 0.4667 (0.4672)  loss_vfl_dn_2: 0.4625 (0.4627)  time: 1.2087  data: 0.0331  max mem: 9915
Epoch: [15]  [700/809]  eta: 0:02:10  lr: 0.000100  loss: 10.2487 (10.5669)  loss_bbox: 0.0812 (0.0949)  loss_bbox_aux_0: 0.0861 (0.0993)  loss_bbox_aux_1: 0.0824 (0.0960)  loss_bbox_aux_2: 0.0980 (0.1118)  loss_bbox_dn_0: 0.0606 (0.0618)  loss_bbox_dn_1: 0.0519 (0.0516)  loss_bbox_dn_2: 0.0499 (0.0501)  loss_giou: 0.8905 (0.9829)  loss_giou_aux_0: 0.9179 (1.0122)  loss_giou_aux_1: 0.8972 (0.9924)  loss_giou_aux_2: 0.9853 (1.0809)  loss_giou_dn_0: 0.7917 (0.8189)  loss_giou_dn_1: 0.7145 (0.7343)  loss_giou_dn_2: 0.7025 (0.7230)  loss_vfl: 0.6028 (0.5575)  loss_vfl_aux_0: 0.6104 (0.5605)  loss_vfl_aux_1: 0.6084 (0.5605)  loss_vfl_aux_2: 0.6179 (0.5693)  loss_vfl_dn_0: 0.4814 (0.4785)  loss_vfl_dn_1: 0.4682 (0.4676)  loss_vfl_dn_2: 0.4666 (0.4629)  time: 1.0918  data: 0.0268  max mem: 9915
Epoch: [15]  [800/809]  eta: 0:00:10  lr: 0.000100  loss: 10.6744 (10.5713)  loss_bbox: 0.0847 (0.0949)  loss_bbox_aux_0: 0.0910 (0.0994)  loss_bbox_aux_1: 0.0869 (0.0960)  loss_bbox_aux_2: 0.1110 (0.1119)  loss_bbox_dn_0: 0.0626 (0.0620)  loss_bbox_dn_1: 0.0509 (0.0517)  loss_bbox_dn_2: 0.0500 (0.0502)  loss_giou: 1.0219 (0.9833)  loss_giou_aux_0: 1.0628 (1.0125)  loss_giou_aux_1: 1.0432 (0.9927)  loss_giou_aux_2: 1.1138 (1.0811)  loss_giou_dn_0: 0.8300 (0.8189)  loss_giou_dn_1: 0.7539 (0.7343)  loss_giou_dn_2: 0.7456 (0.7230)  loss_vfl: 0.5367 (0.5580)  loss_vfl_aux_0: 0.5431 (0.5612)  loss_vfl_aux_1: 0.5386 (0.5611)  loss_vfl_aux_2: 0.5647 (0.5701)  loss_vfl_dn_0: 0.4786 (0.4786)  loss_vfl_dn_1: 0.4681 (0.4675)  loss_vfl_dn_2: 0.4636 (0.4628)  time: 1.1633  data: 0.0299  max mem: 9915
Epoch: [15]  [808/809]  eta: 0:00:01  lr: 0.000100  loss: 10.6317 (10.5683)  loss_bbox: 0.0847 (0.0948)  loss_bbox_aux_0: 0.0910 (0.0993)  loss_bbox_aux_1: 0.0869 (0.0959)  loss_bbox_aux_2: 0.1046 (0.1118)  loss_bbox_dn_0: 0.0626 (0.0620)  loss_bbox_dn_1: 0.0525 (0.0518)  loss_bbox_dn_2: 0.0513 (0.0502)  loss_giou: 1.0219 (0.9826)  loss_giou_aux_0: 1.0628 (1.0117)  loss_giou_aux_1: 1.0432 (0.9920)  loss_giou_aux_2: 1.1068 (1.0803)  loss_giou_dn_0: 0.8305 (0.8187)  loss_giou_dn_1: 0.7589 (0.7342)  loss_giou_dn_2: 0.7476 (0.7230)  loss_vfl: 0.5310 (0.5581)  loss_vfl_aux_0: 0.5348 (0.5613)  loss_vfl_aux_1: 0.5306 (0.5612)  loss_vfl_aux_2: 0.5542 (0.5703)  loss_vfl_dn_0: 0.4827 (0.4787)  loss_vfl_dn_1: 0.4716 (0.4675)  loss_vfl_dn_2: 0.4669 (0.4629)  time: 0.9908  data: 0.0262  max mem: 9915
Epoch: [15] Total time: 0:16:01 (1.1883 s / it)
Averaged stats: lr: 0.000100  loss: 10.6317 (10.5683)  loss_bbox: 0.0847 (0.0948)  loss_bbox_aux_0: 0.0910 (0.0993)  loss_bbox_aux_1: 0.0869 (0.0959)  loss_bbox_aux_2: 0.1046 (0.1118)  loss_bbox_dn_0: 0.0626 (0.0620)  loss_bbox_dn_1: 0.0525 (0.0518)  loss_bbox_dn_2: 0.0513 (0.0502)  loss_giou: 1.0219 (0.9826)  loss_giou_aux_0: 1.0628 (1.0117)  loss_giou_aux_1: 1.0432 (0.9920)  loss_giou_aux_2: 1.1068 (1.0803)  loss_giou_dn_0: 0.8305 (0.8187)  loss_giou_dn_1: 0.7589 (0.7342)  loss_giou_dn_2: 0.7476 (0.7230)  loss_vfl: 0.5310 (0.5581)  loss_vfl_aux_0: 0.5348 (0.5613)  loss_vfl_aux_1: 0.5306 (0.5612)  loss_vfl_aux_2: 0.5542 (0.5703)  loss_vfl_dn_0: 0.4827 (0.4787)  loss_vfl_dn_1: 0.4716 (0.4675)  loss_vfl_dn_2: 0.4669 (0.4629)
Test:  [ 0/69]  eta: 0:01:35    time: 1.3804  data: 0.7514  max mem: 9915
Test:  [10/69]  eta: 0:00:50    time: 0.8583  data: 0.0915  max mem: 9915
Test:  [20/69]  eta: 0:00:38    time: 0.7602  data: 0.0260  max mem: 9915
Test:  [30/69]  eta: 0:00:29    time: 0.7045  data: 0.0274  max mem: 9915
Test:  [40/69]  eta: 0:00:21    time: 0.6803  data: 0.0254  max mem: 9915
Test:  [50/69]  eta: 0:00:13    time: 0.6415  data: 0.0227  max mem: 9915
Test:  [60/69]  eta: 0:00:06    time: 0.6145  data: 0.0249  max mem: 9915
Test:  [68/69]  eta: 0:00:00    time: 0.6234  data: 0.0249  max mem: 9915
Test: Total time: 0:00:47 (0.6936 s / it)
Averaged stats: 
Accumulating evaluation results...
DONE (t=2.37s).
IoU metric: bbox
 Average Precision  (AP) @[ IoU=0.50:0.95 | area=   all | maxDets=100 ] = 0.180
 Average Precision  (AP) @[ IoU=0.50      | area=   all | maxDets=100 ] = 0.298
 Average Precision  (AP) @[ IoU=0.75      | area=   all | maxDets=100 ] = 0.185
 Average Precision  (AP) @[ IoU=0.50:0.95 | area= small | maxDets=100 ] = 0.120
 Average Precision  (AP) @[ IoU=0.50:0.95 | area=medium | maxDets=100 ] = 0.242
 Average Precision  (AP) @[ IoU=0.50:0.95 | area= large | maxDets=100 ] = 0.330
 Average Recall     (AR) @[ IoU=0.50:0.95 | area=   all | maxDets=  1 ] = 0.087
 Average Recall     (AR) @[ IoU=0.50:0.95 | area=   all | maxDets= 10 ] = 0.245
 Average Recall     (AR) @[ IoU=0.50:0.95 | area=   all | maxDets=100 ] = 0.344
 Average Recall     (AR) @[ IoU=0.50:0.95 | area= small | maxDets=100 ] = 0.266
 Average Recall     (AR) @[ IoU=0.50:0.95 | area=medium | maxDets=100 ] = 0.439
 Average Recall     (AR) @[ IoU=0.50:0.95 | area= large | maxDets=100 ] = 0.559
best_stat:  {'epoch': 15, 'coco_eval_bbox': 0.18014332012538495}
Epoch: [16]  [  0/809]  eta: 1:44:30  lr: 0.000100  loss: 11.0815 (11.0815)  loss_bbox: 0.0708 (0.0708)  loss_bbox_aux_0: 0.0772 (0.0772)  loss_bbox_aux_1: 0.0708 (0.0708)  loss_bbox_aux_2: 0.0949 (0.0949)  loss_bbox_dn_0: 0.0616 (0.0616)  loss_bbox_dn_1: 0.0507 (0.0507)  loss_bbox_dn_2: 0.0495 (0.0495)  loss_giou: 1.0677 (1.0677)  loss_giou_aux_0: 1.0890 (1.0890)  loss_giou_aux_1: 1.0758 (1.0758)  loss_giou_aux_2: 1.1287 (1.1287)  loss_giou_dn_0: 0.8855 (0.8855)  loss_giou_dn_1: 0.8215 (0.8215)  loss_giou_dn_2: 0.8173 (0.8173)  loss_vfl: 0.5759 (0.5759)  loss_vfl_aux_0: 0.5876 (0.5876)  loss_vfl_aux_1: 0.5986 (0.5986)  loss_vfl_aux_2: 0.5864 (0.5864)  loss_vfl_dn_0: 0.4735 (0.4735)  loss_vfl_dn_1: 0.4543 (0.4543)  loss_vfl_dn_2: 0.4438 (0.4438)  time: 7.7513  data: 3.5494  max mem: 9915
Epoch: [16]  [100/809]  eta: 0:15:08  lr: 0.000100  loss: 10.5376 (10.5128)  loss_bbox: 0.0964 (0.0937)  loss_bbox_aux_0: 0.0992 (0.0986)  loss_bbox_aux_1: 0.0983 (0.0953)  loss_bbox_aux_2: 0.1110 (0.1112)  loss_bbox_dn_0: 0.0602 (0.0614)  loss_bbox_dn_1: 0.0533 (0.0509)  loss_bbox_dn_2: 0.0526 (0.0494)  loss_giou: 0.9478 (0.9701)  loss_giou_aux_0: 0.9817 (0.9996)  loss_giou_aux_1: 0.9592 (0.9790)  loss_giou_aux_2: 1.0604 (1.0703)  loss_giou_dn_0: 0.7991 (0.8138)  loss_giou_dn_1: 0.7266 (0.7279)  loss_giou_dn_2: 0.7166 (0.7163)  loss_vfl: 0.5696 (0.5635)  loss_vfl_aux_0: 0.5708 (0.5664)  loss_vfl_aux_1: 0.5771 (0.5661)  loss_vfl_aux_2: 0.5837 (0.5729)  loss_vfl_dn_0: 0.4824 (0.4776)  loss_vfl_dn_1: 0.4707 (0.4671)  loss_vfl_dn_2: 0.4612 (0.4618)  time: 1.2323  data: 0.0301  max mem: 9915
Epoch: [16]  [200/809]  eta: 0:12:35  lr: 0.000100  loss: 10.4591 (10.5145)  loss_bbox: 0.0929 (0.0923)  loss_bbox_aux_0: 0.0951 (0.0969)  loss_bbox_aux_1: 0.0939 (0.0937)  loss_bbox_aux_2: 0.1102 (0.1092)  loss_bbox_dn_0: 0.0595 (0.0608)  loss_bbox_dn_1: 0.0508 (0.0504)  loss_bbox_dn_2: 0.0478 (0.0489)  loss_giou: 0.9586 (0.9764)  loss_giou_aux_0: 1.0014 (1.0060)  loss_giou_aux_1: 0.9761 (0.9858)  loss_giou_aux_2: 1.0901 (1.0731)  loss_giou_dn_0: 0.8149 (0.8120)  loss_giou_dn_1: 0.7275 (0.7273)  loss_giou_dn_2: 0.7192 (0.7163)  loss_vfl: 0.5383 (0.5599)  loss_vfl_aux_0: 0.5520 (0.5632)  loss_vfl_aux_1: 0.5446 (0.5628)  loss_vfl_aux_2: 0.5431 (0.5711)  loss_vfl_dn_0: 0.4767 (0.4788)  loss_vfl_dn_1: 0.4652 (0.4673)  loss_vfl_dn_2: 0.4611 (0.4623)  time: 1.1860  data: 0.0309  max mem: 9915
Epoch: [16]  [300/809]  eta: 0:10:25  lr: 0.000100  loss: 10.1418 (10.4903)  loss_bbox: 0.0764 (0.0917)  loss_bbox_aux_0: 0.0763 (0.0964)  loss_bbox_aux_1: 0.0765 (0.0931)  loss_bbox_aux_2: 0.0937 (0.1087)  loss_bbox_dn_0: 0.0640 (0.0619)  loss_bbox_dn_1: 0.0520 (0.0513)  loss_bbox_dn_2: 0.0519 (0.0498)  loss_giou: 0.9071 (0.9685)  loss_giou_aux_0: 0.9445 (0.9983)  loss_giou_aux_1: 0.9426 (0.9785)  loss_giou_aux_2: 1.0020 (1.0644)  loss_giou_dn_0: 0.8185 (0.8129)  loss_giou_dn_1: 0.7442 (0.7274)  loss_giou_dn_2: 0.7256 (0.7160)  loss_vfl: 0.5430 (0.5611)  loss_vfl_aux_0: 0.5446 (0.5644)  loss_vfl_aux_1: 0.5454 (0.5637)  loss_vfl_aux_2: 0.5513 (0.5733)  loss_vfl_dn_0: 0.4781 (0.4788)  loss_vfl_dn_1: 0.4648 (0.4675)  loss_vfl_dn_2: 0.4548 (0.4624)  time: 1.2095  data: 0.0326  max mem: 9915
Epoch: [16]  [400/809]  eta: 0:08:18  lr: 0.000100  loss: 10.3232 (10.5228)  loss_bbox: 0.0916 (0.0931)  loss_bbox_aux_0: 0.0998 (0.0977)  loss_bbox_aux_1: 0.0929 (0.0944)  loss_bbox_aux_2: 0.1098 (0.1101)  loss_bbox_dn_0: 0.0564 (0.0617)  loss_bbox_dn_1: 0.0484 (0.0513)  loss_bbox_dn_2: 0.0483 (0.0497)  loss_giou: 0.9417 (0.9773)  loss_giou_aux_0: 0.9687 (1.0065)  loss_giou_aux_1: 0.9574 (0.9874)  loss_giou_aux_2: 1.0379 (1.0720)  loss_giou_dn_0: 0.7998 (0.8145)  loss_giou_dn_1: 0.6982 (0.7291)  loss_giou_dn_2: 0.6876 (0.7177)  loss_vfl: 0.5380 (0.5583)  loss_vfl_aux_0: 0.5475 (0.5616)  loss_vfl_aux_1: 0.5493 (0.5610)  loss_vfl_aux_2: 0.5588 (0.5707)  loss_vfl_dn_0: 0.4789 (0.4786)  loss_vfl_dn_1: 0.4665 (0.4675)  loss_vfl_dn_2: 0.4604 (0.4625)  time: 1.1706  data: 0.0298  max mem: 9915
Epoch: [16]  [500/809]  eta: 0:06:12  lr: 0.000100  loss: 10.6226 (10.5424)  loss_bbox: 0.0833 (0.0940)  loss_bbox_aux_0: 0.0904 (0.0986)  loss_bbox_aux_1: 0.0846 (0.0953)  loss_bbox_aux_2: 0.1019 (0.1108)  loss_bbox_dn_0: 0.0505 (0.0615)  loss_bbox_dn_1: 0.0404 (0.0513)  loss_bbox_dn_2: 0.0390 (0.0497)  loss_giou: 0.9956 (0.9837)  loss_giou_aux_0: 1.0167 (1.0132)  loss_giou_aux_1: 0.9964 (0.9940)  loss_giou_aux_2: 1.0867 (1.0773)  loss_giou_dn_0: 0.8328 (0.8159)  loss_giou_dn_1: 0.7441 (0.7308)  loss_giou_dn_2: 0.7285 (0.7195)  loss_vfl: 0.5457 (0.5552)  loss_vfl_aux_0: 0.5403 (0.5584)  loss_vfl_aux_1: 0.5518 (0.5576)  loss_vfl_aux_2: 0.5580 (0.5687)  loss_vfl_dn_0: 0.4774 (0.4781)  loss_vfl_dn_1: 0.4612 (0.4668)  loss_vfl_dn_2: 0.4546 (0.4620)  time: 1.2649  data: 0.0317  max mem: 9915
Epoch: [16]  [600/809]  eta: 0:04:12  lr: 0.000100  loss: 10.4108 (10.5478)  loss_bbox: 0.0839 (0.0940)  loss_bbox_aux_0: 0.0898 (0.0986)  loss_bbox_aux_1: 0.0861 (0.0952)  loss_bbox_aux_2: 0.1011 (0.1107)  loss_bbox_dn_0: 0.0559 (0.0610)  loss_bbox_dn_1: 0.0454 (0.0508)  loss_bbox_dn_2: 0.0444 (0.0492)  loss_giou: 0.9763 (0.9853)  loss_giou_aux_0: 1.0173 (1.0148)  loss_giou_aux_1: 0.9915 (0.9954)  loss_giou_aux_2: 1.0749 (1.0787)  loss_giou_dn_0: 0.8007 (0.8162)  loss_giou_dn_1: 0.7078 (0.7311)  loss_giou_dn_2: 0.7028 (0.7199)  loss_vfl: 0.5355 (0.5553)  loss_vfl_aux_0: 0.5403 (0.5580)  loss_vfl_aux_1: 0.5387 (0.5579)  loss_vfl_aux_2: 0.5613 (0.5681)  loss_vfl_dn_0: 0.4758 (0.4783)  loss_vfl_dn_1: 0.4648 (0.4672)  loss_vfl_dn_2: 0.4607 (0.4622)  time: 1.2320  data: 0.0318  max mem: 9915
Epoch: [16]  [700/809]  eta: 0:02:11  lr: 0.000100  loss: 10.5035 (10.5427)  loss_bbox: 0.0948 (0.0947)  loss_bbox_aux_0: 0.1021 (0.0994)  loss_bbox_aux_1: 0.0963 (0.0960)  loss_bbox_aux_2: 0.1127 (0.1115)  loss_bbox_dn_0: 0.0594 (0.0612)  loss_bbox_dn_1: 0.0496 (0.0510)  loss_bbox_dn_2: 0.0490 (0.0494)  loss_giou: 0.9712 (0.9840)  loss_giou_aux_0: 1.0223 (1.0131)  loss_giou_aux_1: 0.9882 (0.9941)  loss_giou_aux_2: 1.0822 (1.0768)  loss_giou_dn_0: 0.7991 (0.8148)  loss_giou_dn_1: 0.7318 (0.7299)  loss_giou_dn_2: 0.7181 (0.7187)  loss_vfl: 0.5389 (0.5552)  loss_vfl_aux_0: 0.5417 (0.5584)  loss_vfl_aux_1: 0.5465 (0.5580)  loss_vfl_aux_2: 0.5640 (0.5683)  loss_vfl_dn_0: 0.4729 (0.4784)  loss_vfl_dn_1: 0.4641 (0.4672)  loss_vfl_dn_2: 0.4612 (0.4625)  time: 1.2297  data: 0.0306  max mem: 9915
Epoch: [16]  [800/809]  eta: 0:00:10  lr: 0.000100  loss: 10.0184 (10.5194)  loss_bbox: 0.0746 (0.0941)  loss_bbox_aux_0: 0.0782 (0.0987)  loss_bbox_aux_1: 0.0759 (0.0953)  loss_bbox_aux_2: 0.0915 (0.1109)  loss_bbox_dn_0: 0.0562 (0.0613)  loss_bbox_dn_1: 0.0474 (0.0511)  loss_bbox_dn_2: 0.0459 (0.0496)  loss_giou: 0.8597 (0.9778)  loss_giou_aux_0: 0.8835 (1.0067)  loss_giou_aux_1: 0.8711 (0.9879)  loss_giou_aux_2: 0.9438 (1.0707)  loss_giou_dn_0: 0.7924 (0.8132)  loss_giou_dn_1: 0.7040 (0.7283)  loss_giou_dn_2: 0.7000 (0.7171)  loss_vfl: 0.5605 (0.5571)  loss_vfl_aux_0: 0.5693 (0.5604)  loss_vfl_aux_1: 0.5675 (0.5599)  loss_vfl_aux_2: 0.5883 (0.5705)  loss_vfl_dn_0: 0.4795 (0.4788)  loss_vfl_dn_1: 0.4651 (0.4674)  loss_vfl_dn_2: 0.4578 (0.4628)  time: 1.2159  data: 0.0332  max mem: 9915
Epoch: [16]  [808/809]  eta: 0:00:01  lr: 0.000100  loss: 10.3481 (10.5197)  loss_bbox: 0.0788 (0.0939)  loss_bbox_aux_0: 0.0848 (0.0985)  loss_bbox_aux_1: 0.0785 (0.0951)  loss_bbox_aux_2: 0.0950 (0.1107)  loss_bbox_dn_0: 0.0617 (0.0613)  loss_bbox_dn_1: 0.0537 (0.0511)  loss_bbox_dn_2: 0.0521 (0.0496)  loss_giou: 0.9035 (0.9777)  loss_giou_aux_0: 0.9379 (1.0066)  loss_giou_aux_1: 0.9162 (0.9877)  loss_giou_aux_2: 1.0040 (1.0705)  loss_giou_dn_0: 0.7803 (0.8134)  loss_giou_dn_1: 0.7198 (0.7286)  loss_giou_dn_2: 0.7145 (0.7175)  loss_vfl: 0.5780 (0.5573)  loss_vfl_aux_0: 0.5901 (0.5605)  loss_vfl_aux_1: 0.5891 (0.5600)  loss_vfl_aux_2: 0.5875 (0.5705)  loss_vfl_dn_0: 0.4730 (0.4788)  loss_vfl_dn_1: 0.4650 (0.4674)  loss_vfl_dn_2: 0.4578 (0.4628)  time: 1.0329  data: 0.0306  max mem: 9915
Epoch: [16] Total time: 0:16:11 (1.2013 s / it)
Averaged stats: lr: 0.000100  loss: 10.3481 (10.5197)  loss_bbox: 0.0788 (0.0939)  loss_bbox_aux_0: 0.0848 (0.0985)  loss_bbox_aux_1: 0.0785 (0.0951)  loss_bbox_aux_2: 0.0950 (0.1107)  loss_bbox_dn_0: 0.0617 (0.0613)  loss_bbox_dn_1: 0.0537 (0.0511)  loss_bbox_dn_2: 0.0521 (0.0496)  loss_giou: 0.9035 (0.9777)  loss_giou_aux_0: 0.9379 (1.0066)  loss_giou_aux_1: 0.9162 (0.9877)  loss_giou_aux_2: 1.0040 (1.0705)  loss_giou_dn_0: 0.7803 (0.8134)  loss_giou_dn_1: 0.7198 (0.7286)  loss_giou_dn_2: 0.7145 (0.7175)  loss_vfl: 0.5780 (0.5573)  loss_vfl_aux_0: 0.5901 (0.5605)  loss_vfl_aux_1: 0.5891 (0.5600)  loss_vfl_aux_2: 0.5875 (0.5705)  loss_vfl_dn_0: 0.4730 (0.4788)  loss_vfl_dn_1: 0.4650 (0.4674)  loss_vfl_dn_2: 0.4578 (0.4628)
Test:  [ 0/69]  eta: 0:01:57    time: 1.7013  data: 0.7110  max mem: 9915
Test:  [10/69]  eta: 0:00:47    time: 0.8027  data: 0.0900  max mem: 9915
Test:  [20/69]  eta: 0:00:40    time: 0.7859  data: 0.0268  max mem: 9915
Test:  [30/69]  eta: 0:00:30    time: 0.7643  data: 0.0246  max mem: 9915
Test:  [40/69]  eta: 0:00:21    time: 0.6731  data: 0.0249  max mem: 9915
Test:  [50/69]  eta: 0:00:13    time: 0.6440  data: 0.0254  max mem: 9915
Test:  [60/69]  eta: 0:00:06    time: 0.6118  data: 0.0248  max mem: 9915
Test:  [68/69]  eta: 0:00:00    time: 0.6292  data: 0.0239  max mem: 9915
Test: Total time: 0:00:48 (0.7041 s / it)
Averaged stats: 
Accumulating evaluation results...
DONE (t=2.36s).
IoU metric: bbox
 Average Precision  (AP) @[ IoU=0.50:0.95 | area=   all | maxDets=100 ] = 0.185
 Average Precision  (AP) @[ IoU=0.50      | area=   all | maxDets=100 ] = 0.306
 Average Precision  (AP) @[ IoU=0.75      | area=   all | maxDets=100 ] = 0.189
 Average Precision  (AP) @[ IoU=0.50:0.95 | area= small | maxDets=100 ] = 0.124
 Average Precision  (AP) @[ IoU=0.50:0.95 | area=medium | maxDets=100 ] = 0.248
 Average Precision  (AP) @[ IoU=0.50:0.95 | area= large | maxDets=100 ] = 0.321
 Average Recall     (AR) @[ IoU=0.50:0.95 | area=   all | maxDets=  1 ] = 0.087
 Average Recall     (AR) @[ IoU=0.50:0.95 | area=   all | maxDets= 10 ] = 0.250
 Average Recall     (AR) @[ IoU=0.50:0.95 | area=   all | maxDets=100 ] = 0.348
 Average Recall     (AR) @[ IoU=0.50:0.95 | area= small | maxDets=100 ] = 0.271
 Average Recall     (AR) @[ IoU=0.50:0.95 | area=medium | maxDets=100 ] = 0.441
 Average Recall     (AR) @[ IoU=0.50:0.95 | area= large | maxDets=100 ] = 0.557
best_stat:  {'epoch': 16, 'coco_eval_bbox': 0.1846655883179655}
Epoch: [17]  [  0/809]  eta: 1:31:34  lr: 0.000100  loss: 9.6311 (9.6311)  loss_bbox: 0.0589 (0.0589)  loss_bbox_aux_0: 0.0633 (0.0633)  loss_bbox_aux_1: 0.0586 (0.0586)  loss_bbox_aux_2: 0.0833 (0.0833)  loss_bbox_dn_0: 0.0530 (0.0530)  loss_bbox_dn_1: 0.0436 (0.0436)  loss_bbox_dn_2: 0.0420 (0.0420)  loss_giou: 0.8133 (0.8133)  loss_giou_aux_0: 0.8380 (0.8380)  loss_giou_aux_1: 0.8218 (0.8218)  loss_giou_aux_2: 0.9188 (0.9188)  loss_giou_dn_0: 0.7460 (0.7460)  loss_giou_dn_1: 0.6795 (0.6795)  loss_giou_dn_2: 0.6652 (0.6652)  loss_vfl: 0.5728 (0.5728)  loss_vfl_aux_0: 0.5825 (0.5825)  loss_vfl_aux_1: 0.5796 (0.5796)  loss_vfl_aux_2: 0.5950 (0.5950)  loss_vfl_dn_0: 0.4882 (0.4882)  loss_vfl_dn_1: 0.4652 (0.4652)  loss_vfl_dn_2: 0.4625 (0.4625)  time: 6.7923  data: 2.9851  max mem: 9915
Epoch: [17]  [100/809]  eta: 0:15:02  lr: 0.000100  loss: 9.9633 (10.4218)  loss_bbox: 0.0779 (0.0927)  loss_bbox_aux_0: 0.0845 (0.0978)  loss_bbox_aux_1: 0.0772 (0.0940)  loss_bbox_aux_2: 0.1056 (0.1126)  loss_bbox_dn_0: 0.0639 (0.0601)  loss_bbox_dn_1: 0.0511 (0.0500)  loss_bbox_dn_2: 0.0492 (0.0485)  loss_giou: 0.8287 (0.9670)  loss_giou_aux_0: 0.8576 (0.9978)  loss_giou_aux_1: 0.8369 (0.9766)  loss_giou_aux_2: 0.9386 (1.0576)  loss_giou_dn_0: 0.7633 (0.8067)  loss_giou_dn_1: 0.6864 (0.7244)  loss_giou_dn_2: 0.6743 (0.7136)  loss_vfl: 0.5796 (0.5488)  loss_vfl_aux_0: 0.5703 (0.5526)  loss_vfl_aux_1: 0.5813 (0.5533)  loss_vfl_aux_2: 0.5852 (0.5628)  loss_vfl_dn_0: 0.4834 (0.4795)  loss_vfl_dn_1: 0.4648 (0.4651)  loss_vfl_dn_2: 0.4568 (0.4604)  time: 1.2354  data: 0.0337  max mem: 9915
Epoch: [17]  [200/809]  eta: 0:12:26  lr: 0.000100  loss: 10.5441 (10.4281)  loss_bbox: 0.0922 (0.0916)  loss_bbox_aux_0: 0.0970 (0.0964)  loss_bbox_aux_1: 0.0936 (0.0928)  loss_bbox_aux_2: 0.1143 (0.1102)  loss_bbox_dn_0: 0.0642 (0.0597)  loss_bbox_dn_1: 0.0526 (0.0498)  loss_bbox_dn_2: 0.0513 (0.0483)  loss_giou: 0.9236 (0.9651)  loss_giou_aux_0: 0.9416 (0.9949)  loss_giou_aux_1: 0.9319 (0.9742)  loss_giou_aux_2: 1.0458 (1.0586)  loss_giou_dn_0: 0.7882 (0.8078)  loss_giou_dn_1: 0.7030 (0.7242)  loss_giou_dn_2: 0.6965 (0.7128)  loss_vfl: 0.5872 (0.5537)  loss_vfl_aux_0: 0.6042 (0.5572)  loss_vfl_aux_1: 0.5977 (0.5573)  loss_vfl_aux_2: 0.6042 (0.5656)  loss_vfl_dn_0: 0.4828 (0.4797)  loss_vfl_dn_1: 0.4753 (0.4665)  loss_vfl_dn_2: 0.4681 (0.4619)  time: 1.1182  data: 0.0325  max mem: 9915
Epoch: [17]  [300/809]  eta: 0:10:07  lr: 0.000100  loss: 10.1471 (10.4320)  loss_bbox: 0.0882 (0.0915)  loss_bbox_aux_0: 0.0953 (0.0960)  loss_bbox_aux_1: 0.0907 (0.0925)  loss_bbox_aux_2: 0.1036 (0.1092)  loss_bbox_dn_0: 0.0615 (0.0597)  loss_bbox_dn_1: 0.0501 (0.0499)  loss_bbox_dn_2: 0.0489 (0.0484)  loss_giou: 0.8604 (0.9651)  loss_giou_aux_0: 0.8776 (0.9938)  loss_giou_aux_1: 0.8679 (0.9743)  loss_giou_aux_2: 0.9503 (1.0572)  loss_giou_dn_0: 0.7574 (0.8058)  loss_giou_dn_1: 0.6719 (0.7230)  loss_giou_dn_2: 0.6551 (0.7119)  loss_vfl: 0.5906 (0.5558)  loss_vfl_aux_0: 0.6057 (0.5593)  loss_vfl_aux_1: 0.6119 (0.5595)  loss_vfl_aux_2: 0.6053 (0.5687)  loss_vfl_dn_0: 0.4858 (0.4804)  loss_vfl_dn_1: 0.4753 (0.4674)  loss_vfl_dn_2: 0.4683 (0.4626)  time: 1.1411  data: 0.0300  max mem: 9915
Epoch: [17]  [400/809]  eta: 0:08:09  lr: 0.000100  loss: 10.6495 (10.4838)  loss_bbox: 0.0878 (0.0927)  loss_bbox_aux_0: 0.0904 (0.0970)  loss_bbox_aux_1: 0.0897 (0.0938)  loss_bbox_aux_2: 0.1150 (0.1097)  loss_bbox_dn_0: 0.0607 (0.0593)  loss_bbox_dn_1: 0.0494 (0.0496)  loss_bbox_dn_2: 0.0479 (0.0481)  loss_giou: 1.0293 (0.9763)  loss_giou_aux_0: 1.0672 (1.0054)  loss_giou_aux_1: 1.0355 (0.9855)  loss_giou_aux_2: 1.1365 (1.0691)  loss_giou_dn_0: 0.8282 (0.8105)  loss_giou_dn_1: 0.7496 (0.7275)  loss_giou_dn_2: 0.7345 (0.7165)  loss_vfl: 0.5197 (0.5540)  loss_vfl_aux_0: 0.5376 (0.5571)  loss_vfl_aux_1: 0.5243 (0.5575)  loss_vfl_aux_2: 0.5142 (0.5658)  loss_vfl_dn_0: 0.4752 (0.4795)  loss_vfl_dn_1: 0.4626 (0.4668)  loss_vfl_dn_2: 0.4584 (0.4621)  time: 1.1937  data: 0.0306  max mem: 9915
Epoch: [17]  [500/809]  eta: 0:06:09  lr: 0.000100  loss: 10.5882 (10.4738)  loss_bbox: 0.0960 (0.0932)  loss_bbox_aux_0: 0.0990 (0.0976)  loss_bbox_aux_1: 0.0975 (0.0944)  loss_bbox_aux_2: 0.1054 (0.1100)  loss_bbox_dn_0: 0.0588 (0.0599)  loss_bbox_dn_1: 0.0491 (0.0500)  loss_bbox_dn_2: 0.0475 (0.0485)  loss_giou: 0.9718 (0.9740)  loss_giou_aux_0: 1.0117 (1.0030)  loss_giou_aux_1: 0.9854 (0.9831)  loss_giou_aux_2: 1.0545 (1.0669)  loss_giou_dn_0: 0.8377 (0.8093)  loss_giou_dn_1: 0.7418 (0.7260)  loss_giou_dn_2: 0.7281 (0.7151)  loss_vfl: 0.5500 (0.5536)  loss_vfl_aux_0: 0.5552 (0.5574)  loss_vfl_aux_1: 0.5549 (0.5574)  loss_vfl_aux_2: 0.5752 (0.5669)  loss_vfl_dn_0: 0.4725 (0.4793)  loss_vfl_dn_1: 0.4637 (0.4665)  loss_vfl_dn_2: 0.4613 (0.4618)  time: 1.1989  data: 0.0319  max mem: 9915
Epoch: [17]  [600/809]  eta: 0:04:10  lr: 0.000100  loss: 10.3227 (10.4584)  loss_bbox: 0.0841 (0.0934)  loss_bbox_aux_0: 0.0892 (0.0977)  loss_bbox_aux_1: 0.0854 (0.0944)  loss_bbox_aux_2: 0.0985 (0.1105)  loss_bbox_dn_0: 0.0530 (0.0604)  loss_bbox_dn_1: 0.0446 (0.0503)  loss_bbox_dn_2: 0.0443 (0.0488)  loss_giou: 0.9888 (0.9695)  loss_giou_aux_0: 1.0179 (0.9982)  loss_giou_aux_1: 0.9947 (0.9785)  loss_giou_aux_2: 1.0861 (1.0639)  loss_giou_dn_0: 0.8173 (0.8072)  loss_giou_dn_1: 0.7318 (0.7236)  loss_giou_dn_2: 0.7183 (0.7126)  loss_vfl: 0.5485 (0.5550)  loss_vfl_aux_0: 0.5585 (0.5590)  loss_vfl_aux_1: 0.5521 (0.5589)  loss_vfl_aux_2: 0.5554 (0.5687)  loss_vfl_dn_0: 0.4703 (0.4794)  loss_vfl_dn_1: 0.4655 (0.4664)  loss_vfl_dn_2: 0.4640 (0.4618)  time: 1.1856  data: 0.0303  max mem: 9915
Epoch: [17]  [700/809]  eta: 0:02:10  lr: 0.000100  loss: 10.2120 (10.4708)  loss_bbox: 0.0842 (0.0942)  loss_bbox_aux_0: 0.0903 (0.0987)  loss_bbox_aux_1: 0.0851 (0.0953)  loss_bbox_aux_2: 0.1004 (0.1113)  loss_bbox_dn_0: 0.0598 (0.0606)  loss_bbox_dn_1: 0.0524 (0.0505)  loss_bbox_dn_2: 0.0513 (0.0491)  loss_giou: 0.8558 (0.9713)  loss_giou_aux_0: 0.8955 (1.0001)  loss_giou_aux_1: 0.8665 (0.9805)  loss_giou_aux_2: 0.9607 (1.0658)  loss_giou_dn_0: 0.7945 (0.8071)  loss_giou_dn_1: 0.7147 (0.7235)  loss_giou_dn_2: 0.6957 (0.7125)  loss_vfl: 0.5754 (0.5551)  loss_vfl_aux_0: 0.5916 (0.5594)  loss_vfl_aux_1: 0.5825 (0.5590)  loss_vfl_aux_2: 0.5874 (0.5687)  loss_vfl_dn_0: 0.4767 (0.4795)  loss_vfl_dn_1: 0.4612 (0.4665)  loss_vfl_dn_2: 0.4575 (0.4620)  time: 1.1668  data: 0.0294  max mem: 9915
Epoch: [17]  [800/809]  eta: 0:00:10  lr: 0.000100  loss: 10.0588 (10.4598)  loss_bbox: 0.0746 (0.0944)  loss_bbox_aux_0: 0.0796 (0.0988)  loss_bbox_aux_1: 0.0768 (0.0955)  loss_bbox_aux_2: 0.0912 (0.1113)  loss_bbox_dn_0: 0.0562 (0.0604)  loss_bbox_dn_1: 0.0460 (0.0503)  loss_bbox_dn_2: 0.0458 (0.0489)  loss_giou: 0.8867 (0.9700)  loss_giou_aux_0: 0.9147 (0.9989)  loss_giou_aux_1: 0.8974 (0.9794)  loss_giou_aux_2: 0.9928 (1.0644)  loss_giou_dn_0: 0.7736 (0.8065)  loss_giou_dn_1: 0.6848 (0.7228)  loss_giou_dn_2: 0.6716 (0.7118)  loss_vfl: 0.5792 (0.5545)  loss_vfl_aux_0: 0.5851 (0.5588)  loss_vfl_aux_1: 0.5955 (0.5584)  loss_vfl_aux_2: 0.6036 (0.5685)  loss_vfl_dn_0: 0.4822 (0.4788)  loss_vfl_dn_1: 0.4663 (0.4659)  loss_vfl_dn_2: 0.4636 (0.4615)  time: 1.2576  data: 0.0310  max mem: 9915
Epoch: [17]  [808/809]  eta: 0:00:01  lr: 0.000100  loss: 10.1139 (10.4631)  loss_bbox: 0.0742 (0.0945)  loss_bbox_aux_0: 0.0796 (0.0990)  loss_bbox_aux_1: 0.0768 (0.0956)  loss_bbox_aux_2: 0.0912 (0.1115)  loss_bbox_dn_0: 0.0551 (0.0603)  loss_bbox_dn_1: 0.0442 (0.0503)  loss_bbox_dn_2: 0.0440 (0.0488)  loss_giou: 0.8937 (0.9710)  loss_giou_aux_0: 0.9345 (0.9998)  loss_giou_aux_1: 0.8974 (0.9803)  loss_giou_aux_2: 1.0063 (1.0654)  loss_giou_dn_0: 0.7840 (0.8067)  loss_giou_dn_1: 0.7091 (0.7231)  loss_giou_dn_2: 0.7022 (0.7121)  loss_vfl: 0.5596 (0.5542)  loss_vfl_aux_0: 0.5352 (0.5582)  loss_vfl_aux_1: 0.5471 (0.5580)  loss_vfl_aux_2: 0.5410 (0.5681)  loss_vfl_dn_0: 0.4777 (0.4788)  loss_vfl_dn_1: 0.4670 (0.4659)  loss_vfl_dn_2: 0.4639 (0.4615)  time: 1.0972  data: 0.0290  max mem: 9915
Epoch: [17] Total time: 0:16:05 (1.1928 s / it)
Averaged stats: lr: 0.000100  loss: 10.1139 (10.4631)  loss_bbox: 0.0742 (0.0945)  loss_bbox_aux_0: 0.0796 (0.0990)  loss_bbox_aux_1: 0.0768 (0.0956)  loss_bbox_aux_2: 0.0912 (0.1115)  loss_bbox_dn_0: 0.0551 (0.0603)  loss_bbox_dn_1: 0.0442 (0.0503)  loss_bbox_dn_2: 0.0440 (0.0488)  loss_giou: 0.8937 (0.9710)  loss_giou_aux_0: 0.9345 (0.9998)  loss_giou_aux_1: 0.8974 (0.9803)  loss_giou_aux_2: 1.0063 (1.0654)  loss_giou_dn_0: 0.7840 (0.8067)  loss_giou_dn_1: 0.7091 (0.7231)  loss_giou_dn_2: 0.7022 (0.7121)  loss_vfl: 0.5596 (0.5542)  loss_vfl_aux_0: 0.5352 (0.5582)  loss_vfl_aux_1: 0.5471 (0.5580)  loss_vfl_aux_2: 0.5410 (0.5681)  loss_vfl_dn_0: 0.4777 (0.4788)  loss_vfl_dn_1: 0.4670 (0.4659)  loss_vfl_dn_2: 0.4639 (0.4615)
Test:  [ 0/69]  eta: 0:01:23    time: 1.2073  data: 0.6345  max mem: 9915
Test:  [10/69]  eta: 0:00:46    time: 0.7921  data: 0.0775  max mem: 9915
Test:  [20/69]  eta: 0:00:36    time: 0.7200  data: 0.0213  max mem: 9915
Test:  [30/69]  eta: 0:00:27    time: 0.6590  data: 0.0210  max mem: 9915
Test:  [40/69]  eta: 0:00:19    time: 0.6242  data: 0.0206  max mem: 9915
Test:  [50/69]  eta: 0:00:12    time: 0.6123  data: 0.0215  max mem: 9915
Test:  [60/69]  eta: 0:00:05    time: 0.5866  data: 0.0226  max mem: 9915
Test:  [68/69]  eta: 0:00:00    time: 0.5864  data: 0.0207  max mem: 9915
Test: Total time: 0:00:44 (0.6509 s / it)
Averaged stats: 
Accumulating evaluation results...
DONE (t=2.06s).
IoU metric: bbox
 Average Precision  (AP) @[ IoU=0.50:0.95 | area=   all | maxDets=100 ] = 0.188
 Average Precision  (AP) @[ IoU=0.50      | area=   all | maxDets=100 ] = 0.310
 Average Precision  (AP) @[ IoU=0.75      | area=   all | maxDets=100 ] = 0.193
 Average Precision  (AP) @[ IoU=0.50:0.95 | area= small | maxDets=100 ] = 0.125
 Average Precision  (AP) @[ IoU=0.50:0.95 | area=medium | maxDets=100 ] = 0.252
 Average Precision  (AP) @[ IoU=0.50:0.95 | area= large | maxDets=100 ] = 0.347
 Average Recall     (AR) @[ IoU=0.50:0.95 | area=   all | maxDets=  1 ] = 0.089
 Average Recall     (AR) @[ IoU=0.50:0.95 | area=   all | maxDets= 10 ] = 0.253
 Average Recall     (AR) @[ IoU=0.50:0.95 | area=   all | maxDets=100 ] = 0.352
 Average Recall     (AR) @[ IoU=0.50:0.95 | area= small | maxDets=100 ] = 0.274
 Average Recall     (AR) @[ IoU=0.50:0.95 | area=medium | maxDets=100 ] = 0.445
 Average Recall     (AR) @[ IoU=0.50:0.95 | area= large | maxDets=100 ] = 0.566
best_stat:  {'epoch': 17, 'coco_eval_bbox': 0.18775516805090095}
Epoch: [18]  [  0/809]  eta: 1:33:35  lr: 0.000100  loss: 10.5034 (10.5034)  loss_bbox: 0.0886 (0.0886)  loss_bbox_aux_0: 0.0923 (0.0923)  loss_bbox_aux_1: 0.0899 (0.0899)  loss_bbox_aux_2: 0.1047 (0.1047)  loss_bbox_dn_0: 0.0551 (0.0551)  loss_bbox_dn_1: 0.0485 (0.0485)  loss_bbox_dn_2: 0.0467 (0.0467)  loss_giou: 0.9716 (0.9716)  loss_giou_aux_0: 0.9990 (0.9990)  loss_giou_aux_1: 0.9827 (0.9827)  loss_giou_aux_2: 1.0690 (1.0690)  loss_giou_dn_0: 0.8136 (0.8136)  loss_giou_dn_1: 0.7481 (0.7481)  loss_giou_dn_2: 0.7377 (0.7377)  loss_vfl: 0.5459 (0.5459)  loss_vfl_aux_0: 0.5537 (0.5537)  loss_vfl_aux_1: 0.5452 (0.5452)  loss_vfl_aux_2: 0.5411 (0.5411)  loss_vfl_dn_0: 0.4967 (0.4967)  loss_vfl_dn_1: 0.4899 (0.4899)  loss_vfl_dn_2: 0.4835 (0.4835)  time: 6.9409  data: 4.1524  max mem: 9915
Epoch: [18]  [100/809]  eta: 0:14:06  lr: 0.000100  loss: 10.5463 (10.5277)  loss_bbox: 0.0930 (0.0939)  loss_bbox_aux_0: 0.0973 (0.0986)  loss_bbox_aux_1: 0.0947 (0.0949)  loss_bbox_aux_2: 0.1061 (0.1108)  loss_bbox_dn_0: 0.0611 (0.0600)  loss_bbox_dn_1: 0.0487 (0.0498)  loss_bbox_dn_2: 0.0470 (0.0481)  loss_giou: 0.9647 (0.9981)  loss_giou_aux_0: 0.9813 (1.0281)  loss_giou_aux_1: 0.9784 (1.0083)  loss_giou_aux_2: 1.0489 (1.0880)  loss_giou_dn_0: 0.7907 (0.8171)  loss_giou_dn_1: 0.7007 (0.7328)  loss_giou_dn_2: 0.6937 (0.7214)  loss_vfl: 0.5347 (0.5391)  loss_vfl_aux_0: 0.5386 (0.5431)  loss_vfl_aux_1: 0.5332 (0.5424)  loss_vfl_aux_2: 0.5546 (0.5532)  loss_vfl_dn_0: 0.4818 (0.4774)  loss_vfl_dn_1: 0.4655 (0.4635)  loss_vfl_dn_2: 0.4625 (0.4589)  time: 1.1824  data: 0.0321  max mem: 9915
Epoch: [18]  [200/809]  eta: 0:12:06  lr: 0.000100  loss: 10.1820 (10.5028)  loss_bbox: 0.0848 (0.0934)  loss_bbox_aux_0: 0.0868 (0.0979)  loss_bbox_aux_1: 0.0866 (0.0946)  loss_bbox_aux_2: 0.0983 (0.1112)  loss_bbox_dn_0: 0.0555 (0.0601)  loss_bbox_dn_1: 0.0460 (0.0501)  loss_bbox_dn_2: 0.0443 (0.0486)  loss_giou: 0.9076 (0.9870)  loss_giou_aux_0: 0.9318 (1.0178)  loss_giou_aux_1: 0.9141 (0.9971)  loss_giou_aux_2: 1.0147 (1.0793)  loss_giou_dn_0: 0.7781 (0.8107)  loss_giou_dn_1: 0.6962 (0.7277)  loss_giou_dn_2: 0.6822 (0.7164)  loss_vfl: 0.5732 (0.5456)  loss_vfl_aux_0: 0.5834 (0.5494)  loss_vfl_aux_1: 0.5791 (0.5492)  loss_vfl_aux_2: 0.5905 (0.5609)  loss_vfl_dn_0: 0.4802 (0.4790)  loss_vfl_dn_1: 0.4679 (0.4657)  loss_vfl_dn_2: 0.4646 (0.4611)  time: 1.1701  data: 0.0334  max mem: 9915
Epoch: [18]  [300/809]  eta: 0:10:08  lr: 0.000100  loss: 10.5814 (10.5211)  loss_bbox: 0.0856 (0.0949)  loss_bbox_aux_0: 0.0893 (0.0994)  loss_bbox_aux_1: 0.0842 (0.0959)  loss_bbox_aux_2: 0.1038 (0.1123)  loss_bbox_dn_0: 0.0643 (0.0602)  loss_bbox_dn_1: 0.0527 (0.0501)  loss_bbox_dn_2: 0.0520 (0.0487)  loss_giou: 0.9947 (0.9924)  loss_giou_aux_0: 0.9997 (1.0227)  loss_giou_aux_1: 0.9922 (1.0017)  loss_giou_aux_2: 1.0468 (1.0845)  loss_giou_dn_0: 0.8209 (0.8131)  loss_giou_dn_1: 0.7193 (0.7294)  loss_giou_dn_2: 0.7106 (0.7184)  loss_vfl: 0.5310 (0.5423)  loss_vfl_aux_0: 0.5474 (0.5473)  loss_vfl_aux_1: 0.5444 (0.5469)  loss_vfl_aux_2: 0.5898 (0.5585)  loss_vfl_dn_0: 0.4727 (0.4770)  loss_vfl_dn_1: 0.4620 (0.4650)  loss_vfl_dn_2: 0.4562 (0.4604)  time: 1.2493  data: 0.0344  max mem: 9915
Epoch: [18]  [400/809]  eta: 0:08:09  lr: 0.000100  loss: 10.2286 (10.4896)  loss_bbox: 0.0858 (0.0943)  loss_bbox_aux_0: 0.0919 (0.0987)  loss_bbox_aux_1: 0.0891 (0.0953)  loss_bbox_aux_2: 0.0998 (0.1116)  loss_bbox_dn_0: 0.0530 (0.0609)  loss_bbox_dn_1: 0.0442 (0.0507)  loss_bbox_dn_2: 0.0417 (0.0492)  loss_giou: 0.8946 (0.9822)  loss_giou_aux_0: 0.9385 (1.0122)  loss_giou_aux_1: 0.9151 (0.9918)  loss_giou_aux_2: 1.0207 (1.0753)  loss_giou_dn_0: 0.7772 (0.8095)  loss_giou_dn_1: 0.6901 (0.7256)  loss_giou_dn_2: 0.6765 (0.7143)  loss_vfl: 0.5576 (0.5464)  loss_vfl_aux_0: 0.5594 (0.5519)  loss_vfl_aux_1: 0.5598 (0.5512)  loss_vfl_aux_2: 0.5806 (0.5635)  loss_vfl_dn_0: 0.4879 (0.4780)  loss_vfl_dn_1: 0.4768 (0.4658)  loss_vfl_dn_2: 0.4746 (0.4613)  time: 1.2186  data: 0.0292  max mem: 9915
Epoch: [18]  [500/809]  eta: 0:06:08  lr: 0.000100  loss: 10.4876 (10.5034)  loss_bbox: 0.0907 (0.0946)  loss_bbox_aux_0: 0.0952 (0.0992)  loss_bbox_aux_1: 0.0925 (0.0957)  loss_bbox_aux_2: 0.1056 (0.1118)  loss_bbox_dn_0: 0.0672 (0.0605)  loss_bbox_dn_1: 0.0560 (0.0504)  loss_bbox_dn_2: 0.0535 (0.0490)  loss_giou: 0.9310 (0.9839)  loss_giou_aux_0: 0.9639 (1.0141)  loss_giou_aux_1: 0.9423 (0.9939)  loss_giou_aux_2: 1.0214 (1.0764)  loss_giou_dn_0: 0.7970 (0.8101)  loss_giou_dn_1: 0.7153 (0.7268)  loss_giou_dn_2: 0.7079 (0.7157)  loss_vfl: 0.5637 (0.5471)  loss_vfl_aux_0: 0.5605 (0.5526)  loss_vfl_aux_1: 0.5698 (0.5516)  loss_vfl_aux_2: 0.5918 (0.5644)  loss_vfl_dn_0: 0.4832 (0.4782)  loss_vfl_dn_1: 0.4673 (0.4659)  loss_vfl_dn_2: 0.4637 (0.4614)  time: 1.1345  data: 0.0281  max mem: 9915
Epoch: [18]  [600/809]  eta: 0:04:08  lr: 0.000100  loss: 10.1589 (10.4801)  loss_bbox: 0.0835 (0.0942)  loss_bbox_aux_0: 0.0857 (0.0988)  loss_bbox_aux_1: 0.0827 (0.0953)  loss_bbox_aux_2: 0.1009 (0.1114)  loss_bbox_dn_0: 0.0541 (0.0602)  loss_bbox_dn_1: 0.0468 (0.0501)  loss_bbox_dn_2: 0.0454 (0.0487)  loss_giou: 0.8783 (0.9803)  loss_giou_aux_0: 0.9023 (1.0103)  loss_giou_aux_1: 0.8792 (0.9904)  loss_giou_aux_2: 1.0006 (1.0733)  loss_giou_dn_0: 0.7912 (0.8076)  loss_giou_dn_1: 0.6999 (0.7240)  loss_giou_dn_2: 0.6951 (0.7129)  loss_vfl: 0.5582 (0.5477)  loss_vfl_aux_0: 0.5590 (0.5529)  loss_vfl_aux_1: 0.5735 (0.5521)  loss_vfl_aux_2: 0.5808 (0.5642)  loss_vfl_dn_0: 0.4796 (0.4783)  loss_vfl_dn_1: 0.4613 (0.4659)  loss_vfl_dn_2: 0.4561 (0.4614)  time: 1.1059  data: 0.0266  max mem: 9915
Epoch: [18]  [700/809]  eta: 0:02:08  lr: 0.000100  loss: 10.6244 (10.4678)  loss_bbox: 0.0904 (0.0938)  loss_bbox_aux_0: 0.0954 (0.0984)  loss_bbox_aux_1: 0.0924 (0.0948)  loss_bbox_aux_2: 0.1088 (0.1110)  loss_bbox_dn_0: 0.0598 (0.0602)  loss_bbox_dn_1: 0.0481 (0.0500)  loss_bbox_dn_2: 0.0467 (0.0486)  loss_giou: 0.9773 (0.9780)  loss_giou_aux_0: 0.9991 (1.0079)  loss_giou_aux_1: 0.9911 (0.9882)  loss_giou_aux_2: 1.1030 (1.0724)  loss_giou_dn_0: 0.7902 (0.8062)  loss_giou_dn_1: 0.7132 (0.7223)  loss_giou_dn_2: 0.6991 (0.7114)  loss_vfl: 0.5364 (0.5485)  loss_vfl_aux_0: 0.5416 (0.5534)  loss_vfl_aux_1: 0.5446 (0.5526)  loss_vfl_aux_2: 0.5581 (0.5648)  loss_vfl_dn_0: 0.4731 (0.4784)  loss_vfl_dn_1: 0.4596 (0.4657)  loss_vfl_dn_2: 0.4547 (0.4611)  time: 1.1343  data: 0.0287  max mem: 9915
Epoch: [18]  [800/809]  eta: 0:00:10  lr: 0.000100  loss: 10.5941 (10.4707)  loss_bbox: 0.0901 (0.0943)  loss_bbox_aux_0: 0.0984 (0.0989)  loss_bbox_aux_1: 0.0923 (0.0954)  loss_bbox_aux_2: 0.1063 (0.1114)  loss_bbox_dn_0: 0.0550 (0.0598)  loss_bbox_dn_1: 0.0466 (0.0497)  loss_bbox_dn_2: 0.0452 (0.0483)  loss_giou: 0.9629 (0.9790)  loss_giou_aux_0: 0.9776 (1.0089)  loss_giou_aux_1: 0.9629 (0.9894)  loss_giou_aux_2: 1.0406 (1.0736)  loss_giou_dn_0: 0.8252 (0.8055)  loss_giou_dn_1: 0.7403 (0.7214)  loss_giou_dn_2: 0.7229 (0.7104)  loss_vfl: 0.5239 (0.5485)  loss_vfl_aux_0: 0.5129 (0.5531)  loss_vfl_aux_1: 0.5244 (0.5526)  loss_vfl_aux_2: 0.5343 (0.5642)  loss_vfl_dn_0: 0.4741 (0.4787)  loss_vfl_dn_1: 0.4659 (0.4660)  loss_vfl_dn_2: 0.4665 (0.4615)  time: 1.2051  data: 0.0331  max mem: 9915
Epoch: [18]  [808/809]  eta: 0:00:01  lr: 0.000100  loss: 10.4691 (10.4751)  loss_bbox: 0.0859 (0.0943)  loss_bbox_aux_0: 0.0908 (0.0989)  loss_bbox_aux_1: 0.0883 (0.0954)  loss_bbox_aux_2: 0.1029 (0.1115)  loss_bbox_dn_0: 0.0499 (0.0596)  loss_bbox_dn_1: 0.0428 (0.0496)  loss_bbox_dn_2: 0.0423 (0.0481)  loss_giou: 0.9816 (0.9805)  loss_giou_aux_0: 1.0089 (1.0104)  loss_giou_aux_1: 0.9864 (0.9909)  loss_giou_aux_2: 1.0698 (1.0749)  loss_giou_dn_0: 0.8195 (0.8058)  loss_giou_dn_1: 0.7403 (0.7217)  loss_giou_dn_2: 0.7229 (0.7108)  loss_vfl: 0.5239 (0.5480)  loss_vfl_aux_0: 0.5460 (0.5528)  loss_vfl_aux_1: 0.5426 (0.5522)  loss_vfl_aux_2: 0.5590 (0.5637)  loss_vfl_dn_0: 0.4747 (0.4787)  loss_vfl_dn_1: 0.4659 (0.4660)  loss_vfl_dn_2: 0.4634 (0.4615)  time: 1.0725  data: 0.0298  max mem: 9915
Epoch: [18] Total time: 0:15:52 (1.1770 s / it)
Averaged stats: lr: 0.000100  loss: 10.4691 (10.4751)  loss_bbox: 0.0859 (0.0943)  loss_bbox_aux_0: 0.0908 (0.0989)  loss_bbox_aux_1: 0.0883 (0.0954)  loss_bbox_aux_2: 0.1029 (0.1115)  loss_bbox_dn_0: 0.0499 (0.0596)  loss_bbox_dn_1: 0.0428 (0.0496)  loss_bbox_dn_2: 0.0423 (0.0481)  loss_giou: 0.9816 (0.9805)  loss_giou_aux_0: 1.0089 (1.0104)  loss_giou_aux_1: 0.9864 (0.9909)  loss_giou_aux_2: 1.0698 (1.0749)  loss_giou_dn_0: 0.8195 (0.8058)  loss_giou_dn_1: 0.7403 (0.7217)  loss_giou_dn_2: 0.7229 (0.7108)  loss_vfl: 0.5239 (0.5480)  loss_vfl_aux_0: 0.5460 (0.5528)  loss_vfl_aux_1: 0.5426 (0.5522)  loss_vfl_aux_2: 0.5590 (0.5637)  loss_vfl_dn_0: 0.4747 (0.4787)  loss_vfl_dn_1: 0.4659 (0.4660)  loss_vfl_dn_2: 0.4634 (0.4615)
Test:  [ 0/69]  eta: 0:01:57    time: 1.6978  data: 0.9516  max mem: 9915
Test:  [10/69]  eta: 0:00:48    time: 0.8172  data: 0.1124  max mem: 9915
Test:  [20/69]  eta: 0:00:40    time: 0.7931  data: 0.0265  max mem: 9915
Test:  [30/69]  eta: 0:00:30    time: 0.7677  data: 0.0265  max mem: 9915
Test:  [40/69]  eta: 0:00:21    time: 0.6612  data: 0.0281  max mem: 9915
Test:  [50/69]  eta: 0:00:13    time: 0.6354  data: 0.0260  max mem: 9915
Test:  [60/69]  eta: 0:00:06    time: 0.6126  data: 0.0242  max mem: 9915
Test:  [68/69]  eta: 0:00:00    time: 0.6238  data: 0.0232  max mem: 9915
Test: Total time: 0:00:48 (0.7023 s / it)
Averaged stats: 
Accumulating evaluation results...
DONE (t=2.35s).
IoU metric: bbox
 Average Precision  (AP) @[ IoU=0.50:0.95 | area=   all | maxDets=100 ] = 0.192
 Average Precision  (AP) @[ IoU=0.50      | area=   all | maxDets=100 ] = 0.317
 Average Precision  (AP) @[ IoU=0.75      | area=   all | maxDets=100 ] = 0.197
 Average Precision  (AP) @[ IoU=0.50:0.95 | area= small | maxDets=100 ] = 0.128
 Average Precision  (AP) @[ IoU=0.50:0.95 | area=medium | maxDets=100 ] = 0.257
 Average Precision  (AP) @[ IoU=0.50:0.95 | area= large | maxDets=100 ] = 0.356
 Average Recall     (AR) @[ IoU=0.50:0.95 | area=   all | maxDets=  1 ] = 0.090
 Average Recall     (AR) @[ IoU=0.50:0.95 | area=   all | maxDets= 10 ] = 0.258
 Average Recall     (AR) @[ IoU=0.50:0.95 | area=   all | maxDets=100 ] = 0.358
 Average Recall     (AR) @[ IoU=0.50:0.95 | area= small | maxDets=100 ] = 0.279
 Average Recall     (AR) @[ IoU=0.50:0.95 | area=medium | maxDets=100 ] = 0.453
 Average Recall     (AR) @[ IoU=0.50:0.95 | area= large | maxDets=100 ] = 0.575
best_stat:  {'epoch': 18, 'coco_eval_bbox': 0.19237327299861112}
Epoch: [19]  [  0/809]  eta: 1:30:52  lr: 0.000100  loss: 10.1445 (10.1445)  loss_bbox: 0.0986 (0.0986)  loss_bbox_aux_0: 0.1024 (0.1024)  loss_bbox_aux_1: 0.1008 (0.1008)  loss_bbox_aux_2: 0.1163 (0.1163)  loss_bbox_dn_0: 0.0759 (0.0759)  loss_bbox_dn_1: 0.0634 (0.0634)  loss_bbox_dn_2: 0.0616 (0.0616)  loss_giou: 0.9110 (0.9110)  loss_giou_aux_0: 0.9308 (0.9308)  loss_giou_aux_1: 0.9181 (0.9181)  loss_giou_aux_2: 0.9878 (0.9878)  loss_giou_dn_0: 0.8028 (0.8028)  loss_giou_dn_1: 0.7078 (0.7078)  loss_giou_dn_2: 0.6929 (0.6929)  loss_vfl: 0.5568 (0.5568)  loss_vfl_aux_0: 0.5419 (0.5419)  loss_vfl_aux_1: 0.5457 (0.5457)  loss_vfl_aux_2: 0.5530 (0.5530)  loss_vfl_dn_0: 0.4720 (0.4720)  loss_vfl_dn_1: 0.4550 (0.4550)  loss_vfl_dn_2: 0.4501 (0.4501)  time: 6.7403  data: 3.6449  max mem: 9915
Epoch: [19]  [100/809]  eta: 0:15:02  lr: 0.000100  loss: 10.6045 (10.4080)  loss_bbox: 0.0761 (0.0948)  loss_bbox_aux_0: 0.0817 (0.0995)  loss_bbox_aux_1: 0.0790 (0.0958)  loss_bbox_aux_2: 0.0999 (0.1117)  loss_bbox_dn_0: 0.0492 (0.0596)  loss_bbox_dn_1: 0.0413 (0.0491)  loss_bbox_dn_2: 0.0399 (0.0476)  loss_giou: 1.0136 (0.9714)  loss_giou_aux_0: 1.0495 (1.0020)  loss_giou_aux_1: 1.0240 (0.9806)  loss_giou_aux_2: 1.0730 (1.0633)  loss_giou_dn_0: 0.8047 (0.7981)  loss_giou_dn_1: 0.7115 (0.7132)  loss_giou_dn_2: 0.7035 (0.7020)  loss_vfl: 0.5374 (0.5487)  loss_vfl_aux_0: 0.5309 (0.5506)  loss_vfl_aux_1: 0.5291 (0.5519)  loss_vfl_aux_2: 0.5420 (0.5655)  loss_vfl_dn_0: 0.4791 (0.4782)  loss_vfl_dn_1: 0.4673 (0.4643)  loss_vfl_dn_2: 0.4663 (0.4600)  time: 1.1930  data: 0.0320  max mem: 9915
Epoch: [19]  [200/809]  eta: 0:12:34  lr: 0.000100  loss: 10.1019 (10.4154)  loss_bbox: 0.0798 (0.0929)  loss_bbox_aux_0: 0.0831 (0.0973)  loss_bbox_aux_1: 0.0795 (0.0939)  loss_bbox_aux_2: 0.0970 (0.1098)  loss_bbox_dn_0: 0.0573 (0.0593)  loss_bbox_dn_1: 0.0483 (0.0492)  loss_bbox_dn_2: 0.0470 (0.0478)  loss_giou: 0.8884 (0.9697)  loss_giou_aux_0: 0.8996 (0.9993)  loss_giou_aux_1: 0.8942 (0.9789)  loss_giou_aux_2: 0.9825 (1.0618)  loss_giou_dn_0: 0.7801 (0.7997)  loss_giou_dn_1: 0.6920 (0.7157)  loss_giou_dn_2: 0.6827 (0.7049)  loss_vfl: 0.5531 (0.5514)  loss_vfl_aux_0: 0.5591 (0.5563)  loss_vfl_aux_1: 0.5656 (0.5555)  loss_vfl_aux_2: 0.5691 (0.5681)  loss_vfl_dn_0: 0.4811 (0.4788)  loss_vfl_dn_1: 0.4659 (0.4649)  loss_vfl_dn_2: 0.4622 (0.4605)  time: 1.2163  data: 0.0290  max mem: 9915
Epoch: [19]  [300/809]  eta: 0:10:22  lr: 0.000100  loss: 10.6637 (10.4709)  loss_bbox: 0.0923 (0.0944)  loss_bbox_aux_0: 0.0960 (0.0988)  loss_bbox_aux_1: 0.0934 (0.0953)  loss_bbox_aux_2: 0.1081 (0.1110)  loss_bbox_dn_0: 0.0572 (0.0593)  loss_bbox_dn_1: 0.0458 (0.0493)  loss_bbox_dn_2: 0.0451 (0.0479)  loss_giou: 1.0593 (0.9789)  loss_giou_aux_0: 1.0920 (1.0089)  loss_giou_aux_1: 1.0688 (0.9886)  loss_giou_aux_2: 1.1312 (1.0696)  loss_giou_dn_0: 0.8462 (0.8064)  loss_giou_dn_1: 0.7611 (0.7218)  loss_giou_dn_2: 0.7572 (0.7109)  loss_vfl: 0.5339 (0.5503)  loss_vfl_aux_0: 0.5283 (0.5547)  loss_vfl_aux_1: 0.5354 (0.5548)  loss_vfl_aux_2: 0.5294 (0.5663)  loss_vfl_dn_0: 0.4740 (0.4779)  loss_vfl_dn_1: 0.4649 (0.4653)  loss_vfl_dn_2: 0.4548 (0.4607)  time: 1.2455  data: 0.0326  max mem: 9915
Epoch: [19]  [400/809]  eta: 0:08:17  lr: 0.000100  loss: 10.1528 (10.4316)  loss_bbox: 0.0709 (0.0928)  loss_bbox_aux_0: 0.0772 (0.0972)  loss_bbox_aux_1: 0.0730 (0.0936)  loss_bbox_aux_2: 0.0915 (0.1095)  loss_bbox_dn_0: 0.0587 (0.0594)  loss_bbox_dn_1: 0.0488 (0.0493)  loss_bbox_dn_2: 0.0469 (0.0478)  loss_giou: 0.9126 (0.9717)  loss_giou_aux_0: 0.9582 (1.0016)  loss_giou_aux_1: 0.9229 (0.9816)  loss_giou_aux_2: 1.0324 (1.0629)  loss_giou_dn_0: 0.7786 (0.8045)  loss_giou_dn_1: 0.7033 (0.7199)  loss_giou_dn_2: 0.7014 (0.7090)  loss_vfl: 0.5708 (0.5508)  loss_vfl_aux_0: 0.5635 (0.5548)  loss_vfl_aux_1: 0.5726 (0.5553)  loss_vfl_aux_2: 0.5828 (0.5670)  loss_vfl_dn_0: 0.4823 (0.4778)  loss_vfl_dn_1: 0.4629 (0.4649)  loss_vfl_dn_2: 0.4567 (0.4602)  time: 1.1697  data: 0.0321  max mem: 9915
Epoch: [19]  [500/809]  eta: 0:06:13  lr: 0.000100  loss: 10.5385 (10.4277)  loss_bbox: 0.0912 (0.0935)  loss_bbox_aux_0: 0.0875 (0.0980)  loss_bbox_aux_1: 0.0872 (0.0944)  loss_bbox_aux_2: 0.0989 (0.1106)  loss_bbox_dn_0: 0.0547 (0.0597)  loss_bbox_dn_1: 0.0441 (0.0496)  loss_bbox_dn_2: 0.0432 (0.0481)  loss_giou: 0.9387 (0.9700)  loss_giou_aux_0: 0.9558 (0.9999)  loss_giou_aux_1: 0.9389 (0.9802)  loss_giou_aux_2: 1.0384 (1.0612)  loss_giou_dn_0: 0.8044 (0.8043)  loss_giou_dn_1: 0.7060 (0.7199)  loss_giou_dn_2: 0.6917 (0.7091)  loss_vfl: 0.5569 (0.5504)  loss_vfl_aux_0: 0.5530 (0.5543)  loss_vfl_aux_1: 0.5516 (0.5548)  loss_vfl_aux_2: 0.5593 (0.5664)  loss_vfl_dn_0: 0.4797 (0.4780)  loss_vfl_dn_1: 0.4657 (0.4652)  loss_vfl_dn_2: 0.4583 (0.4603)  time: 1.2484  data: 0.0333  max mem: 11060
Epoch: [19]  [600/809]  eta: 0:04:13  lr: 0.000100  loss: 9.9009 (10.3981)  loss_bbox: 0.0803 (0.0927)  loss_bbox_aux_0: 0.0817 (0.0972)  loss_bbox_aux_1: 0.0796 (0.0936)  loss_bbox_aux_2: 0.0968 (0.1098)  loss_bbox_dn_0: 0.0607 (0.0595)  loss_bbox_dn_1: 0.0495 (0.0495)  loss_bbox_dn_2: 0.0480 (0.0480)  loss_giou: 0.8386 (0.9643)  loss_giou_aux_0: 0.8678 (0.9941)  loss_giou_aux_1: 0.8473 (0.9744)  loss_giou_aux_2: 0.9405 (1.0571)  loss_giou_dn_0: 0.7541 (0.8013)  loss_giou_dn_1: 0.6741 (0.7168)  loss_giou_dn_2: 0.6562 (0.7057)  loss_vfl: 0.5922 (0.5514)  loss_vfl_aux_0: 0.6036 (0.5556)  loss_vfl_aux_1: 0.5989 (0.5559)  loss_vfl_aux_2: 0.6254 (0.5673)  loss_vfl_dn_0: 0.4877 (0.4783)  loss_vfl_dn_1: 0.4617 (0.4651)  loss_vfl_dn_2: 0.4572 (0.4602)  time: 1.2600  data: 0.0361  max mem: 11060
Epoch: [19]  [700/809]  eta: 0:02:12  lr: 0.000100  loss: 10.3888 (10.3948)  loss_bbox: 0.0858 (0.0919)  loss_bbox_aux_0: 0.0895 (0.0964)  loss_bbox_aux_1: 0.0879 (0.0929)  loss_bbox_aux_2: 0.0998 (0.1092)  loss_bbox_dn_0: 0.0580 (0.0593)  loss_bbox_dn_1: 0.0486 (0.0493)  loss_bbox_dn_2: 0.0465 (0.0479)  loss_giou: 0.9177 (0.9638)  loss_giou_aux_0: 0.9368 (0.9932)  loss_giou_aux_1: 0.9293 (0.9738)  loss_giou_aux_2: 1.0036 (1.0560)  loss_giou_dn_0: 0.8226 (0.8011)  loss_giou_dn_1: 0.7326 (0.7170)  loss_giou_dn_2: 0.7113 (0.7062)  loss_vfl: 0.5563 (0.5522)  loss_vfl_aux_0: 0.5697 (0.5565)  loss_vfl_aux_1: 0.5601 (0.5567)  loss_vfl_aux_2: 0.5630 (0.5681)  loss_vfl_dn_0: 0.4741 (0.4783)  loss_vfl_dn_1: 0.4618 (0.4650)  loss_vfl_dn_2: 0.4585 (0.4601)  time: 1.2128  data: 0.0297  max mem: 11060
Epoch: [19]  [800/809]  eta: 0:00:10  lr: 0.000100  loss: 10.3397 (10.3962)  loss_bbox: 0.0862 (0.0922)  loss_bbox_aux_0: 0.0854 (0.0967)  loss_bbox_aux_1: 0.0851 (0.0932)  loss_bbox_aux_2: 0.0934 (0.1094)  loss_bbox_dn_0: 0.0529 (0.0594)  loss_bbox_dn_1: 0.0436 (0.0493)  loss_bbox_dn_2: 0.0428 (0.0479)  loss_giou: 0.9435 (0.9637)  loss_giou_aux_0: 0.9570 (0.9937)  loss_giou_aux_1: 0.9383 (0.9739)  loss_giou_aux_2: 1.0344 (1.0562)  loss_giou_dn_0: 0.7946 (0.8012)  loss_giou_dn_1: 0.7069 (0.7165)  loss_giou_dn_2: 0.6997 (0.7055)  loss_vfl: 0.5303 (0.5522)  loss_vfl_aux_0: 0.5559 (0.5567)  loss_vfl_aux_1: 0.5332 (0.5568)  loss_vfl_aux_2: 0.5518 (0.5683)  loss_vfl_dn_0: 0.4740 (0.4783)  loss_vfl_dn_1: 0.4601 (0.4650)  loss_vfl_dn_2: 0.4541 (0.4601)  time: 1.1800  data: 0.0284  max mem: 11060
Epoch: [19]  [808/809]  eta: 0:00:01  lr: 0.000100  loss: 10.6415 (10.3994)  loss_bbox: 0.1007 (0.0924)  loss_bbox_aux_0: 0.1045 (0.0969)  loss_bbox_aux_1: 0.1023 (0.0933)  loss_bbox_aux_2: 0.1120 (0.1095)  loss_bbox_dn_0: 0.0529 (0.0594)  loss_bbox_dn_1: 0.0436 (0.0493)  loss_bbox_dn_2: 0.0428 (0.0479)  loss_giou: 1.0081 (0.9644)  loss_giou_aux_0: 1.0377 (0.9943)  loss_giou_aux_1: 1.0153 (0.9745)  loss_giou_aux_2: 1.0901 (1.0568)  loss_giou_dn_0: 0.7946 (0.8012)  loss_giou_dn_1: 0.7069 (0.7165)  loss_giou_dn_2: 0.6997 (0.7055)  loss_vfl: 0.5253 (0.5521)  loss_vfl_aux_0: 0.5278 (0.5567)  loss_vfl_aux_1: 0.5315 (0.5568)  loss_vfl_aux_2: 0.5458 (0.5682)  loss_vfl_dn_0: 0.4763 (0.4783)  loss_vfl_dn_1: 0.4617 (0.4651)  loss_vfl_dn_2: 0.4556 (0.4602)  time: 1.0139  data: 0.0261  max mem: 11060
Epoch: [19] Total time: 0:16:16 (1.2073 s / it)
Averaged stats: lr: 0.000100  loss: 10.6415 (10.3994)  loss_bbox: 0.1007 (0.0924)  loss_bbox_aux_0: 0.1045 (0.0969)  loss_bbox_aux_1: 0.1023 (0.0933)  loss_bbox_aux_2: 0.1120 (0.1095)  loss_bbox_dn_0: 0.0529 (0.0594)  loss_bbox_dn_1: 0.0436 (0.0493)  loss_bbox_dn_2: 0.0428 (0.0479)  loss_giou: 1.0081 (0.9644)  loss_giou_aux_0: 1.0377 (0.9943)  loss_giou_aux_1: 1.0153 (0.9745)  loss_giou_aux_2: 1.0901 (1.0568)  loss_giou_dn_0: 0.7946 (0.8012)  loss_giou_dn_1: 0.7069 (0.7165)  loss_giou_dn_2: 0.6997 (0.7055)  loss_vfl: 0.5253 (0.5521)  loss_vfl_aux_0: 0.5278 (0.5567)  loss_vfl_aux_1: 0.5315 (0.5568)  loss_vfl_aux_2: 0.5458 (0.5682)  loss_vfl_dn_0: 0.4763 (0.4783)  loss_vfl_dn_1: 0.4617 (0.4651)  loss_vfl_dn_2: 0.4556 (0.4602)
Test:  [ 0/69]  eta: 0:01:38    time: 1.4286  data: 0.8119  max mem: 11060
Test:  [10/69]  eta: 0:00:51    time: 0.8686  data: 0.0933  max mem: 11060
Test:  [20/69]  eta: 0:00:39    time: 0.7802  data: 0.0239  max mem: 11060
Test:  [30/69]  eta: 0:00:30    time: 0.7177  data: 0.0248  max mem: 11060
Test:  [40/69]  eta: 0:00:21    time: 0.6706  data: 0.0250  max mem: 11060
Test:  [50/69]  eta: 0:00:13    time: 0.6487  data: 0.0262  max mem: 11060
Test:  [60/69]  eta: 0:00:06    time: 0.6192  data: 0.0250  max mem: 11060
Test:  [68/69]  eta: 0:00:00    time: 0.6101  data: 0.0228  max mem: 11060
Test: Total time: 0:00:48 (0.6970 s / it)
Averaged stats: 
Accumulating evaluation results...
DONE (t=2.35s).
IoU metric: bbox
 Average Precision  (AP) @[ IoU=0.50:0.95 | area=   all | maxDets=100 ] = 0.193
 Average Precision  (AP) @[ IoU=0.50      | area=   all | maxDets=100 ] = 0.316
 Average Precision  (AP) @[ IoU=0.75      | area=   all | maxDets=100 ] = 0.198
 Average Precision  (AP) @[ IoU=0.50:0.95 | area= small | maxDets=100 ] = 0.131
 Average Precision  (AP) @[ IoU=0.50:0.95 | area=medium | maxDets=100 ] = 0.258
 Average Precision  (AP) @[ IoU=0.50:0.95 | area= large | maxDets=100 ] = 0.348
 Average Recall     (AR) @[ IoU=0.50:0.95 | area=   all | maxDets=  1 ] = 0.091
 Average Recall     (AR) @[ IoU=0.50:0.95 | area=   all | maxDets= 10 ] = 0.258
 Average Recall     (AR) @[ IoU=0.50:0.95 | area=   all | maxDets=100 ] = 0.359
 Average Recall     (AR) @[ IoU=0.50:0.95 | area= small | maxDets=100 ] = 0.281
 Average Recall     (AR) @[ IoU=0.50:0.95 | area=medium | maxDets=100 ] = 0.456
 Average Recall     (AR) @[ IoU=0.50:0.95 | area= large | maxDets=100 ] = 0.563
best_stat:  {'epoch': 19, 'coco_eval_bbox': 0.1925037466299223}
Epoch: [20]  [  0/809]  eta: 1:26:35  lr: 0.000100  loss: 9.6315 (9.6315)  loss_bbox: 0.0733 (0.0733)  loss_bbox_aux_0: 0.0770 (0.0770)  loss_bbox_aux_1: 0.0742 (0.0742)  loss_bbox_aux_2: 0.0914 (0.0914)  loss_bbox_dn_0: 0.0726 (0.0726)  loss_bbox_dn_1: 0.0641 (0.0641)  loss_bbox_dn_2: 0.0607 (0.0607)  loss_giou: 0.7359 (0.7359)  loss_giou_aux_0: 0.7731 (0.7731)  loss_giou_aux_1: 0.7516 (0.7516)  loss_giou_aux_2: 0.8318 (0.8318)  loss_giou_dn_0: 0.7744 (0.7744)  loss_giou_dn_1: 0.7091 (0.7091)  loss_giou_dn_2: 0.6944 (0.6944)  loss_vfl: 0.6045 (0.6045)  loss_vfl_aux_0: 0.6262 (0.6262)  loss_vfl_aux_1: 0.6079 (0.6079)  loss_vfl_aux_2: 0.6289 (0.6289)  loss_vfl_dn_0: 0.4756 (0.4756)  loss_vfl_dn_1: 0.4561 (0.4561)  loss_vfl_dn_2: 0.4489 (0.4489)  time: 6.4222  data: 4.0137  max mem: 11060
Epoch: [20]  [100/809]  eta: 0:14:58  lr: 0.000100  loss: 10.1635 (10.4563)  loss_bbox: 0.0838 (0.0941)  loss_bbox_aux_0: 0.0894 (0.0986)  loss_bbox_aux_1: 0.0851 (0.0953)  loss_bbox_aux_2: 0.1079 (0.1101)  loss_bbox_dn_0: 0.0603 (0.0589)  loss_bbox_dn_1: 0.0504 (0.0490)  loss_bbox_dn_2: 0.0500 (0.0476)  loss_giou: 0.9203 (0.9868)  loss_giou_aux_0: 0.9268 (1.0153)  loss_giou_aux_1: 0.9200 (0.9967)  loss_giou_aux_2: 0.9879 (1.0740)  loss_giou_dn_0: 0.7803 (0.8045)  loss_giou_dn_1: 0.6777 (0.7215)  loss_giou_dn_2: 0.6754 (0.7111)  loss_vfl: 0.5558 (0.5403)  loss_vfl_aux_0: 0.5557 (0.5484)  loss_vfl_aux_1: 0.5515 (0.5460)  loss_vfl_aux_2: 0.5640 (0.5586)  loss_vfl_dn_0: 0.4814 (0.4771)  loss_vfl_dn_1: 0.4673 (0.4636)  loss_vfl_dn_2: 0.4596 (0.4588)  time: 1.1626  data: 0.0306  max mem: 11060
Epoch: [20]  [200/809]  eta: 0:12:16  lr: 0.000100  loss: 10.0828 (10.3662)  loss_bbox: 0.0800 (0.0924)  loss_bbox_aux_0: 0.0777 (0.0973)  loss_bbox_aux_1: 0.0796 (0.0937)  loss_bbox_aux_2: 0.0967 (0.1089)  loss_bbox_dn_0: 0.0507 (0.0596)  loss_bbox_dn_1: 0.0414 (0.0493)  loss_bbox_dn_2: 0.0409 (0.0479)  loss_giou: 0.9453 (0.9637)  loss_giou_aux_0: 0.9632 (0.9926)  loss_giou_aux_1: 0.9577 (0.9738)  loss_giou_aux_2: 0.9920 (1.0527)  loss_giou_dn_0: 0.7662 (0.7944)  loss_giou_dn_1: 0.6983 (0.7104)  loss_giou_dn_2: 0.6860 (0.6997)  loss_vfl: 0.5239 (0.5488)  loss_vfl_aux_0: 0.5358 (0.5563)  loss_vfl_aux_1: 0.5327 (0.5537)  loss_vfl_aux_2: 0.5576 (0.5687)  loss_vfl_dn_0: 0.4781 (0.4789)  loss_vfl_dn_1: 0.4587 (0.4638)  loss_vfl_dn_2: 0.4578 (0.4595)  time: 1.1560  data: 0.0286  max mem: 11060
Epoch: [20]  [300/809]  eta: 0:10:08  lr: 0.000100  loss: 10.1930 (10.3364)  loss_bbox: 0.0783 (0.0921)  loss_bbox_aux_0: 0.0809 (0.0967)  loss_bbox_aux_1: 0.0803 (0.0932)  loss_bbox_aux_2: 0.0928 (0.1084)  loss_bbox_dn_0: 0.0545 (0.0597)  loss_bbox_dn_1: 0.0463 (0.0495)  loss_bbox_dn_2: 0.0458 (0.0481)  loss_giou: 0.9150 (0.9567)  loss_giou_aux_0: 0.9426 (0.9854)  loss_giou_aux_1: 0.9246 (0.9670)  loss_giou_aux_2: 0.9986 (1.0452)  loss_giou_dn_0: 0.8104 (0.7915)  loss_giou_dn_1: 0.7276 (0.7084)  loss_giou_dn_2: 0.7156 (0.6979)  loss_vfl: 0.5142 (0.5494)  loss_vfl_aux_0: 0.5248 (0.5577)  loss_vfl_aux_1: 0.5221 (0.5546)  loss_vfl_aux_2: 0.5322 (0.5716)  loss_vfl_dn_0: 0.4646 (0.4794)  loss_vfl_dn_1: 0.4565 (0.4643)  loss_vfl_dn_2: 0.4570 (0.4598)  time: 1.2433  data: 0.0328  max mem: 11060
Epoch: [20]  [400/809]  eta: 0:08:07  lr: 0.000100  loss: 9.9734 (10.3298)  loss_bbox: 0.0763 (0.0921)  loss_bbox_aux_0: 0.0846 (0.0967)  loss_bbox_aux_1: 0.0788 (0.0932)  loss_bbox_aux_2: 0.0984 (0.1088)  loss_bbox_dn_0: 0.0628 (0.0602)  loss_bbox_dn_1: 0.0512 (0.0500)  loss_bbox_dn_2: 0.0486 (0.0486)  loss_giou: 0.8704 (0.9521)  loss_giou_aux_0: 0.9030 (0.9816)  loss_giou_aux_1: 0.8768 (0.9628)  loss_giou_aux_2: 0.9548 (1.0417)  loss_giou_dn_0: 0.7543 (0.7923)  loss_giou_dn_1: 0.6743 (0.7090)  loss_giou_dn_2: 0.6626 (0.6983)  loss_vfl: 0.5659 (0.5509)  loss_vfl_aux_0: 0.5774 (0.5588)  loss_vfl_aux_1: 0.5677 (0.5563)  loss_vfl_aux_2: 0.6100 (0.5726)  loss_vfl_dn_0: 0.4786 (0.4793)  loss_vfl_dn_1: 0.4609 (0.4646)  loss_vfl_dn_2: 0.4587 (0.4601)  time: 1.2227  data: 0.0353  max mem: 11060
Epoch: [20]  [500/809]  eta: 0:06:10  lr: 0.000100  loss: 9.8451 (10.3207)  loss_bbox: 0.0715 (0.0910)  loss_bbox_aux_0: 0.0748 (0.0956)  loss_bbox_aux_1: 0.0733 (0.0922)  loss_bbox_aux_2: 0.0843 (0.1075)  loss_bbox_dn_0: 0.0551 (0.0598)  loss_bbox_dn_1: 0.0435 (0.0496)  loss_bbox_dn_2: 0.0420 (0.0482)  loss_giou: 0.8189 (0.9508)  loss_giou_aux_0: 0.8508 (0.9795)  loss_giou_aux_1: 0.8316 (0.9612)  loss_giou_aux_2: 0.9349 (1.0405)  loss_giou_dn_0: 0.7540 (0.7924)  loss_giou_dn_1: 0.6693 (0.7086)  loss_giou_dn_2: 0.6557 (0.6978)  loss_vfl: 0.5569 (0.5515)  loss_vfl_aux_0: 0.5767 (0.5600)  loss_vfl_aux_1: 0.5659 (0.5572)  loss_vfl_aux_2: 0.5918 (0.5736)  loss_vfl_dn_0: 0.4829 (0.4792)  loss_vfl_dn_1: 0.4636 (0.4647)  loss_vfl_dn_2: 0.4559 (0.4598)  time: 1.2408  data: 0.0297  max mem: 11060
Epoch: [20]  [600/809]  eta: 0:04:11  lr: 0.000100  loss: 10.3115 (10.3356)  loss_bbox: 0.0905 (0.0914)  loss_bbox_aux_0: 0.0933 (0.0960)  loss_bbox_aux_1: 0.0913 (0.0927)  loss_bbox_aux_2: 0.1028 (0.1077)  loss_bbox_dn_0: 0.0539 (0.0596)  loss_bbox_dn_1: 0.0470 (0.0495)  loss_bbox_dn_2: 0.0453 (0.0481)  loss_giou: 0.9574 (0.9553)  loss_giou_aux_0: 0.9987 (0.9846)  loss_giou_aux_1: 0.9698 (0.9659)  loss_giou_aux_2: 1.0952 (1.0447)  loss_giou_dn_0: 0.8125 (0.7941)  loss_giou_dn_1: 0.7486 (0.7100)  loss_giou_dn_2: 0.7413 (0.6991)  loss_vfl: 0.5125 (0.5496)  loss_vfl_aux_0: 0.5193 (0.5575)  loss_vfl_aux_1: 0.5140 (0.5550)  loss_vfl_aux_2: 0.5220 (0.5717)  loss_vfl_dn_0: 0.4722 (0.4789)  loss_vfl_dn_1: 0.4578 (0.4645)  loss_vfl_dn_2: 0.4534 (0.4596)  time: 1.1938  data: 0.0356  max mem: 11060
Epoch: [20]  [700/809]  eta: 0:02:11  lr: 0.000100  loss: 10.1293 (10.3346)  loss_bbox: 0.0808 (0.0909)  loss_bbox_aux_0: 0.0850 (0.0955)  loss_bbox_aux_1: 0.0811 (0.0921)  loss_bbox_aux_2: 0.0975 (0.1075)  loss_bbox_dn_0: 0.0569 (0.0597)  loss_bbox_dn_1: 0.0465 (0.0496)  loss_bbox_dn_2: 0.0452 (0.0481)  loss_giou: 0.9057 (0.9541)  loss_giou_aux_0: 0.9388 (0.9839)  loss_giou_aux_1: 0.9183 (0.9648)  loss_giou_aux_2: 1.0091 (1.0438)  loss_giou_dn_0: 0.7931 (0.7938)  loss_giou_dn_1: 0.7191 (0.7097)  loss_giou_dn_2: 0.7119 (0.6988)  loss_vfl: 0.5544 (0.5516)  loss_vfl_aux_0: 0.5784 (0.5587)  loss_vfl_aux_1: 0.5613 (0.5566)  loss_vfl_aux_2: 0.5851 (0.5720)  loss_vfl_dn_0: 0.4708 (0.4790)  loss_vfl_dn_1: 0.4614 (0.4647)  loss_vfl_dn_2: 0.4590 (0.4598)  time: 1.2308  data: 0.0360  max mem: 11060
Epoch: [20]  [800/809]  eta: 0:00:10  lr: 0.000100  loss: 9.7974 (10.3450)  loss_bbox: 0.0704 (0.0916)  loss_bbox_aux_0: 0.0736 (0.0962)  loss_bbox_aux_1: 0.0708 (0.0928)  loss_bbox_aux_2: 0.0943 (0.1085)  loss_bbox_dn_0: 0.0580 (0.0596)  loss_bbox_dn_1: 0.0478 (0.0495)  loss_bbox_dn_2: 0.0475 (0.0480)  loss_giou: 0.8430 (0.9568)  loss_giou_aux_0: 0.8625 (0.9866)  loss_giou_aux_1: 0.8492 (0.9674)  loss_giou_aux_2: 0.9449 (1.0469)  loss_giou_dn_0: 0.7640 (0.7945)  loss_giou_dn_1: 0.6814 (0.7104)  loss_giou_dn_2: 0.6742 (0.6995)  loss_vfl: 0.5668 (0.5504)  loss_vfl_aux_0: 0.5728 (0.5575)  loss_vfl_aux_1: 0.5668 (0.5553)  loss_vfl_aux_2: 0.5964 (0.5707)  loss_vfl_dn_0: 0.4828 (0.4788)  loss_vfl_dn_1: 0.4630 (0.4645)  loss_vfl_dn_2: 0.4580 (0.4597)  time: 1.0864  data: 0.0283  max mem: 11060
Epoch: [20]  [808/809]  eta: 0:00:01  lr: 0.000100  loss: 10.1388 (10.3434)  loss_bbox: 0.0764 (0.0915)  loss_bbox_aux_0: 0.0838 (0.0961)  loss_bbox_aux_1: 0.0778 (0.0927)  loss_bbox_aux_2: 0.0944 (0.1084)  loss_bbox_dn_0: 0.0569 (0.0595)  loss_bbox_dn_1: 0.0469 (0.0494)  loss_bbox_dn_2: 0.0456 (0.0480)  loss_giou: 0.9369 (0.9567)  loss_giou_aux_0: 0.9598 (0.9864)  loss_giou_aux_1: 0.9416 (0.9673)  loss_giou_aux_2: 1.0286 (1.0467)  loss_giou_dn_0: 0.8041 (0.7945)  loss_giou_dn_1: 0.7285 (0.7105)  loss_giou_dn_2: 0.7212 (0.6997)  loss_vfl: 0.5552 (0.5502)  loss_vfl_aux_0: 0.5601 (0.5573)  loss_vfl_aux_1: 0.5591 (0.5551)  loss_vfl_aux_2: 0.5676 (0.5705)  loss_vfl_dn_0: 0.4795 (0.4787)  loss_vfl_dn_1: 0.4609 (0.4645)  loss_vfl_dn_2: 0.4547 (0.4596)  time: 0.9544  data: 0.0256  max mem: 11060
Epoch: [20] Total time: 0:16:07 (1.1957 s / it)
Averaged stats: lr: 0.000100  loss: 10.1388 (10.3434)  loss_bbox: 0.0764 (0.0915)  loss_bbox_aux_0: 0.0838 (0.0961)  loss_bbox_aux_1: 0.0778 (0.0927)  loss_bbox_aux_2: 0.0944 (0.1084)  loss_bbox_dn_0: 0.0569 (0.0595)  loss_bbox_dn_1: 0.0469 (0.0494)  loss_bbox_dn_2: 0.0456 (0.0480)  loss_giou: 0.9369 (0.9567)  loss_giou_aux_0: 0.9598 (0.9864)  loss_giou_aux_1: 0.9416 (0.9673)  loss_giou_aux_2: 1.0286 (1.0467)  loss_giou_dn_0: 0.8041 (0.7945)  loss_giou_dn_1: 0.7285 (0.7105)  loss_giou_dn_2: 0.7212 (0.6997)  loss_vfl: 0.5552 (0.5502)  loss_vfl_aux_0: 0.5601 (0.5573)  loss_vfl_aux_1: 0.5591 (0.5551)  loss_vfl_aux_2: 0.5676 (0.5705)  loss_vfl_dn_0: 0.4795 (0.4787)  loss_vfl_dn_1: 0.4609 (0.4645)  loss_vfl_dn_2: 0.4547 (0.4596)
Test:  [ 0/69]  eta: 0:01:51    time: 1.6116  data: 0.8103  max mem: 11060
Test:  [10/69]  eta: 0:00:44    time: 0.7536  data: 0.0938  max mem: 11060
Test:  [20/69]  eta: 0:00:38    time: 0.7444  data: 0.0220  max mem: 11060
Test:  [30/69]  eta: 0:00:28    time: 0.7254  data: 0.0228  max mem: 11060
Test:  [40/69]  eta: 0:00:20    time: 0.6367  data: 0.0242  max mem: 11060
Test:  [50/69]  eta: 0:00:13    time: 0.6198  data: 0.0240  max mem: 11060
Test:  [60/69]  eta: 0:00:06    time: 0.5933  data: 0.0245  max mem: 11060
Test:  [68/69]  eta: 0:00:00    time: 0.6130  data: 0.0236  max mem: 11060
Test: Total time: 0:00:46 (0.6729 s / it)
Averaged stats: 
Accumulating evaluation results...
DONE (t=2.26s).
IoU metric: bbox
 Average Precision  (AP) @[ IoU=0.50:0.95 | area=   all | maxDets=100 ] = 0.194
 Average Precision  (AP) @[ IoU=0.50      | area=   all | maxDets=100 ] = 0.319
 Average Precision  (AP) @[ IoU=0.75      | area=   all | maxDets=100 ] = 0.199
 Average Precision  (AP) @[ IoU=0.50:0.95 | area= small | maxDets=100 ] = 0.131
 Average Precision  (AP) @[ IoU=0.50:0.95 | area=medium | maxDets=100 ] = 0.261
 Average Precision  (AP) @[ IoU=0.50:0.95 | area= large | maxDets=100 ] = 0.361
 Average Recall     (AR) @[ IoU=0.50:0.95 | area=   all | maxDets=  1 ] = 0.090
 Average Recall     (AR) @[ IoU=0.50:0.95 | area=   all | maxDets= 10 ] = 0.261
 Average Recall     (AR) @[ IoU=0.50:0.95 | area=   all | maxDets=100 ] = 0.363
 Average Recall     (AR) @[ IoU=0.50:0.95 | area= small | maxDets=100 ] = 0.285
 Average Recall     (AR) @[ IoU=0.50:0.95 | area=medium | maxDets=100 ] = 0.458
 Average Recall     (AR) @[ IoU=0.50:0.95 | area= large | maxDets=100 ] = 0.581
best_stat:  {'epoch': 20, 'coco_eval_bbox': 0.19448950429451925}
Epoch: [21]  [  0/809]  eta: 1:38:47  lr: 0.000100  loss: 10.2420 (10.2420)  loss_bbox: 0.0796 (0.0796)  loss_bbox_aux_0: 0.0860 (0.0860)  loss_bbox_aux_1: 0.0809 (0.0809)  loss_bbox_aux_2: 0.0964 (0.0964)  loss_bbox_dn_0: 0.0482 (0.0482)  loss_bbox_dn_1: 0.0390 (0.0390)  loss_bbox_dn_2: 0.0379 (0.0379)  loss_giou: 0.9596 (0.9596)  loss_giou_aux_0: 0.9944 (0.9944)  loss_giou_aux_1: 0.9741 (0.9741)  loss_giou_aux_2: 1.0285 (1.0285)  loss_giou_dn_0: 0.8208 (0.8208)  loss_giou_dn_1: 0.7484 (0.7484)  loss_giou_dn_2: 0.7358 (0.7358)  loss_vfl: 0.5330 (0.5330)  loss_vfl_aux_0: 0.5303 (0.5303)  loss_vfl_aux_1: 0.5293 (0.5293)  loss_vfl_aux_2: 0.5601 (0.5601)  loss_vfl_dn_0: 0.4658 (0.4658)  loss_vfl_dn_1: 0.4498 (0.4498)  loss_vfl_dn_2: 0.4442 (0.4442)  time: 7.3268  data: 3.7848  max mem: 11060
Epoch: [21]  [100/809]  eta: 0:14:49  lr: 0.000100  loss: 10.4078 (10.3832)  loss_bbox: 0.0808 (0.0913)  loss_bbox_aux_0: 0.0885 (0.0956)  loss_bbox_aux_1: 0.0826 (0.0926)  loss_bbox_aux_2: 0.0972 (0.1082)  loss_bbox_dn_0: 0.0565 (0.0586)  loss_bbox_dn_1: 0.0461 (0.0488)  loss_bbox_dn_2: 0.0453 (0.0474)  loss_giou: 0.9761 (0.9667)  loss_giou_aux_0: 1.0019 (0.9951)  loss_giou_aux_1: 0.9876 (0.9765)  loss_giou_aux_2: 1.0709 (1.0607)  loss_giou_dn_0: 0.8003 (0.7963)  loss_giou_dn_1: 0.7193 (0.7150)  loss_giou_dn_2: 0.7053 (0.7043)  loss_vfl: 0.5332 (0.5483)  loss_vfl_aux_0: 0.5426 (0.5569)  loss_vfl_aux_1: 0.5308 (0.5529)  loss_vfl_aux_2: 0.5522 (0.5651)  loss_vfl_dn_0: 0.4824 (0.4786)  loss_vfl_dn_1: 0.4652 (0.4645)  loss_vfl_dn_2: 0.4618 (0.4597)  time: 1.1709  data: 0.0299  max mem: 11060
Epoch: [21]  [200/809]  eta: 0:12:39  lr: 0.000100  loss: 10.1296 (10.3390)  loss_bbox: 0.0864 (0.0914)  loss_bbox_aux_0: 0.0904 (0.0955)  loss_bbox_aux_1: 0.0874 (0.0926)  loss_bbox_aux_2: 0.1001 (0.1081)  loss_bbox_dn_0: 0.0561 (0.0596)  loss_bbox_dn_1: 0.0451 (0.0497)  loss_bbox_dn_2: 0.0427 (0.0482)  loss_giou: 0.9379 (0.9576)  loss_giou_aux_0: 0.9515 (0.9852)  loss_giou_aux_1: 0.9443 (0.9668)  loss_giou_aux_2: 1.0017 (1.0501)  loss_giou_dn_0: 0.8044 (0.7951)  loss_giou_dn_1: 0.7264 (0.7121)  loss_giou_dn_2: 0.7141 (0.7009)  loss_vfl: 0.5557 (0.5481)  loss_vfl_aux_0: 0.5593 (0.5572)  loss_vfl_aux_1: 0.5637 (0.5536)  loss_vfl_aux_2: 0.5793 (0.5679)  loss_vfl_dn_0: 0.4774 (0.4775)  loss_vfl_dn_1: 0.4658 (0.4635)  loss_vfl_dn_2: 0.4596 (0.4585)  time: 1.2165  data: 0.0324  max mem: 11060
Epoch: [21]  [300/809]  eta: 0:10:27  lr: 0.000100  loss: 10.3659 (10.3590)  loss_bbox: 0.0901 (0.0921)  loss_bbox_aux_0: 0.0952 (0.0966)  loss_bbox_aux_1: 0.0923 (0.0934)  loss_bbox_aux_2: 0.1029 (0.1092)  loss_bbox_dn_0: 0.0568 (0.0592)  loss_bbox_dn_1: 0.0452 (0.0493)  loss_bbox_dn_2: 0.0435 (0.0479)  loss_giou: 0.9606 (0.9637)  loss_giou_aux_0: 0.9820 (0.9920)  loss_giou_aux_1: 0.9604 (0.9730)  loss_giou_aux_2: 1.0576 (1.0545)  loss_giou_dn_0: 0.7822 (0.7957)  loss_giou_dn_1: 0.6964 (0.7125)  loss_giou_dn_2: 0.6880 (0.7015)  loss_vfl: 0.5220 (0.5459)  loss_vfl_aux_0: 0.5286 (0.5537)  loss_vfl_aux_1: 0.5201 (0.5512)  loss_vfl_aux_2: 0.5406 (0.5658)  loss_vfl_dn_0: 0.4723 (0.4782)  loss_vfl_dn_1: 0.4584 (0.4642)  loss_vfl_dn_2: 0.4525 (0.4594)  time: 1.2239  data: 0.0315  max mem: 11060
Epoch: [21]  [400/809]  eta: 0:08:18  lr: 0.000100  loss: 10.3205 (10.3873)  loss_bbox: 0.0846 (0.0926)  loss_bbox_aux_0: 0.0866 (0.0972)  loss_bbox_aux_1: 0.0855 (0.0939)  loss_bbox_aux_2: 0.0986 (0.1102)  loss_bbox_dn_0: 0.0550 (0.0593)  loss_bbox_dn_1: 0.0476 (0.0495)  loss_bbox_dn_2: 0.0464 (0.0480)  loss_giou: 0.9898 (0.9689)  loss_giou_aux_0: 1.0350 (0.9974)  loss_giou_aux_1: 1.0074 (0.9784)  loss_giou_aux_2: 1.0915 (1.0586)  loss_giou_dn_0: 0.8061 (0.7994)  loss_giou_dn_1: 0.7177 (0.7154)  loss_giou_dn_2: 0.7041 (0.7044)  loss_vfl: 0.5448 (0.5452)  loss_vfl_aux_0: 0.5342 (0.5527)  loss_vfl_aux_1: 0.5452 (0.5503)  loss_vfl_aux_2: 0.5450 (0.5646)  loss_vfl_dn_0: 0.4763 (0.4776)  loss_vfl_dn_1: 0.4644 (0.4643)  loss_vfl_dn_2: 0.4562 (0.4594)  time: 1.1492  data: 0.0335  max mem: 11060
Epoch: [21]  [500/809]  eta: 0:06:15  lr: 0.000100  loss: 10.0968 (10.3407)  loss_bbox: 0.0825 (0.0910)  loss_bbox_aux_0: 0.0881 (0.0957)  loss_bbox_aux_1: 0.0829 (0.0924)  loss_bbox_aux_2: 0.1043 (0.1087)  loss_bbox_dn_0: 0.0634 (0.0597)  loss_bbox_dn_1: 0.0541 (0.0497)  loss_bbox_dn_2: 0.0531 (0.0482)  loss_giou: 0.8691 (0.9565)  loss_giou_aux_0: 0.8907 (0.9857)  loss_giou_aux_1: 0.8701 (0.9662)  loss_giou_aux_2: 0.9519 (1.0472)  loss_giou_dn_0: 0.7639 (0.7957)  loss_giou_dn_1: 0.6646 (0.7118)  loss_giou_dn_2: 0.6555 (0.7008)  loss_vfl: 0.5931 (0.5489)  loss_vfl_aux_0: 0.5988 (0.5564)  loss_vfl_aux_1: 0.6062 (0.5543)  loss_vfl_aux_2: 0.6079 (0.5691)  loss_vfl_dn_0: 0.4747 (0.4783)  loss_vfl_dn_1: 0.4601 (0.4646)  loss_vfl_dn_2: 0.4550 (0.4597)  time: 1.1714  data: 0.0325  max mem: 11060
Epoch: [21]  [600/809]  eta: 0:04:11  lr: 0.000100  loss: 10.1420 (10.3483)  loss_bbox: 0.0685 (0.0912)  loss_bbox_aux_0: 0.0747 (0.0960)  loss_bbox_aux_1: 0.0701 (0.0925)  loss_bbox_aux_2: 0.0958 (0.1089)  loss_bbox_dn_0: 0.0535 (0.0594)  loss_bbox_dn_1: 0.0446 (0.0495)  loss_bbox_dn_2: 0.0429 (0.0480)  loss_giou: 0.9027 (0.9575)  loss_giou_aux_0: 0.9282 (0.9872)  loss_giou_aux_1: 0.9110 (0.9674)  loss_giou_aux_2: 0.9963 (1.0505)  loss_giou_dn_0: 0.7761 (0.7966)  loss_giou_dn_1: 0.6860 (0.7121)  loss_giou_dn_2: 0.6796 (0.7012)  loss_vfl: 0.5637 (0.5494)  loss_vfl_aux_0: 0.5762 (0.5559)  loss_vfl_aux_1: 0.5684 (0.5545)  loss_vfl_aux_2: 0.5802 (0.5679)  loss_vfl_dn_0: 0.4751 (0.4781)  loss_vfl_dn_1: 0.4624 (0.4646)  loss_vfl_dn_2: 0.4595 (0.4599)  time: 1.1355  data: 0.0287  max mem: 11060
Epoch: [21]  [700/809]  eta: 0:02:10  lr: 0.000100  loss: 10.0566 (10.3379)  loss_bbox: 0.0858 (0.0910)  loss_bbox_aux_0: 0.0867 (0.0957)  loss_bbox_aux_1: 0.0866 (0.0923)  loss_bbox_aux_2: 0.1033 (0.1087)  loss_bbox_dn_0: 0.0530 (0.0594)  loss_bbox_dn_1: 0.0452 (0.0495)  loss_bbox_dn_2: 0.0441 (0.0480)  loss_giou: 0.8738 (0.9556)  loss_giou_aux_0: 0.9027 (0.9854)  loss_giou_aux_1: 0.8896 (0.9657)  loss_giou_aux_2: 0.9848 (1.0487)  loss_giou_dn_0: 0.7917 (0.7949)  loss_giou_dn_1: 0.7055 (0.7112)  loss_giou_dn_2: 0.6929 (0.7004)  loss_vfl: 0.5476 (0.5497)  loss_vfl_aux_0: 0.5635 (0.5563)  loss_vfl_aux_1: 0.5630 (0.5549)  loss_vfl_aux_2: 0.5625 (0.5682)  loss_vfl_dn_0: 0.4789 (0.4782)  loss_vfl_dn_1: 0.4615 (0.4644)  loss_vfl_dn_2: 0.4601 (0.4598)  time: 1.2130  data: 0.0340  max mem: 11060
Epoch: [21]  [800/809]  eta: 0:00:10  lr: 0.000100  loss: 10.2338 (10.3378)  loss_bbox: 0.0773 (0.0910)  loss_bbox_aux_0: 0.0820 (0.0956)  loss_bbox_aux_1: 0.0778 (0.0923)  loss_bbox_aux_2: 0.0942 (0.1083)  loss_bbox_dn_0: 0.0535 (0.0589)  loss_bbox_dn_1: 0.0426 (0.0491)  loss_bbox_dn_2: 0.0420 (0.0477)  loss_giou: 0.9408 (0.9570)  loss_giou_aux_0: 0.9747 (0.9868)  loss_giou_aux_1: 0.9526 (0.9671)  loss_giou_aux_2: 1.0205 (1.0499)  loss_giou_dn_0: 0.8040 (0.7952)  loss_giou_dn_1: 0.7142 (0.7117)  loss_giou_dn_2: 0.7028 (0.7010)  loss_vfl: 0.5322 (0.5484)  loss_vfl_aux_0: 0.5518 (0.5550)  loss_vfl_aux_1: 0.5452 (0.5535)  loss_vfl_aux_2: 0.5553 (0.5671)  loss_vfl_dn_0: 0.4797 (0.4781)  loss_vfl_dn_1: 0.4590 (0.4643)  loss_vfl_dn_2: 0.4521 (0.4597)  time: 1.2282  data: 0.0288  max mem: 11060
Epoch: [21]  [808/809]  eta: 0:00:01  lr: 0.000100  loss: 10.4644 (10.3426)  loss_bbox: 0.0844 (0.0914)  loss_bbox_aux_0: 0.0898 (0.0959)  loss_bbox_aux_1: 0.0874 (0.0926)  loss_bbox_aux_2: 0.1033 (0.1086)  loss_bbox_dn_0: 0.0578 (0.0590)  loss_bbox_dn_1: 0.0478 (0.0492)  loss_bbox_dn_2: 0.0471 (0.0478)  loss_giou: 1.0023 (0.9579)  loss_giou_aux_0: 1.0297 (0.9877)  loss_giou_aux_1: 1.0026 (0.9680)  loss_giou_aux_2: 1.0884 (1.0506)  loss_giou_dn_0: 0.8010 (0.7954)  loss_giou_dn_1: 0.7167 (0.7119)  loss_giou_dn_2: 0.7062 (0.7011)  loss_vfl: 0.5292 (0.5481)  loss_vfl_aux_0: 0.5428 (0.5549)  loss_vfl_aux_1: 0.5452 (0.5533)  loss_vfl_aux_2: 0.5657 (0.5671)  loss_vfl_dn_0: 0.4771 (0.4781)  loss_vfl_dn_1: 0.4603 (0.4643)  loss_vfl_dn_2: 0.4542 (0.4596)  time: 1.0647  data: 0.0270  max mem: 11060
Epoch: [21] Total time: 0:16:04 (1.1920 s / it)
Averaged stats: lr: 0.000100  loss: 10.4644 (10.3426)  loss_bbox: 0.0844 (0.0914)  loss_bbox_aux_0: 0.0898 (0.0959)  loss_bbox_aux_1: 0.0874 (0.0926)  loss_bbox_aux_2: 0.1033 (0.1086)  loss_bbox_dn_0: 0.0578 (0.0590)  loss_bbox_dn_1: 0.0478 (0.0492)  loss_bbox_dn_2: 0.0471 (0.0478)  loss_giou: 1.0023 (0.9579)  loss_giou_aux_0: 1.0297 (0.9877)  loss_giou_aux_1: 1.0026 (0.9680)  loss_giou_aux_2: 1.0884 (1.0506)  loss_giou_dn_0: 0.8010 (0.7954)  loss_giou_dn_1: 0.7167 (0.7119)  loss_giou_dn_2: 0.7062 (0.7011)  loss_vfl: 0.5292 (0.5481)  loss_vfl_aux_0: 0.5428 (0.5549)  loss_vfl_aux_1: 0.5452 (0.5533)  loss_vfl_aux_2: 0.5657 (0.5671)  loss_vfl_dn_0: 0.4771 (0.4781)  loss_vfl_dn_1: 0.4603 (0.4643)  loss_vfl_dn_2: 0.4542 (0.4596)
Test:  [ 0/69]  eta: 0:01:43    time: 1.5049  data: 0.8193  max mem: 11060
Test:  [10/69]  eta: 0:00:46    time: 0.7882  data: 0.0952  max mem: 11060
Test:  [20/69]  eta: 0:00:37    time: 0.7256  data: 0.0242  max mem: 11060
Test:  [30/69]  eta: 0:00:30    time: 0.7721  data: 0.0253  max mem: 11060
Test:  [40/69]  eta: 0:00:21    time: 0.7309  data: 0.0268  max mem: 11060
Test:  [50/69]  eta: 0:00:13    time: 0.6324  data: 0.0279  max mem: 11060
Test:  [60/69]  eta: 0:00:06    time: 0.6137  data: 0.0264  max mem: 11060
Test:  [68/69]  eta: 0:00:00    time: 0.6336  data: 0.0238  max mem: 11060
Test: Total time: 0:00:48 (0.7024 s / it)
Averaged stats: 
Accumulating evaluation results...
DONE (t=2.40s).
IoU metric: bbox
 Average Precision  (AP) @[ IoU=0.50:0.95 | area=   all | maxDets=100 ] = 0.198
 Average Precision  (AP) @[ IoU=0.50      | area=   all | maxDets=100 ] = 0.324
 Average Precision  (AP) @[ IoU=0.75      | area=   all | maxDets=100 ] = 0.202
 Average Precision  (AP) @[ IoU=0.50:0.95 | area= small | maxDets=100 ] = 0.133
 Average Precision  (AP) @[ IoU=0.50:0.95 | area=medium | maxDets=100 ] = 0.264
 Average Precision  (AP) @[ IoU=0.50:0.95 | area= large | maxDets=100 ] = 0.373
 Average Recall     (AR) @[ IoU=0.50:0.95 | area=   all | maxDets=  1 ] = 0.092
 Average Recall     (AR) @[ IoU=0.50:0.95 | area=   all | maxDets= 10 ] = 0.261
 Average Recall     (AR) @[ IoU=0.50:0.95 | area=   all | maxDets=100 ] = 0.363
 Average Recall     (AR) @[ IoU=0.50:0.95 | area= small | maxDets=100 ] = 0.285
 Average Recall     (AR) @[ IoU=0.50:0.95 | area=medium | maxDets=100 ] = 0.460
 Average Recall     (AR) @[ IoU=0.50:0.95 | area= large | maxDets=100 ] = 0.577
best_stat:  {'epoch': 21, 'coco_eval_bbox': 0.1975852515967706}
Epoch: [22]  [  0/809]  eta: 1:32:00  lr: 0.000100  loss: 10.6707 (10.6707)  loss_bbox: 0.0912 (0.0912)  loss_bbox_aux_0: 0.0933 (0.0933)  loss_bbox_aux_1: 0.0924 (0.0924)  loss_bbox_aux_2: 0.1037 (0.1037)  loss_bbox_dn_0: 0.0571 (0.0571)  loss_bbox_dn_1: 0.0526 (0.0526)  loss_bbox_dn_2: 0.0522 (0.0522)  loss_giou: 1.0552 (1.0552)  loss_giou_aux_0: 1.0646 (1.0646)  loss_giou_aux_1: 1.0644 (1.0644)  loss_giou_aux_2: 1.1207 (1.1207)  loss_giou_dn_0: 0.8541 (0.8541)  loss_giou_dn_1: 0.7942 (0.7942)  loss_giou_dn_2: 0.7898 (0.7898)  loss_vfl: 0.4814 (0.4814)  loss_vfl_aux_0: 0.4990 (0.4990)  loss_vfl_aux_1: 0.4966 (0.4966)  loss_vfl_aux_2: 0.5037 (0.5037)  loss_vfl_dn_0: 0.4717 (0.4717)  loss_vfl_dn_1: 0.4705 (0.4705)  loss_vfl_dn_2: 0.4623 (0.4623)  time: 6.8237  data: 3.1295  max mem: 11060
Epoch: [22]  [100/809]  eta: 0:15:11  lr: 0.000100  loss: 10.3197 (10.4165)  loss_bbox: 0.0783 (0.0945)  loss_bbox_aux_0: 0.0837 (0.0992)  loss_bbox_aux_1: 0.0800 (0.0962)  loss_bbox_aux_2: 0.1017 (0.1124)  loss_bbox_dn_0: 0.0511 (0.0611)  loss_bbox_dn_1: 0.0426 (0.0502)  loss_bbox_dn_2: 0.0416 (0.0487)  loss_giou: 0.9218 (0.9661)  loss_giou_aux_0: 0.9604 (1.0009)  loss_giou_aux_1: 0.9422 (0.9776)  loss_giou_aux_2: 1.0601 (1.0606)  loss_giou_dn_0: 0.7857 (0.8038)  loss_giou_dn_1: 0.7116 (0.7163)  loss_giou_dn_2: 0.6954 (0.7051)  loss_vfl: 0.5494 (0.5491)  loss_vfl_aux_0: 0.5444 (0.5532)  loss_vfl_aux_1: 0.5417 (0.5531)  loss_vfl_aux_2: 0.5522 (0.5646)  loss_vfl_dn_0: 0.4774 (0.4789)  loss_vfl_dn_1: 0.4623 (0.4648)  loss_vfl_dn_2: 0.4562 (0.4601)  time: 1.2379  data: 0.0339  max mem: 11060
Epoch: [22]  [200/809]  eta: 0:12:39  lr: 0.000100  loss: 10.3644 (10.3976)  loss_bbox: 0.0845 (0.0976)  loss_bbox_aux_0: 0.0895 (0.1021)  loss_bbox_aux_1: 0.0860 (0.0989)  loss_bbox_aux_2: 0.0992 (0.1148)  loss_bbox_dn_0: 0.0564 (0.0592)  loss_bbox_dn_1: 0.0475 (0.0491)  loss_bbox_dn_2: 0.0457 (0.0477)  loss_giou: 0.9715 (0.9619)  loss_giou_aux_0: 1.0004 (0.9944)  loss_giou_aux_1: 0.9806 (0.9719)  loss_giou_aux_2: 1.0736 (1.0558)  loss_giou_dn_0: 0.8134 (0.8001)  loss_giou_dn_1: 0.6983 (0.7149)  loss_giou_dn_2: 0.6862 (0.7040)  loss_vfl: 0.5513 (0.5479)  loss_vfl_aux_0: 0.5463 (0.5542)  loss_vfl_aux_1: 0.5586 (0.5537)  loss_vfl_aux_2: 0.5713 (0.5660)  loss_vfl_dn_0: 0.4833 (0.4789)  loss_vfl_dn_1: 0.4681 (0.4646)  loss_vfl_dn_2: 0.4630 (0.4599)  time: 1.2424  data: 0.0317  max mem: 11060
Epoch: [22]  [300/809]  eta: 0:10:27  lr: 0.000100  loss: 10.4970 (10.3496)  loss_bbox: 0.0804 (0.0958)  loss_bbox_aux_0: 0.0855 (0.1005)  loss_bbox_aux_1: 0.0819 (0.0971)  loss_bbox_aux_2: 0.1078 (0.1137)  loss_bbox_dn_0: 0.0550 (0.0602)  loss_bbox_dn_1: 0.0455 (0.0498)  loss_bbox_dn_2: 0.0434 (0.0483)  loss_giou: 0.9774 (0.9507)  loss_giou_aux_0: 1.0084 (0.9836)  loss_giou_aux_1: 0.9837 (0.9609)  loss_giou_aux_2: 1.0907 (1.0469)  loss_giou_dn_0: 0.7879 (0.7948)  loss_giou_dn_1: 0.7179 (0.7087)  loss_giou_dn_2: 0.7081 (0.6976)  loss_vfl: 0.5530 (0.5519)  loss_vfl_aux_0: 0.5667 (0.5588)  loss_vfl_aux_1: 0.5645 (0.5571)  loss_vfl_aux_2: 0.5559 (0.5702)  loss_vfl_dn_0: 0.4813 (0.4787)  loss_vfl_dn_1: 0.4657 (0.4643)  loss_vfl_dn_2: 0.4603 (0.4599)  time: 1.2023  data: 0.0319  max mem: 11060
Epoch: [22]  [400/809]  eta: 0:08:12  lr: 0.000100  loss: 10.6142 (10.3274)  loss_bbox: 0.0809 (0.0937)  loss_bbox_aux_0: 0.0849 (0.0983)  loss_bbox_aux_1: 0.0826 (0.0950)  loss_bbox_aux_2: 0.0929 (0.1110)  loss_bbox_dn_0: 0.0528 (0.0591)  loss_bbox_dn_1: 0.0449 (0.0489)  loss_bbox_dn_2: 0.0432 (0.0475)  loss_giou: 1.0052 (0.9512)  loss_giou_aux_0: 1.0520 (0.9839)  loss_giou_aux_1: 1.0164 (0.9612)  loss_giou_aux_2: 1.1133 (1.0464)  loss_giou_dn_0: 0.8407 (0.7941)  loss_giou_dn_1: 0.7591 (0.7088)  loss_giou_dn_2: 0.7522 (0.6980)  loss_vfl: 0.5242 (0.5493)  loss_vfl_aux_0: 0.5182 (0.5559)  loss_vfl_aux_1: 0.5067 (0.5543)  loss_vfl_aux_2: 0.5317 (0.5684)  loss_vfl_dn_0: 0.4672 (0.4786)  loss_vfl_dn_1: 0.4556 (0.4641)  loss_vfl_dn_2: 0.4500 (0.4595)  time: 1.1457  data: 0.0336  max mem: 11060
Epoch: [22]  [500/809]  eta: 0:06:08  lr: 0.000100  loss: 10.4075 (10.3266)  loss_bbox: 0.0850 (0.0924)  loss_bbox_aux_0: 0.0908 (0.0970)  loss_bbox_aux_1: 0.0888 (0.0937)  loss_bbox_aux_2: 0.1004 (0.1099)  loss_bbox_dn_0: 0.0606 (0.0591)  loss_bbox_dn_1: 0.0506 (0.0488)  loss_bbox_dn_2: 0.0489 (0.0474)  loss_giou: 0.9831 (0.9526)  loss_giou_aux_0: 1.0140 (0.9848)  loss_giou_aux_1: 0.9837 (0.9625)  loss_giou_aux_2: 1.0793 (1.0475)  loss_giou_dn_0: 0.8072 (0.7950)  loss_giou_dn_1: 0.7321 (0.7098)  loss_giou_dn_2: 0.7215 (0.6990)  loss_vfl: 0.5499 (0.5486)  loss_vfl_aux_0: 0.5439 (0.5558)  loss_vfl_aux_1: 0.5327 (0.5537)  loss_vfl_aux_2: 0.5416 (0.5680)  loss_vfl_dn_0: 0.4827 (0.4784)  loss_vfl_dn_1: 0.4668 (0.4637)  loss_vfl_dn_2: 0.4615 (0.4591)  time: 1.2063  data: 0.0314  max mem: 11060
Epoch: [22]  [600/809]  eta: 0:04:09  lr: 0.000100  loss: 10.5206 (10.3196)  loss_bbox: 0.0802 (0.0913)  loss_bbox_aux_0: 0.0830 (0.0958)  loss_bbox_aux_1: 0.0828 (0.0926)  loss_bbox_aux_2: 0.0968 (0.1085)  loss_bbox_dn_0: 0.0533 (0.0588)  loss_bbox_dn_1: 0.0437 (0.0487)  loss_bbox_dn_2: 0.0422 (0.0472)  loss_giou: 1.0215 (0.9522)  loss_giou_aux_0: 1.0455 (0.9842)  loss_giou_aux_1: 1.0242 (0.9623)  loss_giou_aux_2: 1.1057 (1.0469)  loss_giou_dn_0: 0.8114 (0.7950)  loss_giou_dn_1: 0.7355 (0.7102)  loss_giou_dn_2: 0.7262 (0.6996)  loss_vfl: 0.5125 (0.5486)  loss_vfl_aux_0: 0.5232 (0.5562)  loss_vfl_aux_1: 0.5237 (0.5538)  loss_vfl_aux_2: 0.5455 (0.5683)  loss_vfl_dn_0: 0.4672 (0.4778)  loss_vfl_dn_1: 0.4583 (0.4631)  loss_vfl_dn_2: 0.4543 (0.4586)  time: 1.1718  data: 0.0282  max mem: 11060
Epoch: [22]  [700/809]  eta: 0:02:10  lr: 0.000100  loss: 10.0234 (10.3055)  loss_bbox: 0.0855 (0.0908)  loss_bbox_aux_0: 0.0875 (0.0952)  loss_bbox_aux_1: 0.0853 (0.0921)  loss_bbox_aux_2: 0.1023 (0.1077)  loss_bbox_dn_0: 0.0600 (0.0585)  loss_bbox_dn_1: 0.0488 (0.0484)  loss_bbox_dn_2: 0.0475 (0.0470)  loss_giou: 0.9658 (0.9512)  loss_giou_aux_0: 0.9886 (0.9829)  loss_giou_aux_1: 0.9739 (0.9614)  loss_giou_aux_2: 1.0362 (1.0459)  loss_giou_dn_0: 0.7602 (0.7933)  loss_giou_dn_1: 0.6933 (0.7091)  loss_giou_dn_2: 0.6855 (0.6985)  loss_vfl: 0.5378 (0.5475)  loss_vfl_aux_0: 0.5557 (0.5555)  loss_vfl_aux_1: 0.5569 (0.5529)  loss_vfl_aux_2: 0.5645 (0.5680)  loss_vfl_dn_0: 0.4799 (0.4780)  loss_vfl_dn_1: 0.4602 (0.4631)  loss_vfl_dn_2: 0.4548 (0.4585)  time: 1.1687  data: 0.0297  max mem: 11060
Epoch: [22]  [800/809]  eta: 0:00:10  lr: 0.000100  loss: 9.9354 (10.3202)  loss_bbox: 0.0802 (0.0913)  loss_bbox_aux_0: 0.0847 (0.0959)  loss_bbox_aux_1: 0.0791 (0.0926)  loss_bbox_aux_2: 0.0995 (0.1084)  loss_bbox_dn_0: 0.0526 (0.0583)  loss_bbox_dn_1: 0.0440 (0.0482)  loss_bbox_dn_2: 0.0425 (0.0468)  loss_giou: 0.9218 (0.9550)  loss_giou_aux_0: 0.9422 (0.9869)  loss_giou_aux_1: 0.9192 (0.9656)  loss_giou_aux_2: 1.0169 (1.0496)  loss_giou_dn_0: 0.7546 (0.7942)  loss_giou_dn_1: 0.6607 (0.7101)  loss_giou_dn_2: 0.6549 (0.6997)  loss_vfl: 0.5570 (0.5463)  loss_vfl_aux_0: 0.5608 (0.5539)  loss_vfl_aux_1: 0.5640 (0.5517)  loss_vfl_aux_2: 0.5560 (0.5662)  loss_vfl_dn_0: 0.4846 (0.4779)  loss_vfl_dn_1: 0.4618 (0.4631)  loss_vfl_dn_2: 0.4580 (0.4585)  time: 1.1930  data: 0.0328  max mem: 11060
Epoch: [22]  [808/809]  eta: 0:00:01  lr: 0.000100  loss: 10.2458 (10.3233)  loss_bbox: 0.0838 (0.0914)  loss_bbox_aux_0: 0.0897 (0.0960)  loss_bbox_aux_1: 0.0851 (0.0927)  loss_bbox_aux_2: 0.1052 (0.1085)  loss_bbox_dn_0: 0.0526 (0.0583)  loss_bbox_dn_1: 0.0440 (0.0483)  loss_bbox_dn_2: 0.0425 (0.0468)  loss_giou: 0.9253 (0.9557)  loss_giou_aux_0: 0.9593 (0.9878)  loss_giou_aux_1: 0.9391 (0.9664)  loss_giou_aux_2: 1.0409 (1.0503)  loss_giou_dn_0: 0.7864 (0.7945)  loss_giou_dn_1: 0.7204 (0.7104)  loss_giou_dn_2: 0.7090 (0.7000)  loss_vfl: 0.5549 (0.5459)  loss_vfl_aux_0: 0.5597 (0.5536)  loss_vfl_aux_1: 0.5598 (0.5514)  loss_vfl_aux_2: 0.5502 (0.5659)  loss_vfl_dn_0: 0.4711 (0.4778)  loss_vfl_dn_1: 0.4601 (0.4630)  loss_vfl_dn_2: 0.4562 (0.4585)  time: 1.0193  data: 0.0295  max mem: 11060
Epoch: [22] Total time: 0:16:04 (1.1925 s / it)
Averaged stats: lr: 0.000100  loss: 10.2458 (10.3233)  loss_bbox: 0.0838 (0.0914)  loss_bbox_aux_0: 0.0897 (0.0960)  loss_bbox_aux_1: 0.0851 (0.0927)  loss_bbox_aux_2: 0.1052 (0.1085)  loss_bbox_dn_0: 0.0526 (0.0583)  loss_bbox_dn_1: 0.0440 (0.0483)  loss_bbox_dn_2: 0.0425 (0.0468)  loss_giou: 0.9253 (0.9557)  loss_giou_aux_0: 0.9593 (0.9878)  loss_giou_aux_1: 0.9391 (0.9664)  loss_giou_aux_2: 1.0409 (1.0503)  loss_giou_dn_0: 0.7864 (0.7945)  loss_giou_dn_1: 0.7204 (0.7104)  loss_giou_dn_2: 0.7090 (0.7000)  loss_vfl: 0.5549 (0.5459)  loss_vfl_aux_0: 0.5597 (0.5536)  loss_vfl_aux_1: 0.5598 (0.5514)  loss_vfl_aux_2: 0.5502 (0.5659)  loss_vfl_dn_0: 0.4711 (0.4778)  loss_vfl_dn_1: 0.4601 (0.4630)  loss_vfl_dn_2: 0.4562 (0.4585)
Test:  [ 0/69]  eta: 0:02:02    time: 1.7784  data: 1.0782  max mem: 11060
Test:  [10/69]  eta: 0:00:47    time: 0.8042  data: 0.1164  max mem: 11060
Test:  [20/69]  eta: 0:00:38    time: 0.7279  data: 0.0234  max mem: 11060
Test:  [30/69]  eta: 0:00:29    time: 0.7150  data: 0.0251  max mem: 11060
Test:  [40/69]  eta: 0:00:21    time: 0.7370  data: 0.0241  max mem: 11060
Test:  [50/69]  eta: 0:00:13    time: 0.7098  data: 0.0252  max mem: 11060
Test:  [60/69]  eta: 0:00:06    time: 0.6194  data: 0.0257  max mem: 11060
Test:  [68/69]  eta: 0:00:00    time: 0.6256  data: 0.0247  max mem: 11060
Test: Total time: 0:00:48 (0.7086 s / it)
Averaged stats: 
Accumulating evaluation results...
DONE (t=2.35s).
IoU metric: bbox
 Average Precision  (AP) @[ IoU=0.50:0.95 | area=   all | maxDets=100 ] = 0.199
 Average Precision  (AP) @[ IoU=0.50      | area=   all | maxDets=100 ] = 0.326
 Average Precision  (AP) @[ IoU=0.75      | area=   all | maxDets=100 ] = 0.204
 Average Precision  (AP) @[ IoU=0.50:0.95 | area= small | maxDets=100 ] = 0.135
 Average Precision  (AP) @[ IoU=0.50:0.95 | area=medium | maxDets=100 ] = 0.266
 Average Precision  (AP) @[ IoU=0.50:0.95 | area= large | maxDets=100 ] = 0.359
 Average Recall     (AR) @[ IoU=0.50:0.95 | area=   all | maxDets=  1 ] = 0.092
 Average Recall     (AR) @[ IoU=0.50:0.95 | area=   all | maxDets= 10 ] = 0.262
 Average Recall     (AR) @[ IoU=0.50:0.95 | area=   all | maxDets=100 ] = 0.364
 Average Recall     (AR) @[ IoU=0.50:0.95 | area= small | maxDets=100 ] = 0.287
 Average Recall     (AR) @[ IoU=0.50:0.95 | area=medium | maxDets=100 ] = 0.461
 Average Recall     (AR) @[ IoU=0.50:0.95 | area= large | maxDets=100 ] = 0.583
best_stat:  {'epoch': 22, 'coco_eval_bbox': 0.19918810709666715}
Epoch: [23]  [  0/809]  eta: 1:31:26  lr: 0.000100  loss: 11.8524 (11.8524)  loss_bbox: 0.1916 (0.1916)  loss_bbox_aux_0: 0.2028 (0.2028)  loss_bbox_aux_1: 0.2025 (0.2025)  loss_bbox_aux_2: 0.2004 (0.2004)  loss_bbox_dn_0: 0.0741 (0.0741)  loss_bbox_dn_1: 0.0618 (0.0618)  loss_bbox_dn_2: 0.0590 (0.0590)  loss_giou: 1.2717 (1.2717)  loss_giou_aux_0: 1.3016 (1.3016)  loss_giou_aux_1: 1.2856 (1.2856)  loss_giou_aux_2: 1.3422 (1.3422)  loss_giou_dn_0: 0.8288 (0.8288)  loss_giou_dn_1: 0.7452 (0.7452)  loss_giou_dn_2: 0.7255 (0.7255)  loss_vfl: 0.4795 (0.4795)  loss_vfl_aux_0: 0.4807 (0.4807)  loss_vfl_aux_1: 0.4772 (0.4772)  loss_vfl_aux_2: 0.5007 (0.5007)  loss_vfl_dn_0: 0.4847 (0.4847)  loss_vfl_dn_1: 0.4692 (0.4692)  loss_vfl_dn_2: 0.4677 (0.4677)  time: 6.7824  data: 3.5500  max mem: 11060
Epoch: [23]  [100/809]  eta: 0:14:52  lr: 0.000100  loss: 9.9464 (10.1776)  loss_bbox: 0.0784 (0.0866)  loss_bbox_aux_0: 0.0826 (0.0917)  loss_bbox_aux_1: 0.0786 (0.0880)  loss_bbox_aux_2: 0.0935 (0.1040)  loss_bbox_dn_0: 0.0461 (0.0571)  loss_bbox_dn_1: 0.0416 (0.0470)  loss_bbox_dn_2: 0.0407 (0.0455)  loss_giou: 0.8869 (0.9345)  loss_giou_aux_0: 0.9145 (0.9638)  loss_giou_aux_1: 0.8920 (0.9445)  loss_giou_aux_2: 0.9798 (1.0309)  loss_giou_dn_0: 0.7681 (0.7811)  loss_giou_dn_1: 0.6768 (0.6971)  loss_giou_dn_2: 0.6676 (0.6862)  loss_vfl: 0.5277 (0.5466)  loss_vfl_aux_0: 0.5453 (0.5558)  loss_vfl_aux_1: 0.5406 (0.5518)  loss_vfl_aux_2: 0.5511 (0.5656)  loss_vfl_dn_0: 0.4708 (0.4789)  loss_vfl_dn_1: 0.4645 (0.4626)  loss_vfl_dn_2: 0.4594 (0.4583)  time: 1.1715  data: 0.0305  max mem: 11060
Epoch: [23]  [200/809]  eta: 0:12:13  lr: 0.000100  loss: 10.2599 (10.1839)  loss_bbox: 0.0830 (0.0865)  loss_bbox_aux_0: 0.0869 (0.0914)  loss_bbox_aux_1: 0.0848 (0.0876)  loss_bbox_aux_2: 0.0995 (0.1043)  loss_bbox_dn_0: 0.0585 (0.0581)  loss_bbox_dn_1: 0.0492 (0.0482)  loss_bbox_dn_2: 0.0475 (0.0468)  loss_giou: 0.9267 (0.9262)  loss_giou_aux_0: 0.9687 (0.9571)  loss_giou_aux_1: 0.9425 (0.9366)  loss_giou_aux_2: 1.0285 (1.0220)  loss_giou_dn_0: 0.7692 (0.7773)  loss_giou_dn_1: 0.6953 (0.6949)  loss_giou_dn_2: 0.6796 (0.6842)  loss_vfl: 0.5574 (0.5559)  loss_vfl_aux_0: 0.5594 (0.5648)  loss_vfl_aux_1: 0.5621 (0.5618)  loss_vfl_aux_2: 0.5858 (0.5761)  loss_vfl_dn_0: 0.4841 (0.4804)  loss_vfl_dn_1: 0.4708 (0.4642)  loss_vfl_dn_2: 0.4636 (0.4595)  time: 1.1337  data: 0.0267  max mem: 11060
Epoch: [23]  [300/809]  eta: 0:10:06  lr: 0.000100  loss: 10.5365 (10.2340)  loss_bbox: 0.0832 (0.0906)  loss_bbox_aux_0: 0.0875 (0.0952)  loss_bbox_aux_1: 0.0837 (0.0918)  loss_bbox_aux_2: 0.1019 (0.1078)  loss_bbox_dn_0: 0.0528 (0.0579)  loss_bbox_dn_1: 0.0440 (0.0481)  loss_bbox_dn_2: 0.0439 (0.0468)  loss_giou: 1.0029 (0.9379)  loss_giou_aux_0: 1.0309 (0.9681)  loss_giou_aux_1: 1.0201 (0.9481)  loss_giou_aux_2: 1.0762 (1.0305)  loss_giou_dn_0: 0.8110 (0.7826)  loss_giou_dn_1: 0.7277 (0.7009)  loss_giou_dn_2: 0.7253 (0.6906)  loss_vfl: 0.5188 (0.5509)  loss_vfl_aux_0: 0.5314 (0.5591)  loss_vfl_aux_1: 0.5190 (0.5568)  loss_vfl_aux_2: 0.5302 (0.5705)  loss_vfl_dn_0: 0.4747 (0.4790)  loss_vfl_dn_1: 0.4574 (0.4628)  loss_vfl_dn_2: 0.4563 (0.4580)  time: 1.2399  data: 0.0358  max mem: 11060
Epoch: [23]  [400/809]  eta: 0:08:09  lr: 0.000100  loss: 10.1449 (10.2342)  loss_bbox: 0.0815 (0.0898)  loss_bbox_aux_0: 0.0855 (0.0944)  loss_bbox_aux_1: 0.0832 (0.0911)  loss_bbox_aux_2: 0.1039 (0.1072)  loss_bbox_dn_0: 0.0606 (0.0583)  loss_bbox_dn_1: 0.0492 (0.0483)  loss_bbox_dn_2: 0.0470 (0.0469)  loss_giou: 0.9298 (0.9371)  loss_giou_aux_0: 0.9440 (0.9672)  loss_giou_aux_1: 0.9232 (0.9473)  loss_giou_aux_2: 1.0361 (1.0310)  loss_giou_dn_0: 0.7696 (0.7835)  loss_giou_dn_1: 0.6837 (0.7006)  loss_giou_dn_2: 0.6673 (0.6902)  loss_vfl: 0.5465 (0.5519)  loss_vfl_aux_0: 0.5608 (0.5599)  loss_vfl_aux_1: 0.5513 (0.5575)  loss_vfl_aux_2: 0.5760 (0.5706)  loss_vfl_dn_0: 0.4800 (0.4792)  loss_vfl_dn_1: 0.4589 (0.4634)  loss_vfl_dn_2: 0.4539 (0.4587)  time: 1.1888  data: 0.0345  max mem: 11060
Epoch: [23]  [500/809]  eta: 0:06:10  lr: 0.000100  loss: 10.1962 (10.2353)  loss_bbox: 0.0834 (0.0891)  loss_bbox_aux_0: 0.0831 (0.0937)  loss_bbox_aux_1: 0.0830 (0.0904)  loss_bbox_aux_2: 0.0937 (0.1068)  loss_bbox_dn_0: 0.0598 (0.0583)  loss_bbox_dn_1: 0.0485 (0.0483)  loss_bbox_dn_2: 0.0474 (0.0469)  loss_giou: 0.8662 (0.9390)  loss_giou_aux_0: 0.9113 (0.9693)  loss_giou_aux_1: 0.8723 (0.9491)  loss_giou_aux_2: 0.9918 (1.0334)  loss_giou_dn_0: 0.7998 (0.7849)  loss_giou_dn_1: 0.7302 (0.7021)  loss_giou_dn_2: 0.7239 (0.6917)  loss_vfl: 0.5493 (0.5503)  loss_vfl_aux_0: 0.5635 (0.5585)  loss_vfl_aux_1: 0.5582 (0.5558)  loss_vfl_aux_2: 0.5784 (0.5682)  loss_vfl_dn_0: 0.4735 (0.4785)  loss_vfl_dn_1: 0.4601 (0.4628)  loss_vfl_dn_2: 0.4567 (0.4581)  time: 1.2070  data: 0.0320  max mem: 11060
Epoch: [23]  [600/809]  eta: 0:04:10  lr: 0.000100  loss: 9.8794 (10.2324)  loss_bbox: 0.0793 (0.0891)  loss_bbox_aux_0: 0.0819 (0.0936)  loss_bbox_aux_1: 0.0786 (0.0903)  loss_bbox_aux_2: 0.0968 (0.1069)  loss_bbox_dn_0: 0.0614 (0.0585)  loss_bbox_dn_1: 0.0495 (0.0486)  loss_bbox_dn_2: 0.0482 (0.0472)  loss_giou: 0.8560 (0.9391)  loss_giou_aux_0: 0.8974 (0.9697)  loss_giou_aux_1: 0.8647 (0.9489)  loss_giou_aux_2: 0.9562 (1.0334)  loss_giou_dn_0: 0.7609 (0.7844)  loss_giou_dn_1: 0.6696 (0.7020)  loss_giou_dn_2: 0.6588 (0.6916)  loss_vfl: 0.5674 (0.5495)  loss_vfl_aux_0: 0.5737 (0.5579)  loss_vfl_aux_1: 0.5767 (0.5555)  loss_vfl_aux_2: 0.6078 (0.5673)  loss_vfl_dn_0: 0.4790 (0.4785)  loss_vfl_dn_1: 0.4708 (0.4626)  loss_vfl_dn_2: 0.4655 (0.4578)  time: 1.1565  data: 0.0311  max mem: 11060
Epoch: [23]  [700/809]  eta: 0:02:10  lr: 0.000100  loss: 10.1609 (10.2139)  loss_bbox: 0.0895 (0.0890)  loss_bbox_aux_0: 0.0921 (0.0933)  loss_bbox_aux_1: 0.0901 (0.0901)  loss_bbox_aux_2: 0.1021 (0.1067)  loss_bbox_dn_0: 0.0558 (0.0585)  loss_bbox_dn_1: 0.0478 (0.0485)  loss_bbox_dn_2: 0.0466 (0.0471)  loss_giou: 0.9236 (0.9347)  loss_giou_aux_0: 0.9430 (0.9651)  loss_giou_aux_1: 0.9233 (0.9446)  loss_giou_aux_2: 1.0187 (1.0295)  loss_giou_dn_0: 0.7681 (0.7820)  loss_giou_dn_1: 0.6795 (0.6997)  loss_giou_dn_2: 0.6765 (0.6891)  loss_vfl: 0.5181 (0.5509)  loss_vfl_aux_0: 0.5389 (0.5599)  loss_vfl_aux_1: 0.5222 (0.5570)  loss_vfl_aux_2: 0.5355 (0.5698)  loss_vfl_dn_0: 0.4766 (0.4784)  loss_vfl_dn_1: 0.4590 (0.4624)  loss_vfl_dn_2: 0.4548 (0.4576)  time: 1.1928  data: 0.0312  max mem: 11060
Epoch: [23]  [800/809]  eta: 0:00:10  lr: 0.000100  loss: 10.4071 (10.2297)  loss_bbox: 0.0873 (0.0897)  loss_bbox_aux_0: 0.0868 (0.0940)  loss_bbox_aux_1: 0.0859 (0.0909)  loss_bbox_aux_2: 0.1097 (0.1073)  loss_bbox_dn_0: 0.0543 (0.0583)  loss_bbox_dn_1: 0.0452 (0.0484)  loss_bbox_dn_2: 0.0432 (0.0470)  loss_giou: 0.9818 (0.9392)  loss_giou_aux_0: 0.9954 (0.9697)  loss_giou_aux_1: 0.9973 (0.9493)  loss_giou_aux_2: 1.0531 (1.0339)  loss_giou_dn_0: 0.7895 (0.7828)  loss_giou_dn_1: 0.6979 (0.7006)  loss_giou_dn_2: 0.6921 (0.6900)  loss_vfl: 0.5275 (0.5487)  loss_vfl_aux_0: 0.5431 (0.5580)  loss_vfl_aux_1: 0.5305 (0.5550)  loss_vfl_aux_2: 0.5427 (0.5685)  loss_vfl_dn_0: 0.4785 (0.4784)  loss_vfl_dn_1: 0.4611 (0.4624)  loss_vfl_dn_2: 0.4564 (0.4576)  time: 1.1522  data: 0.0248  max mem: 11060
Epoch: [23]  [808/809]  eta: 0:00:01  lr: 0.000100  loss: 9.8175 (10.2244)  loss_bbox: 0.0872 (0.0895)  loss_bbox_aux_0: 0.0849 (0.0938)  loss_bbox_aux_1: 0.0842 (0.0907)  loss_bbox_aux_2: 0.0957 (0.1071)  loss_bbox_dn_0: 0.0558 (0.0583)  loss_bbox_dn_1: 0.0461 (0.0484)  loss_bbox_dn_2: 0.0441 (0.0470)  loss_giou: 0.8912 (0.9381)  loss_giou_aux_0: 0.9126 (0.9686)  loss_giou_aux_1: 0.9013 (0.9481)  loss_giou_aux_2: 0.9852 (1.0328)  loss_giou_dn_0: 0.7506 (0.7824)  loss_giou_dn_1: 0.6670 (0.7002)  loss_giou_dn_2: 0.6584 (0.6897)  loss_vfl: 0.5365 (0.5490)  loss_vfl_aux_0: 0.5721 (0.5584)  loss_vfl_aux_1: 0.5477 (0.5553)  loss_vfl_aux_2: 0.5974 (0.5690)  loss_vfl_dn_0: 0.4785 (0.4784)  loss_vfl_dn_1: 0.4602 (0.4623)  loss_vfl_dn_2: 0.4558 (0.4575)  time: 0.9870  data: 0.0236  max mem: 11060
Epoch: [23] Total time: 0:16:06 (1.1953 s / it)
Averaged stats: lr: 0.000100  loss: 9.8175 (10.2244)  loss_bbox: 0.0872 (0.0895)  loss_bbox_aux_0: 0.0849 (0.0938)  loss_bbox_aux_1: 0.0842 (0.0907)  loss_bbox_aux_2: 0.0957 (0.1071)  loss_bbox_dn_0: 0.0558 (0.0583)  loss_bbox_dn_1: 0.0461 (0.0484)  loss_bbox_dn_2: 0.0441 (0.0470)  loss_giou: 0.8912 (0.9381)  loss_giou_aux_0: 0.9126 (0.9686)  loss_giou_aux_1: 0.9013 (0.9481)  loss_giou_aux_2: 0.9852 (1.0328)  loss_giou_dn_0: 0.7506 (0.7824)  loss_giou_dn_1: 0.6670 (0.7002)  loss_giou_dn_2: 0.6584 (0.6897)  loss_vfl: 0.5365 (0.5490)  loss_vfl_aux_0: 0.5721 (0.5584)  loss_vfl_aux_1: 0.5477 (0.5553)  loss_vfl_aux_2: 0.5974 (0.5690)  loss_vfl_dn_0: 0.4785 (0.4784)  loss_vfl_dn_1: 0.4602 (0.4623)  loss_vfl_dn_2: 0.4558 (0.4575)
Test:  [ 0/69]  eta: 0:01:32    time: 1.3353  data: 0.7537  max mem: 11060
Test:  [10/69]  eta: 0:00:43    time: 0.7307  data: 0.0838  max mem: 11060
Test:  [20/69]  eta: 0:00:34    time: 0.6813  data: 0.0190  max mem: 11060
Test:  [30/69]  eta: 0:00:26    time: 0.6559  data: 0.0217  max mem: 11060
Test:  [40/69]  eta: 0:00:19    time: 0.6146  data: 0.0221  max mem: 11060
Test:  [50/69]  eta: 0:00:12    time: 0.6481  data: 0.0681  max mem: 11060
Test:  [60/69]  eta: 0:00:05    time: 0.6215  data: 0.0682  max mem: 11060
Test:  [68/69]  eta: 0:00:00    time: 0.5808  data: 0.0216  max mem: 11060
Test: Total time: 0:00:44 (0.6480 s / it)
Averaged stats: 
Accumulating evaluation results...
DONE (t=2.05s).
IoU metric: bbox
 Average Precision  (AP) @[ IoU=0.50:0.95 | area=   all | maxDets=100 ] = 0.201
 Average Precision  (AP) @[ IoU=0.50      | area=   all | maxDets=100 ] = 0.329
 Average Precision  (AP) @[ IoU=0.75      | area=   all | maxDets=100 ] = 0.206
 Average Precision  (AP) @[ IoU=0.50:0.95 | area= small | maxDets=100 ] = 0.136
 Average Precision  (AP) @[ IoU=0.50:0.95 | area=medium | maxDets=100 ] = 0.270
 Average Precision  (AP) @[ IoU=0.50:0.95 | area= large | maxDets=100 ] = 0.377
 Average Recall     (AR) @[ IoU=0.50:0.95 | area=   all | maxDets=  1 ] = 0.094
 Average Recall     (AR) @[ IoU=0.50:0.95 | area=   all | maxDets= 10 ] = 0.263
 Average Recall     (AR) @[ IoU=0.50:0.95 | area=   all | maxDets=100 ] = 0.366
 Average Recall     (AR) @[ IoU=0.50:0.95 | area= small | maxDets=100 ] = 0.289
 Average Recall     (AR) @[ IoU=0.50:0.95 | area=medium | maxDets=100 ] = 0.464
 Average Recall     (AR) @[ IoU=0.50:0.95 | area= large | maxDets=100 ] = 0.576
best_stat:  {'epoch': 23, 'coco_eval_bbox': 0.20114952432097027}
Epoch: [24]  [  0/809]  eta: 1:20:10  lr: 0.000100  loss: 10.2753 (10.2753)  loss_bbox: 0.0837 (0.0837)  loss_bbox_aux_0: 0.0850 (0.0850)  loss_bbox_aux_1: 0.0857 (0.0857)  loss_bbox_aux_2: 0.0970 (0.0970)  loss_bbox_dn_0: 0.0522 (0.0522)  loss_bbox_dn_1: 0.0440 (0.0440)  loss_bbox_dn_2: 0.0429 (0.0429)  loss_giou: 1.0245 (1.0245)  loss_giou_aux_0: 1.0455 (1.0455)  loss_giou_aux_1: 1.0258 (1.0258)  loss_giou_aux_2: 1.0921 (1.0921)  loss_giou_dn_0: 0.8183 (0.8183)  loss_giou_dn_1: 0.7352 (0.7352)  loss_giou_dn_2: 0.7256 (0.7256)  loss_vfl: 0.4680 (0.4680)  loss_vfl_aux_0: 0.4836 (0.4836)  loss_vfl_aux_1: 0.4789 (0.4789)  loss_vfl_aux_2: 0.4966 (0.4966)  loss_vfl_dn_0: 0.4686 (0.4686)  loss_vfl_dn_1: 0.4624 (0.4624)  loss_vfl_dn_2: 0.4597 (0.4597)  time: 5.9464  data: 3.2065  max mem: 11060
Epoch: [24]  [100/809]  eta: 0:14:12  lr: 0.000100  loss: 10.2451 (10.1520)  loss_bbox: 0.0730 (0.0887)  loss_bbox_aux_0: 0.0816 (0.0925)  loss_bbox_aux_1: 0.0748 (0.0900)  loss_bbox_aux_2: 0.0935 (0.1041)  loss_bbox_dn_0: 0.0545 (0.0582)  loss_bbox_dn_1: 0.0472 (0.0484)  loss_bbox_dn_2: 0.0463 (0.0471)  loss_giou: 0.9450 (0.9192)  loss_giou_aux_0: 0.9611 (0.9483)  loss_giou_aux_1: 0.9425 (0.9280)  loss_giou_aux_2: 0.9999 (1.0132)  loss_giou_dn_0: 0.7706 (0.7709)  loss_giou_dn_1: 0.6947 (0.6908)  loss_giou_dn_2: 0.6831 (0.6804)  loss_vfl: 0.5226 (0.5579)  loss_vfl_aux_0: 0.5389 (0.5669)  loss_vfl_aux_1: 0.5323 (0.5636)  loss_vfl_aux_2: 0.5382 (0.5780)  loss_vfl_dn_0: 0.4750 (0.4820)  loss_vfl_dn_1: 0.4623 (0.4639)  loss_vfl_dn_2: 0.4568 (0.4598)  time: 1.1520  data: 0.0270  max mem: 11060
Epoch: [24]  [200/809]  eta: 0:12:12  lr: 0.000100  loss: 10.4853 (10.1116)  loss_bbox: 0.0762 (0.0880)  loss_bbox_aux_0: 0.0793 (0.0919)  loss_bbox_aux_1: 0.0780 (0.0894)  loss_bbox_aux_2: 0.0962 (0.1046)  loss_bbox_dn_0: 0.0525 (0.0579)  loss_bbox_dn_1: 0.0453 (0.0481)  loss_bbox_dn_2: 0.0449 (0.0468)  loss_giou: 0.9799 (0.9134)  loss_giou_aux_0: 1.0135 (0.9427)  loss_giou_aux_1: 0.9837 (0.9230)  loss_giou_aux_2: 1.0722 (1.0068)  loss_giou_dn_0: 0.7808 (0.7673)  loss_giou_dn_1: 0.7060 (0.6868)  loss_giou_dn_2: 0.7001 (0.6764)  loss_vfl: 0.5309 (0.5564)  loss_vfl_aux_0: 0.5361 (0.5651)  loss_vfl_aux_1: 0.5229 (0.5622)  loss_vfl_aux_2: 0.5530 (0.5772)  loss_vfl_dn_0: 0.4769 (0.4828)  loss_vfl_dn_1: 0.4612 (0.4646)  loss_vfl_dn_2: 0.4586 (0.4605)  time: 1.1973  data: 0.0300  max mem: 11060
Epoch: [24]  [300/809]  eta: 0:10:14  lr: 0.000100  loss: 10.5688 (10.1459)  loss_bbox: 0.0878 (0.0891)  loss_bbox_aux_0: 0.0936 (0.0932)  loss_bbox_aux_1: 0.0906 (0.0908)  loss_bbox_aux_2: 0.1102 (0.1059)  loss_bbox_dn_0: 0.0599 (0.0586)  loss_bbox_dn_1: 0.0527 (0.0488)  loss_bbox_dn_2: 0.0496 (0.0474)  loss_giou: 0.9648 (0.9195)  loss_giou_aux_0: 1.0001 (0.9494)  loss_giou_aux_1: 0.9712 (0.9294)  loss_giou_aux_2: 1.0531 (1.0118)  loss_giou_dn_0: 0.8466 (0.7720)  loss_giou_dn_1: 0.7450 (0.6916)  loss_giou_dn_2: 0.7342 (0.6812)  loss_vfl: 0.4775 (0.5538)  loss_vfl_aux_0: 0.5006 (0.5637)  loss_vfl_aux_1: 0.4814 (0.5600)  loss_vfl_aux_2: 0.5258 (0.5755)  loss_vfl_dn_0: 0.4777 (0.4810)  loss_vfl_dn_1: 0.4617 (0.4638)  loss_vfl_dn_2: 0.4578 (0.4594)  time: 1.2539  data: 0.0407  max mem: 11060
Epoch: [24]  [400/809]  eta: 0:08:11  lr: 0.000100  loss: 10.1275 (10.1653)  loss_bbox: 0.0748 (0.0886)  loss_bbox_aux_0: 0.0770 (0.0926)  loss_bbox_aux_1: 0.0765 (0.0901)  loss_bbox_aux_2: 0.0940 (0.1055)  loss_bbox_dn_0: 0.0525 (0.0583)  loss_bbox_dn_1: 0.0443 (0.0485)  loss_bbox_dn_2: 0.0438 (0.0471)  loss_giou: 0.9539 (0.9278)  loss_giou_aux_0: 0.9875 (0.9574)  loss_giou_aux_1: 0.9635 (0.9380)  loss_giou_aux_2: 1.0493 (1.0186)  loss_giou_dn_0: 0.7849 (0.7764)  loss_giou_dn_1: 0.7007 (0.6953)  loss_giou_dn_2: 0.6928 (0.6851)  loss_vfl: 0.5186 (0.5490)  loss_vfl_aux_0: 0.5310 (0.5592)  loss_vfl_aux_1: 0.5217 (0.5551)  loss_vfl_aux_2: 0.5610 (0.5711)  loss_vfl_dn_0: 0.4788 (0.4800)  loss_vfl_dn_1: 0.4578 (0.4631)  loss_vfl_dn_2: 0.4515 (0.4584)  time: 1.1677  data: 0.0298  max mem: 11060
Epoch: [24]  [500/809]  eta: 0:06:11  lr: 0.000100  loss: 10.0875 (10.1944)  loss_bbox: 0.0804 (0.0889)  loss_bbox_aux_0: 0.0836 (0.0927)  loss_bbox_aux_1: 0.0821 (0.0903)  loss_bbox_aux_2: 0.0887 (0.1056)  loss_bbox_dn_0: 0.0592 (0.0581)  loss_bbox_dn_1: 0.0500 (0.0482)  loss_bbox_dn_2: 0.0490 (0.0468)  loss_giou: 0.8855 (0.9356)  loss_giou_aux_0: 0.9200 (0.9650)  loss_giou_aux_1: 0.8913 (0.9461)  loss_giou_aux_2: 0.9956 (1.0254)  loss_giou_dn_0: 0.7699 (0.7792)  loss_giou_dn_1: 0.6991 (0.6973)  loss_giou_dn_2: 0.6919 (0.6869)  loss_vfl: 0.5564 (0.5474)  loss_vfl_aux_0: 0.5869 (0.5574)  loss_vfl_aux_1: 0.5618 (0.5531)  loss_vfl_aux_2: 0.5934 (0.5699)  loss_vfl_dn_0: 0.4792 (0.4794)  loss_vfl_dn_1: 0.4659 (0.4630)  loss_vfl_dn_2: 0.4609 (0.4583)  time: 1.2653  data: 0.0288  max mem: 11060
Epoch: [24]  [600/809]  eta: 0:04:10  lr: 0.000100  loss: 10.1241 (10.1878)  loss_bbox: 0.0757 (0.0886)  loss_bbox_aux_0: 0.0791 (0.0925)  loss_bbox_aux_1: 0.0744 (0.0900)  loss_bbox_aux_2: 0.0921 (0.1058)  loss_bbox_dn_0: 0.0592 (0.0584)  loss_bbox_dn_1: 0.0490 (0.0485)  loss_bbox_dn_2: 0.0475 (0.0470)  loss_giou: 0.8973 (0.9321)  loss_giou_aux_0: 0.9283 (0.9619)  loss_giou_aux_1: 0.9045 (0.9429)  loss_giou_aux_2: 0.9914 (1.0240)  loss_giou_dn_0: 0.7749 (0.7790)  loss_giou_dn_1: 0.6985 (0.6969)  loss_giou_dn_2: 0.6866 (0.6864)  loss_vfl: 0.5538 (0.5492)  loss_vfl_aux_0: 0.5471 (0.5592)  loss_vfl_aux_1: 0.5533 (0.5548)  loss_vfl_aux_2: 0.5670 (0.5708)  loss_vfl_dn_0: 0.4760 (0.4793)  loss_vfl_dn_1: 0.4595 (0.4626)  loss_vfl_dn_2: 0.4561 (0.4578)  time: 1.0623  data: 0.0271  max mem: 11060
Epoch: [24]  [700/809]  eta: 0:02:09  lr: 0.000100  loss: 10.2561 (10.1964)  loss_bbox: 0.0810 (0.0878)  loss_bbox_aux_0: 0.0848 (0.0918)  loss_bbox_aux_1: 0.0839 (0.0892)  loss_bbox_aux_2: 0.0961 (0.1052)  loss_bbox_dn_0: 0.0504 (0.0582)  loss_bbox_dn_1: 0.0391 (0.0482)  loss_bbox_dn_2: 0.0380 (0.0468)  loss_giou: 0.9295 (0.9349)  loss_giou_aux_0: 0.9894 (0.9649)  loss_giou_aux_1: 0.9506 (0.9455)  loss_giou_aux_2: 1.0558 (1.0276)  loss_giou_dn_0: 0.7896 (0.7813)  loss_giou_dn_1: 0.7068 (0.6990)  loss_giou_dn_2: 0.6927 (0.6885)  loss_vfl: 0.5272 (0.5478)  loss_vfl_aux_0: 0.5345 (0.5582)  loss_vfl_aux_1: 0.5331 (0.5536)  loss_vfl_aux_2: 0.5419 (0.5692)  loss_vfl_dn_0: 0.4703 (0.4789)  loss_vfl_dn_1: 0.4541 (0.4623)  loss_vfl_dn_2: 0.4482 (0.4575)  time: 1.0764  data: 0.0273  max mem: 11060
Epoch: [24]  [800/809]  eta: 0:00:10  lr: 0.000100  loss: 10.3185 (10.1875)  loss_bbox: 0.0911 (0.0878)  loss_bbox_aux_0: 0.0946 (0.0917)  loss_bbox_aux_1: 0.0921 (0.0892)  loss_bbox_aux_2: 0.1085 (0.1048)  loss_bbox_dn_0: 0.0510 (0.0580)  loss_bbox_dn_1: 0.0430 (0.0481)  loss_bbox_dn_2: 0.0419 (0.0467)  loss_giou: 1.0179 (0.9342)  loss_giou_aux_0: 1.0432 (0.9643)  loss_giou_aux_1: 1.0320 (0.9447)  loss_giou_aux_2: 1.1001 (1.0260)  loss_giou_dn_0: 0.7786 (0.7804)  loss_giou_dn_1: 0.7093 (0.6985)  loss_giou_dn_2: 0.7004 (0.6879)  loss_vfl: 0.4735 (0.5465)  loss_vfl_aux_0: 0.4929 (0.5572)  loss_vfl_aux_1: 0.4888 (0.5526)  loss_vfl_aux_2: 0.5062 (0.5693)  loss_vfl_dn_0: 0.4768 (0.4792)  loss_vfl_dn_1: 0.4669 (0.4625)  loss_vfl_dn_2: 0.4628 (0.4577)  time: 1.1770  data: 0.0332  max mem: 11060
Epoch: [24]  [808/809]  eta: 0:00:01  lr: 0.000100  loss: 10.4042 (10.1908)  loss_bbox: 0.0911 (0.0879)  loss_bbox_aux_0: 0.0949 (0.0919)  loss_bbox_aux_1: 0.0921 (0.0893)  loss_bbox_aux_2: 0.1097 (0.1049)  loss_bbox_dn_0: 0.0487 (0.0580)  loss_bbox_dn_1: 0.0425 (0.0482)  loss_bbox_dn_2: 0.0415 (0.0467)  loss_giou: 1.0281 (0.9349)  loss_giou_aux_0: 1.0432 (0.9651)  loss_giou_aux_1: 1.0344 (0.9454)  loss_giou_aux_2: 1.1001 (1.0266)  loss_giou_dn_0: 0.7771 (0.7807)  loss_giou_dn_1: 0.7113 (0.6988)  loss_giou_dn_2: 0.7032 (0.6883)  loss_vfl: 0.4703 (0.5462)  loss_vfl_aux_0: 0.4800 (0.5570)  loss_vfl_aux_1: 0.4863 (0.5524)  loss_vfl_aux_2: 0.4996 (0.5691)  loss_vfl_dn_0: 0.4749 (0.4792)  loss_vfl_dn_1: 0.4607 (0.4625)  loss_vfl_dn_2: 0.4535 (0.4577)  time: 1.0219  data: 0.0285  max mem: 11060
Epoch: [24] Total time: 0:15:56 (1.1821 s / it)
Averaged stats: lr: 0.000100  loss: 10.4042 (10.1908)  loss_bbox: 0.0911 (0.0879)  loss_bbox_aux_0: 0.0949 (0.0919)  loss_bbox_aux_1: 0.0921 (0.0893)  loss_bbox_aux_2: 0.1097 (0.1049)  loss_bbox_dn_0: 0.0487 (0.0580)  loss_bbox_dn_1: 0.0425 (0.0482)  loss_bbox_dn_2: 0.0415 (0.0467)  loss_giou: 1.0281 (0.9349)  loss_giou_aux_0: 1.0432 (0.9651)  loss_giou_aux_1: 1.0344 (0.9454)  loss_giou_aux_2: 1.1001 (1.0266)  loss_giou_dn_0: 0.7771 (0.7807)  loss_giou_dn_1: 0.7113 (0.6988)  loss_giou_dn_2: 0.7032 (0.6883)  loss_vfl: 0.4703 (0.5462)  loss_vfl_aux_0: 0.4800 (0.5570)  loss_vfl_aux_1: 0.4863 (0.5524)  loss_vfl_aux_2: 0.4996 (0.5691)  loss_vfl_dn_0: 0.4749 (0.4792)  loss_vfl_dn_1: 0.4607 (0.4625)  loss_vfl_dn_2: 0.4535 (0.4577)
Test:  [ 0/69]  eta: 0:02:00    time: 1.7492  data: 0.9180  max mem: 11060
Test:  [10/69]  eta: 0:00:46    time: 0.7937  data: 0.1078  max mem: 11060
Test:  [20/69]  eta: 0:00:37    time: 0.7207  data: 0.0260  max mem: 11060
Test:  [30/69]  eta: 0:00:29    time: 0.7215  data: 0.0256  max mem: 11060
Test:  [40/69]  eta: 0:00:20    time: 0.6651  data: 0.0267  max mem: 11060
Test:  [50/69]  eta: 0:00:13    time: 0.6309  data: 0.0271  max mem: 11060
Test:  [60/69]  eta: 0:00:06    time: 0.6740  data: 0.0272  max mem: 11060
Test:  [68/69]  eta: 0:00:00    time: 0.6789  data: 0.0255  max mem: 11060
Test: Total time: 0:00:48 (0.7007 s / it)
Averaged stats: 
Accumulating evaluation results...
DONE (t=2.38s).
IoU metric: bbox
 Average Precision  (AP) @[ IoU=0.50:0.95 | area=   all | maxDets=100 ] = 0.203
 Average Precision  (AP) @[ IoU=0.50      | area=   all | maxDets=100 ] = 0.331
 Average Precision  (AP) @[ IoU=0.75      | area=   all | maxDets=100 ] = 0.209
 Average Precision  (AP) @[ IoU=0.50:0.95 | area= small | maxDets=100 ] = 0.137
 Average Precision  (AP) @[ IoU=0.50:0.95 | area=medium | maxDets=100 ] = 0.272
 Average Precision  (AP) @[ IoU=0.50:0.95 | area= large | maxDets=100 ] = 0.378
 Average Recall     (AR) @[ IoU=0.50:0.95 | area=   all | maxDets=  1 ] = 0.095
 Average Recall     (AR) @[ IoU=0.50:0.95 | area=   all | maxDets= 10 ] = 0.266
 Average Recall     (AR) @[ IoU=0.50:0.95 | area=   all | maxDets=100 ] = 0.367
 Average Recall     (AR) @[ IoU=0.50:0.95 | area= small | maxDets=100 ] = 0.291
 Average Recall     (AR) @[ IoU=0.50:0.95 | area=medium | maxDets=100 ] = 0.465
 Average Recall     (AR) @[ IoU=0.50:0.95 | area= large | maxDets=100 ] = 0.576
best_stat:  {'epoch': 24, 'coco_eval_bbox': 0.20310531076258137}
Epoch: [25]  [  0/809]  eta: 1:38:58  lr: 0.000100  loss: 10.4787 (10.4787)  loss_bbox: 0.1283 (0.1283)  loss_bbox_aux_0: 0.1281 (0.1281)  loss_bbox_aux_1: 0.1287 (0.1287)  loss_bbox_aux_2: 0.1393 (0.1393)  loss_bbox_dn_0: 0.0452 (0.0452)  loss_bbox_dn_1: 0.0376 (0.0376)  loss_bbox_dn_2: 0.0368 (0.0368)  loss_giou: 0.9801 (0.9801)  loss_giou_aux_0: 1.0104 (1.0104)  loss_giou_aux_1: 0.9930 (0.9930)  loss_giou_aux_2: 1.0975 (1.0975)  loss_giou_dn_0: 0.7786 (0.7786)  loss_giou_dn_1: 0.7008 (0.7008)  loss_giou_dn_2: 0.6835 (0.6835)  loss_vfl: 0.5295 (0.5295)  loss_vfl_aux_0: 0.5499 (0.5499)  loss_vfl_aux_1: 0.5386 (0.5386)  loss_vfl_aux_2: 0.5468 (0.5468)  loss_vfl_dn_0: 0.4845 (0.4845)  loss_vfl_dn_1: 0.4713 (0.4713)  loss_vfl_dn_2: 0.4701 (0.4701)  time: 7.3408  data: 4.1290  max mem: 11060
Epoch: [25]  [100/809]  eta: 0:14:52  lr: 0.000100  loss: 9.9749 (10.1911)  loss_bbox: 0.0799 (0.0918)  loss_bbox_aux_0: 0.0843 (0.0965)  loss_bbox_aux_1: 0.0820 (0.0931)  loss_bbox_aux_2: 0.0965 (0.1104)  loss_bbox_dn_0: 0.0583 (0.0579)  loss_bbox_dn_1: 0.0511 (0.0481)  loss_bbox_dn_2: 0.0496 (0.0469)  loss_giou: 0.9503 (0.9413)  loss_giou_aux_0: 0.9792 (0.9738)  loss_giou_aux_1: 0.9595 (0.9519)  loss_giou_aux_2: 1.0314 (1.0321)  loss_giou_dn_0: 0.7665 (0.7831)  loss_giou_dn_1: 0.6851 (0.7010)  loss_giou_dn_2: 0.6701 (0.6906)  loss_vfl: 0.5361 (0.5379)  loss_vfl_aux_0: 0.5554 (0.5455)  loss_vfl_aux_1: 0.5468 (0.5446)  loss_vfl_aux_2: 0.5398 (0.5567)  loss_vfl_dn_0: 0.4712 (0.4756)  loss_vfl_dn_1: 0.4512 (0.4588)  loss_vfl_dn_2: 0.4464 (0.4536)  time: 1.2054  data: 0.0316  max mem: 11060
Epoch: [25]  [200/809]  eta: 0:12:32  lr: 0.000100  loss: 9.9781 (10.1936)  loss_bbox: 0.0765 (0.0888)  loss_bbox_aux_0: 0.0815 (0.0927)  loss_bbox_aux_1: 0.0779 (0.0898)  loss_bbox_aux_2: 0.0954 (0.1053)  loss_bbox_dn_0: 0.0538 (0.0563)  loss_bbox_dn_1: 0.0452 (0.0469)  loss_bbox_dn_2: 0.0434 (0.0457)  loss_giou: 0.8614 (0.9449)  loss_giou_aux_0: 0.9120 (0.9750)  loss_giou_aux_1: 0.8847 (0.9552)  loss_giou_aux_2: 0.9884 (1.0339)  loss_giou_dn_0: 0.7682 (0.7841)  loss_giou_dn_1: 0.6852 (0.7041)  loss_giou_dn_2: 0.6657 (0.6936)  loss_vfl: 0.5425 (0.5376)  loss_vfl_aux_0: 0.5662 (0.5472)  loss_vfl_aux_1: 0.5576 (0.5446)  loss_vfl_aux_2: 0.5588 (0.5589)  loss_vfl_dn_0: 0.4807 (0.4762)  loss_vfl_dn_1: 0.4596 (0.4589)  loss_vfl_dn_2: 0.4526 (0.4542)  time: 1.1562  data: 0.0314  max mem: 11060
Epoch: [25]  [300/809]  eta: 0:10:24  lr: 0.000100  loss: 9.8743 (10.1870)  loss_bbox: 0.0746 (0.0889)  loss_bbox_aux_0: 0.0795 (0.0930)  loss_bbox_aux_1: 0.0745 (0.0900)  loss_bbox_aux_2: 0.0929 (0.1056)  loss_bbox_dn_0: 0.0568 (0.0569)  loss_bbox_dn_1: 0.0450 (0.0472)  loss_bbox_dn_2: 0.0437 (0.0459)  loss_giou: 0.9035 (0.9411)  loss_giou_aux_0: 0.9432 (0.9723)  loss_giou_aux_1: 0.9198 (0.9518)  loss_giou_aux_2: 0.9890 (1.0312)  loss_giou_dn_0: 0.7663 (0.7814)  loss_giou_dn_1: 0.6812 (0.7001)  loss_giou_dn_2: 0.6709 (0.6895)  loss_vfl: 0.5443 (0.5406)  loss_vfl_aux_0: 0.5483 (0.5493)  loss_vfl_aux_1: 0.5496 (0.5469)  loss_vfl_aux_2: 0.5527 (0.5613)  loss_vfl_dn_0: 0.4768 (0.4772)  loss_vfl_dn_1: 0.4607 (0.4607)  loss_vfl_dn_2: 0.4563 (0.4562)  time: 1.2299  data: 0.0347  max mem: 11060
Epoch: [25]  [400/809]  eta: 0:08:18  lr: 0.000100  loss: 10.1254 (10.1836)  loss_bbox: 0.0858 (0.0904)  loss_bbox_aux_0: 0.0882 (0.0950)  loss_bbox_aux_1: 0.0833 (0.0918)  loss_bbox_aux_2: 0.1018 (0.1078)  loss_bbox_dn_0: 0.0594 (0.0576)  loss_bbox_dn_1: 0.0485 (0.0479)  loss_bbox_dn_2: 0.0478 (0.0466)  loss_giou: 0.9193 (0.9362)  loss_giou_aux_0: 0.9309 (0.9683)  loss_giou_aux_1: 0.9209 (0.9466)  loss_giou_aux_2: 0.9911 (1.0287)  loss_giou_dn_0: 0.7711 (0.7795)  loss_giou_dn_1: 0.6858 (0.6978)  loss_giou_dn_2: 0.6825 (0.6872)  loss_vfl: 0.5616 (0.5426)  loss_vfl_aux_0: 0.5768 (0.5519)  loss_vfl_aux_1: 0.5718 (0.5490)  loss_vfl_aux_2: 0.5782 (0.5641)  loss_vfl_dn_0: 0.4818 (0.4776)  loss_vfl_dn_1: 0.4618 (0.4608)  loss_vfl_dn_2: 0.4543 (0.4561)  time: 1.1636  data: 0.0313  max mem: 11060
Epoch: [25]  [500/809]  eta: 0:06:09  lr: 0.000100  loss: 10.2646 (10.2075)  loss_bbox: 0.0822 (0.0906)  loss_bbox_aux_0: 0.0896 (0.0954)  loss_bbox_aux_1: 0.0832 (0.0920)  loss_bbox_aux_2: 0.0989 (0.1083)  loss_bbox_dn_0: 0.0550 (0.0572)  loss_bbox_dn_1: 0.0450 (0.0474)  loss_bbox_dn_2: 0.0447 (0.0461)  loss_giou: 0.9444 (0.9446)  loss_giou_aux_0: 0.9751 (0.9773)  loss_giou_aux_1: 0.9567 (0.9554)  loss_giou_aux_2: 1.0647 (1.0371)  loss_giou_dn_0: 0.8233 (0.7831)  loss_giou_dn_1: 0.7320 (0.7005)  loss_giou_dn_2: 0.7253 (0.6900)  loss_vfl: 0.4983 (0.5388)  loss_vfl_aux_0: 0.5087 (0.5474)  loss_vfl_aux_1: 0.5109 (0.5450)  loss_vfl_aux_2: 0.5212 (0.5594)  loss_vfl_dn_0: 0.4662 (0.4766)  loss_vfl_dn_1: 0.4562 (0.4601)  loss_vfl_dn_2: 0.4510 (0.4554)  time: 1.0828  data: 0.0265  max mem: 11060
Epoch: [25]  [600/809]  eta: 0:04:10  lr: 0.000100  loss: 9.6916 (10.1980)  loss_bbox: 0.0753 (0.0895)  loss_bbox_aux_0: 0.0813 (0.0942)  loss_bbox_aux_1: 0.0790 (0.0909)  loss_bbox_aux_2: 0.0997 (0.1068)  loss_bbox_dn_0: 0.0589 (0.0568)  loss_bbox_dn_1: 0.0480 (0.0471)  loss_bbox_dn_2: 0.0478 (0.0458)  loss_giou: 0.8160 (0.9415)  loss_giou_aux_0: 0.8460 (0.9738)  loss_giou_aux_1: 0.8304 (0.9521)  loss_giou_aux_2: 0.9238 (1.0336)  loss_giou_dn_0: 0.7578 (0.7827)  loss_giou_dn_1: 0.6743 (0.7002)  loss_giou_dn_2: 0.6607 (0.6896)  loss_vfl: 0.5699 (0.5409)  loss_vfl_aux_0: 0.5847 (0.5502)  loss_vfl_aux_1: 0.5703 (0.5474)  loss_vfl_aux_2: 0.6028 (0.5617)  loss_vfl_dn_0: 0.4813 (0.4771)  loss_vfl_dn_1: 0.4595 (0.4604)  loss_vfl_dn_2: 0.4543 (0.4557)  time: 1.2085  data: 0.0292  max mem: 11060
Epoch: [25]  [700/809]  eta: 0:02:11  lr: 0.000100  loss: 9.8139 (10.1936)  loss_bbox: 0.0807 (0.0895)  loss_bbox_aux_0: 0.0879 (0.0940)  loss_bbox_aux_1: 0.0813 (0.0908)  loss_bbox_aux_2: 0.0989 (0.1065)  loss_bbox_dn_0: 0.0521 (0.0567)  loss_bbox_dn_1: 0.0447 (0.0471)  loss_bbox_dn_2: 0.0438 (0.0458)  loss_giou: 0.8075 (0.9413)  loss_giou_aux_0: 0.8304 (0.9726)  loss_giou_aux_1: 0.8125 (0.9513)  loss_giou_aux_2: 0.9100 (1.0328)  loss_giou_dn_0: 0.7383 (0.7817)  loss_giou_dn_1: 0.6634 (0.6994)  loss_giou_dn_2: 0.6558 (0.6889)  loss_vfl: 0.5425 (0.5409)  loss_vfl_aux_0: 0.5591 (0.5509)  loss_vfl_aux_1: 0.5515 (0.5476)  loss_vfl_aux_2: 0.5796 (0.5626)  loss_vfl_dn_0: 0.4724 (0.4771)  loss_vfl_dn_1: 0.4519 (0.4603)  loss_vfl_dn_2: 0.4501 (0.4557)  time: 1.2194  data: 0.0306  max mem: 11060
Epoch: [25]  [800/809]  eta: 0:00:10  lr: 0.000100  loss: 10.2761 (10.1995)  loss_bbox: 0.0830 (0.0904)  loss_bbox_aux_0: 0.0824 (0.0949)  loss_bbox_aux_1: 0.0804 (0.0917)  loss_bbox_aux_2: 0.0972 (0.1074)  loss_bbox_dn_0: 0.0551 (0.0571)  loss_bbox_dn_1: 0.0444 (0.0473)  loss_bbox_dn_2: 0.0429 (0.0460)  loss_giou: 0.9316 (0.9421)  loss_giou_aux_0: 0.9710 (0.9732)  loss_giou_aux_1: 0.9294 (0.9519)  loss_giou_aux_2: 1.0223 (1.0335)  loss_giou_dn_0: 0.7908 (0.7817)  loss_giou_dn_1: 0.7032 (0.6988)  loss_giou_dn_2: 0.6851 (0.6882)  loss_vfl: 0.5378 (0.5407)  loss_vfl_aux_0: 0.5465 (0.5511)  loss_vfl_aux_1: 0.5442 (0.5475)  loss_vfl_aux_2: 0.5509 (0.5630)  loss_vfl_dn_0: 0.4724 (0.4771)  loss_vfl_dn_1: 0.4554 (0.4603)  loss_vfl_dn_2: 0.4506 (0.4557)  time: 1.2447  data: 0.0326  max mem: 11060
Epoch: [25]  [808/809]  eta: 0:00:01  lr: 0.000100  loss: 10.1322 (10.2027)  loss_bbox: 0.0878 (0.0907)  loss_bbox_aux_0: 0.0901 (0.0952)  loss_bbox_aux_1: 0.0868 (0.0920)  loss_bbox_aux_2: 0.0999 (0.1077)  loss_bbox_dn_0: 0.0520 (0.0571)  loss_bbox_dn_1: 0.0444 (0.0474)  loss_bbox_dn_2: 0.0429 (0.0460)  loss_giou: 0.9208 (0.9425)  loss_giou_aux_0: 0.9519 (0.9736)  loss_giou_aux_1: 0.9218 (0.9523)  loss_giou_aux_2: 1.0152 (1.0339)  loss_giou_dn_0: 0.7674 (0.7817)  loss_giou_dn_1: 0.6780 (0.6989)  loss_giou_dn_2: 0.6699 (0.6883)  loss_vfl: 0.5345 (0.5407)  loss_vfl_aux_0: 0.5465 (0.5511)  loss_vfl_aux_1: 0.5400 (0.5476)  loss_vfl_aux_2: 0.5475 (0.5631)  loss_vfl_dn_0: 0.4752 (0.4771)  loss_vfl_dn_1: 0.4562 (0.4603)  loss_vfl_dn_2: 0.4506 (0.4557)  time: 1.0704  data: 0.0302  max mem: 11060
Epoch: [25] Total time: 0:16:08 (1.1969 s / it)
Averaged stats: lr: 0.000100  loss: 10.1322 (10.2027)  loss_bbox: 0.0878 (0.0907)  loss_bbox_aux_0: 0.0901 (0.0952)  loss_bbox_aux_1: 0.0868 (0.0920)  loss_bbox_aux_2: 0.0999 (0.1077)  loss_bbox_dn_0: 0.0520 (0.0571)  loss_bbox_dn_1: 0.0444 (0.0474)  loss_bbox_dn_2: 0.0429 (0.0460)  loss_giou: 0.9208 (0.9425)  loss_giou_aux_0: 0.9519 (0.9736)  loss_giou_aux_1: 0.9218 (0.9523)  loss_giou_aux_2: 1.0152 (1.0339)  loss_giou_dn_0: 0.7674 (0.7817)  loss_giou_dn_1: 0.6780 (0.6989)  loss_giou_dn_2: 0.6699 (0.6883)  loss_vfl: 0.5345 (0.5407)  loss_vfl_aux_0: 0.5465 (0.5511)  loss_vfl_aux_1: 0.5400 (0.5476)  loss_vfl_aux_2: 0.5475 (0.5631)  loss_vfl_dn_0: 0.4752 (0.4771)  loss_vfl_dn_1: 0.4562 (0.4603)  loss_vfl_dn_2: 0.4506 (0.4557)
Test:  [ 0/69]  eta: 0:01:43    time: 1.4991  data: 0.8098  max mem: 11060
Test:  [10/69]  eta: 0:00:45    time: 0.7670  data: 0.0937  max mem: 11060
Test:  [20/69]  eta: 0:00:36    time: 0.7165  data: 0.0238  max mem: 11060
Test:  [30/69]  eta: 0:00:28    time: 0.7168  data: 0.0248  max mem: 11060
Test:  [40/69]  eta: 0:00:20    time: 0.6694  data: 0.0247  max mem: 11060
Test:  [50/69]  eta: 0:00:13    time: 0.6266  data: 0.0262  max mem: 11060
Test:  [60/69]  eta: 0:00:06    time: 0.6672  data: 0.0262  max mem: 11060
Test:  [68/69]  eta: 0:00:00    time: 0.6808  data: 0.0228  max mem: 11060
Test: Total time: 0:00:47 (0.6943 s / it)
Averaged stats: 
Accumulating evaluation results...
DONE (t=2.33s).
IoU metric: bbox
 Average Precision  (AP) @[ IoU=0.50:0.95 | area=   all | maxDets=100 ] = 0.205
 Average Precision  (AP) @[ IoU=0.50      | area=   all | maxDets=100 ] = 0.334
 Average Precision  (AP) @[ IoU=0.75      | area=   all | maxDets=100 ] = 0.210
 Average Precision  (AP) @[ IoU=0.50:0.95 | area= small | maxDets=100 ] = 0.138
 Average Precision  (AP) @[ IoU=0.50:0.95 | area=medium | maxDets=100 ] = 0.275
 Average Precision  (AP) @[ IoU=0.50:0.95 | area= large | maxDets=100 ] = 0.387
 Average Recall     (AR) @[ IoU=0.50:0.95 | area=   all | maxDets=  1 ] = 0.094
 Average Recall     (AR) @[ IoU=0.50:0.95 | area=   all | maxDets= 10 ] = 0.267
 Average Recall     (AR) @[ IoU=0.50:0.95 | area=   all | maxDets=100 ] = 0.370
 Average Recall     (AR) @[ IoU=0.50:0.95 | area= small | maxDets=100 ] = 0.291
 Average Recall     (AR) @[ IoU=0.50:0.95 | area=medium | maxDets=100 ] = 0.469
 Average Recall     (AR) @[ IoU=0.50:0.95 | area= large | maxDets=100 ] = 0.575
best_stat:  {'epoch': 25, 'coco_eval_bbox': 0.20495655889401634}
Epoch: [26]  [  0/809]  eta: 1:54:02  lr: 0.000100  loss: 9.7137 (9.7137)  loss_bbox: 0.0539 (0.0539)  loss_bbox_aux_0: 0.0562 (0.0562)  loss_bbox_aux_1: 0.0545 (0.0545)  loss_bbox_aux_2: 0.0689 (0.0689)  loss_bbox_dn_0: 0.0434 (0.0434)  loss_bbox_dn_1: 0.0368 (0.0368)  loss_bbox_dn_2: 0.0357 (0.0357)  loss_giou: 0.8417 (0.8417)  loss_giou_aux_0: 0.8652 (0.8652)  loss_giou_aux_1: 0.8522 (0.8522)  loss_giou_aux_2: 0.9424 (0.9424)  loss_giou_dn_0: 0.7691 (0.7691)  loss_giou_dn_1: 0.6775 (0.6775)  loss_giou_dn_2: 0.6634 (0.6634)  loss_vfl: 0.5654 (0.5654)  loss_vfl_aux_0: 0.5979 (0.5979)  loss_vfl_aux_1: 0.5873 (0.5873)  loss_vfl_aux_2: 0.6025 (0.6025)  loss_vfl_dn_0: 0.4801 (0.4801)  loss_vfl_dn_1: 0.4629 (0.4629)  loss_vfl_dn_2: 0.4565 (0.4565)  time: 8.4578  data: 6.8571  max mem: 11060
Epoch: [26]  [100/809]  eta: 0:14:59  lr: 0.000100  loss: 10.4886 (10.1331)  loss_bbox: 0.0813 (0.0860)  loss_bbox_aux_0: 0.0860 (0.0905)  loss_bbox_aux_1: 0.0842 (0.0872)  loss_bbox_aux_2: 0.1027 (0.1026)  loss_bbox_dn_0: 0.0575 (0.0559)  loss_bbox_dn_1: 0.0463 (0.0467)  loss_bbox_dn_2: 0.0431 (0.0454)  loss_giou: 0.9276 (0.9266)  loss_giou_aux_0: 0.9562 (0.9570)  loss_giou_aux_1: 0.9386 (0.9377)  loss_giou_aux_2: 1.0232 (1.0243)  loss_giou_dn_0: 0.7802 (0.7720)  loss_giou_dn_1: 0.6852 (0.6902)  loss_giou_dn_2: 0.6717 (0.6794)  loss_vfl: 0.5480 (0.5473)  loss_vfl_aux_0: 0.5615 (0.5575)  loss_vfl_aux_1: 0.5554 (0.5541)  loss_vfl_aux_2: 0.5544 (0.5685)  loss_vfl_dn_0: 0.4843 (0.4813)  loss_vfl_dn_1: 0.4624 (0.4637)  loss_vfl_dn_2: 0.4565 (0.4593)  time: 1.2075  data: 0.0329  max mem: 11060
Epoch: [26]  [200/809]  eta: 0:12:20  lr: 0.000100  loss: 9.7813 (10.1332)  loss_bbox: 0.0793 (0.0873)  loss_bbox_aux_0: 0.0799 (0.0918)  loss_bbox_aux_1: 0.0766 (0.0884)  loss_bbox_aux_2: 0.0904 (0.1036)  loss_bbox_dn_0: 0.0549 (0.0558)  loss_bbox_dn_1: 0.0456 (0.0468)  loss_bbox_dn_2: 0.0448 (0.0456)  loss_giou: 0.8704 (0.9289)  loss_giou_aux_0: 0.8821 (0.9596)  loss_giou_aux_1: 0.8767 (0.9394)  loss_giou_aux_2: 0.9554 (1.0240)  loss_giou_dn_0: 0.7667 (0.7720)  loss_giou_dn_1: 0.6736 (0.6928)  loss_giou_dn_2: 0.6597 (0.6825)  loss_vfl: 0.5422 (0.5451)  loss_vfl_aux_0: 0.5649 (0.5542)  loss_vfl_aux_1: 0.5603 (0.5512)  loss_vfl_aux_2: 0.5718 (0.5656)  loss_vfl_dn_0: 0.4807 (0.4795)  loss_vfl_dn_1: 0.4604 (0.4618)  loss_vfl_dn_2: 0.4575 (0.4575)  time: 1.0463  data: 0.0244  max mem: 11060
Epoch: [26]  [300/809]  eta: 0:10:03  lr: 0.000100  loss: 10.3726 (10.1264)  loss_bbox: 0.0857 (0.0881)  loss_bbox_aux_0: 0.0867 (0.0923)  loss_bbox_aux_1: 0.0853 (0.0891)  loss_bbox_aux_2: 0.0977 (0.1042)  loss_bbox_dn_0: 0.0499 (0.0566)  loss_bbox_dn_1: 0.0420 (0.0474)  loss_bbox_dn_2: 0.0410 (0.0461)  loss_giou: 0.9742 (0.9265)  loss_giou_aux_0: 1.0077 (0.9570)  loss_giou_aux_1: 0.9851 (0.9365)  loss_giou_aux_2: 1.0720 (1.0217)  loss_giou_dn_0: 0.7915 (0.7698)  loss_giou_dn_1: 0.7087 (0.6897)  loss_giou_dn_2: 0.6977 (0.6794)  loss_vfl: 0.5403 (0.5466)  loss_vfl_aux_0: 0.5575 (0.5567)  loss_vfl_aux_1: 0.5463 (0.5532)  loss_vfl_aux_2: 0.5588 (0.5692)  loss_vfl_dn_0: 0.4736 (0.4789)  loss_vfl_dn_1: 0.4617 (0.4611)  loss_vfl_dn_2: 0.4557 (0.4563)  time: 1.1126  data: 0.0274  max mem: 11060
Epoch: [26]  [400/809]  eta: 0:08:07  lr: 0.000100  loss: 9.7967 (10.1024)  loss_bbox: 0.0755 (0.0861)  loss_bbox_aux_0: 0.0804 (0.0900)  loss_bbox_aux_1: 0.0756 (0.0871)  loss_bbox_aux_2: 0.1011 (0.1019)  loss_bbox_dn_0: 0.0566 (0.0564)  loss_bbox_dn_1: 0.0480 (0.0471)  loss_bbox_dn_2: 0.0470 (0.0459)  loss_giou: 0.8597 (0.9232)  loss_giou_aux_0: 0.8992 (0.9535)  loss_giou_aux_1: 0.8754 (0.9330)  loss_giou_aux_2: 0.9545 (1.0187)  loss_giou_dn_0: 0.7293 (0.7704)  loss_giou_dn_1: 0.6615 (0.6896)  loss_giou_dn_2: 0.6555 (0.6793)  loss_vfl: 0.5531 (0.5460)  loss_vfl_aux_0: 0.5745 (0.5565)  loss_vfl_aux_1: 0.5645 (0.5531)  loss_vfl_aux_2: 0.5767 (0.5698)  loss_vfl_dn_0: 0.4788 (0.4783)  loss_vfl_dn_1: 0.4575 (0.4607)  loss_vfl_dn_2: 0.4509 (0.4559)  time: 1.2255  data: 0.0331  max mem: 11060
Epoch: [26]  [500/809]  eta: 0:06:08  lr: 0.000100  loss: 9.7586 (10.1054)  loss_bbox: 0.0738 (0.0867)  loss_bbox_aux_0: 0.0759 (0.0904)  loss_bbox_aux_1: 0.0740 (0.0876)  loss_bbox_aux_2: 0.0882 (0.1020)  loss_bbox_dn_0: 0.0517 (0.0563)  loss_bbox_dn_1: 0.0412 (0.0469)  loss_bbox_dn_2: 0.0407 (0.0456)  loss_giou: 0.8332 (0.9254)  loss_giou_aux_0: 0.8540 (0.9550)  loss_giou_aux_1: 0.8459 (0.9346)  loss_giou_aux_2: 0.9086 (1.0195)  loss_giou_dn_0: 0.7381 (0.7705)  loss_giou_dn_1: 0.6532 (0.6895)  loss_giou_dn_2: 0.6429 (0.6792)  loss_vfl: 0.5452 (0.5448)  loss_vfl_aux_0: 0.5569 (0.5560)  loss_vfl_aux_1: 0.5509 (0.5520)  loss_vfl_aux_2: 0.5820 (0.5701)  loss_vfl_dn_0: 0.4756 (0.4778)  loss_vfl_dn_1: 0.4589 (0.4602)  loss_vfl_dn_2: 0.4573 (0.4554)  time: 1.1937  data: 0.0295  max mem: 11060
Epoch: [26]  [600/809]  eta: 0:04:09  lr: 0.000100  loss: 10.2285 (10.1021)  loss_bbox: 0.0777 (0.0857)  loss_bbox_aux_0: 0.0903 (0.0894)  loss_bbox_aux_1: 0.0810 (0.0866)  loss_bbox_aux_2: 0.1048 (0.1012)  loss_bbox_dn_0: 0.0422 (0.0560)  loss_bbox_dn_1: 0.0364 (0.0466)  loss_bbox_dn_2: 0.0358 (0.0453)  loss_giou: 0.9578 (0.9258)  loss_giou_aux_0: 1.0049 (0.9553)  loss_giou_aux_1: 0.9697 (0.9350)  loss_giou_aux_2: 1.0530 (1.0193)  loss_giou_dn_0: 0.8021 (0.7717)  loss_giou_dn_1: 0.7158 (0.6905)  loss_giou_dn_2: 0.7045 (0.6803)  loss_vfl: 0.4952 (0.5441)  loss_vfl_aux_0: 0.5071 (0.5552)  loss_vfl_aux_1: 0.5031 (0.5514)  loss_vfl_aux_2: 0.5198 (0.5698)  loss_vfl_dn_0: 0.4689 (0.4776)  loss_vfl_dn_1: 0.4547 (0.4601)  loss_vfl_dn_2: 0.4500 (0.4551)  time: 1.2413  data: 0.0340  max mem: 11060
Epoch: [26]  [700/809]  eta: 0:02:10  lr: 0.000100  loss: 9.7525 (10.1066)  loss_bbox: 0.0709 (0.0856)  loss_bbox_aux_0: 0.0751 (0.0892)  loss_bbox_aux_1: 0.0728 (0.0865)  loss_bbox_aux_2: 0.0905 (0.1010)  loss_bbox_dn_0: 0.0521 (0.0560)  loss_bbox_dn_1: 0.0431 (0.0466)  loss_bbox_dn_2: 0.0424 (0.0454)  loss_giou: 0.8525 (0.9260)  loss_giou_aux_0: 0.8814 (0.9556)  loss_giou_aux_1: 0.8614 (0.9354)  loss_giou_aux_2: 0.9964 (1.0197)  loss_giou_dn_0: 0.7557 (0.7722)  loss_giou_dn_1: 0.6763 (0.6912)  loss_giou_dn_2: 0.6711 (0.6810)  loss_vfl: 0.5613 (0.5445)  loss_vfl_aux_0: 0.5558 (0.5557)  loss_vfl_aux_1: 0.5599 (0.5517)  loss_vfl_aux_2: 0.5898 (0.5707)  loss_vfl_dn_0: 0.4800 (0.4774)  loss_vfl_dn_1: 0.4617 (0.4600)  loss_vfl_dn_2: 0.4586 (0.4550)  time: 1.1659  data: 0.0291  max mem: 11060
Epoch: [26]  [800/809]  eta: 0:00:10  lr: 0.000100  loss: 9.7915 (10.1094)  loss_bbox: 0.0797 (0.0858)  loss_bbox_aux_0: 0.0806 (0.0894)  loss_bbox_aux_1: 0.0802 (0.0868)  loss_bbox_aux_2: 0.0935 (0.1014)  loss_bbox_dn_0: 0.0536 (0.0562)  loss_bbox_dn_1: 0.0462 (0.0467)  loss_bbox_dn_2: 0.0446 (0.0454)  loss_giou: 0.8412 (0.9267)  loss_giou_aux_0: 0.8667 (0.9567)  loss_giou_aux_1: 0.8551 (0.9364)  loss_giou_aux_2: 0.9297 (1.0202)  loss_giou_dn_0: 0.7582 (0.7723)  loss_giou_dn_1: 0.6788 (0.6912)  loss_giou_dn_2: 0.6692 (0.6810)  loss_vfl: 0.5347 (0.5439)  loss_vfl_aux_0: 0.5542 (0.5554)  loss_vfl_aux_1: 0.5476 (0.5510)  loss_vfl_aux_2: 0.5706 (0.5702)  loss_vfl_dn_0: 0.4816 (0.4775)  loss_vfl_dn_1: 0.4592 (0.4600)  loss_vfl_dn_2: 0.4535 (0.4549)  time: 1.2267  data: 0.0357  max mem: 11060
Epoch: [26]  [808/809]  eta: 0:00:01  lr: 0.000100  loss: 9.5409 (10.1046)  loss_bbox: 0.0659 (0.0857)  loss_bbox_aux_0: 0.0670 (0.0893)  loss_bbox_aux_1: 0.0651 (0.0867)  loss_bbox_aux_2: 0.0811 (0.1013)  loss_bbox_dn_0: 0.0536 (0.0562)  loss_bbox_dn_1: 0.0462 (0.0467)  loss_bbox_dn_2: 0.0446 (0.0454)  loss_giou: 0.8328 (0.9258)  loss_giou_aux_0: 0.8606 (0.9558)  loss_giou_aux_1: 0.8464 (0.9355)  loss_giou_aux_2: 0.9159 (1.0193)  loss_giou_dn_0: 0.7376 (0.7720)  loss_giou_dn_1: 0.6649 (0.6908)  loss_giou_dn_2: 0.6539 (0.6807)  loss_vfl: 0.5437 (0.5440)  loss_vfl_aux_0: 0.5542 (0.5555)  loss_vfl_aux_1: 0.5476 (0.5512)  loss_vfl_aux_2: 0.5706 (0.5703)  loss_vfl_dn_0: 0.4816 (0.4775)  loss_vfl_dn_1: 0.4691 (0.4600)  loss_vfl_dn_2: 0.4604 (0.4550)  time: 1.0361  data: 0.0320  max mem: 11060
Epoch: [26] Total time: 0:16:06 (1.1947 s / it)
Averaged stats: lr: 0.000100  loss: 9.5409 (10.1046)  loss_bbox: 0.0659 (0.0857)  loss_bbox_aux_0: 0.0670 (0.0893)  loss_bbox_aux_1: 0.0651 (0.0867)  loss_bbox_aux_2: 0.0811 (0.1013)  loss_bbox_dn_0: 0.0536 (0.0562)  loss_bbox_dn_1: 0.0462 (0.0467)  loss_bbox_dn_2: 0.0446 (0.0454)  loss_giou: 0.8328 (0.9258)  loss_giou_aux_0: 0.8606 (0.9558)  loss_giou_aux_1: 0.8464 (0.9355)  loss_giou_aux_2: 0.9159 (1.0193)  loss_giou_dn_0: 0.7376 (0.7720)  loss_giou_dn_1: 0.6649 (0.6908)  loss_giou_dn_2: 0.6539 (0.6807)  loss_vfl: 0.5437 (0.5440)  loss_vfl_aux_0: 0.5542 (0.5555)  loss_vfl_aux_1: 0.5476 (0.5512)  loss_vfl_aux_2: 0.5706 (0.5703)  loss_vfl_dn_0: 0.4816 (0.4775)  loss_vfl_dn_1: 0.4691 (0.4600)  loss_vfl_dn_2: 0.4604 (0.4550)
Test:  [ 0/69]  eta: 0:01:47    time: 1.5618  data: 0.8836  max mem: 11060
Test:  [10/69]  eta: 0:00:45    time: 0.7711  data: 0.0967  max mem: 11060
Test:  [20/69]  eta: 0:00:37    time: 0.7198  data: 0.0212  max mem: 11060
Test:  [30/69]  eta: 0:00:28    time: 0.7258  data: 0.0244  max mem: 11060
Test:  [40/69]  eta: 0:00:20    time: 0.6675  data: 0.0231  max mem: 11060
Test:  [50/69]  eta: 0:00:13    time: 0.6055  data: 0.0226  max mem: 11060
Test:  [60/69]  eta: 0:00:06    time: 0.5783  data: 0.0229  max mem: 11060
Test:  [68/69]  eta: 0:00:00    time: 0.5914  data: 0.0216  max mem: 11060
Test: Total time: 0:00:45 (0.6662 s / it)
Averaged stats: 
Accumulating evaluation results...
DONE (t=2.99s).
IoU metric: bbox
 Average Precision  (AP) @[ IoU=0.50:0.95 | area=   all | maxDets=100 ] = 0.207
 Average Precision  (AP) @[ IoU=0.50      | area=   all | maxDets=100 ] = 0.337
 Average Precision  (AP) @[ IoU=0.75      | area=   all | maxDets=100 ] = 0.211
 Average Precision  (AP) @[ IoU=0.50:0.95 | area= small | maxDets=100 ] = 0.139
 Average Precision  (AP) @[ IoU=0.50:0.95 | area=medium | maxDets=100 ] = 0.277
 Average Precision  (AP) @[ IoU=0.50:0.95 | area= large | maxDets=100 ] = 0.391
 Average Recall     (AR) @[ IoU=0.50:0.95 | area=   all | maxDets=  1 ] = 0.096
 Average Recall     (AR) @[ IoU=0.50:0.95 | area=   all | maxDets= 10 ] = 0.269
 Average Recall     (AR) @[ IoU=0.50:0.95 | area=   all | maxDets=100 ] = 0.371
 Average Recall     (AR) @[ IoU=0.50:0.95 | area= small | maxDets=100 ] = 0.293
 Average Recall     (AR) @[ IoU=0.50:0.95 | area=medium | maxDets=100 ] = 0.471
 Average Recall     (AR) @[ IoU=0.50:0.95 | area= large | maxDets=100 ] = 0.571
best_stat:  {'epoch': 26, 'coco_eval_bbox': 0.20681387210967206}
Epoch: [27]  [  0/809]  eta: 1:07:51  lr: 0.000100  loss: 10.3731 (10.3731)  loss_bbox: 0.0755 (0.0755)  loss_bbox_aux_0: 0.0792 (0.0792)  loss_bbox_aux_1: 0.0749 (0.0749)  loss_bbox_aux_2: 0.0899 (0.0899)  loss_bbox_dn_0: 0.0561 (0.0561)  loss_bbox_dn_1: 0.0442 (0.0442)  loss_bbox_dn_2: 0.0424 (0.0424)  loss_giou: 0.9310 (0.9310)  loss_giou_aux_0: 0.9413 (0.9413)  loss_giou_aux_1: 0.9251 (0.9251)  loss_giou_aux_2: 0.9844 (0.9844)  loss_giou_dn_0: 0.7355 (0.7355)  loss_giou_dn_1: 0.6644 (0.6644)  loss_giou_dn_2: 0.6501 (0.6501)  loss_vfl: 0.6394 (0.6394)  loss_vfl_aux_0: 0.6586 (0.6586)  loss_vfl_aux_1: 0.6509 (0.6509)  loss_vfl_aux_2: 0.6799 (0.6799)  loss_vfl_dn_0: 0.4940 (0.4940)  loss_vfl_dn_1: 0.4779 (0.4779)  loss_vfl_dn_2: 0.4784 (0.4784)  time: 5.0327  data: 3.4530  max mem: 11060
Epoch: [27]  [100/809]  eta: 0:13:56  lr: 0.000100  loss: 10.2128 (10.1503)  loss_bbox: 0.0821 (0.0933)  loss_bbox_aux_0: 0.0869 (0.0969)  loss_bbox_aux_1: 0.0832 (0.0942)  loss_bbox_aux_2: 0.0946 (0.1093)  loss_bbox_dn_0: 0.0534 (0.0575)  loss_bbox_dn_1: 0.0454 (0.0477)  loss_bbox_dn_2: 0.0436 (0.0464)  loss_giou: 0.9168 (0.9350)  loss_giou_aux_0: 0.9377 (0.9655)  loss_giou_aux_1: 0.9163 (0.9455)  loss_giou_aux_2: 1.0069 (1.0272)  loss_giou_dn_0: 0.7836 (0.7660)  loss_giou_dn_1: 0.7039 (0.6853)  loss_giou_dn_2: 0.7002 (0.6759)  loss_vfl: 0.5685 (0.5401)  loss_vfl_aux_0: 0.5916 (0.5525)  loss_vfl_aux_1: 0.5696 (0.5475)  loss_vfl_aux_2: 0.6008 (0.5678)  loss_vfl_dn_0: 0.4771 (0.4794)  loss_vfl_dn_1: 0.4600 (0.4609)  loss_vfl_dn_2: 0.4509 (0.4562)  time: 1.1647  data: 0.0337  max mem: 11060
Epoch: [27]  [200/809]  eta: 0:12:09  lr: 0.000100  loss: 9.8790 (10.1651)  loss_bbox: 0.0738 (0.0884)  loss_bbox_aux_0: 0.0744 (0.0921)  loss_bbox_aux_1: 0.0732 (0.0896)  loss_bbox_aux_2: 0.0861 (0.1035)  loss_bbox_dn_0: 0.0542 (0.0553)  loss_bbox_dn_1: 0.0439 (0.0460)  loss_bbox_dn_2: 0.0419 (0.0448)  loss_giou: 0.8950 (0.9414)  loss_giou_aux_0: 0.9113 (0.9716)  loss_giou_aux_1: 0.9040 (0.9516)  loss_giou_aux_2: 0.9858 (1.0293)  loss_giou_dn_0: 0.7537 (0.7741)  loss_giou_dn_1: 0.6771 (0.6940)  loss_giou_dn_2: 0.6687 (0.6845)  loss_vfl: 0.5814 (0.5393)  loss_vfl_aux_0: 0.5857 (0.5515)  loss_vfl_aux_1: 0.5879 (0.5468)  loss_vfl_aux_2: 0.6022 (0.5664)  loss_vfl_dn_0: 0.4778 (0.4784)  loss_vfl_dn_1: 0.4628 (0.4603)  loss_vfl_dn_2: 0.4554 (0.4562)  time: 1.2100  data: 0.0304  max mem: 11060
Epoch: [27]  [300/809]  eta: 0:10:09  lr: 0.000100  loss: 10.2473 (10.1260)  loss_bbox: 0.0770 (0.0872)  loss_bbox_aux_0: 0.0813 (0.0909)  loss_bbox_aux_1: 0.0807 (0.0883)  loss_bbox_aux_2: 0.0920 (0.1029)  loss_bbox_dn_0: 0.0502 (0.0560)  loss_bbox_dn_1: 0.0419 (0.0463)  loss_bbox_dn_2: 0.0403 (0.0450)  loss_giou: 0.9490 (0.9317)  loss_giou_aux_0: 0.9854 (0.9622)  loss_giou_aux_1: 0.9503 (0.9420)  loss_giou_aux_2: 1.0935 (1.0217)  loss_giou_dn_0: 0.7842 (0.7741)  loss_giou_dn_1: 0.7066 (0.6922)  loss_giou_dn_2: 0.6911 (0.6824)  loss_vfl: 0.5413 (0.5409)  loss_vfl_aux_0: 0.5527 (0.5533)  loss_vfl_aux_1: 0.5457 (0.5481)  loss_vfl_aux_2: 0.5365 (0.5674)  loss_vfl_dn_0: 0.4680 (0.4776)  loss_vfl_dn_1: 0.4501 (0.4601)  loss_vfl_dn_2: 0.4463 (0.4557)  time: 1.2128  data: 0.0317  max mem: 11060
Epoch: [27]  [400/809]  eta: 0:08:12  lr: 0.000100  loss: 9.6546 (10.0746)  loss_bbox: 0.0695 (0.0857)  loss_bbox_aux_0: 0.0712 (0.0894)  loss_bbox_aux_1: 0.0697 (0.0867)  loss_bbox_aux_2: 0.0834 (0.1014)  loss_bbox_dn_0: 0.0535 (0.0559)  loss_bbox_dn_1: 0.0447 (0.0463)  loss_bbox_dn_2: 0.0437 (0.0450)  loss_giou: 0.8366 (0.9217)  loss_giou_aux_0: 0.8544 (0.9517)  loss_giou_aux_1: 0.8328 (0.9314)  loss_giou_aux_2: 0.9026 (1.0124)  loss_giou_dn_0: 0.7509 (0.7700)  loss_giou_dn_1: 0.6880 (0.6883)  loss_giou_dn_2: 0.6783 (0.6784)  loss_vfl: 0.5684 (0.5426)  loss_vfl_aux_0: 0.5728 (0.5555)  loss_vfl_aux_1: 0.5758 (0.5507)  loss_vfl_aux_2: 0.5793 (0.5695)  loss_vfl_dn_0: 0.4738 (0.4776)  loss_vfl_dn_1: 0.4531 (0.4595)  loss_vfl_dn_2: 0.4467 (0.4548)  time: 1.2282  data: 0.0315  max mem: 11060
Epoch: [27]  [500/809]  eta: 0:06:11  lr: 0.000100  loss: 10.2431 (10.0551)  loss_bbox: 0.0771 (0.0850)  loss_bbox_aux_0: 0.0823 (0.0888)  loss_bbox_aux_1: 0.0792 (0.0860)  loss_bbox_aux_2: 0.0955 (0.1010)  loss_bbox_dn_0: 0.0532 (0.0565)  loss_bbox_dn_1: 0.0426 (0.0469)  loss_bbox_dn_2: 0.0418 (0.0455)  loss_giou: 0.9400 (0.9145)  loss_giou_aux_0: 0.9604 (0.9447)  loss_giou_aux_1: 0.9390 (0.9240)  loss_giou_aux_2: 1.0253 (1.0057)  loss_giou_dn_0: 0.7756 (0.7693)  loss_giou_dn_1: 0.6922 (0.6873)  loss_giou_dn_2: 0.6745 (0.6774)  loss_vfl: 0.5586 (0.5459)  loss_vfl_aux_0: 0.5767 (0.5588)  loss_vfl_aux_1: 0.5698 (0.5540)  loss_vfl_aux_2: 0.5774 (0.5720)  loss_vfl_dn_0: 0.4799 (0.4776)  loss_vfl_dn_1: 0.4666 (0.4595)  loss_vfl_dn_2: 0.4636 (0.4549)  time: 1.2449  data: 0.0304  max mem: 11060
Epoch: [27]  [600/809]  eta: 0:04:10  lr: 0.000100  loss: 9.7345 (10.0793)  loss_bbox: 0.0873 (0.0857)  loss_bbox_aux_0: 0.0876 (0.0897)  loss_bbox_aux_1: 0.0871 (0.0867)  loss_bbox_aux_2: 0.1053 (0.1019)  loss_bbox_dn_0: 0.0575 (0.0566)  loss_bbox_dn_1: 0.0455 (0.0469)  loss_bbox_dn_2: 0.0446 (0.0455)  loss_giou: 0.8699 (0.9206)  loss_giou_aux_0: 0.9028 (0.9513)  loss_giou_aux_1: 0.8737 (0.9300)  loss_giou_aux_2: 0.9529 (1.0111)  loss_giou_dn_0: 0.7793 (0.7722)  loss_giou_dn_1: 0.6929 (0.6900)  loss_giou_dn_2: 0.6764 (0.6802)  loss_vfl: 0.5205 (0.5437)  loss_vfl_aux_0: 0.5381 (0.5562)  loss_vfl_aux_1: 0.5286 (0.5516)  loss_vfl_aux_2: 0.5636 (0.5698)  loss_vfl_dn_0: 0.4707 (0.4768)  loss_vfl_dn_1: 0.4503 (0.4588)  loss_vfl_dn_2: 0.4437 (0.4542)  time: 1.1005  data: 0.0282  max mem: 11060
Epoch: [27]  [700/809]  eta: 0:02:09  lr: 0.000100  loss: 10.5188 (10.1016)  loss_bbox: 0.0826 (0.0860)  loss_bbox_aux_0: 0.0841 (0.0899)  loss_bbox_aux_1: 0.0841 (0.0870)  loss_bbox_aux_2: 0.0959 (0.1020)  loss_bbox_dn_0: 0.0467 (0.0562)  loss_bbox_dn_1: 0.0375 (0.0466)  loss_bbox_dn_2: 0.0372 (0.0453)  loss_giou: 1.0640 (0.9266)  loss_giou_aux_0: 1.0882 (0.9575)  loss_giou_aux_1: 1.0632 (0.9362)  loss_giou_aux_2: 1.1478 (1.0164)  loss_giou_dn_0: 0.8092 (0.7741)  loss_giou_dn_1: 0.7433 (0.6922)  loss_giou_dn_2: 0.7344 (0.6826)  loss_vfl: 0.4657 (0.5420)  loss_vfl_aux_0: 0.4962 (0.5545)  loss_vfl_aux_1: 0.4753 (0.5495)  loss_vfl_aux_2: 0.5012 (0.5678)  loss_vfl_dn_0: 0.4702 (0.4766)  loss_vfl_dn_1: 0.4514 (0.4586)  loss_vfl_dn_2: 0.4481 (0.4540)  time: 1.1326  data: 0.0295  max mem: 11060
Epoch: [27]  [800/809]  eta: 0:00:10  lr: 0.000100  loss: 10.0256 (10.0913)  loss_bbox: 0.0747 (0.0853)  loss_bbox_aux_0: 0.0787 (0.0892)  loss_bbox_aux_1: 0.0762 (0.0864)  loss_bbox_aux_2: 0.1003 (0.1017)  loss_bbox_dn_0: 0.0598 (0.0563)  loss_bbox_dn_1: 0.0482 (0.0467)  loss_bbox_dn_2: 0.0460 (0.0454)  loss_giou: 0.8381 (0.9239)  loss_giou_aux_0: 0.8798 (0.9546)  loss_giou_aux_1: 0.8557 (0.9335)  loss_giou_aux_2: 1.0049 (1.0141)  loss_giou_dn_0: 0.7894 (0.7739)  loss_giou_dn_1: 0.6849 (0.6916)  loss_giou_dn_2: 0.6801 (0.6818)  loss_vfl: 0.5720 (0.5429)  loss_vfl_aux_0: 0.5836 (0.5553)  loss_vfl_aux_1: 0.5756 (0.5502)  loss_vfl_aux_2: 0.5831 (0.5682)  loss_vfl_dn_0: 0.4795 (0.4769)  loss_vfl_dn_1: 0.4573 (0.4590)  loss_vfl_dn_2: 0.4525 (0.4544)  time: 1.2174  data: 0.0345  max mem: 11060
Epoch: [27]  [808/809]  eta: 0:00:01  lr: 0.000100  loss: 10.2454 (10.0911)  loss_bbox: 0.0718 (0.0853)  loss_bbox_aux_0: 0.0787 (0.0892)  loss_bbox_aux_1: 0.0746 (0.0864)  loss_bbox_aux_2: 0.1002 (0.1017)  loss_bbox_dn_0: 0.0597 (0.0563)  loss_bbox_dn_1: 0.0465 (0.0467)  loss_bbox_dn_2: 0.0447 (0.0454)  loss_giou: 0.9160 (0.9236)  loss_giou_aux_0: 0.9565 (0.9543)  loss_giou_aux_1: 0.9333 (0.9332)  loss_giou_aux_2: 1.0049 (1.0141)  loss_giou_dn_0: 0.8309 (0.7741)  loss_giou_dn_1: 0.7012 (0.6916)  loss_giou_dn_2: 0.6839 (0.6818)  loss_vfl: 0.5728 (0.5430)  loss_vfl_aux_0: 0.5836 (0.5556)  loss_vfl_aux_1: 0.5833 (0.5504)  loss_vfl_aux_2: 0.5831 (0.5683)  loss_vfl_dn_0: 0.4775 (0.4770)  loss_vfl_dn_1: 0.4596 (0.4590)  loss_vfl_dn_2: 0.4548 (0.4544)  time: 1.0642  data: 0.0290  max mem: 11060
Epoch: [27] Total time: 0:15:58 (1.1852 s / it)
Averaged stats: lr: 0.000100  loss: 10.2454 (10.0911)  loss_bbox: 0.0718 (0.0853)  loss_bbox_aux_0: 0.0787 (0.0892)  loss_bbox_aux_1: 0.0746 (0.0864)  loss_bbox_aux_2: 0.1002 (0.1017)  loss_bbox_dn_0: 0.0597 (0.0563)  loss_bbox_dn_1: 0.0465 (0.0467)  loss_bbox_dn_2: 0.0447 (0.0454)  loss_giou: 0.9160 (0.9236)  loss_giou_aux_0: 0.9565 (0.9543)  loss_giou_aux_1: 0.9333 (0.9332)  loss_giou_aux_2: 1.0049 (1.0141)  loss_giou_dn_0: 0.8309 (0.7741)  loss_giou_dn_1: 0.7012 (0.6916)  loss_giou_dn_2: 0.6839 (0.6818)  loss_vfl: 0.5728 (0.5430)  loss_vfl_aux_0: 0.5836 (0.5556)  loss_vfl_aux_1: 0.5833 (0.5504)  loss_vfl_aux_2: 0.5831 (0.5683)  loss_vfl_dn_0: 0.4775 (0.4770)  loss_vfl_dn_1: 0.4596 (0.4590)  loss_vfl_dn_2: 0.4548 (0.4544)
Test:  [ 0/69]  eta: 0:01:48    time: 1.5733  data: 0.8568  max mem: 11060
Test:  [10/69]  eta: 0:00:48    time: 0.8290  data: 0.0950  max mem: 11060
Test:  [20/69]  eta: 0:00:38    time: 0.7567  data: 0.0217  max mem: 11060
Test:  [30/69]  eta: 0:00:29    time: 0.7144  data: 0.0246  max mem: 11060
Test:  [40/69]  eta: 0:00:21    time: 0.6695  data: 0.0253  max mem: 11060
Test:  [50/69]  eta: 0:00:13    time: 0.6512  data: 0.0257  max mem: 11060
Test:  [60/69]  eta: 0:00:06    time: 0.6130  data: 0.0259  max mem: 11060
Test:  [68/69]  eta: 0:00:00    time: 0.6196  data: 0.0246  max mem: 11060
Test: Total time: 0:00:47 (0.6911 s / it)
Averaged stats: 
Accumulating evaluation results...
DONE (t=2.36s).
IoU metric: bbox
 Average Precision  (AP) @[ IoU=0.50:0.95 | area=   all | maxDets=100 ] = 0.209
 Average Precision  (AP) @[ IoU=0.50      | area=   all | maxDets=100 ] = 0.341
 Average Precision  (AP) @[ IoU=0.75      | area=   all | maxDets=100 ] = 0.214
 Average Precision  (AP) @[ IoU=0.50:0.95 | area= small | maxDets=100 ] = 0.141
 Average Precision  (AP) @[ IoU=0.50:0.95 | area=medium | maxDets=100 ] = 0.279
 Average Precision  (AP) @[ IoU=0.50:0.95 | area= large | maxDets=100 ] = 0.382
 Average Recall     (AR) @[ IoU=0.50:0.95 | area=   all | maxDets=  1 ] = 0.097
 Average Recall     (AR) @[ IoU=0.50:0.95 | area=   all | maxDets= 10 ] = 0.270
 Average Recall     (AR) @[ IoU=0.50:0.95 | area=   all | maxDets=100 ] = 0.374
 Average Recall     (AR) @[ IoU=0.50:0.95 | area= small | maxDets=100 ] = 0.296
 Average Recall     (AR) @[ IoU=0.50:0.95 | area=medium | maxDets=100 ] = 0.473
 Average Recall     (AR) @[ IoU=0.50:0.95 | area= large | maxDets=100 ] = 0.570
best_stat:  {'epoch': 27, 'coco_eval_bbox': 0.2088140370300329}
Epoch: [28]  [  0/809]  eta: 1:44:13  lr: 0.000100  loss: 10.1042 (10.1042)  loss_bbox: 0.0858 (0.0858)  loss_bbox_aux_0: 0.0850 (0.0850)  loss_bbox_aux_1: 0.0849 (0.0849)  loss_bbox_aux_2: 0.1011 (0.1011)  loss_bbox_dn_0: 0.0553 (0.0553)  loss_bbox_dn_1: 0.0459 (0.0459)  loss_bbox_dn_2: 0.0449 (0.0449)  loss_giou: 0.9696 (0.9696)  loss_giou_aux_0: 0.9900 (0.9900)  loss_giou_aux_1: 0.9753 (0.9753)  loss_giou_aux_2: 1.0670 (1.0670)  loss_giou_dn_0: 0.7792 (0.7792)  loss_giou_dn_1: 0.7287 (0.7287)  loss_giou_dn_2: 0.7226 (0.7226)  loss_vfl: 0.4899 (0.4899)  loss_vfl_aux_0: 0.5203 (0.5203)  loss_vfl_aux_1: 0.5032 (0.5032)  loss_vfl_aux_2: 0.5110 (0.5110)  loss_vfl_dn_0: 0.4645 (0.4645)  loss_vfl_dn_1: 0.4446 (0.4446)  loss_vfl_dn_2: 0.4355 (0.4355)  time: 7.7299  data: 2.8403  max mem: 11060
Epoch: [28]  [100/809]  eta: 0:15:20  lr: 0.000100  loss: 9.7798 (10.1058)  loss_bbox: 0.0714 (0.0886)  loss_bbox_aux_0: 0.0756 (0.0919)  loss_bbox_aux_1: 0.0707 (0.0898)  loss_bbox_aux_2: 0.0956 (0.1050)  loss_bbox_dn_0: 0.0577 (0.0561)  loss_bbox_dn_1: 0.0484 (0.0468)  loss_bbox_dn_2: 0.0465 (0.0454)  loss_giou: 0.7992 (0.9305)  loss_giou_aux_0: 0.8279 (0.9601)  loss_giou_aux_1: 0.7999 (0.9390)  loss_giou_aux_2: 0.9319 (1.0216)  loss_giou_dn_0: 0.7386 (0.7697)  loss_giou_dn_1: 0.6560 (0.6879)  loss_giou_dn_2: 0.6438 (0.6776)  loss_vfl: 0.5504 (0.5389)  loss_vfl_aux_0: 0.5671 (0.5541)  loss_vfl_aux_1: 0.5586 (0.5459)  loss_vfl_aux_2: 0.5702 (0.5694)  loss_vfl_dn_0: 0.4760 (0.4763)  loss_vfl_dn_1: 0.4595 (0.4578)  loss_vfl_dn_2: 0.4553 (0.4533)  time: 1.2281  data: 0.0318  max mem: 11060
Epoch: [28]  [200/809]  eta: 0:12:36  lr: 0.000100  loss: 10.1357 (10.0485)  loss_bbox: 0.0766 (0.0868)  loss_bbox_aux_0: 0.0852 (0.0901)  loss_bbox_aux_1: 0.0792 (0.0880)  loss_bbox_aux_2: 0.0917 (0.1021)  loss_bbox_dn_0: 0.0499 (0.0558)  loss_bbox_dn_1: 0.0419 (0.0465)  loss_bbox_dn_2: 0.0415 (0.0452)  loss_giou: 0.8787 (0.9201)  loss_giou_aux_0: 0.8889 (0.9491)  loss_giou_aux_1: 0.8833 (0.9288)  loss_giou_aux_2: 0.9820 (1.0118)  loss_giou_dn_0: 0.7805 (0.7686)  loss_giou_dn_1: 0.6950 (0.6876)  loss_giou_dn_2: 0.6961 (0.6776)  loss_vfl: 0.5171 (0.5371)  loss_vfl_aux_0: 0.5330 (0.5532)  loss_vfl_aux_1: 0.5271 (0.5444)  loss_vfl_aux_2: 0.5568 (0.5686)  loss_vfl_dn_0: 0.4760 (0.4767)  loss_vfl_dn_1: 0.4562 (0.4572)  loss_vfl_dn_2: 0.4513 (0.4529)  time: 1.1842  data: 0.0334  max mem: 11060
Epoch: [28]  [300/809]  eta: 0:10:31  lr: 0.000100  loss: 9.9159 (10.0405)  loss_bbox: 0.0765 (0.0848)  loss_bbox_aux_0: 0.0813 (0.0884)  loss_bbox_aux_1: 0.0775 (0.0861)  loss_bbox_aux_2: 0.1008 (0.1014)  loss_bbox_dn_0: 0.0553 (0.0556)  loss_bbox_dn_1: 0.0449 (0.0463)  loss_bbox_dn_2: 0.0441 (0.0449)  loss_giou: 0.8450 (0.9169)  loss_giou_aux_0: 0.8691 (0.9466)  loss_giou_aux_1: 0.8503 (0.9256)  loss_giou_aux_2: 0.9538 (1.0144)  loss_giou_dn_0: 0.7677 (0.7688)  loss_giou_dn_1: 0.6942 (0.6881)  loss_giou_dn_2: 0.6807 (0.6780)  loss_vfl: 0.5562 (0.5397)  loss_vfl_aux_0: 0.5750 (0.5540)  loss_vfl_aux_1: 0.5695 (0.5467)  loss_vfl_aux_2: 0.5854 (0.5675)  loss_vfl_dn_0: 0.4734 (0.4764)  loss_vfl_dn_1: 0.4569 (0.4574)  loss_vfl_dn_2: 0.4513 (0.4530)  time: 1.2541  data: 0.0305  max mem: 11060
Epoch: [28]  [400/809]  eta: 0:08:24  lr: 0.000100  loss: 10.0549 (10.0666)  loss_bbox: 0.0857 (0.0857)  loss_bbox_aux_0: 0.0914 (0.0894)  loss_bbox_aux_1: 0.0891 (0.0870)  loss_bbox_aux_2: 0.1046 (0.1023)  loss_bbox_dn_0: 0.0528 (0.0554)  loss_bbox_dn_1: 0.0440 (0.0461)  loss_bbox_dn_2: 0.0442 (0.0448)  loss_giou: 0.9327 (0.9222)  loss_giou_aux_0: 0.9613 (0.9525)  loss_giou_aux_1: 0.9442 (0.9316)  loss_giou_aux_2: 1.0265 (1.0180)  loss_giou_dn_0: 0.7652 (0.7684)  loss_giou_dn_1: 0.6883 (0.6883)  loss_giou_dn_2: 0.6785 (0.6783)  loss_vfl: 0.5479 (0.5394)  loss_vfl_aux_0: 0.5608 (0.5527)  loss_vfl_aux_1: 0.5574 (0.5465)  loss_vfl_aux_2: 0.5649 (0.5672)  loss_vfl_dn_0: 0.4849 (0.4778)  loss_vfl_dn_1: 0.4617 (0.4587)  loss_vfl_dn_2: 0.4563 (0.4541)  time: 1.1246  data: 0.0288  max mem: 11060
Epoch: [28]  [500/809]  eta: 0:06:13  lr: 0.000100  loss: 10.0924 (10.0752)  loss_bbox: 0.0787 (0.0861)  loss_bbox_aux_0: 0.0857 (0.0900)  loss_bbox_aux_1: 0.0815 (0.0874)  loss_bbox_aux_2: 0.0937 (0.1029)  loss_bbox_dn_0: 0.0497 (0.0556)  loss_bbox_dn_1: 0.0397 (0.0461)  loss_bbox_dn_2: 0.0388 (0.0448)  loss_giou: 0.9156 (0.9259)  loss_giou_aux_0: 0.9708 (0.9567)  loss_giou_aux_1: 0.9393 (0.9357)  loss_giou_aux_2: 0.9897 (1.0208)  loss_giou_dn_0: 0.7809 (0.7692)  loss_giou_dn_1: 0.6849 (0.6886)  loss_giou_dn_2: 0.6728 (0.6784)  loss_vfl: 0.5333 (0.5378)  loss_vfl_aux_0: 0.5366 (0.5504)  loss_vfl_aux_1: 0.5353 (0.5447)  loss_vfl_aux_2: 0.5356 (0.5649)  loss_vfl_dn_0: 0.4791 (0.4773)  loss_vfl_dn_1: 0.4587 (0.4583)  loss_vfl_dn_2: 0.4520 (0.4536)  time: 1.1360  data: 0.0253  max mem: 11060
Epoch: [28]  [600/809]  eta: 0:04:12  lr: 0.000100  loss: 9.7385 (10.0549)  loss_bbox: 0.0746 (0.0857)  loss_bbox_aux_0: 0.0830 (0.0897)  loss_bbox_aux_1: 0.0758 (0.0870)  loss_bbox_aux_2: 0.0914 (0.1025)  loss_bbox_dn_0: 0.0615 (0.0559)  loss_bbox_dn_1: 0.0515 (0.0463)  loss_bbox_dn_2: 0.0478 (0.0449)  loss_giou: 0.8207 (0.9205)  loss_giou_aux_0: 0.8619 (0.9514)  loss_giou_aux_1: 0.8243 (0.9302)  loss_giou_aux_2: 0.8922 (1.0152)  loss_giou_dn_0: 0.7397 (0.7672)  loss_giou_dn_1: 0.6533 (0.6863)  loss_giou_dn_2: 0.6433 (0.6761)  loss_vfl: 0.5596 (0.5400)  loss_vfl_aux_0: 0.5728 (0.5525)  loss_vfl_aux_1: 0.5684 (0.5470)  loss_vfl_aux_2: 0.5798 (0.5673)  loss_vfl_dn_0: 0.4786 (0.4775)  loss_vfl_dn_1: 0.4611 (0.4583)  loss_vfl_dn_2: 0.4545 (0.4536)  time: 1.2129  data: 0.0313  max mem: 11060
Epoch: [28]  [700/809]  eta: 0:02:11  lr: 0.000100  loss: 9.7288 (10.0635)  loss_bbox: 0.0711 (0.0859)  loss_bbox_aux_0: 0.0749 (0.0899)  loss_bbox_aux_1: 0.0732 (0.0873)  loss_bbox_aux_2: 0.0877 (0.1024)  loss_bbox_dn_0: 0.0519 (0.0561)  loss_bbox_dn_1: 0.0443 (0.0465)  loss_bbox_dn_2: 0.0440 (0.0451)  loss_giou: 0.8583 (0.9217)  loss_giou_aux_0: 0.8893 (0.9527)  loss_giou_aux_1: 0.8670 (0.9314)  loss_giou_aux_2: 0.9609 (1.0161)  loss_giou_dn_0: 0.7405 (0.7679)  loss_giou_dn_1: 0.6525 (0.6868)  loss_giou_dn_2: 0.6443 (0.6766)  loss_vfl: 0.5197 (0.5400)  loss_vfl_aux_0: 0.5396 (0.5527)  loss_vfl_aux_1: 0.5278 (0.5471)  loss_vfl_aux_2: 0.5591 (0.5676)  loss_vfl_dn_0: 0.4775 (0.4776)  loss_vfl_dn_1: 0.4563 (0.4585)  loss_vfl_dn_2: 0.4546 (0.4538)  time: 1.2188  data: 0.0307  max mem: 11060
Epoch: [28]  [800/809]  eta: 0:00:10  lr: 0.000100  loss: 9.7907 (10.0473)  loss_bbox: 0.0732 (0.0855)  loss_bbox_aux_0: 0.0771 (0.0894)  loss_bbox_aux_1: 0.0751 (0.0867)  loss_bbox_aux_2: 0.0917 (0.1018)  loss_bbox_dn_0: 0.0549 (0.0562)  loss_bbox_dn_1: 0.0457 (0.0466)  loss_bbox_dn_2: 0.0437 (0.0453)  loss_giou: 0.8262 (0.9177)  loss_giou_aux_0: 0.8415 (0.9485)  loss_giou_aux_1: 0.8217 (0.9271)  loss_giou_aux_2: 0.9345 (1.0120)  loss_giou_dn_0: 0.7394 (0.7671)  loss_giou_dn_1: 0.6500 (0.6859)  loss_giou_dn_2: 0.6402 (0.6757)  loss_vfl: 0.5482 (0.5409)  loss_vfl_aux_0: 0.5664 (0.5540)  loss_vfl_aux_1: 0.5640 (0.5483)  loss_vfl_aux_2: 0.5859 (0.5690)  loss_vfl_dn_0: 0.4784 (0.4776)  loss_vfl_dn_1: 0.4543 (0.4585)  loss_vfl_dn_2: 0.4465 (0.4537)  time: 1.1916  data: 0.0330  max mem: 11060
Epoch: [28]  [808/809]  eta: 0:00:01  lr: 0.000100  loss: 9.8184 (10.0435)  loss_bbox: 0.0732 (0.0855)  loss_bbox_aux_0: 0.0756 (0.0893)  loss_bbox_aux_1: 0.0735 (0.0867)  loss_bbox_aux_2: 0.0917 (0.1018)  loss_bbox_dn_0: 0.0548 (0.0563)  loss_bbox_dn_1: 0.0454 (0.0467)  loss_bbox_dn_2: 0.0437 (0.0453)  loss_giou: 0.8264 (0.9168)  loss_giou_aux_0: 0.8418 (0.9476)  loss_giou_aux_1: 0.8234 (0.9262)  loss_giou_aux_2: 0.9345 (1.0112)  loss_giou_dn_0: 0.7394 (0.7666)  loss_giou_dn_1: 0.6633 (0.6854)  loss_giou_dn_2: 0.6496 (0.6752)  loss_vfl: 0.5482 (0.5411)  loss_vfl_aux_0: 0.5747 (0.5542)  loss_vfl_aux_1: 0.5640 (0.5484)  loss_vfl_aux_2: 0.5886 (0.5692)  loss_vfl_dn_0: 0.4803 (0.4776)  loss_vfl_dn_1: 0.4598 (0.4586)  loss_vfl_dn_2: 0.4510 (0.4537)  time: 1.0471  data: 0.0301  max mem: 11060
Epoch: [28] Total time: 0:16:09 (1.1990 s / it)
Averaged stats: lr: 0.000100  loss: 9.8184 (10.0435)  loss_bbox: 0.0732 (0.0855)  loss_bbox_aux_0: 0.0756 (0.0893)  loss_bbox_aux_1: 0.0735 (0.0867)  loss_bbox_aux_2: 0.0917 (0.1018)  loss_bbox_dn_0: 0.0548 (0.0563)  loss_bbox_dn_1: 0.0454 (0.0467)  loss_bbox_dn_2: 0.0437 (0.0453)  loss_giou: 0.8264 (0.9168)  loss_giou_aux_0: 0.8418 (0.9476)  loss_giou_aux_1: 0.8234 (0.9262)  loss_giou_aux_2: 0.9345 (1.0112)  loss_giou_dn_0: 0.7394 (0.7666)  loss_giou_dn_1: 0.6633 (0.6854)  loss_giou_dn_2: 0.6496 (0.6752)  loss_vfl: 0.5482 (0.5411)  loss_vfl_aux_0: 0.5747 (0.5542)  loss_vfl_aux_1: 0.5640 (0.5484)  loss_vfl_aux_2: 0.5886 (0.5692)  loss_vfl_dn_0: 0.4803 (0.4776)  loss_vfl_dn_1: 0.4598 (0.4586)  loss_vfl_dn_2: 0.4510 (0.4537)
Test:  [ 0/69]  eta: 0:02:05    time: 1.8165  data: 1.2081  max mem: 11060
Test:  [10/69]  eta: 0:00:51    time: 0.8710  data: 0.1283  max mem: 11060
Test:  [20/69]  eta: 0:00:39    time: 0.7629  data: 0.0237  max mem: 11060
Test:  [30/69]  eta: 0:00:30    time: 0.7192  data: 0.0263  max mem: 11060
Test:  [40/69]  eta: 0:00:21    time: 0.6699  data: 0.0263  max mem: 11060
Test:  [50/69]  eta: 0:00:13    time: 0.6314  data: 0.0256  max mem: 11060
Test:  [60/69]  eta: 0:00:06    time: 0.6151  data: 0.0244  max mem: 11060
Test:  [68/69]  eta: 0:00:00    time: 0.6245  data: 0.0235  max mem: 11060
Test: Total time: 0:00:48 (0.6974 s / it)
Averaged stats: 
Accumulating evaluation results...
DONE (t=2.34s).
IoU metric: bbox
 Average Precision  (AP) @[ IoU=0.50:0.95 | area=   all | maxDets=100 ] = 0.211
 Average Precision  (AP) @[ IoU=0.50      | area=   all | maxDets=100 ] = 0.344
 Average Precision  (AP) @[ IoU=0.75      | area=   all | maxDets=100 ] = 0.216
 Average Precision  (AP) @[ IoU=0.50:0.95 | area= small | maxDets=100 ] = 0.142
 Average Precision  (AP) @[ IoU=0.50:0.95 | area=medium | maxDets=100 ] = 0.284
 Average Precision  (AP) @[ IoU=0.50:0.95 | area= large | maxDets=100 ] = 0.399
 Average Recall     (AR) @[ IoU=0.50:0.95 | area=   all | maxDets=  1 ] = 0.097
 Average Recall     (AR) @[ IoU=0.50:0.95 | area=   all | maxDets= 10 ] = 0.272
 Average Recall     (AR) @[ IoU=0.50:0.95 | area=   all | maxDets=100 ] = 0.376
 Average Recall     (AR) @[ IoU=0.50:0.95 | area= small | maxDets=100 ] = 0.296
 Average Recall     (AR) @[ IoU=0.50:0.95 | area=medium | maxDets=100 ] = 0.477
 Average Recall     (AR) @[ IoU=0.50:0.95 | area= large | maxDets=100 ] = 0.574
best_stat:  {'epoch': 28, 'coco_eval_bbox': 0.21129092113777032}
Epoch: [29]  [  0/809]  eta: 1:33:46  lr: 0.000100  loss: 9.6207 (9.6207)  loss_bbox: 0.0767 (0.0767)  loss_bbox_aux_0: 0.0758 (0.0758)  loss_bbox_aux_1: 0.0763 (0.0763)  loss_bbox_aux_2: 0.0906 (0.0906)  loss_bbox_dn_0: 0.0633 (0.0633)  loss_bbox_dn_1: 0.0553 (0.0553)  loss_bbox_dn_2: 0.0542 (0.0542)  loss_giou: 0.7667 (0.7667)  loss_giou_aux_0: 0.8030 (0.8030)  loss_giou_aux_1: 0.7759 (0.7759)  loss_giou_aux_2: 0.8722 (0.8722)  loss_giou_dn_0: 0.7661 (0.7661)  loss_giou_dn_1: 0.7032 (0.7032)  loss_giou_dn_2: 0.6965 (0.6965)  loss_vfl: 0.5817 (0.5817)  loss_vfl_aux_0: 0.5917 (0.5917)  loss_vfl_aux_1: 0.5883 (0.5883)  loss_vfl_aux_2: 0.6062 (0.6062)  loss_vfl_dn_0: 0.4697 (0.4697)  loss_vfl_dn_1: 0.4602 (0.4602)  loss_vfl_dn_2: 0.4473 (0.4473)  time: 6.9552  data: 4.9811  max mem: 11060
Epoch: [29]  [100/809]  eta: 0:14:52  lr: 0.000100  loss: 9.5030 (10.0060)  loss_bbox: 0.0774 (0.0887)  loss_bbox_aux_0: 0.0822 (0.0934)  loss_bbox_aux_1: 0.0769 (0.0898)  loss_bbox_aux_2: 0.1025 (0.1057)  loss_bbox_dn_0: 0.0493 (0.0551)  loss_bbox_dn_1: 0.0418 (0.0456)  loss_bbox_dn_2: 0.0406 (0.0443)  loss_giou: 0.8220 (0.9188)  loss_giou_aux_0: 0.8553 (0.9531)  loss_giou_aux_1: 0.8355 (0.9295)  loss_giou_aux_2: 0.9223 (1.0108)  loss_giou_dn_0: 0.7238 (0.7573)  loss_giou_dn_1: 0.6544 (0.6778)  loss_giou_dn_2: 0.6484 (0.6675)  loss_vfl: 0.5566 (0.5326)  loss_vfl_aux_0: 0.5774 (0.5463)  loss_vfl_aux_1: 0.5720 (0.5409)  loss_vfl_aux_2: 0.5850 (0.5623)  loss_vfl_dn_0: 0.4750 (0.4777)  loss_vfl_dn_1: 0.4608 (0.4572)  loss_vfl_dn_2: 0.4521 (0.4517)  time: 1.1759  data: 0.0358  max mem: 11060
Epoch: [29]  [200/809]  eta: 0:12:23  lr: 0.000100  loss: 9.3431 (9.9586)  loss_bbox: 0.0714 (0.0870)  loss_bbox_aux_0: 0.0769 (0.0918)  loss_bbox_aux_1: 0.0721 (0.0881)  loss_bbox_aux_2: 0.0842 (0.1039)  loss_bbox_dn_0: 0.0584 (0.0564)  loss_bbox_dn_1: 0.0486 (0.0466)  loss_bbox_dn_2: 0.0474 (0.0452)  loss_giou: 0.7753 (0.8994)  loss_giou_aux_0: 0.7956 (0.9311)  loss_giou_aux_1: 0.7773 (0.9091)  loss_giou_aux_2: 0.8632 (0.9940)  loss_giou_dn_0: 0.7025 (0.7567)  loss_giou_dn_1: 0.6211 (0.6745)  loss_giou_dn_2: 0.6119 (0.6639)  loss_vfl: 0.5759 (0.5435)  loss_vfl_aux_0: 0.5925 (0.5567)  loss_vfl_aux_1: 0.5811 (0.5518)  loss_vfl_aux_2: 0.6138 (0.5723)  loss_vfl_dn_0: 0.4778 (0.4771)  loss_vfl_dn_1: 0.4558 (0.4573)  loss_vfl_dn_2: 0.4528 (0.4520)  time: 1.0589  data: 0.0246  max mem: 11060
Epoch: [29]  [300/809]  eta: 0:10:16  lr: 0.000100  loss: 10.2133 (9.9353)  loss_bbox: 0.0784 (0.0852)  loss_bbox_aux_0: 0.0831 (0.0898)  loss_bbox_aux_1: 0.0811 (0.0862)  loss_bbox_aux_2: 0.0954 (0.1022)  loss_bbox_dn_0: 0.0538 (0.0569)  loss_bbox_dn_1: 0.0435 (0.0470)  loss_bbox_dn_2: 0.0427 (0.0456)  loss_giou: 0.9727 (0.8941)  loss_giou_aux_0: 1.0109 (0.9257)  loss_giou_aux_1: 0.9921 (0.9035)  loss_giou_aux_2: 1.0768 (0.9896)  loss_giou_dn_0: 0.7770 (0.7580)  loss_giou_dn_1: 0.6944 (0.6744)  loss_giou_dn_2: 0.6945 (0.6641)  loss_vfl: 0.5125 (0.5440)  loss_vfl_aux_0: 0.5298 (0.5573)  loss_vfl_aux_1: 0.5203 (0.5520)  loss_vfl_aux_2: 0.5291 (0.5716)  loss_vfl_dn_0: 0.4767 (0.4773)  loss_vfl_dn_1: 0.4576 (0.4579)  loss_vfl_dn_2: 0.4508 (0.4527)  time: 1.2205  data: 0.0351  max mem: 11060
Epoch: [29]  [400/809]  eta: 0:08:15  lr: 0.000100  loss: 10.0306 (9.9540)  loss_bbox: 0.0791 (0.0858)  loss_bbox_aux_0: 0.0815 (0.0905)  loss_bbox_aux_1: 0.0798 (0.0870)  loss_bbox_aux_2: 0.0931 (0.1025)  loss_bbox_dn_0: 0.0574 (0.0567)  loss_bbox_dn_1: 0.0478 (0.0469)  loss_bbox_dn_2: 0.0468 (0.0456)  loss_giou: 0.9106 (0.8997)  loss_giou_aux_0: 0.9570 (0.9315)  loss_giou_aux_1: 0.9278 (0.9094)  loss_giou_aux_2: 1.0422 (0.9947)  loss_giou_dn_0: 0.7646 (0.7588)  loss_giou_dn_1: 0.6839 (0.6762)  loss_giou_dn_2: 0.6800 (0.6659)  loss_vfl: 0.5153 (0.5419)  loss_vfl_aux_0: 0.5459 (0.5549)  loss_vfl_aux_1: 0.5225 (0.5493)  loss_vfl_aux_2: 0.5452 (0.5690)  loss_vfl_dn_0: 0.4792 (0.4773)  loss_vfl_dn_1: 0.4542 (0.4578)  loss_vfl_dn_2: 0.4510 (0.4527)  time: 1.2171  data: 0.0311  max mem: 11060
Epoch: [29]  [500/809]  eta: 0:06:12  lr: 0.000100  loss: 9.7599 (9.9815)  loss_bbox: 0.0769 (0.0862)  loss_bbox_aux_0: 0.0761 (0.0908)  loss_bbox_aux_1: 0.0744 (0.0874)  loss_bbox_aux_2: 0.0894 (0.1027)  loss_bbox_dn_0: 0.0472 (0.0560)  loss_bbox_dn_1: 0.0393 (0.0464)  loss_bbox_dn_2: 0.0384 (0.0451)  loss_giou: 0.8615 (0.9071)  loss_giou_aux_0: 0.8765 (0.9391)  loss_giou_aux_1: 0.8678 (0.9170)  loss_giou_aux_2: 0.9629 (1.0002)  loss_giou_dn_0: 0.7578 (0.7603)  loss_giou_dn_1: 0.6657 (0.6783)  loss_giou_dn_2: 0.6549 (0.6683)  loss_vfl: 0.5271 (0.5401)  loss_vfl_aux_0: 0.5560 (0.5534)  loss_vfl_aux_1: 0.5428 (0.5480)  loss_vfl_aux_2: 0.5601 (0.5675)  loss_vfl_dn_0: 0.4719 (0.4771)  loss_vfl_dn_1: 0.4550 (0.4577)  loss_vfl_dn_2: 0.4502 (0.4527)  time: 1.1898  data: 0.0305  max mem: 11060
Epoch: [29]  [600/809]  eta: 0:04:12  lr: 0.000100  loss: 10.0287 (9.9881)  loss_bbox: 0.0765 (0.0859)  loss_bbox_aux_0: 0.0805 (0.0907)  loss_bbox_aux_1: 0.0765 (0.0871)  loss_bbox_aux_2: 0.0966 (0.1026)  loss_bbox_dn_0: 0.0506 (0.0557)  loss_bbox_dn_1: 0.0435 (0.0461)  loss_bbox_dn_2: 0.0414 (0.0449)  loss_giou: 0.8665 (0.9093)  loss_giou_aux_0: 0.8932 (0.9416)  loss_giou_aux_1: 0.8673 (0.9195)  loss_giou_aux_2: 0.9544 (1.0016)  loss_giou_dn_0: 0.7612 (0.7602)  loss_giou_dn_1: 0.6863 (0.6782)  loss_giou_dn_2: 0.6790 (0.6682)  loss_vfl: 0.5515 (0.5399)  loss_vfl_aux_0: 0.5629 (0.5533)  loss_vfl_aux_1: 0.5629 (0.5478)  loss_vfl_aux_2: 0.5852 (0.5675)  loss_vfl_dn_0: 0.4771 (0.4771)  loss_vfl_dn_1: 0.4547 (0.4579)  loss_vfl_dn_2: 0.4492 (0.4529)  time: 1.1651  data: 0.0301  max mem: 11060
Epoch: [29]  [700/809]  eta: 0:02:11  lr: 0.000100  loss: 9.5679 (9.9902)  loss_bbox: 0.0794 (0.0851)  loss_bbox_aux_0: 0.0815 (0.0899)  loss_bbox_aux_1: 0.0775 (0.0864)  loss_bbox_aux_2: 0.0985 (0.1019)  loss_bbox_dn_0: 0.0600 (0.0560)  loss_bbox_dn_1: 0.0518 (0.0464)  loss_bbox_dn_2: 0.0509 (0.0451)  loss_giou: 0.8201 (0.9090)  loss_giou_aux_0: 0.8401 (0.9413)  loss_giou_aux_1: 0.8212 (0.9192)  loss_giou_aux_2: 0.9000 (1.0012)  loss_giou_dn_0: 0.7294 (0.7610)  loss_giou_dn_1: 0.6549 (0.6789)  loss_giou_dn_2: 0.6436 (0.6688)  loss_vfl: 0.5417 (0.5408)  loss_vfl_aux_0: 0.5634 (0.5540)  loss_vfl_aux_1: 0.5486 (0.5486)  loss_vfl_aux_2: 0.5801 (0.5684)  loss_vfl_dn_0: 0.4838 (0.4773)  loss_vfl_dn_1: 0.4594 (0.4580)  loss_vfl_dn_2: 0.4537 (0.4530)  time: 1.1601  data: 0.0315  max mem: 11060
Epoch: [29]  [800/809]  eta: 0:00:10  lr: 0.000100  loss: 9.9225 (10.0122)  loss_bbox: 0.0794 (0.0858)  loss_bbox_aux_0: 0.0790 (0.0903)  loss_bbox_aux_1: 0.0809 (0.0870)  loss_bbox_aux_2: 0.0975 (0.1025)  loss_bbox_dn_0: 0.0542 (0.0559)  loss_bbox_dn_1: 0.0434 (0.0463)  loss_bbox_dn_2: 0.0427 (0.0450)  loss_giou: 0.9579 (0.9143)  loss_giou_aux_0: 0.9924 (0.9465)  loss_giou_aux_1: 0.9586 (0.9243)  loss_giou_aux_2: 1.0121 (1.0062)  loss_giou_dn_0: 0.7975 (0.7632)  loss_giou_dn_1: 0.7001 (0.6814)  loss_giou_dn_2: 0.6899 (0.6713)  loss_vfl: 0.5239 (0.5393)  loss_vfl_aux_0: 0.5269 (0.5523)  loss_vfl_aux_1: 0.5157 (0.5468)  loss_vfl_aux_2: 0.5256 (0.5665)  loss_vfl_dn_0: 0.4701 (0.4769)  loss_vfl_dn_1: 0.4506 (0.4577)  loss_vfl_dn_2: 0.4495 (0.4528)  time: 1.0900  data: 0.0268  max mem: 11060
Epoch: [29]  [808/809]  eta: 0:00:01  lr: 0.000100  loss: 9.9000 (10.0119)  loss_bbox: 0.0778 (0.0858)  loss_bbox_aux_0: 0.0764 (0.0903)  loss_bbox_aux_1: 0.0771 (0.0871)  loss_bbox_aux_2: 0.0855 (0.1025)  loss_bbox_dn_0: 0.0506 (0.0559)  loss_bbox_dn_1: 0.0410 (0.0463)  loss_bbox_dn_2: 0.0396 (0.0450)  loss_giou: 0.8708 (0.9142)  loss_giou_aux_0: 0.9061 (0.9463)  loss_giou_aux_1: 0.8875 (0.9243)  loss_giou_aux_2: 0.9678 (1.0061)  loss_giou_dn_0: 0.7716 (0.7632)  loss_giou_dn_1: 0.6826 (0.6814)  loss_giou_dn_2: 0.6686 (0.6713)  loss_vfl: 0.5243 (0.5392)  loss_vfl_aux_0: 0.5403 (0.5523)  loss_vfl_aux_1: 0.5297 (0.5468)  loss_vfl_aux_2: 0.5547 (0.5666)  loss_vfl_dn_0: 0.4825 (0.4769)  loss_vfl_dn_1: 0.4601 (0.4578)  loss_vfl_dn_2: 0.4535 (0.4528)  time: 0.9625  data: 0.0248  max mem: 11060
Epoch: [29] Total time: 0:16:09 (1.1981 s / it)
Averaged stats: lr: 0.000100  loss: 9.9000 (10.0119)  loss_bbox: 0.0778 (0.0858)  loss_bbox_aux_0: 0.0764 (0.0903)  loss_bbox_aux_1: 0.0771 (0.0871)  loss_bbox_aux_2: 0.0855 (0.1025)  loss_bbox_dn_0: 0.0506 (0.0559)  loss_bbox_dn_1: 0.0410 (0.0463)  loss_bbox_dn_2: 0.0396 (0.0450)  loss_giou: 0.8708 (0.9142)  loss_giou_aux_0: 0.9061 (0.9463)  loss_giou_aux_1: 0.8875 (0.9243)  loss_giou_aux_2: 0.9678 (1.0061)  loss_giou_dn_0: 0.7716 (0.7632)  loss_giou_dn_1: 0.6826 (0.6814)  loss_giou_dn_2: 0.6686 (0.6713)  loss_vfl: 0.5243 (0.5392)  loss_vfl_aux_0: 0.5403 (0.5523)  loss_vfl_aux_1: 0.5297 (0.5468)  loss_vfl_aux_2: 0.5547 (0.5666)  loss_vfl_dn_0: 0.4825 (0.4769)  loss_vfl_dn_1: 0.4601 (0.4578)  loss_vfl_dn_2: 0.4535 (0.4528)
Test:  [ 0/69]  eta: 0:01:28    time: 1.2895  data: 0.6844  max mem: 11060
Test:  [10/69]  eta: 0:00:46    time: 0.7895  data: 0.0803  max mem: 11060
Test:  [20/69]  eta: 0:00:36    time: 0.7170  data: 0.0204  max mem: 11060
Test:  [30/69]  eta: 0:00:27    time: 0.6633  data: 0.0215  max mem: 11060
Test:  [40/69]  eta: 0:00:19    time: 0.6253  data: 0.0217  max mem: 11060
Test:  [50/69]  eta: 0:00:12    time: 0.6213  data: 0.0232  max mem: 11060
Test:  [60/69]  eta: 0:00:05    time: 0.6094  data: 0.0250  max mem: 11060
Test:  [68/69]  eta: 0:00:00    time: 0.6161  data: 0.0240  max mem: 11060
Test: Total time: 0:00:45 (0.6606 s / it)
Averaged stats: 
Accumulating evaluation results...
DONE (t=2.36s).
IoU metric: bbox
 Average Precision  (AP) @[ IoU=0.50:0.95 | area=   all | maxDets=100 ] = 0.213
 Average Precision  (AP) @[ IoU=0.50      | area=   all | maxDets=100 ] = 0.348
 Average Precision  (AP) @[ IoU=0.75      | area=   all | maxDets=100 ] = 0.219
 Average Precision  (AP) @[ IoU=0.50:0.95 | area= small | maxDets=100 ] = 0.143
 Average Precision  (AP) @[ IoU=0.50:0.95 | area=medium | maxDets=100 ] = 0.286
 Average Precision  (AP) @[ IoU=0.50:0.95 | area= large | maxDets=100 ] = 0.404
 Average Recall     (AR) @[ IoU=0.50:0.95 | area=   all | maxDets=  1 ] = 0.098
 Average Recall     (AR) @[ IoU=0.50:0.95 | area=   all | maxDets= 10 ] = 0.272
 Average Recall     (AR) @[ IoU=0.50:0.95 | area=   all | maxDets=100 ] = 0.377
 Average Recall     (AR) @[ IoU=0.50:0.95 | area= small | maxDets=100 ] = 0.298
 Average Recall     (AR) @[ IoU=0.50:0.95 | area=medium | maxDets=100 ] = 0.478
 Average Recall     (AR) @[ IoU=0.50:0.95 | area= large | maxDets=100 ] = 0.565
best_stat:  {'epoch': 29, 'coco_eval_bbox': 0.21344348833673574}
Epoch: [30]  [  0/809]  eta: 1:40:08  lr: 0.000100  loss: 8.9840 (8.9840)  loss_bbox: 0.0643 (0.0643)  loss_bbox_aux_0: 0.0749 (0.0749)  loss_bbox_aux_1: 0.0661 (0.0661)  loss_bbox_aux_2: 0.0871 (0.0871)  loss_bbox_dn_0: 0.0632 (0.0632)  loss_bbox_dn_1: 0.0528 (0.0528)  loss_bbox_dn_2: 0.0498 (0.0498)  loss_giou: 0.6987 (0.6987)  loss_giou_aux_0: 0.7456 (0.7456)  loss_giou_aux_1: 0.7188 (0.7188)  loss_giou_aux_2: 0.8223 (0.8223)  loss_giou_dn_0: 0.7046 (0.7046)  loss_giou_dn_1: 0.5909 (0.5909)  loss_giou_dn_2: 0.5831 (0.5831)  loss_vfl: 0.5582 (0.5582)  loss_vfl_aux_0: 0.5608 (0.5608)  loss_vfl_aux_1: 0.5625 (0.5625)  loss_vfl_aux_2: 0.5970 (0.5970)  loss_vfl_dn_0: 0.4802 (0.4802)  loss_vfl_dn_1: 0.4559 (0.4559)  loss_vfl_dn_2: 0.4470 (0.4470)  time: 7.4274  data: 3.9734  max mem: 11060
Epoch: [30]  [100/809]  eta: 0:15:07  lr: 0.000100  loss: 9.5321 (9.8994)  loss_bbox: 0.0689 (0.0802)  loss_bbox_aux_0: 0.0734 (0.0843)  loss_bbox_aux_1: 0.0701 (0.0817)  loss_bbox_aux_2: 0.0870 (0.0961)  loss_bbox_dn_0: 0.0541 (0.0549)  loss_bbox_dn_1: 0.0446 (0.0450)  loss_bbox_dn_2: 0.0446 (0.0438)  loss_giou: 0.7292 (0.8971)  loss_giou_aux_0: 0.7692 (0.9272)  loss_giou_aux_1: 0.7359 (0.9069)  loss_giou_aux_2: 0.8608 (0.9869)  loss_giou_dn_0: 0.7311 (0.7598)  loss_giou_dn_1: 0.6512 (0.6765)  loss_giou_dn_2: 0.6402 (0.6665)  loss_vfl: 0.5537 (0.5391)  loss_vfl_aux_0: 0.5806 (0.5554)  loss_vfl_aux_1: 0.5632 (0.5474)  loss_vfl_aux_2: 0.5961 (0.5692)  loss_vfl_dn_0: 0.4801 (0.4745)  loss_vfl_dn_1: 0.4547 (0.4559)  loss_vfl_dn_2: 0.4489 (0.4509)  time: 1.2394  data: 0.0272  max mem: 11060
Epoch: [30]  [200/809]  eta: 0:12:38  lr: 0.000100  loss: 10.1163 (10.0046)  loss_bbox: 0.0838 (0.0826)  loss_bbox_aux_0: 0.0862 (0.0864)  loss_bbox_aux_1: 0.0862 (0.0841)  loss_bbox_aux_2: 0.0953 (0.0985)  loss_bbox_dn_0: 0.0486 (0.0540)  loss_bbox_dn_1: 0.0391 (0.0445)  loss_bbox_dn_2: 0.0377 (0.0433)  loss_giou: 0.9308 (0.9191)  loss_giou_aux_0: 0.9493 (0.9499)  loss_giou_aux_1: 0.9313 (0.9291)  loss_giou_aux_2: 1.0149 (1.0058)  loss_giou_dn_0: 0.7536 (0.7667)  loss_giou_dn_1: 0.6694 (0.6846)  loss_giou_dn_2: 0.6529 (0.6748)  loss_vfl: 0.5187 (0.5355)  loss_vfl_aux_0: 0.5420 (0.5519)  loss_vfl_aux_1: 0.5265 (0.5432)  loss_vfl_aux_2: 0.5430 (0.5658)  loss_vfl_dn_0: 0.4794 (0.4754)  loss_vfl_dn_1: 0.4607 (0.4571)  loss_vfl_dn_2: 0.4534 (0.4524)  time: 1.1782  data: 0.0320  max mem: 11060
Epoch: [30]  [300/809]  eta: 0:10:22  lr: 0.000100  loss: 10.0992 (10.0230)  loss_bbox: 0.0796 (0.0841)  loss_bbox_aux_0: 0.0856 (0.0879)  loss_bbox_aux_1: 0.0804 (0.0857)  loss_bbox_aux_2: 0.1007 (0.1005)  loss_bbox_dn_0: 0.0577 (0.0558)  loss_bbox_dn_1: 0.0468 (0.0461)  loss_bbox_dn_2: 0.0448 (0.0448)  loss_giou: 0.9116 (0.9181)  loss_giou_aux_0: 0.9398 (0.9499)  loss_giou_aux_1: 0.9202 (0.9291)  loss_giou_aux_2: 0.9738 (1.0062)  loss_giou_dn_0: 0.7913 (0.7687)  loss_giou_dn_1: 0.7046 (0.6860)  loss_giou_dn_2: 0.6916 (0.6757)  loss_vfl: 0.5629 (0.5354)  loss_vfl_aux_0: 0.5591 (0.5515)  loss_vfl_aux_1: 0.5605 (0.5436)  loss_vfl_aux_2: 0.5645 (0.5656)  loss_vfl_dn_0: 0.4755 (0.4764)  loss_vfl_dn_1: 0.4666 (0.4583)  loss_vfl_dn_2: 0.4600 (0.4538)  time: 1.1776  data: 0.0310  max mem: 11060
Epoch: [30]  [400/809]  eta: 0:08:18  lr: 0.000100  loss: 9.6238 (10.0317)  loss_bbox: 0.0687 (0.0848)  loss_bbox_aux_0: 0.0736 (0.0886)  loss_bbox_aux_1: 0.0681 (0.0863)  loss_bbox_aux_2: 0.0843 (0.1013)  loss_bbox_dn_0: 0.0542 (0.0557)  loss_bbox_dn_1: 0.0464 (0.0461)  loss_bbox_dn_2: 0.0448 (0.0449)  loss_giou: 0.8219 (0.9177)  loss_giou_aux_0: 0.8483 (0.9493)  loss_giou_aux_1: 0.8289 (0.9283)  loss_giou_aux_2: 0.9320 (1.0057)  loss_giou_dn_0: 0.7383 (0.7684)  loss_giou_dn_1: 0.6626 (0.6863)  loss_giou_dn_2: 0.6512 (0.6761)  loss_vfl: 0.5636 (0.5376)  loss_vfl_aux_0: 0.5793 (0.5531)  loss_vfl_aux_1: 0.5735 (0.5459)  loss_vfl_aux_2: 0.6068 (0.5671)  loss_vfl_dn_0: 0.4797 (0.4767)  loss_vfl_dn_1: 0.4526 (0.4582)  loss_vfl_dn_2: 0.4454 (0.4535)  time: 1.2116  data: 0.0321  max mem: 11060
Epoch: [30]  [500/809]  eta: 0:06:15  lr: 0.000100  loss: 10.1988 (10.0415)  loss_bbox: 0.0809 (0.0849)  loss_bbox_aux_0: 0.0888 (0.0886)  loss_bbox_aux_1: 0.0841 (0.0862)  loss_bbox_aux_2: 0.0934 (0.1010)  loss_bbox_dn_0: 0.0569 (0.0557)  loss_bbox_dn_1: 0.0483 (0.0461)  loss_bbox_dn_2: 0.0470 (0.0448)  loss_giou: 0.9635 (0.9193)  loss_giou_aux_0: 0.9931 (0.9508)  loss_giou_aux_1: 0.9717 (0.9296)  loss_giou_aux_2: 1.0389 (1.0076)  loss_giou_dn_0: 0.7593 (0.7693)  loss_giou_dn_1: 0.6769 (0.6873)  loss_giou_dn_2: 0.6699 (0.6772)  loss_vfl: 0.5381 (0.5383)  loss_vfl_aux_0: 0.5468 (0.5533)  loss_vfl_aux_1: 0.5405 (0.5463)  loss_vfl_aux_2: 0.5604 (0.5664)  loss_vfl_dn_0: 0.4711 (0.4770)  loss_vfl_dn_1: 0.4521 (0.4584)  loss_vfl_dn_2: 0.4502 (0.4535)  time: 1.2031  data: 0.0284  max mem: 11060
Epoch: [30]  [600/809]  eta: 0:04:12  lr: 0.000100  loss: 9.9341 (10.0311)  loss_bbox: 0.0817 (0.0845)  loss_bbox_aux_0: 0.0852 (0.0883)  loss_bbox_aux_1: 0.0815 (0.0858)  loss_bbox_aux_2: 0.0972 (0.1004)  loss_bbox_dn_0: 0.0560 (0.0558)  loss_bbox_dn_1: 0.0479 (0.0463)  loss_bbox_dn_2: 0.0464 (0.0450)  loss_giou: 0.8960 (0.9163)  loss_giou_aux_0: 0.9146 (0.9474)  loss_giou_aux_1: 0.8944 (0.9264)  loss_giou_aux_2: 0.9704 (1.0041)  loss_giou_dn_0: 0.7893 (0.7679)  loss_giou_dn_1: 0.7018 (0.6864)  loss_giou_dn_2: 0.6965 (0.6764)  loss_vfl: 0.5278 (0.5396)  loss_vfl_aux_0: 0.5564 (0.5547)  loss_vfl_aux_1: 0.5469 (0.5479)  loss_vfl_aux_2: 0.5583 (0.5678)  loss_vfl_dn_0: 0.4741 (0.4774)  loss_vfl_dn_1: 0.4562 (0.4587)  loss_vfl_dn_2: 0.4547 (0.4539)  time: 1.2352  data: 0.0329  max mem: 11060
Epoch: [30]  [700/809]  eta: 0:02:11  lr: 0.000100  loss: 9.9846 (10.0172)  loss_bbox: 0.0761 (0.0844)  loss_bbox_aux_0: 0.0805 (0.0883)  loss_bbox_aux_1: 0.0771 (0.0857)  loss_bbox_aux_2: 0.0943 (0.1003)  loss_bbox_dn_0: 0.0576 (0.0560)  loss_bbox_dn_1: 0.0487 (0.0464)  loss_bbox_dn_2: 0.0478 (0.0452)  loss_giou: 0.8965 (0.9142)  loss_giou_aux_0: 0.9084 (0.9452)  loss_giou_aux_1: 0.8964 (0.9241)  loss_giou_aux_2: 0.9844 (1.0023)  loss_giou_dn_0: 0.7729 (0.7670)  loss_giou_dn_1: 0.7046 (0.6855)  loss_giou_dn_2: 0.6974 (0.6755)  loss_vfl: 0.5225 (0.5392)  loss_vfl_aux_0: 0.5419 (0.5540)  loss_vfl_aux_1: 0.5314 (0.5472)  loss_vfl_aux_2: 0.5522 (0.5678)  loss_vfl_dn_0: 0.4723 (0.4771)  loss_vfl_dn_1: 0.4562 (0.4582)  loss_vfl_dn_2: 0.4518 (0.4533)  time: 1.2152  data: 0.0357  max mem: 11060
Epoch: [30]  [800/809]  eta: 0:00:10  lr: 0.000100  loss: 9.7992 (10.0118)  loss_bbox: 0.0730 (0.0839)  loss_bbox_aux_0: 0.0768 (0.0876)  loss_bbox_aux_1: 0.0762 (0.0852)  loss_bbox_aux_2: 0.0902 (0.0997)  loss_bbox_dn_0: 0.0471 (0.0559)  loss_bbox_dn_1: 0.0397 (0.0464)  loss_bbox_dn_2: 0.0392 (0.0451)  loss_giou: 0.8747 (0.9136)  loss_giou_aux_0: 0.8959 (0.9443)  loss_giou_aux_1: 0.9099 (0.9235)  loss_giou_aux_2: 0.9555 (1.0022)  loss_giou_dn_0: 0.7781 (0.7666)  loss_giou_dn_1: 0.7033 (0.6853)  loss_giou_dn_2: 0.6936 (0.6753)  loss_vfl: 0.5305 (0.5394)  loss_vfl_aux_0: 0.5513 (0.5543)  loss_vfl_aux_1: 0.5245 (0.5471)  loss_vfl_aux_2: 0.5552 (0.5681)  loss_vfl_dn_0: 0.4743 (0.4771)  loss_vfl_dn_1: 0.4502 (0.4580)  loss_vfl_dn_2: 0.4478 (0.4531)  time: 1.2012  data: 0.0321  max mem: 11060
Epoch: [30]  [808/809]  eta: 0:00:01  lr: 0.000100  loss: 9.8383 (10.0105)  loss_bbox: 0.0729 (0.0839)  loss_bbox_aux_0: 0.0744 (0.0875)  loss_bbox_aux_1: 0.0729 (0.0852)  loss_bbox_aux_2: 0.0863 (0.0997)  loss_bbox_dn_0: 0.0471 (0.0559)  loss_bbox_dn_1: 0.0385 (0.0463)  loss_bbox_dn_2: 0.0376 (0.0450)  loss_giou: 0.8743 (0.9136)  loss_giou_aux_0: 0.8872 (0.9443)  loss_giou_aux_1: 0.8827 (0.9235)  loss_giou_aux_2: 0.9619 (1.0023)  loss_giou_dn_0: 0.7465 (0.7665)  loss_giou_dn_1: 0.6742 (0.6852)  loss_giou_dn_2: 0.6623 (0.6752)  loss_vfl: 0.5236 (0.5393)  loss_vfl_aux_0: 0.5387 (0.5542)  loss_vfl_aux_1: 0.5358 (0.5470)  loss_vfl_aux_2: 0.5564 (0.5680)  loss_vfl_dn_0: 0.4698 (0.4771)  loss_vfl_dn_1: 0.4487 (0.4579)  loss_vfl_dn_2: 0.4448 (0.4530)  time: 1.0491  data: 0.0306  max mem: 11060
Epoch: [30] Total time: 0:16:13 (1.2031 s / it)
Averaged stats: lr: 0.000100  loss: 9.8383 (10.0105)  loss_bbox: 0.0729 (0.0839)  loss_bbox_aux_0: 0.0744 (0.0875)  loss_bbox_aux_1: 0.0729 (0.0852)  loss_bbox_aux_2: 0.0863 (0.0997)  loss_bbox_dn_0: 0.0471 (0.0559)  loss_bbox_dn_1: 0.0385 (0.0463)  loss_bbox_dn_2: 0.0376 (0.0450)  loss_giou: 0.8743 (0.9136)  loss_giou_aux_0: 0.8872 (0.9443)  loss_giou_aux_1: 0.8827 (0.9235)  loss_giou_aux_2: 0.9619 (1.0023)  loss_giou_dn_0: 0.7465 (0.7665)  loss_giou_dn_1: 0.6742 (0.6852)  loss_giou_dn_2: 0.6623 (0.6752)  loss_vfl: 0.5236 (0.5393)  loss_vfl_aux_0: 0.5387 (0.5542)  loss_vfl_aux_1: 0.5358 (0.5470)  loss_vfl_aux_2: 0.5564 (0.5680)  loss_vfl_dn_0: 0.4698 (0.4771)  loss_vfl_dn_1: 0.4487 (0.4579)  loss_vfl_dn_2: 0.4448 (0.4530)
Test:  [ 0/69]  eta: 0:01:33    time: 1.3529  data: 0.6829  max mem: 11060
Test:  [10/69]  eta: 0:00:47    time: 0.7971  data: 0.0883  max mem: 11060
Test:  [20/69]  eta: 0:00:40    time: 0.8078  data: 0.0273  max mem: 11060
Test:  [30/69]  eta: 0:00:30    time: 0.7692  data: 0.0254  max mem: 11060
Test:  [40/69]  eta: 0:00:21    time: 0.6685  data: 0.0263  max mem: 11060
Test:  [50/69]  eta: 0:00:13    time: 0.6524  data: 0.0261  max mem: 11060
Test:  [60/69]  eta: 0:00:06    time: 0.6268  data: 0.0241  max mem: 11060
Test:  [68/69]  eta: 0:00:00    time: 0.6343  data: 0.0235  max mem: 11060
Test: Total time: 0:00:48 (0.7080 s / it)
Averaged stats: 
Accumulating evaluation results...
DONE (t=2.33s).
IoU metric: bbox
 Average Precision  (AP) @[ IoU=0.50:0.95 | area=   all | maxDets=100 ] = 0.216
 Average Precision  (AP) @[ IoU=0.50      | area=   all | maxDets=100 ] = 0.351
 Average Precision  (AP) @[ IoU=0.75      | area=   all | maxDets=100 ] = 0.221
 Average Precision  (AP) @[ IoU=0.50:0.95 | area= small | maxDets=100 ] = 0.146
 Average Precision  (AP) @[ IoU=0.50:0.95 | area=medium | maxDets=100 ] = 0.289
 Average Precision  (AP) @[ IoU=0.50:0.95 | area= large | maxDets=100 ] = 0.411
 Average Recall     (AR) @[ IoU=0.50:0.95 | area=   all | maxDets=  1 ] = 0.098
 Average Recall     (AR) @[ IoU=0.50:0.95 | area=   all | maxDets= 10 ] = 0.274
 Average Recall     (AR) @[ IoU=0.50:0.95 | area=   all | maxDets=100 ] = 0.378
 Average Recall     (AR) @[ IoU=0.50:0.95 | area= small | maxDets=100 ] = 0.299
 Average Recall     (AR) @[ IoU=0.50:0.95 | area=medium | maxDets=100 ] = 0.478
 Average Recall     (AR) @[ IoU=0.50:0.95 | area= large | maxDets=100 ] = 0.581
best_stat:  {'epoch': 30, 'coco_eval_bbox': 0.21574470743622698}
Epoch: [31]  [  0/809]  eta: 1:43:18  lr: 0.000100  loss: 10.6591 (10.6591)  loss_bbox: 0.1504 (0.1504)  loss_bbox_aux_0: 0.1407 (0.1407)  loss_bbox_aux_1: 0.1459 (0.1459)  loss_bbox_aux_2: 0.1728 (0.1728)  loss_bbox_dn_0: 0.0796 (0.0796)  loss_bbox_dn_1: 0.0589 (0.0589)  loss_bbox_dn_2: 0.0548 (0.0548)  loss_giou: 0.9313 (0.9313)  loss_giou_aux_0: 1.0162 (1.0162)  loss_giou_aux_1: 0.9608 (0.9608)  loss_giou_aux_2: 1.1385 (1.1385)  loss_giou_dn_0: 0.7623 (0.7623)  loss_giou_dn_1: 0.6523 (0.6523)  loss_giou_dn_2: 0.6334 (0.6334)  loss_vfl: 0.5697 (0.5697)  loss_vfl_aux_0: 0.6157 (0.6157)  loss_vfl_aux_1: 0.6011 (0.6011)  loss_vfl_aux_2: 0.6329 (0.6329)  loss_vfl_dn_0: 0.4628 (0.4628)  loss_vfl_dn_1: 0.4457 (0.4457)  loss_vfl_dn_2: 0.4333 (0.4333)  time: 7.6620  data: 3.5724  max mem: 11060
Epoch: [31]  [100/809]  eta: 0:15:06  lr: 0.000100  loss: 9.6707 (9.7483)  loss_bbox: 0.0909 (0.0794)  loss_bbox_aux_0: 0.0909 (0.0830)  loss_bbox_aux_1: 0.0907 (0.0808)  loss_bbox_aux_2: 0.0994 (0.0959)  loss_bbox_dn_0: 0.0513 (0.0543)  loss_bbox_dn_1: 0.0414 (0.0442)  loss_bbox_dn_2: 0.0404 (0.0428)  loss_giou: 0.8389 (0.8680)  loss_giou_aux_0: 0.8684 (0.8998)  loss_giou_aux_1: 0.8361 (0.8770)  loss_giou_aux_2: 0.9448 (0.9656)  loss_giou_dn_0: 0.7416 (0.7372)  loss_giou_dn_1: 0.6478 (0.6513)  loss_giou_dn_2: 0.6353 (0.6414)  loss_vfl: 0.5208 (0.5443)  loss_vfl_aux_0: 0.5261 (0.5619)  loss_vfl_aux_1: 0.5350 (0.5548)  loss_vfl_aux_2: 0.5526 (0.5794)  loss_vfl_dn_0: 0.4792 (0.4788)  loss_vfl_dn_1: 0.4548 (0.4572)  loss_vfl_dn_2: 0.4503 (0.4512)  time: 1.2480  data: 0.0327  max mem: 11060
Epoch: [31]  [200/809]  eta: 0:12:41  lr: 0.000100  loss: 9.8417 (9.9131)  loss_bbox: 0.0705 (0.0885)  loss_bbox_aux_0: 0.0761 (0.0913)  loss_bbox_aux_1: 0.0728 (0.0901)  loss_bbox_aux_2: 0.0885 (0.1046)  loss_bbox_dn_0: 0.0514 (0.0561)  loss_bbox_dn_1: 0.0438 (0.0462)  loss_bbox_dn_2: 0.0411 (0.0447)  loss_giou: 0.8507 (0.8988)  loss_giou_aux_0: 0.8769 (0.9293)  loss_giou_aux_1: 0.8614 (0.9090)  loss_giou_aux_2: 0.9429 (0.9940)  loss_giou_dn_0: 0.7648 (0.7504)  loss_giou_dn_1: 0.6940 (0.6664)  loss_giou_dn_2: 0.6832 (0.6562)  loss_vfl: 0.5460 (0.5368)  loss_vfl_aux_0: 0.5643 (0.5542)  loss_vfl_aux_1: 0.5532 (0.5452)  loss_vfl_aux_2: 0.5803 (0.5695)  loss_vfl_dn_0: 0.4760 (0.4758)  loss_vfl_dn_1: 0.4530 (0.4556)  loss_vfl_dn_2: 0.4491 (0.4505)  time: 1.1661  data: 0.0300  max mem: 11060
Epoch: [31]  [300/809]  eta: 0:10:18  lr: 0.000100  loss: 10.1425 (9.9707)  loss_bbox: 0.0730 (0.0869)  loss_bbox_aux_0: 0.0781 (0.0897)  loss_bbox_aux_1: 0.0741 (0.0883)  loss_bbox_aux_2: 0.0936 (0.1022)  loss_bbox_dn_0: 0.0490 (0.0551)  loss_bbox_dn_1: 0.0405 (0.0455)  loss_bbox_dn_2: 0.0393 (0.0442)  loss_giou: 0.9316 (0.9113)  loss_giou_aux_0: 0.9546 (0.9409)  loss_giou_aux_1: 0.9355 (0.9211)  loss_giou_aux_2: 1.0205 (1.0047)  loss_giou_dn_0: 0.7847 (0.7582)  loss_giou_dn_1: 0.7053 (0.6748)  loss_giou_dn_2: 0.6966 (0.6647)  loss_vfl: 0.5198 (0.5355)  loss_vfl_aux_0: 0.5388 (0.5526)  loss_vfl_aux_1: 0.5264 (0.5439)  loss_vfl_aux_2: 0.5676 (0.5666)  loss_vfl_dn_0: 0.4666 (0.4763)  loss_vfl_dn_1: 0.4541 (0.4566)  loss_vfl_dn_2: 0.4517 (0.4517)  time: 1.0536  data: 0.0275  max mem: 11060
Epoch: [31]  [400/809]  eta: 0:08:12  lr: 0.000100  loss: 9.9921 (9.9616)  loss_bbox: 0.0739 (0.0848)  loss_bbox_aux_0: 0.0773 (0.0879)  loss_bbox_aux_1: 0.0791 (0.0862)  loss_bbox_aux_2: 0.0940 (0.1003)  loss_bbox_dn_0: 0.0500 (0.0549)  loss_bbox_dn_1: 0.0410 (0.0454)  loss_bbox_dn_2: 0.0392 (0.0441)  loss_giou: 0.9208 (0.9083)  loss_giou_aux_0: 0.9462 (0.9378)  loss_giou_aux_1: 0.9294 (0.9182)  loss_giou_aux_2: 0.9968 (1.0019)  loss_giou_dn_0: 0.7660 (0.7586)  loss_giou_dn_1: 0.6829 (0.6758)  loss_giou_dn_2: 0.6737 (0.6657)  loss_vfl: 0.5094 (0.5378)  loss_vfl_aux_0: 0.5336 (0.5545)  loss_vfl_aux_1: 0.5302 (0.5464)  loss_vfl_aux_2: 0.5485 (0.5679)  loss_vfl_dn_0: 0.4749 (0.4766)  loss_vfl_dn_1: 0.4547 (0.4568)  loss_vfl_dn_2: 0.4487 (0.4518)  time: 1.2523  data: 0.0312  max mem: 11060
Epoch: [31]  [500/809]  eta: 0:06:14  lr: 0.000100  loss: 9.9153 (9.9639)  loss_bbox: 0.0809 (0.0842)  loss_bbox_aux_0: 0.0884 (0.0872)  loss_bbox_aux_1: 0.0818 (0.0854)  loss_bbox_aux_2: 0.0986 (0.0995)  loss_bbox_dn_0: 0.0526 (0.0547)  loss_bbox_dn_1: 0.0419 (0.0453)  loss_bbox_dn_2: 0.0412 (0.0440)  loss_giou: 0.9021 (0.9099)  loss_giou_aux_0: 0.9345 (0.9391)  loss_giou_aux_1: 0.9178 (0.9195)  loss_giou_aux_2: 1.0027 (1.0027)  loss_giou_dn_0: 0.7517 (0.7599)  loss_giou_dn_1: 0.6737 (0.6777)  loss_giou_dn_2: 0.6676 (0.6676)  loss_vfl: 0.5149 (0.5365)  loss_vfl_aux_0: 0.5463 (0.5535)  loss_vfl_aux_1: 0.5297 (0.5452)  loss_vfl_aux_2: 0.5486 (0.5674)  loss_vfl_dn_0: 0.4753 (0.4763)  loss_vfl_dn_1: 0.4537 (0.4565)  loss_vfl_dn_2: 0.4518 (0.4518)  time: 1.2120  data: 0.0306  max mem: 11060
Epoch: [31]  [600/809]  eta: 0:04:13  lr: 0.000100  loss: 9.8064 (9.9478)  loss_bbox: 0.0678 (0.0837)  loss_bbox_aux_0: 0.0693 (0.0866)  loss_bbox_aux_1: 0.0678 (0.0848)  loss_bbox_aux_2: 0.0823 (0.0987)  loss_bbox_dn_0: 0.0500 (0.0547)  loss_bbox_dn_1: 0.0415 (0.0453)  loss_bbox_dn_2: 0.0407 (0.0441)  loss_giou: 0.8639 (0.9068)  loss_giou_aux_0: 0.8775 (0.9356)  loss_giou_aux_1: 0.8700 (0.9163)  loss_giou_aux_2: 0.9182 (0.9989)  loss_giou_dn_0: 0.7539 (0.7590)  loss_giou_dn_1: 0.6807 (0.6772)  loss_giou_dn_2: 0.6712 (0.6672)  loss_vfl: 0.5571 (0.5371)  loss_vfl_aux_0: 0.5708 (0.5538)  loss_vfl_aux_1: 0.5688 (0.5457)  loss_vfl_aux_2: 0.5837 (0.5681)  loss_vfl_dn_0: 0.4766 (0.4763)  loss_vfl_dn_1: 0.4565 (0.4564)  loss_vfl_dn_2: 0.4534 (0.4516)  time: 1.2193  data: 0.0302  max mem: 11060
Epoch: [31]  [700/809]  eta: 0:02:12  lr: 0.000100  loss: 9.8964 (9.9452)  loss_bbox: 0.0785 (0.0838)  loss_bbox_aux_0: 0.0768 (0.0868)  loss_bbox_aux_1: 0.0805 (0.0849)  loss_bbox_aux_2: 0.0884 (0.0989)  loss_bbox_dn_0: 0.0597 (0.0554)  loss_bbox_dn_1: 0.0487 (0.0458)  loss_bbox_dn_2: 0.0476 (0.0446)  loss_giou: 0.8572 (0.9035)  loss_giou_aux_0: 0.8803 (0.9323)  loss_giou_aux_1: 0.8697 (0.9127)  loss_giou_aux_2: 0.9259 (0.9952)  loss_giou_dn_0: 0.7640 (0.7590)  loss_giou_dn_1: 0.6687 (0.6770)  loss_giou_dn_2: 0.6518 (0.6669)  loss_vfl: 0.5654 (0.5390)  loss_vfl_aux_0: 0.6011 (0.5557)  loss_vfl_aux_1: 0.5868 (0.5475)  loss_vfl_aux_2: 0.6017 (0.5707)  loss_vfl_dn_0: 0.4835 (0.4768)  loss_vfl_dn_1: 0.4561 (0.4568)  loss_vfl_dn_2: 0.4490 (0.4519)  time: 1.1778  data: 0.0300  max mem: 11060
Epoch: [31]  [800/809]  eta: 0:00:10  lr: 0.000100  loss: 9.9129 (9.9475)  loss_bbox: 0.0763 (0.0842)  loss_bbox_aux_0: 0.0859 (0.0874)  loss_bbox_aux_1: 0.0762 (0.0854)  loss_bbox_aux_2: 0.0914 (0.0992)  loss_bbox_dn_0: 0.0488 (0.0552)  loss_bbox_dn_1: 0.0409 (0.0457)  loss_bbox_dn_2: 0.0395 (0.0444)  loss_giou: 0.9703 (0.9053)  loss_giou_aux_0: 0.9888 (0.9338)  loss_giou_aux_1: 0.9512 (0.9142)  loss_giou_aux_2: 1.0405 (0.9955)  loss_giou_dn_0: 0.7643 (0.7588)  loss_giou_dn_1: 0.6886 (0.6772)  loss_giou_dn_2: 0.6785 (0.6672)  loss_vfl: 0.5011 (0.5378)  loss_vfl_aux_0: 0.5096 (0.5546)  loss_vfl_aux_1: 0.5045 (0.5465)  loss_vfl_aux_2: 0.5465 (0.5702)  loss_vfl_dn_0: 0.4735 (0.4767)  loss_vfl_dn_1: 0.4541 (0.4566)  loss_vfl_dn_2: 0.4496 (0.4517)  time: 1.1827  data: 0.0339  max mem: 11060
Epoch: [31]  [808/809]  eta: 0:00:01  lr: 0.000100  loss: 9.7058 (9.9444)  loss_bbox: 0.0763 (0.0842)  loss_bbox_aux_0: 0.0837 (0.0874)  loss_bbox_aux_1: 0.0771 (0.0854)  loss_bbox_aux_2: 0.1037 (0.0992)  loss_bbox_dn_0: 0.0518 (0.0552)  loss_bbox_dn_1: 0.0450 (0.0457)  loss_bbox_dn_2: 0.0446 (0.0445)  loss_giou: 0.8798 (0.9043)  loss_giou_aux_0: 0.8884 (0.9328)  loss_giou_aux_1: 0.8783 (0.9131)  loss_giou_aux_2: 0.9289 (0.9945)  loss_giou_dn_0: 0.7161 (0.7583)  loss_giou_dn_1: 0.6323 (0.6765)  loss_giou_dn_2: 0.6219 (0.6665)  loss_vfl: 0.5723 (0.5384)  loss_vfl_aux_0: 0.5767 (0.5552)  loss_vfl_aux_1: 0.5748 (0.5472)  loss_vfl_aux_2: 0.6095 (0.5708)  loss_vfl_dn_0: 0.4869 (0.4768)  loss_vfl_dn_1: 0.4645 (0.4567)  loss_vfl_dn_2: 0.4591 (0.4518)  time: 1.0314  data: 0.0280  max mem: 11060
Epoch: [31] Total time: 0:16:20 (1.2117 s / it)
Averaged stats: lr: 0.000100  loss: 9.7058 (9.9444)  loss_bbox: 0.0763 (0.0842)  loss_bbox_aux_0: 0.0837 (0.0874)  loss_bbox_aux_1: 0.0771 (0.0854)  loss_bbox_aux_2: 0.1037 (0.0992)  loss_bbox_dn_0: 0.0518 (0.0552)  loss_bbox_dn_1: 0.0450 (0.0457)  loss_bbox_dn_2: 0.0446 (0.0445)  loss_giou: 0.8798 (0.9043)  loss_giou_aux_0: 0.8884 (0.9328)  loss_giou_aux_1: 0.8783 (0.9131)  loss_giou_aux_2: 0.9289 (0.9945)  loss_giou_dn_0: 0.7161 (0.7583)  loss_giou_dn_1: 0.6323 (0.6765)  loss_giou_dn_2: 0.6219 (0.6665)  loss_vfl: 0.5723 (0.5384)  loss_vfl_aux_0: 0.5767 (0.5552)  loss_vfl_aux_1: 0.5748 (0.5472)  loss_vfl_aux_2: 0.6095 (0.5708)  loss_vfl_dn_0: 0.4869 (0.4768)  loss_vfl_dn_1: 0.4645 (0.4567)  loss_vfl_dn_2: 0.4591 (0.4518)
Test:  [ 0/69]  eta: 0:01:33    time: 1.3506  data: 0.7235  max mem: 11060
Test:  [10/69]  eta: 0:00:44    time: 0.7552  data: 0.0879  max mem: 11060
Test:  [20/69]  eta: 0:00:39    time: 0.7757  data: 0.0248  max mem: 11060
Test:  [30/69]  eta: 0:00:29    time: 0.7617  data: 0.0258  max mem: 11060
Test:  [40/69]  eta: 0:00:21    time: 0.6639  data: 0.0267  max mem: 11060
Test:  [50/69]  eta: 0:00:13    time: 0.6522  data: 0.0267  max mem: 11060
Test:  [60/69]  eta: 0:00:06    time: 0.6177  data: 0.0256  max mem: 11060
Test:  [68/69]  eta: 0:00:00    time: 0.6107  data: 0.0231  max mem: 11060
Test: Total time: 0:00:47 (0.6914 s / it)
Averaged stats: 
Accumulating evaluation results...
DONE (t=2.36s).
IoU metric: bbox
 Average Precision  (AP) @[ IoU=0.50:0.95 | area=   all | maxDets=100 ] = 0.217
 Average Precision  (AP) @[ IoU=0.50      | area=   all | maxDets=100 ] = 0.354
 Average Precision  (AP) @[ IoU=0.75      | area=   all | maxDets=100 ] = 0.222
 Average Precision  (AP) @[ IoU=0.50:0.95 | area= small | maxDets=100 ] = 0.146
 Average Precision  (AP) @[ IoU=0.50:0.95 | area=medium | maxDets=100 ] = 0.291
 Average Precision  (AP) @[ IoU=0.50:0.95 | area= large | maxDets=100 ] = 0.411
 Average Recall     (AR) @[ IoU=0.50:0.95 | area=   all | maxDets=  1 ] = 0.099
 Average Recall     (AR) @[ IoU=0.50:0.95 | area=   all | maxDets= 10 ] = 0.276
 Average Recall     (AR) @[ IoU=0.50:0.95 | area=   all | maxDets=100 ] = 0.380
 Average Recall     (AR) @[ IoU=0.50:0.95 | area= small | maxDets=100 ] = 0.300
 Average Recall     (AR) @[ IoU=0.50:0.95 | area=medium | maxDets=100 ] = 0.481
 Average Recall     (AR) @[ IoU=0.50:0.95 | area= large | maxDets=100 ] = 0.588
best_stat:  {'epoch': 31, 'coco_eval_bbox': 0.21737477383603565}
Epoch: [32]  [  0/809]  eta: 1:34:14  lr: 0.000100  loss: 9.3180 (9.3180)  loss_bbox: 0.0598 (0.0598)  loss_bbox_aux_0: 0.0638 (0.0638)  loss_bbox_aux_1: 0.0610 (0.0610)  loss_bbox_aux_2: 0.0790 (0.0790)  loss_bbox_dn_0: 0.0554 (0.0554)  loss_bbox_dn_1: 0.0438 (0.0438)  loss_bbox_dn_2: 0.0412 (0.0412)  loss_giou: 0.8490 (0.8490)  loss_giou_aux_0: 0.8905 (0.8905)  loss_giou_aux_1: 0.8566 (0.8566)  loss_giou_aux_2: 0.9312 (0.9312)  loss_giou_dn_0: 0.7457 (0.7457)  loss_giou_dn_1: 0.6569 (0.6569)  loss_giou_dn_2: 0.6429 (0.6429)  loss_vfl: 0.4821 (0.4821)  loss_vfl_aux_0: 0.4764 (0.4764)  loss_vfl_aux_1: 0.4860 (0.4860)  loss_vfl_aux_2: 0.5293 (0.5293)  loss_vfl_dn_0: 0.4757 (0.4757)  loss_vfl_dn_1: 0.4482 (0.4482)  loss_vfl_dn_2: 0.4436 (0.4436)  time: 6.9898  data: 4.5045  max mem: 11060
Epoch: [32]  [100/809]  eta: 0:14:31  lr: 0.000100  loss: 9.7737 (9.8000)  loss_bbox: 0.0739 (0.0771)  loss_bbox_aux_0: 0.0763 (0.0802)  loss_bbox_aux_1: 0.0746 (0.0782)  loss_bbox_aux_2: 0.0859 (0.0913)  loss_bbox_dn_0: 0.0532 (0.0547)  loss_bbox_dn_1: 0.0457 (0.0452)  loss_bbox_dn_2: 0.0454 (0.0439)  loss_giou: 0.8578 (0.8738)  loss_giou_aux_0: 0.8927 (0.9028)  loss_giou_aux_1: 0.8720 (0.8807)  loss_giou_aux_2: 0.9456 (0.9585)  loss_giou_dn_0: 0.7387 (0.7474)  loss_giou_dn_1: 0.6647 (0.6677)  loss_giou_dn_2: 0.6512 (0.6581)  loss_vfl: 0.5427 (0.5462)  loss_vfl_aux_0: 0.5585 (0.5647)  loss_vfl_aux_1: 0.5542 (0.5562)  loss_vfl_aux_2: 0.5857 (0.5808)  loss_vfl_dn_0: 0.4777 (0.4801)  loss_vfl_dn_1: 0.4535 (0.4587)  loss_vfl_dn_2: 0.4486 (0.4536)  time: 1.2536  data: 0.0320  max mem: 11060
Epoch: [32]  [200/809]  eta: 0:12:28  lr: 0.000100  loss: 9.8203 (9.9085)  loss_bbox: 0.0754 (0.0818)  loss_bbox_aux_0: 0.0793 (0.0849)  loss_bbox_aux_1: 0.0759 (0.0831)  loss_bbox_aux_2: 0.0868 (0.0960)  loss_bbox_dn_0: 0.0535 (0.0544)  loss_bbox_dn_1: 0.0438 (0.0450)  loss_bbox_dn_2: 0.0433 (0.0438)  loss_giou: 0.8579 (0.8997)  loss_giou_aux_0: 0.8918 (0.9283)  loss_giou_aux_1: 0.8692 (0.9076)  loss_giou_aux_2: 0.9533 (0.9866)  loss_giou_dn_0: 0.7395 (0.7562)  loss_giou_dn_1: 0.6579 (0.6769)  loss_giou_dn_2: 0.6514 (0.6675)  loss_vfl: 0.5554 (0.5379)  loss_vfl_aux_0: 0.5610 (0.5550)  loss_vfl_aux_1: 0.5585 (0.5466)  loss_vfl_aux_2: 0.5918 (0.5712)  loss_vfl_dn_0: 0.4740 (0.4779)  loss_vfl_dn_1: 0.4489 (0.4566)  loss_vfl_dn_2: 0.4443 (0.4514)  time: 1.2499  data: 0.0338  max mem: 11060
Epoch: [32]  [300/809]  eta: 0:10:19  lr: 0.000100  loss: 9.4862 (9.8973)  loss_bbox: 0.0767 (0.0831)  loss_bbox_aux_0: 0.0787 (0.0861)  loss_bbox_aux_1: 0.0735 (0.0844)  loss_bbox_aux_2: 0.0930 (0.0970)  loss_bbox_dn_0: 0.0489 (0.0546)  loss_bbox_dn_1: 0.0401 (0.0453)  loss_bbox_dn_2: 0.0389 (0.0441)  loss_giou: 0.8319 (0.9007)  loss_giou_aux_0: 0.8516 (0.9284)  loss_giou_aux_1: 0.8338 (0.9086)  loss_giou_aux_2: 0.9208 (0.9866)  loss_giou_dn_0: 0.7086 (0.7527)  loss_giou_dn_1: 0.6351 (0.6739)  loss_giou_dn_2: 0.6180 (0.6643)  loss_vfl: 0.5411 (0.5348)  loss_vfl_aux_0: 0.5571 (0.5527)  loss_vfl_aux_1: 0.5386 (0.5436)  loss_vfl_aux_2: 0.5720 (0.5703)  loss_vfl_dn_0: 0.4777 (0.4782)  loss_vfl_dn_1: 0.4468 (0.4564)  loss_vfl_dn_2: 0.4407 (0.4514)  time: 1.1873  data: 0.0311  max mem: 11060
Epoch: [32]  [400/809]  eta: 0:08:13  lr: 0.000100  loss: 9.3388 (9.8753)  loss_bbox: 0.0738 (0.0816)  loss_bbox_aux_0: 0.0754 (0.0847)  loss_bbox_aux_1: 0.0735 (0.0827)  loss_bbox_aux_2: 0.0914 (0.0957)  loss_bbox_dn_0: 0.0526 (0.0543)  loss_bbox_dn_1: 0.0432 (0.0450)  loss_bbox_dn_2: 0.0419 (0.0438)  loss_giou: 0.7889 (0.8938)  loss_giou_aux_0: 0.8285 (0.9217)  loss_giou_aux_1: 0.8049 (0.9021)  loss_giou_aux_2: 0.8933 (0.9806)  loss_giou_dn_0: 0.7308 (0.7519)  loss_giou_dn_1: 0.6388 (0.6724)  loss_giou_dn_2: 0.6320 (0.6627)  loss_vfl: 0.5342 (0.5384)  loss_vfl_aux_0: 0.5582 (0.5563)  loss_vfl_aux_1: 0.5472 (0.5475)  loss_vfl_aux_2: 0.5658 (0.5726)  loss_vfl_dn_0: 0.4810 (0.4784)  loss_vfl_dn_1: 0.4548 (0.4569)  loss_vfl_dn_2: 0.4478 (0.4520)  time: 1.1510  data: 0.0314  max mem: 11060
Epoch: [32]  [500/809]  eta: 0:06:15  lr: 0.000100  loss: 10.2130 (9.9072)  loss_bbox: 0.0798 (0.0819)  loss_bbox_aux_0: 0.0868 (0.0852)  loss_bbox_aux_1: 0.0808 (0.0831)  loss_bbox_aux_2: 0.0963 (0.0962)  loss_bbox_dn_0: 0.0485 (0.0541)  loss_bbox_dn_1: 0.0387 (0.0448)  loss_bbox_dn_2: 0.0377 (0.0436)  loss_giou: 0.9354 (0.9012)  loss_giou_aux_0: 1.0039 (0.9296)  loss_giou_aux_1: 0.9652 (0.9097)  loss_giou_aux_2: 1.0758 (0.9884)  loss_giou_dn_0: 0.7686 (0.7551)  loss_giou_dn_1: 0.6991 (0.6753)  loss_giou_dn_2: 0.6961 (0.6657)  loss_vfl: 0.5067 (0.5367)  loss_vfl_aux_0: 0.5278 (0.5545)  loss_vfl_aux_1: 0.5181 (0.5455)  loss_vfl_aux_2: 0.5332 (0.5706)  loss_vfl_dn_0: 0.4663 (0.4776)  loss_vfl_dn_1: 0.4470 (0.4566)  loss_vfl_dn_2: 0.4446 (0.4518)  time: 1.2889  data: 0.0308  max mem: 11060
Epoch: [32]  [600/809]  eta: 0:04:14  lr: 0.000100  loss: 10.0001 (9.9127)  loss_bbox: 0.0893 (0.0816)  loss_bbox_aux_0: 0.0913 (0.0850)  loss_bbox_aux_1: 0.0866 (0.0828)  loss_bbox_aux_2: 0.0987 (0.0959)  loss_bbox_dn_0: 0.0521 (0.0544)  loss_bbox_dn_1: 0.0466 (0.0451)  loss_bbox_dn_2: 0.0454 (0.0439)  loss_giou: 0.9208 (0.8998)  loss_giou_aux_0: 0.9604 (0.9287)  loss_giou_aux_1: 0.9249 (0.9083)  loss_giou_aux_2: 1.0039 (0.9872)  loss_giou_dn_0: 0.7749 (0.7563)  loss_giou_dn_1: 0.6933 (0.6762)  loss_giou_dn_2: 0.6808 (0.6664)  loss_vfl: 0.5374 (0.5388)  loss_vfl_aux_0: 0.5444 (0.5561)  loss_vfl_aux_1: 0.5443 (0.5477)  loss_vfl_aux_2: 0.5576 (0.5722)  loss_vfl_dn_0: 0.4716 (0.4775)  loss_vfl_dn_1: 0.4601 (0.4568)  loss_vfl_dn_2: 0.4556 (0.4519)  time: 1.1918  data: 0.0314  max mem: 11060
Epoch: [32]  [700/809]  eta: 0:02:10  lr: 0.000100  loss: 10.0149 (9.9177)  loss_bbox: 0.0722 (0.0822)  loss_bbox_aux_0: 0.0759 (0.0856)  loss_bbox_aux_1: 0.0730 (0.0834)  loss_bbox_aux_2: 0.0856 (0.0965)  loss_bbox_dn_0: 0.0581 (0.0542)  loss_bbox_dn_1: 0.0455 (0.0450)  loss_bbox_dn_2: 0.0429 (0.0438)  loss_giou: 0.8634 (0.9013)  loss_giou_aux_0: 0.9119 (0.9307)  loss_giou_aux_1: 0.8769 (0.9099)  loss_giou_aux_2: 0.9777 (0.9888)  loss_giou_dn_0: 0.7720 (0.7562)  loss_giou_dn_1: 0.6983 (0.6766)  loss_giou_dn_2: 0.6875 (0.6669)  loss_vfl: 0.5391 (0.5379)  loss_vfl_aux_0: 0.5574 (0.5552)  loss_vfl_aux_1: 0.5508 (0.5465)  loss_vfl_aux_2: 0.5687 (0.5716)  loss_vfl_dn_0: 0.4716 (0.4773)  loss_vfl_dn_1: 0.4496 (0.4565)  loss_vfl_dn_2: 0.4436 (0.4517)  time: 1.0637  data: 0.0267  max mem: 11060
Epoch: [32]  [800/809]  eta: 0:00:10  lr: 0.000100  loss: 10.0555 (9.9286)  loss_bbox: 0.0735 (0.0823)  loss_bbox_aux_0: 0.0741 (0.0857)  loss_bbox_aux_1: 0.0725 (0.0835)  loss_bbox_aux_2: 0.0845 (0.0965)  loss_bbox_dn_0: 0.0479 (0.0540)  loss_bbox_dn_1: 0.0401 (0.0449)  loss_bbox_dn_2: 0.0386 (0.0437)  loss_giou: 0.9072 (0.9046)  loss_giou_aux_0: 0.9303 (0.9336)  loss_giou_aux_1: 0.9150 (0.9131)  loss_giou_aux_2: 1.0141 (0.9922)  loss_giou_dn_0: 0.7655 (0.7573)  loss_giou_dn_1: 0.6849 (0.6779)  loss_giou_dn_2: 0.6768 (0.6682)  loss_vfl: 0.5215 (0.5365)  loss_vfl_aux_0: 0.5432 (0.5542)  loss_vfl_aux_1: 0.5295 (0.5453)  loss_vfl_aux_2: 0.5581 (0.5704)  loss_vfl_dn_0: 0.4747 (0.4771)  loss_vfl_dn_1: 0.4530 (0.4562)  loss_vfl_dn_2: 0.4507 (0.4514)  time: 1.2484  data: 0.0350  max mem: 11060
Epoch: [32]  [808/809]  eta: 0:00:01  lr: 0.000100  loss: 9.8232 (9.9245)  loss_bbox: 0.0730 (0.0823)  loss_bbox_aux_0: 0.0746 (0.0856)  loss_bbox_aux_1: 0.0752 (0.0835)  loss_bbox_aux_2: 0.0891 (0.0965)  loss_bbox_dn_0: 0.0486 (0.0541)  loss_bbox_dn_1: 0.0401 (0.0449)  loss_bbox_dn_2: 0.0379 (0.0437)  loss_giou: 0.8866 (0.9039)  loss_giou_aux_0: 0.9022 (0.9328)  loss_giou_aux_1: 0.8935 (0.9123)  loss_giou_aux_2: 0.9890 (0.9916)  loss_giou_dn_0: 0.7592 (0.7569)  loss_giou_dn_1: 0.6743 (0.6774)  loss_giou_dn_2: 0.6647 (0.6677)  loss_vfl: 0.5276 (0.5366)  loss_vfl_aux_0: 0.5505 (0.5543)  loss_vfl_aux_1: 0.5372 (0.5454)  loss_vfl_aux_2: 0.5654 (0.5705)  loss_vfl_dn_0: 0.4747 (0.4771)  loss_vfl_dn_1: 0.4529 (0.4561)  loss_vfl_dn_2: 0.4451 (0.4513)  time: 1.0816  data: 0.0304  max mem: 11060
Epoch: [32] Total time: 0:16:04 (1.1928 s / it)
Averaged stats: lr: 0.000100  loss: 9.8232 (9.9245)  loss_bbox: 0.0730 (0.0823)  loss_bbox_aux_0: 0.0746 (0.0856)  loss_bbox_aux_1: 0.0752 (0.0835)  loss_bbox_aux_2: 0.0891 (0.0965)  loss_bbox_dn_0: 0.0486 (0.0541)  loss_bbox_dn_1: 0.0401 (0.0449)  loss_bbox_dn_2: 0.0379 (0.0437)  loss_giou: 0.8866 (0.9039)  loss_giou_aux_0: 0.9022 (0.9328)  loss_giou_aux_1: 0.8935 (0.9123)  loss_giou_aux_2: 0.9890 (0.9916)  loss_giou_dn_0: 0.7592 (0.7569)  loss_giou_dn_1: 0.6743 (0.6774)  loss_giou_dn_2: 0.6647 (0.6677)  loss_vfl: 0.5276 (0.5366)  loss_vfl_aux_0: 0.5505 (0.5543)  loss_vfl_aux_1: 0.5372 (0.5454)  loss_vfl_aux_2: 0.5654 (0.5705)  loss_vfl_dn_0: 0.4747 (0.4771)  loss_vfl_dn_1: 0.4529 (0.4561)  loss_vfl_dn_2: 0.4451 (0.4513)
Test:  [ 0/69]  eta: 0:02:03    time: 1.7827  data: 1.1252  max mem: 11060
Test:  [10/69]  eta: 0:00:46    time: 0.7966  data: 0.1224  max mem: 11060
Test:  [20/69]  eta: 0:00:38    time: 0.7252  data: 0.0233  max mem: 11060
Test:  [30/69]  eta: 0:00:29    time: 0.7192  data: 0.0263  max mem: 11060
Test:  [40/69]  eta: 0:00:21    time: 0.7192  data: 0.0262  max mem: 11060
Test:  [50/69]  eta: 0:00:13    time: 0.6910  data: 0.0241  max mem: 11060
Test:  [60/69]  eta: 0:00:06    time: 0.6274  data: 0.0248  max mem: 11060
Test:  [68/69]  eta: 0:00:00    time: 0.6374  data: 0.0248  max mem: 11060
Test: Total time: 0:00:48 (0.7052 s / it)
Averaged stats: 
Accumulating evaluation results...
DONE (t=2.37s).
IoU metric: bbox
 Average Precision  (AP) @[ IoU=0.50:0.95 | area=   all | maxDets=100 ] = 0.219
 Average Precision  (AP) @[ IoU=0.50      | area=   all | maxDets=100 ] = 0.357
 Average Precision  (AP) @[ IoU=0.75      | area=   all | maxDets=100 ] = 0.224
 Average Precision  (AP) @[ IoU=0.50:0.95 | area= small | maxDets=100 ] = 0.148
 Average Precision  (AP) @[ IoU=0.50:0.95 | area=medium | maxDets=100 ] = 0.294
 Average Precision  (AP) @[ IoU=0.50:0.95 | area= large | maxDets=100 ] = 0.403
 Average Recall     (AR) @[ IoU=0.50:0.95 | area=   all | maxDets=  1 ] = 0.099
 Average Recall     (AR) @[ IoU=0.50:0.95 | area=   all | maxDets= 10 ] = 0.277
 Average Recall     (AR) @[ IoU=0.50:0.95 | area=   all | maxDets=100 ] = 0.382
 Average Recall     (AR) @[ IoU=0.50:0.95 | area= small | maxDets=100 ] = 0.301
 Average Recall     (AR) @[ IoU=0.50:0.95 | area=medium | maxDets=100 ] = 0.483
 Average Recall     (AR) @[ IoU=0.50:0.95 | area= large | maxDets=100 ] = 0.590
best_stat:  {'epoch': 32, 'coco_eval_bbox': 0.21921289298542834}
Epoch: [33]  [  0/809]  eta: 1:28:02  lr: 0.000100  loss: 11.2401 (11.2401)  loss_bbox: 0.2280 (0.2280)  loss_bbox_aux_0: 0.2320 (0.2320)  loss_bbox_aux_1: 0.2314 (0.2314)  loss_bbox_aux_2: 0.2492 (0.2492)  loss_bbox_dn_0: 0.0699 (0.0699)  loss_bbox_dn_1: 0.0571 (0.0571)  loss_bbox_dn_2: 0.0543 (0.0543)  loss_giou: 1.1601 (1.1601)  loss_giou_aux_0: 1.1822 (1.1822)  loss_giou_aux_1: 1.1696 (1.1696)  loss_giou_aux_2: 1.2563 (1.2563)  loss_giou_dn_0: 0.7240 (0.7240)  loss_giou_dn_1: 0.6457 (0.6457)  loss_giou_dn_2: 0.6321 (0.6321)  loss_vfl: 0.4688 (0.4688)  loss_vfl_aux_0: 0.4707 (0.4707)  loss_vfl_aux_1: 0.4769 (0.4769)  loss_vfl_aux_2: 0.5054 (0.5054)  loss_vfl_dn_0: 0.4919 (0.4919)  loss_vfl_dn_1: 0.4714 (0.4714)  loss_vfl_dn_2: 0.4630 (0.4630)  time: 6.5295  data: 3.9243  max mem: 11060
Epoch: [33]  [100/809]  eta: 0:15:26  lr: 0.000100  loss: 10.1017 (10.0803)  loss_bbox: 0.0806 (0.0871)  loss_bbox_aux_0: 0.0813 (0.0927)  loss_bbox_aux_1: 0.0803 (0.0889)  loss_bbox_aux_2: 0.0953 (0.1036)  loss_bbox_dn_0: 0.0561 (0.0540)  loss_bbox_dn_1: 0.0470 (0.0448)  loss_bbox_dn_2: 0.0449 (0.0437)  loss_giou: 0.9551 (0.9352)  loss_giou_aux_0: 0.9865 (0.9680)  loss_giou_aux_1: 0.9655 (0.9450)  loss_giou_aux_2: 1.0201 (1.0230)  loss_giou_dn_0: 0.7906 (0.7625)  loss_giou_dn_1: 0.7072 (0.6844)  loss_giou_dn_2: 0.6965 (0.6747)  loss_vfl: 0.5349 (0.5330)  loss_vfl_aux_0: 0.5306 (0.5453)  loss_vfl_aux_1: 0.5366 (0.5400)  loss_vfl_aux_2: 0.5465 (0.5626)  loss_vfl_dn_0: 0.4749 (0.4779)  loss_vfl_dn_1: 0.4572 (0.4592)  loss_vfl_dn_2: 0.4550 (0.4546)  time: 1.2396  data: 0.0357  max mem: 11060
Epoch: [33]  [200/809]  eta: 0:12:45  lr: 0.000100  loss: 9.9796 (10.0250)  loss_bbox: 0.0883 (0.0864)  loss_bbox_aux_0: 0.0920 (0.0915)  loss_bbox_aux_1: 0.0908 (0.0882)  loss_bbox_aux_2: 0.1025 (0.1030)  loss_bbox_dn_0: 0.0492 (0.0550)  loss_bbox_dn_1: 0.0409 (0.0457)  loss_bbox_dn_2: 0.0396 (0.0444)  loss_giou: 0.8844 (0.9190)  loss_giou_aux_0: 0.9388 (0.9515)  loss_giou_aux_1: 0.8929 (0.9281)  loss_giou_aux_2: 0.9710 (1.0075)  loss_giou_dn_0: 0.7561 (0.7560)  loss_giou_dn_1: 0.6778 (0.6762)  loss_giou_dn_2: 0.6645 (0.6661)  loss_vfl: 0.5288 (0.5396)  loss_vfl_aux_0: 0.5232 (0.5536)  loss_vfl_aux_1: 0.5330 (0.5473)  loss_vfl_aux_2: 0.5503 (0.5726)  loss_vfl_dn_0: 0.4785 (0.4793)  loss_vfl_dn_1: 0.4594 (0.4592)  loss_vfl_dn_2: 0.4548 (0.4547)  time: 1.2354  data: 0.0374  max mem: 11060
Epoch: [33]  [300/809]  eta: 0:10:36  lr: 0.000100  loss: 9.7147 (9.9835)  loss_bbox: 0.0696 (0.0846)  loss_bbox_aux_0: 0.0746 (0.0897)  loss_bbox_aux_1: 0.0711 (0.0863)  loss_bbox_aux_2: 0.0795 (0.1013)  loss_bbox_dn_0: 0.0551 (0.0542)  loss_bbox_dn_1: 0.0444 (0.0450)  loss_bbox_dn_2: 0.0421 (0.0438)  loss_giou: 0.8643 (0.9155)  loss_giou_aux_0: 0.8902 (0.9472)  loss_giou_aux_1: 0.8696 (0.9242)  loss_giou_aux_2: 0.9555 (1.0048)  loss_giou_dn_0: 0.7636 (0.7558)  loss_giou_dn_1: 0.6697 (0.6759)  loss_giou_dn_2: 0.6572 (0.6662)  loss_vfl: 0.5380 (0.5367)  loss_vfl_aux_0: 0.5435 (0.5509)  loss_vfl_aux_1: 0.5457 (0.5446)  loss_vfl_aux_2: 0.5557 (0.5692)  loss_vfl_dn_0: 0.4747 (0.4778)  loss_vfl_dn_1: 0.4548 (0.4572)  loss_vfl_dn_2: 0.4517 (0.4525)  time: 1.2415  data: 0.0292  max mem: 11060
Epoch: [33]  [400/809]  eta: 0:08:26  lr: 0.000100  loss: 10.0378 (9.9709)  loss_bbox: 0.0817 (0.0839)  loss_bbox_aux_0: 0.0845 (0.0888)  loss_bbox_aux_1: 0.0850 (0.0856)  loss_bbox_aux_2: 0.1023 (0.1008)  loss_bbox_dn_0: 0.0505 (0.0544)  loss_bbox_dn_1: 0.0427 (0.0451)  loss_bbox_dn_2: 0.0420 (0.0439)  loss_giou: 0.9337 (0.9127)  loss_giou_aux_0: 0.9754 (0.9440)  loss_giou_aux_1: 0.9352 (0.9214)  loss_giou_aux_2: 1.0206 (1.0026)  loss_giou_dn_0: 0.7753 (0.7564)  loss_giou_dn_1: 0.6947 (0.6761)  loss_giou_dn_2: 0.6886 (0.6664)  loss_vfl: 0.4933 (0.5372)  loss_vfl_aux_0: 0.5166 (0.5514)  loss_vfl_aux_1: 0.5066 (0.5451)  loss_vfl_aux_2: 0.5455 (0.5688)  loss_vfl_dn_0: 0.4758 (0.4776)  loss_vfl_dn_1: 0.4545 (0.4568)  loss_vfl_dn_2: 0.4509 (0.4519)  time: 1.2153  data: 0.0341  max mem: 11060
Epoch: [33]  [500/809]  eta: 0:06:14  lr: 0.000100  loss: 9.9234 (9.9291)  loss_bbox: 0.0725 (0.0831)  loss_bbox_aux_0: 0.0742 (0.0878)  loss_bbox_aux_1: 0.0726 (0.0847)  loss_bbox_aux_2: 0.0865 (0.1002)  loss_bbox_dn_0: 0.0493 (0.0548)  loss_bbox_dn_1: 0.0392 (0.0454)  loss_bbox_dn_2: 0.0381 (0.0441)  loss_giou: 0.9270 (0.9044)  loss_giou_aux_0: 0.9631 (0.9352)  loss_giou_aux_1: 0.9376 (0.9131)  loss_giou_aux_2: 1.0101 (0.9958)  loss_giou_dn_0: 0.7918 (0.7546)  loss_giou_dn_1: 0.7018 (0.6743)  loss_giou_dn_2: 0.6951 (0.6646)  loss_vfl: 0.5098 (0.5371)  loss_vfl_aux_0: 0.5568 (0.5520)  loss_vfl_aux_1: 0.5305 (0.5450)  loss_vfl_aux_2: 0.5613 (0.5687)  loss_vfl_dn_0: 0.4642 (0.4771)  loss_vfl_dn_1: 0.4484 (0.4561)  loss_vfl_dn_2: 0.4423 (0.4511)  time: 1.1045  data: 0.0270  max mem: 11060
Epoch: [33]  [600/809]  eta: 0:04:12  lr: 0.000100  loss: 10.0630 (9.9420)  loss_bbox: 0.0800 (0.0831)  loss_bbox_aux_0: 0.0816 (0.0875)  loss_bbox_aux_1: 0.0818 (0.0846)  loss_bbox_aux_2: 0.0925 (0.0997)  loss_bbox_dn_0: 0.0538 (0.0546)  loss_bbox_dn_1: 0.0476 (0.0452)  loss_bbox_dn_2: 0.0456 (0.0440)  loss_giou: 0.8610 (0.9083)  loss_giou_aux_0: 0.9007 (0.9384)  loss_giou_aux_1: 0.8790 (0.9169)  loss_giou_aux_2: 0.9568 (0.9988)  loss_giou_dn_0: 0.7450 (0.7568)  loss_giou_dn_1: 0.6645 (0.6764)  loss_giou_dn_2: 0.6519 (0.6666)  loss_vfl: 0.5328 (0.5356)  loss_vfl_aux_0: 0.5520 (0.5509)  loss_vfl_aux_1: 0.5464 (0.5436)  loss_vfl_aux_2: 0.5626 (0.5671)  loss_vfl_dn_0: 0.4750 (0.4769)  loss_vfl_dn_1: 0.4553 (0.4560)  loss_vfl_dn_2: 0.4512 (0.4510)  time: 1.1824  data: 0.0311  max mem: 11060
Epoch: [33]  [700/809]  eta: 0:02:11  lr: 0.000100  loss: 9.6722 (9.9223)  loss_bbox: 0.0685 (0.0823)  loss_bbox_aux_0: 0.0694 (0.0867)  loss_bbox_aux_1: 0.0694 (0.0838)  loss_bbox_aux_2: 0.0809 (0.0987)  loss_bbox_dn_0: 0.0561 (0.0543)  loss_bbox_dn_1: 0.0472 (0.0449)  loss_bbox_dn_2: 0.0466 (0.0437)  loss_giou: 0.8425 (0.9056)  loss_giou_aux_0: 0.8671 (0.9358)  loss_giou_aux_1: 0.8420 (0.9143)  loss_giou_aux_2: 0.9038 (0.9959)  loss_giou_dn_0: 0.7175 (0.7559)  loss_giou_dn_1: 0.6414 (0.6755)  loss_giou_dn_2: 0.6328 (0.6658)  loss_vfl: 0.5358 (0.5352)  loss_vfl_aux_0: 0.5480 (0.5507)  loss_vfl_aux_1: 0.5417 (0.5430)  loss_vfl_aux_2: 0.5713 (0.5668)  loss_vfl_dn_0: 0.4735 (0.4767)  loss_vfl_dn_1: 0.4550 (0.4559)  loss_vfl_dn_2: 0.4515 (0.4508)  time: 1.1912  data: 0.0340  max mem: 11060
Epoch: [33]  [800/809]  eta: 0:00:10  lr: 0.000100  loss: 9.4991 (9.9308)  loss_bbox: 0.0755 (0.0819)  loss_bbox_aux_0: 0.0761 (0.0862)  loss_bbox_aux_1: 0.0749 (0.0834)  loss_bbox_aux_2: 0.0900 (0.0983)  loss_bbox_dn_0: 0.0510 (0.0542)  loss_bbox_dn_1: 0.0429 (0.0449)  loss_bbox_dn_2: 0.0418 (0.0437)  loss_giou: 0.8457 (0.9071)  loss_giou_aux_0: 0.8591 (0.9371)  loss_giou_aux_1: 0.8527 (0.9156)  loss_giou_aux_2: 0.9305 (0.9970)  loss_giou_dn_0: 0.7395 (0.7579)  loss_giou_dn_1: 0.6549 (0.6772)  loss_giou_dn_2: 0.6445 (0.6675)  loss_vfl: 0.5271 (0.5355)  loss_vfl_aux_0: 0.5438 (0.5508)  loss_vfl_aux_1: 0.5408 (0.5436)  loss_vfl_aux_2: 0.5568 (0.5661)  loss_vfl_dn_0: 0.4707 (0.4764)  loss_vfl_dn_1: 0.4491 (0.4558)  loss_vfl_dn_2: 0.4440 (0.4507)  time: 1.1472  data: 0.0358  max mem: 11060
Epoch: [33]  [808/809]  eta: 0:00:01  lr: 0.000100  loss: 9.3485 (9.9274)  loss_bbox: 0.0755 (0.0819)  loss_bbox_aux_0: 0.0790 (0.0863)  loss_bbox_aux_1: 0.0755 (0.0834)  loss_bbox_aux_2: 0.0947 (0.0983)  loss_bbox_dn_0: 0.0537 (0.0543)  loss_bbox_dn_1: 0.0449 (0.0449)  loss_bbox_dn_2: 0.0446 (0.0437)  loss_giou: 0.8144 (0.9064)  loss_giou_aux_0: 0.8290 (0.9364)  loss_giou_aux_1: 0.8135 (0.9148)  loss_giou_aux_2: 0.9242 (0.9964)  loss_giou_dn_0: 0.7353 (0.7576)  loss_giou_dn_1: 0.6510 (0.6768)  loss_giou_dn_2: 0.6385 (0.6671)  loss_vfl: 0.5402 (0.5356)  loss_vfl_aux_0: 0.5616 (0.5508)  loss_vfl_aux_1: 0.5548 (0.5436)  loss_vfl_aux_2: 0.5818 (0.5663)  loss_vfl_dn_0: 0.4707 (0.4764)  loss_vfl_dn_1: 0.4491 (0.4558)  loss_vfl_dn_2: 0.4420 (0.4507)  time: 0.9880  data: 0.0302  max mem: 11060
Epoch: [33] Total time: 0:16:15 (1.2064 s / it)
Averaged stats: lr: 0.000100  loss: 9.3485 (9.9274)  loss_bbox: 0.0755 (0.0819)  loss_bbox_aux_0: 0.0790 (0.0863)  loss_bbox_aux_1: 0.0755 (0.0834)  loss_bbox_aux_2: 0.0947 (0.0983)  loss_bbox_dn_0: 0.0537 (0.0543)  loss_bbox_dn_1: 0.0449 (0.0449)  loss_bbox_dn_2: 0.0446 (0.0437)  loss_giou: 0.8144 (0.9064)  loss_giou_aux_0: 0.8290 (0.9364)  loss_giou_aux_1: 0.8135 (0.9148)  loss_giou_aux_2: 0.9242 (0.9964)  loss_giou_dn_0: 0.7353 (0.7576)  loss_giou_dn_1: 0.6510 (0.6768)  loss_giou_dn_2: 0.6385 (0.6671)  loss_vfl: 0.5402 (0.5356)  loss_vfl_aux_0: 0.5616 (0.5508)  loss_vfl_aux_1: 0.5548 (0.5436)  loss_vfl_aux_2: 0.5818 (0.5663)  loss_vfl_dn_0: 0.4707 (0.4764)  loss_vfl_dn_1: 0.4491 (0.4558)  loss_vfl_dn_2: 0.4420 (0.4507)
Test:  [ 0/69]  eta: 0:01:36    time: 1.3987  data: 0.7952  max mem: 11060
Test:  [10/69]  eta: 0:00:45    time: 0.7632  data: 0.0919  max mem: 11060
Test:  [20/69]  eta: 0:00:36    time: 0.7224  data: 0.0243  max mem: 11060
Test:  [30/69]  eta: 0:00:28    time: 0.7072  data: 0.0261  max mem: 11060
Test:  [40/69]  eta: 0:00:20    time: 0.6667  data: 0.0261  max mem: 11060
Test:  [50/69]  eta: 0:00:13    time: 0.7081  data: 0.0276  max mem: 11060
Test:  [60/69]  eta: 0:00:06    time: 0.6755  data: 0.0260  max mem: 11060
Test:  [68/69]  eta: 0:00:00    time: 0.6209  data: 0.0227  max mem: 11060
Test: Total time: 0:00:47 (0.6951 s / it)
Averaged stats: 
Accumulating evaluation results...
DONE (t=2.37s).
IoU metric: bbox
 Average Precision  (AP) @[ IoU=0.50:0.95 | area=   all | maxDets=100 ] = 0.221
 Average Precision  (AP) @[ IoU=0.50      | area=   all | maxDets=100 ] = 0.359
 Average Precision  (AP) @[ IoU=0.75      | area=   all | maxDets=100 ] = 0.226
 Average Precision  (AP) @[ IoU=0.50:0.95 | area= small | maxDets=100 ] = 0.150
 Average Precision  (AP) @[ IoU=0.50:0.95 | area=medium | maxDets=100 ] = 0.296
 Average Precision  (AP) @[ IoU=0.50:0.95 | area= large | maxDets=100 ] = 0.403
 Average Recall     (AR) @[ IoU=0.50:0.95 | area=   all | maxDets=  1 ] = 0.099
 Average Recall     (AR) @[ IoU=0.50:0.95 | area=   all | maxDets= 10 ] = 0.278
 Average Recall     (AR) @[ IoU=0.50:0.95 | area=   all | maxDets=100 ] = 0.383
 Average Recall     (AR) @[ IoU=0.50:0.95 | area= small | maxDets=100 ] = 0.303
 Average Recall     (AR) @[ IoU=0.50:0.95 | area=medium | maxDets=100 ] = 0.485
 Average Recall     (AR) @[ IoU=0.50:0.95 | area= large | maxDets=100 ] = 0.587
best_stat:  {'epoch': 33, 'coco_eval_bbox': 0.22054446957267917}
Epoch: [34]  [  0/809]  eta: 1:33:53  lr: 0.000100  loss: 8.7959 (8.7959)  loss_bbox: 0.0438 (0.0438)  loss_bbox_aux_0: 0.0499 (0.0499)  loss_bbox_aux_1: 0.0472 (0.0472)  loss_bbox_aux_2: 0.0652 (0.0652)  loss_bbox_dn_0: 0.0425 (0.0425)  loss_bbox_dn_1: 0.0363 (0.0363)  loss_bbox_dn_2: 0.0353 (0.0353)  loss_giou: 0.6660 (0.6660)  loss_giou_aux_0: 0.6916 (0.6916)  loss_giou_aux_1: 0.6725 (0.6725)  loss_giou_aux_2: 0.7850 (0.7850)  loss_giou_dn_0: 0.6192 (0.6192)  loss_giou_dn_1: 0.5434 (0.5434)  loss_giou_dn_2: 0.5352 (0.5352)  loss_vfl: 0.6196 (0.6196)  loss_vfl_aux_0: 0.6414 (0.6414)  loss_vfl_aux_1: 0.6313 (0.6313)  loss_vfl_aux_2: 0.6292 (0.6292)  loss_vfl_dn_0: 0.4933 (0.4933)  loss_vfl_dn_1: 0.4789 (0.4789)  loss_vfl_dn_2: 0.4691 (0.4691)  time: 6.9636  data: 3.2755  max mem: 11060
Epoch: [34]  [100/809]  eta: 0:15:10  lr: 0.000100  loss: 10.2577 (9.9315)  loss_bbox: 0.0880 (0.0875)  loss_bbox_aux_0: 0.0867 (0.0923)  loss_bbox_aux_1: 0.0889 (0.0885)  loss_bbox_aux_2: 0.0989 (0.1034)  loss_bbox_dn_0: 0.0529 (0.0547)  loss_bbox_dn_1: 0.0429 (0.0451)  loss_bbox_dn_2: 0.0424 (0.0439)  loss_giou: 0.9374 (0.9073)  loss_giou_aux_0: 0.9711 (0.9374)  loss_giou_aux_1: 0.9420 (0.9142)  loss_giou_aux_2: 1.0379 (1.0034)  loss_giou_dn_0: 0.7659 (0.7537)  loss_giou_dn_1: 0.6725 (0.6698)  loss_giou_dn_2: 0.6681 (0.6605)  loss_vfl: 0.5518 (0.5348)  loss_vfl_aux_0: 0.5522 (0.5479)  loss_vfl_aux_1: 0.5588 (0.5441)  loss_vfl_aux_2: 0.5671 (0.5594)  loss_vfl_dn_0: 0.4774 (0.4782)  loss_vfl_dn_1: 0.4541 (0.4557)  loss_vfl_dn_2: 0.4496 (0.4500)  time: 1.2210  data: 0.0331  max mem: 11060
Epoch: [34]  [200/809]  eta: 0:12:42  lr: 0.000100  loss: 9.6101 (9.8979)  loss_bbox: 0.0761 (0.0837)  loss_bbox_aux_0: 0.0806 (0.0878)  loss_bbox_aux_1: 0.0778 (0.0846)  loss_bbox_aux_2: 0.0861 (0.0983)  loss_bbox_dn_0: 0.0499 (0.0544)  loss_bbox_dn_1: 0.0421 (0.0448)  loss_bbox_dn_2: 0.0404 (0.0436)  loss_giou: 0.8348 (0.9001)  loss_giou_aux_0: 0.8527 (0.9282)  loss_giou_aux_1: 0.8400 (0.9060)  loss_giou_aux_2: 0.9245 (0.9931)  loss_giou_dn_0: 0.7302 (0.7522)  loss_giou_dn_1: 0.6483 (0.6696)  loss_giou_dn_2: 0.6353 (0.6602)  loss_vfl: 0.5582 (0.5384)  loss_vfl_aux_0: 0.5830 (0.5539)  loss_vfl_aux_1: 0.5689 (0.5478)  loss_vfl_aux_2: 0.5995 (0.5686)  loss_vfl_dn_0: 0.4824 (0.4778)  loss_vfl_dn_1: 0.4534 (0.4552)  loss_vfl_dn_2: 0.4502 (0.4497)  time: 1.2463  data: 0.0306  max mem: 11060
Epoch: [34]  [300/809]  eta: 0:10:12  lr: 0.000100  loss: 9.8581 (9.8785)  loss_bbox: 0.0844 (0.0820)  loss_bbox_aux_0: 0.0839 (0.0858)  loss_bbox_aux_1: 0.0855 (0.0831)  loss_bbox_aux_2: 0.0944 (0.0962)  loss_bbox_dn_0: 0.0539 (0.0538)  loss_bbox_dn_1: 0.0448 (0.0443)  loss_bbox_dn_2: 0.0436 (0.0432)  loss_giou: 0.8817 (0.8983)  loss_giou_aux_0: 0.9353 (0.9255)  loss_giou_aux_1: 0.8965 (0.9042)  loss_giou_aux_2: 0.9995 (0.9888)  loss_giou_dn_0: 0.7481 (0.7518)  loss_giou_dn_1: 0.6721 (0.6695)  loss_giou_dn_2: 0.6595 (0.6600)  loss_vfl: 0.5378 (0.5377)  loss_vfl_aux_0: 0.5474 (0.5546)  loss_vfl_aux_1: 0.5409 (0.5469)  loss_vfl_aux_2: 0.5631 (0.5687)  loss_vfl_dn_0: 0.4751 (0.4780)  loss_vfl_dn_1: 0.4578 (0.4558)  loss_vfl_dn_2: 0.4475 (0.4504)  time: 1.1703  data: 0.0294  max mem: 11060
Epoch: [34]  [400/809]  eta: 0:08:11  lr: 0.000100  loss: 9.8579 (9.8960)  loss_bbox: 0.0721 (0.0812)  loss_bbox_aux_0: 0.0739 (0.0848)  loss_bbox_aux_1: 0.0730 (0.0823)  loss_bbox_aux_2: 0.0862 (0.0957)  loss_bbox_dn_0: 0.0513 (0.0539)  loss_bbox_dn_1: 0.0436 (0.0444)  loss_bbox_dn_2: 0.0419 (0.0432)  loss_giou: 0.8398 (0.9010)  loss_giou_aux_0: 0.8674 (0.9291)  loss_giou_aux_1: 0.8391 (0.9077)  loss_giou_aux_2: 0.9571 (0.9927)  loss_giou_dn_0: 0.7515 (0.7550)  loss_giou_dn_1: 0.6825 (0.6726)  loss_giou_dn_2: 0.6681 (0.6631)  loss_vfl: 0.5446 (0.5382)  loss_vfl_aux_0: 0.5634 (0.5540)  loss_vfl_aux_1: 0.5532 (0.5467)  loss_vfl_aux_2: 0.5918 (0.5669)  loss_vfl_dn_0: 0.4800 (0.4773)  loss_vfl_dn_1: 0.4540 (0.4557)  loss_vfl_dn_2: 0.4506 (0.4503)  time: 1.2115  data: 0.0286  max mem: 11060
Epoch: [34]  [500/809]  eta: 0:06:11  lr: 0.000100  loss: 10.1793 (9.8812)  loss_bbox: 0.0769 (0.0811)  loss_bbox_aux_0: 0.0771 (0.0847)  loss_bbox_aux_1: 0.0752 (0.0822)  loss_bbox_aux_2: 0.0935 (0.0957)  loss_bbox_dn_0: 0.0500 (0.0537)  loss_bbox_dn_1: 0.0433 (0.0444)  loss_bbox_dn_2: 0.0424 (0.0432)  loss_giou: 0.9647 (0.8987)  loss_giou_aux_0: 1.0010 (0.9268)  loss_giou_aux_1: 0.9652 (0.9052)  loss_giou_aux_2: 1.0580 (0.9901)  loss_giou_dn_0: 0.7948 (0.7543)  loss_giou_dn_1: 0.7112 (0.6727)  loss_giou_dn_2: 0.7012 (0.6630)  loss_vfl: 0.5344 (0.5374)  loss_vfl_aux_0: 0.5492 (0.5532)  loss_vfl_aux_1: 0.5453 (0.5460)  loss_vfl_aux_2: 0.5431 (0.5666)  loss_vfl_dn_0: 0.4689 (0.4769)  loss_vfl_dn_1: 0.4507 (0.4553)  loss_vfl_dn_2: 0.4460 (0.4500)  time: 1.2430  data: 0.0308  max mem: 11060
Epoch: [34]  [600/809]  eta: 0:04:11  lr: 0.000100  loss: 10.3400 (9.9175)  loss_bbox: 0.0792 (0.0824)  loss_bbox_aux_0: 0.0812 (0.0860)  loss_bbox_aux_1: 0.0787 (0.0835)  loss_bbox_aux_2: 0.0866 (0.0968)  loss_bbox_dn_0: 0.0466 (0.0536)  loss_bbox_dn_1: 0.0410 (0.0443)  loss_bbox_dn_2: 0.0401 (0.0431)  loss_giou: 1.0195 (0.9068)  loss_giou_aux_0: 1.0219 (0.9353)  loss_giou_aux_1: 1.0220 (0.9138)  loss_giou_aux_2: 1.0342 (0.9984)  loss_giou_dn_0: 0.7816 (0.7587)  loss_giou_dn_1: 0.6841 (0.6763)  loss_giou_dn_2: 0.6769 (0.6666)  loss_vfl: 0.4894 (0.5346)  loss_vfl_aux_0: 0.5117 (0.5499)  loss_vfl_aux_1: 0.4984 (0.5430)  loss_vfl_aux_2: 0.5170 (0.5628)  loss_vfl_dn_0: 0.4717 (0.4763)  loss_vfl_dn_1: 0.4546 (0.4552)  loss_vfl_dn_2: 0.4492 (0.4500)  time: 1.2474  data: 0.0332  max mem: 11060
Epoch: [34]  [700/809]  eta: 0:02:11  lr: 0.000100  loss: 9.8074 (9.9148)  loss_bbox: 0.0726 (0.0822)  loss_bbox_aux_0: 0.0757 (0.0859)  loss_bbox_aux_1: 0.0731 (0.0832)  loss_bbox_aux_2: 0.0878 (0.0967)  loss_bbox_dn_0: 0.0490 (0.0539)  loss_bbox_dn_1: 0.0409 (0.0445)  loss_bbox_dn_2: 0.0397 (0.0434)  loss_giou: 0.8587 (0.9052)  loss_giou_aux_0: 0.9063 (0.9340)  loss_giou_aux_1: 0.8806 (0.9122)  loss_giou_aux_2: 0.9580 (0.9970)  loss_giou_dn_0: 0.7270 (0.7587)  loss_giou_dn_1: 0.6572 (0.6763)  loss_giou_dn_2: 0.6487 (0.6666)  loss_vfl: 0.5291 (0.5353)  loss_vfl_aux_0: 0.5454 (0.5505)  loss_vfl_aux_1: 0.5359 (0.5441)  loss_vfl_aux_2: 0.5604 (0.5638)  loss_vfl_dn_0: 0.4714 (0.4762)  loss_vfl_dn_1: 0.4531 (0.4552)  loss_vfl_dn_2: 0.4484 (0.4499)  time: 1.1762  data: 0.0309  max mem: 11060
Epoch: [34]  [800/809]  eta: 0:00:10  lr: 0.000100  loss: 9.8187 (9.8903)  loss_bbox: 0.0687 (0.0817)  loss_bbox_aux_0: 0.0733 (0.0855)  loss_bbox_aux_1: 0.0694 (0.0828)  loss_bbox_aux_2: 0.0822 (0.0964)  loss_bbox_dn_0: 0.0561 (0.0543)  loss_bbox_dn_1: 0.0465 (0.0448)  loss_bbox_dn_2: 0.0453 (0.0436)  loss_giou: 0.8547 (0.8997)  loss_giou_aux_0: 0.8938 (0.9285)  loss_giou_aux_1: 0.8711 (0.9069)  loss_giou_aux_2: 0.9504 (0.9916)  loss_giou_dn_0: 0.7706 (0.7567)  loss_giou_dn_1: 0.6844 (0.6742)  loss_giou_dn_2: 0.6705 (0.6645)  loss_vfl: 0.5481 (0.5363)  loss_vfl_aux_0: 0.5593 (0.5515)  loss_vfl_aux_1: 0.5581 (0.5450)  loss_vfl_aux_2: 0.5729 (0.5650)  loss_vfl_dn_0: 0.4841 (0.4763)  loss_vfl_dn_1: 0.4589 (0.4552)  loss_vfl_dn_2: 0.4546 (0.4500)  time: 1.1695  data: 0.0322  max mem: 11060
Epoch: [34]  [808/809]  eta: 0:00:01  lr: 0.000100  loss: 9.9362 (9.8939)  loss_bbox: 0.0752 (0.0818)  loss_bbox_aux_0: 0.0781 (0.0856)  loss_bbox_aux_1: 0.0755 (0.0829)  loss_bbox_aux_2: 0.0875 (0.0965)  loss_bbox_dn_0: 0.0552 (0.0543)  loss_bbox_dn_1: 0.0467 (0.0448)  loss_bbox_dn_2: 0.0453 (0.0436)  loss_giou: 0.8716 (0.9002)  loss_giou_aux_0: 0.8938 (0.9290)  loss_giou_aux_1: 0.8733 (0.9074)  loss_giou_aux_2: 0.9504 (0.9921)  loss_giou_dn_0: 0.7721 (0.7569)  loss_giou_dn_1: 0.6882 (0.6744)  loss_giou_dn_2: 0.6722 (0.6647)  loss_vfl: 0.5378 (0.5364)  loss_vfl_aux_0: 0.5553 (0.5516)  loss_vfl_aux_1: 0.5486 (0.5452)  loss_vfl_aux_2: 0.5686 (0.5650)  loss_vfl_dn_0: 0.4772 (0.4763)  loss_vfl_dn_1: 0.4564 (0.4552)  loss_vfl_dn_2: 0.4536 (0.4500)  time: 1.0374  data: 0.0302  max mem: 11060
Epoch: [34] Total time: 0:16:09 (1.1988 s / it)
Averaged stats: lr: 0.000100  loss: 9.9362 (9.8939)  loss_bbox: 0.0752 (0.0818)  loss_bbox_aux_0: 0.0781 (0.0856)  loss_bbox_aux_1: 0.0755 (0.0829)  loss_bbox_aux_2: 0.0875 (0.0965)  loss_bbox_dn_0: 0.0552 (0.0543)  loss_bbox_dn_1: 0.0467 (0.0448)  loss_bbox_dn_2: 0.0453 (0.0436)  loss_giou: 0.8716 (0.9002)  loss_giou_aux_0: 0.8938 (0.9290)  loss_giou_aux_1: 0.8733 (0.9074)  loss_giou_aux_2: 0.9504 (0.9921)  loss_giou_dn_0: 0.7721 (0.7569)  loss_giou_dn_1: 0.6882 (0.6744)  loss_giou_dn_2: 0.6722 (0.6647)  loss_vfl: 0.5378 (0.5364)  loss_vfl_aux_0: 0.5553 (0.5516)  loss_vfl_aux_1: 0.5486 (0.5452)  loss_vfl_aux_2: 0.5686 (0.5650)  loss_vfl_dn_0: 0.4772 (0.4763)  loss_vfl_dn_1: 0.4564 (0.4552)  loss_vfl_dn_2: 0.4536 (0.4500)
Test:  [ 0/69]  eta: 0:02:01    time: 1.7671  data: 0.9492  max mem: 11060
Test:  [10/69]  eta: 0:00:46    time: 0.7881  data: 0.1102  max mem: 11060
Test:  [20/69]  eta: 0:00:38    time: 0.7346  data: 0.0269  max mem: 11060
Test:  [30/69]  eta: 0:00:29    time: 0.7416  data: 0.0267  max mem: 11060
Test:  [40/69]  eta: 0:00:21    time: 0.6842  data: 0.0254  max mem: 11060
Test:  [50/69]  eta: 0:00:13    time: 0.6454  data: 0.0248  max mem: 11060
Test:  [60/69]  eta: 0:00:06    time: 0.6625  data: 0.0256  max mem: 11060
Test:  [68/69]  eta: 0:00:00    time: 0.6563  data: 0.0240  max mem: 11060
Test: Total time: 0:00:48 (0.7038 s / it)
Averaged stats: 
Accumulating evaluation results...
DONE (t=2.12s).
IoU metric: bbox
 Average Precision  (AP) @[ IoU=0.50:0.95 | area=   all | maxDets=100 ] = 0.222
 Average Precision  (AP) @[ IoU=0.50      | area=   all | maxDets=100 ] = 0.361
 Average Precision  (AP) @[ IoU=0.75      | area=   all | maxDets=100 ] = 0.228
 Average Precision  (AP) @[ IoU=0.50:0.95 | area= small | maxDets=100 ] = 0.150
 Average Precision  (AP) @[ IoU=0.50:0.95 | area=medium | maxDets=100 ] = 0.298
 Average Precision  (AP) @[ IoU=0.50:0.95 | area= large | maxDets=100 ] = 0.404
 Average Recall     (AR) @[ IoU=0.50:0.95 | area=   all | maxDets=  1 ] = 0.101
 Average Recall     (AR) @[ IoU=0.50:0.95 | area=   all | maxDets= 10 ] = 0.280
 Average Recall     (AR) @[ IoU=0.50:0.95 | area=   all | maxDets=100 ] = 0.385
 Average Recall     (AR) @[ IoU=0.50:0.95 | area= small | maxDets=100 ] = 0.304
 Average Recall     (AR) @[ IoU=0.50:0.95 | area=medium | maxDets=100 ] = 0.488
 Average Recall     (AR) @[ IoU=0.50:0.95 | area= large | maxDets=100 ] = 0.609
best_stat:  {'epoch': 34, 'coco_eval_bbox': 0.22179330428291077}
Epoch: [35]  [  0/809]  eta: 1:19:50  lr: 0.000100  loss: 9.2551 (9.2551)  loss_bbox: 0.0589 (0.0589)  loss_bbox_aux_0: 0.0676 (0.0676)  loss_bbox_aux_1: 0.0594 (0.0594)  loss_bbox_aux_2: 0.0893 (0.0893)  loss_bbox_dn_0: 0.0617 (0.0617)  loss_bbox_dn_1: 0.0476 (0.0476)  loss_bbox_dn_2: 0.0453 (0.0453)  loss_giou: 0.7118 (0.7118)  loss_giou_aux_0: 0.7446 (0.7446)  loss_giou_aux_1: 0.7141 (0.7141)  loss_giou_aux_2: 0.8365 (0.8365)  loss_giou_dn_0: 0.6955 (0.6955)  loss_giou_dn_1: 0.6048 (0.6048)  loss_giou_dn_2: 0.5900 (0.5900)  loss_vfl: 0.6082 (0.6082)  loss_vfl_aux_0: 0.6379 (0.6379)  loss_vfl_aux_1: 0.6340 (0.6340)  loss_vfl_aux_2: 0.6777 (0.6777)  loss_vfl_dn_0: 0.4838 (0.4838)  loss_vfl_dn_1: 0.4463 (0.4463)  loss_vfl_dn_2: 0.4401 (0.4401)  time: 5.9212  data: 2.8985  max mem: 11060
Epoch: [35]  [100/809]  eta: 0:14:08  lr: 0.000100  loss: 9.8996 (9.7757)  loss_bbox: 0.0774 (0.0771)  loss_bbox_aux_0: 0.0831 (0.0826)  loss_bbox_aux_1: 0.0766 (0.0785)  loss_bbox_aux_2: 0.0938 (0.0937)  loss_bbox_dn_0: 0.0556 (0.0563)  loss_bbox_dn_1: 0.0445 (0.0460)  loss_bbox_dn_2: 0.0427 (0.0448)  loss_giou: 0.8739 (0.8647)  loss_giou_aux_0: 0.9068 (0.8933)  loss_giou_aux_1: 0.8809 (0.8717)  loss_giou_aux_2: 0.9588 (0.9585)  loss_giou_dn_0: 0.7338 (0.7474)  loss_giou_dn_1: 0.6353 (0.6630)  loss_giou_dn_2: 0.6226 (0.6528)  loss_vfl: 0.5735 (0.5517)  loss_vfl_aux_0: 0.5796 (0.5680)  loss_vfl_aux_1: 0.5769 (0.5600)  loss_vfl_aux_2: 0.5934 (0.5833)  loss_vfl_dn_0: 0.4806 (0.4781)  loss_vfl_dn_1: 0.4603 (0.4549)  loss_vfl_dn_2: 0.4526 (0.4493)  time: 1.1806  data: 0.0284  max mem: 11060
Epoch: [35]  [200/809]  eta: 0:12:15  lr: 0.000100  loss: 10.0795 (9.9185)  loss_bbox: 0.0708 (0.0815)  loss_bbox_aux_0: 0.0759 (0.0859)  loss_bbox_aux_1: 0.0729 (0.0829)  loss_bbox_aux_2: 0.0861 (0.0975)  loss_bbox_dn_0: 0.0468 (0.0557)  loss_bbox_dn_1: 0.0379 (0.0459)  loss_bbox_dn_2: 0.0367 (0.0446)  loss_giou: 0.9096 (0.8991)  loss_giou_aux_0: 0.9345 (0.9267)  loss_giou_aux_1: 0.9142 (0.9070)  loss_giou_aux_2: 1.0181 (0.9905)  loss_giou_dn_0: 0.7812 (0.7598)  loss_giou_dn_1: 0.6902 (0.6768)  loss_giou_dn_2: 0.6757 (0.6663)  loss_vfl: 0.5198 (0.5409)  loss_vfl_aux_0: 0.5461 (0.5574)  loss_vfl_aux_1: 0.5356 (0.5490)  loss_vfl_aux_2: 0.5365 (0.5699)  loss_vfl_dn_0: 0.4742 (0.4760)  loss_vfl_dn_1: 0.4584 (0.4551)  loss_vfl_dn_2: 0.4544 (0.4499)  time: 1.2494  data: 0.0314  max mem: 11060
Epoch: [35]  [300/809]  eta: 0:10:15  lr: 0.000100  loss: 9.9051 (9.8981)  loss_bbox: 0.0793 (0.0814)  loss_bbox_aux_0: 0.0831 (0.0856)  loss_bbox_aux_1: 0.0816 (0.0828)  loss_bbox_aux_2: 0.0911 (0.0970)  loss_bbox_dn_0: 0.0502 (0.0554)  loss_bbox_dn_1: 0.0410 (0.0458)  loss_bbox_dn_2: 0.0405 (0.0445)  loss_giou: 0.9191 (0.8972)  loss_giou_aux_0: 0.9469 (0.9243)  loss_giou_aux_1: 0.9378 (0.9045)  loss_giou_aux_2: 1.0015 (0.9858)  loss_giou_dn_0: 0.7560 (0.7596)  loss_giou_dn_1: 0.6582 (0.6781)  loss_giou_dn_2: 0.6522 (0.6679)  loss_vfl: 0.5198 (0.5379)  loss_vfl_aux_0: 0.5453 (0.5554)  loss_vfl_aux_1: 0.5303 (0.5464)  loss_vfl_aux_2: 0.5648 (0.5707)  loss_vfl_dn_0: 0.4690 (0.4754)  loss_vfl_dn_1: 0.4465 (0.4539)  loss_vfl_dn_2: 0.4435 (0.4486)  time: 1.1690  data: 0.0296  max mem: 11060
Epoch: [35]  [400/809]  eta: 0:08:15  lr: 0.000100  loss: 9.9556 (9.8945)  loss_bbox: 0.0723 (0.0815)  loss_bbox_aux_0: 0.0744 (0.0854)  loss_bbox_aux_1: 0.0737 (0.0829)  loss_bbox_aux_2: 0.0859 (0.0973)  loss_bbox_dn_0: 0.0507 (0.0555)  loss_bbox_dn_1: 0.0400 (0.0459)  loss_bbox_dn_2: 0.0388 (0.0446)  loss_giou: 0.8716 (0.8948)  loss_giou_aux_0: 0.9252 (0.9228)  loss_giou_aux_1: 0.8992 (0.9027)  loss_giou_aux_2: 0.9835 (0.9847)  loss_giou_dn_0: 0.7527 (0.7581)  loss_giou_dn_1: 0.6756 (0.6767)  loss_giou_dn_2: 0.6656 (0.6667)  loss_vfl: 0.5343 (0.5388)  loss_vfl_aux_0: 0.5637 (0.5571)  loss_vfl_aux_1: 0.5533 (0.5476)  loss_vfl_aux_2: 0.5911 (0.5720)  loss_vfl_dn_0: 0.4777 (0.4758)  loss_vfl_dn_1: 0.4565 (0.4544)  loss_vfl_dn_2: 0.4462 (0.4491)  time: 1.2666  data: 0.0326  max mem: 11060
Epoch: [35]  [500/809]  eta: 0:06:13  lr: 0.000100  loss: 10.3574 (9.9003)  loss_bbox: 0.0884 (0.0818)  loss_bbox_aux_0: 0.0916 (0.0855)  loss_bbox_aux_1: 0.0920 (0.0831)  loss_bbox_aux_2: 0.1035 (0.0974)  loss_bbox_dn_0: 0.0514 (0.0551)  loss_bbox_dn_1: 0.0433 (0.0455)  loss_bbox_dn_2: 0.0420 (0.0442)  loss_giou: 1.0661 (0.8986)  loss_giou_aux_0: 1.0597 (0.9265)  loss_giou_aux_1: 1.0773 (0.9065)  loss_giou_aux_2: 1.1372 (0.9876)  loss_giou_dn_0: 0.8037 (0.7581)  loss_giou_dn_1: 0.7241 (0.6767)  loss_giou_dn_2: 0.7063 (0.6668)  loss_vfl: 0.4800 (0.5372)  loss_vfl_aux_0: 0.4991 (0.5553)  loss_vfl_aux_1: 0.4882 (0.5460)  loss_vfl_aux_2: 0.5011 (0.5702)  loss_vfl_dn_0: 0.4650 (0.4754)  loss_vfl_dn_1: 0.4445 (0.4539)  loss_vfl_dn_2: 0.4381 (0.4488)  time: 1.2183  data: 0.0310  max mem: 11060
Epoch: [35]  [600/809]  eta: 0:04:12  lr: 0.000100  loss: 9.8470 (9.8995)  loss_bbox: 0.0739 (0.0814)  loss_bbox_aux_0: 0.0791 (0.0853)  loss_bbox_aux_1: 0.0771 (0.0827)  loss_bbox_aux_2: 0.0933 (0.0971)  loss_bbox_dn_0: 0.0515 (0.0547)  loss_bbox_dn_1: 0.0396 (0.0451)  loss_bbox_dn_2: 0.0379 (0.0439)  loss_giou: 0.8638 (0.9010)  loss_giou_aux_0: 0.8766 (0.9292)  loss_giou_aux_1: 0.8661 (0.9087)  loss_giou_aux_2: 0.9540 (0.9894)  loss_giou_dn_0: 0.7426 (0.7579)  loss_giou_dn_1: 0.6535 (0.6766)  loss_giou_dn_2: 0.6438 (0.6668)  loss_vfl: 0.5549 (0.5359)  loss_vfl_aux_0: 0.5745 (0.5532)  loss_vfl_aux_1: 0.5593 (0.5443)  loss_vfl_aux_2: 0.5858 (0.5684)  loss_vfl_dn_0: 0.4756 (0.4755)  loss_vfl_dn_1: 0.4570 (0.4539)  loss_vfl_dn_2: 0.4536 (0.4489)  time: 1.1835  data: 0.0310  max mem: 11060
Epoch: [35]  [700/809]  eta: 0:02:10  lr: 0.000100  loss: 9.8754 (9.8956)  loss_bbox: 0.0704 (0.0813)  loss_bbox_aux_0: 0.0735 (0.0852)  loss_bbox_aux_1: 0.0708 (0.0825)  loss_bbox_aux_2: 0.0839 (0.0969)  loss_bbox_dn_0: 0.0512 (0.0546)  loss_bbox_dn_1: 0.0418 (0.0451)  loss_bbox_dn_2: 0.0414 (0.0438)  loss_giou: 0.9006 (0.9000)  loss_giou_aux_0: 0.9380 (0.9284)  loss_giou_aux_1: 0.9144 (0.9077)  loss_giou_aux_2: 0.9856 (0.9888)  loss_giou_dn_0: 0.7651 (0.7584)  loss_giou_dn_1: 0.6796 (0.6767)  loss_giou_dn_2: 0.6669 (0.6668)  loss_vfl: 0.5326 (0.5359)  loss_vfl_aux_0: 0.5488 (0.5529)  loss_vfl_aux_1: 0.5403 (0.5442)  loss_vfl_aux_2: 0.5680 (0.5679)  loss_vfl_dn_0: 0.4734 (0.4754)  loss_vfl_dn_1: 0.4563 (0.4540)  loss_vfl_dn_2: 0.4546 (0.4491)  time: 1.0600  data: 0.0294  max mem: 11060
Epoch: [35]  [800/809]  eta: 0:00:10  lr: 0.000100  loss: 9.6014 (9.8991)  loss_bbox: 0.0767 (0.0816)  loss_bbox_aux_0: 0.0808 (0.0856)  loss_bbox_aux_1: 0.0792 (0.0828)  loss_bbox_aux_2: 0.0907 (0.0973)  loss_bbox_dn_0: 0.0497 (0.0547)  loss_bbox_dn_1: 0.0395 (0.0451)  loss_bbox_dn_2: 0.0381 (0.0438)  loss_giou: 0.8135 (0.9004)  loss_giou_aux_0: 0.8404 (0.9293)  loss_giou_aux_1: 0.8276 (0.9079)  loss_giou_aux_2: 0.9396 (0.9900)  loss_giou_dn_0: 0.7125 (0.7577)  loss_giou_dn_1: 0.6373 (0.6759)  loss_giou_dn_2: 0.6296 (0.6659)  loss_vfl: 0.5553 (0.5361)  loss_vfl_aux_0: 0.5547 (0.5531)  loss_vfl_aux_1: 0.5532 (0.5446)  loss_vfl_aux_2: 0.5782 (0.5679)  loss_vfl_dn_0: 0.4789 (0.4757)  loss_vfl_dn_1: 0.4521 (0.4543)  loss_vfl_dn_2: 0.4448 (0.4493)  time: 1.1846  data: 0.0311  max mem: 11060
Epoch: [35]  [808/809]  eta: 0:00:01  lr: 0.000100  loss: 9.3402 (9.8944)  loss_bbox: 0.0767 (0.0815)  loss_bbox_aux_0: 0.0808 (0.0856)  loss_bbox_aux_1: 0.0792 (0.0828)  loss_bbox_aux_2: 0.0930 (0.0973)  loss_bbox_dn_0: 0.0581 (0.0548)  loss_bbox_dn_1: 0.0479 (0.0451)  loss_bbox_dn_2: 0.0459 (0.0439)  loss_giou: 0.7811 (0.8996)  loss_giou_aux_0: 0.8336 (0.9285)  loss_giou_aux_1: 0.7893 (0.9071)  loss_giou_aux_2: 0.9021 (0.9893)  loss_giou_dn_0: 0.6908 (0.7573)  loss_giou_dn_1: 0.5945 (0.6754)  loss_giou_dn_2: 0.5833 (0.6654)  loss_vfl: 0.5499 (0.5361)  loss_vfl_aux_0: 0.5498 (0.5531)  loss_vfl_aux_1: 0.5518 (0.5446)  loss_vfl_aux_2: 0.5764 (0.5680)  loss_vfl_dn_0: 0.4752 (0.4756)  loss_vfl_dn_1: 0.4521 (0.4542)  loss_vfl_dn_2: 0.4448 (0.4492)  time: 1.0407  data: 0.0295  max mem: 11060
Epoch: [35] Total time: 0:15:59 (1.1861 s / it)
Averaged stats: lr: 0.000100  loss: 9.3402 (9.8944)  loss_bbox: 0.0767 (0.0815)  loss_bbox_aux_0: 0.0808 (0.0856)  loss_bbox_aux_1: 0.0792 (0.0828)  loss_bbox_aux_2: 0.0930 (0.0973)  loss_bbox_dn_0: 0.0581 (0.0548)  loss_bbox_dn_1: 0.0479 (0.0451)  loss_bbox_dn_2: 0.0459 (0.0439)  loss_giou: 0.7811 (0.8996)  loss_giou_aux_0: 0.8336 (0.9285)  loss_giou_aux_1: 0.7893 (0.9071)  loss_giou_aux_2: 0.9021 (0.9893)  loss_giou_dn_0: 0.6908 (0.7573)  loss_giou_dn_1: 0.5945 (0.6754)  loss_giou_dn_2: 0.5833 (0.6654)  loss_vfl: 0.5499 (0.5361)  loss_vfl_aux_0: 0.5498 (0.5531)  loss_vfl_aux_1: 0.5518 (0.5446)  loss_vfl_aux_2: 0.5764 (0.5680)  loss_vfl_dn_0: 0.4752 (0.4756)  loss_vfl_dn_1: 0.4521 (0.4542)  loss_vfl_dn_2: 0.4448 (0.4492)
Test:  [ 0/69]  eta: 0:01:34    time: 1.3701  data: 0.7602  max mem: 11060
Test:  [10/69]  eta: 0:00:46    time: 0.7830  data: 0.0903  max mem: 11060
Test:  [20/69]  eta: 0:00:37    time: 0.7354  data: 0.0242  max mem: 11060
Test:  [30/69]  eta: 0:00:28    time: 0.7052  data: 0.0254  max mem: 11060
Test:  [40/69]  eta: 0:00:20    time: 0.6708  data: 0.0255  max mem: 11060
Test:  [50/69]  eta: 0:00:13    time: 0.6530  data: 0.0254  max mem: 11060
Test:  [60/69]  eta: 0:00:06    time: 0.6621  data: 0.0262  max mem: 11060
Test:  [68/69]  eta: 0:00:00    time: 0.6685  data: 0.0238  max mem: 11060
Test: Total time: 0:00:48 (0.6972 s / it)
Averaged stats: 
Accumulating evaluation results...
DONE (t=2.40s).
IoU metric: bbox
 Average Precision  (AP) @[ IoU=0.50:0.95 | area=   all | maxDets=100 ] = 0.225
 Average Precision  (AP) @[ IoU=0.50      | area=   all | maxDets=100 ] = 0.365
 Average Precision  (AP) @[ IoU=0.75      | area=   all | maxDets=100 ] = 0.231
 Average Precision  (AP) @[ IoU=0.50:0.95 | area= small | maxDets=100 ] = 0.152
 Average Precision  (AP) @[ IoU=0.50:0.95 | area=medium | maxDets=100 ] = 0.301
 Average Precision  (AP) @[ IoU=0.50:0.95 | area= large | maxDets=100 ] = 0.412
 Average Recall     (AR) @[ IoU=0.50:0.95 | area=   all | maxDets=  1 ] = 0.101
 Average Recall     (AR) @[ IoU=0.50:0.95 | area=   all | maxDets= 10 ] = 0.283
 Average Recall     (AR) @[ IoU=0.50:0.95 | area=   all | maxDets=100 ] = 0.387
 Average Recall     (AR) @[ IoU=0.50:0.95 | area= small | maxDets=100 ] = 0.305
 Average Recall     (AR) @[ IoU=0.50:0.95 | area=medium | maxDets=100 ] = 0.490
 Average Recall     (AR) @[ IoU=0.50:0.95 | area= large | maxDets=100 ] = 0.613
best_stat:  {'epoch': 35, 'coco_eval_bbox': 0.22485351897760858}
Epoch: [36]  [  0/809]  eta: 1:40:01  lr: 0.000100  loss: 10.1091 (10.1091)  loss_bbox: 0.1032 (0.1032)  loss_bbox_aux_0: 0.1075 (0.1075)  loss_bbox_aux_1: 0.1036 (0.1036)  loss_bbox_aux_2: 0.1157 (0.1157)  loss_bbox_dn_0: 0.0695 (0.0695)  loss_bbox_dn_1: 0.0586 (0.0586)  loss_bbox_dn_2: 0.0571 (0.0571)  loss_giou: 0.8815 (0.8815)  loss_giou_aux_0: 0.9142 (0.9142)  loss_giou_aux_1: 0.8894 (0.8894)  loss_giou_aux_2: 0.9786 (0.9786)  loss_giou_dn_0: 0.7420 (0.7420)  loss_giou_dn_1: 0.6629 (0.6629)  loss_giou_dn_2: 0.6518 (0.6518)  loss_vfl: 0.5771 (0.5771)  loss_vfl_aux_0: 0.5964 (0.5964)  loss_vfl_aux_1: 0.5906 (0.5906)  loss_vfl_aux_2: 0.5967 (0.5967)  loss_vfl_dn_0: 0.4886 (0.4886)  loss_vfl_dn_1: 0.4652 (0.4652)  loss_vfl_dn_2: 0.4589 (0.4589)  time: 7.4188  data: 5.2367  max mem: 11060
Epoch: [36]  [100/809]  eta: 0:14:58  lr: 0.000100  loss: 9.3855 (9.7670)  loss_bbox: 0.0707 (0.0788)  loss_bbox_aux_0: 0.0782 (0.0832)  loss_bbox_aux_1: 0.0729 (0.0802)  loss_bbox_aux_2: 0.0921 (0.0941)  loss_bbox_dn_0: 0.0563 (0.0551)  loss_bbox_dn_1: 0.0461 (0.0457)  loss_bbox_dn_2: 0.0449 (0.0443)  loss_giou: 0.7993 (0.8770)  loss_giou_aux_0: 0.8391 (0.9089)  loss_giou_aux_1: 0.8092 (0.8853)  loss_giou_aux_2: 0.9073 (0.9674)  loss_giou_dn_0: 0.7078 (0.7457)  loss_giou_dn_1: 0.6153 (0.6651)  loss_giou_dn_2: 0.6055 (0.6550)  loss_vfl: 0.5376 (0.5373)  loss_vfl_aux_0: 0.5486 (0.5522)  loss_vfl_aux_1: 0.5438 (0.5464)  loss_vfl_aux_2: 0.5756 (0.5695)  loss_vfl_dn_0: 0.4760 (0.4750)  loss_vfl_dn_1: 0.4542 (0.4530)  loss_vfl_dn_2: 0.4492 (0.4477)  time: 1.1442  data: 0.0291  max mem: 11060
Epoch: [36]  [200/809]  eta: 0:12:39  lr: 0.000100  loss: 10.0943 (9.8707)  loss_bbox: 0.0756 (0.0811)  loss_bbox_aux_0: 0.0789 (0.0852)  loss_bbox_aux_1: 0.0768 (0.0824)  loss_bbox_aux_2: 0.0939 (0.0967)  loss_bbox_dn_0: 0.0520 (0.0559)  loss_bbox_dn_1: 0.0445 (0.0459)  loss_bbox_dn_2: 0.0424 (0.0444)  loss_giou: 0.9595 (0.8920)  loss_giou_aux_0: 0.9801 (0.9242)  loss_giou_aux_1: 0.9611 (0.8998)  loss_giou_aux_2: 1.0383 (0.9832)  loss_giou_dn_0: 0.8011 (0.7545)  loss_giou_dn_1: 0.7261 (0.6726)  loss_giou_dn_2: 0.7184 (0.6624)  loss_vfl: 0.5173 (0.5389)  loss_vfl_aux_0: 0.5222 (0.5558)  loss_vfl_aux_1: 0.5221 (0.5481)  loss_vfl_aux_2: 0.5231 (0.5703)  loss_vfl_dn_0: 0.4705 (0.4754)  loss_vfl_dn_1: 0.4529 (0.4535)  loss_vfl_dn_2: 0.4475 (0.4483)  time: 1.2129  data: 0.0340  max mem: 11060
Epoch: [36]  [300/809]  eta: 0:10:29  lr: 0.000100  loss: 9.7521 (9.8315)  loss_bbox: 0.0640 (0.0808)  loss_bbox_aux_0: 0.0652 (0.0846)  loss_bbox_aux_1: 0.0653 (0.0820)  loss_bbox_aux_2: 0.0820 (0.0965)  loss_bbox_dn_0: 0.0535 (0.0560)  loss_bbox_dn_1: 0.0439 (0.0460)  loss_bbox_dn_2: 0.0427 (0.0446)  loss_giou: 0.8674 (0.8845)  loss_giou_aux_0: 0.8974 (0.9162)  loss_giou_aux_1: 0.8823 (0.8925)  loss_giou_aux_2: 0.9575 (0.9755)  loss_giou_dn_0: 0.7581 (0.7509)  loss_giou_dn_1: 0.6675 (0.6692)  loss_giou_dn_2: 0.6619 (0.6592)  loss_vfl: 0.5397 (0.5385)  loss_vfl_aux_0: 0.5540 (0.5566)  loss_vfl_aux_1: 0.5425 (0.5478)  loss_vfl_aux_2: 0.5684 (0.5728)  loss_vfl_dn_0: 0.4740 (0.4760)  loss_vfl_dn_1: 0.4502 (0.4533)  loss_vfl_dn_2: 0.4449 (0.4481)  time: 1.2268  data: 0.0357  max mem: 11060
Epoch: [36]  [400/809]  eta: 0:08:23  lr: 0.000100  loss: 9.5539 (9.8241)  loss_bbox: 0.0731 (0.0813)  loss_bbox_aux_0: 0.0779 (0.0851)  loss_bbox_aux_1: 0.0749 (0.0825)  loss_bbox_aux_2: 0.0891 (0.0970)  loss_bbox_dn_0: 0.0573 (0.0562)  loss_bbox_dn_1: 0.0477 (0.0461)  loss_bbox_dn_2: 0.0460 (0.0447)  loss_giou: 0.7944 (0.8834)  loss_giou_aux_0: 0.8345 (0.9145)  loss_giou_aux_1: 0.8122 (0.8911)  loss_giou_aux_2: 0.8996 (0.9754)  loss_giou_dn_0: 0.7207 (0.7478)  loss_giou_dn_1: 0.6363 (0.6659)  loss_giou_dn_2: 0.6217 (0.6558)  loss_vfl: 0.5594 (0.5395)  loss_vfl_aux_0: 0.5787 (0.5576)  loss_vfl_aux_1: 0.5735 (0.5490)  loss_vfl_aux_2: 0.5729 (0.5729)  loss_vfl_dn_0: 0.4760 (0.4765)  loss_vfl_dn_1: 0.4523 (0.4535)  loss_vfl_dn_2: 0.4451 (0.4483)  time: 1.2208  data: 0.0373  max mem: 11060
Epoch: [36]  [500/809]  eta: 0:06:14  lr: 0.000100  loss: 9.9698 (9.8230)  loss_bbox: 0.0744 (0.0808)  loss_bbox_aux_0: 0.0775 (0.0845)  loss_bbox_aux_1: 0.0741 (0.0821)  loss_bbox_aux_2: 0.0868 (0.0962)  loss_bbox_dn_0: 0.0504 (0.0559)  loss_bbox_dn_1: 0.0402 (0.0460)  loss_bbox_dn_2: 0.0397 (0.0446)  loss_giou: 0.9117 (0.8832)  loss_giou_aux_0: 0.9245 (0.9131)  loss_giou_aux_1: 0.9114 (0.8908)  loss_giou_aux_2: 0.9834 (0.9740)  loss_giou_dn_0: 0.7610 (0.7482)  loss_giou_dn_1: 0.6864 (0.6665)  loss_giou_dn_2: 0.6845 (0.6564)  loss_vfl: 0.5219 (0.5401)  loss_vfl_aux_0: 0.5365 (0.5587)  loss_vfl_aux_1: 0.5275 (0.5496)  loss_vfl_aux_2: 0.5540 (0.5736)  loss_vfl_dn_0: 0.4675 (0.4766)  loss_vfl_dn_1: 0.4481 (0.4537)  loss_vfl_dn_2: 0.4423 (0.4485)  time: 1.0650  data: 0.0276  max mem: 11060
Epoch: [36]  [600/809]  eta: 0:04:12  lr: 0.000100  loss: 9.6214 (9.8160)  loss_bbox: 0.0691 (0.0805)  loss_bbox_aux_0: 0.0723 (0.0840)  loss_bbox_aux_1: 0.0710 (0.0817)  loss_bbox_aux_2: 0.0857 (0.0956)  loss_bbox_dn_0: 0.0474 (0.0555)  loss_bbox_dn_1: 0.0385 (0.0457)  loss_bbox_dn_2: 0.0371 (0.0443)  loss_giou: 0.8361 (0.8839)  loss_giou_aux_0: 0.8751 (0.9134)  loss_giou_aux_1: 0.8494 (0.8917)  loss_giou_aux_2: 0.9522 (0.9744)  loss_giou_dn_0: 0.7395 (0.7479)  loss_giou_dn_1: 0.6631 (0.6663)  loss_giou_dn_2: 0.6451 (0.6563)  loss_vfl: 0.5094 (0.5386)  loss_vfl_aux_0: 0.5311 (0.5575)  loss_vfl_aux_1: 0.5155 (0.5479)  loss_vfl_aux_2: 0.5455 (0.5720)  loss_vfl_dn_0: 0.4738 (0.4764)  loss_vfl_dn_1: 0.4551 (0.4537)  loss_vfl_dn_2: 0.4498 (0.4487)  time: 1.2445  data: 0.0323  max mem: 11060
Epoch: [36]  [700/809]  eta: 0:02:12  lr: 0.000100  loss: 9.5771 (9.8143)  loss_bbox: 0.0693 (0.0810)  loss_bbox_aux_0: 0.0707 (0.0845)  loss_bbox_aux_1: 0.0692 (0.0822)  loss_bbox_aux_2: 0.0796 (0.0960)  loss_bbox_dn_0: 0.0550 (0.0553)  loss_bbox_dn_1: 0.0453 (0.0455)  loss_bbox_dn_2: 0.0439 (0.0442)  loss_giou: 0.8440 (0.8841)  loss_giou_aux_0: 0.8667 (0.9130)  loss_giou_aux_1: 0.8512 (0.8921)  loss_giou_aux_2: 0.9393 (0.9731)  loss_giou_dn_0: 0.7315 (0.7476)  loss_giou_dn_1: 0.6598 (0.6658)  loss_giou_dn_2: 0.6461 (0.6558)  loss_vfl: 0.5380 (0.5382)  loss_vfl_aux_0: 0.5581 (0.5572)  loss_vfl_aux_1: 0.5594 (0.5473)  loss_vfl_aux_2: 0.5859 (0.5721)  loss_vfl_dn_0: 0.4760 (0.4767)  loss_vfl_dn_1: 0.4521 (0.4539)  loss_vfl_dn_2: 0.4436 (0.4488)  time: 1.2646  data: 0.0313  max mem: 11060
Epoch: [36]  [800/809]  eta: 0:00:10  lr: 0.000100  loss: 9.8905 (9.8143)  loss_bbox: 0.0715 (0.0809)  loss_bbox_aux_0: 0.0789 (0.0843)  loss_bbox_aux_1: 0.0730 (0.0820)  loss_bbox_aux_2: 0.0876 (0.0956)  loss_bbox_dn_0: 0.0475 (0.0548)  loss_bbox_dn_1: 0.0401 (0.0451)  loss_bbox_dn_2: 0.0393 (0.0439)  loss_giou: 0.8986 (0.8858)  loss_giou_aux_0: 0.9332 (0.9144)  loss_giou_aux_1: 0.9055 (0.8937)  loss_giou_aux_2: 1.0008 (0.9749)  loss_giou_dn_0: 0.7591 (0.7476)  loss_giou_dn_1: 0.6768 (0.6658)  loss_giou_dn_2: 0.6619 (0.6559)  loss_vfl: 0.5267 (0.5370)  loss_vfl_aux_0: 0.5421 (0.5563)  loss_vfl_aux_1: 0.5342 (0.5463)  loss_vfl_aux_2: 0.5554 (0.5708)  loss_vfl_dn_0: 0.4792 (0.4766)  loss_vfl_dn_1: 0.4529 (0.4539)  loss_vfl_dn_2: 0.4478 (0.4487)  time: 1.2538  data: 0.0328  max mem: 11060
Epoch: [36]  [808/809]  eta: 0:00:01  lr: 0.000100  loss: 9.6454 (9.8133)  loss_bbox: 0.0637 (0.0808)  loss_bbox_aux_0: 0.0653 (0.0842)  loss_bbox_aux_1: 0.0636 (0.0819)  loss_bbox_aux_2: 0.0761 (0.0956)  loss_bbox_dn_0: 0.0506 (0.0548)  loss_bbox_dn_1: 0.0396 (0.0451)  loss_bbox_dn_2: 0.0385 (0.0438)  loss_giou: 0.8426 (0.8857)  loss_giou_aux_0: 0.8705 (0.9144)  loss_giou_aux_1: 0.8499 (0.8936)  loss_giou_aux_2: 0.9673 (0.9750)  loss_giou_dn_0: 0.7382 (0.7477)  loss_giou_dn_1: 0.6370 (0.6658)  loss_giou_dn_2: 0.6214 (0.6558)  loss_vfl: 0.5472 (0.5369)  loss_vfl_aux_0: 0.5623 (0.5563)  loss_vfl_aux_1: 0.5571 (0.5463)  loss_vfl_aux_2: 0.5597 (0.5708)  loss_vfl_dn_0: 0.4752 (0.4765)  loss_vfl_dn_1: 0.4482 (0.4538)  loss_vfl_dn_2: 0.4407 (0.4486)  time: 1.0405  data: 0.0285  max mem: 11060
Epoch: [36] Total time: 0:16:17 (1.2089 s / it)
Averaged stats: lr: 0.000100  loss: 9.6454 (9.8133)  loss_bbox: 0.0637 (0.0808)  loss_bbox_aux_0: 0.0653 (0.0842)  loss_bbox_aux_1: 0.0636 (0.0819)  loss_bbox_aux_2: 0.0761 (0.0956)  loss_bbox_dn_0: 0.0506 (0.0548)  loss_bbox_dn_1: 0.0396 (0.0451)  loss_bbox_dn_2: 0.0385 (0.0438)  loss_giou: 0.8426 (0.8857)  loss_giou_aux_0: 0.8705 (0.9144)  loss_giou_aux_1: 0.8499 (0.8936)  loss_giou_aux_2: 0.9673 (0.9750)  loss_giou_dn_0: 0.7382 (0.7477)  loss_giou_dn_1: 0.6370 (0.6658)  loss_giou_dn_2: 0.6214 (0.6558)  loss_vfl: 0.5472 (0.5369)  loss_vfl_aux_0: 0.5623 (0.5563)  loss_vfl_aux_1: 0.5571 (0.5463)  loss_vfl_aux_2: 0.5597 (0.5708)  loss_vfl_dn_0: 0.4752 (0.4765)  loss_vfl_dn_1: 0.4482 (0.4538)  loss_vfl_dn_2: 0.4407 (0.4486)
Test:  [ 0/69]  eta: 0:01:57    time: 1.7040  data: 0.8876  max mem: 11060
Test:  [10/69]  eta: 0:00:48    time: 0.8241  data: 0.1044  max mem: 11060
Test:  [20/69]  eta: 0:00:38    time: 0.7441  data: 0.0260  max mem: 11060
Test:  [30/69]  eta: 0:00:29    time: 0.7110  data: 0.0256  max mem: 11060
Test:  [40/69]  eta: 0:00:21    time: 0.6664  data: 0.0255  max mem: 11060
Test:  [50/69]  eta: 0:00:13    time: 0.6419  data: 0.0255  max mem: 11060
Test:  [60/69]  eta: 0:00:06    time: 0.6183  data: 0.0255  max mem: 11060
Test:  [68/69]  eta: 0:00:00    time: 0.6787  data: 0.0251  max mem: 11060
Test: Total time: 0:00:48 (0.7040 s / it)
Averaged stats: 
Accumulating evaluation results...
DONE (t=2.33s).
IoU metric: bbox
 Average Precision  (AP) @[ IoU=0.50:0.95 | area=   all | maxDets=100 ] = 0.226
 Average Precision  (AP) @[ IoU=0.50      | area=   all | maxDets=100 ] = 0.367
 Average Precision  (AP) @[ IoU=0.75      | area=   all | maxDets=100 ] = 0.233
 Average Precision  (AP) @[ IoU=0.50:0.95 | area= small | maxDets=100 ] = 0.154
 Average Precision  (AP) @[ IoU=0.50:0.95 | area=medium | maxDets=100 ] = 0.302
 Average Precision  (AP) @[ IoU=0.50:0.95 | area= large | maxDets=100 ] = 0.411
 Average Recall     (AR) @[ IoU=0.50:0.95 | area=   all | maxDets=  1 ] = 0.102
 Average Recall     (AR) @[ IoU=0.50:0.95 | area=   all | maxDets= 10 ] = 0.284
 Average Recall     (AR) @[ IoU=0.50:0.95 | area=   all | maxDets=100 ] = 0.389
 Average Recall     (AR) @[ IoU=0.50:0.95 | area= small | maxDets=100 ] = 0.306
 Average Recall     (AR) @[ IoU=0.50:0.95 | area=medium | maxDets=100 ] = 0.491
 Average Recall     (AR) @[ IoU=0.50:0.95 | area= large | maxDets=100 ] = 0.626
best_stat:  {'epoch': 36, 'coco_eval_bbox': 0.22627142421841479}
Epoch: [37]  [  0/809]  eta: 1:39:49  lr: 0.000100  loss: 10.6739 (10.6739)  loss_bbox: 0.1008 (0.1008)  loss_bbox_aux_0: 0.0938 (0.0938)  loss_bbox_aux_1: 0.0981 (0.0981)  loss_bbox_aux_2: 0.0933 (0.0933)  loss_bbox_dn_0: 0.0368 (0.0368)  loss_bbox_dn_1: 0.0308 (0.0308)  loss_bbox_dn_2: 0.0302 (0.0302)  loss_giou: 1.1311 (1.1311)  loss_giou_aux_0: 1.1545 (1.1545)  loss_giou_aux_1: 1.1315 (1.1315)  loss_giou_aux_2: 1.2075 (1.2075)  loss_giou_dn_0: 0.8439 (0.8439)  loss_giou_dn_1: 0.7765 (0.7765)  loss_giou_dn_2: 0.7680 (0.7680)  loss_vfl: 0.4406 (0.4406)  loss_vfl_aux_0: 0.4711 (0.4711)  loss_vfl_aux_1: 0.4521 (0.4521)  loss_vfl_aux_2: 0.4519 (0.4519)  loss_vfl_dn_0: 0.4641 (0.4641)  loss_vfl_dn_1: 0.4496 (0.4496)  loss_vfl_dn_2: 0.4478 (0.4478)  time: 7.4036  data: 2.8522  max mem: 11060
Epoch: [37]  [100/809]  eta: 0:15:14  lr: 0.000100  loss: 9.8996 (9.8922)  loss_bbox: 0.0725 (0.0812)  loss_bbox_aux_0: 0.0772 (0.0859)  loss_bbox_aux_1: 0.0740 (0.0825)  loss_bbox_aux_2: 0.0863 (0.0983)  loss_bbox_dn_0: 0.0492 (0.0569)  loss_bbox_dn_1: 0.0422 (0.0468)  loss_bbox_dn_2: 0.0413 (0.0454)  loss_giou: 0.9131 (0.8930)  loss_giou_aux_0: 0.9335 (0.9247)  loss_giou_aux_1: 0.9127 (0.9039)  loss_giou_aux_2: 0.9769 (0.9949)  loss_giou_dn_0: 0.7520 (0.7595)  loss_giou_dn_1: 0.6631 (0.6746)  loss_giou_dn_2: 0.6554 (0.6638)  loss_vfl: 0.5413 (0.5381)  loss_vfl_aux_0: 0.5542 (0.5534)  loss_vfl_aux_1: 0.5499 (0.5455)  loss_vfl_aux_2: 0.5656 (0.5667)  loss_vfl_dn_0: 0.4723 (0.4745)  loss_vfl_dn_1: 0.4561 (0.4539)  loss_vfl_dn_2: 0.4518 (0.4488)  time: 1.2744  data: 0.0373  max mem: 11060
Epoch: [37]  [200/809]  eta: 0:12:39  lr: 0.000100  loss: 9.8314 (9.8398)  loss_bbox: 0.0693 (0.0798)  loss_bbox_aux_0: 0.0758 (0.0843)  loss_bbox_aux_1: 0.0699 (0.0809)  loss_bbox_aux_2: 0.0852 (0.0966)  loss_bbox_dn_0: 0.0423 (0.0544)  loss_bbox_dn_1: 0.0367 (0.0445)  loss_bbox_dn_2: 0.0356 (0.0432)  loss_giou: 0.9000 (0.8946)  loss_giou_aux_0: 0.9282 (0.9253)  loss_giou_aux_1: 0.9111 (0.9037)  loss_giou_aux_2: 1.0169 (0.9925)  loss_giou_dn_0: 0.7607 (0.7543)  loss_giou_dn_1: 0.6879 (0.6708)  loss_giou_dn_2: 0.6797 (0.6608)  loss_vfl: 0.5084 (0.5305)  loss_vfl_aux_0: 0.5509 (0.5483)  loss_vfl_aux_1: 0.5286 (0.5390)  loss_vfl_aux_2: 0.5565 (0.5635)  loss_vfl_dn_0: 0.4742 (0.4737)  loss_vfl_dn_1: 0.4528 (0.4521)  loss_vfl_dn_2: 0.4442 (0.4471)  time: 1.1450  data: 0.0295  max mem: 11060
Epoch: [37]  [300/809]  eta: 0:10:12  lr: 0.000100  loss: 9.8675 (9.8931)  loss_bbox: 0.0681 (0.0832)  loss_bbox_aux_0: 0.0694 (0.0878)  loss_bbox_aux_1: 0.0676 (0.0846)  loss_bbox_aux_2: 0.0814 (0.0998)  loss_bbox_dn_0: 0.0479 (0.0539)  loss_bbox_dn_1: 0.0389 (0.0443)  loss_bbox_dn_2: 0.0380 (0.0429)  loss_giou: 0.8370 (0.9048)  loss_giou_aux_0: 0.8586 (0.9352)  loss_giou_aux_1: 0.8480 (0.9137)  loss_giou_aux_2: 0.9219 (1.0005)  loss_giou_dn_0: 0.7373 (0.7551)  loss_giou_dn_1: 0.6611 (0.6727)  loss_giou_dn_2: 0.6489 (0.6627)  loss_vfl: 0.5563 (0.5296)  loss_vfl_aux_0: 0.5809 (0.5480)  loss_vfl_aux_1: 0.5640 (0.5381)  loss_vfl_aux_2: 0.5953 (0.5622)  loss_vfl_dn_0: 0.4733 (0.4739)  loss_vfl_dn_1: 0.4546 (0.4524)  loss_vfl_dn_2: 0.4481 (0.4475)  time: 1.0869  data: 0.0265  max mem: 11060
Epoch: [37]  [400/809]  eta: 0:08:10  lr: 0.000100  loss: 9.5854 (9.8777)  loss_bbox: 0.0731 (0.0833)  loss_bbox_aux_0: 0.0812 (0.0878)  loss_bbox_aux_1: 0.0773 (0.0846)  loss_bbox_aux_2: 0.0942 (0.0996)  loss_bbox_dn_0: 0.0522 (0.0537)  loss_bbox_dn_1: 0.0438 (0.0442)  loss_bbox_dn_2: 0.0426 (0.0429)  loss_giou: 0.8858 (0.9012)  loss_giou_aux_0: 0.9186 (0.9303)  loss_giou_aux_1: 0.8974 (0.9094)  loss_giou_aux_2: 0.9583 (0.9943)  loss_giou_dn_0: 0.7416 (0.7510)  loss_giou_dn_1: 0.6686 (0.6693)  loss_giou_dn_2: 0.6639 (0.6593)  loss_vfl: 0.5182 (0.5319)  loss_vfl_aux_0: 0.5341 (0.5509)  loss_vfl_aux_1: 0.5233 (0.5414)  loss_vfl_aux_2: 0.5537 (0.5668)  loss_vfl_dn_0: 0.4767 (0.4752)  loss_vfl_dn_1: 0.4485 (0.4528)  loss_vfl_dn_2: 0.4451 (0.4477)  time: 1.2333  data: 0.0286  max mem: 11060
Epoch: [37]  [500/809]  eta: 0:06:09  lr: 0.000100  loss: 9.6563 (9.8939)  loss_bbox: 0.0728 (0.0839)  loss_bbox_aux_0: 0.0734 (0.0883)  loss_bbox_aux_1: 0.0739 (0.0853)  loss_bbox_aux_2: 0.0834 (0.0998)  loss_bbox_dn_0: 0.0483 (0.0535)  loss_bbox_dn_1: 0.0408 (0.0441)  loss_bbox_dn_2: 0.0403 (0.0428)  loss_giou: 0.8974 (0.9062)  loss_giou_aux_0: 0.9003 (0.9349)  loss_giou_aux_1: 0.8963 (0.9143)  loss_giou_aux_2: 0.9803 (0.9994)  loss_giou_dn_0: 0.7448 (0.7522)  loss_giou_dn_1: 0.6717 (0.6709)  loss_giou_dn_2: 0.6638 (0.6611)  loss_vfl: 0.5123 (0.5303)  loss_vfl_aux_0: 0.5427 (0.5485)  loss_vfl_aux_1: 0.5178 (0.5394)  loss_vfl_aux_2: 0.5494 (0.5638)  loss_vfl_dn_0: 0.4789 (0.4753)  loss_vfl_dn_1: 0.4506 (0.4526)  loss_vfl_dn_2: 0.4480 (0.4476)  time: 1.1800  data: 0.0306  max mem: 11060
Epoch: [37]  [600/809]  eta: 0:04:10  lr: 0.000100  loss: 9.7172 (9.8729)  loss_bbox: 0.0629 (0.0834)  loss_bbox_aux_0: 0.0662 (0.0877)  loss_bbox_aux_1: 0.0644 (0.0847)  loss_bbox_aux_2: 0.0784 (0.0990)  loss_bbox_dn_0: 0.0487 (0.0535)  loss_bbox_dn_1: 0.0421 (0.0441)  loss_bbox_dn_2: 0.0428 (0.0429)  loss_giou: 0.8703 (0.9007)  loss_giou_aux_0: 0.9047 (0.9294)  loss_giou_aux_1: 0.8777 (0.9086)  loss_giou_aux_2: 0.9374 (0.9923)  loss_giou_dn_0: 0.7558 (0.7506)  loss_giou_dn_1: 0.6775 (0.6694)  loss_giou_dn_2: 0.6670 (0.6595)  loss_vfl: 0.5315 (0.5322)  loss_vfl_aux_0: 0.5439 (0.5510)  loss_vfl_aux_1: 0.5419 (0.5417)  loss_vfl_aux_2: 0.5453 (0.5660)  loss_vfl_dn_0: 0.4778 (0.4756)  loss_vfl_dn_1: 0.4624 (0.4529)  loss_vfl_dn_2: 0.4572 (0.4478)  time: 1.2421  data: 0.0291  max mem: 11060
Epoch: [37]  [700/809]  eta: 0:02:11  lr: 0.000100  loss: 9.9658 (9.8372)  loss_bbox: 0.0640 (0.0819)  loss_bbox_aux_0: 0.0697 (0.0861)  loss_bbox_aux_1: 0.0648 (0.0832)  loss_bbox_aux_2: 0.0801 (0.0976)  loss_bbox_dn_0: 0.0549 (0.0531)  loss_bbox_dn_1: 0.0434 (0.0439)  loss_bbox_dn_2: 0.0422 (0.0427)  loss_giou: 0.9001 (0.8948)  loss_giou_aux_0: 0.9020 (0.9235)  loss_giou_aux_1: 0.8967 (0.9026)  loss_giou_aux_2: 0.9799 (0.9868)  loss_giou_dn_0: 0.7921 (0.7486)  loss_giou_dn_1: 0.6873 (0.6675)  loss_giou_dn_2: 0.6802 (0.6578)  loss_vfl: 0.5460 (0.5325)  loss_vfl_aux_0: 0.5686 (0.5511)  loss_vfl_aux_1: 0.5565 (0.5420)  loss_vfl_aux_2: 0.5862 (0.5661)  loss_vfl_dn_0: 0.4749 (0.4753)  loss_vfl_dn_1: 0.4542 (0.4526)  loss_vfl_dn_2: 0.4526 (0.4475)  time: 1.2629  data: 0.0349  max mem: 11060
Epoch: [37]  [800/809]  eta: 0:00:10  lr: 0.000100  loss: 9.9456 (9.8401)  loss_bbox: 0.0763 (0.0817)  loss_bbox_aux_0: 0.0853 (0.0859)  loss_bbox_aux_1: 0.0783 (0.0830)  loss_bbox_aux_2: 0.0950 (0.0973)  loss_bbox_dn_0: 0.0538 (0.0533)  loss_bbox_dn_1: 0.0436 (0.0440)  loss_bbox_dn_2: 0.0422 (0.0428)  loss_giou: 0.9126 (0.8952)  loss_giou_aux_0: 0.9452 (0.9243)  loss_giou_aux_1: 0.9181 (0.9031)  loss_giou_aux_2: 1.0031 (0.9870)  loss_giou_dn_0: 0.7545 (0.7497)  loss_giou_dn_1: 0.6758 (0.6689)  loss_giou_dn_2: 0.6657 (0.6592)  loss_vfl: 0.5272 (0.5321)  loss_vfl_aux_0: 0.5276 (0.5505)  loss_vfl_aux_1: 0.5267 (0.5416)  loss_vfl_aux_2: 0.5337 (0.5655)  loss_vfl_dn_0: 0.4688 (0.4751)  loss_vfl_dn_1: 0.4429 (0.4525)  loss_vfl_dn_2: 0.4431 (0.4475)  time: 1.2445  data: 0.0286  max mem: 11060
Epoch: [37]  [808/809]  eta: 0:00:01  lr: 0.000100  loss: 9.7837 (9.8410)  loss_bbox: 0.0826 (0.0818)  loss_bbox_aux_0: 0.0913 (0.0861)  loss_bbox_aux_1: 0.0842 (0.0831)  loss_bbox_aux_2: 0.0979 (0.0975)  loss_bbox_dn_0: 0.0553 (0.0533)  loss_bbox_dn_1: 0.0476 (0.0441)  loss_bbox_dn_2: 0.0464 (0.0429)  loss_giou: 0.8874 (0.8951)  loss_giou_aux_0: 0.9299 (0.9242)  loss_giou_aux_1: 0.8914 (0.9030)  loss_giou_aux_2: 0.9792 (0.9869)  loss_giou_dn_0: 0.7587 (0.7496)  loss_giou_dn_1: 0.6711 (0.6688)  loss_giou_dn_2: 0.6627 (0.6591)  loss_vfl: 0.5028 (0.5322)  loss_vfl_aux_0: 0.5112 (0.5506)  loss_vfl_aux_1: 0.5081 (0.5417)  loss_vfl_aux_2: 0.5337 (0.5658)  loss_vfl_dn_0: 0.4688 (0.4751)  loss_vfl_dn_1: 0.4473 (0.4525)  loss_vfl_dn_2: 0.4431 (0.4476)  time: 1.0776  data: 0.0269  max mem: 11060
Epoch: [37] Total time: 0:16:15 (1.2054 s / it)
Averaged stats: lr: 0.000100  loss: 9.7837 (9.8410)  loss_bbox: 0.0826 (0.0818)  loss_bbox_aux_0: 0.0913 (0.0861)  loss_bbox_aux_1: 0.0842 (0.0831)  loss_bbox_aux_2: 0.0979 (0.0975)  loss_bbox_dn_0: 0.0553 (0.0533)  loss_bbox_dn_1: 0.0476 (0.0441)  loss_bbox_dn_2: 0.0464 (0.0429)  loss_giou: 0.8874 (0.8951)  loss_giou_aux_0: 0.9299 (0.9242)  loss_giou_aux_1: 0.8914 (0.9030)  loss_giou_aux_2: 0.9792 (0.9869)  loss_giou_dn_0: 0.7587 (0.7496)  loss_giou_dn_1: 0.6711 (0.6688)  loss_giou_dn_2: 0.6627 (0.6591)  loss_vfl: 0.5028 (0.5322)  loss_vfl_aux_0: 0.5112 (0.5506)  loss_vfl_aux_1: 0.5081 (0.5417)  loss_vfl_aux_2: 0.5337 (0.5658)  loss_vfl_dn_0: 0.4688 (0.4751)  loss_vfl_dn_1: 0.4473 (0.4525)  loss_vfl_dn_2: 0.4431 (0.4476)
Test:  [ 0/69]  eta: 0:01:30    time: 1.3169  data: 0.6393  max mem: 11060
Test:  [10/69]  eta: 0:00:44    time: 0.7520  data: 0.0832  max mem: 11060
Test:  [20/69]  eta: 0:00:36    time: 0.7142  data: 0.0267  max mem: 11060
Test:  [30/69]  eta: 0:00:27    time: 0.6948  data: 0.0275  max mem: 11060
Test:  [40/69]  eta: 0:00:20    time: 0.6597  data: 0.0286  max mem: 11060
Test:  [50/69]  eta: 0:00:13    time: 0.6458  data: 0.0279  max mem: 11060
Test:  [60/69]  eta: 0:00:06    time: 0.6239  data: 0.0261  max mem: 11060
Test:  [68/69]  eta: 0:00:00    time: 0.6282  data: 0.0238  max mem: 11060
Test: Total time: 0:00:46 (0.6733 s / it)
Averaged stats: 
Accumulating evaluation results...
DONE (t=2.62s).
IoU metric: bbox
 Average Precision  (AP) @[ IoU=0.50:0.95 | area=   all | maxDets=100 ] = 0.228
 Average Precision  (AP) @[ IoU=0.50      | area=   all | maxDets=100 ] = 0.370
 Average Precision  (AP) @[ IoU=0.75      | area=   all | maxDets=100 ] = 0.233
 Average Precision  (AP) @[ IoU=0.50:0.95 | area= small | maxDets=100 ] = 0.155
 Average Precision  (AP) @[ IoU=0.50:0.95 | area=medium | maxDets=100 ] = 0.303
 Average Precision  (AP) @[ IoU=0.50:0.95 | area= large | maxDets=100 ] = 0.429
 Average Recall     (AR) @[ IoU=0.50:0.95 | area=   all | maxDets=  1 ] = 0.101
 Average Recall     (AR) @[ IoU=0.50:0.95 | area=   all | maxDets= 10 ] = 0.283
 Average Recall     (AR) @[ IoU=0.50:0.95 | area=   all | maxDets=100 ] = 0.388
 Average Recall     (AR) @[ IoU=0.50:0.95 | area= small | maxDets=100 ] = 0.307
 Average Recall     (AR) @[ IoU=0.50:0.95 | area=medium | maxDets=100 ] = 0.489
 Average Recall     (AR) @[ IoU=0.50:0.95 | area= large | maxDets=100 ] = 0.619
best_stat:  {'epoch': 37, 'coco_eval_bbox': 0.22760447554110394}
Epoch: [38]  [  0/809]  eta: 1:20:47  lr: 0.000100  loss: 9.7019 (9.7019)  loss_bbox: 0.0557 (0.0557)  loss_bbox_aux_0: 0.0606 (0.0606)  loss_bbox_aux_1: 0.0599 (0.0599)  loss_bbox_aux_2: 0.0701 (0.0701)  loss_bbox_dn_0: 0.0417 (0.0417)  loss_bbox_dn_1: 0.0347 (0.0347)  loss_bbox_dn_2: 0.0330 (0.0330)  loss_giou: 0.8922 (0.8922)  loss_giou_aux_0: 0.9150 (0.9150)  loss_giou_aux_1: 0.8947 (0.8947)  loss_giou_aux_2: 1.0019 (1.0019)  loss_giou_dn_0: 0.7552 (0.7552)  loss_giou_dn_1: 0.6835 (0.6835)  loss_giou_dn_2: 0.6737 (0.6737)  loss_vfl: 0.5344 (0.5344)  loss_vfl_aux_0: 0.5447 (0.5447)  loss_vfl_aux_1: 0.5386 (0.5386)  loss_vfl_aux_2: 0.5714 (0.5714)  loss_vfl_dn_0: 0.4649 (0.4649)  loss_vfl_dn_1: 0.4421 (0.4421)  loss_vfl_dn_2: 0.4340 (0.4340)  time: 5.9921  data: 4.0220  max mem: 11060
Epoch: [38]  [100/809]  eta: 0:13:33  lr: 0.000100  loss: 9.5874 (9.7874)  loss_bbox: 0.0658 (0.0791)  loss_bbox_aux_0: 0.0672 (0.0835)  loss_bbox_aux_1: 0.0646 (0.0806)  loss_bbox_aux_2: 0.0792 (0.0931)  loss_bbox_dn_0: 0.0487 (0.0523)  loss_bbox_dn_1: 0.0393 (0.0430)  loss_bbox_dn_2: 0.0387 (0.0420)  loss_giou: 0.8518 (0.8870)  loss_giou_aux_0: 0.8799 (0.9153)  loss_giou_aux_1: 0.8591 (0.8953)  loss_giou_aux_2: 0.9488 (0.9789)  loss_giou_dn_0: 0.7479 (0.7480)  loss_giou_dn_1: 0.6667 (0.6644)  loss_giou_dn_2: 0.6560 (0.6550)  loss_vfl: 0.5261 (0.5352)  loss_vfl_aux_0: 0.5404 (0.5509)  loss_vfl_aux_1: 0.5303 (0.5420)  loss_vfl_aux_2: 0.5447 (0.5661)  loss_vfl_dn_0: 0.4725 (0.4751)  loss_vfl_dn_1: 0.4500 (0.4528)  loss_vfl_dn_2: 0.4476 (0.4478)  time: 1.0659  data: 0.0320  max mem: 11060
Epoch: [38]  [200/809]  eta: 0:11:50  lr: 0.000100  loss: 9.8625 (9.7832)  loss_bbox: 0.0877 (0.0803)  loss_bbox_aux_0: 0.0951 (0.0844)  loss_bbox_aux_1: 0.0921 (0.0819)  loss_bbox_aux_2: 0.1070 (0.0951)  loss_bbox_dn_0: 0.0523 (0.0534)  loss_bbox_dn_1: 0.0415 (0.0439)  loss_bbox_dn_2: 0.0401 (0.0428)  loss_giou: 0.8950 (0.8840)  loss_giou_aux_0: 0.9255 (0.9125)  loss_giou_aux_1: 0.9122 (0.8914)  loss_giou_aux_2: 1.0090 (0.9761)  loss_giou_dn_0: 0.7676 (0.7466)  loss_giou_dn_1: 0.6858 (0.6645)  loss_giou_dn_2: 0.6749 (0.6549)  loss_vfl: 0.5499 (0.5342)  loss_vfl_aux_0: 0.5596 (0.5516)  loss_vfl_aux_1: 0.5571 (0.5414)  loss_vfl_aux_2: 0.5454 (0.5650)  loss_vfl_dn_0: 0.4772 (0.4767)  loss_vfl_dn_1: 0.4565 (0.4538)  loss_vfl_dn_2: 0.4510 (0.4488)  time: 1.2143  data: 0.0287  max mem: 11726
Epoch: [38]  [300/809]  eta: 0:10:07  lr: 0.000100  loss: 10.0444 (9.8342)  loss_bbox: 0.0824 (0.0820)  loss_bbox_aux_0: 0.0844 (0.0860)  loss_bbox_aux_1: 0.0823 (0.0835)  loss_bbox_aux_2: 0.0939 (0.0969)  loss_bbox_dn_0: 0.0520 (0.0542)  loss_bbox_dn_1: 0.0437 (0.0446)  loss_bbox_dn_2: 0.0418 (0.0434)  loss_giou: 0.8888 (0.8904)  loss_giou_aux_0: 0.9219 (0.9182)  loss_giou_aux_1: 0.8993 (0.8979)  loss_giou_aux_2: 1.0077 (0.9815)  loss_giou_dn_0: 0.7710 (0.7494)  loss_giou_dn_1: 0.6730 (0.6670)  loss_giou_dn_2: 0.6607 (0.6570)  loss_vfl: 0.5134 (0.5363)  loss_vfl_aux_0: 0.5382 (0.5541)  loss_vfl_aux_1: 0.5338 (0.5441)  loss_vfl_aux_2: 0.5518 (0.5678)  loss_vfl_dn_0: 0.4825 (0.4768)  loss_vfl_dn_1: 0.4607 (0.4541)  loss_vfl_dn_2: 0.4563 (0.4490)  time: 1.2652  data: 0.0337  max mem: 11726
Epoch: [38]  [400/809]  eta: 0:08:08  lr: 0.000100  loss: 9.8574 (9.8462)  loss_bbox: 0.0768 (0.0823)  loss_bbox_aux_0: 0.0803 (0.0861)  loss_bbox_aux_1: 0.0768 (0.0839)  loss_bbox_aux_2: 0.0918 (0.0976)  loss_bbox_dn_0: 0.0534 (0.0545)  loss_bbox_dn_1: 0.0436 (0.0449)  loss_bbox_dn_2: 0.0429 (0.0437)  loss_giou: 0.9557 (0.8912)  loss_giou_aux_0: 0.9806 (0.9188)  loss_giou_aux_1: 0.9669 (0.8988)  loss_giou_aux_2: 1.0363 (0.9842)  loss_giou_dn_0: 0.8002 (0.7504)  loss_giou_dn_1: 0.6900 (0.6681)  loss_giou_dn_2: 0.6800 (0.6583)  loss_vfl: 0.5330 (0.5368)  loss_vfl_aux_0: 0.5366 (0.5548)  loss_vfl_aux_1: 0.5297 (0.5447)  loss_vfl_aux_2: 0.5403 (0.5673)  loss_vfl_dn_0: 0.4728 (0.4769)  loss_vfl_dn_1: 0.4515 (0.4540)  loss_vfl_dn_2: 0.4480 (0.4488)  time: 1.2185  data: 0.0339  max mem: 11726
Epoch: [38]  [500/809]  eta: 0:06:11  lr: 0.000100  loss: 9.8598 (9.8392)  loss_bbox: 0.0734 (0.0814)  loss_bbox_aux_0: 0.0745 (0.0854)  loss_bbox_aux_1: 0.0694 (0.0830)  loss_bbox_aux_2: 0.0824 (0.0965)  loss_bbox_dn_0: 0.0463 (0.0539)  loss_bbox_dn_1: 0.0379 (0.0445)  loss_bbox_dn_2: 0.0369 (0.0433)  loss_giou: 0.9452 (0.8917)  loss_giou_aux_0: 0.9787 (0.9197)  loss_giou_aux_1: 0.9531 (0.8993)  loss_giou_aux_2: 1.0140 (0.9856)  loss_giou_dn_0: 0.7601 (0.7498)  loss_giou_dn_1: 0.6679 (0.6676)  loss_giou_dn_2: 0.6552 (0.6579)  loss_vfl: 0.5115 (0.5365)  loss_vfl_aux_0: 0.5271 (0.5545)  loss_vfl_aux_1: 0.5203 (0.5446)  loss_vfl_aux_2: 0.5422 (0.5668)  loss_vfl_dn_0: 0.4658 (0.4761)  loss_vfl_dn_1: 0.4420 (0.4532)  loss_vfl_dn_2: 0.4357 (0.4481)  time: 1.2568  data: 0.0309  max mem: 11726
Epoch: [38]  [600/809]  eta: 0:04:10  lr: 0.000100  loss: 9.4478 (9.8197)  loss_bbox: 0.0669 (0.0808)  loss_bbox_aux_0: 0.0725 (0.0847)  loss_bbox_aux_1: 0.0763 (0.0823)  loss_bbox_aux_2: 0.0836 (0.0956)  loss_bbox_dn_0: 0.0486 (0.0535)  loss_bbox_dn_1: 0.0424 (0.0442)  loss_bbox_dn_2: 0.0406 (0.0430)  loss_giou: 0.8240 (0.8891)  loss_giou_aux_0: 0.8266 (0.9168)  loss_giou_aux_1: 0.8322 (0.8968)  loss_giou_aux_2: 0.8948 (0.9817)  loss_giou_dn_0: 0.7154 (0.7481)  loss_giou_dn_1: 0.6382 (0.6664)  loss_giou_dn_2: 0.6360 (0.6569)  loss_vfl: 0.5481 (0.5366)  loss_vfl_aux_0: 0.5583 (0.5547)  loss_vfl_aux_1: 0.5563 (0.5444)  loss_vfl_aux_2: 0.5803 (0.5680)  loss_vfl_dn_0: 0.4762 (0.4759)  loss_vfl_dn_1: 0.4440 (0.4527)  loss_vfl_dn_2: 0.4384 (0.4475)  time: 1.1422  data: 0.0300  max mem: 11726
Epoch: [38]  [700/809]  eta: 0:02:09  lr: 0.000100  loss: 9.4610 (9.8132)  loss_bbox: 0.0681 (0.0806)  loss_bbox_aux_0: 0.0735 (0.0846)  loss_bbox_aux_1: 0.0665 (0.0821)  loss_bbox_aux_2: 0.0784 (0.0955)  loss_bbox_dn_0: 0.0521 (0.0539)  loss_bbox_dn_1: 0.0418 (0.0446)  loss_bbox_dn_2: 0.0401 (0.0434)  loss_giou: 0.8388 (0.8863)  loss_giou_aux_0: 0.8657 (0.9140)  loss_giou_aux_1: 0.8364 (0.8941)  loss_giou_aux_2: 0.9294 (0.9788)  loss_giou_dn_0: 0.7443 (0.7473)  loss_giou_dn_1: 0.6630 (0.6659)  loss_giou_dn_2: 0.6520 (0.6563)  loss_vfl: 0.5308 (0.5379)  loss_vfl_aux_0: 0.5546 (0.5559)  loss_vfl_aux_1: 0.5448 (0.5457)  loss_vfl_aux_2: 0.5698 (0.5695)  loss_vfl_dn_0: 0.4760 (0.4762)  loss_vfl_dn_1: 0.4513 (0.4529)  loss_vfl_dn_2: 0.4446 (0.4476)  time: 1.1035  data: 0.0293  max mem: 11726
Epoch: [38]  [800/809]  eta: 0:00:10  lr: 0.000100  loss: 9.4062 (9.8073)  loss_bbox: 0.0691 (0.0804)  loss_bbox_aux_0: 0.0721 (0.0845)  loss_bbox_aux_1: 0.0700 (0.0819)  loss_bbox_aux_2: 0.0866 (0.0952)  loss_bbox_dn_0: 0.0504 (0.0537)  loss_bbox_dn_1: 0.0408 (0.0444)  loss_bbox_dn_2: 0.0389 (0.0432)  loss_giou: 0.8450 (0.8870)  loss_giou_aux_0: 0.8554 (0.9147)  loss_giou_aux_1: 0.8517 (0.8950)  loss_giou_aux_2: 0.9122 (0.9789)  loss_giou_dn_0: 0.7116 (0.7472)  loss_giou_dn_1: 0.6378 (0.6658)  loss_giou_dn_2: 0.6201 (0.6563)  loss_vfl: 0.5081 (0.5362)  loss_vfl_aux_0: 0.5282 (0.5544)  loss_vfl_aux_1: 0.5197 (0.5442)  loss_vfl_aux_2: 0.5460 (0.5683)  loss_vfl_dn_0: 0.4741 (0.4760)  loss_vfl_dn_1: 0.4529 (0.4527)  loss_vfl_dn_2: 0.4465 (0.4474)  time: 1.2275  data: 0.0301  max mem: 11726
Epoch: [38]  [808/809]  eta: 0:00:01  lr: 0.000100  loss: 9.4390 (9.8074)  loss_bbox: 0.0688 (0.0804)  loss_bbox_aux_0: 0.0718 (0.0844)  loss_bbox_aux_1: 0.0698 (0.0819)  loss_bbox_aux_2: 0.0866 (0.0952)  loss_bbox_dn_0: 0.0468 (0.0536)  loss_bbox_dn_1: 0.0394 (0.0443)  loss_bbox_dn_2: 0.0382 (0.0432)  loss_giou: 0.8066 (0.8871)  loss_giou_aux_0: 0.8322 (0.9148)  loss_giou_aux_1: 0.8095 (0.8951)  loss_giou_aux_2: 0.9306 (0.9791)  loss_giou_dn_0: 0.6909 (0.7471)  loss_giou_dn_1: 0.6057 (0.6657)  loss_giou_dn_2: 0.5971 (0.6561)  loss_vfl: 0.5483 (0.5362)  loss_vfl_aux_0: 0.5541 (0.5543)  loss_vfl_aux_1: 0.5569 (0.5442)  loss_vfl_aux_2: 0.5840 (0.5684)  loss_vfl_dn_0: 0.4802 (0.4761)  loss_vfl_dn_1: 0.4534 (0.4528)  loss_vfl_dn_2: 0.4465 (0.4475)  time: 1.0805  data: 0.0299  max mem: 11726
Epoch: [38] Total time: 0:15:56 (1.1829 s / it)
Averaged stats: lr: 0.000100  loss: 9.4390 (9.8074)  loss_bbox: 0.0688 (0.0804)  loss_bbox_aux_0: 0.0718 (0.0844)  loss_bbox_aux_1: 0.0698 (0.0819)  loss_bbox_aux_2: 0.0866 (0.0952)  loss_bbox_dn_0: 0.0468 (0.0536)  loss_bbox_dn_1: 0.0394 (0.0443)  loss_bbox_dn_2: 0.0382 (0.0432)  loss_giou: 0.8066 (0.8871)  loss_giou_aux_0: 0.8322 (0.9148)  loss_giou_aux_1: 0.8095 (0.8951)  loss_giou_aux_2: 0.9306 (0.9791)  loss_giou_dn_0: 0.6909 (0.7471)  loss_giou_dn_1: 0.6057 (0.6657)  loss_giou_dn_2: 0.5971 (0.6561)  loss_vfl: 0.5483 (0.5362)  loss_vfl_aux_0: 0.5541 (0.5543)  loss_vfl_aux_1: 0.5569 (0.5442)  loss_vfl_aux_2: 0.5840 (0.5684)  loss_vfl_dn_0: 0.4802 (0.4761)  loss_vfl_dn_1: 0.4534 (0.4528)  loss_vfl_dn_2: 0.4465 (0.4475)
Test:  [ 0/69]  eta: 0:01:55    time: 1.6703  data: 0.9605  max mem: 11726
Test:  [10/69]  eta: 0:00:52    time: 0.8890  data: 0.1094  max mem: 11726
Test:  [20/69]  eta: 0:00:40    time: 0.7791  data: 0.0245  max mem: 11726
Test:  [30/69]  eta: 0:00:30    time: 0.7154  data: 0.0248  max mem: 11726
Test:  [40/69]  eta: 0:00:21    time: 0.6734  data: 0.0244  max mem: 11726
Test:  [50/69]  eta: 0:00:13    time: 0.6347  data: 0.0250  max mem: 11726
Test:  [60/69]  eta: 0:00:06    time: 0.6074  data: 0.0262  max mem: 11726
Test:  [68/69]  eta: 0:00:00    time: 0.6249  data: 0.0247  max mem: 11726
Test: Total time: 0:00:48 (0.6994 s / it)
Averaged stats: 
Accumulating evaluation results...
DONE (t=2.38s).
IoU metric: bbox
 Average Precision  (AP) @[ IoU=0.50:0.95 | area=   all | maxDets=100 ] = 0.228
 Average Precision  (AP) @[ IoU=0.50      | area=   all | maxDets=100 ] = 0.372
 Average Precision  (AP) @[ IoU=0.75      | area=   all | maxDets=100 ] = 0.233
 Average Precision  (AP) @[ IoU=0.50:0.95 | area= small | maxDets=100 ] = 0.156
 Average Precision  (AP) @[ IoU=0.50:0.95 | area=medium | maxDets=100 ] = 0.303
 Average Precision  (AP) @[ IoU=0.50:0.95 | area= large | maxDets=100 ] = 0.422
 Average Recall     (AR) @[ IoU=0.50:0.95 | area=   all | maxDets=  1 ] = 0.101
 Average Recall     (AR) @[ IoU=0.50:0.95 | area=   all | maxDets= 10 ] = 0.284
 Average Recall     (AR) @[ IoU=0.50:0.95 | area=   all | maxDets=100 ] = 0.390
 Average Recall     (AR) @[ IoU=0.50:0.95 | area= small | maxDets=100 ] = 0.310
 Average Recall     (AR) @[ IoU=0.50:0.95 | area=medium | maxDets=100 ] = 0.489
 Average Recall     (AR) @[ IoU=0.50:0.95 | area= large | maxDets=100 ] = 0.611
best_stat:  {'epoch': 38, 'coco_eval_bbox': 0.22801554401941315}
Epoch: [39]  [  0/809]  eta: 1:37:05  lr: 0.000100  loss: 11.8456 (11.8456)  loss_bbox: 0.1189 (0.1189)  loss_bbox_aux_0: 0.1192 (0.1192)  loss_bbox_aux_1: 0.1188 (0.1188)  loss_bbox_aux_2: 0.1284 (0.1284)  loss_bbox_dn_0: 0.0331 (0.0331)  loss_bbox_dn_1: 0.0279 (0.0279)  loss_bbox_dn_2: 0.0275 (0.0275)  loss_giou: 1.4249 (1.4249)  loss_giou_aux_0: 1.4440 (1.4440)  loss_giou_aux_1: 1.4286 (1.4286)  loss_giou_aux_2: 1.4825 (1.4825)  loss_giou_dn_0: 0.8984 (0.8984)  loss_giou_dn_1: 0.8308 (0.8308)  loss_giou_dn_2: 0.8248 (0.8248)  loss_vfl: 0.3854 (0.3854)  loss_vfl_aux_0: 0.3923 (0.3923)  loss_vfl_aux_1: 0.3892 (0.3892)  loss_vfl_aux_2: 0.3947 (0.3947)  loss_vfl_dn_0: 0.4696 (0.4696)  loss_vfl_dn_1: 0.4546 (0.4546)  loss_vfl_dn_2: 0.4523 (0.4523)  time: 7.2011  data: 5.0908  max mem: 11726
Epoch: [39]  [100/809]  eta: 0:15:01  lr: 0.000100  loss: 9.9813 (9.9186)  loss_bbox: 0.0745 (0.0805)  loss_bbox_aux_0: 0.0777 (0.0847)  loss_bbox_aux_1: 0.0765 (0.0822)  loss_bbox_aux_2: 0.0875 (0.0951)  loss_bbox_dn_0: 0.0454 (0.0515)  loss_bbox_dn_1: 0.0385 (0.0429)  loss_bbox_dn_2: 0.0379 (0.0418)  loss_giou: 0.9570 (0.9258)  loss_giou_aux_0: 0.9737 (0.9539)  loss_giou_aux_1: 0.9712 (0.9348)  loss_giou_aux_2: 1.0299 (1.0125)  loss_giou_dn_0: 0.8003 (0.7607)  loss_giou_dn_1: 0.7279 (0.6837)  loss_giou_dn_2: 0.7231 (0.6742)  loss_vfl: 0.5081 (0.5183)  loss_vfl_aux_0: 0.5172 (0.5343)  loss_vfl_aux_1: 0.5171 (0.5259)  loss_vfl_aux_2: 0.5342 (0.5490)  loss_vfl_dn_0: 0.4628 (0.4716)  loss_vfl_dn_1: 0.4430 (0.4500)  loss_vfl_dn_2: 0.4431 (0.4452)  time: 1.2026  data: 0.0354  max mem: 11726
Epoch: [39]  [200/809]  eta: 0:12:40  lr: 0.000100  loss: 9.5277 (9.8300)  loss_bbox: 0.0644 (0.0787)  loss_bbox_aux_0: 0.0692 (0.0829)  loss_bbox_aux_1: 0.0687 (0.0803)  loss_bbox_aux_2: 0.0826 (0.0935)  loss_bbox_dn_0: 0.0512 (0.0529)  loss_bbox_dn_1: 0.0431 (0.0438)  loss_bbox_dn_2: 0.0414 (0.0427)  loss_giou: 0.8651 (0.8988)  loss_giou_aux_0: 0.9018 (0.9279)  loss_giou_aux_1: 0.8720 (0.9073)  loss_giou_aux_2: 0.9632 (0.9880)  loss_giou_dn_0: 0.7462 (0.7506)  loss_giou_dn_1: 0.6738 (0.6722)  loss_giou_dn_2: 0.6640 (0.6625)  loss_vfl: 0.5372 (0.5297)  loss_vfl_aux_0: 0.5348 (0.5462)  loss_vfl_aux_1: 0.5314 (0.5382)  loss_vfl_aux_2: 0.5636 (0.5629)  loss_vfl_dn_0: 0.4791 (0.4746)  loss_vfl_dn_1: 0.4500 (0.4508)  loss_vfl_dn_2: 0.4427 (0.4456)  time: 1.2597  data: 0.0315  max mem: 11726
Epoch: [39]  [300/809]  eta: 0:10:30  lr: 0.000100  loss: 9.2044 (9.7855)  loss_bbox: 0.0641 (0.0772)  loss_bbox_aux_0: 0.0690 (0.0812)  loss_bbox_aux_1: 0.0656 (0.0787)  loss_bbox_aux_2: 0.0817 (0.0921)  loss_bbox_dn_0: 0.0526 (0.0534)  loss_bbox_dn_1: 0.0444 (0.0439)  loss_bbox_dn_2: 0.0442 (0.0427)  loss_giou: 0.7249 (0.8864)  loss_giou_aux_0: 0.7521 (0.9156)  loss_giou_aux_1: 0.7354 (0.8944)  loss_giou_aux_2: 0.8447 (0.9780)  loss_giou_dn_0: 0.6920 (0.7499)  loss_giou_dn_1: 0.6109 (0.6685)  loss_giou_dn_2: 0.6036 (0.6584)  loss_vfl: 0.5551 (0.5339)  loss_vfl_aux_0: 0.6021 (0.5516)  loss_vfl_aux_1: 0.5758 (0.5432)  loss_vfl_aux_2: 0.6097 (0.5662)  loss_vfl_dn_0: 0.4714 (0.4742)  loss_vfl_dn_1: 0.4490 (0.4509)  loss_vfl_dn_2: 0.4423 (0.4452)  time: 1.2560  data: 0.0364  max mem: 11726
Epoch: [39]  [400/809]  eta: 0:08:24  lr: 0.000100  loss: 9.5476 (9.7532)  loss_bbox: 0.0645 (0.0772)  loss_bbox_aux_0: 0.0699 (0.0815)  loss_bbox_aux_1: 0.0671 (0.0787)  loss_bbox_aux_2: 0.0884 (0.0919)  loss_bbox_dn_0: 0.0517 (0.0532)  loss_bbox_dn_1: 0.0427 (0.0438)  loss_bbox_dn_2: 0.0415 (0.0426)  loss_giou: 0.8396 (0.8778)  loss_giou_aux_0: 0.8486 (0.9070)  loss_giou_aux_1: 0.8446 (0.8861)  loss_giou_aux_2: 0.9172 (0.9707)  loss_giou_dn_0: 0.7240 (0.7461)  loss_giou_dn_1: 0.6655 (0.6648)  loss_giou_dn_2: 0.6562 (0.6548)  loss_vfl: 0.5343 (0.5369)  loss_vfl_aux_0: 0.5399 (0.5542)  loss_vfl_aux_1: 0.5376 (0.5458)  loss_vfl_aux_2: 0.5721 (0.5690)  loss_vfl_dn_0: 0.4780 (0.4748)  loss_vfl_dn_1: 0.4529 (0.4511)  loss_vfl_dn_2: 0.4491 (0.4455)  time: 1.1472  data: 0.0288  max mem: 11726
Epoch: [39]  [500/809]  eta: 0:06:14  lr: 0.000100  loss: 9.8807 (9.7836)  loss_bbox: 0.0805 (0.0782)  loss_bbox_aux_0: 0.0824 (0.0826)  loss_bbox_aux_1: 0.0795 (0.0796)  loss_bbox_aux_2: 0.0988 (0.0935)  loss_bbox_dn_0: 0.0504 (0.0538)  loss_bbox_dn_1: 0.0429 (0.0442)  loss_bbox_dn_2: 0.0419 (0.0430)  loss_giou: 0.8768 (0.8814)  loss_giou_aux_0: 0.9140 (0.9113)  loss_giou_aux_1: 0.8875 (0.8899)  loss_giou_aux_2: 0.9927 (0.9773)  loss_giou_dn_0: 0.7419 (0.7481)  loss_giou_dn_1: 0.6626 (0.6659)  loss_giou_dn_2: 0.6536 (0.6559)  loss_vfl: 0.5485 (0.5375)  loss_vfl_aux_0: 0.5593 (0.5542)  loss_vfl_aux_1: 0.5520 (0.5463)  loss_vfl_aux_2: 0.5687 (0.5679)  loss_vfl_dn_0: 0.4717 (0.4751)  loss_vfl_dn_1: 0.4491 (0.4517)  loss_vfl_dn_2: 0.4431 (0.4462)  time: 1.1269  data: 0.0311  max mem: 11726
Epoch: [39]  [600/809]  eta: 0:04:12  lr: 0.000100  loss: 9.8605 (9.7877)  loss_bbox: 0.0725 (0.0788)  loss_bbox_aux_0: 0.0753 (0.0832)  loss_bbox_aux_1: 0.0728 (0.0803)  loss_bbox_aux_2: 0.0883 (0.0941)  loss_bbox_dn_0: 0.0542 (0.0539)  loss_bbox_dn_1: 0.0430 (0.0443)  loss_bbox_dn_2: 0.0429 (0.0430)  loss_giou: 0.8641 (0.8835)  loss_giou_aux_0: 0.8969 (0.9130)  loss_giou_aux_1: 0.8690 (0.8920)  loss_giou_aux_2: 0.9745 (0.9782)  loss_giou_dn_0: 0.7487 (0.7478)  loss_giou_dn_1: 0.6625 (0.6657)  loss_giou_dn_2: 0.6501 (0.6558)  loss_vfl: 0.5494 (0.5362)  loss_vfl_aux_0: 0.5715 (0.5532)  loss_vfl_aux_1: 0.5607 (0.5450)  loss_vfl_aux_2: 0.5786 (0.5671)  loss_vfl_dn_0: 0.4781 (0.4750)  loss_vfl_dn_1: 0.4609 (0.4515)  loss_vfl_dn_2: 0.4529 (0.4460)  time: 1.2170  data: 0.0356  max mem: 11726
Epoch: [39]  [700/809]  eta: 0:02:11  lr: 0.000100  loss: 9.8651 (9.7915)  loss_bbox: 0.0761 (0.0792)  loss_bbox_aux_0: 0.0804 (0.0837)  loss_bbox_aux_1: 0.0762 (0.0807)  loss_bbox_aux_2: 0.0952 (0.0946)  loss_bbox_dn_0: 0.0546 (0.0540)  loss_bbox_dn_1: 0.0438 (0.0443)  loss_bbox_dn_2: 0.0430 (0.0431)  loss_giou: 0.8678 (0.8853)  loss_giou_aux_0: 0.8787 (0.9143)  loss_giou_aux_1: 0.8607 (0.8939)  loss_giou_aux_2: 0.9430 (0.9786)  loss_giou_dn_0: 0.7511 (0.7477)  loss_giou_dn_1: 0.6732 (0.6658)  loss_giou_dn_2: 0.6622 (0.6560)  loss_vfl: 0.5452 (0.5349)  loss_vfl_aux_0: 0.5568 (0.5521)  loss_vfl_aux_1: 0.5513 (0.5436)  loss_vfl_aux_2: 0.5685 (0.5668)  loss_vfl_dn_0: 0.4738 (0.4751)  loss_vfl_dn_1: 0.4534 (0.4518)  loss_vfl_dn_2: 0.4497 (0.4462)  time: 1.2350  data: 0.0316  max mem: 11726
Epoch: [39]  [800/809]  eta: 0:00:10  lr: 0.000100  loss: 9.6711 (9.7919)  loss_bbox: 0.0740 (0.0789)  loss_bbox_aux_0: 0.0747 (0.0834)  loss_bbox_aux_1: 0.0728 (0.0804)  loss_bbox_aux_2: 0.0842 (0.0941)  loss_bbox_dn_0: 0.0531 (0.0538)  loss_bbox_dn_1: 0.0438 (0.0442)  loss_bbox_dn_2: 0.0430 (0.0430)  loss_giou: 0.8417 (0.8860)  loss_giou_aux_0: 0.8668 (0.9150)  loss_giou_aux_1: 0.8524 (0.8946)  loss_giou_aux_2: 0.9363 (0.9785)  loss_giou_dn_0: 0.7582 (0.7483)  loss_giou_dn_1: 0.6707 (0.6663)  loss_giou_dn_2: 0.6520 (0.6565)  loss_vfl: 0.5437 (0.5344)  loss_vfl_aux_0: 0.5521 (0.5515)  loss_vfl_aux_1: 0.5446 (0.5431)  loss_vfl_aux_2: 0.5781 (0.5666)  loss_vfl_dn_0: 0.4772 (0.4752)  loss_vfl_dn_1: 0.4546 (0.4517)  loss_vfl_dn_2: 0.4443 (0.4463)  time: 1.2416  data: 0.0315  max mem: 11726
Epoch: [39]  [808/809]  eta: 0:00:01  lr: 0.000100  loss: 10.0098 (9.7929)  loss_bbox: 0.0729 (0.0789)  loss_bbox_aux_0: 0.0747 (0.0834)  loss_bbox_aux_1: 0.0740 (0.0803)  loss_bbox_aux_2: 0.0875 (0.0941)  loss_bbox_dn_0: 0.0504 (0.0538)  loss_bbox_dn_1: 0.0403 (0.0441)  loss_bbox_dn_2: 0.0389 (0.0429)  loss_giou: 0.9418 (0.8864)  loss_giou_aux_0: 0.9715 (0.9154)  loss_giou_aux_1: 0.9466 (0.8950)  loss_giou_aux_2: 1.0282 (0.9787)  loss_giou_dn_0: 0.7652 (0.7485)  loss_giou_dn_1: 0.6934 (0.6664)  loss_giou_dn_2: 0.6903 (0.6566)  loss_vfl: 0.5286 (0.5342)  loss_vfl_aux_0: 0.5420 (0.5514)  loss_vfl_aux_1: 0.5337 (0.5431)  loss_vfl_aux_2: 0.5706 (0.5663)  loss_vfl_dn_0: 0.4756 (0.4752)  loss_vfl_dn_1: 0.4512 (0.4517)  loss_vfl_dn_2: 0.4444 (0.4463)  time: 1.0579  data: 0.0293  max mem: 11726
Epoch: [39] Total time: 0:16:17 (1.2084 s / it)
Averaged stats: lr: 0.000100  loss: 10.0098 (9.7929)  loss_bbox: 0.0729 (0.0789)  loss_bbox_aux_0: 0.0747 (0.0834)  loss_bbox_aux_1: 0.0740 (0.0803)  loss_bbox_aux_2: 0.0875 (0.0941)  loss_bbox_dn_0: 0.0504 (0.0538)  loss_bbox_dn_1: 0.0403 (0.0441)  loss_bbox_dn_2: 0.0389 (0.0429)  loss_giou: 0.9418 (0.8864)  loss_giou_aux_0: 0.9715 (0.9154)  loss_giou_aux_1: 0.9466 (0.8950)  loss_giou_aux_2: 1.0282 (0.9787)  loss_giou_dn_0: 0.7652 (0.7485)  loss_giou_dn_1: 0.6934 (0.6664)  loss_giou_dn_2: 0.6903 (0.6566)  loss_vfl: 0.5286 (0.5342)  loss_vfl_aux_0: 0.5420 (0.5514)  loss_vfl_aux_1: 0.5337 (0.5431)  loss_vfl_aux_2: 0.5706 (0.5663)  loss_vfl_dn_0: 0.4756 (0.4752)  loss_vfl_dn_1: 0.4512 (0.4517)  loss_vfl_dn_2: 0.4444 (0.4463)
Test:  [ 0/69]  eta: 0:01:42    time: 1.4801  data: 0.8316  max mem: 11726
Test:  [10/69]  eta: 0:00:46    time: 0.7944  data: 0.0921  max mem: 11726
Test:  [20/69]  eta: 0:00:37    time: 0.7233  data: 0.0217  max mem: 11726
Test:  [30/69]  eta: 0:00:28    time: 0.6998  data: 0.0259  max mem: 11726
Test:  [40/69]  eta: 0:00:20    time: 0.6647  data: 0.0266  max mem: 11726
Test:  [50/69]  eta: 0:00:13    time: 0.6225  data: 0.0267  max mem: 11726
Test:  [60/69]  eta: 0:00:06    time: 0.5937  data: 0.0264  max mem: 11726
Test:  [68/69]  eta: 0:00:00    time: 0.6104  data: 0.0247  max mem: 11726
Test: Total time: 0:00:46 (0.6725 s / it)
Averaged stats: 
Accumulating evaluation results...
DONE (t=2.41s).
IoU metric: bbox
 Average Precision  (AP) @[ IoU=0.50:0.95 | area=   all | maxDets=100 ] = 0.231
 Average Precision  (AP) @[ IoU=0.50      | area=   all | maxDets=100 ] = 0.375
 Average Precision  (AP) @[ IoU=0.75      | area=   all | maxDets=100 ] = 0.236
 Average Precision  (AP) @[ IoU=0.50:0.95 | area= small | maxDets=100 ] = 0.157
 Average Precision  (AP) @[ IoU=0.50:0.95 | area=medium | maxDets=100 ] = 0.308
 Average Precision  (AP) @[ IoU=0.50:0.95 | area= large | maxDets=100 ] = 0.431
 Average Recall     (AR) @[ IoU=0.50:0.95 | area=   all | maxDets=  1 ] = 0.102
 Average Recall     (AR) @[ IoU=0.50:0.95 | area=   all | maxDets= 10 ] = 0.285
 Average Recall     (AR) @[ IoU=0.50:0.95 | area=   all | maxDets=100 ] = 0.391
 Average Recall     (AR) @[ IoU=0.50:0.95 | area= small | maxDets=100 ] = 0.311
 Average Recall     (AR) @[ IoU=0.50:0.95 | area=medium | maxDets=100 ] = 0.492
 Average Recall     (AR) @[ IoU=0.50:0.95 | area= large | maxDets=100 ] = 0.613
best_stat:  {'epoch': 39, 'coco_eval_bbox': 0.23078694595606733}
Epoch: [40]  [  0/809]  eta: 1:26:17  lr: 0.000100  loss: 9.1337 (9.1337)  loss_bbox: 0.0721 (0.0721)  loss_bbox_aux_0: 0.0751 (0.0751)  loss_bbox_aux_1: 0.0724 (0.0724)  loss_bbox_aux_2: 0.0870 (0.0870)  loss_bbox_dn_0: 0.0739 (0.0739)  loss_bbox_dn_1: 0.0583 (0.0583)  loss_bbox_dn_2: 0.0570 (0.0570)  loss_giou: 0.7046 (0.7046)  loss_giou_aux_0: 0.7213 (0.7213)  loss_giou_aux_1: 0.7061 (0.7061)  loss_giou_aux_2: 0.7995 (0.7995)  loss_giou_dn_0: 0.6846 (0.6846)  loss_giou_dn_1: 0.5957 (0.5957)  loss_giou_dn_2: 0.5898 (0.5898)  loss_vfl: 0.5989 (0.5989)  loss_vfl_aux_0: 0.6265 (0.6265)  loss_vfl_aux_1: 0.6116 (0.6116)  loss_vfl_aux_2: 0.6238 (0.6238)  loss_vfl_dn_0: 0.4799 (0.4799)  loss_vfl_dn_1: 0.4507 (0.4507)  loss_vfl_dn_2: 0.4451 (0.4451)  time: 6.3997  data: 3.3075  max mem: 11726
Epoch: [40]  [100/809]  eta: 0:15:17  lr: 0.000100  loss: 9.6339 (9.7504)  loss_bbox: 0.0623 (0.0772)  loss_bbox_aux_0: 0.0720 (0.0818)  loss_bbox_aux_1: 0.0639 (0.0790)  loss_bbox_aux_2: 0.0821 (0.0906)  loss_bbox_dn_0: 0.0508 (0.0518)  loss_bbox_dn_1: 0.0413 (0.0425)  loss_bbox_dn_2: 0.0397 (0.0412)  loss_giou: 0.8878 (0.8852)  loss_giou_aux_0: 0.9065 (0.9116)  loss_giou_aux_1: 0.9014 (0.8941)  loss_giou_aux_2: 0.9324 (0.9732)  loss_giou_dn_0: 0.7590 (0.7444)  loss_giou_dn_1: 0.6803 (0.6623)  loss_giou_dn_2: 0.6685 (0.6520)  loss_vfl: 0.5348 (0.5299)  loss_vfl_aux_0: 0.5490 (0.5510)  loss_vfl_aux_1: 0.5457 (0.5405)  loss_vfl_aux_2: 0.5647 (0.5691)  loss_vfl_dn_0: 0.4732 (0.4752)  loss_vfl_dn_1: 0.4492 (0.4516)  loss_vfl_dn_2: 0.4388 (0.4462)  time: 1.2707  data: 0.0338  max mem: 11726
Epoch: [40]  [200/809]  eta: 0:12:29  lr: 0.000100  loss: 10.0898 (9.7543)  loss_bbox: 0.0837 (0.0797)  loss_bbox_aux_0: 0.0821 (0.0843)  loss_bbox_aux_1: 0.0793 (0.0813)  loss_bbox_aux_2: 0.0947 (0.0941)  loss_bbox_dn_0: 0.0536 (0.0532)  loss_bbox_dn_1: 0.0428 (0.0436)  loss_bbox_dn_2: 0.0418 (0.0422)  loss_giou: 0.8955 (0.8819)  loss_giou_aux_0: 0.9002 (0.9101)  loss_giou_aux_1: 0.9144 (0.8912)  loss_giou_aux_2: 0.9697 (0.9740)  loss_giou_dn_0: 0.7733 (0.7441)  loss_giou_dn_1: 0.6960 (0.6617)  loss_giou_dn_2: 0.6896 (0.6518)  loss_vfl: 0.5204 (0.5296)  loss_vfl_aux_0: 0.5452 (0.5500)  loss_vfl_aux_1: 0.5364 (0.5394)  loss_vfl_aux_2: 0.5555 (0.5692)  loss_vfl_dn_0: 0.4779 (0.4753)  loss_vfl_dn_1: 0.4535 (0.4517)  loss_vfl_dn_2: 0.4457 (0.4460)  time: 1.1019  data: 0.0274  max mem: 11726
Epoch: [40]  [300/809]  eta: 0:10:06  lr: 0.000100  loss: 9.5315 (9.7535)  loss_bbox: 0.0701 (0.0794)  loss_bbox_aux_0: 0.0719 (0.0842)  loss_bbox_aux_1: 0.0678 (0.0809)  loss_bbox_aux_2: 0.0843 (0.0939)  loss_bbox_dn_0: 0.0497 (0.0532)  loss_bbox_dn_1: 0.0399 (0.0437)  loss_bbox_dn_2: 0.0399 (0.0424)  loss_giou: 0.8226 (0.8851)  loss_giou_aux_0: 0.8424 (0.9132)  loss_giou_aux_1: 0.8267 (0.8930)  loss_giou_aux_2: 0.9466 (0.9750)  loss_giou_dn_0: 0.7168 (0.7453)  loss_giou_dn_1: 0.6249 (0.6634)  loss_giou_dn_2: 0.6169 (0.6536)  loss_vfl: 0.5282 (0.5272)  loss_vfl_aux_0: 0.5485 (0.5464)  loss_vfl_aux_1: 0.5424 (0.5373)  loss_vfl_aux_2: 0.5696 (0.5645)  loss_vfl_dn_0: 0.4706 (0.4746)  loss_vfl_dn_1: 0.4503 (0.4514)  loss_vfl_dn_2: 0.4432 (0.4459)  time: 1.1174  data: 0.0276  max mem: 11726
Epoch: [40]  [400/809]  eta: 0:08:09  lr: 0.000100  loss: 9.6806 (9.7349)  loss_bbox: 0.0631 (0.0791)  loss_bbox_aux_0: 0.0692 (0.0841)  loss_bbox_aux_1: 0.0655 (0.0806)  loss_bbox_aux_2: 0.0762 (0.0943)  loss_bbox_dn_0: 0.0499 (0.0537)  loss_bbox_dn_1: 0.0405 (0.0442)  loss_bbox_dn_2: 0.0392 (0.0429)  loss_giou: 0.8695 (0.8787)  loss_giou_aux_0: 0.9024 (0.9076)  loss_giou_aux_1: 0.8705 (0.8870)  loss_giou_aux_2: 0.9654 (0.9685)  loss_giou_dn_0: 0.7510 (0.7434)  loss_giou_dn_1: 0.6611 (0.6614)  loss_giou_dn_2: 0.6478 (0.6516)  loss_vfl: 0.5458 (0.5306)  loss_vfl_aux_0: 0.5565 (0.5489)  loss_vfl_aux_1: 0.5580 (0.5403)  loss_vfl_aux_2: 0.5747 (0.5661)  loss_vfl_dn_0: 0.4746 (0.4745)  loss_vfl_dn_1: 0.4507 (0.4514)  loss_vfl_dn_2: 0.4474 (0.4459)  time: 1.2296  data: 0.0312  max mem: 11726
Epoch: [40]  [500/809]  eta: 0:06:09  lr: 0.000100  loss: 9.6030 (9.7230)  loss_bbox: 0.0721 (0.0784)  loss_bbox_aux_0: 0.0807 (0.0834)  loss_bbox_aux_1: 0.0776 (0.0798)  loss_bbox_aux_2: 0.0903 (0.0938)  loss_bbox_dn_0: 0.0508 (0.0536)  loss_bbox_dn_1: 0.0403 (0.0442)  loss_bbox_dn_2: 0.0392 (0.0429)  loss_giou: 0.8277 (0.8762)  loss_giou_aux_0: 0.8581 (0.9052)  loss_giou_aux_1: 0.8389 (0.8844)  loss_giou_aux_2: 0.9054 (0.9660)  loss_giou_dn_0: 0.7112 (0.7424)  loss_giou_dn_1: 0.6240 (0.6608)  loss_giou_dn_2: 0.6245 (0.6512)  loss_vfl: 0.5389 (0.5318)  loss_vfl_aux_0: 0.5468 (0.5497)  loss_vfl_aux_1: 0.5382 (0.5416)  loss_vfl_aux_2: 0.5675 (0.5663)  loss_vfl_dn_0: 0.4724 (0.4746)  loss_vfl_dn_1: 0.4500 (0.4512)  loss_vfl_dn_2: 0.4435 (0.4457)  time: 1.2070  data: 0.0321  max mem: 11726
Epoch: [40]  [600/809]  eta: 0:04:11  lr: 0.000100  loss: 9.5446 (9.7239)  loss_bbox: 0.0699 (0.0784)  loss_bbox_aux_0: 0.0757 (0.0835)  loss_bbox_aux_1: 0.0699 (0.0799)  loss_bbox_aux_2: 0.0842 (0.0939)  loss_bbox_dn_0: 0.0529 (0.0537)  loss_bbox_dn_1: 0.0447 (0.0443)  loss_bbox_dn_2: 0.0431 (0.0430)  loss_giou: 0.8090 (0.8752)  loss_giou_aux_0: 0.8233 (0.9039)  loss_giou_aux_1: 0.8021 (0.8830)  loss_giou_aux_2: 0.9199 (0.9667)  loss_giou_dn_0: 0.7333 (0.7424)  loss_giou_dn_1: 0.6635 (0.6612)  loss_giou_dn_2: 0.6501 (0.6516)  loss_vfl: 0.5411 (0.5325)  loss_vfl_aux_0: 0.5585 (0.5502)  loss_vfl_aux_1: 0.5542 (0.5426)  loss_vfl_aux_2: 0.5779 (0.5663)  loss_vfl_dn_0: 0.4742 (0.4746)  loss_vfl_dn_1: 0.4463 (0.4512)  loss_vfl_dn_2: 0.4386 (0.4456)  time: 1.1935  data: 0.0310  max mem: 11726
Epoch: [40]  [700/809]  eta: 0:02:10  lr: 0.000100  loss: 9.9197 (9.7259)  loss_bbox: 0.0869 (0.0785)  loss_bbox_aux_0: 0.0911 (0.0836)  loss_bbox_aux_1: 0.0850 (0.0799)  loss_bbox_aux_2: 0.0981 (0.0939)  loss_bbox_dn_0: 0.0503 (0.0537)  loss_bbox_dn_1: 0.0418 (0.0442)  loss_bbox_dn_2: 0.0411 (0.0430)  loss_giou: 0.9040 (0.8749)  loss_giou_aux_0: 0.9387 (0.9034)  loss_giou_aux_1: 0.9098 (0.8826)  loss_giou_aux_2: 1.0220 (0.9667)  loss_giou_dn_0: 0.7471 (0.7422)  loss_giou_dn_1: 0.6739 (0.6606)  loss_giou_dn_2: 0.6591 (0.6510)  loss_vfl: 0.5254 (0.5338)  loss_vfl_aux_0: 0.5422 (0.5514)  loss_vfl_aux_1: 0.5300 (0.5434)  loss_vfl_aux_2: 0.5496 (0.5672)  loss_vfl_dn_0: 0.4697 (0.4748)  loss_vfl_dn_1: 0.4545 (0.4513)  loss_vfl_dn_2: 0.4485 (0.4457)  time: 1.2178  data: 0.0369  max mem: 11726
Epoch: [40]  [800/809]  eta: 0:00:10  lr: 0.000100  loss: 9.5358 (9.7499)  loss_bbox: 0.0730 (0.0789)  loss_bbox_aux_0: 0.0779 (0.0837)  loss_bbox_aux_1: 0.0733 (0.0802)  loss_bbox_aux_2: 0.0945 (0.0941)  loss_bbox_dn_0: 0.0513 (0.0534)  loss_bbox_dn_1: 0.0408 (0.0440)  loss_bbox_dn_2: 0.0396 (0.0428)  loss_giou: 0.7868 (0.8806)  loss_giou_aux_0: 0.8078 (0.9090)  loss_giou_aux_1: 0.7881 (0.8886)  loss_giou_aux_2: 0.8765 (0.9717)  loss_giou_dn_0: 0.6912 (0.7436)  loss_giou_dn_1: 0.6126 (0.6625)  loss_giou_dn_2: 0.6053 (0.6529)  loss_vfl: 0.5303 (0.5327)  loss_vfl_aux_0: 0.5713 (0.5505)  loss_vfl_aux_1: 0.5457 (0.5422)  loss_vfl_aux_2: 0.5714 (0.5664)  loss_vfl_dn_0: 0.4746 (0.4749)  loss_vfl_dn_1: 0.4512 (0.4513)  loss_vfl_dn_2: 0.4456 (0.4458)  time: 1.2666  data: 0.0339  max mem: 11726
Epoch: [40]  [808/809]  eta: 0:00:01  lr: 0.000100  loss: 9.8744 (9.7524)  loss_bbox: 0.0699 (0.0789)  loss_bbox_aux_0: 0.0728 (0.0838)  loss_bbox_aux_1: 0.0706 (0.0803)  loss_bbox_aux_2: 0.0827 (0.0942)  loss_bbox_dn_0: 0.0504 (0.0534)  loss_bbox_dn_1: 0.0408 (0.0440)  loss_bbox_dn_2: 0.0396 (0.0428)  loss_giou: 0.9031 (0.8812)  loss_giou_aux_0: 0.9312 (0.9097)  loss_giou_aux_1: 0.9143 (0.8892)  loss_giou_aux_2: 1.0077 (0.9722)  loss_giou_dn_0: 0.7558 (0.7441)  loss_giou_dn_1: 0.6757 (0.6629)  loss_giou_dn_2: 0.6648 (0.6534)  loss_vfl: 0.5085 (0.5323)  loss_vfl_aux_0: 0.5171 (0.5502)  loss_vfl_aux_1: 0.5240 (0.5418)  loss_vfl_aux_2: 0.5161 (0.5659)  loss_vfl_dn_0: 0.4668 (0.4748)  loss_vfl_dn_1: 0.4437 (0.4513)  loss_vfl_dn_2: 0.4392 (0.4458)  time: 1.0971  data: 0.0291  max mem: 11726
Epoch: [40] Total time: 0:16:12 (1.2025 s / it)
Averaged stats: lr: 0.000100  loss: 9.8744 (9.7524)  loss_bbox: 0.0699 (0.0789)  loss_bbox_aux_0: 0.0728 (0.0838)  loss_bbox_aux_1: 0.0706 (0.0803)  loss_bbox_aux_2: 0.0827 (0.0942)  loss_bbox_dn_0: 0.0504 (0.0534)  loss_bbox_dn_1: 0.0408 (0.0440)  loss_bbox_dn_2: 0.0396 (0.0428)  loss_giou: 0.9031 (0.8812)  loss_giou_aux_0: 0.9312 (0.9097)  loss_giou_aux_1: 0.9143 (0.8892)  loss_giou_aux_2: 1.0077 (0.9722)  loss_giou_dn_0: 0.7558 (0.7441)  loss_giou_dn_1: 0.6757 (0.6629)  loss_giou_dn_2: 0.6648 (0.6534)  loss_vfl: 0.5085 (0.5323)  loss_vfl_aux_0: 0.5171 (0.5502)  loss_vfl_aux_1: 0.5240 (0.5418)  loss_vfl_aux_2: 0.5161 (0.5659)  loss_vfl_dn_0: 0.4668 (0.4748)  loss_vfl_dn_1: 0.4437 (0.4513)  loss_vfl_dn_2: 0.4392 (0.4458)
Test:  [ 0/69]  eta: 0:01:48    time: 1.5667  data: 0.7168  max mem: 11726
Test:  [10/69]  eta: 0:00:44    time: 0.7618  data: 0.0878  max mem: 11726
Test:  [20/69]  eta: 0:00:37    time: 0.7342  data: 0.0239  max mem: 11726
Test:  [30/69]  eta: 0:00:28    time: 0.7154  data: 0.0229  max mem: 11726
Test:  [40/69]  eta: 0:00:20    time: 0.6322  data: 0.0227  max mem: 11726
Test:  [50/69]  eta: 0:00:12    time: 0.5895  data: 0.0226  max mem: 11726
Test:  [60/69]  eta: 0:00:05    time: 0.5714  data: 0.0225  max mem: 11726
Test:  [68/69]  eta: 0:00:00    time: 0.5869  data: 0.0205  max mem: 11726
Test: Total time: 0:00:45 (0.6566 s / it)
Averaged stats: 
Accumulating evaluation results...
DONE (t=2.09s).
IoU metric: bbox
 Average Precision  (AP) @[ IoU=0.50:0.95 | area=   all | maxDets=100 ] = 0.232
 Average Precision  (AP) @[ IoU=0.50      | area=   all | maxDets=100 ] = 0.377
 Average Precision  (AP) @[ IoU=0.75      | area=   all | maxDets=100 ] = 0.238
 Average Precision  (AP) @[ IoU=0.50:0.95 | area= small | maxDets=100 ] = 0.159
 Average Precision  (AP) @[ IoU=0.50:0.95 | area=medium | maxDets=100 ] = 0.310
 Average Precision  (AP) @[ IoU=0.50:0.95 | area= large | maxDets=100 ] = 0.440
 Average Recall     (AR) @[ IoU=0.50:0.95 | area=   all | maxDets=  1 ] = 0.103
 Average Recall     (AR) @[ IoU=0.50:0.95 | area=   all | maxDets= 10 ] = 0.286
 Average Recall     (AR) @[ IoU=0.50:0.95 | area=   all | maxDets=100 ] = 0.393
 Average Recall     (AR) @[ IoU=0.50:0.95 | area= small | maxDets=100 ] = 0.313
 Average Recall     (AR) @[ IoU=0.50:0.95 | area=medium | maxDets=100 ] = 0.494
 Average Recall     (AR) @[ IoU=0.50:0.95 | area= large | maxDets=100 ] = 0.606
best_stat:  {'epoch': 40, 'coco_eval_bbox': 0.23173205125369042}
Epoch: [41]  [  0/809]  eta: 1:42:27  lr: 0.000100  loss: 10.8004 (10.8004)  loss_bbox: 0.0926 (0.0926)  loss_bbox_aux_0: 0.0968 (0.0968)  loss_bbox_aux_1: 0.0916 (0.0916)  loss_bbox_aux_2: 0.1024 (0.1024)  loss_bbox_dn_0: 0.0437 (0.0437)  loss_bbox_dn_1: 0.0394 (0.0394)  loss_bbox_dn_2: 0.0384 (0.0384)  loss_giou: 1.1611 (1.1611)  loss_giou_aux_0: 1.1752 (1.1752)  loss_giou_aux_1: 1.1697 (1.1697)  loss_giou_aux_2: 1.2162 (1.2162)  loss_giou_dn_0: 0.8137 (0.8137)  loss_giou_dn_1: 0.7739 (0.7739)  loss_giou_dn_2: 0.7661 (0.7661)  loss_vfl: 0.4457 (0.4457)  loss_vfl_aux_0: 0.4711 (0.4711)  loss_vfl_aux_1: 0.4584 (0.4584)  loss_vfl_aux_2: 0.4860 (0.4860)  loss_vfl_dn_0: 0.4735 (0.4735)  loss_vfl_dn_1: 0.4459 (0.4459)  loss_vfl_dn_2: 0.4392 (0.4392)  time: 7.5983  data: 3.9470  max mem: 11726
Epoch: [41]  [100/809]  eta: 0:15:09  lr: 0.000100  loss: 9.6353 (9.7791)  loss_bbox: 0.0715 (0.0809)  loss_bbox_aux_0: 0.0729 (0.0842)  loss_bbox_aux_1: 0.0741 (0.0822)  loss_bbox_aux_2: 0.0842 (0.0954)  loss_bbox_dn_0: 0.0534 (0.0538)  loss_bbox_dn_1: 0.0441 (0.0443)  loss_bbox_dn_2: 0.0419 (0.0431)  loss_giou: 0.8622 (0.8874)  loss_giou_aux_0: 0.8737 (0.9145)  loss_giou_aux_1: 0.8743 (0.8975)  loss_giou_aux_2: 0.9031 (0.9698)  loss_giou_dn_0: 0.7458 (0.7452)  loss_giou_dn_1: 0.6644 (0.6630)  loss_giou_dn_2: 0.6487 (0.6533)  loss_vfl: 0.5289 (0.5300)  loss_vfl_aux_0: 0.5454 (0.5516)  loss_vfl_aux_1: 0.5389 (0.5401)  loss_vfl_aux_2: 0.5750 (0.5677)  loss_vfl_dn_0: 0.4775 (0.4760)  loss_vfl_dn_1: 0.4575 (0.4523)  loss_vfl_dn_2: 0.4523 (0.4469)  time: 1.2403  data: 0.0411  max mem: 11726
