2026-02-21 08:18:45.122538: E external/local_xla/xla/stream_executor/cuda/cuda_fft.cc:485] Unable to register cuFFT factory: Attempting to register factory for plugin cuFFT when one has already been registered
2026-02-21 08:18:45.135416: E external/local_xla/xla/stream_executor/cuda/cuda_fft.cc:485] Unable to register cuFFT factory: Attempting to register factory for plugin cuFFT when one has already been registered
2026-02-21 08:18:45.143614: E external/local_xla/xla/stream_executor/cuda/cuda_dnn.cc:8454] Unable to register cuDNN factory: Attempting to register factory for plugin cuDNN when one has already been registered
2026-02-21 08:18:45.149375: E external/local_xla/xla/stream_executor/cuda/cuda_blas.cc:1452] Unable to register cuBLAS factory: Attempting to register factory for plugin cuBLAS when one has already been registered
2026-02-21 08:18:45.154089: E external/local_xla/xla/stream_executor/cuda/cuda_dnn.cc:8454] Unable to register cuDNN factory: Attempting to register factory for plugin cuDNN when one has already been registered
2026-02-21 08:18:45.159760: E external/local_xla/xla/stream_executor/cuda/cuda_blas.cc:1452] Unable to register cuBLAS factory: Attempting to register factory for plugin cuBLAS when one has already been registered
Initialized distributed mode...
/usr/local/lib/python3.10/dist-packages/torchvision/models/_utils.py:208: UserWarning: The parameter 'pretrained' is deprecated since 0.13 and may be removed in the future, please use 'weights' instead.
  warnings.warn(
Start training
/usr/local/lib/python3.10/dist-packages/torchvision/models/_utils.py:223: UserWarning: Arguments other than a weight enum or `None` for 'weights' are deprecated since 0.13 and may be removed in the future. The current behavior is equivalent to passing `weights=EfficientNet_B2_Weights.IMAGENET1K_V1`. You can also use `weights=EfficientNet_B2_Weights.DEFAULT` to get the most up-to-date weights.
  warnings.warn(msg)
/usr/local/lib/python3.10/dist-packages/torchvision/models/_utils.py:208: UserWarning: The parameter 'pretrained' is deprecated since 0.13 and may be removed in the future, please use 'weights' instead.
  warnings.warn(
/usr/local/lib/python3.10/dist-packages/torchvision/models/_utils.py:223: UserWarning: Arguments other than a weight enum or `None` for 'weights' are deprecated since 0.13 and may be removed in the future. The current behavior is equivalent to passing `weights=EfficientNet_B2_Weights.IMAGENET1K_V1`. You can also use `weights=EfficientNet_B2_Weights.DEFAULT` to get the most up-to-date weights.
  warnings.warn(msg)
Downloading: "https://download.pytorch.org/models/efficientnet_b2_rwightman-bcdf34b7.pth" to /root/.cache/torch/hub/checkpoints/efficientnet_b2_rwightman-bcdf34b7.pth
Downloading: "https://download.pytorch.org/models/efficientnet_b2_rwightman-bcdf34b7.pth" to /root/.cache/torch/hub/checkpoints/efficientnet_b2_rwightman-bcdf34b7.pth
  0%|          | 0.00/35.2M [00:00<?, ?B/s]  0%|          | 0.00/35.2M [00:00<?, ?B/s] 13%|█▎        | 4.59M/35.2M [00:00<00:00, 48.1MB/s] 14%|█▍        | 4.94M/35.2M [00:00<00:00, 51.2MB/s] 26%|██▌       | 9.19M/35.2M [00:00<00:00, 47.0MB/s] 28%|██▊       | 9.82M/35.2M [00:00<00:00, 49.9MB/s] 45%|████▌     | 16.0M/35.2M [00:00<00:00, 55.2MB/s] 45%|████▌     | 16.0M/35.2M [00:00<00:00, 54.2MB/s] 65%|██████▍   | 22.7M/35.2M [00:00<00:00, 56.3MB/s] 65%|██████▍   | 22.7M/35.2M [00:00<00:00, 55.8MB/s] 80%|███████▉  | 28.0M/35.2M [00:00<00:00, 51.2MB/s] 80%|███████▉  | 28.0M/35.2M [00:00<00:00, 50.3MB/s] 93%|█████████▎| 32.8M/35.2M [00:00<00:00, 36.1MB/s] 94%|█████████▎| 32.9M/35.2M [00:00<00:00, 36.4MB/s]100%|██████████| 35.2M/35.2M [00:00<00:00, 44.8MB/s]
100%|██████████| 35.2M/35.2M [00:00<00:00, 44.8MB/s]
Initial lr:  [0.0001, 0.0001]
Resume checkpoint from /kaggle/input/notebooks/sasankabandara14/rt-detr-efi-b2-train-visdrone2019-p2/RT-DETR_SOD_IMP/rtdetr_pytorch/output/rtdetr_visdrone_eb2/checkpoint0083.pth
Loading last_epoch
Loading model.state_dict
Loading ema.state_dict
Loading optimizer.state_dict
Loading lr_scheduler.state_dict
Overriding milestones to [80]
Resetting param_group[0] LR to 1e-05 (base_lr=0.0001, decay_count=1)
Resetting param_group[1] LR to 1e-05 (base_lr=0.0001, decay_count=1)
Loading scaler.state_dict
loading annotations into memory...
Done (t=1.80s)
creating index...
index created!
loading annotations into memory...
Done (t=0.11s)
creating index...
index created!
number of params: 18618298
Epoch: [84]  [  0/809]  eta: 1:49:54  lr: 0.000010  loss: 9.4910 (9.4910)  loss_bbox: 0.0501 (0.0501)  loss_bbox_aux_0: 0.0556 (0.0556)  loss_bbox_aux_1: 0.0510 (0.0510)  loss_bbox_aux_2: 0.0573 (0.0573)  loss_bbox_dn_0: 0.0329 (0.0329)  loss_bbox_dn_1: 0.0271 (0.0271)  loss_bbox_dn_2: 0.0265 (0.0265)  loss_giou: 0.9717 (0.9717)  loss_giou_aux_0: 0.9438 (0.9438)  loss_giou_aux_1: 0.9704 (0.9704)  loss_giou_aux_2: 1.0115 (1.0115)  loss_giou_dn_0: 0.7197 (0.7197)  loss_giou_dn_1: 0.6667 (0.6667)  loss_giou_dn_2: 0.6566 (0.6566)  loss_vfl: 0.4637 (0.4637)  loss_vfl_aux_0: 0.4883 (0.4883)  loss_vfl_aux_1: 0.4714 (0.4714)  loss_vfl_aux_2: 0.4916 (0.4916)  loss_vfl_dn_0: 0.4692 (0.4692)  loss_vfl_dn_1: 0.4348 (0.4348)  loss_vfl_dn_2: 0.4310 (0.4310)  time: 8.1512  data: 3.5082  max mem: 6810
Epoch: [84]  [100/809]  eta: 0:12:42  lr: 0.000010  loss: 9.1777 (8.9751)  loss_bbox: 0.0674 (0.0635)  loss_bbox_aux_0: 0.0705 (0.0665)  loss_bbox_aux_1: 0.0672 (0.0642)  loss_bbox_aux_2: 0.0817 (0.0763)  loss_bbox_dn_0: 0.0450 (0.0456)  loss_bbox_dn_1: 0.0379 (0.0377)  loss_bbox_dn_2: 0.0372 (0.0368)  loss_giou: 0.7877 (0.7916)  loss_giou_aux_0: 0.8121 (0.8107)  loss_giou_aux_1: 0.7812 (0.7973)  loss_giou_aux_2: 0.8820 (0.8735)  loss_giou_dn_0: 0.6692 (0.6653)  loss_giou_dn_1: 0.5794 (0.5895)  loss_giou_dn_2: 0.5727 (0.5800)  loss_vfl: 0.4968 (0.5170)  loss_vfl_aux_0: 0.5166 (0.5421)  loss_vfl_aux_1: 0.5139 (0.5273)  loss_vfl_aux_2: 0.5381 (0.5612)  loss_vfl_dn_0: 0.4594 (0.4677)  loss_vfl_dn_1: 0.4354 (0.4345)  loss_vfl_dn_2: 0.4280 (0.4269)  time: 1.0082  data: 0.0245  max mem: 8983
Epoch: [84]  [200/809]  eta: 0:10:21  lr: 0.000010  loss: 9.1157 (8.8979)  loss_bbox: 0.0605 (0.0631)  loss_bbox_aux_0: 0.0650 (0.0667)  loss_bbox_aux_1: 0.0610 (0.0640)  loss_bbox_aux_2: 0.0816 (0.0761)  loss_bbox_dn_0: 0.0428 (0.0458)  loss_bbox_dn_1: 0.0343 (0.0378)  loss_bbox_dn_2: 0.0349 (0.0369)  loss_giou: 0.8425 (0.7785)  loss_giou_aux_0: 0.8489 (0.7978)  loss_giou_aux_1: 0.8499 (0.7843)  loss_giou_aux_2: 0.8927 (0.8615)  loss_giou_dn_0: 0.6865 (0.6590)  loss_giou_dn_1: 0.5927 (0.5833)  loss_giou_dn_2: 0.5853 (0.5734)  loss_vfl: 0.4757 (0.5156)  loss_vfl_aux_0: 0.4999 (0.5411)  loss_vfl_aux_1: 0.4866 (0.5258)  loss_vfl_aux_2: 0.5220 (0.5613)  loss_vfl_dn_0: 0.4631 (0.4671)  loss_vfl_dn_1: 0.4302 (0.4332)  loss_vfl_dn_2: 0.4161 (0.4255)  time: 0.9730  data: 0.0223  max mem: 9152
Epoch: [84]  [300/809]  eta: 0:08:28  lr: 0.000010  loss: 8.4635 (8.9019)  loss_bbox: 0.0583 (0.0634)  loss_bbox_aux_0: 0.0632 (0.0668)  loss_bbox_aux_1: 0.0590 (0.0643)  loss_bbox_aux_2: 0.0699 (0.0759)  loss_bbox_dn_0: 0.0478 (0.0456)  loss_bbox_dn_1: 0.0392 (0.0378)  loss_bbox_dn_2: 0.0386 (0.0368)  loss_giou: 0.6681 (0.7779)  loss_giou_aux_0: 0.6897 (0.7970)  loss_giou_aux_1: 0.6799 (0.7836)  loss_giou_aux_2: 0.7627 (0.8596)  loss_giou_dn_0: 0.6375 (0.6598)  loss_giou_dn_1: 0.5712 (0.5851)  loss_giou_dn_2: 0.5642 (0.5752)  loss_vfl: 0.5302 (0.5161)  loss_vfl_aux_0: 0.5529 (0.5422)  loss_vfl_aux_1: 0.5453 (0.5265)  loss_vfl_aux_2: 0.5809 (0.5634)  loss_vfl_dn_0: 0.4740 (0.4670)  loss_vfl_dn_1: 0.4324 (0.4327)  loss_vfl_dn_2: 0.4264 (0.4251)  time: 0.9396  data: 0.0216  max mem: 9152
Epoch: [84]  [400/809]  eta: 0:06:47  lr: 0.000010  loss: 8.9872 (8.9191)  loss_bbox: 0.0600 (0.0630)  loss_bbox_aux_0: 0.0630 (0.0666)  loss_bbox_aux_1: 0.0611 (0.0640)  loss_bbox_aux_2: 0.0733 (0.0755)  loss_bbox_dn_0: 0.0425 (0.0454)  loss_bbox_dn_1: 0.0348 (0.0376)  loss_bbox_dn_2: 0.0328 (0.0366)  loss_giou: 0.7672 (0.7809)  loss_giou_aux_0: 0.7904 (0.8003)  loss_giou_aux_1: 0.7673 (0.7865)  loss_giou_aux_2: 0.8770 (0.8630)  loss_giou_dn_0: 0.6516 (0.6624)  loss_giou_dn_1: 0.5720 (0.5877)  loss_giou_dn_2: 0.5648 (0.5780)  loss_vfl: 0.5113 (0.5158)  loss_vfl_aux_0: 0.5330 (0.5417)  loss_vfl_aux_1: 0.5158 (0.5260)  loss_vfl_aux_2: 0.5531 (0.5618)  loss_vfl_dn_0: 0.4657 (0.4673)  loss_vfl_dn_1: 0.4385 (0.4333)  loss_vfl_dn_2: 0.4286 (0.4257)  time: 1.0189  data: 0.0240  max mem: 9152
Epoch: [84]  [500/809]  eta: 0:05:07  lr: 0.000010  loss: 9.1622 (8.9535)  loss_bbox: 0.0538 (0.0636)  loss_bbox_aux_0: 0.0558 (0.0673)  loss_bbox_aux_1: 0.0541 (0.0647)  loss_bbox_aux_2: 0.0692 (0.0759)  loss_bbox_dn_0: 0.0413 (0.0449)  loss_bbox_dn_1: 0.0351 (0.0373)  loss_bbox_dn_2: 0.0347 (0.0363)  loss_giou: 0.8212 (0.7887)  loss_giou_aux_0: 0.8282 (0.8080)  loss_giou_aux_1: 0.8142 (0.7944)  loss_giou_aux_2: 0.8801 (0.8701)  loss_giou_dn_0: 0.6795 (0.6655)  loss_giou_dn_1: 0.5959 (0.5910)  loss_giou_dn_2: 0.5880 (0.5813)  loss_vfl: 0.5146 (0.5144)  loss_vfl_aux_0: 0.5406 (0.5403)  loss_vfl_aux_1: 0.5182 (0.5245)  loss_vfl_aux_2: 0.5491 (0.5604)  loss_vfl_dn_0: 0.4598 (0.4667)  loss_vfl_dn_1: 0.4291 (0.4329)  loss_vfl_dn_2: 0.4233 (0.4253)  time: 1.0112  data: 0.0235  max mem: 9392
Epoch: [84]  [600/809]  eta: 0:03:27  lr: 0.000010  loss: 8.9517 (8.9572)  loss_bbox: 0.0564 (0.0638)  loss_bbox_aux_0: 0.0597 (0.0675)  loss_bbox_aux_1: 0.0580 (0.0649)  loss_bbox_aux_2: 0.0685 (0.0760)  loss_bbox_dn_0: 0.0461 (0.0448)  loss_bbox_dn_1: 0.0376 (0.0372)  loss_bbox_dn_2: 0.0370 (0.0363)  loss_giou: 0.7261 (0.7890)  loss_giou_aux_0: 0.7469 (0.8084)  loss_giou_aux_1: 0.7271 (0.7949)  loss_giou_aux_2: 0.8215 (0.8710)  loss_giou_dn_0: 0.6752 (0.6658)  loss_giou_dn_1: 0.5944 (0.5914)  loss_giou_dn_2: 0.5899 (0.5817)  loss_vfl: 0.5133 (0.5144)  loss_vfl_aux_0: 0.5415 (0.5401)  loss_vfl_aux_1: 0.5182 (0.5244)  loss_vfl_aux_2: 0.5796 (0.5605)  loss_vfl_dn_0: 0.4625 (0.4668)  loss_vfl_dn_1: 0.4341 (0.4330)  loss_vfl_dn_2: 0.4300 (0.4254)  time: 0.9926  data: 0.0218  max mem: 9392
Epoch: [84]  [700/809]  eta: 0:01:47  lr: 0.000010  loss: 8.9532 (8.9522)  loss_bbox: 0.0597 (0.0637)  loss_bbox_aux_0: 0.0627 (0.0675)  loss_bbox_aux_1: 0.0590 (0.0647)  loss_bbox_aux_2: 0.0702 (0.0761)  loss_bbox_dn_0: 0.0397 (0.0447)  loss_bbox_dn_1: 0.0336 (0.0370)  loss_bbox_dn_2: 0.0324 (0.0361)  loss_giou: 0.8029 (0.7887)  loss_giou_aux_0: 0.8253 (0.8081)  loss_giou_aux_1: 0.8220 (0.7946)  loss_giou_aux_2: 0.8981 (0.8709)  loss_giou_dn_0: 0.6690 (0.6652)  loss_giou_dn_1: 0.5899 (0.5904)  loss_giou_dn_2: 0.5778 (0.5807)  loss_vfl: 0.5095 (0.5141)  loss_vfl_aux_0: 0.5341 (0.5398)  loss_vfl_aux_1: 0.5177 (0.5242)  loss_vfl_aux_2: 0.5507 (0.5606)  loss_vfl_dn_0: 0.4711 (0.4669)  loss_vfl_dn_1: 0.4337 (0.4330)  loss_vfl_dn_2: 0.4266 (0.4253)  time: 0.9497  data: 0.0221  max mem: 9392
Epoch: [84]  [800/809]  eta: 0:00:08  lr: 0.000010  loss: 8.6357 (8.9528)  loss_bbox: 0.0590 (0.0637)  loss_bbox_aux_0: 0.0680 (0.0676)  loss_bbox_aux_1: 0.0597 (0.0648)  loss_bbox_aux_2: 0.0727 (0.0762)  loss_bbox_dn_0: 0.0394 (0.0447)  loss_bbox_dn_1: 0.0314 (0.0371)  loss_bbox_dn_2: 0.0304 (0.0361)  loss_giou: 0.7525 (0.7886)  loss_giou_aux_0: 0.7743 (0.8081)  loss_giou_aux_1: 0.7642 (0.7947)  loss_giou_aux_2: 0.8243 (0.8710)  loss_giou_dn_0: 0.6382 (0.6650)  loss_giou_dn_1: 0.5645 (0.5901)  loss_giou_dn_2: 0.5477 (0.5804)  loss_vfl: 0.5258 (0.5142)  loss_vfl_aux_0: 0.5486 (0.5398)  loss_vfl_aux_1: 0.5286 (0.5243)  loss_vfl_aux_2: 0.5525 (0.5608)  loss_vfl_dn_0: 0.4639 (0.4670)  loss_vfl_dn_1: 0.4331 (0.4332)  loss_vfl_dn_2: 0.4264 (0.4255)  time: 0.9533  data: 0.0244  max mem: 9392
Epoch: [84]  [808/809]  eta: 0:00:00  lr: 0.000010  loss: 8.7661 (8.9528)  loss_bbox: 0.0632 (0.0637)  loss_bbox_aux_0: 0.0681 (0.0676)  loss_bbox_aux_1: 0.0635 (0.0648)  loss_bbox_aux_2: 0.0754 (0.0762)  loss_bbox_dn_0: 0.0394 (0.0447)  loss_bbox_dn_1: 0.0321 (0.0371)  loss_bbox_dn_2: 0.0314 (0.0361)  loss_giou: 0.7525 (0.7884)  loss_giou_aux_0: 0.7743 (0.8079)  loss_giou_aux_1: 0.7642 (0.7945)  loss_giou_aux_2: 0.8243 (0.8708)  loss_giou_dn_0: 0.6894 (0.6653)  loss_giou_dn_1: 0.6126 (0.5904)  loss_giou_dn_2: 0.5989 (0.5807)  loss_vfl: 0.5126 (0.5141)  loss_vfl_aux_0: 0.5303 (0.5397)  loss_vfl_aux_1: 0.5238 (0.5242)  loss_vfl_aux_2: 0.5430 (0.5607)  loss_vfl_dn_0: 0.4698 (0.4671)  loss_vfl_dn_1: 0.4382 (0.4332)  loss_vfl_dn_2: 0.4277 (0.4255)  time: 0.8334  data: 0.0227  max mem: 9392
Epoch: [84] Total time: 0:13:13 (0.9810 s / it)
Averaged stats: lr: 0.000010  loss: 8.7661 (8.9528)  loss_bbox: 0.0632 (0.0637)  loss_bbox_aux_0: 0.0681 (0.0676)  loss_bbox_aux_1: 0.0635 (0.0648)  loss_bbox_aux_2: 0.0754 (0.0762)  loss_bbox_dn_0: 0.0394 (0.0447)  loss_bbox_dn_1: 0.0321 (0.0371)  loss_bbox_dn_2: 0.0314 (0.0361)  loss_giou: 0.7525 (0.7884)  loss_giou_aux_0: 0.7743 (0.8079)  loss_giou_aux_1: 0.7642 (0.7945)  loss_giou_aux_2: 0.8243 (0.8708)  loss_giou_dn_0: 0.6894 (0.6653)  loss_giou_dn_1: 0.6126 (0.5904)  loss_giou_dn_2: 0.5989 (0.5807)  loss_vfl: 0.5126 (0.5141)  loss_vfl_aux_0: 0.5303 (0.5397)  loss_vfl_aux_1: 0.5238 (0.5242)  loss_vfl_aux_2: 0.5430 (0.5607)  loss_vfl_dn_0: 0.4698 (0.4671)  loss_vfl_dn_1: 0.4382 (0.4332)  loss_vfl_dn_2: 0.4277 (0.4255)
Test:  [ 0/69]  eta: 0:01:51    time: 1.6136  data: 0.6076  max mem: 9392
Test:  [10/69]  eta: 0:00:46    time: 0.7845  data: 0.0699  max mem: 9392
Test:  [20/69]  eta: 0:00:36    time: 0.6926  data: 0.0183  max mem: 9392
Test:  [30/69]  eta: 0:00:27    time: 0.6549  data: 0.0201  max mem: 9392
Test:  [40/69]  eta: 0:00:19    time: 0.6126  data: 0.0202  max mem: 9392
Test:  [50/69]  eta: 0:00:12    time: 0.5824  data: 0.0210  max mem: 9392
Test:  [60/69]  eta: 0:00:05    time: 0.5623  data: 0.0199  max mem: 9392
Test:  [68/69]  eta: 0:00:00    time: 0.5761  data: 0.0179  max mem: 9392
Test: Total time: 0:00:43 (0.6353 s / it)
Averaged stats: 
Accumulating evaluation results...
DONE (t=1.94s).
IoU metric: bbox
 Average Precision  (AP) @[ IoU=0.50:0.95 | area=   all | maxDets=100 ] = 0.265
 Average Precision  (AP) @[ IoU=0.50      | area=   all | maxDets=100 ] = 0.427
 Average Precision  (AP) @[ IoU=0.75      | area=   all | maxDets=100 ] = 0.273
 Average Precision  (AP) @[ IoU=0.50:0.95 | area= small | maxDets=100 ] = 0.185
 Average Precision  (AP) @[ IoU=0.50:0.95 | area=medium | maxDets=100 ] = 0.353
 Average Precision  (AP) @[ IoU=0.50:0.95 | area= large | maxDets=100 ] = 0.502
 Average Recall     (AR) @[ IoU=0.50:0.95 | area=   all | maxDets=  1 ] = 0.111
 Average Recall     (AR) @[ IoU=0.50:0.95 | area=   all | maxDets= 10 ] = 0.318
 Average Recall     (AR) @[ IoU=0.50:0.95 | area=   all | maxDets=100 ] = 0.427
 Average Recall     (AR) @[ IoU=0.50:0.95 | area= small | maxDets=100 ] = 0.348
 Average Recall     (AR) @[ IoU=0.50:0.95 | area=medium | maxDets=100 ] = 0.529
 Average Recall     (AR) @[ IoU=0.50:0.95 | area= large | maxDets=100 ] = 0.652
best_stat:  {'epoch': 84, 'coco_eval_bbox': 0.2650304100253781}
Epoch: [85]  [  0/809]  eta: 1:27:07  lr: 0.000010  loss: 8.2700 (8.2700)  loss_bbox: 0.0524 (0.0524)  loss_bbox_aux_0: 0.0553 (0.0553)  loss_bbox_aux_1: 0.0550 (0.0550)  loss_bbox_aux_2: 0.0738 (0.0738)  loss_bbox_dn_0: 0.0582 (0.0582)  loss_bbox_dn_1: 0.0458 (0.0458)  loss_bbox_dn_2: 0.0450 (0.0450)  loss_giou: 0.6609 (0.6609)  loss_giou_aux_0: 0.6658 (0.6658)  loss_giou_aux_1: 0.6705 (0.6705)  loss_giou_aux_2: 0.7431 (0.7431)  loss_giou_dn_0: 0.6423 (0.6423)  loss_giou_dn_1: 0.5680 (0.5680)  loss_giou_dn_2: 0.5579 (0.5579)  loss_vfl: 0.5070 (0.5070)  loss_vfl_aux_0: 0.5393 (0.5393)  loss_vfl_aux_1: 0.5044 (0.5044)  loss_vfl_aux_2: 0.5659 (0.5659)  loss_vfl_dn_0: 0.4524 (0.4524)  loss_vfl_dn_1: 0.4098 (0.4098)  loss_vfl_dn_2: 0.3975 (0.3975)  time: 6.4614  data: 1.8160  max mem: 9392
Epoch: [85]  [100/809]  eta: 0:13:02  lr: 0.000010  loss: 8.7890 (8.8201)  loss_bbox: 0.0595 (0.0624)  loss_bbox_aux_0: 0.0622 (0.0661)  loss_bbox_aux_1: 0.0597 (0.0632)  loss_bbox_aux_2: 0.0723 (0.0749)  loss_bbox_dn_0: 0.0421 (0.0450)  loss_bbox_dn_1: 0.0351 (0.0373)  loss_bbox_dn_2: 0.0343 (0.0363)  loss_giou: 0.7330 (0.7643)  loss_giou_aux_0: 0.7832 (0.7830)  loss_giou_aux_1: 0.7655 (0.7705)  loss_giou_aux_2: 0.8578 (0.8493)  loss_giou_dn_0: 0.6421 (0.6516)  loss_giou_dn_1: 0.5637 (0.5779)  loss_giou_dn_2: 0.5579 (0.5682)  loss_vfl: 0.5286 (0.5165)  loss_vfl_aux_0: 0.5507 (0.5441)  loss_vfl_aux_1: 0.5305 (0.5262)  loss_vfl_aux_2: 0.5610 (0.5642)  loss_vfl_dn_0: 0.4667 (0.4656)  loss_vfl_dn_1: 0.4334 (0.4308)  loss_vfl_dn_2: 0.4264 (0.4229)  time: 1.0249  data: 0.0265  max mem: 9392
Epoch: [85]  [200/809]  eta: 0:10:57  lr: 0.000010  loss: 9.2055 (8.8329)  loss_bbox: 0.0603 (0.0620)  loss_bbox_aux_0: 0.0707 (0.0659)  loss_bbox_aux_1: 0.0648 (0.0630)  loss_bbox_aux_2: 0.0685 (0.0750)  loss_bbox_dn_0: 0.0394 (0.0459)  loss_bbox_dn_1: 0.0320 (0.0380)  loss_bbox_dn_2: 0.0311 (0.0370)  loss_giou: 0.8099 (0.7603)  loss_giou_aux_0: 0.8251 (0.7793)  loss_giou_aux_1: 0.8211 (0.7669)  loss_giou_aux_2: 0.8771 (0.8440)  loss_giou_dn_0: 0.6789 (0.6538)  loss_giou_dn_1: 0.5952 (0.5798)  loss_giou_dn_2: 0.5856 (0.5699)  loss_vfl: 0.4877 (0.5233)  loss_vfl_aux_0: 0.5149 (0.5494)  loss_vfl_aux_1: 0.4944 (0.5323)  loss_vfl_aux_2: 0.5320 (0.5692)  loss_vfl_dn_0: 0.4523 (0.4654)  loss_vfl_dn_1: 0.4244 (0.4302)  loss_vfl_dn_2: 0.4181 (0.4222)  time: 1.0852  data: 0.0251  max mem: 9392
Epoch: [85]  [300/809]  eta: 0:09:05  lr: 0.000010  loss: 8.9669 (8.8689)  loss_bbox: 0.0571 (0.0620)  loss_bbox_aux_0: 0.0612 (0.0660)  loss_bbox_aux_1: 0.0585 (0.0632)  loss_bbox_aux_2: 0.0698 (0.0750)  loss_bbox_dn_0: 0.0377 (0.0452)  loss_bbox_dn_1: 0.0309 (0.0374)  loss_bbox_dn_2: 0.0297 (0.0365)  loss_giou: 0.8053 (0.7686)  loss_giou_aux_0: 0.8103 (0.7882)  loss_giou_aux_1: 0.8124 (0.7755)  loss_giou_aux_2: 0.8700 (0.8524)  loss_giou_dn_0: 0.6701 (0.6583)  loss_giou_dn_1: 0.5958 (0.5843)  loss_giou_dn_2: 0.5871 (0.5744)  loss_vfl: 0.5010 (0.5202)  loss_vfl_aux_0: 0.5206 (0.5461)  loss_vfl_aux_1: 0.5089 (0.5291)  loss_vfl_aux_2: 0.5342 (0.5665)  loss_vfl_dn_0: 0.4666 (0.4660)  loss_vfl_dn_1: 0.4336 (0.4308)  loss_vfl_dn_2: 0.4265 (0.4232)  time: 1.0955  data: 0.0278  max mem: 9392
Epoch: [85]  [400/809]  eta: 0:07:15  lr: 0.000010  loss: 8.6821 (8.8971)  loss_bbox: 0.0562 (0.0630)  loss_bbox_aux_0: 0.0586 (0.0670)  loss_bbox_aux_1: 0.0585 (0.0641)  loss_bbox_aux_2: 0.0687 (0.0757)  loss_bbox_dn_0: 0.0385 (0.0450)  loss_bbox_dn_1: 0.0320 (0.0373)  loss_bbox_dn_2: 0.0313 (0.0364)  loss_giou: 0.7434 (0.7746)  loss_giou_aux_0: 0.7630 (0.7941)  loss_giou_aux_1: 0.7542 (0.7815)  loss_giou_aux_2: 0.8226 (0.8582)  loss_giou_dn_0: 0.6553 (0.6612)  loss_giou_dn_1: 0.5907 (0.5872)  loss_giou_dn_2: 0.5806 (0.5773)  loss_vfl: 0.5361 (0.5179)  loss_vfl_aux_0: 0.5524 (0.5434)  loss_vfl_aux_1: 0.5455 (0.5270)  loss_vfl_aux_2: 0.5629 (0.5643)  loss_vfl_dn_0: 0.4701 (0.4662)  loss_vfl_dn_1: 0.4369 (0.4316)  loss_vfl_dn_2: 0.4272 (0.4240)  time: 1.0315  data: 0.0250  max mem: 9392
Epoch: [85]  [500/809]  eta: 0:05:29  lr: 0.000010  loss: 9.1403 (8.9138)  loss_bbox: 0.0588 (0.0632)  loss_bbox_aux_0: 0.0603 (0.0671)  loss_bbox_aux_1: 0.0568 (0.0641)  loss_bbox_aux_2: 0.0695 (0.0756)  loss_bbox_dn_0: 0.0437 (0.0450)  loss_bbox_dn_1: 0.0358 (0.0373)  loss_bbox_dn_2: 0.0349 (0.0363)  loss_giou: 0.8091 (0.7784)  loss_giou_aux_0: 0.8352 (0.7975)  loss_giou_aux_1: 0.8129 (0.7849)  loss_giou_aux_2: 0.9003 (0.8608)  loss_giou_dn_0: 0.6822 (0.6623)  loss_giou_dn_1: 0.6168 (0.5882)  loss_giou_dn_2: 0.6030 (0.5782)  loss_vfl: 0.5062 (0.5173)  loss_vfl_aux_0: 0.5284 (0.5429)  loss_vfl_aux_1: 0.5133 (0.5266)  loss_vfl_aux_2: 0.5427 (0.5641)  loss_vfl_dn_0: 0.4623 (0.4666)  loss_vfl_dn_1: 0.4357 (0.4325)  loss_vfl_dn_2: 0.4275 (0.4249)  time: 1.0220  data: 0.0273  max mem: 9392
Epoch: [85]  [600/809]  eta: 0:03:41  lr: 0.000010  loss: 8.8289 (8.9082)  loss_bbox: 0.0555 (0.0631)  loss_bbox_aux_0: 0.0617 (0.0671)  loss_bbox_aux_1: 0.0558 (0.0641)  loss_bbox_aux_2: 0.0673 (0.0755)  loss_bbox_dn_0: 0.0440 (0.0447)  loss_bbox_dn_1: 0.0363 (0.0371)  loss_bbox_dn_2: 0.0357 (0.0361)  loss_giou: 0.7111 (0.7791)  loss_giou_aux_0: 0.7191 (0.7981)  loss_giou_aux_1: 0.7129 (0.7857)  loss_giou_aux_2: 0.8012 (0.8612)  loss_giou_dn_0: 0.6344 (0.6622)  loss_giou_dn_1: 0.5673 (0.5882)  loss_giou_dn_2: 0.5661 (0.5783)  loss_vfl: 0.5287 (0.5157)  loss_vfl_aux_0: 0.5558 (0.5410)  loss_vfl_aux_1: 0.5414 (0.5249)  loss_vfl_aux_2: 0.5801 (0.5627)  loss_vfl_dn_0: 0.4636 (0.4662)  loss_vfl_dn_1: 0.4302 (0.4323)  loss_vfl_dn_2: 0.4272 (0.4248)  time: 1.0855  data: 0.0286  max mem: 9392
Epoch: [85]  [700/809]  eta: 0:01:55  lr: 0.000010  loss: 8.9818 (8.9267)  loss_bbox: 0.0608 (0.0633)  loss_bbox_aux_0: 0.0627 (0.0673)  loss_bbox_aux_1: 0.0613 (0.0643)  loss_bbox_aux_2: 0.0711 (0.0754)  loss_bbox_dn_0: 0.0434 (0.0444)  loss_bbox_dn_1: 0.0354 (0.0368)  loss_bbox_dn_2: 0.0349 (0.0359)  loss_giou: 0.8268 (0.7840)  loss_giou_aux_0: 0.8536 (0.8027)  loss_giou_aux_1: 0.8275 (0.7903)  loss_giou_aux_2: 0.8882 (0.8649)  loss_giou_dn_0: 0.6611 (0.6637)  loss_giou_dn_1: 0.5826 (0.5897)  loss_giou_dn_2: 0.5771 (0.5798)  loss_vfl: 0.4905 (0.5149)  loss_vfl_aux_0: 0.5037 (0.5400)  loss_vfl_aux_1: 0.4960 (0.5241)  loss_vfl_aux_2: 0.5526 (0.5620)  loss_vfl_dn_0: 0.4669 (0.4662)  loss_vfl_dn_1: 0.4293 (0.4323)  loss_vfl_dn_2: 0.4243 (0.4249)  time: 1.0381  data: 0.0292  max mem: 9392
Epoch: [85]  [800/809]  eta: 0:00:09  lr: 0.000010  loss: 8.8469 (8.9477)  loss_bbox: 0.0549 (0.0637)  loss_bbox_aux_0: 0.0598 (0.0677)  loss_bbox_aux_1: 0.0598 (0.0647)  loss_bbox_aux_2: 0.0694 (0.0760)  loss_bbox_dn_0: 0.0411 (0.0445)  loss_bbox_dn_1: 0.0349 (0.0369)  loss_bbox_dn_2: 0.0342 (0.0360)  loss_giou: 0.7729 (0.7878)  loss_giou_aux_0: 0.7960 (0.8068)  loss_giou_aux_1: 0.7768 (0.7942)  loss_giou_aux_2: 0.8506 (0.8686)  loss_giou_dn_0: 0.6637 (0.6656)  loss_giou_dn_1: 0.5836 (0.5913)  loss_giou_dn_2: 0.5730 (0.5814)  loss_vfl: 0.4938 (0.5141)  loss_vfl_aux_0: 0.5148 (0.5392)  loss_vfl_aux_1: 0.5018 (0.5234)  loss_vfl_aux_2: 0.5234 (0.5610)  loss_vfl_dn_0: 0.4691 (0.4665)  loss_vfl_dn_1: 0.4406 (0.4328)  loss_vfl_dn_2: 0.4288 (0.4253)  time: 1.0399  data: 0.0259  max mem: 10176
Epoch: [85]  [808/809]  eta: 0:00:01  lr: 0.000010  loss: 8.8560 (8.9491)  loss_bbox: 0.0573 (0.0639)  loss_bbox_aux_0: 0.0633 (0.0678)  loss_bbox_aux_1: 0.0618 (0.0649)  loss_bbox_aux_2: 0.0734 (0.0761)  loss_bbox_dn_0: 0.0441 (0.0446)  loss_bbox_dn_1: 0.0365 (0.0370)  loss_bbox_dn_2: 0.0361 (0.0360)  loss_giou: 0.7729 (0.7878)  loss_giou_aux_0: 0.7960 (0.8069)  loss_giou_aux_1: 0.7768 (0.7943)  loss_giou_aux_2: 0.8506 (0.8686)  loss_giou_dn_0: 0.6672 (0.6657)  loss_giou_dn_1: 0.5908 (0.5914)  loss_giou_dn_2: 0.5808 (0.5815)  loss_vfl: 0.5016 (0.5141)  loss_vfl_aux_0: 0.5220 (0.5393)  loss_vfl_aux_1: 0.5142 (0.5234)  loss_vfl_aux_2: 0.5479 (0.5610)  loss_vfl_dn_0: 0.4711 (0.4666)  loss_vfl_dn_1: 0.4398 (0.4328)  loss_vfl_dn_2: 0.4342 (0.4253)  time: 0.9196  data: 0.0229  max mem: 10176
Epoch: [85] Total time: 0:14:15 (1.0581 s / it)
Averaged stats: lr: 0.000010  loss: 8.8560 (8.9491)  loss_bbox: 0.0573 (0.0639)  loss_bbox_aux_0: 0.0633 (0.0678)  loss_bbox_aux_1: 0.0618 (0.0649)  loss_bbox_aux_2: 0.0734 (0.0761)  loss_bbox_dn_0: 0.0441 (0.0446)  loss_bbox_dn_1: 0.0365 (0.0370)  loss_bbox_dn_2: 0.0361 (0.0360)  loss_giou: 0.7729 (0.7878)  loss_giou_aux_0: 0.7960 (0.8069)  loss_giou_aux_1: 0.7768 (0.7943)  loss_giou_aux_2: 0.8506 (0.8686)  loss_giou_dn_0: 0.6672 (0.6657)  loss_giou_dn_1: 0.5908 (0.5914)  loss_giou_dn_2: 0.5808 (0.5815)  loss_vfl: 0.5016 (0.5141)  loss_vfl_aux_0: 0.5220 (0.5393)  loss_vfl_aux_1: 0.5142 (0.5234)  loss_vfl_aux_2: 0.5479 (0.5610)  loss_vfl_dn_0: 0.4711 (0.4666)  loss_vfl_dn_1: 0.4398 (0.4328)  loss_vfl_dn_2: 0.4342 (0.4253)
Test:  [ 0/69]  eta: 0:01:21    time: 1.1831  data: 0.6268  max mem: 10176
Test:  [10/69]  eta: 0:00:39    time: 0.6756  data: 0.0721  max mem: 10176
Test:  [20/69]  eta: 0:00:32    time: 0.6433  data: 0.0194  max mem: 10176
Test:  [30/69]  eta: 0:00:25    time: 0.6425  data: 0.0202  max mem: 10176
Test:  [40/69]  eta: 0:00:18    time: 0.6072  data: 0.0189  max mem: 10176
Test:  [50/69]  eta: 0:00:11    time: 0.5585  data: 0.0199  max mem: 10176
Test:  [60/69]  eta: 0:00:05    time: 0.5533  data: 0.0200  max mem: 10176
Test:  [68/69]  eta: 0:00:00    time: 0.5852  data: 0.0197  max mem: 10176
Test: Total time: 0:00:42 (0.6119 s / it)
Averaged stats: 
Accumulating evaluation results...
DONE (t=1.89s).
IoU metric: bbox
 Average Precision  (AP) @[ IoU=0.50:0.95 | area=   all | maxDets=100 ] = 0.265
 Average Precision  (AP) @[ IoU=0.50      | area=   all | maxDets=100 ] = 0.427
 Average Precision  (AP) @[ IoU=0.75      | area=   all | maxDets=100 ] = 0.272
 Average Precision  (AP) @[ IoU=0.50:0.95 | area= small | maxDets=100 ] = 0.186
 Average Precision  (AP) @[ IoU=0.50:0.95 | area=medium | maxDets=100 ] = 0.353
 Average Precision  (AP) @[ IoU=0.50:0.95 | area= large | maxDets=100 ] = 0.498
 Average Recall     (AR) @[ IoU=0.50:0.95 | area=   all | maxDets=  1 ] = 0.112
 Average Recall     (AR) @[ IoU=0.50:0.95 | area=   all | maxDets= 10 ] = 0.319
 Average Recall     (AR) @[ IoU=0.50:0.95 | area=   all | maxDets=100 ] = 0.428
 Average Recall     (AR) @[ IoU=0.50:0.95 | area= small | maxDets=100 ] = 0.349
 Average Recall     (AR) @[ IoU=0.50:0.95 | area=medium | maxDets=100 ] = 0.529
 Average Recall     (AR) @[ IoU=0.50:0.95 | area= large | maxDets=100 ] = 0.645
best_stat:  {'epoch': 84, 'coco_eval_bbox': 0.2650304100253781}
Epoch: [86]  [  0/809]  eta: 1:09:43  lr: 0.000010  loss: 10.5677 (10.5677)  loss_bbox: 0.0950 (0.0950)  loss_bbox_aux_0: 0.0975 (0.0975)  loss_bbox_aux_1: 0.0965 (0.0965)  loss_bbox_aux_2: 0.1014 (0.1014)  loss_bbox_dn_0: 0.0360 (0.0360)  loss_bbox_dn_1: 0.0290 (0.0290)  loss_bbox_dn_2: 0.0284 (0.0284)  loss_giou: 1.1449 (1.1449)  loss_giou_aux_0: 1.1709 (1.1709)  loss_giou_aux_1: 1.1541 (1.1541)  loss_giou_aux_2: 1.2136 (1.2136)  loss_giou_dn_0: 0.8021 (0.8021)  loss_giou_dn_1: 0.7215 (0.7215)  loss_giou_dn_2: 0.7115 (0.7115)  loss_vfl: 0.4454 (0.4454)  loss_vfl_aux_0: 0.4583 (0.4583)  loss_vfl_aux_1: 0.4453 (0.4453)  loss_vfl_aux_2: 0.4691 (0.4691)  loss_vfl_dn_0: 0.4678 (0.4678)  loss_vfl_dn_1: 0.4423 (0.4423)  loss_vfl_dn_2: 0.4371 (0.4371)  time: 5.1710  data: 3.3134  max mem: 10176
Epoch: [86]  [100/809]  eta: 0:13:07  lr: 0.000010  loss: 8.7567 (9.1039)  loss_bbox: 0.0576 (0.0675)  loss_bbox_aux_0: 0.0604 (0.0717)  loss_bbox_aux_1: 0.0577 (0.0685)  loss_bbox_aux_2: 0.0701 (0.0807)  loss_bbox_dn_0: 0.0466 (0.0452)  loss_bbox_dn_1: 0.0386 (0.0371)  loss_bbox_dn_2: 0.0382 (0.0362)  loss_giou: 0.7608 (0.8190)  loss_giou_aux_0: 0.7873 (0.8396)  loss_giou_aux_1: 0.7610 (0.8242)  loss_giou_aux_2: 0.8388 (0.9011)  loss_giou_dn_0: 0.6469 (0.6820)  loss_giou_dn_1: 0.5774 (0.6061)  loss_giou_dn_2: 0.5635 (0.5964)  loss_vfl: 0.5125 (0.5065)  loss_vfl_aux_0: 0.5350 (0.5305)  loss_vfl_aux_1: 0.5190 (0.5177)  loss_vfl_aux_2: 0.5588 (0.5507)  loss_vfl_dn_0: 0.4587 (0.4649)  loss_vfl_dn_1: 0.4257 (0.4331)  loss_vfl_dn_2: 0.4171 (0.4253)  time: 1.0366  data: 0.0273  max mem: 10176
Epoch: [86]  [200/809]  eta: 0:10:58  lr: 0.000010  loss: 9.2071 (9.0508)  loss_bbox: 0.0602 (0.0657)  loss_bbox_aux_0: 0.0645 (0.0696)  loss_bbox_aux_1: 0.0596 (0.0667)  loss_bbox_aux_2: 0.0718 (0.0781)  loss_bbox_dn_0: 0.0423 (0.0441)  loss_bbox_dn_1: 0.0334 (0.0364)  loss_bbox_dn_2: 0.0323 (0.0355)  loss_giou: 0.8214 (0.8093)  loss_giou_aux_0: 0.8301 (0.8283)  loss_giou_aux_1: 0.8248 (0.8156)  loss_giou_aux_2: 0.9003 (0.8909)  loss_giou_dn_0: 0.6890 (0.6770)  loss_giou_dn_1: 0.6229 (0.6015)  loss_giou_dn_2: 0.6124 (0.5917)  loss_vfl: 0.5187 (0.5088)  loss_vfl_aux_0: 0.5334 (0.5338)  loss_vfl_aux_1: 0.5168 (0.5194)  loss_vfl_aux_2: 0.5521 (0.5547)  loss_vfl_dn_0: 0.4669 (0.4655)  loss_vfl_dn_1: 0.4304 (0.4330)  loss_vfl_dn_2: 0.4257 (0.4250)  time: 1.0881  data: 0.0319  max mem: 10176
Epoch: [86]  [300/809]  eta: 0:09:10  lr: 0.000010  loss: 9.1306 (9.0465)  loss_bbox: 0.0557 (0.0663)  loss_bbox_aux_0: 0.0634 (0.0705)  loss_bbox_aux_1: 0.0604 (0.0673)  loss_bbox_aux_2: 0.0744 (0.0792)  loss_bbox_dn_0: 0.0451 (0.0448)  loss_bbox_dn_1: 0.0373 (0.0371)  loss_bbox_dn_2: 0.0350 (0.0362)  loss_giou: 0.7933 (0.8095)  loss_giou_aux_0: 0.8291 (0.8290)  loss_giou_aux_1: 0.8146 (0.8163)  loss_giou_aux_2: 0.8838 (0.8924)  loss_giou_dn_0: 0.6816 (0.6739)  loss_giou_dn_1: 0.6117 (0.5997)  loss_giou_dn_2: 0.5963 (0.5903)  loss_vfl: 0.5249 (0.5073)  loss_vfl_aux_0: 0.5466 (0.5325)  loss_vfl_aux_1: 0.5348 (0.5176)  loss_vfl_aux_2: 0.5652 (0.5536)  loss_vfl_dn_0: 0.4664 (0.4657)  loss_vfl_dn_1: 0.4352 (0.4326)  loss_vfl_dn_2: 0.4266 (0.4247)  time: 1.0479  data: 0.0250  max mem: 10176
Epoch: [86]  [400/809]  eta: 0:07:20  lr: 0.000010  loss: 9.0262 (9.0328)  loss_bbox: 0.0586 (0.0658)  loss_bbox_aux_0: 0.0655 (0.0698)  loss_bbox_aux_1: 0.0615 (0.0668)  loss_bbox_aux_2: 0.0753 (0.0784)  loss_bbox_dn_0: 0.0418 (0.0450)  loss_bbox_dn_1: 0.0356 (0.0373)  loss_bbox_dn_2: 0.0350 (0.0364)  loss_giou: 0.8110 (0.8037)  loss_giou_aux_0: 0.8402 (0.8233)  loss_giou_aux_1: 0.8324 (0.8102)  loss_giou_aux_2: 0.8943 (0.8858)  loss_giou_dn_0: 0.6848 (0.6731)  loss_giou_dn_1: 0.6007 (0.5983)  loss_giou_dn_2: 0.5867 (0.5889)  loss_vfl: 0.5137 (0.5106)  loss_vfl_aux_0: 0.5408 (0.5358)  loss_vfl_aux_1: 0.5233 (0.5207)  loss_vfl_aux_2: 0.5479 (0.5570)  loss_vfl_dn_0: 0.4729 (0.4665)  loss_vfl_dn_1: 0.4377 (0.4337)  loss_vfl_dn_2: 0.4308 (0.4257)  time: 1.0726  data: 0.0242  max mem: 10176
Epoch: [86]  [500/809]  eta: 0:05:31  lr: 0.000010  loss: 8.4980 (8.9966)  loss_bbox: 0.0522 (0.0654)  loss_bbox_aux_0: 0.0532 (0.0692)  loss_bbox_aux_1: 0.0522 (0.0664)  loss_bbox_aux_2: 0.0625 (0.0779)  loss_bbox_dn_0: 0.0427 (0.0447)  loss_bbox_dn_1: 0.0360 (0.0370)  loss_bbox_dn_2: 0.0350 (0.0361)  loss_giou: 0.6910 (0.7987)  loss_giou_aux_0: 0.6937 (0.8183)  loss_giou_aux_1: 0.6929 (0.8051)  loss_giou_aux_2: 0.7631 (0.8806)  loss_giou_dn_0: 0.6189 (0.6691)  loss_giou_dn_1: 0.5394 (0.5948)  loss_giou_dn_2: 0.5385 (0.5853)  loss_vfl: 0.5306 (0.5104)  loss_vfl_aux_0: 0.5575 (0.5360)  loss_vfl_aux_1: 0.5305 (0.5204)  loss_vfl_aux_2: 0.5813 (0.5574)  loss_vfl_dn_0: 0.4662 (0.4662)  loss_vfl_dn_1: 0.4337 (0.4329)  loss_vfl_dn_2: 0.4224 (0.4249)  time: 1.0755  data: 0.0267  max mem: 10176
Epoch: [86]  [600/809]  eta: 0:03:43  lr: 0.000010  loss: 8.8366 (8.9873)  loss_bbox: 0.0545 (0.0650)  loss_bbox_aux_0: 0.0570 (0.0687)  loss_bbox_aux_1: 0.0575 (0.0659)  loss_bbox_aux_2: 0.0639 (0.0772)  loss_bbox_dn_0: 0.0409 (0.0444)  loss_bbox_dn_1: 0.0341 (0.0367)  loss_bbox_dn_2: 0.0336 (0.0358)  loss_giou: 0.7222 (0.7972)  loss_giou_aux_0: 0.7336 (0.8166)  loss_giou_aux_1: 0.7302 (0.8035)  loss_giou_aux_2: 0.7827 (0.8788)  loss_giou_dn_0: 0.6531 (0.6690)  loss_giou_dn_1: 0.5836 (0.5946)  loss_giou_dn_2: 0.5777 (0.5852)  loss_vfl: 0.5223 (0.5107)  loss_vfl_aux_0: 0.5393 (0.5360)  loss_vfl_aux_1: 0.5320 (0.5206)  loss_vfl_aux_2: 0.5750 (0.5572)  loss_vfl_dn_0: 0.4674 (0.4663)  loss_vfl_dn_1: 0.4274 (0.4329)  loss_vfl_dn_2: 0.4199 (0.4250)  time: 1.0331  data: 0.0271  max mem: 10176
Epoch: [86]  [700/809]  eta: 0:01:56  lr: 0.000010  loss: 8.5063 (8.9585)  loss_bbox: 0.0547 (0.0643)  loss_bbox_aux_0: 0.0583 (0.0679)  loss_bbox_aux_1: 0.0559 (0.0651)  loss_bbox_aux_2: 0.0691 (0.0765)  loss_bbox_dn_0: 0.0431 (0.0444)  loss_bbox_dn_1: 0.0364 (0.0368)  loss_bbox_dn_2: 0.0358 (0.0359)  loss_giou: 0.6455 (0.7915)  loss_giou_aux_0: 0.6722 (0.8103)  loss_giou_aux_1: 0.6493 (0.7975)  loss_giou_aux_2: 0.7444 (0.8724)  loss_giou_dn_0: 0.6353 (0.6671)  loss_giou_dn_1: 0.5539 (0.5927)  loss_giou_dn_2: 0.5464 (0.5833)  loss_vfl: 0.5349 (0.5116)  loss_vfl_aux_0: 0.5638 (0.5372)  loss_vfl_aux_1: 0.5397 (0.5216)  loss_vfl_aux_2: 0.5933 (0.5591)  loss_vfl_dn_0: 0.4683 (0.4661)  loss_vfl_dn_1: 0.4344 (0.4325)  loss_vfl_dn_2: 0.4288 (0.4246)  time: 0.9855  data: 0.0266  max mem: 10176
Epoch: [86]  [800/809]  eta: 0:00:09  lr: 0.000010  loss: 8.7083 (8.9521)  loss_bbox: 0.0552 (0.0643)  loss_bbox_aux_0: 0.0562 (0.0679)  loss_bbox_aux_1: 0.0544 (0.0651)  loss_bbox_aux_2: 0.0662 (0.0764)  loss_bbox_dn_0: 0.0416 (0.0443)  loss_bbox_dn_1: 0.0358 (0.0367)  loss_bbox_dn_2: 0.0351 (0.0357)  loss_giou: 0.7471 (0.7908)  loss_giou_aux_0: 0.7890 (0.8094)  loss_giou_aux_1: 0.7592 (0.7969)  loss_giou_aux_2: 0.8463 (0.8713)  loss_giou_dn_0: 0.6392 (0.6667)  loss_giou_dn_1: 0.5662 (0.5923)  loss_giou_dn_2: 0.5598 (0.5828)  loss_vfl: 0.5021 (0.5114)  loss_vfl_aux_0: 0.5370 (0.5368)  loss_vfl_aux_1: 0.5084 (0.5214)  loss_vfl_aux_2: 0.5609 (0.5590)  loss_vfl_dn_0: 0.4618 (0.4659)  loss_vfl_dn_1: 0.4278 (0.4324)  loss_vfl_dn_2: 0.4197 (0.4245)  time: 1.0615  data: 0.0264  max mem: 10176
Epoch: [86]  [808/809]  eta: 0:00:01  lr: 0.000010  loss: 8.7083 (8.9538)  loss_bbox: 0.0532 (0.0642)  loss_bbox_aux_0: 0.0584 (0.0679)  loss_bbox_aux_1: 0.0541 (0.0651)  loss_bbox_aux_2: 0.0665 (0.0764)  loss_bbox_dn_0: 0.0447 (0.0443)  loss_bbox_dn_1: 0.0365 (0.0367)  loss_bbox_dn_2: 0.0355 (0.0358)  loss_giou: 0.7471 (0.7911)  loss_giou_aux_0: 0.7890 (0.8096)  loss_giou_aux_1: 0.7592 (0.7972)  loss_giou_aux_2: 0.8696 (0.8715)  loss_giou_dn_0: 0.6686 (0.6669)  loss_giou_dn_1: 0.5891 (0.5925)  loss_giou_dn_2: 0.5866 (0.5831)  loss_vfl: 0.4980 (0.5114)  loss_vfl_aux_0: 0.5370 (0.5368)  loss_vfl_aux_1: 0.5084 (0.5213)  loss_vfl_aux_2: 0.5609 (0.5590)  loss_vfl_dn_0: 0.4619 (0.4660)  loss_vfl_dn_1: 0.4268 (0.4324)  loss_vfl_dn_2: 0.4200 (0.4245)  time: 0.9365  data: 0.0242  max mem: 10176
Epoch: [86] Total time: 0:14:14 (1.0568 s / it)
Averaged stats: lr: 0.000010  loss: 8.7083 (8.9538)  loss_bbox: 0.0532 (0.0642)  loss_bbox_aux_0: 0.0584 (0.0679)  loss_bbox_aux_1: 0.0541 (0.0651)  loss_bbox_aux_2: 0.0665 (0.0764)  loss_bbox_dn_0: 0.0447 (0.0443)  loss_bbox_dn_1: 0.0365 (0.0367)  loss_bbox_dn_2: 0.0355 (0.0358)  loss_giou: 0.7471 (0.7911)  loss_giou_aux_0: 0.7890 (0.8096)  loss_giou_aux_1: 0.7592 (0.7972)  loss_giou_aux_2: 0.8696 (0.8715)  loss_giou_dn_0: 0.6686 (0.6669)  loss_giou_dn_1: 0.5891 (0.5925)  loss_giou_dn_2: 0.5866 (0.5831)  loss_vfl: 0.4980 (0.5114)  loss_vfl_aux_0: 0.5370 (0.5368)  loss_vfl_aux_1: 0.5084 (0.5213)  loss_vfl_aux_2: 0.5609 (0.5590)  loss_vfl_dn_0: 0.4619 (0.4660)  loss_vfl_dn_1: 0.4268 (0.4324)  loss_vfl_dn_2: 0.4200 (0.4245)
Test:  [ 0/69]  eta: 0:01:26    time: 1.2581  data: 0.6150  max mem: 10176
Test:  [10/69]  eta: 0:00:41    time: 0.6960  data: 0.0731  max mem: 10176
Test:  [20/69]  eta: 0:00:33    time: 0.6489  data: 0.0201  max mem: 10176
Test:  [30/69]  eta: 0:00:25    time: 0.6425  data: 0.0210  max mem: 10176
Test:  [40/69]  eta: 0:00:18    time: 0.6041  data: 0.0207  max mem: 10176
Test:  [50/69]  eta: 0:00:11    time: 0.5737  data: 0.0203  max mem: 10176
Test:  [60/69]  eta: 0:00:05    time: 0.5539  data: 0.0200  max mem: 10176
Test:  [68/69]  eta: 0:00:00    time: 0.5609  data: 0.0188  max mem: 10176
Test: Total time: 0:00:42 (0.6122 s / it)
Averaged stats: 
Accumulating evaluation results...
DONE (t=1.93s).
IoU metric: bbox
 Average Precision  (AP) @[ IoU=0.50:0.95 | area=   all | maxDets=100 ] = 0.265
 Average Precision  (AP) @[ IoU=0.50      | area=   all | maxDets=100 ] = 0.427
 Average Precision  (AP) @[ IoU=0.75      | area=   all | maxDets=100 ] = 0.273
 Average Precision  (AP) @[ IoU=0.50:0.95 | area= small | maxDets=100 ] = 0.186
 Average Precision  (AP) @[ IoU=0.50:0.95 | area=medium | maxDets=100 ] = 0.353
 Average Precision  (AP) @[ IoU=0.50:0.95 | area= large | maxDets=100 ] = 0.493
 Average Recall     (AR) @[ IoU=0.50:0.95 | area=   all | maxDets=  1 ] = 0.111
 Average Recall     (AR) @[ IoU=0.50:0.95 | area=   all | maxDets= 10 ] = 0.318
 Average Recall     (AR) @[ IoU=0.50:0.95 | area=   all | maxDets=100 ] = 0.428
 Average Recall     (AR) @[ IoU=0.50:0.95 | area= small | maxDets=100 ] = 0.349
 Average Recall     (AR) @[ IoU=0.50:0.95 | area=medium | maxDets=100 ] = 0.529
 Average Recall     (AR) @[ IoU=0.50:0.95 | area= large | maxDets=100 ] = 0.641
best_stat:  {'epoch': 84, 'coco_eval_bbox': 0.2650304100253781}
Epoch: [87]  [  0/809]  eta: 1:32:41  lr: 0.000010  loss: 8.2505 (8.2505)  loss_bbox: 0.0403 (0.0403)  loss_bbox_aux_0: 0.0440 (0.0440)  loss_bbox_aux_1: 0.0418 (0.0418)  loss_bbox_aux_2: 0.0557 (0.0557)  loss_bbox_dn_0: 0.0366 (0.0366)  loss_bbox_dn_1: 0.0303 (0.0303)  loss_bbox_dn_2: 0.0300 (0.0300)  loss_giou: 0.6598 (0.6598)  loss_giou_aux_0: 0.6949 (0.6949)  loss_giou_aux_1: 0.6665 (0.6665)  loss_giou_aux_2: 0.7787 (0.7787)  loss_giou_dn_0: 0.6151 (0.6151)  loss_giou_dn_1: 0.5389 (0.5389)  loss_giou_dn_2: 0.5361 (0.5361)  loss_vfl: 0.5308 (0.5308)  loss_vfl_aux_0: 0.5547 (0.5547)  loss_vfl_aux_1: 0.5332 (0.5332)  loss_vfl_aux_2: 0.5757 (0.5757)  loss_vfl_dn_0: 0.4596 (0.4596)  loss_vfl_dn_1: 0.4189 (0.4189)  loss_vfl_dn_2: 0.4088 (0.4088)  time: 6.8742  data: 4.0267  max mem: 10176
Epoch: [87]  [100/809]  eta: 0:13:02  lr: 0.000010  loss: 8.8155 (8.9551)  loss_bbox: 0.0649 (0.0661)  loss_bbox_aux_0: 0.0665 (0.0696)  loss_bbox_aux_1: 0.0653 (0.0671)  loss_bbox_aux_2: 0.0774 (0.0768)  loss_bbox_dn_0: 0.0395 (0.0430)  loss_bbox_dn_1: 0.0326 (0.0356)  loss_bbox_dn_2: 0.0321 (0.0348)  loss_giou: 0.7071 (0.7946)  loss_giou_aux_0: 0.7355 (0.8137)  loss_giou_aux_1: 0.7281 (0.8014)  loss_giou_aux_2: 0.7788 (0.8762)  loss_giou_dn_0: 0.6388 (0.6613)  loss_giou_dn_1: 0.5693 (0.5881)  loss_giou_dn_2: 0.5548 (0.5788)  loss_vfl: 0.5109 (0.5099)  loss_vfl_aux_0: 0.5657 (0.5374)  loss_vfl_aux_1: 0.5275 (0.5187)  loss_vfl_aux_2: 0.5739 (0.5600)  loss_vfl_dn_0: 0.4755 (0.4667)  loss_vfl_dn_1: 0.4319 (0.4315)  loss_vfl_dn_2: 0.4222 (0.4236)  time: 1.0482  data: 0.0276  max mem: 10176
Epoch: [87]  [200/809]  eta: 0:10:58  lr: 0.000010  loss: 8.9165 (8.9553)  loss_bbox: 0.0620 (0.0662)  loss_bbox_aux_0: 0.0674 (0.0697)  loss_bbox_aux_1: 0.0615 (0.0672)  loss_bbox_aux_2: 0.0724 (0.0775)  loss_bbox_dn_0: 0.0434 (0.0436)  loss_bbox_dn_1: 0.0371 (0.0360)  loss_bbox_dn_2: 0.0365 (0.0352)  loss_giou: 0.7439 (0.7932)  loss_giou_aux_0: 0.7763 (0.8129)  loss_giou_aux_1: 0.7527 (0.8000)  loss_giou_aux_2: 0.8328 (0.8766)  loss_giou_dn_0: 0.6785 (0.6636)  loss_giou_dn_1: 0.5917 (0.5893)  loss_giou_dn_2: 0.5727 (0.5798)  loss_vfl: 0.5089 (0.5089)  loss_vfl_aux_0: 0.5270 (0.5362)  loss_vfl_aux_1: 0.5175 (0.5185)  loss_vfl_aux_2: 0.5431 (0.5577)  loss_vfl_dn_0: 0.4636 (0.4667)  loss_vfl_dn_1: 0.4375 (0.4321)  loss_vfl_dn_2: 0.4307 (0.4243)  time: 1.1174  data: 0.0276  max mem: 10176
Epoch: [87]  [300/809]  eta: 0:09:04  lr: 0.000010  loss: 8.5387 (8.9450)  loss_bbox: 0.0606 (0.0660)  loss_bbox_aux_0: 0.0632 (0.0700)  loss_bbox_aux_1: 0.0602 (0.0671)  loss_bbox_aux_2: 0.0671 (0.0778)  loss_bbox_dn_0: 0.0469 (0.0442)  loss_bbox_dn_1: 0.0383 (0.0366)  loss_bbox_dn_2: 0.0381 (0.0357)  loss_giou: 0.7297 (0.7918)  loss_giou_aux_0: 0.7448 (0.8116)  loss_giou_aux_1: 0.7421 (0.7988)  loss_giou_aux_2: 0.8153 (0.8750)  loss_giou_dn_0: 0.6323 (0.6644)  loss_giou_dn_1: 0.5541 (0.5903)  loss_giou_dn_2: 0.5371 (0.5807)  loss_vfl: 0.5138 (0.5071)  loss_vfl_aux_0: 0.5394 (0.5338)  loss_vfl_aux_1: 0.5229 (0.5170)  loss_vfl_aux_2: 0.5641 (0.5559)  loss_vfl_dn_0: 0.4623 (0.4660)  loss_vfl_dn_1: 0.4287 (0.4316)  loss_vfl_dn_2: 0.4186 (0.4236)  time: 1.0349  data: 0.0267  max mem: 10176
Epoch: [87]  [400/809]  eta: 0:07:17  lr: 0.000010  loss: 8.6705 (8.9367)  loss_bbox: 0.0569 (0.0658)  loss_bbox_aux_0: 0.0581 (0.0700)  loss_bbox_aux_1: 0.0577 (0.0669)  loss_bbox_aux_2: 0.0680 (0.0776)  loss_bbox_dn_0: 0.0436 (0.0446)  loss_bbox_dn_1: 0.0364 (0.0370)  loss_bbox_dn_2: 0.0362 (0.0361)  loss_giou: 0.7127 (0.7885)  loss_giou_aux_0: 0.7546 (0.8081)  loss_giou_aux_1: 0.7343 (0.7956)  loss_giou_aux_2: 0.8008 (0.8708)  loss_giou_dn_0: 0.6292 (0.6635)  loss_giou_dn_1: 0.5543 (0.5895)  loss_giou_dn_2: 0.5487 (0.5799)  loss_vfl: 0.5083 (0.5089)  loss_vfl_aux_0: 0.5425 (0.5348)  loss_vfl_aux_1: 0.5170 (0.5186)  loss_vfl_aux_2: 0.5579 (0.5581)  loss_vfl_dn_0: 0.4625 (0.4663)  loss_vfl_dn_1: 0.4275 (0.4321)  loss_vfl_dn_2: 0.4205 (0.4241)  time: 1.0336  data: 0.0261  max mem: 10176
Epoch: [87]  [500/809]  eta: 0:05:28  lr: 0.000010  loss: 8.9443 (8.9077)  loss_bbox: 0.0601 (0.0650)  loss_bbox_aux_0: 0.0669 (0.0693)  loss_bbox_aux_1: 0.0601 (0.0662)  loss_bbox_aux_2: 0.0707 (0.0771)  loss_bbox_dn_0: 0.0413 (0.0448)  loss_bbox_dn_1: 0.0348 (0.0372)  loss_bbox_dn_2: 0.0348 (0.0363)  loss_giou: 0.7355 (0.7803)  loss_giou_aux_0: 0.7512 (0.8000)  loss_giou_aux_1: 0.7481 (0.7875)  loss_giou_aux_2: 0.8320 (0.8629)  loss_giou_dn_0: 0.6460 (0.6599)  loss_giou_dn_1: 0.5829 (0.5859)  loss_giou_dn_2: 0.5733 (0.5764)  loss_vfl: 0.5044 (0.5126)  loss_vfl_aux_0: 0.5366 (0.5385)  loss_vfl_aux_1: 0.5164 (0.5223)  loss_vfl_aux_2: 0.5459 (0.5615)  loss_vfl_dn_0: 0.4678 (0.4672)  loss_vfl_dn_1: 0.4352 (0.4324)  loss_vfl_dn_2: 0.4316 (0.4244)  time: 1.0710  data: 0.0288  max mem: 10176
Epoch: [87]  [600/809]  eta: 0:03:42  lr: 0.000010  loss: 8.8740 (8.9367)  loss_bbox: 0.0589 (0.0654)  loss_bbox_aux_0: 0.0627 (0.0697)  loss_bbox_aux_1: 0.0599 (0.0665)  loss_bbox_aux_2: 0.0777 (0.0776)  loss_bbox_dn_0: 0.0467 (0.0449)  loss_bbox_dn_1: 0.0395 (0.0372)  loss_bbox_dn_2: 0.0386 (0.0363)  loss_giou: 0.7351 (0.7863)  loss_giou_aux_0: 0.7496 (0.8061)  loss_giou_aux_1: 0.7383 (0.7937)  loss_giou_aux_2: 0.8360 (0.8690)  loss_giou_dn_0: 0.6530 (0.6627)  loss_giou_dn_1: 0.5579 (0.5888)  loss_giou_dn_2: 0.5539 (0.5793)  loss_vfl: 0.5321 (0.5115)  loss_vfl_aux_0: 0.5582 (0.5367)  loss_vfl_aux_1: 0.5425 (0.5209)  loss_vfl_aux_2: 0.5779 (0.5595)  loss_vfl_dn_0: 0.4677 (0.4672)  loss_vfl_dn_1: 0.4333 (0.4327)  loss_vfl_dn_2: 0.4230 (0.4248)  time: 1.0997  data: 0.0337  max mem: 10176
Epoch: [87]  [700/809]  eta: 0:01:55  lr: 0.000010  loss: 8.9347 (8.9351)  loss_bbox: 0.0573 (0.0651)  loss_bbox_aux_0: 0.0617 (0.0694)  loss_bbox_aux_1: 0.0600 (0.0662)  loss_bbox_aux_2: 0.0731 (0.0772)  loss_bbox_dn_0: 0.0409 (0.0447)  loss_bbox_dn_1: 0.0326 (0.0370)  loss_bbox_dn_2: 0.0316 (0.0361)  loss_giou: 0.7909 (0.7880)  loss_giou_aux_0: 0.8199 (0.8073)  loss_giou_aux_1: 0.7910 (0.7952)  loss_giou_aux_2: 0.8654 (0.8697)  loss_giou_dn_0: 0.6716 (0.6629)  loss_giou_dn_1: 0.6149 (0.5888)  loss_giou_dn_2: 0.6021 (0.5793)  loss_vfl: 0.4911 (0.5103)  loss_vfl_aux_0: 0.5142 (0.5356)  loss_vfl_aux_1: 0.5015 (0.5197)  loss_vfl_aux_2: 0.5333 (0.5586)  loss_vfl_dn_0: 0.4641 (0.4670)  loss_vfl_dn_1: 0.4323 (0.4324)  loss_vfl_dn_2: 0.4250 (0.4245)  time: 1.0698  data: 0.0250  max mem: 10176
Epoch: [87]  [800/809]  eta: 0:00:09  lr: 0.000010  loss: 8.6217 (8.9177)  loss_bbox: 0.0507 (0.0646)  loss_bbox_aux_0: 0.0551 (0.0689)  loss_bbox_aux_1: 0.0534 (0.0657)  loss_bbox_aux_2: 0.0706 (0.0768)  loss_bbox_dn_0: 0.0504 (0.0448)  loss_bbox_dn_1: 0.0394 (0.0371)  loss_bbox_dn_2: 0.0379 (0.0361)  loss_giou: 0.6620 (0.7840)  loss_giou_aux_0: 0.6694 (0.8031)  loss_giou_aux_1: 0.6661 (0.7910)  loss_giou_aux_2: 0.7539 (0.8657)  loss_giou_dn_0: 0.6449 (0.6613)  loss_giou_dn_1: 0.5620 (0.5873)  loss_giou_dn_2: 0.5517 (0.5778)  loss_vfl: 0.5314 (0.5116)  loss_vfl_aux_0: 0.5581 (0.5372)  loss_vfl_aux_1: 0.5427 (0.5213)  loss_vfl_aux_2: 0.5793 (0.5600)  loss_vfl_dn_0: 0.4653 (0.4670)  loss_vfl_dn_1: 0.4281 (0.4322)  loss_vfl_dn_2: 0.4215 (0.4243)  time: 1.0590  data: 0.0256  max mem: 10176
Epoch: [87]  [808/809]  eta: 0:00:01  lr: 0.000010  loss: 8.6350 (8.9166)  loss_bbox: 0.0512 (0.0646)  loss_bbox_aux_0: 0.0588 (0.0689)  loss_bbox_aux_1: 0.0551 (0.0658)  loss_bbox_aux_2: 0.0706 (0.0768)  loss_bbox_dn_0: 0.0455 (0.0448)  loss_bbox_dn_1: 0.0382 (0.0371)  loss_bbox_dn_2: 0.0367 (0.0362)  loss_giou: 0.7133 (0.7837)  loss_giou_aux_0: 0.7212 (0.8029)  loss_giou_aux_1: 0.7240 (0.7908)  loss_giou_aux_2: 0.7827 (0.8654)  loss_giou_dn_0: 0.6398 (0.6612)  loss_giou_dn_1: 0.5550 (0.5871)  loss_giou_dn_2: 0.5446 (0.5776)  loss_vfl: 0.5265 (0.5117)  loss_vfl_aux_0: 0.5526 (0.5372)  loss_vfl_aux_1: 0.5344 (0.5214)  loss_vfl_aux_2: 0.5674 (0.5601)  loss_vfl_dn_0: 0.4618 (0.4670)  loss_vfl_dn_1: 0.4268 (0.4322)  loss_vfl_dn_2: 0.4196 (0.4242)  time: 0.9414  data: 0.0233  max mem: 10176
Epoch: [87] Total time: 0:14:17 (1.0601 s / it)
Averaged stats: lr: 0.000010  loss: 8.6350 (8.9166)  loss_bbox: 0.0512 (0.0646)  loss_bbox_aux_0: 0.0588 (0.0689)  loss_bbox_aux_1: 0.0551 (0.0658)  loss_bbox_aux_2: 0.0706 (0.0768)  loss_bbox_dn_0: 0.0455 (0.0448)  loss_bbox_dn_1: 0.0382 (0.0371)  loss_bbox_dn_2: 0.0367 (0.0362)  loss_giou: 0.7133 (0.7837)  loss_giou_aux_0: 0.7212 (0.8029)  loss_giou_aux_1: 0.7240 (0.7908)  loss_giou_aux_2: 0.7827 (0.8654)  loss_giou_dn_0: 0.6398 (0.6612)  loss_giou_dn_1: 0.5550 (0.5871)  loss_giou_dn_2: 0.5446 (0.5776)  loss_vfl: 0.5265 (0.5117)  loss_vfl_aux_0: 0.5526 (0.5372)  loss_vfl_aux_1: 0.5344 (0.5214)  loss_vfl_aux_2: 0.5674 (0.5601)  loss_vfl_dn_0: 0.4618 (0.4670)  loss_vfl_dn_1: 0.4268 (0.4322)  loss_vfl_dn_2: 0.4196 (0.4242)
Test:  [ 0/69]  eta: 0:01:28    time: 1.2762  data: 0.7169  max mem: 10176
Test:  [10/69]  eta: 0:00:41    time: 0.6986  data: 0.0790  max mem: 10176
Test:  [20/69]  eta: 0:00:33    time: 0.6524  data: 0.0181  max mem: 10176
Test:  [30/69]  eta: 0:00:25    time: 0.6426  data: 0.0206  max mem: 10176
Test:  [40/69]  eta: 0:00:18    time: 0.6013  data: 0.0196  max mem: 10176
Test:  [50/69]  eta: 0:00:11    time: 0.5649  data: 0.0187  max mem: 10176
Test:  [60/69]  eta: 0:00:05    time: 0.5444  data: 0.0185  max mem: 10176
Test:  [68/69]  eta: 0:00:00    time: 0.5641  data: 0.0177  max mem: 10176
Test: Total time: 0:00:42 (0.6090 s / it)
Averaged stats: 
Accumulating evaluation results...
DONE (t=1.94s).
IoU metric: bbox
 Average Precision  (AP) @[ IoU=0.50:0.95 | area=   all | maxDets=100 ] = 0.265
 Average Precision  (AP) @[ IoU=0.50      | area=   all | maxDets=100 ] = 0.428
 Average Precision  (AP) @[ IoU=0.75      | area=   all | maxDets=100 ] = 0.273
 Average Precision  (AP) @[ IoU=0.50:0.95 | area= small | maxDets=100 ] = 0.186
 Average Precision  (AP) @[ IoU=0.50:0.95 | area=medium | maxDets=100 ] = 0.353
 Average Precision  (AP) @[ IoU=0.50:0.95 | area= large | maxDets=100 ] = 0.495
 Average Recall     (AR) @[ IoU=0.50:0.95 | area=   all | maxDets=  1 ] = 0.111
 Average Recall     (AR) @[ IoU=0.50:0.95 | area=   all | maxDets= 10 ] = 0.318
 Average Recall     (AR) @[ IoU=0.50:0.95 | area=   all | maxDets=100 ] = 0.428
 Average Recall     (AR) @[ IoU=0.50:0.95 | area= small | maxDets=100 ] = 0.349
 Average Recall     (AR) @[ IoU=0.50:0.95 | area=medium | maxDets=100 ] = 0.529
 Average Recall     (AR) @[ IoU=0.50:0.95 | area= large | maxDets=100 ] = 0.642
best_stat:  {'epoch': 84, 'coco_eval_bbox': 0.2650304100253781}
Epoch: [88]  [  0/809]  eta: 1:03:33  lr: 0.000010  loss: 7.9853 (7.9853)  loss_bbox: 0.0587 (0.0587)  loss_bbox_aux_0: 0.0552 (0.0552)  loss_bbox_aux_1: 0.0528 (0.0528)  loss_bbox_aux_2: 0.0749 (0.0749)  loss_bbox_dn_0: 0.0392 (0.0392)  loss_bbox_dn_1: 0.0326 (0.0326)  loss_bbox_dn_2: 0.0320 (0.0320)  loss_giou: 0.6013 (0.6013)  loss_giou_aux_0: 0.6435 (0.6435)  loss_giou_aux_1: 0.6247 (0.6247)  loss_giou_aux_2: 0.7426 (0.7426)  loss_giou_dn_0: 0.5581 (0.5581)  loss_giou_dn_1: 0.4837 (0.4837)  loss_giou_dn_2: 0.4725 (0.4725)  loss_vfl: 0.5624 (0.5624)  loss_vfl_aux_0: 0.5742 (0.5742)  loss_vfl_aux_1: 0.5557 (0.5557)  loss_vfl_aux_2: 0.6033 (0.6033)  loss_vfl_dn_0: 0.4337 (0.4337)  loss_vfl_dn_1: 0.3958 (0.3958)  loss_vfl_dn_2: 0.3885 (0.3885)  time: 4.7135  data: 2.6340  max mem: 10176
Epoch: [88]  [100/809]  eta: 0:13:21  lr: 0.000010  loss: 8.7806 (8.8662)  loss_bbox: 0.0595 (0.0626)  loss_bbox_aux_0: 0.0641 (0.0664)  loss_bbox_aux_1: 0.0600 (0.0632)  loss_bbox_aux_2: 0.0708 (0.0751)  loss_bbox_dn_0: 0.0391 (0.0449)  loss_bbox_dn_1: 0.0326 (0.0373)  loss_bbox_dn_2: 0.0314 (0.0364)  loss_giou: 0.7283 (0.7736)  loss_giou_aux_0: 0.7547 (0.7937)  loss_giou_aux_1: 0.7303 (0.7815)  loss_giou_aux_2: 0.8419 (0.8534)  loss_giou_dn_0: 0.6492 (0.6595)  loss_giou_dn_1: 0.5761 (0.5867)  loss_giou_dn_2: 0.5699 (0.5766)  loss_vfl: 0.5194 (0.5132)  loss_vfl_aux_0: 0.5503 (0.5377)  loss_vfl_aux_1: 0.5266 (0.5227)  loss_vfl_aux_2: 0.5674 (0.5594)  loss_vfl_dn_0: 0.4684 (0.4664)  loss_vfl_dn_1: 0.4347 (0.4320)  loss_vfl_dn_2: 0.4255 (0.4239)  time: 1.0490  data: 0.0264  max mem: 10176
Epoch: [88]  [200/809]  eta: 0:11:02  lr: 0.000010  loss: 8.6664 (8.8851)  loss_bbox: 0.0494 (0.0648)  loss_bbox_aux_0: 0.0525 (0.0686)  loss_bbox_aux_1: 0.0491 (0.0659)  loss_bbox_aux_2: 0.0634 (0.0771)  loss_bbox_dn_0: 0.0426 (0.0449)  loss_bbox_dn_1: 0.0348 (0.0373)  loss_bbox_dn_2: 0.0332 (0.0364)  loss_giou: 0.7517 (0.7764)  loss_giou_aux_0: 0.7644 (0.7957)  loss_giou_aux_1: 0.7593 (0.7843)  loss_giou_aux_2: 0.8347 (0.8577)  loss_giou_dn_0: 0.6498 (0.6568)  loss_giou_dn_1: 0.5574 (0.5836)  loss_giou_dn_2: 0.5466 (0.5733)  loss_vfl: 0.5115 (0.5140)  loss_vfl_aux_0: 0.5437 (0.5397)  loss_vfl_aux_1: 0.5254 (0.5239)  loss_vfl_aux_2: 0.5669 (0.5608)  loss_vfl_dn_0: 0.4651 (0.4667)  loss_vfl_dn_1: 0.4298 (0.4327)  loss_vfl_dn_2: 0.4247 (0.4247)  time: 1.0536  data: 0.0279  max mem: 10176
Epoch: [88]  [300/809]  eta: 0:09:09  lr: 0.000010  loss: 8.7004 (8.9069)  loss_bbox: 0.0642 (0.0649)  loss_bbox_aux_0: 0.0659 (0.0688)  loss_bbox_aux_1: 0.0635 (0.0659)  loss_bbox_aux_2: 0.0746 (0.0772)  loss_bbox_dn_0: 0.0397 (0.0454)  loss_bbox_dn_1: 0.0332 (0.0377)  loss_bbox_dn_2: 0.0318 (0.0368)  loss_giou: 0.7177 (0.7780)  loss_giou_aux_0: 0.7254 (0.7970)  loss_giou_aux_1: 0.7118 (0.7850)  loss_giou_aux_2: 0.7965 (0.8587)  loss_giou_dn_0: 0.6303 (0.6588)  loss_giou_dn_1: 0.5475 (0.5852)  loss_giou_dn_2: 0.5374 (0.5751)  loss_vfl: 0.4998 (0.5160)  loss_vfl_aux_0: 0.5306 (0.5415)  loss_vfl_aux_1: 0.5142 (0.5262)  loss_vfl_aux_2: 0.5610 (0.5638)  loss_vfl_dn_0: 0.4657 (0.4669)  loss_vfl_dn_1: 0.4342 (0.4328)  loss_vfl_dn_2: 0.4280 (0.4250)  time: 1.1035  data: 0.0320  max mem: 10176
Epoch: [88]  [400/809]  eta: 0:07:17  lr: 0.000010  loss: 8.6016 (8.8822)  loss_bbox: 0.0547 (0.0638)  loss_bbox_aux_0: 0.0561 (0.0677)  loss_bbox_aux_1: 0.0588 (0.0648)  loss_bbox_aux_2: 0.0696 (0.0763)  loss_bbox_dn_0: 0.0457 (0.0457)  loss_bbox_dn_1: 0.0388 (0.0379)  loss_bbox_dn_2: 0.0380 (0.0369)  loss_giou: 0.6859 (0.7729)  loss_giou_aux_0: 0.7105 (0.7919)  loss_giou_aux_1: 0.6912 (0.7797)  loss_giou_aux_2: 0.7890 (0.8551)  loss_giou_dn_0: 0.6292 (0.6581)  loss_giou_dn_1: 0.5539 (0.5839)  loss_giou_dn_2: 0.5427 (0.5739)  loss_vfl: 0.5248 (0.5162)  loss_vfl_aux_0: 0.5494 (0.5424)  loss_vfl_aux_1: 0.5350 (0.5269)  loss_vfl_aux_2: 0.5885 (0.5649)  loss_vfl_dn_0: 0.4690 (0.4667)  loss_vfl_dn_1: 0.4354 (0.4322)  loss_vfl_dn_2: 0.4279 (0.4244)  time: 1.0680  data: 0.0250  max mem: 10176
Epoch: [88]  [500/809]  eta: 0:05:30  lr: 0.000010  loss: 8.9798 (8.9133)  loss_bbox: 0.0678 (0.0646)  loss_bbox_aux_0: 0.0686 (0.0684)  loss_bbox_aux_1: 0.0663 (0.0655)  loss_bbox_aux_2: 0.0762 (0.0768)  loss_bbox_dn_0: 0.0415 (0.0451)  loss_bbox_dn_1: 0.0356 (0.0374)  loss_bbox_dn_2: 0.0351 (0.0365)  loss_giou: 0.7708 (0.7806)  loss_giou_aux_0: 0.7848 (0.8001)  loss_giou_aux_1: 0.7779 (0.7876)  loss_giou_aux_2: 0.8576 (0.8628)  loss_giou_dn_0: 0.6809 (0.6602)  loss_giou_dn_1: 0.6102 (0.5862)  loss_giou_dn_2: 0.5972 (0.5763)  loss_vfl: 0.5124 (0.5141)  loss_vfl_aux_0: 0.5371 (0.5402)  loss_vfl_aux_1: 0.5269 (0.5245)  loss_vfl_aux_2: 0.5614 (0.5627)  loss_vfl_dn_0: 0.4664 (0.4666)  loss_vfl_dn_1: 0.4335 (0.4324)  loss_vfl_dn_2: 0.4271 (0.4247)  time: 1.0729  data: 0.0279  max mem: 10176
Epoch: [88]  [600/809]  eta: 0:03:42  lr: 0.000010  loss: 8.7695 (8.9084)  loss_bbox: 0.0504 (0.0645)  loss_bbox_aux_0: 0.0568 (0.0683)  loss_bbox_aux_1: 0.0512 (0.0655)  loss_bbox_aux_2: 0.0674 (0.0768)  loss_bbox_dn_0: 0.0422 (0.0452)  loss_bbox_dn_1: 0.0354 (0.0375)  loss_bbox_dn_2: 0.0342 (0.0365)  loss_giou: 0.7208 (0.7793)  loss_giou_aux_0: 0.7376 (0.7987)  loss_giou_aux_1: 0.7210 (0.7864)  loss_giou_aux_2: 0.7955 (0.8613)  loss_giou_dn_0: 0.6380 (0.6607)  loss_giou_dn_1: 0.5665 (0.5866)  loss_giou_dn_2: 0.5535 (0.5767)  loss_vfl: 0.5264 (0.5140)  loss_vfl_aux_0: 0.5521 (0.5402)  loss_vfl_aux_1: 0.5341 (0.5246)  loss_vfl_aux_2: 0.5632 (0.5624)  loss_vfl_dn_0: 0.4723 (0.4664)  loss_vfl_dn_1: 0.4337 (0.4322)  loss_vfl_dn_2: 0.4252 (0.4245)  time: 1.0485  data: 0.0284  max mem: 10176
Epoch: [88]  [700/809]  eta: 0:01:56  lr: 0.000010  loss: 9.1081 (8.9252)  loss_bbox: 0.0674 (0.0651)  loss_bbox_aux_0: 0.0688 (0.0689)  loss_bbox_aux_1: 0.0650 (0.0660)  loss_bbox_aux_2: 0.0707 (0.0772)  loss_bbox_dn_0: 0.0404 (0.0449)  loss_bbox_dn_1: 0.0339 (0.0373)  loss_bbox_dn_2: 0.0327 (0.0363)  loss_giou: 0.7909 (0.7829)  loss_giou_aux_0: 0.8042 (0.8020)  loss_giou_aux_1: 0.7894 (0.7898)  loss_giou_aux_2: 0.8537 (0.8644)  loss_giou_dn_0: 0.6651 (0.6618)  loss_giou_dn_1: 0.5975 (0.5878)  loss_giou_dn_2: 0.5890 (0.5779)  loss_vfl: 0.5033 (0.5134)  loss_vfl_aux_0: 0.5243 (0.5398)  loss_vfl_aux_1: 0.5188 (0.5240)  loss_vfl_aux_2: 0.5427 (0.5619)  loss_vfl_dn_0: 0.4646 (0.4665)  loss_vfl_dn_1: 0.4342 (0.4325)  loss_vfl_dn_2: 0.4269 (0.4247)  time: 1.0683  data: 0.0278  max mem: 10176
Epoch: [88]  [800/809]  eta: 0:00:09  lr: 0.000010  loss: 8.9134 (8.9151)  loss_bbox: 0.0565 (0.0647)  loss_bbox_aux_0: 0.0586 (0.0686)  loss_bbox_aux_1: 0.0566 (0.0656)  loss_bbox_aux_2: 0.0654 (0.0768)  loss_bbox_dn_0: 0.0423 (0.0450)  loss_bbox_dn_1: 0.0343 (0.0374)  loss_bbox_dn_2: 0.0329 (0.0364)  loss_giou: 0.7559 (0.7810)  loss_giou_aux_0: 0.7470 (0.7998)  loss_giou_aux_1: 0.7530 (0.7877)  loss_giou_aux_2: 0.8173 (0.8622)  loss_giou_dn_0: 0.6740 (0.6611)  loss_giou_dn_1: 0.5910 (0.5871)  loss_giou_dn_2: 0.5750 (0.5772)  loss_vfl: 0.5250 (0.5137)  loss_vfl_aux_0: 0.5608 (0.5403)  loss_vfl_aux_1: 0.5402 (0.5243)  loss_vfl_aux_2: 0.5791 (0.5627)  loss_vfl_dn_0: 0.4618 (0.4665)  loss_vfl_dn_1: 0.4279 (0.4323)  loss_vfl_dn_2: 0.4226 (0.4246)  time: 1.0768  data: 0.0261  max mem: 10176
Epoch: [88]  [808/809]  eta: 0:00:01  lr: 0.000010  loss: 8.8833 (8.9184)  loss_bbox: 0.0510 (0.0646)  loss_bbox_aux_0: 0.0527 (0.0685)  loss_bbox_aux_1: 0.0493 (0.0656)  loss_bbox_aux_2: 0.0642 (0.0767)  loss_bbox_dn_0: 0.0423 (0.0450)  loss_bbox_dn_1: 0.0344 (0.0373)  loss_bbox_dn_2: 0.0330 (0.0363)  loss_giou: 0.7374 (0.7818)  loss_giou_aux_0: 0.7589 (0.8006)  loss_giou_aux_1: 0.7387 (0.7885)  loss_giou_aux_2: 0.8173 (0.8629)  loss_giou_dn_0: 0.6616 (0.6615)  loss_giou_dn_1: 0.5868 (0.5875)  loss_giou_dn_2: 0.5750 (0.5776)  loss_vfl: 0.5250 (0.5136)  loss_vfl_aux_0: 0.5608 (0.5401)  loss_vfl_aux_1: 0.5402 (0.5242)  loss_vfl_aux_2: 0.5811 (0.5625)  loss_vfl_dn_0: 0.4628 (0.4666)  loss_vfl_dn_1: 0.4302 (0.4324)  loss_vfl_dn_2: 0.4246 (0.4247)  time: 0.9709  data: 0.0252  max mem: 10176
Epoch: [88] Total time: 0:14:19 (1.0624 s / it)
Averaged stats: lr: 0.000010  loss: 8.8833 (8.9184)  loss_bbox: 0.0510 (0.0646)  loss_bbox_aux_0: 0.0527 (0.0685)  loss_bbox_aux_1: 0.0493 (0.0656)  loss_bbox_aux_2: 0.0642 (0.0767)  loss_bbox_dn_0: 0.0423 (0.0450)  loss_bbox_dn_1: 0.0344 (0.0373)  loss_bbox_dn_2: 0.0330 (0.0363)  loss_giou: 0.7374 (0.7818)  loss_giou_aux_0: 0.7589 (0.8006)  loss_giou_aux_1: 0.7387 (0.7885)  loss_giou_aux_2: 0.8173 (0.8629)  loss_giou_dn_0: 0.6616 (0.6615)  loss_giou_dn_1: 0.5868 (0.5875)  loss_giou_dn_2: 0.5750 (0.5776)  loss_vfl: 0.5250 (0.5136)  loss_vfl_aux_0: 0.5608 (0.5401)  loss_vfl_aux_1: 0.5402 (0.5242)  loss_vfl_aux_2: 0.5811 (0.5625)  loss_vfl_dn_0: 0.4628 (0.4666)  loss_vfl_dn_1: 0.4302 (0.4324)  loss_vfl_dn_2: 0.4246 (0.4247)
Test:  [ 0/69]  eta: 0:01:20    time: 1.1651  data: 0.6089  max mem: 10176
Test:  [10/69]  eta: 0:00:39    time: 0.6697  data: 0.0714  max mem: 10176
Test:  [20/69]  eta: 0:00:33    time: 0.6490  data: 0.0194  max mem: 10176
Test:  [30/69]  eta: 0:00:25    time: 0.6461  data: 0.0198  max mem: 10176
Test:  [40/69]  eta: 0:00:18    time: 0.6010  data: 0.0184  max mem: 10176
Test:  [50/69]  eta: 0:00:11    time: 0.5794  data: 0.0192  max mem: 10176
Test:  [60/69]  eta: 0:00:05    time: 0.5586  data: 0.0197  max mem: 10176
Test:  [68/69]  eta: 0:00:00    time: 0.5700  data: 0.0189  max mem: 10176
Test: Total time: 0:00:42 (0.6117 s / it)
Averaged stats: 
Accumulating evaluation results...
DONE (t=1.90s).
IoU metric: bbox
 Average Precision  (AP) @[ IoU=0.50:0.95 | area=   all | maxDets=100 ] = 0.265
 Average Precision  (AP) @[ IoU=0.50      | area=   all | maxDets=100 ] = 0.429
 Average Precision  (AP) @[ IoU=0.75      | area=   all | maxDets=100 ] = 0.273
 Average Precision  (AP) @[ IoU=0.50:0.95 | area= small | maxDets=100 ] = 0.186
 Average Precision  (AP) @[ IoU=0.50:0.95 | area=medium | maxDets=100 ] = 0.354
 Average Precision  (AP) @[ IoU=0.50:0.95 | area= large | maxDets=100 ] = 0.489
 Average Recall     (AR) @[ IoU=0.50:0.95 | area=   all | maxDets=  1 ] = 0.112
 Average Recall     (AR) @[ IoU=0.50:0.95 | area=   all | maxDets= 10 ] = 0.318
 Average Recall     (AR) @[ IoU=0.50:0.95 | area=   all | maxDets=100 ] = 0.428
 Average Recall     (AR) @[ IoU=0.50:0.95 | area= small | maxDets=100 ] = 0.349
 Average Recall     (AR) @[ IoU=0.50:0.95 | area=medium | maxDets=100 ] = 0.529
 Average Recall     (AR) @[ IoU=0.50:0.95 | area= large | maxDets=100 ] = 0.639
best_stat:  {'epoch': 88, 'coco_eval_bbox': 0.26523930967338905}
Epoch: [89]  [  0/809]  eta: 1:15:13  lr: 0.000010  loss: 9.8525 (9.8525)  loss_bbox: 0.0681 (0.0681)  loss_bbox_aux_0: 0.0708 (0.0708)  loss_bbox_aux_1: 0.0690 (0.0690)  loss_bbox_aux_2: 0.0796 (0.0796)  loss_bbox_dn_0: 0.0444 (0.0444)  loss_bbox_dn_1: 0.0363 (0.0363)  loss_bbox_dn_2: 0.0358 (0.0358)  loss_giou: 0.9639 (0.9639)  loss_giou_aux_0: 0.9857 (0.9857)  loss_giou_aux_1: 0.9859 (0.9859)  loss_giou_aux_2: 1.0499 (1.0499)  loss_giou_dn_0: 0.7760 (0.7760)  loss_giou_dn_1: 0.6850 (0.6850)  loss_giou_dn_2: 0.6785 (0.6785)  loss_vfl: 0.4854 (0.4854)  loss_vfl_aux_0: 0.4961 (0.4961)  loss_vfl_aux_1: 0.4915 (0.4915)  loss_vfl_aux_2: 0.5157 (0.5157)  loss_vfl_dn_0: 0.4614 (0.4614)  loss_vfl_dn_1: 0.4420 (0.4420)  loss_vfl_dn_2: 0.4315 (0.4315)  time: 5.5788  data: 3.6779  max mem: 10176
Epoch: [89]  [100/809]  eta: 0:13:00  lr: 0.000010  loss: 8.6812 (8.8474)  loss_bbox: 0.0603 (0.0629)  loss_bbox_aux_0: 0.0655 (0.0666)  loss_bbox_aux_1: 0.0591 (0.0636)  loss_bbox_aux_2: 0.0758 (0.0750)  loss_bbox_dn_0: 0.0455 (0.0449)  loss_bbox_dn_1: 0.0376 (0.0372)  loss_bbox_dn_2: 0.0373 (0.0361)  loss_giou: 0.7665 (0.7702)  loss_giou_aux_0: 0.7899 (0.7881)  loss_giou_aux_1: 0.7687 (0.7764)  loss_giou_aux_2: 0.8171 (0.8490)  loss_giou_dn_0: 0.6427 (0.6555)  loss_giou_dn_1: 0.5616 (0.5809)  loss_giou_dn_2: 0.5518 (0.5704)  loss_vfl: 0.5138 (0.5166)  loss_vfl_aux_0: 0.5430 (0.5432)  loss_vfl_aux_1: 0.5266 (0.5264)  loss_vfl_aux_2: 0.5769 (0.5635)  loss_vfl_dn_0: 0.4688 (0.4663)  loss_vfl_dn_1: 0.4358 (0.4312)  loss_vfl_dn_2: 0.4260 (0.4233)  time: 1.0166  data: 0.0277  max mem: 10176
Epoch: [89]  [200/809]  eta: 0:10:54  lr: 0.000010  loss: 9.1187 (8.9299)  loss_bbox: 0.0747 (0.0638)  loss_bbox_aux_0: 0.0769 (0.0675)  loss_bbox_aux_1: 0.0745 (0.0645)  loss_bbox_aux_2: 0.0850 (0.0763)  loss_bbox_dn_0: 0.0409 (0.0443)  loss_bbox_dn_1: 0.0336 (0.0368)  loss_bbox_dn_2: 0.0327 (0.0358)  loss_giou: 0.8393 (0.7859)  loss_giou_aux_0: 0.8409 (0.8051)  loss_giou_aux_1: 0.8341 (0.7925)  loss_giou_aux_2: 0.8833 (0.8655)  loss_giou_dn_0: 0.6773 (0.6620)  loss_giou_dn_1: 0.6078 (0.5888)  loss_giou_dn_2: 0.5985 (0.5789)  loss_vfl: 0.4872 (0.5144)  loss_vfl_aux_0: 0.5122 (0.5402)  loss_vfl_aux_1: 0.5005 (0.5241)  loss_vfl_aux_2: 0.5356 (0.5594)  loss_vfl_dn_0: 0.4674 (0.4668)  loss_vfl_dn_1: 0.4393 (0.4326)  loss_vfl_dn_2: 0.4315 (0.4247)  time: 1.0412  data: 0.0270  max mem: 10176
Epoch: [89]  [300/809]  eta: 0:09:07  lr: 0.000010  loss: 8.5318 (8.8952)  loss_bbox: 0.0563 (0.0633)  loss_bbox_aux_0: 0.0586 (0.0668)  loss_bbox_aux_1: 0.0568 (0.0641)  loss_bbox_aux_2: 0.0714 (0.0755)  loss_bbox_dn_0: 0.0418 (0.0442)  loss_bbox_dn_1: 0.0347 (0.0366)  loss_bbox_dn_2: 0.0335 (0.0356)  loss_giou: 0.6548 (0.7800)  loss_giou_aux_0: 0.6765 (0.7986)  loss_giou_aux_1: 0.6635 (0.7866)  loss_giou_aux_2: 0.7359 (0.8598)  loss_giou_dn_0: 0.6215 (0.6610)  loss_giou_dn_1: 0.5366 (0.5880)  loss_giou_dn_2: 0.5260 (0.5782)  loss_vfl: 0.5156 (0.5132)  loss_vfl_aux_0: 0.5502 (0.5394)  loss_vfl_aux_1: 0.5282 (0.5231)  loss_vfl_aux_2: 0.5638 (0.5593)  loss_vfl_dn_0: 0.4626 (0.4661)  loss_vfl_dn_1: 0.4299 (0.4320)  loss_vfl_dn_2: 0.4182 (0.4238)  time: 1.1479  data: 0.0296  max mem: 10176
Epoch: [89]  [400/809]  eta: 0:07:16  lr: 0.000010  loss: 8.2662 (8.8706)  loss_bbox: 0.0511 (0.0628)  loss_bbox_aux_0: 0.0597 (0.0664)  loss_bbox_aux_1: 0.0518 (0.0635)  loss_bbox_aux_2: 0.0639 (0.0749)  loss_bbox_dn_0: 0.0379 (0.0444)  loss_bbox_dn_1: 0.0316 (0.0368)  loss_bbox_dn_2: 0.0309 (0.0359)  loss_giou: 0.6498 (0.7748)  loss_giou_aux_0: 0.6852 (0.7934)  loss_giou_aux_1: 0.6565 (0.7813)  loss_giou_aux_2: 0.7601 (0.8549)  loss_giou_dn_0: 0.6225 (0.6598)  loss_giou_dn_1: 0.5428 (0.5863)  loss_giou_dn_2: 0.5286 (0.5765)  loss_vfl: 0.5244 (0.5135)  loss_vfl_aux_0: 0.5415 (0.5393)  loss_vfl_aux_1: 0.5305 (0.5235)  loss_vfl_aux_2: 0.5754 (0.5612)  loss_vfl_dn_0: 0.4667 (0.4660)  loss_vfl_dn_1: 0.4304 (0.4317)  loss_vfl_dn_2: 0.4202 (0.4236)  time: 1.0337  data: 0.0258  max mem: 10176
Epoch: [89]  [500/809]  eta: 0:05:28  lr: 0.000010  loss: 8.8474 (8.8855)  loss_bbox: 0.0601 (0.0628)  loss_bbox_aux_0: 0.0644 (0.0665)  loss_bbox_aux_1: 0.0604 (0.0636)  loss_bbox_aux_2: 0.0678 (0.0748)  loss_bbox_dn_0: 0.0416 (0.0443)  loss_bbox_dn_1: 0.0348 (0.0367)  loss_bbox_dn_2: 0.0338 (0.0357)  loss_giou: 0.7806 (0.7779)  loss_giou_aux_0: 0.7874 (0.7961)  loss_giou_aux_1: 0.7819 (0.7843)  loss_giou_aux_2: 0.8426 (0.8570)  loss_giou_dn_0: 0.6743 (0.6610)  loss_giou_dn_1: 0.5930 (0.5870)  loss_giou_dn_2: 0.5814 (0.5772)  loss_vfl: 0.5066 (0.5139)  loss_vfl_aux_0: 0.5298 (0.5397)  loss_vfl_aux_1: 0.5151 (0.5238)  loss_vfl_aux_2: 0.5576 (0.5619)  loss_vfl_dn_0: 0.4592 (0.4658)  loss_vfl_dn_1: 0.4300 (0.4318)  loss_vfl_dn_2: 0.4238 (0.4238)  time: 1.0603  data: 0.0281  max mem: 10176
Epoch: [89]  [600/809]  eta: 0:03:41  lr: 0.000010  loss: 8.7621 (8.9044)  loss_bbox: 0.0555 (0.0631)  loss_bbox_aux_0: 0.0604 (0.0668)  loss_bbox_aux_1: 0.0560 (0.0639)  loss_bbox_aux_2: 0.0688 (0.0750)  loss_bbox_dn_0: 0.0390 (0.0441)  loss_bbox_dn_1: 0.0325 (0.0366)  loss_bbox_dn_2: 0.0312 (0.0357)  loss_giou: 0.7695 (0.7822)  loss_giou_aux_0: 0.7840 (0.8006)  loss_giou_aux_1: 0.7749 (0.7887)  loss_giou_aux_2: 0.8439 (0.8616)  loss_giou_dn_0: 0.6541 (0.6626)  loss_giou_dn_1: 0.5800 (0.5885)  loss_giou_dn_2: 0.5670 (0.5788)  loss_vfl: 0.5059 (0.5129)  loss_vfl_aux_0: 0.5309 (0.5388)  loss_vfl_aux_1: 0.5171 (0.5228)  loss_vfl_aux_2: 0.5565 (0.5609)  loss_vfl_dn_0: 0.4613 (0.4656)  loss_vfl_dn_1: 0.4274 (0.4316)  loss_vfl_dn_2: 0.4185 (0.4236)  time: 1.0229  data: 0.0250  max mem: 10176
Epoch: [89]  [700/809]  eta: 0:01:55  lr: 0.000010  loss: 9.2232 (8.9189)  loss_bbox: 0.0631 (0.0632)  loss_bbox_aux_0: 0.0687 (0.0670)  loss_bbox_aux_1: 0.0647 (0.0640)  loss_bbox_aux_2: 0.0758 (0.0751)  loss_bbox_dn_0: 0.0415 (0.0441)  loss_bbox_dn_1: 0.0346 (0.0366)  loss_bbox_dn_2: 0.0337 (0.0356)  loss_giou: 0.8386 (0.7850)  loss_giou_aux_0: 0.8595 (0.8034)  loss_giou_aux_1: 0.8458 (0.7914)  loss_giou_aux_2: 0.9220 (0.8642)  loss_giou_dn_0: 0.6785 (0.6640)  loss_giou_dn_1: 0.5988 (0.5899)  loss_giou_dn_2: 0.5917 (0.5802)  loss_vfl: 0.5177 (0.5125)  loss_vfl_aux_0: 0.5433 (0.5382)  loss_vfl_aux_1: 0.5258 (0.5224)  loss_vfl_aux_2: 0.5598 (0.5603)  loss_vfl_dn_0: 0.4642 (0.4659)  loss_vfl_dn_1: 0.4358 (0.4320)  loss_vfl_dn_2: 0.4277 (0.4240)  time: 1.0438  data: 0.0256  max mem: 10176
Epoch: [89]  [800/809]  eta: 0:00:09  lr: 0.000010  loss: 8.8790 (8.9390)  loss_bbox: 0.0603 (0.0637)  loss_bbox_aux_0: 0.0673 (0.0676)  loss_bbox_aux_1: 0.0634 (0.0646)  loss_bbox_aux_2: 0.0736 (0.0756)  loss_bbox_dn_0: 0.0423 (0.0443)  loss_bbox_dn_1: 0.0345 (0.0367)  loss_bbox_dn_2: 0.0337 (0.0358)  loss_giou: 0.7731 (0.7883)  loss_giou_aux_0: 0.8017 (0.8070)  loss_giou_aux_1: 0.7864 (0.7950)  loss_giou_aux_2: 0.8437 (0.8681)  loss_giou_dn_0: 0.6384 (0.6656)  loss_giou_dn_1: 0.5716 (0.5916)  loss_giou_dn_2: 0.5644 (0.5819)  loss_vfl: 0.5117 (0.5122)  loss_vfl_aux_0: 0.5359 (0.5377)  loss_vfl_aux_1: 0.5190 (0.5221)  loss_vfl_aux_2: 0.5540 (0.5597)  loss_vfl_dn_0: 0.4661 (0.4658)  loss_vfl_dn_1: 0.4286 (0.4319)  loss_vfl_dn_2: 0.4209 (0.4241)  time: 1.0415  data: 0.0266  max mem: 10176
Epoch: [89]  [808/809]  eta: 0:00:01  lr: 0.000010  loss: 8.6494 (8.9385)  loss_bbox: 0.0552 (0.0636)  loss_bbox_aux_0: 0.0594 (0.0676)  loss_bbox_aux_1: 0.0573 (0.0645)  loss_bbox_aux_2: 0.0708 (0.0755)  loss_bbox_dn_0: 0.0399 (0.0442)  loss_bbox_dn_1: 0.0320 (0.0367)  loss_bbox_dn_2: 0.0312 (0.0357)  loss_giou: 0.7731 (0.7882)  loss_giou_aux_0: 0.7994 (0.8069)  loss_giou_aux_1: 0.7864 (0.7948)  loss_giou_aux_2: 0.8437 (0.8679)  loss_giou_dn_0: 0.6467 (0.6656)  loss_giou_dn_1: 0.5854 (0.5916)  loss_giou_dn_2: 0.5744 (0.5819)  loss_vfl: 0.5175 (0.5123)  loss_vfl_aux_0: 0.5359 (0.5377)  loss_vfl_aux_1: 0.5190 (0.5222)  loss_vfl_aux_2: 0.5540 (0.5598)  loss_vfl_dn_0: 0.4635 (0.4658)  loss_vfl_dn_1: 0.4345 (0.4320)  loss_vfl_dn_2: 0.4277 (0.4241)  time: 0.9247  data: 0.0235  max mem: 10176
Epoch: [89] Total time: 0:14:14 (1.0567 s / it)
Averaged stats: lr: 0.000010  loss: 8.6494 (8.9385)  loss_bbox: 0.0552 (0.0636)  loss_bbox_aux_0: 0.0594 (0.0676)  loss_bbox_aux_1: 0.0573 (0.0645)  loss_bbox_aux_2: 0.0708 (0.0755)  loss_bbox_dn_0: 0.0399 (0.0442)  loss_bbox_dn_1: 0.0320 (0.0367)  loss_bbox_dn_2: 0.0312 (0.0357)  loss_giou: 0.7731 (0.7882)  loss_giou_aux_0: 0.7994 (0.8069)  loss_giou_aux_1: 0.7864 (0.7948)  loss_giou_aux_2: 0.8437 (0.8679)  loss_giou_dn_0: 0.6467 (0.6656)  loss_giou_dn_1: 0.5854 (0.5916)  loss_giou_dn_2: 0.5744 (0.5819)  loss_vfl: 0.5175 (0.5123)  loss_vfl_aux_0: 0.5359 (0.5377)  loss_vfl_aux_1: 0.5190 (0.5222)  loss_vfl_aux_2: 0.5540 (0.5598)  loss_vfl_dn_0: 0.4635 (0.4658)  loss_vfl_dn_1: 0.4345 (0.4320)  loss_vfl_dn_2: 0.4277 (0.4241)
Test:  [ 0/69]  eta: 0:01:27    time: 1.2731  data: 0.6919  max mem: 10176
Test:  [10/69]  eta: 0:00:45    time: 0.7729  data: 0.0768  max mem: 10176
Test:  [20/69]  eta: 0:00:35    time: 0.6955  data: 0.0171  max mem: 10176
Test:  [30/69]  eta: 0:00:26    time: 0.6446  data: 0.0188  max mem: 10176
Test:  [40/69]  eta: 0:00:19    time: 0.6044  data: 0.0189  max mem: 10176
Test:  [50/69]  eta: 0:00:12    time: 0.5674  data: 0.0192  max mem: 10176
Test:  [60/69]  eta: 0:00:05    time: 0.5442  data: 0.0194  max mem: 10176
Test:  [68/69]  eta: 0:00:00    time: 0.5601  data: 0.0183  max mem: 10176
Test: Total time: 0:00:42 (0.6230 s / it)
Averaged stats: 
Accumulating evaluation results...
DONE (t=1.96s).
IoU metric: bbox
 Average Precision  (AP) @[ IoU=0.50:0.95 | area=   all | maxDets=100 ] = 0.265
 Average Precision  (AP) @[ IoU=0.50      | area=   all | maxDets=100 ] = 0.429
 Average Precision  (AP) @[ IoU=0.75      | area=   all | maxDets=100 ] = 0.273
 Average Precision  (AP) @[ IoU=0.50:0.95 | area= small | maxDets=100 ] = 0.186
 Average Precision  (AP) @[ IoU=0.50:0.95 | area=medium | maxDets=100 ] = 0.354
 Average Precision  (AP) @[ IoU=0.50:0.95 | area= large | maxDets=100 ] = 0.477
 Average Recall     (AR) @[ IoU=0.50:0.95 | area=   all | maxDets=  1 ] = 0.112
 Average Recall     (AR) @[ IoU=0.50:0.95 | area=   all | maxDets= 10 ] = 0.318
 Average Recall     (AR) @[ IoU=0.50:0.95 | area=   all | maxDets=100 ] = 0.427
 Average Recall     (AR) @[ IoU=0.50:0.95 | area= small | maxDets=100 ] = 0.349
 Average Recall     (AR) @[ IoU=0.50:0.95 | area=medium | maxDets=100 ] = 0.528
 Average Recall     (AR) @[ IoU=0.50:0.95 | area= large | maxDets=100 ] = 0.636
best_stat:  {'epoch': 89, 'coco_eval_bbox': 0.2653103517566686}
Epoch: [90]  [  0/809]  eta: 1:24:35  lr: 0.000010  loss: 8.1642 (8.1642)  loss_bbox: 0.0367 (0.0367)  loss_bbox_aux_0: 0.0384 (0.0384)  loss_bbox_aux_1: 0.0376 (0.0376)  loss_bbox_aux_2: 0.0516 (0.0516)  loss_bbox_dn_0: 0.0398 (0.0398)  loss_bbox_dn_1: 0.0326 (0.0326)  loss_bbox_dn_2: 0.0307 (0.0307)  loss_giou: 0.5675 (0.5675)  loss_giou_aux_0: 0.5838 (0.5838)  loss_giou_aux_1: 0.5749 (0.5749)  loss_giou_aux_2: 0.6398 (0.6398)  loss_giou_dn_0: 0.5805 (0.5805)  loss_giou_dn_1: 0.5098 (0.5098)  loss_giou_dn_2: 0.4990 (0.4990)  loss_vfl: 0.6157 (0.6157)  loss_vfl_aux_0: 0.6387 (0.6387)  loss_vfl_aux_1: 0.6191 (0.6191)  loss_vfl_aux_2: 0.6687 (0.6687)  loss_vfl_dn_0: 0.4988 (0.4988)  loss_vfl_dn_1: 0.4562 (0.4562)  loss_vfl_dn_2: 0.4445 (0.4445)  time: 6.2741  data: 4.1997  max mem: 10176
Epoch: [90]  [100/809]  eta: 0:13:12  lr: 0.000010  loss: 8.7372 (8.7691)  loss_bbox: 0.0563 (0.0614)  loss_bbox_aux_0: 0.0637 (0.0659)  loss_bbox_aux_1: 0.0582 (0.0622)  loss_bbox_aux_2: 0.0717 (0.0738)  loss_bbox_dn_0: 0.0396 (0.0436)  loss_bbox_dn_1: 0.0327 (0.0363)  loss_bbox_dn_2: 0.0315 (0.0353)  loss_giou: 0.7404 (0.7600)  loss_giou_aux_0: 0.7602 (0.7770)  loss_giou_aux_1: 0.7485 (0.7657)  loss_giou_aux_2: 0.8276 (0.8423)  loss_giou_dn_0: 0.6644 (0.6513)  loss_giou_dn_1: 0.5867 (0.5778)  loss_giou_dn_2: 0.5736 (0.5684)  loss_vfl: 0.5072 (0.5107)  loss_vfl_aux_0: 0.5271 (0.5360)  loss_vfl_aux_1: 0.5142 (0.5203)  loss_vfl_aux_2: 0.5510 (0.5600)  loss_vfl_dn_0: 0.4641 (0.4655)  loss_vfl_dn_1: 0.4363 (0.4317)  loss_vfl_dn_2: 0.4301 (0.4239)  time: 1.0586  data: 0.0253  max mem: 10176
Epoch: [90]  [200/809]  eta: 0:11:06  lr: 0.000010  loss: 8.4865 (8.8416)  loss_bbox: 0.0547 (0.0629)  loss_bbox_aux_0: 0.0588 (0.0677)  loss_bbox_aux_1: 0.0582 (0.0639)  loss_bbox_aux_2: 0.0685 (0.0755)  loss_bbox_dn_0: 0.0457 (0.0434)  loss_bbox_dn_1: 0.0383 (0.0360)  loss_bbox_dn_2: 0.0368 (0.0351)  loss_giou: 0.6730 (0.7755)  loss_giou_aux_0: 0.6791 (0.7938)  loss_giou_aux_1: 0.6709 (0.7822)  loss_giou_aux_2: 0.7585 (0.8571)  loss_giou_dn_0: 0.6187 (0.6551)  loss_giou_dn_1: 0.5392 (0.5817)  loss_giou_dn_2: 0.5322 (0.5723)  loss_vfl: 0.5100 (0.5092)  loss_vfl_aux_0: 0.5432 (0.5342)  loss_vfl_aux_1: 0.5215 (0.5187)  loss_vfl_aux_2: 0.5621 (0.5576)  loss_vfl_dn_0: 0.4639 (0.4651)  loss_vfl_dn_1: 0.4288 (0.4312)  loss_vfl_dn_2: 0.4211 (0.4234)  time: 1.0720  data: 0.0264  max mem: 10176
Epoch: [90]  [300/809]  eta: 0:09:08  lr: 0.000010  loss: 8.9071 (8.8929)  loss_bbox: 0.0545 (0.0634)  loss_bbox_aux_0: 0.0586 (0.0682)  loss_bbox_aux_1: 0.0556 (0.0644)  loss_bbox_aux_2: 0.0672 (0.0760)  loss_bbox_dn_0: 0.0396 (0.0433)  loss_bbox_dn_1: 0.0318 (0.0359)  loss_bbox_dn_2: 0.0308 (0.0349)  loss_giou: 0.7491 (0.7831)  loss_giou_aux_0: 0.7664 (0.8017)  loss_giou_aux_1: 0.7578 (0.7897)  loss_giou_aux_2: 0.8374 (0.8655)  loss_giou_dn_0: 0.6712 (0.6594)  loss_giou_dn_1: 0.5912 (0.5854)  loss_giou_dn_2: 0.5822 (0.5759)  loss_vfl: 0.5231 (0.5104)  loss_vfl_aux_0: 0.5474 (0.5357)  loss_vfl_aux_1: 0.5355 (0.5206)  loss_vfl_aux_2: 0.5649 (0.5582)  loss_vfl_dn_0: 0.4634 (0.4658)  loss_vfl_dn_1: 0.4332 (0.4316)  loss_vfl_dn_2: 0.4263 (0.4238)  time: 1.0588  data: 0.0275  max mem: 10176
Epoch: [90]  [400/809]  eta: 0:07:21  lr: 0.000010  loss: 9.0793 (8.9151)  loss_bbox: 0.0548 (0.0638)  loss_bbox_aux_0: 0.0602 (0.0684)  loss_bbox_aux_1: 0.0579 (0.0648)  loss_bbox_aux_2: 0.0674 (0.0765)  loss_bbox_dn_0: 0.0367 (0.0435)  loss_bbox_dn_1: 0.0315 (0.0361)  loss_bbox_dn_2: 0.0307 (0.0351)  loss_giou: 0.7682 (0.7858)  loss_giou_aux_0: 0.7975 (0.8049)  loss_giou_aux_1: 0.7779 (0.7926)  loss_giou_aux_2: 0.8485 (0.8687)  loss_giou_dn_0: 0.6486 (0.6616)  loss_giou_dn_1: 0.5820 (0.5878)  loss_giou_dn_2: 0.5787 (0.5781)  loss_vfl: 0.5063 (0.5109)  loss_vfl_aux_0: 0.5300 (0.5360)  loss_vfl_aux_1: 0.5087 (0.5211)  loss_vfl_aux_2: 0.5544 (0.5580)  loss_vfl_dn_0: 0.4662 (0.4660)  loss_vfl_dn_1: 0.4359 (0.4317)  loss_vfl_dn_2: 0.4272 (0.4239)  time: 1.0746  data: 0.0299  max mem: 10176
Epoch: [90]  [500/809]  eta: 0:05:32  lr: 0.000010  loss: 9.0769 (8.9168)  loss_bbox: 0.0607 (0.0635)  loss_bbox_aux_0: 0.0642 (0.0679)  loss_bbox_aux_1: 0.0619 (0.0644)  loss_bbox_aux_2: 0.0748 (0.0762)  loss_bbox_dn_0: 0.0416 (0.0442)  loss_bbox_dn_1: 0.0335 (0.0366)  loss_bbox_dn_2: 0.0324 (0.0356)  loss_giou: 0.8045 (0.7839)  loss_giou_aux_0: 0.8460 (0.8034)  loss_giou_aux_1: 0.8180 (0.7909)  loss_giou_aux_2: 0.8995 (0.8667)  loss_giou_dn_0: 0.6802 (0.6629)  loss_giou_dn_1: 0.6018 (0.5887)  loss_giou_dn_2: 0.5962 (0.5789)  loss_vfl: 0.4860 (0.5119)  loss_vfl_aux_0: 0.5137 (0.5371)  loss_vfl_aux_1: 0.4989 (0.5224)  loss_vfl_aux_2: 0.5242 (0.5588)  loss_vfl_dn_0: 0.4650 (0.4664)  loss_vfl_dn_1: 0.4414 (0.4320)  loss_vfl_dn_2: 0.4279 (0.4242)  time: 1.0751  data: 0.0258  max mem: 10176
Epoch: [90]  [600/809]  eta: 0:03:43  lr: 0.000010  loss: 8.8918 (8.9264)  loss_bbox: 0.0630 (0.0635)  loss_bbox_aux_0: 0.0661 (0.0678)  loss_bbox_aux_1: 0.0645 (0.0644)  loss_bbox_aux_2: 0.0759 (0.0760)  loss_bbox_dn_0: 0.0452 (0.0439)  loss_bbox_dn_1: 0.0390 (0.0364)  loss_bbox_dn_2: 0.0379 (0.0354)  loss_giou: 0.7514 (0.7867)  loss_giou_aux_0: 0.7673 (0.8057)  loss_giou_aux_1: 0.7485 (0.7934)  loss_giou_aux_2: 0.8387 (0.8683)  loss_giou_dn_0: 0.6659 (0.6645)  loss_giou_dn_1: 0.5940 (0.5904)  loss_giou_dn_2: 0.5921 (0.5807)  loss_vfl: 0.5258 (0.5108)  loss_vfl_aux_0: 0.5458 (0.5363)  loss_vfl_aux_1: 0.5383 (0.5214)  loss_vfl_aux_2: 0.5632 (0.5580)  loss_vfl_dn_0: 0.4725 (0.4664)  loss_vfl_dn_1: 0.4326 (0.4321)  loss_vfl_dn_2: 0.4249 (0.4245)  time: 1.0533  data: 0.0246  max mem: 10176
Epoch: [90]  [700/809]  eta: 0:01:56  lr: 0.000010  loss: 8.7278 (8.9122)  loss_bbox: 0.0530 (0.0636)  loss_bbox_aux_0: 0.0577 (0.0678)  loss_bbox_aux_1: 0.0575 (0.0645)  loss_bbox_aux_2: 0.0656 (0.0760)  loss_bbox_dn_0: 0.0433 (0.0439)  loss_bbox_dn_1: 0.0353 (0.0364)  loss_bbox_dn_2: 0.0353 (0.0355)  loss_giou: 0.7615 (0.7840)  loss_giou_aux_0: 0.7694 (0.8031)  loss_giou_aux_1: 0.7580 (0.7908)  loss_giou_aux_2: 0.8486 (0.8657)  loss_giou_dn_0: 0.6213 (0.6622)  loss_giou_dn_1: 0.5499 (0.5883)  loss_giou_dn_2: 0.5401 (0.5786)  loss_vfl: 0.5229 (0.5115)  loss_vfl_aux_0: 0.5371 (0.5369)  loss_vfl_aux_1: 0.5302 (0.5220)  loss_vfl_aux_2: 0.5625 (0.5587)  loss_vfl_dn_0: 0.4624 (0.4664)  loss_vfl_dn_1: 0.4344 (0.4320)  loss_vfl_dn_2: 0.4248 (0.4243)  time: 1.1056  data: 0.0265  max mem: 10176
Epoch: [90]  [800/809]  eta: 0:00:09  lr: 0.000010  loss: 8.9861 (8.9038)  loss_bbox: 0.0637 (0.0634)  loss_bbox_aux_0: 0.0698 (0.0676)  loss_bbox_aux_1: 0.0665 (0.0643)  loss_bbox_aux_2: 0.0727 (0.0758)  loss_bbox_dn_0: 0.0439 (0.0440)  loss_bbox_dn_1: 0.0373 (0.0365)  loss_bbox_dn_2: 0.0346 (0.0355)  loss_giou: 0.8066 (0.7827)  loss_giou_aux_0: 0.8246 (0.8018)  loss_giou_aux_1: 0.8121 (0.7894)  loss_giou_aux_2: 0.8763 (0.8644)  loss_giou_dn_0: 0.6556 (0.6614)  loss_giou_dn_1: 0.5833 (0.5874)  loss_giou_dn_2: 0.5741 (0.5777)  loss_vfl: 0.5096 (0.5116)  loss_vfl_aux_0: 0.5361 (0.5370)  loss_vfl_aux_1: 0.5188 (0.5219)  loss_vfl_aux_2: 0.5436 (0.5589)  loss_vfl_dn_0: 0.4613 (0.4663)  loss_vfl_dn_1: 0.4319 (0.4319)  loss_vfl_dn_2: 0.4242 (0.4242)  time: 0.9915  data: 0.0250  max mem: 10176
Epoch: [90]  [808/809]  eta: 0:00:01  lr: 0.000010  loss: 8.7904 (8.8988)  loss_bbox: 0.0575 (0.0633)  loss_bbox_aux_0: 0.0642 (0.0675)  loss_bbox_aux_1: 0.0566 (0.0642)  loss_bbox_aux_2: 0.0725 (0.0757)  loss_bbox_dn_0: 0.0440 (0.0440)  loss_bbox_dn_1: 0.0373 (0.0364)  loss_bbox_dn_2: 0.0361 (0.0355)  loss_giou: 0.7254 (0.7820)  loss_giou_aux_0: 0.7477 (0.8011)  loss_giou_aux_1: 0.7226 (0.7887)  loss_giou_aux_2: 0.7922 (0.8637)  loss_giou_dn_0: 0.6436 (0.6609)  loss_giou_dn_1: 0.5652 (0.5869)  loss_giou_dn_2: 0.5517 (0.5772)  loss_vfl: 0.5178 (0.5116)  loss_vfl_aux_0: 0.5376 (0.5370)  loss_vfl_aux_1: 0.5242 (0.5219)  loss_vfl_aux_2: 0.5509 (0.5589)  loss_vfl_dn_0: 0.4598 (0.4662)  loss_vfl_dn_1: 0.4285 (0.4318)  loss_vfl_dn_2: 0.4139 (0.4241)  time: 0.8863  data: 0.0242  max mem: 10176
Epoch: [90] Total time: 0:14:20 (1.0634 s / it)
Averaged stats: lr: 0.000010  loss: 8.7904 (8.8988)  loss_bbox: 0.0575 (0.0633)  loss_bbox_aux_0: 0.0642 (0.0675)  loss_bbox_aux_1: 0.0566 (0.0642)  loss_bbox_aux_2: 0.0725 (0.0757)  loss_bbox_dn_0: 0.0440 (0.0440)  loss_bbox_dn_1: 0.0373 (0.0364)  loss_bbox_dn_2: 0.0361 (0.0355)  loss_giou: 0.7254 (0.7820)  loss_giou_aux_0: 0.7477 (0.8011)  loss_giou_aux_1: 0.7226 (0.7887)  loss_giou_aux_2: 0.7922 (0.8637)  loss_giou_dn_0: 0.6436 (0.6609)  loss_giou_dn_1: 0.5652 (0.5869)  loss_giou_dn_2: 0.5517 (0.5772)  loss_vfl: 0.5178 (0.5116)  loss_vfl_aux_0: 0.5376 (0.5370)  loss_vfl_aux_1: 0.5242 (0.5219)  loss_vfl_aux_2: 0.5509 (0.5589)  loss_vfl_dn_0: 0.4598 (0.4662)  loss_vfl_dn_1: 0.4285 (0.4318)  loss_vfl_dn_2: 0.4139 (0.4241)
Test:  [ 0/69]  eta: 0:01:43    time: 1.5011  data: 0.6462  max mem: 10176
Test:  [10/69]  eta: 0:00:42    time: 0.7206  data: 0.0780  max mem: 10176
Test:  [20/69]  eta: 0:00:36    time: 0.7018  data: 0.0652  max mem: 10176
Test:  [30/69]  eta: 0:00:27    time: 0.6933  data: 0.0652  max mem: 10176
Test:  [40/69]  eta: 0:00:19    time: 0.6112  data: 0.0215  max mem: 10176
Test:  [50/69]  eta: 0:00:12    time: 0.5778  data: 0.0211  max mem: 10176
Test:  [60/69]  eta: 0:00:05    time: 0.5513  data: 0.0204  max mem: 10176
Test:  [68/69]  eta: 0:00:00    time: 0.5646  data: 0.0196  max mem: 10176
Test: Total time: 0:00:43 (0.6334 s / it)
Averaged stats: 
Accumulating evaluation results...
DONE (t=1.88s).
IoU metric: bbox
 Average Precision  (AP) @[ IoU=0.50:0.95 | area=   all | maxDets=100 ] = 0.265
 Average Precision  (AP) @[ IoU=0.50      | area=   all | maxDets=100 ] = 0.429
 Average Precision  (AP) @[ IoU=0.75      | area=   all | maxDets=100 ] = 0.274
 Average Precision  (AP) @[ IoU=0.50:0.95 | area= small | maxDets=100 ] = 0.186
 Average Precision  (AP) @[ IoU=0.50:0.95 | area=medium | maxDets=100 ] = 0.353
 Average Precision  (AP) @[ IoU=0.50:0.95 | area= large | maxDets=100 ] = 0.487
 Average Recall     (AR) @[ IoU=0.50:0.95 | area=   all | maxDets=  1 ] = 0.112
 Average Recall     (AR) @[ IoU=0.50:0.95 | area=   all | maxDets= 10 ] = 0.318
 Average Recall     (AR) @[ IoU=0.50:0.95 | area=   all | maxDets=100 ] = 0.427
 Average Recall     (AR) @[ IoU=0.50:0.95 | area= small | maxDets=100 ] = 0.349
 Average Recall     (AR) @[ IoU=0.50:0.95 | area=medium | maxDets=100 ] = 0.528
 Average Recall     (AR) @[ IoU=0.50:0.95 | area= large | maxDets=100 ] = 0.644
best_stat:  {'epoch': 90, 'coco_eval_bbox': 0.26531717536646465}
Epoch: [91]  [  0/809]  eta: 1:18:52  lr: 0.000010  loss: 9.9628 (9.9628)  loss_bbox: 0.0842 (0.0842)  loss_bbox_aux_0: 0.0889 (0.0889)  loss_bbox_aux_1: 0.0868 (0.0868)  loss_bbox_aux_2: 0.1012 (0.1012)  loss_bbox_dn_0: 0.0587 (0.0587)  loss_bbox_dn_1: 0.0503 (0.0503)  loss_bbox_dn_2: 0.0490 (0.0490)  loss_giou: 0.9380 (0.9380)  loss_giou_aux_0: 0.9467 (0.9467)  loss_giou_aux_1: 0.9266 (0.9266)  loss_giou_aux_2: 1.0073 (1.0073)  loss_giou_dn_0: 0.7721 (0.7721)  loss_giou_dn_1: 0.6993 (0.6993)  loss_giou_dn_2: 0.6851 (0.6851)  loss_vfl: 0.5116 (0.5116)  loss_vfl_aux_0: 0.5396 (0.5396)  loss_vfl_aux_1: 0.5229 (0.5229)  loss_vfl_aux_2: 0.5460 (0.5460)  loss_vfl_dn_0: 0.4706 (0.4706)  loss_vfl_dn_1: 0.4414 (0.4414)  loss_vfl_dn_2: 0.4364 (0.4364)  time: 5.8494  data: 3.9760  max mem: 10176
Epoch: [91]  [100/809]  eta: 0:12:53  lr: 0.000010  loss: 8.8870 (8.9009)  loss_bbox: 0.0543 (0.0621)  loss_bbox_aux_0: 0.0569 (0.0660)  loss_bbox_aux_1: 0.0549 (0.0630)  loss_bbox_aux_2: 0.0683 (0.0752)  loss_bbox_dn_0: 0.0438 (0.0445)  loss_bbox_dn_1: 0.0356 (0.0370)  loss_bbox_dn_2: 0.0356 (0.0361)  loss_giou: 0.7666 (0.7759)  loss_giou_aux_0: 0.7896 (0.7961)  loss_giou_aux_1: 0.7717 (0.7829)  loss_giou_aux_2: 0.8267 (0.8592)  loss_giou_dn_0: 0.6355 (0.6621)  loss_giou_dn_1: 0.5672 (0.5881)  loss_giou_dn_2: 0.5623 (0.5788)  loss_vfl: 0.5216 (0.5177)  loss_vfl_aux_0: 0.5524 (0.5431)  loss_vfl_aux_1: 0.5383 (0.5270)  loss_vfl_aux_2: 0.5869 (0.5652)  loss_vfl_dn_0: 0.4674 (0.4658)  loss_vfl_dn_1: 0.4336 (0.4315)  loss_vfl_dn_2: 0.4261 (0.4238)  time: 1.0409  data: 0.0270  max mem: 10176
Epoch: [91]  [200/809]  eta: 0:10:57  lr: 0.000010  loss: 8.8820 (8.8836)  loss_bbox: 0.0532 (0.0618)  loss_bbox_aux_0: 0.0567 (0.0661)  loss_bbox_aux_1: 0.0536 (0.0629)  loss_bbox_aux_2: 0.0633 (0.0746)  loss_bbox_dn_0: 0.0361 (0.0439)  loss_bbox_dn_1: 0.0306 (0.0365)  loss_bbox_dn_2: 0.0300 (0.0356)  loss_giou: 0.7655 (0.7730)  loss_giou_aux_0: 0.7816 (0.7931)  loss_giou_aux_1: 0.7777 (0.7804)  loss_giou_aux_2: 0.8506 (0.8559)  loss_giou_dn_0: 0.6783 (0.6607)  loss_giou_dn_1: 0.6078 (0.5868)  loss_giou_dn_2: 0.6008 (0.5773)  loss_vfl: 0.5220 (0.5180)  loss_vfl_aux_0: 0.5372 (0.5429)  loss_vfl_aux_1: 0.5317 (0.5274)  loss_vfl_aux_2: 0.5663 (0.5651)  loss_vfl_dn_0: 0.4595 (0.4663)  loss_vfl_dn_1: 0.4260 (0.4317)  loss_vfl_dn_2: 0.4164 (0.4237)  time: 1.0665  data: 0.0246  max mem: 10176
Epoch: [91]  [300/809]  eta: 0:09:02  lr: 0.000010  loss: 8.8470 (8.9188)  loss_bbox: 0.0593 (0.0628)  loss_bbox_aux_0: 0.0618 (0.0673)  loss_bbox_aux_1: 0.0597 (0.0639)  loss_bbox_aux_2: 0.0758 (0.0756)  loss_bbox_dn_0: 0.0431 (0.0442)  loss_bbox_dn_1: 0.0346 (0.0368)  loss_bbox_dn_2: 0.0337 (0.0358)  loss_giou: 0.8039 (0.7820)  loss_giou_aux_0: 0.8188 (0.8019)  loss_giou_aux_1: 0.8155 (0.7897)  loss_giou_aux_2: 0.8784 (0.8633)  loss_giou_dn_0: 0.6713 (0.6639)  loss_giou_dn_1: 0.6008 (0.5907)  loss_giou_dn_2: 0.5912 (0.5810)  loss_vfl: 0.4993 (0.5145)  loss_vfl_aux_0: 0.5208 (0.5388)  loss_vfl_aux_1: 0.5110 (0.5241)  loss_vfl_aux_2: 0.5461 (0.5602)  loss_vfl_dn_0: 0.4636 (0.4662)  loss_vfl_dn_1: 0.4360 (0.4320)  loss_vfl_dn_2: 0.4274 (0.4239)  time: 1.0642  data: 0.0272  max mem: 10176
Epoch: [91]  [400/809]  eta: 0:07:16  lr: 0.000010  loss: 9.0085 (8.9270)  loss_bbox: 0.0604 (0.0644)  loss_bbox_aux_0: 0.0654 (0.0689)  loss_bbox_aux_1: 0.0608 (0.0654)  loss_bbox_aux_2: 0.0719 (0.0770)  loss_bbox_dn_0: 0.0410 (0.0445)  loss_bbox_dn_1: 0.0344 (0.0370)  loss_bbox_dn_2: 0.0337 (0.0360)  loss_giou: 0.7842 (0.7840)  loss_giou_aux_0: 0.8123 (0.8045)  loss_giou_aux_1: 0.7975 (0.7921)  loss_giou_aux_2: 0.8814 (0.8663)  loss_giou_dn_0: 0.6487 (0.6630)  loss_giou_dn_1: 0.5727 (0.5894)  loss_giou_dn_2: 0.5657 (0.5795)  loss_vfl: 0.5292 (0.5138)  loss_vfl_aux_0: 0.5490 (0.5377)  loss_vfl_aux_1: 0.5350 (0.5232)  loss_vfl_aux_2: 0.5532 (0.5593)  loss_vfl_dn_0: 0.4617 (0.4658)  loss_vfl_dn_1: 0.4286 (0.4317)  loss_vfl_dn_2: 0.4198 (0.4236)  time: 1.0676  data: 0.0272  max mem: 10176
Epoch: [91]  [500/809]  eta: 0:05:28  lr: 0.000010  loss: 8.6336 (8.9201)  loss_bbox: 0.0565 (0.0648)  loss_bbox_aux_0: 0.0604 (0.0693)  loss_bbox_aux_1: 0.0573 (0.0658)  loss_bbox_aux_2: 0.0708 (0.0773)  loss_bbox_dn_0: 0.0431 (0.0445)  loss_bbox_dn_1: 0.0358 (0.0370)  loss_bbox_dn_2: 0.0354 (0.0360)  loss_giou: 0.7258 (0.7819)  loss_giou_aux_0: 0.7640 (0.8024)  loss_giou_aux_1: 0.7402 (0.7897)  loss_giou_aux_2: 0.8459 (0.8645)  loss_giou_dn_0: 0.6523 (0.6617)  loss_giou_dn_1: 0.5733 (0.5879)  loss_giou_dn_2: 0.5576 (0.5780)  loss_vfl: 0.5262 (0.5142)  loss_vfl_aux_0: 0.5544 (0.5383)  loss_vfl_aux_1: 0.5377 (0.5238)  loss_vfl_aux_2: 0.5764 (0.5604)  loss_vfl_dn_0: 0.4718 (0.4663)  loss_vfl_dn_1: 0.4286 (0.4322)  loss_vfl_dn_2: 0.4232 (0.4241)  time: 1.0495  data: 0.0295  max mem: 10176
Epoch: [91]  [600/809]  eta: 0:03:41  lr: 0.000010  loss: 9.1118 (8.9216)  loss_bbox: 0.0635 (0.0644)  loss_bbox_aux_0: 0.0669 (0.0688)  loss_bbox_aux_1: 0.0639 (0.0653)  loss_bbox_aux_2: 0.0747 (0.0768)  loss_bbox_dn_0: 0.0432 (0.0445)  loss_bbox_dn_1: 0.0358 (0.0369)  loss_bbox_dn_2: 0.0355 (0.0360)  loss_giou: 0.8096 (0.7825)  loss_giou_aux_0: 0.8261 (0.8029)  loss_giou_aux_1: 0.8203 (0.7900)  loss_giou_aux_2: 0.8683 (0.8652)  loss_giou_dn_0: 0.6833 (0.6622)  loss_giou_dn_1: 0.6076 (0.5886)  loss_giou_dn_2: 0.6016 (0.5785)  loss_vfl: 0.4949 (0.5139)  loss_vfl_aux_0: 0.5284 (0.5381)  loss_vfl_aux_1: 0.5068 (0.5235)  loss_vfl_aux_2: 0.5564 (0.5598)  loss_vfl_dn_0: 0.4694 (0.4665)  loss_vfl_dn_1: 0.4401 (0.4326)  loss_vfl_dn_2: 0.4312 (0.4246)  time: 1.0609  data: 0.0259  max mem: 10176
Epoch: [91]  [700/809]  eta: 0:01:55  lr: 0.000010  loss: 9.1663 (8.9345)  loss_bbox: 0.0634 (0.0643)  loss_bbox_aux_0: 0.0695 (0.0689)  loss_bbox_aux_1: 0.0664 (0.0653)  loss_bbox_aux_2: 0.0818 (0.0768)  loss_bbox_dn_0: 0.0402 (0.0441)  loss_bbox_dn_1: 0.0324 (0.0366)  loss_bbox_dn_2: 0.0316 (0.0357)  loss_giou: 0.8143 (0.7879)  loss_giou_aux_0: 0.8322 (0.8085)  loss_giou_aux_1: 0.8119 (0.7956)  loss_giou_aux_2: 0.8772 (0.8702)  loss_giou_dn_0: 0.6663 (0.6637)  loss_giou_dn_1: 0.6022 (0.5899)  loss_giou_dn_2: 0.5967 (0.5799)  loss_vfl: 0.4944 (0.5112)  loss_vfl_aux_0: 0.5067 (0.5350)  loss_vfl_aux_1: 0.4945 (0.5207)  loss_vfl_aux_2: 0.5345 (0.5570)  loss_vfl_dn_0: 0.4625 (0.4661)  loss_vfl_dn_1: 0.4329 (0.4324)  loss_vfl_dn_2: 0.4263 (0.4245)  time: 1.0680  data: 0.0262  max mem: 10176
Epoch: [91]  [800/809]  eta: 0:00:09  lr: 0.000010  loss: 8.9600 (8.9304)  loss_bbox: 0.0575 (0.0640)  loss_bbox_aux_0: 0.0612 (0.0685)  loss_bbox_aux_1: 0.0598 (0.0650)  loss_bbox_aux_2: 0.0705 (0.0763)  loss_bbox_dn_0: 0.0410 (0.0441)  loss_bbox_dn_1: 0.0351 (0.0366)  loss_bbox_dn_2: 0.0344 (0.0356)  loss_giou: 0.7512 (0.7865)  loss_giou_aux_0: 0.7902 (0.8071)  loss_giou_aux_1: 0.7603 (0.7941)  loss_giou_aux_2: 0.8528 (0.8687)  loss_giou_dn_0: 0.6749 (0.6637)  loss_giou_dn_1: 0.5998 (0.5899)  loss_giou_dn_2: 0.5881 (0.5799)  loss_vfl: 0.5199 (0.5118)  loss_vfl_aux_0: 0.5472 (0.5361)  loss_vfl_aux_1: 0.5327 (0.5215)  loss_vfl_aux_2: 0.5676 (0.5582)  loss_vfl_dn_0: 0.4678 (0.4660)  loss_vfl_dn_1: 0.4359 (0.4322)  loss_vfl_dn_2: 0.4290 (0.4244)  time: 1.0665  data: 0.0276  max mem: 10176
Epoch: [91]  [808/809]  eta: 0:00:01  lr: 0.000010  loss: 8.9618 (8.9301)  loss_bbox: 0.0594 (0.0640)  loss_bbox_aux_0: 0.0614 (0.0685)  loss_bbox_aux_1: 0.0608 (0.0650)  loss_bbox_aux_2: 0.0705 (0.0763)  loss_bbox_dn_0: 0.0408 (0.0442)  loss_bbox_dn_1: 0.0350 (0.0366)  loss_bbox_dn_2: 0.0342 (0.0357)  loss_giou: 0.7741 (0.7862)  loss_giou_aux_0: 0.8101 (0.8068)  loss_giou_aux_1: 0.7877 (0.7938)  loss_giou_aux_2: 0.8497 (0.8684)  loss_giou_dn_0: 0.6749 (0.6639)  loss_giou_dn_1: 0.6015 (0.5900)  loss_giou_dn_2: 0.5911 (0.5799)  loss_vfl: 0.5090 (0.5118)  loss_vfl_aux_0: 0.5386 (0.5362)  loss_vfl_aux_1: 0.5264 (0.5216)  loss_vfl_aux_2: 0.5607 (0.5583)  loss_vfl_dn_0: 0.4620 (0.4660)  loss_vfl_dn_1: 0.4289 (0.4323)  loss_vfl_dn_2: 0.4216 (0.4244)  time: 0.9531  data: 0.0275  max mem: 10176
Epoch: [91] Total time: 0:14:19 (1.0623 s / it)
Averaged stats: lr: 0.000010  loss: 8.9618 (8.9301)  loss_bbox: 0.0594 (0.0640)  loss_bbox_aux_0: 0.0614 (0.0685)  loss_bbox_aux_1: 0.0608 (0.0650)  loss_bbox_aux_2: 0.0705 (0.0763)  loss_bbox_dn_0: 0.0408 (0.0442)  loss_bbox_dn_1: 0.0350 (0.0366)  loss_bbox_dn_2: 0.0342 (0.0357)  loss_giou: 0.7741 (0.7862)  loss_giou_aux_0: 0.8101 (0.8068)  loss_giou_aux_1: 0.7877 (0.7938)  loss_giou_aux_2: 0.8497 (0.8684)  loss_giou_dn_0: 0.6749 (0.6639)  loss_giou_dn_1: 0.6015 (0.5900)  loss_giou_dn_2: 0.5911 (0.5799)  loss_vfl: 0.5090 (0.5118)  loss_vfl_aux_0: 0.5386 (0.5362)  loss_vfl_aux_1: 0.5264 (0.5216)  loss_vfl_aux_2: 0.5607 (0.5583)  loss_vfl_dn_0: 0.4620 (0.4660)  loss_vfl_dn_1: 0.4289 (0.4323)  loss_vfl_dn_2: 0.4216 (0.4244)
Test:  [ 0/69]  eta: 0:01:23    time: 1.2141  data: 0.6536  max mem: 10176
Test:  [10/69]  eta: 0:00:40    time: 0.6944  data: 0.0798  max mem: 10176
Test:  [20/69]  eta: 0:00:33    time: 0.6520  data: 0.0221  max mem: 10176
Test:  [30/69]  eta: 0:00:27    time: 0.6926  data: 0.0217  max mem: 10176
Test:  [40/69]  eta: 0:00:19    time: 0.6508  data: 0.0212  max mem: 10176
Test:  [50/69]  eta: 0:00:12    time: 0.5758  data: 0.0202  max mem: 10176
Test:  [60/69]  eta: 0:00:05    time: 0.5565  data: 0.0195  max mem: 10176
Test:  [68/69]  eta: 0:00:00    time: 0.5737  data: 0.0181  max mem: 10176
Test: Total time: 0:00:43 (0.6281 s / it)
Averaged stats: 
Accumulating evaluation results...
DONE (t=1.92s).
IoU metric: bbox
 Average Precision  (AP) @[ IoU=0.50:0.95 | area=   all | maxDets=100 ] = 0.266
 Average Precision  (AP) @[ IoU=0.50      | area=   all | maxDets=100 ] = 0.430
 Average Precision  (AP) @[ IoU=0.75      | area=   all | maxDets=100 ] = 0.274
 Average Precision  (AP) @[ IoU=0.50:0.95 | area= small | maxDets=100 ] = 0.186
 Average Precision  (AP) @[ IoU=0.50:0.95 | area=medium | maxDets=100 ] = 0.353
 Average Precision  (AP) @[ IoU=0.50:0.95 | area= large | maxDets=100 ] = 0.486
 Average Recall     (AR) @[ IoU=0.50:0.95 | area=   all | maxDets=  1 ] = 0.112
 Average Recall     (AR) @[ IoU=0.50:0.95 | area=   all | maxDets= 10 ] = 0.318
 Average Recall     (AR) @[ IoU=0.50:0.95 | area=   all | maxDets=100 ] = 0.427
 Average Recall     (AR) @[ IoU=0.50:0.95 | area= small | maxDets=100 ] = 0.349
 Average Recall     (AR) @[ IoU=0.50:0.95 | area=medium | maxDets=100 ] = 0.528
 Average Recall     (AR) @[ IoU=0.50:0.95 | area= large | maxDets=100 ] = 0.644
best_stat:  {'epoch': 91, 'coco_eval_bbox': 0.26554498597182785}
Epoch: [92]  [  0/809]  eta: 1:13:10  lr: 0.000010  loss: 8.5498 (8.5498)  loss_bbox: 0.0554 (0.0554)  loss_bbox_aux_0: 0.0610 (0.0610)  loss_bbox_aux_1: 0.0589 (0.0589)  loss_bbox_aux_2: 0.0741 (0.0741)  loss_bbox_dn_0: 0.0690 (0.0690)  loss_bbox_dn_1: 0.0572 (0.0572)  loss_bbox_dn_2: 0.0543 (0.0543)  loss_giou: 0.6402 (0.6402)  loss_giou_aux_0: 0.6699 (0.6699)  loss_giou_aux_1: 0.6514 (0.6514)  loss_giou_aux_2: 0.7160 (0.7160)  loss_giou_dn_0: 0.6286 (0.6286)  loss_giou_dn_1: 0.5520 (0.5520)  loss_giou_dn_2: 0.5325 (0.5325)  loss_vfl: 0.5647 (0.5647)  loss_vfl_aux_0: 0.5979 (0.5979)  loss_vfl_aux_1: 0.5809 (0.5809)  loss_vfl_aux_2: 0.6580 (0.6580)  loss_vfl_dn_0: 0.4667 (0.4667)  loss_vfl_dn_1: 0.4353 (0.4353)  loss_vfl_dn_2: 0.4257 (0.4257)  time: 5.4265  data: 1.6939  max mem: 10176
Epoch: [92]  [100/809]  eta: 0:13:02  lr: 0.000010  loss: 9.0610 (8.9061)  loss_bbox: 0.0566 (0.0631)  loss_bbox_aux_0: 0.0602 (0.0667)  loss_bbox_aux_1: 0.0586 (0.0635)  loss_bbox_aux_2: 0.0677 (0.0740)  loss_bbox_dn_0: 0.0383 (0.0439)  loss_bbox_dn_1: 0.0316 (0.0364)  loss_bbox_dn_2: 0.0311 (0.0356)  loss_giou: 0.8008 (0.7867)  loss_giou_aux_0: 0.8262 (0.8039)  loss_giou_aux_1: 0.8081 (0.7915)  loss_giou_aux_2: 0.8899 (0.8626)  loss_giou_dn_0: 0.6869 (0.6617)  loss_giou_dn_1: 0.6042 (0.5863)  loss_giou_dn_2: 0.5972 (0.5764)  loss_vfl: 0.5082 (0.5112)  loss_vfl_aux_0: 0.5361 (0.5376)  loss_vfl_aux_1: 0.5200 (0.5214)  loss_vfl_aux_2: 0.5548 (0.5605)  loss_vfl_dn_0: 0.4684 (0.4656)  loss_vfl_dn_1: 0.4338 (0.4328)  loss_vfl_dn_2: 0.4290 (0.4247)  time: 1.0965  data: 0.0277  max mem: 10176
Epoch: [92]  [200/809]  eta: 0:11:05  lr: 0.000010  loss: 8.6290 (8.8851)  loss_bbox: 0.0549 (0.0630)  loss_bbox_aux_0: 0.0605 (0.0666)  loss_bbox_aux_1: 0.0563 (0.0634)  loss_bbox_aux_2: 0.0676 (0.0741)  loss_bbox_dn_0: 0.0439 (0.0438)  loss_bbox_dn_1: 0.0354 (0.0363)  loss_bbox_dn_2: 0.0344 (0.0354)  loss_giou: 0.7140 (0.7822)  loss_giou_aux_0: 0.7264 (0.7999)  loss_giou_aux_1: 0.7208 (0.7878)  loss_giou_aux_2: 0.7936 (0.8618)  loss_giou_dn_0: 0.6506 (0.6610)  loss_giou_dn_1: 0.5764 (0.5860)  loss_giou_dn_2: 0.5716 (0.5760)  loss_vfl: 0.5330 (0.5105)  loss_vfl_aux_0: 0.5491 (0.5367)  loss_vfl_aux_1: 0.5365 (0.5206)  loss_vfl_aux_2: 0.5723 (0.5579)  loss_vfl_dn_0: 0.4658 (0.4652)  loss_vfl_dn_1: 0.4282 (0.4324)  loss_vfl_dn_2: 0.4205 (0.4245)  time: 1.0482  data: 0.0247  max mem: 10176
Epoch: [92]  [300/809]  eta: 0:09:09  lr: 0.000010  loss: 8.5843 (8.9005)  loss_bbox: 0.0501 (0.0632)  loss_bbox_aux_0: 0.0594 (0.0670)  loss_bbox_aux_1: 0.0519 (0.0637)  loss_bbox_aux_2: 0.0635 (0.0749)  loss_bbox_dn_0: 0.0412 (0.0438)  loss_bbox_dn_1: 0.0338 (0.0363)  loss_bbox_dn_2: 0.0326 (0.0355)  loss_giou: 0.6790 (0.7837)  loss_giou_aux_0: 0.6935 (0.8029)  loss_giou_aux_1: 0.6708 (0.7902)  loss_giou_aux_2: 0.7564 (0.8638)  loss_giou_dn_0: 0.6115 (0.6613)  loss_giou_dn_1: 0.5366 (0.5870)  loss_giou_dn_2: 0.5296 (0.5773)  loss_vfl: 0.5094 (0.5115)  loss_vfl_aux_0: 0.5377 (0.5369)  loss_vfl_aux_1: 0.5233 (0.5213)  loss_vfl_aux_2: 0.5554 (0.5576)  loss_vfl_dn_0: 0.4612 (0.4655)  loss_vfl_dn_1: 0.4305 (0.4326)  loss_vfl_dn_2: 0.4244 (0.4245)  time: 1.0548  data: 0.0272  max mem: 10176
Epoch: [92]  [400/809]  eta: 0:07:21  lr: 0.000010  loss: 8.8896 (8.9353)  loss_bbox: 0.0668 (0.0638)  loss_bbox_aux_0: 0.0669 (0.0677)  loss_bbox_aux_1: 0.0669 (0.0643)  loss_bbox_aux_2: 0.0775 (0.0758)  loss_bbox_dn_0: 0.0410 (0.0437)  loss_bbox_dn_1: 0.0346 (0.0362)  loss_bbox_dn_2: 0.0339 (0.0353)  loss_giou: 0.7739 (0.7924)  loss_giou_aux_0: 0.7949 (0.8117)  loss_giou_aux_1: 0.7809 (0.7991)  loss_giou_aux_2: 0.8686 (0.8726)  loss_giou_dn_0: 0.6633 (0.6645)  loss_giou_dn_1: 0.5936 (0.5909)  loss_giou_dn_2: 0.5920 (0.5814)  loss_vfl: 0.4840 (0.5082)  loss_vfl_aux_0: 0.5079 (0.5336)  loss_vfl_aux_1: 0.4928 (0.5182)  loss_vfl_aux_2: 0.5269 (0.5544)  loss_vfl_dn_0: 0.4607 (0.4652)  loss_vfl_dn_1: 0.4282 (0.4323)  loss_vfl_dn_2: 0.4201 (0.4243)  time: 1.1218  data: 0.0334  max mem: 10176
Epoch: [92]  [500/809]  eta: 0:05:30  lr: 0.000010  loss: 8.8407 (8.8963)  loss_bbox: 0.0657 (0.0637)  loss_bbox_aux_0: 0.0647 (0.0676)  loss_bbox_aux_1: 0.0599 (0.0643)  loss_bbox_aux_2: 0.0781 (0.0759)  loss_bbox_dn_0: 0.0433 (0.0443)  loss_bbox_dn_1: 0.0351 (0.0367)  loss_bbox_dn_2: 0.0338 (0.0358)  loss_giou: 0.7656 (0.7831)  loss_giou_aux_0: 0.7876 (0.8022)  loss_giou_aux_1: 0.7629 (0.7896)  loss_giou_aux_2: 0.8384 (0.8635)  loss_giou_dn_0: 0.6418 (0.6605)  loss_giou_dn_1: 0.5763 (0.5865)  loss_giou_dn_2: 0.5641 (0.5768)  loss_vfl: 0.5063 (0.5102)  loss_vfl_aux_0: 0.5356 (0.5358)  loss_vfl_aux_1: 0.5160 (0.5201)  loss_vfl_aux_2: 0.5537 (0.5571)  loss_vfl_dn_0: 0.4694 (0.4657)  loss_vfl_dn_1: 0.4349 (0.4326)  loss_vfl_dn_2: 0.4290 (0.4245)  time: 1.0842  data: 0.0298  max mem: 10176
Epoch: [92]  [600/809]  eta: 0:03:44  lr: 0.000010  loss: 8.8457 (8.9059)  loss_bbox: 0.0654 (0.0640)  loss_bbox_aux_0: 0.0636 (0.0679)  loss_bbox_aux_1: 0.0629 (0.0646)  loss_bbox_aux_2: 0.0778 (0.0763)  loss_bbox_dn_0: 0.0424 (0.0443)  loss_bbox_dn_1: 0.0357 (0.0367)  loss_bbox_dn_2: 0.0350 (0.0358)  loss_giou: 0.7526 (0.7857)  loss_giou_aux_0: 0.7915 (0.8049)  loss_giou_aux_1: 0.7571 (0.7922)  loss_giou_aux_2: 0.8444 (0.8658)  loss_giou_dn_0: 0.6352 (0.6624)  loss_giou_dn_1: 0.5604 (0.5882)  loss_giou_dn_2: 0.5529 (0.5786)  loss_vfl: 0.4921 (0.5086)  loss_vfl_aux_0: 0.5188 (0.5345)  loss_vfl_aux_1: 0.5043 (0.5184)  loss_vfl_aux_2: 0.5410 (0.5556)  loss_vfl_dn_0: 0.4670 (0.4654)  loss_vfl_dn_1: 0.4346 (0.4322)  loss_vfl_dn_2: 0.4247 (0.4241)  time: 1.0932  data: 0.0270  max mem: 10176
Epoch: [92]  [700/809]  eta: 0:01:56  lr: 0.000010  loss: 8.8115 (8.9225)  loss_bbox: 0.0581 (0.0642)  loss_bbox_aux_0: 0.0629 (0.0680)  loss_bbox_aux_1: 0.0585 (0.0648)  loss_bbox_aux_2: 0.0695 (0.0763)  loss_bbox_dn_0: 0.0432 (0.0442)  loss_bbox_dn_1: 0.0363 (0.0366)  loss_bbox_dn_2: 0.0359 (0.0358)  loss_giou: 0.7607 (0.7889)  loss_giou_aux_0: 0.7695 (0.8082)  loss_giou_aux_1: 0.7619 (0.7958)  loss_giou_aux_2: 0.8302 (0.8690)  loss_giou_dn_0: 0.6533 (0.6638)  loss_giou_dn_1: 0.5754 (0.5900)  loss_giou_dn_2: 0.5633 (0.5803)  loss_vfl: 0.5134 (0.5083)  loss_vfl_aux_0: 0.5323 (0.5340)  loss_vfl_aux_1: 0.5219 (0.5181)  loss_vfl_aux_2: 0.5614 (0.5550)  loss_vfl_dn_0: 0.4626 (0.4652)  loss_vfl_dn_1: 0.4319 (0.4320)  loss_vfl_dn_2: 0.4225 (0.4240)  time: 1.0887  data: 0.0290  max mem: 10176
Epoch: [92]  [800/809]  eta: 0:00:09  lr: 0.000010  loss: 9.0073 (8.9140)  loss_bbox: 0.0535 (0.0641)  loss_bbox_aux_0: 0.0557 (0.0680)  loss_bbox_aux_1: 0.0550 (0.0647)  loss_bbox_aux_2: 0.0655 (0.0762)  loss_bbox_dn_0: 0.0404 (0.0443)  loss_bbox_dn_1: 0.0331 (0.0367)  loss_bbox_dn_2: 0.0320 (0.0358)  loss_giou: 0.7618 (0.7860)  loss_giou_aux_0: 0.7576 (0.8058)  loss_giou_aux_1: 0.7579 (0.7930)  loss_giou_aux_2: 0.8860 (0.8669)  loss_giou_dn_0: 0.6595 (0.6623)  loss_giou_dn_1: 0.5778 (0.5882)  loss_giou_dn_2: 0.5707 (0.5785)  loss_vfl: 0.5283 (0.5099)  loss_vfl_aux_0: 0.5530 (0.5357)  loss_vfl_aux_1: 0.5402 (0.5198)  loss_vfl_aux_2: 0.5671 (0.5573)  loss_vfl_dn_0: 0.4685 (0.4653)  loss_vfl_dn_1: 0.4377 (0.4318)  loss_vfl_dn_2: 0.4290 (0.4238)  time: 1.1346  data: 0.0273  max mem: 10176
Epoch: [92]  [808/809]  eta: 0:00:01  lr: 0.000010  loss: 9.1103 (8.9126)  loss_bbox: 0.0559 (0.0641)  loss_bbox_aux_0: 0.0648 (0.0680)  loss_bbox_aux_1: 0.0577 (0.0648)  loss_bbox_aux_2: 0.0680 (0.0763)  loss_bbox_dn_0: 0.0424 (0.0444)  loss_bbox_dn_1: 0.0335 (0.0368)  loss_bbox_dn_2: 0.0324 (0.0359)  loss_giou: 0.7711 (0.7855)  loss_giou_aux_0: 0.7960 (0.8053)  loss_giou_aux_1: 0.7685 (0.7925)  loss_giou_aux_2: 0.8632 (0.8664)  loss_giou_dn_0: 0.6591 (0.6620)  loss_giou_dn_1: 0.5778 (0.5878)  loss_giou_dn_2: 0.5743 (0.5781)  loss_vfl: 0.5360 (0.5102)  loss_vfl_aux_0: 0.5492 (0.5360)  loss_vfl_aux_1: 0.5402 (0.5200)  loss_vfl_aux_2: 0.5616 (0.5576)  loss_vfl_dn_0: 0.4653 (0.4653)  loss_vfl_dn_1: 0.4377 (0.4318)  loss_vfl_dn_2: 0.4286 (0.4238)  time: 0.9876  data: 0.0248  max mem: 10176
Epoch: [92] Total time: 0:14:24 (1.0683 s / it)
Averaged stats: lr: 0.000010  loss: 9.1103 (8.9126)  loss_bbox: 0.0559 (0.0641)  loss_bbox_aux_0: 0.0648 (0.0680)  loss_bbox_aux_1: 0.0577 (0.0648)  loss_bbox_aux_2: 0.0680 (0.0763)  loss_bbox_dn_0: 0.0424 (0.0444)  loss_bbox_dn_1: 0.0335 (0.0368)  loss_bbox_dn_2: 0.0324 (0.0359)  loss_giou: 0.7711 (0.7855)  loss_giou_aux_0: 0.7960 (0.8053)  loss_giou_aux_1: 0.7685 (0.7925)  loss_giou_aux_2: 0.8632 (0.8664)  loss_giou_dn_0: 0.6591 (0.6620)  loss_giou_dn_1: 0.5778 (0.5878)  loss_giou_dn_2: 0.5743 (0.5781)  loss_vfl: 0.5360 (0.5102)  loss_vfl_aux_0: 0.5492 (0.5360)  loss_vfl_aux_1: 0.5402 (0.5200)  loss_vfl_aux_2: 0.5616 (0.5576)  loss_vfl_dn_0: 0.4653 (0.4653)  loss_vfl_dn_1: 0.4377 (0.4318)  loss_vfl_dn_2: 0.4286 (0.4238)
Test:  [ 0/69]  eta: 0:01:45    time: 1.5344  data: 0.9236  max mem: 10176
Test:  [10/69]  eta: 0:00:43    time: 0.7365  data: 0.0994  max mem: 10176
Test:  [20/69]  eta: 0:00:34    time: 0.6657  data: 0.0190  max mem: 10176
Test:  [30/69]  eta: 0:00:27    time: 0.6942  data: 0.0208  max mem: 10176
Test:  [40/69]  eta: 0:00:19    time: 0.6513  data: 0.0200  max mem: 10176
Test:  [50/69]  eta: 0:00:12    time: 0.5803  data: 0.0197  max mem: 10176
Test:  [60/69]  eta: 0:00:05    time: 0.5633  data: 0.0197  max mem: 10176
Test:  [68/69]  eta: 0:00:00    time: 0.5769  data: 0.0181  max mem: 10176
Test: Total time: 0:00:44 (0.6387 s / it)
Averaged stats: 
Accumulating evaluation results...
DONE (t=1.93s).
IoU metric: bbox
 Average Precision  (AP) @[ IoU=0.50:0.95 | area=   all | maxDets=100 ] = 0.266
 Average Precision  (AP) @[ IoU=0.50      | area=   all | maxDets=100 ] = 0.431
 Average Precision  (AP) @[ IoU=0.75      | area=   all | maxDets=100 ] = 0.275
 Average Precision  (AP) @[ IoU=0.50:0.95 | area= small | maxDets=100 ] = 0.187
 Average Precision  (AP) @[ IoU=0.50:0.95 | area=medium | maxDets=100 ] = 0.355
 Average Precision  (AP) @[ IoU=0.50:0.95 | area= large | maxDets=100 ] = 0.479
 Average Recall     (AR) @[ IoU=0.50:0.95 | area=   all | maxDets=  1 ] = 0.112
 Average Recall     (AR) @[ IoU=0.50:0.95 | area=   all | maxDets= 10 ] = 0.318
 Average Recall     (AR) @[ IoU=0.50:0.95 | area=   all | maxDets=100 ] = 0.428
 Average Recall     (AR) @[ IoU=0.50:0.95 | area= small | maxDets=100 ] = 0.350
 Average Recall     (AR) @[ IoU=0.50:0.95 | area=medium | maxDets=100 ] = 0.529
 Average Recall     (AR) @[ IoU=0.50:0.95 | area= large | maxDets=100 ] = 0.638
best_stat:  {'epoch': 92, 'coco_eval_bbox': 0.2661791343839167}
Epoch: [93]  [  0/809]  eta: 1:26:47  lr: 0.000010  loss: 7.8802 (7.8802)  loss_bbox: 0.0510 (0.0510)  loss_bbox_aux_0: 0.0589 (0.0589)  loss_bbox_aux_1: 0.0527 (0.0527)  loss_bbox_aux_2: 0.0761 (0.0761)  loss_bbox_dn_0: 0.0589 (0.0589)  loss_bbox_dn_1: 0.0486 (0.0486)  loss_bbox_dn_2: 0.0470 (0.0470)  loss_giou: 0.5350 (0.5350)  loss_giou_aux_0: 0.5739 (0.5739)  loss_giou_aux_1: 0.5441 (0.5441)  loss_giou_aux_2: 0.6599 (0.6599)  loss_giou_dn_0: 0.5727 (0.5727)  loss_giou_dn_1: 0.4972 (0.4972)  loss_giou_dn_2: 0.4835 (0.4835)  loss_vfl: 0.5739 (0.5739)  loss_vfl_aux_0: 0.5868 (0.5868)  loss_vfl_aux_1: 0.5743 (0.5743)  loss_vfl_aux_2: 0.6235 (0.6235)  loss_vfl_dn_0: 0.4492 (0.4492)  loss_vfl_dn_1: 0.4111 (0.4111)  loss_vfl_dn_2: 0.4015 (0.4015)  time: 6.4374  data: 2.8751  max mem: 10176
Epoch: [93]  [100/809]  eta: 0:13:13  lr: 0.000010  loss: 8.8595 (8.8164)  loss_bbox: 0.0599 (0.0630)  loss_bbox_aux_0: 0.0650 (0.0673)  loss_bbox_aux_1: 0.0613 (0.0638)  loss_bbox_aux_2: 0.0763 (0.0771)  loss_bbox_dn_0: 0.0432 (0.0460)  loss_bbox_dn_1: 0.0350 (0.0380)  loss_bbox_dn_2: 0.0341 (0.0370)  loss_giou: 0.7291 (0.7617)  loss_giou_aux_0: 0.7509 (0.7812)  loss_giou_aux_1: 0.7378 (0.7685)  loss_giou_aux_2: 0.8317 (0.8450)  loss_giou_dn_0: 0.6249 (0.6535)  loss_giou_dn_1: 0.5483 (0.5795)  loss_giou_dn_2: 0.5390 (0.5697)  loss_vfl: 0.5126 (0.5159)  loss_vfl_aux_0: 0.5298 (0.5412)  loss_vfl_aux_1: 0.5146 (0.5251)  loss_vfl_aux_2: 0.5669 (0.5634)  loss_vfl_dn_0: 0.4636 (0.4658)  loss_vfl_dn_1: 0.4354 (0.4308)  loss_vfl_dn_2: 0.4288 (0.4228)  time: 1.0563  data: 0.0275  max mem: 10176
Epoch: [93]  [200/809]  eta: 0:11:12  lr: 0.000010  loss: 8.8945 (8.8442)  loss_bbox: 0.0568 (0.0638)  loss_bbox_aux_0: 0.0658 (0.0686)  loss_bbox_aux_1: 0.0586 (0.0648)  loss_bbox_aux_2: 0.0729 (0.0769)  loss_bbox_dn_0: 0.0404 (0.0451)  loss_bbox_dn_1: 0.0331 (0.0374)  loss_bbox_dn_2: 0.0329 (0.0364)  loss_giou: 0.7674 (0.7690)  loss_giou_aux_0: 0.7917 (0.7888)  loss_giou_aux_1: 0.7633 (0.7758)  loss_giou_aux_2: 0.8544 (0.8513)  loss_giou_dn_0: 0.6522 (0.6557)  loss_giou_dn_1: 0.5770 (0.5813)  loss_giou_dn_2: 0.5684 (0.5714)  loss_vfl: 0.4993 (0.5142)  loss_vfl_aux_0: 0.5179 (0.5392)  loss_vfl_aux_1: 0.5067 (0.5231)  loss_vfl_aux_2: 0.5474 (0.5622)  loss_vfl_dn_0: 0.4711 (0.4656)  loss_vfl_dn_1: 0.4301 (0.4307)  loss_vfl_dn_2: 0.4207 (0.4227)  time: 1.1135  data: 0.0254  max mem: 10176
Epoch: [93]  [300/809]  eta: 0:09:14  lr: 0.000010  loss: 8.9560 (8.9002)  loss_bbox: 0.0567 (0.0648)  loss_bbox_aux_0: 0.0628 (0.0692)  loss_bbox_aux_1: 0.0580 (0.0658)  loss_bbox_aux_2: 0.0683 (0.0775)  loss_bbox_dn_0: 0.0407 (0.0448)  loss_bbox_dn_1: 0.0335 (0.0371)  loss_bbox_dn_2: 0.0327 (0.0362)  loss_giou: 0.7439 (0.7811)  loss_giou_aux_0: 0.7756 (0.8006)  loss_giou_aux_1: 0.7475 (0.7878)  loss_giou_aux_2: 0.8457 (0.8622)  loss_giou_dn_0: 0.6626 (0.6602)  loss_giou_dn_1: 0.5676 (0.5858)  loss_giou_dn_2: 0.5597 (0.5761)  loss_vfl: 0.5311 (0.5123)  loss_vfl_aux_0: 0.5676 (0.5377)  loss_vfl_aux_1: 0.5441 (0.5217)  loss_vfl_aux_2: 0.5742 (0.5591)  loss_vfl_dn_0: 0.4661 (0.4656)  loss_vfl_dn_1: 0.4330 (0.4313)  loss_vfl_dn_2: 0.4252 (0.4232)  time: 1.0469  data: 0.0256  max mem: 10176
Epoch: [93]  [400/809]  eta: 0:07:22  lr: 0.000010  loss: 8.8193 (8.8917)  loss_bbox: 0.0641 (0.0643)  loss_bbox_aux_0: 0.0687 (0.0685)  loss_bbox_aux_1: 0.0655 (0.0653)  loss_bbox_aux_2: 0.0768 (0.0771)  loss_bbox_dn_0: 0.0407 (0.0447)  loss_bbox_dn_1: 0.0337 (0.0371)  loss_bbox_dn_2: 0.0331 (0.0361)  loss_giou: 0.7674 (0.7806)  loss_giou_aux_0: 0.7608 (0.8006)  loss_giou_aux_1: 0.7712 (0.7873)  loss_giou_aux_2: 0.8411 (0.8624)  loss_giou_dn_0: 0.6498 (0.6609)  loss_giou_dn_1: 0.5919 (0.5870)  loss_giou_dn_2: 0.5810 (0.5772)  loss_vfl: 0.4972 (0.5105)  loss_vfl_aux_0: 0.5316 (0.5356)  loss_vfl_aux_1: 0.5100 (0.5200)  loss_vfl_aux_2: 0.5365 (0.5564)  loss_vfl_dn_0: 0.4573 (0.4655)  loss_vfl_dn_1: 0.4263 (0.4314)  loss_vfl_dn_2: 0.4200 (0.4233)  time: 1.0062  data: 0.0284  max mem: 10176
Epoch: [93]  [500/809]  eta: 0:05:32  lr: 0.000010  loss: 8.5209 (8.8684)  loss_bbox: 0.0562 (0.0638)  loss_bbox_aux_0: 0.0577 (0.0678)  loss_bbox_aux_1: 0.0577 (0.0647)  loss_bbox_aux_2: 0.0727 (0.0768)  loss_bbox_dn_0: 0.0422 (0.0446)  loss_bbox_dn_1: 0.0337 (0.0370)  loss_bbox_dn_2: 0.0333 (0.0360)  loss_giou: 0.7244 (0.7758)  loss_giou_aux_0: 0.7498 (0.7961)  loss_giou_aux_1: 0.7316 (0.7824)  loss_giou_aux_2: 0.8085 (0.8583)  loss_giou_dn_0: 0.6198 (0.6574)  loss_giou_dn_1: 0.5447 (0.5834)  loss_giou_dn_2: 0.5401 (0.5738)  loss_vfl: 0.5217 (0.5122)  loss_vfl_aux_0: 0.5460 (0.5375)  loss_vfl_aux_1: 0.5323 (0.5218)  loss_vfl_aux_2: 0.5720 (0.5581)  loss_vfl_dn_0: 0.4677 (0.4660)  loss_vfl_dn_1: 0.4294 (0.4314)  loss_vfl_dn_2: 0.4224 (0.4233)  time: 0.9872  data: 0.0232  max mem: 10176
Epoch: [93]  [600/809]  eta: 0:03:44  lr: 0.000010  loss: 8.7735 (8.8712)  loss_bbox: 0.0592 (0.0633)  loss_bbox_aux_0: 0.0663 (0.0673)  loss_bbox_aux_1: 0.0602 (0.0642)  loss_bbox_aux_2: 0.0763 (0.0762)  loss_bbox_dn_0: 0.0432 (0.0442)  loss_bbox_dn_1: 0.0369 (0.0366)  loss_bbox_dn_2: 0.0363 (0.0357)  loss_giou: 0.7319 (0.7772)  loss_giou_aux_0: 0.7675 (0.7978)  loss_giou_aux_1: 0.7365 (0.7839)  loss_giou_aux_2: 0.8246 (0.8598)  loss_giou_dn_0: 0.6691 (0.6579)  loss_giou_dn_1: 0.5941 (0.5839)  loss_giou_dn_2: 0.5801 (0.5743)  loss_vfl: 0.5011 (0.5118)  loss_vfl_aux_0: 0.5316 (0.5370)  loss_vfl_aux_1: 0.5157 (0.5214)  loss_vfl_aux_2: 0.5537 (0.5575)  loss_vfl_dn_0: 0.4631 (0.4661)  loss_vfl_dn_1: 0.4285 (0.4316)  loss_vfl_dn_2: 0.4222 (0.4236)  time: 1.0214  data: 0.0299  max mem: 10176
Epoch: [93]  [700/809]  eta: 0:01:56  lr: 0.000010  loss: 8.9797 (8.8760)  loss_bbox: 0.0614 (0.0637)  loss_bbox_aux_0: 0.0631 (0.0677)  loss_bbox_aux_1: 0.0624 (0.0646)  loss_bbox_aux_2: 0.0773 (0.0764)  loss_bbox_dn_0: 0.0431 (0.0442)  loss_bbox_dn_1: 0.0332 (0.0366)  loss_bbox_dn_2: 0.0323 (0.0357)  loss_giou: 0.8306 (0.7788)  loss_giou_aux_0: 0.8515 (0.7990)  loss_giou_aux_1: 0.8313 (0.7853)  loss_giou_aux_2: 0.9012 (0.8606)  loss_giou_dn_0: 0.6866 (0.6585)  loss_giou_dn_1: 0.6304 (0.5845)  loss_giou_dn_2: 0.6193 (0.5750)  loss_vfl: 0.4810 (0.5105)  loss_vfl_aux_0: 0.4995 (0.5361)  loss_vfl_aux_1: 0.4839 (0.5203)  loss_vfl_aux_2: 0.5168 (0.5570)  loss_vfl_dn_0: 0.4604 (0.4661)  loss_vfl_dn_1: 0.4327 (0.4317)  loss_vfl_dn_2: 0.4236 (0.4238)  time: 1.0499  data: 0.0283  max mem: 10176
Epoch: [93]  [800/809]  eta: 0:00:09  lr: 0.000010  loss: 8.9815 (8.8883)  loss_bbox: 0.0668 (0.0639)  loss_bbox_aux_0: 0.0660 (0.0679)  loss_bbox_aux_1: 0.0658 (0.0648)  loss_bbox_aux_2: 0.0815 (0.0766)  loss_bbox_dn_0: 0.0450 (0.0442)  loss_bbox_dn_1: 0.0345 (0.0366)  loss_bbox_dn_2: 0.0336 (0.0356)  loss_giou: 0.8030 (0.7814)  loss_giou_aux_0: 0.8240 (0.8015)  loss_giou_aux_1: 0.7999 (0.7880)  loss_giou_aux_2: 0.8624 (0.8631)  loss_giou_dn_0: 0.6729 (0.6594)  loss_giou_dn_1: 0.5858 (0.5852)  loss_giou_dn_2: 0.5815 (0.5756)  loss_vfl: 0.5099 (0.5101)  loss_vfl_aux_0: 0.5328 (0.5355)  loss_vfl_aux_1: 0.5198 (0.5200)  loss_vfl_aux_2: 0.5569 (0.5566)  loss_vfl_dn_0: 0.4708 (0.4663)  loss_vfl_dn_1: 0.4346 (0.4320)  loss_vfl_dn_2: 0.4260 (0.4240)  time: 1.0451  data: 0.0277  max mem: 10176
Epoch: [93]  [808/809]  eta: 0:00:01  lr: 0.000010  loss: 8.7512 (8.8875)  loss_bbox: 0.0562 (0.0638)  loss_bbox_aux_0: 0.0585 (0.0678)  loss_bbox_aux_1: 0.0558 (0.0647)  loss_bbox_aux_2: 0.0740 (0.0765)  loss_bbox_dn_0: 0.0431 (0.0442)  loss_bbox_dn_1: 0.0339 (0.0366)  loss_bbox_dn_2: 0.0322 (0.0356)  loss_giou: 0.7324 (0.7810)  loss_giou_aux_0: 0.7483 (0.8011)  loss_giou_aux_1: 0.7442 (0.7876)  loss_giou_aux_2: 0.8013 (0.8626)  loss_giou_dn_0: 0.6465 (0.6594)  loss_giou_dn_1: 0.5712 (0.5853)  loss_giou_dn_2: 0.5613 (0.5757)  loss_vfl: 0.5189 (0.5104)  loss_vfl_aux_0: 0.5415 (0.5358)  loss_vfl_aux_1: 0.5282 (0.5202)  loss_vfl_aux_2: 0.5637 (0.5568)  loss_vfl_dn_0: 0.4708 (0.4663)  loss_vfl_dn_1: 0.4323 (0.4320)  loss_vfl_dn_2: 0.4233 (0.4240)  time: 0.9075  data: 0.0236  max mem: 10176
Epoch: [93] Total time: 0:14:23 (1.0675 s / it)
Averaged stats: lr: 0.000010  loss: 8.7512 (8.8875)  loss_bbox: 0.0562 (0.0638)  loss_bbox_aux_0: 0.0585 (0.0678)  loss_bbox_aux_1: 0.0558 (0.0647)  loss_bbox_aux_2: 0.0740 (0.0765)  loss_bbox_dn_0: 0.0431 (0.0442)  loss_bbox_dn_1: 0.0339 (0.0366)  loss_bbox_dn_2: 0.0322 (0.0356)  loss_giou: 0.7324 (0.7810)  loss_giou_aux_0: 0.7483 (0.8011)  loss_giou_aux_1: 0.7442 (0.7876)  loss_giou_aux_2: 0.8013 (0.8626)  loss_giou_dn_0: 0.6465 (0.6594)  loss_giou_dn_1: 0.5712 (0.5853)  loss_giou_dn_2: 0.5613 (0.5757)  loss_vfl: 0.5189 (0.5104)  loss_vfl_aux_0: 0.5415 (0.5358)  loss_vfl_aux_1: 0.5282 (0.5202)  loss_vfl_aux_2: 0.5637 (0.5568)  loss_vfl_dn_0: 0.4708 (0.4663)  loss_vfl_dn_1: 0.4323 (0.4320)  loss_vfl_dn_2: 0.4233 (0.4240)
Test:  [ 0/69]  eta: 0:01:30    time: 1.3165  data: 0.7549  max mem: 10176
Test:  [10/69]  eta: 0:00:40    time: 0.6794  data: 0.0829  max mem: 10176
Test:  [20/69]  eta: 0:00:33    time: 0.6525  data: 0.0184  max mem: 10176
Test:  [30/69]  eta: 0:00:27    time: 0.7048  data: 0.0208  max mem: 10176
Test:  [40/69]  eta: 0:00:19    time: 0.6553  data: 0.0203  max mem: 10176
Test:  [50/69]  eta: 0:00:12    time: 0.5764  data: 0.0200  max mem: 10176
Test:  [60/69]  eta: 0:00:05    time: 0.5535  data: 0.0202  max mem: 10176
Test:  [68/69]  eta: 0:00:00    time: 0.5734  data: 0.0185  max mem: 10176
Test: Total time: 0:00:43 (0.6302 s / it)
Averaged stats: 
Accumulating evaluation results...
DONE (t=2.00s).
IoU metric: bbox
 Average Precision  (AP) @[ IoU=0.50:0.95 | area=   all | maxDets=100 ] = 0.267
 Average Precision  (AP) @[ IoU=0.50      | area=   all | maxDets=100 ] = 0.432
 Average Precision  (AP) @[ IoU=0.75      | area=   all | maxDets=100 ] = 0.275
 Average Precision  (AP) @[ IoU=0.50:0.95 | area= small | maxDets=100 ] = 0.187
 Average Precision  (AP) @[ IoU=0.50:0.95 | area=medium | maxDets=100 ] = 0.355
 Average Precision  (AP) @[ IoU=0.50:0.95 | area= large | maxDets=100 ] = 0.492
 Average Recall     (AR) @[ IoU=0.50:0.95 | area=   all | maxDets=  1 ] = 0.112
 Average Recall     (AR) @[ IoU=0.50:0.95 | area=   all | maxDets= 10 ] = 0.318
 Average Recall     (AR) @[ IoU=0.50:0.95 | area=   all | maxDets=100 ] = 0.428
 Average Recall     (AR) @[ IoU=0.50:0.95 | area= small | maxDets=100 ] = 0.350
 Average Recall     (AR) @[ IoU=0.50:0.95 | area=medium | maxDets=100 ] = 0.530
 Average Recall     (AR) @[ IoU=0.50:0.95 | area= large | maxDets=100 ] = 0.645
best_stat:  {'epoch': 93, 'coco_eval_bbox': 0.2665831672138865}
Epoch: [94]  [  0/809]  eta: 1:40:08  lr: 0.000010  loss: 10.6731 (10.6731)  loss_bbox: 0.0774 (0.0774)  loss_bbox_aux_0: 0.0927 (0.0927)  loss_bbox_aux_1: 0.0786 (0.0786)  loss_bbox_aux_2: 0.1043 (0.1043)  loss_bbox_dn_0: 0.0272 (0.0272)  loss_bbox_dn_1: 0.0238 (0.0238)  loss_bbox_dn_2: 0.0232 (0.0232)  loss_giou: 1.2410 (1.2410)  loss_giou_aux_0: 1.2929 (1.2929)  loss_giou_aux_1: 1.2502 (1.2502)  loss_giou_aux_2: 1.3324 (1.3324)  loss_giou_dn_0: 0.7877 (0.7877)  loss_giou_dn_1: 0.7280 (0.7280)  loss_giou_dn_2: 0.7163 (0.7163)  loss_vfl: 0.3944 (0.3944)  loss_vfl_aux_0: 0.4019 (0.4019)  loss_vfl_aux_1: 0.3966 (0.3966)  loss_vfl_aux_2: 0.3987 (0.3987)  loss_vfl_dn_0: 0.4513 (0.4513)  loss_vfl_dn_1: 0.4307 (0.4307)  loss_vfl_dn_2: 0.4240 (0.4240)  time: 7.4271  data: 1.7880  max mem: 10176
Epoch: [94]  [100/809]  eta: 0:13:57  lr: 0.000010  loss: 9.0512 (8.8721)  loss_bbox: 0.0593 (0.0641)  loss_bbox_aux_0: 0.0613 (0.0683)  loss_bbox_aux_1: 0.0583 (0.0648)  loss_bbox_aux_2: 0.0743 (0.0747)  loss_bbox_dn_0: 0.0404 (0.0429)  loss_bbox_dn_1: 0.0342 (0.0356)  loss_bbox_dn_2: 0.0330 (0.0348)  loss_giou: 0.7726 (0.7822)  loss_giou_aux_0: 0.7886 (0.8010)  loss_giou_aux_1: 0.7763 (0.7889)  loss_giou_aux_2: 0.8486 (0.8642)  loss_giou_dn_0: 0.6837 (0.6614)  loss_giou_dn_1: 0.6031 (0.5869)  loss_giou_dn_2: 0.5873 (0.5765)  loss_vfl: 0.5038 (0.5067)  loss_vfl_aux_0: 0.5238 (0.5318)  loss_vfl_aux_1: 0.5194 (0.5168)  loss_vfl_aux_2: 0.5544 (0.5551)  loss_vfl_dn_0: 0.4636 (0.4636)  loss_vfl_dn_1: 0.4322 (0.4297)  loss_vfl_dn_2: 0.4255 (0.4222)  time: 1.0695  data: 0.0262  max mem: 10176
Epoch: [94]  [200/809]  eta: 0:11:18  lr: 0.000010  loss: 8.3455 (8.7926)  loss_bbox: 0.0602 (0.0621)  loss_bbox_aux_0: 0.0603 (0.0660)  loss_bbox_aux_1: 0.0601 (0.0627)  loss_bbox_aux_2: 0.0744 (0.0732)  loss_bbox_dn_0: 0.0449 (0.0437)  loss_bbox_dn_1: 0.0368 (0.0363)  loss_bbox_dn_2: 0.0361 (0.0354)  loss_giou: 0.6915 (0.7656)  loss_giou_aux_0: 0.6969 (0.7844)  loss_giou_aux_1: 0.6899 (0.7719)  loss_giou_aux_2: 0.7553 (0.8467)  loss_giou_dn_0: 0.6299 (0.6546)  loss_giou_dn_1: 0.5409 (0.5805)  loss_giou_dn_2: 0.5344 (0.5704)  loss_vfl: 0.5167 (0.5099)  loss_vfl_aux_0: 0.5389 (0.5355)  loss_vfl_aux_1: 0.5294 (0.5201)  loss_vfl_aux_2: 0.5696 (0.5596)  loss_vfl_dn_0: 0.4668 (0.4632)  loss_vfl_dn_1: 0.4362 (0.4293)  loss_vfl_dn_2: 0.4291 (0.4213)  time: 1.0836  data: 0.0292  max mem: 10176
Epoch: [94]  [300/809]  eta: 0:09:19  lr: 0.000010  loss: 8.9765 (8.8481)  loss_bbox: 0.0551 (0.0630)  loss_bbox_aux_0: 0.0587 (0.0669)  loss_bbox_aux_1: 0.0572 (0.0637)  loss_bbox_aux_2: 0.0679 (0.0740)  loss_bbox_dn_0: 0.0443 (0.0434)  loss_bbox_dn_1: 0.0373 (0.0361)  loss_bbox_dn_2: 0.0364 (0.0353)  loss_giou: 0.7721 (0.7773)  loss_giou_aux_0: 0.7868 (0.7952)  loss_giou_aux_1: 0.7880 (0.7839)  loss_giou_aux_2: 0.8578 (0.8575)  loss_giou_dn_0: 0.6699 (0.6593)  loss_giou_dn_1: 0.5902 (0.5852)  loss_giou_dn_2: 0.5858 (0.5754)  loss_vfl: 0.5059 (0.5078)  loss_vfl_aux_0: 0.5422 (0.5333)  loss_vfl_aux_1: 0.5190 (0.5177)  loss_vfl_aux_2: 0.5535 (0.5572)  loss_vfl_dn_0: 0.4703 (0.4640)  loss_vfl_dn_1: 0.4333 (0.4300)  loss_vfl_dn_2: 0.4276 (0.4220)  time: 1.0912  data: 0.0250  max mem: 10176
Epoch: [94]  [400/809]  eta: 0:07:26  lr: 0.000010  loss: 8.4972 (8.8557)  loss_bbox: 0.0575 (0.0630)  loss_bbox_aux_0: 0.0605 (0.0671)  loss_bbox_aux_1: 0.0582 (0.0637)  loss_bbox_aux_2: 0.0705 (0.0745)  loss_bbox_dn_0: 0.0409 (0.0434)  loss_bbox_dn_1: 0.0339 (0.0360)  loss_bbox_dn_2: 0.0332 (0.0352)  loss_giou: 0.7204 (0.7791)  loss_giou_aux_0: 0.7361 (0.7970)  loss_giou_aux_1: 0.7195 (0.7857)  loss_giou_aux_2: 0.8093 (0.8595)  loss_giou_dn_0: 0.6244 (0.6594)  loss_giou_dn_1: 0.5499 (0.5852)  loss_giou_dn_2: 0.5413 (0.5754)  loss_vfl: 0.5121 (0.5082)  loss_vfl_aux_0: 0.5399 (0.5333)  loss_vfl_aux_1: 0.5181 (0.5178)  loss_vfl_aux_2: 0.5718 (0.5569)  loss_vfl_dn_0: 0.4647 (0.4641)  loss_vfl_dn_1: 0.4238 (0.4296)  loss_vfl_dn_2: 0.4163 (0.4217)  time: 1.1169  data: 0.0258  max mem: 10176
Epoch: [94]  [500/809]  eta: 0:05:35  lr: 0.000010  loss: 8.9261 (8.8746)  loss_bbox: 0.0615 (0.0635)  loss_bbox_aux_0: 0.0685 (0.0681)  loss_bbox_aux_1: 0.0613 (0.0644)  loss_bbox_aux_2: 0.0780 (0.0754)  loss_bbox_dn_0: 0.0396 (0.0435)  loss_bbox_dn_1: 0.0330 (0.0361)  loss_bbox_dn_2: 0.0321 (0.0353)  loss_giou: 0.7805 (0.7816)  loss_giou_aux_0: 0.8042 (0.7995)  loss_giou_aux_1: 0.7867 (0.7882)  loss_giou_aux_2: 0.8415 (0.8617)  loss_giou_dn_0: 0.6606 (0.6605)  loss_giou_dn_1: 0.5885 (0.5859)  loss_giou_dn_2: 0.5772 (0.5761)  loss_vfl: 0.5098 (0.5087)  loss_vfl_aux_0: 0.5198 (0.5335)  loss_vfl_aux_1: 0.5184 (0.5182)  loss_vfl_aux_2: 0.5382 (0.5572)  loss_vfl_dn_0: 0.4662 (0.4645)  loss_vfl_dn_1: 0.4318 (0.4302)  loss_vfl_dn_2: 0.4260 (0.4223)  time: 1.0599  data: 0.0268  max mem: 10176
Epoch: [94]  [600/809]  eta: 0:03:47  lr: 0.000010  loss: 8.7501 (8.8976)  loss_bbox: 0.0604 (0.0636)  loss_bbox_aux_0: 0.0664 (0.0682)  loss_bbox_aux_1: 0.0614 (0.0645)  loss_bbox_aux_2: 0.0753 (0.0755)  loss_bbox_dn_0: 0.0384 (0.0435)  loss_bbox_dn_1: 0.0311 (0.0361)  loss_bbox_dn_2: 0.0308 (0.0352)  loss_giou: 0.7618 (0.7864)  loss_giou_aux_0: 0.7794 (0.8047)  loss_giou_aux_1: 0.7683 (0.7931)  loss_giou_aux_2: 0.8377 (0.8670)  loss_giou_dn_0: 0.6369 (0.6618)  loss_giou_dn_1: 0.5663 (0.5875)  loss_giou_dn_2: 0.5536 (0.5778)  loss_vfl: 0.4966 (0.5080)  loss_vfl_aux_0: 0.5194 (0.5328)  loss_vfl_aux_1: 0.5104 (0.5177)  loss_vfl_aux_2: 0.5439 (0.5559)  loss_vfl_dn_0: 0.4695 (0.4649)  loss_vfl_dn_1: 0.4358 (0.4307)  loss_vfl_dn_2: 0.4286 (0.4228)  time: 1.0681  data: 0.0249  max mem: 10176
Epoch: [94]  [700/809]  eta: 0:01:58  lr: 0.000010  loss: 8.6422 (8.9038)  loss_bbox: 0.0596 (0.0638)  loss_bbox_aux_0: 0.0622 (0.0683)  loss_bbox_aux_1: 0.0605 (0.0647)  loss_bbox_aux_2: 0.0722 (0.0756)  loss_bbox_dn_0: 0.0433 (0.0438)  loss_bbox_dn_1: 0.0369 (0.0363)  loss_bbox_dn_2: 0.0361 (0.0354)  loss_giou: 0.7394 (0.7864)  loss_giou_aux_0: 0.7464 (0.8048)  loss_giou_aux_1: 0.7440 (0.7932)  loss_giou_aux_2: 0.8036 (0.8665)  loss_giou_dn_0: 0.6456 (0.6625)  loss_giou_dn_1: 0.5721 (0.5882)  loss_giou_dn_2: 0.5621 (0.5785)  loss_vfl: 0.5006 (0.5085)  loss_vfl_aux_0: 0.5239 (0.5333)  loss_vfl_aux_1: 0.5121 (0.5182)  loss_vfl_aux_2: 0.5624 (0.5565)  loss_vfl_dn_0: 0.4624 (0.4651)  loss_vfl_dn_1: 0.4272 (0.4310)  loss_vfl_dn_2: 0.4176 (0.4231)  time: 1.0634  data: 0.0268  max mem: 10176
Epoch: [94]  [800/809]  eta: 0:00:09  lr: 0.000010  loss: 9.0077 (8.9032)  loss_bbox: 0.0612 (0.0636)  loss_bbox_aux_0: 0.0676 (0.0683)  loss_bbox_aux_1: 0.0596 (0.0646)  loss_bbox_aux_2: 0.0723 (0.0757)  loss_bbox_dn_0: 0.0443 (0.0439)  loss_bbox_dn_1: 0.0379 (0.0364)  loss_bbox_dn_2: 0.0355 (0.0356)  loss_giou: 0.7899 (0.7856)  loss_giou_aux_0: 0.7965 (0.8043)  loss_giou_aux_1: 0.7814 (0.7923)  loss_giou_aux_2: 0.8599 (0.8661)  loss_giou_dn_0: 0.6725 (0.6622)  loss_giou_dn_1: 0.6040 (0.5878)  loss_giou_dn_2: 0.5949 (0.5781)  loss_vfl: 0.5052 (0.5091)  loss_vfl_aux_0: 0.5225 (0.5338)  loss_vfl_aux_1: 0.5165 (0.5189)  loss_vfl_aux_2: 0.5297 (0.5570)  loss_vfl_dn_0: 0.4625 (0.4654)  loss_vfl_dn_1: 0.4274 (0.4313)  loss_vfl_dn_2: 0.4165 (0.4234)  time: 1.0480  data: 0.0241  max mem: 10176
Epoch: [94]  [808/809]  eta: 0:00:01  lr: 0.000010  loss: 9.0466 (8.9077)  loss_bbox: 0.0620 (0.0637)  loss_bbox_aux_0: 0.0676 (0.0684)  loss_bbox_aux_1: 0.0627 (0.0647)  loss_bbox_aux_2: 0.0723 (0.0757)  loss_bbox_dn_0: 0.0388 (0.0439)  loss_bbox_dn_1: 0.0338 (0.0364)  loss_bbox_dn_2: 0.0323 (0.0355)  loss_giou: 0.8150 (0.7867)  loss_giou_aux_0: 0.8288 (0.8052)  loss_giou_aux_1: 0.8203 (0.7933)  loss_giou_aux_2: 0.8994 (0.8670)  loss_giou_dn_0: 0.6807 (0.6626)  loss_giou_dn_1: 0.6093 (0.5882)  loss_giou_dn_2: 0.6046 (0.5785)  loss_vfl: 0.4808 (0.5089)  loss_vfl_aux_0: 0.5059 (0.5336)  loss_vfl_aux_1: 0.4894 (0.5186)  loss_vfl_aux_2: 0.5266 (0.5568)  loss_vfl_dn_0: 0.4662 (0.4654)  loss_vfl_dn_1: 0.4353 (0.4314)  loss_vfl_dn_2: 0.4258 (0.4235)  time: 0.9254  data: 0.0223  max mem: 10176
Epoch: [94] Total time: 0:14:30 (1.0766 s / it)
Averaged stats: lr: 0.000010  loss: 9.0466 (8.9077)  loss_bbox: 0.0620 (0.0637)  loss_bbox_aux_0: 0.0676 (0.0684)  loss_bbox_aux_1: 0.0627 (0.0647)  loss_bbox_aux_2: 0.0723 (0.0757)  loss_bbox_dn_0: 0.0388 (0.0439)  loss_bbox_dn_1: 0.0338 (0.0364)  loss_bbox_dn_2: 0.0323 (0.0355)  loss_giou: 0.8150 (0.7867)  loss_giou_aux_0: 0.8288 (0.8052)  loss_giou_aux_1: 0.8203 (0.7933)  loss_giou_aux_2: 0.8994 (0.8670)  loss_giou_dn_0: 0.6807 (0.6626)  loss_giou_dn_1: 0.6093 (0.5882)  loss_giou_dn_2: 0.6046 (0.5785)  loss_vfl: 0.4808 (0.5089)  loss_vfl_aux_0: 0.5059 (0.5336)  loss_vfl_aux_1: 0.4894 (0.5186)  loss_vfl_aux_2: 0.5266 (0.5568)  loss_vfl_dn_0: 0.4662 (0.4654)  loss_vfl_dn_1: 0.4353 (0.4314)  loss_vfl_dn_2: 0.4258 (0.4235)
Test:  [ 0/69]  eta: 0:01:35    time: 1.3882  data: 0.8009  max mem: 10176
Test:  [10/69]  eta: 0:00:40    time: 0.6844  data: 0.0910  max mem: 10176
Test:  [20/69]  eta: 0:00:33    time: 0.6428  data: 0.0200  max mem: 10176
Test:  [30/69]  eta: 0:00:25    time: 0.6547  data: 0.0197  max mem: 10176
Test:  [40/69]  eta: 0:00:19    time: 0.6597  data: 0.0615  max mem: 10176
Test:  [50/69]  eta: 0:00:12    time: 0.6169  data: 0.0626  max mem: 10176
Test:  [60/69]  eta: 0:00:05    time: 0.5552  data: 0.0210  max mem: 10176
Test:  [68/69]  eta: 0:00:00    time: 0.5666  data: 0.0193  max mem: 10176
Test: Total time: 0:00:43 (0.6288 s / it)
Averaged stats: 
Accumulating evaluation results...
DONE (t=1.97s).
IoU metric: bbox
 Average Precision  (AP) @[ IoU=0.50:0.95 | area=   all | maxDets=100 ] = 0.266
 Average Precision  (AP) @[ IoU=0.50      | area=   all | maxDets=100 ] = 0.431
 Average Precision  (AP) @[ IoU=0.75      | area=   all | maxDets=100 ] = 0.274
 Average Precision  (AP) @[ IoU=0.50:0.95 | area= small | maxDets=100 ] = 0.188
 Average Precision  (AP) @[ IoU=0.50:0.95 | area=medium | maxDets=100 ] = 0.355
 Average Precision  (AP) @[ IoU=0.50:0.95 | area= large | maxDets=100 ] = 0.496
 Average Recall     (AR) @[ IoU=0.50:0.95 | area=   all | maxDets=  1 ] = 0.112
 Average Recall     (AR) @[ IoU=0.50:0.95 | area=   all | maxDets= 10 ] = 0.319
 Average Recall     (AR) @[ IoU=0.50:0.95 | area=   all | maxDets=100 ] = 0.429
 Average Recall     (AR) @[ IoU=0.50:0.95 | area= small | maxDets=100 ] = 0.350
 Average Recall     (AR) @[ IoU=0.50:0.95 | area=medium | maxDets=100 ] = 0.531
 Average Recall     (AR) @[ IoU=0.50:0.95 | area= large | maxDets=100 ] = 0.638
best_stat:  {'epoch': 93, 'coco_eval_bbox': 0.2665831672138865}
Training time 2:45:20
