2026-02-17 05:42:18.272507: E external/local_xla/xla/stream_executor/cuda/cuda_fft.cc:485] Unable to register cuFFT factory: Attempting to register factory for plugin cuFFT when one has already been registered
2026-02-17 05:42:18.288271: E external/local_xla/xla/stream_executor/cuda/cuda_fft.cc:485] Unable to register cuFFT factory: Attempting to register factory for plugin cuFFT when one has already been registered
2026-02-17 05:42:18.291057: E external/local_xla/xla/stream_executor/cuda/cuda_dnn.cc:8454] Unable to register cuDNN factory: Attempting to register factory for plugin cuDNN when one has already been registered
2026-02-17 05:42:18.296690: E external/local_xla/xla/stream_executor/cuda/cuda_blas.cc:1452] Unable to register cuBLAS factory: Attempting to register factory for plugin cuBLAS when one has already been registered
2026-02-17 05:42:18.306995: E external/local_xla/xla/stream_executor/cuda/cuda_dnn.cc:8454] Unable to register cuDNN factory: Attempting to register factory for plugin cuDNN when one has already been registered
2026-02-17 05:42:18.312666: E external/local_xla/xla/stream_executor/cuda/cuda_blas.cc:1452] Unable to register cuBLAS factory: Attempting to register factory for plugin cuBLAS when one has already been registered
Initialized distributed mode...
Start training
Downloading: "https://github.com/lyuwenyu/storage/releases/download/v0.1/ResNet18_vd_pretrained_from_paddle.pth" to /root/.cache/torch/hub/checkpoints/ResNet18_vd_pretrained_from_paddle.pth
Downloading: "https://github.com/lyuwenyu/storage/releases/download/v0.1/ResNet18_vd_pretrained_from_paddle.pth" to /root/.cache/torch/hub/checkpoints/ResNet18_vd_pretrained_from_paddle.pth
  0%|          | 0.00/42.8M [00:00<?, ?B/s]  0%|          | 0.00/42.8M [00:00<?, ?B/s] 22%|██▏       | 9.59M/42.8M [00:00<00:00, 101MB/s] 19%|█▉        | 8.27M/42.8M [00:00<00:00, 78.8MB/s] 75%|███████▌  | 32.3M/42.8M [00:00<00:00, 181MB/s] 76%|███████▋  | 32.7M/42.8M [00:00<00:00, 179MB/s] 100%|██████████| 42.8M/42.8M [00:00<00:00, 188MB/s]
100%|██████████| 42.8M/42.8M [00:00<00:00, 181MB/s]
Load PResNet18 state_dict
Initial lr:  [0.0001, 0.0001]
Resume checkpoint from /kaggle/input/notebooks/sasankabandara14/rt-d-18-train-vis-gnconv-slimp2-8-1/RT-DETR_SOD_IMP/rtdetr_pytorch/output/rtdetr_r18vd_p2_slim_gnconv_reversed/checkpoint0045.pth
Loading last_epoch
Loading model.state_dict
Loading ema.state_dict
Loading optimizer.state_dict
Loading lr_scheduler.state_dict
Loading scaler.state_dict
loading annotations into memory...
Done (t=2.08s)
creating index...
index created!
loading annotations into memory...
Done (t=0.13s)
creating index...
index created!
number of params: 21264024
Epoch: [46]  [  0/809]  eta: 1:46:51  lr: 0.000100  loss: 10.4976 (10.4976)  loss_bbox: 0.0672 (0.0672)  loss_bbox_aux_0: 0.0760 (0.0760)  loss_bbox_aux_1: 0.0699 (0.0699)  loss_bbox_aux_2: 0.0933 (0.0933)  loss_bbox_dn_0: 0.0299 (0.0299)  loss_bbox_dn_1: 0.0247 (0.0247)  loss_bbox_dn_2: 0.0240 (0.0240)  loss_giou: 1.1578 (1.1578)  loss_giou_aux_0: 1.2366 (1.2366)  loss_giou_aux_1: 1.1680 (1.1680)  loss_giou_aux_2: 1.2660 (1.2660)  loss_giou_dn_0: 0.8376 (0.8376)  loss_giou_dn_1: 0.7759 (0.7759)  loss_giou_dn_2: 0.7624 (0.7624)  loss_vfl: 0.4027 (0.4027)  loss_vfl_aux_0: 0.4060 (0.4060)  loss_vfl_aux_1: 0.4039 (0.4039)  loss_vfl_aux_2: 0.3938 (0.3938)  loss_vfl_dn_0: 0.4545 (0.4545)  loss_vfl_dn_1: 0.4231 (0.4231)  loss_vfl_dn_2: 0.4244 (0.4244)  time: 7.9247  data: 3.7427  max mem: 5315
Epoch: [46]  [100/809]  eta: 0:11:01  lr: 0.000100  loss: 9.6903 (9.9708)  loss_bbox: 0.0773 (0.0831)  loss_bbox_aux_0: 0.0807 (0.0884)  loss_bbox_aux_1: 0.0767 (0.0845)  loss_bbox_aux_2: 0.0987 (0.1028)  loss_bbox_dn_0: 0.0489 (0.0530)  loss_bbox_dn_1: 0.0412 (0.0436)  loss_bbox_dn_2: 0.0396 (0.0424)  loss_giou: 0.9169 (0.9445)  loss_giou_aux_0: 0.9522 (0.9823)  loss_giou_aux_1: 0.9173 (0.9518)  loss_giou_aux_2: 1.0063 (1.0535)  loss_giou_dn_0: 0.7648 (0.7701)  loss_giou_dn_1: 0.6741 (0.6865)  loss_giou_dn_2: 0.6660 (0.6757)  loss_vfl: 0.5255 (0.5105)  loss_vfl_aux_0: 0.5211 (0.5171)  loss_vfl_aux_1: 0.5280 (0.5162)  loss_vfl_aux_2: 0.5013 (0.4980)  loss_vfl_dn_0: 0.4697 (0.4740)  loss_vfl_dn_1: 0.4475 (0.4488)  loss_vfl_dn_2: 0.4425 (0.4438)  time: 0.8285  data: 0.0337  max mem: 5325
Epoch: [46]  [200/809]  eta: 0:08:57  lr: 0.000100  loss: 10.2014 (10.0961)  loss_bbox: 0.0797 (0.0898)  loss_bbox_aux_0: 0.0855 (0.0950)  loss_bbox_aux_1: 0.0823 (0.0912)  loss_bbox_aux_2: 0.0970 (0.1091)  loss_bbox_dn_0: 0.0520 (0.0536)  loss_bbox_dn_1: 0.0427 (0.0438)  loss_bbox_dn_2: 0.0420 (0.0426)  loss_giou: 0.9638 (0.9771)  loss_giou_aux_0: 0.9952 (1.0134)  loss_giou_aux_1: 0.9665 (0.9839)  loss_giou_aux_2: 1.0709 (1.0830)  loss_giou_dn_0: 0.7775 (0.7775)  loss_giou_dn_1: 0.6856 (0.6917)  loss_giou_dn_2: 0.6724 (0.6815)  loss_vfl: 0.4833 (0.4990)  loss_vfl_aux_0: 0.4996 (0.5072)  loss_vfl_aux_1: 0.4946 (0.5047)  loss_vfl_aux_2: 0.4833 (0.4900)  loss_vfl_dn_0: 0.4733 (0.4715)  loss_vfl_dn_1: 0.4504 (0.4476)  loss_vfl_dn_2: 0.4470 (0.4429)  time: 0.8242  data: 0.0344  max mem: 5626
Epoch: [46]  [300/809]  eta: 0:07:21  lr: 0.000100  loss: 10.1545 (10.0589)  loss_bbox: 0.0917 (0.0899)  loss_bbox_aux_0: 0.0999 (0.0950)  loss_bbox_aux_1: 0.0936 (0.0915)  loss_bbox_aux_2: 0.1078 (0.1097)  loss_bbox_dn_0: 0.0530 (0.0548)  loss_bbox_dn_1: 0.0402 (0.0446)  loss_bbox_dn_2: 0.0390 (0.0432)  loss_giou: 0.9303 (0.9651)  loss_giou_aux_0: 0.9802 (1.0019)  loss_giou_aux_1: 0.9395 (0.9724)  loss_giou_aux_2: 1.0333 (1.0723)  loss_giou_dn_0: 0.7697 (0.7735)  loss_giou_dn_1: 0.6811 (0.6852)  loss_giou_dn_2: 0.6697 (0.6743)  loss_vfl: 0.5061 (0.5043)  loss_vfl_aux_0: 0.5059 (0.5130)  loss_vfl_aux_1: 0.5121 (0.5099)  loss_vfl_aux_2: 0.5170 (0.4958)  loss_vfl_dn_0: 0.4679 (0.4719)  loss_vfl_dn_1: 0.4531 (0.4478)  loss_vfl_dn_2: 0.4485 (0.4430)  time: 0.8283  data: 0.0335  max mem: 5626
Epoch: [46]  [400/809]  eta: 0:05:50  lr: 0.000100  loss: 10.3469 (10.0869)  loss_bbox: 0.0919 (0.0931)  loss_bbox_aux_0: 0.0977 (0.0987)  loss_bbox_aux_1: 0.0928 (0.0948)  loss_bbox_aux_2: 0.1137 (0.1136)  loss_bbox_dn_0: 0.0575 (0.0555)  loss_bbox_dn_1: 0.0469 (0.0452)  loss_bbox_dn_2: 0.0463 (0.0438)  loss_giou: 0.9918 (0.9667)  loss_giou_aux_0: 1.0047 (1.0031)  loss_giou_aux_1: 0.9972 (0.9738)  loss_giou_aux_2: 1.0642 (1.0735)  loss_giou_dn_0: 0.7914 (0.7744)  loss_giou_dn_1: 0.7092 (0.6858)  loss_giou_dn_2: 0.6966 (0.6749)  loss_vfl: 0.4819 (0.5051)  loss_vfl_aux_0: 0.5058 (0.5139)  loss_vfl_aux_1: 0.4939 (0.5107)  loss_vfl_aux_2: 0.4862 (0.4970)  loss_vfl_dn_0: 0.4742 (0.4722)  loss_vfl_dn_1: 0.4519 (0.4480)  loss_vfl_dn_2: 0.4458 (0.4431)  time: 0.8395  data: 0.0325  max mem: 5626
Epoch: [46]  [500/809]  eta: 0:04:23  lr: 0.000100  loss: 9.8675 (10.1013)  loss_bbox: 0.0870 (0.0949)  loss_bbox_aux_0: 0.0921 (0.1007)  loss_bbox_aux_1: 0.0910 (0.0967)  loss_bbox_aux_2: 0.1065 (0.1155)  loss_bbox_dn_0: 0.0560 (0.0562)  loss_bbox_dn_1: 0.0424 (0.0457)  loss_bbox_dn_2: 0.0408 (0.0443)  loss_giou: 0.8942 (0.9674)  loss_giou_aux_0: 0.9372 (1.0040)  loss_giou_aux_1: 0.9057 (0.9748)  loss_giou_aux_2: 1.0138 (1.0735)  loss_giou_dn_0: 0.7710 (0.7741)  loss_giou_dn_1: 0.6793 (0.6854)  loss_giou_dn_2: 0.6601 (0.6745)  loss_vfl: 0.5093 (0.5059)  loss_vfl_aux_0: 0.5204 (0.5147)  loss_vfl_aux_1: 0.5239 (0.5113)  loss_vfl_aux_2: 0.5222 (0.4985)  loss_vfl_dn_0: 0.4696 (0.4725)  loss_vfl_dn_1: 0.4448 (0.4478)  loss_vfl_dn_2: 0.4399 (0.4429)  time: 0.8150  data: 0.0294  max mem: 5626
Epoch: [46]  [600/809]  eta: 0:02:57  lr: 0.000100  loss: 9.8389 (10.1114)  loss_bbox: 0.0885 (0.0955)  loss_bbox_aux_0: 0.0902 (0.1013)  loss_bbox_aux_1: 0.0918 (0.0972)  loss_bbox_aux_2: 0.1103 (0.1160)  loss_bbox_dn_0: 0.0522 (0.0562)  loss_bbox_dn_1: 0.0434 (0.0457)  loss_bbox_dn_2: 0.0423 (0.0443)  loss_giou: 0.8756 (0.9717)  loss_giou_aux_0: 0.9020 (1.0086)  loss_giou_aux_1: 0.8866 (0.9790)  loss_giou_aux_2: 0.9944 (1.0774)  loss_giou_dn_0: 0.7658 (0.7740)  loss_giou_dn_1: 0.6750 (0.6860)  loss_giou_dn_2: 0.6561 (0.6750)  loss_vfl: 0.5151 (0.5034)  loss_vfl_aux_0: 0.5288 (0.5121)  loss_vfl_aux_1: 0.5242 (0.5090)  loss_vfl_aux_2: 0.5286 (0.4965)  loss_vfl_dn_0: 0.4802 (0.4724)  loss_vfl_dn_1: 0.4495 (0.4474)  loss_vfl_dn_2: 0.4454 (0.4426)  time: 0.8396  data: 0.0403  max mem: 5626
Epoch: [46]  [700/809]  eta: 0:01:32  lr: 0.000100  loss: 9.8346 (10.1173)  loss_bbox: 0.0854 (0.0961)  loss_bbox_aux_0: 0.0922 (0.1018)  loss_bbox_aux_1: 0.0861 (0.0979)  loss_bbox_aux_2: 0.1097 (0.1164)  loss_bbox_dn_0: 0.0509 (0.0560)  loss_bbox_dn_1: 0.0436 (0.0456)  loss_bbox_dn_2: 0.0426 (0.0442)  loss_giou: 0.9760 (0.9742)  loss_giou_aux_0: 1.0192 (1.0107)  loss_giou_aux_1: 0.9964 (0.9815)  loss_giou_aux_2: 1.1172 (1.0796)  loss_giou_dn_0: 0.7925 (0.7744)  loss_giou_dn_1: 0.7033 (0.6869)  loss_giou_dn_2: 0.6857 (0.6757)  loss_vfl: 0.4771 (0.5016)  loss_vfl_aux_0: 0.4926 (0.5103)  loss_vfl_aux_1: 0.4890 (0.5072)  loss_vfl_aux_2: 0.4617 (0.4953)  loss_vfl_dn_0: 0.4598 (0.4722)  loss_vfl_dn_1: 0.4386 (0.4473)  loss_vfl_dn_2: 0.4338 (0.4425)  time: 0.8197  data: 0.0300  max mem: 5626
Epoch: [46]  [800/809]  eta: 0:00:07  lr: 0.000100  loss: 9.7542 (10.1143)  loss_bbox: 0.0848 (0.0958)  loss_bbox_aux_0: 0.0854 (0.1014)  loss_bbox_aux_1: 0.0842 (0.0975)  loss_bbox_aux_2: 0.0944 (0.1163)  loss_bbox_dn_0: 0.0460 (0.0558)  loss_bbox_dn_1: 0.0390 (0.0454)  loss_bbox_dn_2: 0.0379 (0.0441)  loss_giou: 0.8905 (0.9752)  loss_giou_aux_0: 0.9264 (1.0118)  loss_giou_aux_1: 0.8802 (0.9823)  loss_giou_aux_2: 1.0107 (1.0801)  loss_giou_dn_0: 0.7471 (0.7740)  loss_giou_dn_1: 0.6408 (0.6866)  loss_giou_dn_2: 0.6250 (0.6753)  loss_vfl: 0.5089 (0.5007)  loss_vfl_aux_0: 0.5200 (0.5095)  loss_vfl_aux_1: 0.5173 (0.5065)  loss_vfl_aux_2: 0.5173 (0.4945)  loss_vfl_dn_0: 0.4734 (0.4720)  loss_vfl_dn_1: 0.4459 (0.4471)  loss_vfl_dn_2: 0.4412 (0.4423)  time: 0.8501  data: 0.0272  max mem: 5626
Epoch: [46]  [808/809]  eta: 0:00:00  lr: 0.000100  loss: 10.0219 (10.1150)  loss_bbox: 0.1012 (0.0960)  loss_bbox_aux_0: 0.0997 (0.1016)  loss_bbox_aux_1: 0.1014 (0.0977)  loss_bbox_aux_2: 0.1162 (0.1164)  loss_bbox_dn_0: 0.0479 (0.0560)  loss_bbox_dn_1: 0.0400 (0.0455)  loss_bbox_dn_2: 0.0391 (0.0441)  loss_giou: 0.9639 (0.9750)  loss_giou_aux_0: 1.0039 (1.0116)  loss_giou_aux_1: 0.9904 (0.9821)  loss_giou_aux_2: 1.1057 (1.0799)  loss_giou_dn_0: 0.7845 (0.7741)  loss_giou_dn_1: 0.6830 (0.6864)  loss_giou_dn_2: 0.6701 (0.6752)  loss_vfl: 0.4756 (0.5009)  loss_vfl_aux_0: 0.4717 (0.5096)  loss_vfl_aux_1: 0.4821 (0.5067)  loss_vfl_aux_2: 0.4471 (0.4946)  loss_vfl_dn_0: 0.4734 (0.4721)  loss_vfl_dn_1: 0.4534 (0.4471)  loss_vfl_dn_2: 0.4503 (0.4423)  time: 0.7467  data: 0.0260  max mem: 5626
Epoch: [46] Total time: 0:11:21 (0.8428 s / it)
Averaged stats: lr: 0.000100  loss: 10.0219 (10.1150)  loss_bbox: 0.1012 (0.0960)  loss_bbox_aux_0: 0.0997 (0.1016)  loss_bbox_aux_1: 0.1014 (0.0977)  loss_bbox_aux_2: 0.1162 (0.1164)  loss_bbox_dn_0: 0.0479 (0.0560)  loss_bbox_dn_1: 0.0400 (0.0455)  loss_bbox_dn_2: 0.0391 (0.0441)  loss_giou: 0.9639 (0.9750)  loss_giou_aux_0: 1.0039 (1.0116)  loss_giou_aux_1: 0.9904 (0.9821)  loss_giou_aux_2: 1.1057 (1.0799)  loss_giou_dn_0: 0.7845 (0.7741)  loss_giou_dn_1: 0.6830 (0.6864)  loss_giou_dn_2: 0.6701 (0.6752)  loss_vfl: 0.4756 (0.5009)  loss_vfl_aux_0: 0.4717 (0.5096)  loss_vfl_aux_1: 0.4821 (0.5067)  loss_vfl_aux_2: 0.4471 (0.4946)  loss_vfl_dn_0: 0.4734 (0.4721)  loss_vfl_dn_1: 0.4534 (0.4471)  loss_vfl_dn_2: 0.4503 (0.4423)
Test:  [ 0/69]  eta: 0:01:55    time: 1.6710  data: 0.8200  max mem: 5626
Test:  [10/69]  eta: 0:00:40    time: 0.6845  data: 0.0905  max mem: 5626
Test:  [20/69]  eta: 0:00:32    time: 0.6055  data: 0.0189  max mem: 5626
Test:  [30/69]  eta: 0:00:25    time: 0.6217  data: 0.0195  max mem: 5626
Test:  [40/69]  eta: 0:00:18    time: 0.5862  data: 0.0191  max mem: 5626
Test:  [50/69]  eta: 0:00:11    time: 0.5223  data: 0.0193  max mem: 5626
Test:  [60/69]  eta: 0:00:05    time: 0.4982  data: 0.0202  max mem: 5626
Test:  [68/69]  eta: 0:00:00    time: 0.5149  data: 0.0196  max mem: 5626
Test: Total time: 0:00:39 (0.5772 s / it)
Averaged stats: 
Accumulating evaluation results...
DONE (t=1.97s).
IoU metric: bbox
 Average Precision  (AP) @[ IoU=0.50:0.95 | area=   all | maxDets=100 ] = 0.219
 Average Precision  (AP) @[ IoU=0.50      | area=   all | maxDets=100 ] = 0.361
 Average Precision  (AP) @[ IoU=0.75      | area=   all | maxDets=100 ] = 0.224
 Average Precision  (AP) @[ IoU=0.50:0.95 | area= small | maxDets=100 ] = 0.140
 Average Precision  (AP) @[ IoU=0.50:0.95 | area=medium | maxDets=100 ] = 0.311
 Average Precision  (AP) @[ IoU=0.50:0.95 | area= large | maxDets=100 ] = 0.389
 Average Recall     (AR) @[ IoU=0.50:0.95 | area=   all | maxDets=  1 ] = 0.098
 Average Recall     (AR) @[ IoU=0.50:0.95 | area=   all | maxDets= 10 ] = 0.277
 Average Recall     (AR) @[ IoU=0.50:0.95 | area=   all | maxDets=100 ] = 0.374
 Average Recall     (AR) @[ IoU=0.50:0.95 | area= small | maxDets=100 ] = 0.281
 Average Recall     (AR) @[ IoU=0.50:0.95 | area=medium | maxDets=100 ] = 0.496
 Average Recall     (AR) @[ IoU=0.50:0.95 | area= large | maxDets=100 ] = 0.600
best_stat:  {'epoch': 46, 'coco_eval_bbox': 0.21921508566084097}
Epoch: [47]  [  0/809]  eta: 0:57:29  lr: 0.000100  loss: 9.6491 (9.6491)  loss_bbox: 0.0685 (0.0685)  loss_bbox_aux_0: 0.0743 (0.0743)  loss_bbox_aux_1: 0.0697 (0.0697)  loss_bbox_aux_2: 0.0849 (0.0849)  loss_bbox_dn_0: 0.0542 (0.0542)  loss_bbox_dn_1: 0.0480 (0.0480)  loss_bbox_dn_2: 0.0460 (0.0460)  loss_giou: 0.7639 (0.7639)  loss_giou_aux_0: 0.8039 (0.8039)  loss_giou_aux_1: 0.7669 (0.7669)  loss_giou_aux_2: 0.9233 (0.9233)  loss_giou_dn_0: 0.7202 (0.7202)  loss_giou_dn_1: 0.6494 (0.6494)  loss_giou_dn_2: 0.6397 (0.6397)  loss_vfl: 0.6416 (0.6416)  loss_vfl_aux_0: 0.6372 (0.6372)  loss_vfl_aux_1: 0.6375 (0.6375)  loss_vfl_aux_2: 0.5886 (0.5886)  loss_vfl_dn_0: 0.4952 (0.4952)  loss_vfl_dn_1: 0.4713 (0.4713)  loss_vfl_dn_2: 0.4646 (0.4646)  time: 4.2638  data: 2.9709  max mem: 5626
Epoch: [47]  [100/809]  eta: 0:11:06  lr: 0.000100  loss: 10.0305 (10.0521)  loss_bbox: 0.0962 (0.0928)  loss_bbox_aux_0: 0.1018 (0.0988)  loss_bbox_aux_1: 0.0980 (0.0944)  loss_bbox_aux_2: 0.1177 (0.1132)  loss_bbox_dn_0: 0.0524 (0.0560)  loss_bbox_dn_1: 0.0430 (0.0452)  loss_bbox_dn_2: 0.0423 (0.0439)  loss_giou: 0.9718 (0.9667)  loss_giou_aux_0: 1.0091 (0.9978)  loss_giou_aux_1: 0.9779 (0.9695)  loss_giou_aux_2: 1.0894 (1.0707)  loss_giou_dn_0: 0.7801 (0.7733)  loss_giou_dn_1: 0.6939 (0.6842)  loss_giou_dn_2: 0.6861 (0.6735)  loss_vfl: 0.4650 (0.4976)  loss_vfl_aux_0: 0.4785 (0.5100)  loss_vfl_aux_1: 0.4698 (0.5055)  loss_vfl_aux_2: 0.4862 (0.4958)  loss_vfl_dn_0: 0.4653 (0.4733)  loss_vfl_dn_1: 0.4407 (0.4478)  loss_vfl_dn_2: 0.4351 (0.4420)  time: 0.8938  data: 0.0425  max mem: 5626
Epoch: [47]  [200/809]  eta: 0:09:23  lr: 0.000100  loss: 9.8738 (10.0638)  loss_bbox: 0.0762 (0.0921)  loss_bbox_aux_0: 0.0790 (0.0983)  loss_bbox_aux_1: 0.0773 (0.0938)  loss_bbox_aux_2: 0.0936 (0.1125)  loss_bbox_dn_0: 0.0540 (0.0552)  loss_bbox_dn_1: 0.0430 (0.0449)  loss_bbox_dn_2: 0.0423 (0.0435)  loss_giou: 0.8876 (0.9720)  loss_giou_aux_0: 0.9095 (1.0035)  loss_giou_aux_1: 0.8812 (0.9757)  loss_giou_aux_2: 1.0143 (1.0718)  loss_giou_dn_0: 0.7472 (0.7754)  loss_giou_dn_1: 0.6680 (0.6870)  loss_giou_dn_2: 0.6612 (0.6760)  loss_vfl: 0.5220 (0.4975)  loss_vfl_aux_0: 0.5327 (0.5078)  loss_vfl_aux_1: 0.5283 (0.5036)  loss_vfl_aux_2: 0.5273 (0.4940)  loss_vfl_dn_0: 0.4741 (0.4721)  loss_vfl_dn_1: 0.4443 (0.4463)  loss_vfl_dn_2: 0.4373 (0.4407)  time: 0.9119  data: 0.0316  max mem: 5626
Epoch: [47]  [300/809]  eta: 0:07:48  lr: 0.000100  loss: 10.1649 (10.1036)  loss_bbox: 0.0882 (0.0926)  loss_bbox_aux_0: 0.0945 (0.0984)  loss_bbox_aux_1: 0.0876 (0.0943)  loss_bbox_aux_2: 0.1073 (0.1131)  loss_bbox_dn_0: 0.0472 (0.0551)  loss_bbox_dn_1: 0.0396 (0.0448)  loss_bbox_dn_2: 0.0384 (0.0434)  loss_giou: 0.9684 (0.9814)  loss_giou_aux_0: 1.0330 (1.0131)  loss_giou_aux_1: 0.9692 (0.9869)  loss_giou_aux_2: 1.0770 (1.0801)  loss_giou_dn_0: 0.7885 (0.7799)  loss_giou_dn_1: 0.6973 (0.6914)  loss_giou_dn_2: 0.6853 (0.6805)  loss_vfl: 0.4658 (0.4946)  loss_vfl_aux_0: 0.4707 (0.5050)  loss_vfl_aux_1: 0.4773 (0.5004)  loss_vfl_aux_2: 0.4640 (0.4899)  loss_vfl_dn_0: 0.4667 (0.4720)  loss_vfl_dn_1: 0.4430 (0.4460)  loss_vfl_dn_2: 0.4351 (0.4407)  time: 0.9631  data: 0.0393  max mem: 7085
Epoch: [47]  [400/809]  eta: 0:06:18  lr: 0.000100  loss: 10.0577 (10.1055)  loss_bbox: 0.0851 (0.0930)  loss_bbox_aux_0: 0.0900 (0.0985)  loss_bbox_aux_1: 0.0852 (0.0946)  loss_bbox_aux_2: 0.1024 (0.1128)  loss_bbox_dn_0: 0.0576 (0.0553)  loss_bbox_dn_1: 0.0470 (0.0451)  loss_bbox_dn_2: 0.0446 (0.0437)  loss_giou: 0.9615 (0.9811)  loss_giou_aux_0: 0.9907 (1.0130)  loss_giou_aux_1: 0.9612 (0.9868)  loss_giou_aux_2: 1.0699 (1.0806)  loss_giou_dn_0: 0.7660 (0.7776)  loss_giou_dn_1: 0.6979 (0.6902)  loss_giou_dn_2: 0.6822 (0.6794)  loss_vfl: 0.4948 (0.4956)  loss_vfl_aux_0: 0.5061 (0.5054)  loss_vfl_aux_1: 0.5032 (0.5012)  loss_vfl_aux_2: 0.4822 (0.4908)  loss_vfl_dn_0: 0.4717 (0.4726)  loss_vfl_dn_1: 0.4463 (0.4467)  loss_vfl_dn_2: 0.4435 (0.4415)  time: 0.9246  data: 0.0449  max mem: 7085
Epoch: [47]  [500/809]  eta: 0:04:44  lr: 0.000100  loss: 10.1087 (10.0747)  loss_bbox: 0.0866 (0.0922)  loss_bbox_aux_0: 0.0889 (0.0976)  loss_bbox_aux_1: 0.0895 (0.0937)  loss_bbox_aux_2: 0.1060 (0.1118)  loss_bbox_dn_0: 0.0570 (0.0554)  loss_bbox_dn_1: 0.0484 (0.0451)  loss_bbox_dn_2: 0.0467 (0.0437)  loss_giou: 0.9592 (0.9745)  loss_giou_aux_0: 1.0125 (1.0069)  loss_giou_aux_1: 0.9754 (0.9802)  loss_giou_aux_2: 1.0899 (1.0737)  loss_giou_dn_0: 0.7565 (0.7740)  loss_giou_dn_1: 0.6795 (0.6869)  loss_giou_dn_2: 0.6711 (0.6762)  loss_vfl: 0.5099 (0.4981)  loss_vfl_aux_0: 0.5095 (0.5075)  loss_vfl_aux_1: 0.5116 (0.5036)  loss_vfl_aux_2: 0.4938 (0.4929)  loss_vfl_dn_0: 0.4708 (0.4727)  loss_vfl_dn_1: 0.4421 (0.4465)  loss_vfl_dn_2: 0.4392 (0.4414)  time: 0.9299  data: 0.0312  max mem: 7085
Epoch: [47]  [600/809]  eta: 0:03:11  lr: 0.000100  loss: 10.1292 (10.0551)  loss_bbox: 0.0909 (0.0916)  loss_bbox_aux_0: 0.0970 (0.0970)  loss_bbox_aux_1: 0.0929 (0.0932)  loss_bbox_aux_2: 0.1144 (0.1110)  loss_bbox_dn_0: 0.0545 (0.0552)  loss_bbox_dn_1: 0.0436 (0.0450)  loss_bbox_dn_2: 0.0426 (0.0436)  loss_giou: 1.0013 (0.9695)  loss_giou_aux_0: 1.0142 (1.0025)  loss_giou_aux_1: 0.9987 (0.9753)  loss_giou_aux_2: 1.1079 (1.0696)  loss_giou_dn_0: 0.7788 (0.7724)  loss_giou_dn_1: 0.6891 (0.6855)  loss_giou_dn_2: 0.6796 (0.6747)  loss_vfl: 0.4751 (0.4997)  loss_vfl_aux_0: 0.4863 (0.5091)  loss_vfl_aux_1: 0.4761 (0.5050)  loss_vfl_aux_2: 0.4640 (0.4943)  loss_vfl_dn_0: 0.4689 (0.4729)  loss_vfl_dn_1: 0.4419 (0.4466)  loss_vfl_dn_2: 0.4397 (0.4414)  time: 0.8869  data: 0.0365  max mem: 7085
Epoch: [47]  [700/809]  eta: 0:01:39  lr: 0.000100  loss: 9.8069 (10.0336)  loss_bbox: 0.0784 (0.0906)  loss_bbox_aux_0: 0.0816 (0.0961)  loss_bbox_aux_1: 0.0774 (0.0922)  loss_bbox_aux_2: 0.0989 (0.1100)  loss_bbox_dn_0: 0.0541 (0.0552)  loss_bbox_dn_1: 0.0439 (0.0450)  loss_bbox_dn_2: 0.0427 (0.0436)  loss_giou: 0.8962 (0.9630)  loss_giou_aux_0: 0.9617 (0.9965)  loss_giou_aux_1: 0.9102 (0.9691)  loss_giou_aux_2: 1.0443 (1.0642)  loss_giou_dn_0: 0.7682 (0.7706)  loss_giou_dn_1: 0.6811 (0.6837)  loss_giou_dn_2: 0.6721 (0.6728)  loss_vfl: 0.5104 (0.5027)  loss_vfl_aux_0: 0.5033 (0.5121)  loss_vfl_aux_1: 0.5117 (0.5080)  loss_vfl_aux_2: 0.4954 (0.4972)  loss_vfl_dn_0: 0.4670 (0.4730)  loss_vfl_dn_1: 0.4434 (0.4466)  loss_vfl_dn_2: 0.4425 (0.4414)  time: 0.9685  data: 0.0439  max mem: 7085
Epoch: [47]  [800/809]  eta: 0:00:08  lr: 0.000100  loss: 9.8601 (10.0492)  loss_bbox: 0.0859 (0.0914)  loss_bbox_aux_0: 0.0921 (0.0969)  loss_bbox_aux_1: 0.0893 (0.0930)  loss_bbox_aux_2: 0.1088 (0.1108)  loss_bbox_dn_0: 0.0552 (0.0553)  loss_bbox_dn_1: 0.0466 (0.0451)  loss_bbox_dn_2: 0.0461 (0.0437)  loss_giou: 0.8924 (0.9665)  loss_giou_aux_0: 0.9150 (1.0006)  loss_giou_aux_1: 0.8951 (0.9725)  loss_giou_aux_2: 0.9812 (1.0678)  loss_giou_dn_0: 0.7580 (0.7712)  loss_giou_dn_1: 0.6620 (0.6846)  loss_giou_dn_2: 0.6569 (0.6738)  loss_vfl: 0.5238 (0.5016)  loss_vfl_aux_0: 0.5341 (0.5108)  loss_vfl_aux_1: 0.5273 (0.5069)  loss_vfl_aux_2: 0.5177 (0.4958)  loss_vfl_dn_0: 0.4664 (0.4728)  loss_vfl_dn_1: 0.4396 (0.4465)  loss_vfl_dn_2: 0.4368 (0.4414)  time: 0.8879  data: 0.0346  max mem: 7085
Epoch: [47]  [808/809]  eta: 0:00:00  lr: 0.000100  loss: 9.8190 (10.0517)  loss_bbox: 0.0925 (0.0915)  loss_bbox_aux_0: 0.0984 (0.0970)  loss_bbox_aux_1: 0.0920 (0.0931)  loss_bbox_aux_2: 0.1148 (0.1109)  loss_bbox_dn_0: 0.0480 (0.0554)  loss_bbox_dn_1: 0.0395 (0.0451)  loss_bbox_dn_2: 0.0386 (0.0437)  loss_giou: 0.8924 (0.9668)  loss_giou_aux_0: 0.9150 (1.0010)  loss_giou_aux_1: 0.8951 (0.9728)  loss_giou_aux_2: 0.9943 (1.0682)  loss_giou_dn_0: 0.7422 (0.7713)  loss_giou_dn_1: 0.6589 (0.6848)  loss_giou_dn_2: 0.6528 (0.6740)  loss_vfl: 0.5151 (0.5017)  loss_vfl_aux_0: 0.5046 (0.5108)  loss_vfl_aux_1: 0.5177 (0.5070)  loss_vfl_aux_2: 0.4955 (0.4958)  loss_vfl_dn_0: 0.4692 (0.4728)  loss_vfl_dn_1: 0.4480 (0.4466)  loss_vfl_dn_2: 0.4421 (0.4414)  time: 0.7658  data: 0.0309  max mem: 7085
Epoch: [47] Total time: 0:12:14 (0.9082 s / it)
Averaged stats: lr: 0.000100  loss: 9.8190 (10.0517)  loss_bbox: 0.0925 (0.0915)  loss_bbox_aux_0: 0.0984 (0.0970)  loss_bbox_aux_1: 0.0920 (0.0931)  loss_bbox_aux_2: 0.1148 (0.1109)  loss_bbox_dn_0: 0.0480 (0.0554)  loss_bbox_dn_1: 0.0395 (0.0451)  loss_bbox_dn_2: 0.0386 (0.0437)  loss_giou: 0.8924 (0.9668)  loss_giou_aux_0: 0.9150 (1.0010)  loss_giou_aux_1: 0.8951 (0.9728)  loss_giou_aux_2: 0.9943 (1.0682)  loss_giou_dn_0: 0.7422 (0.7713)  loss_giou_dn_1: 0.6589 (0.6848)  loss_giou_dn_2: 0.6528 (0.6740)  loss_vfl: 0.5151 (0.5017)  loss_vfl_aux_0: 0.5046 (0.5108)  loss_vfl_aux_1: 0.5177 (0.5070)  loss_vfl_aux_2: 0.4955 (0.4958)  loss_vfl_dn_0: 0.4692 (0.4728)  loss_vfl_dn_1: 0.4480 (0.4466)  loss_vfl_dn_2: 0.4421 (0.4414)
Test:  [ 0/69]  eta: 0:01:16    time: 1.1100  data: 0.5412  max mem: 7085
Test:  [10/69]  eta: 0:00:36    time: 0.6237  data: 0.0681  max mem: 7085
Test:  [20/69]  eta: 0:00:33    time: 0.6544  data: 0.0210  max mem: 7085
Test:  [30/69]  eta: 0:00:24    time: 0.6474  data: 0.0213  max mem: 7085
Test:  [40/69]  eta: 0:00:17    time: 0.5571  data: 0.0210  max mem: 7085
Test:  [50/69]  eta: 0:00:11    time: 0.5259  data: 0.0201  max mem: 7085
Test:  [60/69]  eta: 0:00:05    time: 0.4926  data: 0.0200  max mem: 7085
Test:  [68/69]  eta: 0:00:00    time: 0.5061  data: 0.0191  max mem: 7085
Test: Total time: 0:00:39 (0.5736 s / it)
Averaged stats: 
Accumulating evaluation results...
DONE (t=1.97s).
IoU metric: bbox
 Average Precision  (AP) @[ IoU=0.50:0.95 | area=   all | maxDets=100 ] = 0.221
 Average Precision  (AP) @[ IoU=0.50      | area=   all | maxDets=100 ] = 0.364
 Average Precision  (AP) @[ IoU=0.75      | area=   all | maxDets=100 ] = 0.226
 Average Precision  (AP) @[ IoU=0.50:0.95 | area= small | maxDets=100 ] = 0.141
 Average Precision  (AP) @[ IoU=0.50:0.95 | area=medium | maxDets=100 ] = 0.312
 Average Precision  (AP) @[ IoU=0.50:0.95 | area= large | maxDets=100 ] = 0.396
 Average Recall     (AR) @[ IoU=0.50:0.95 | area=   all | maxDets=  1 ] = 0.099
 Average Recall     (AR) @[ IoU=0.50:0.95 | area=   all | maxDets= 10 ] = 0.279
 Average Recall     (AR) @[ IoU=0.50:0.95 | area=   all | maxDets=100 ] = 0.375
 Average Recall     (AR) @[ IoU=0.50:0.95 | area= small | maxDets=100 ] = 0.282
 Average Recall     (AR) @[ IoU=0.50:0.95 | area=medium | maxDets=100 ] = 0.497
 Average Recall     (AR) @[ IoU=0.50:0.95 | area= large | maxDets=100 ] = 0.609
best_stat:  {'epoch': 47, 'coco_eval_bbox': 0.22051768892068352}
Epoch: [48]  [  0/809]  eta: 1:08:01  lr: 0.000100  loss: 9.3190 (9.3190)  loss_bbox: 0.0860 (0.0860)  loss_bbox_aux_0: 0.0846 (0.0846)  loss_bbox_aux_1: 0.0860 (0.0860)  loss_bbox_aux_2: 0.0964 (0.0964)  loss_bbox_dn_0: 0.0671 (0.0671)  loss_bbox_dn_1: 0.0570 (0.0570)  loss_bbox_dn_2: 0.0557 (0.0557)  loss_giou: 0.7326 (0.7326)  loss_giou_aux_0: 0.7594 (0.7594)  loss_giou_aux_1: 0.7407 (0.7407)  loss_giou_aux_2: 0.8250 (0.8250)  loss_giou_dn_0: 0.6845 (0.6845)  loss_giou_dn_1: 0.5868 (0.5868)  loss_giou_dn_2: 0.5743 (0.5743)  loss_vfl: 0.6110 (0.6110)  loss_vfl_aux_0: 0.6287 (0.6287)  loss_vfl_aux_1: 0.6229 (0.6229)  loss_vfl_aux_2: 0.6323 (0.6323)  loss_vfl_dn_0: 0.4815 (0.4815)  loss_vfl_dn_1: 0.4571 (0.4571)  loss_vfl_dn_2: 0.4494 (0.4494)  time: 5.0448  data: 3.7106  max mem: 7085
Epoch: [48]  [100/809]  eta: 0:11:07  lr: 0.000100  loss: 9.9177 (9.9909)  loss_bbox: 0.0824 (0.0900)  loss_bbox_aux_0: 0.0864 (0.0951)  loss_bbox_aux_1: 0.0804 (0.0915)  loss_bbox_aux_2: 0.0950 (0.1069)  loss_bbox_dn_0: 0.0545 (0.0546)  loss_bbox_dn_1: 0.0425 (0.0441)  loss_bbox_dn_2: 0.0414 (0.0429)  loss_giou: 0.9291 (0.9523)  loss_giou_aux_0: 0.9492 (0.9874)  loss_giou_aux_1: 0.9295 (0.9599)  loss_giou_aux_2: 1.0334 (1.0587)  loss_giou_dn_0: 0.7706 (0.7669)  loss_giou_dn_1: 0.6835 (0.6788)  loss_giou_dn_2: 0.6689 (0.6678)  loss_vfl: 0.5173 (0.5083)  loss_vfl_aux_0: 0.5088 (0.5171)  loss_vfl_aux_1: 0.5114 (0.5129)  loss_vfl_aux_2: 0.5125 (0.4984)  loss_vfl_dn_0: 0.4686 (0.4707)  loss_vfl_dn_1: 0.4427 (0.4457)  loss_vfl_dn_2: 0.4368 (0.4410)  time: 0.8924  data: 0.0349  max mem: 7085
Epoch: [48]  [200/809]  eta: 0:09:27  lr: 0.000100  loss: 10.0878 (9.9709)  loss_bbox: 0.0934 (0.0903)  loss_bbox_aux_0: 0.0986 (0.0961)  loss_bbox_aux_1: 0.0958 (0.0920)  loss_bbox_aux_2: 0.1129 (0.1091)  loss_bbox_dn_0: 0.0517 (0.0558)  loss_bbox_dn_1: 0.0424 (0.0454)  loss_bbox_dn_2: 0.0411 (0.0441)  loss_giou: 0.9647 (0.9424)  loss_giou_aux_0: 1.0060 (0.9791)  loss_giou_aux_1: 0.9742 (0.9510)  loss_giou_aux_2: 1.0310 (1.0498)  loss_giou_dn_0: 0.7819 (0.7625)  loss_giou_dn_1: 0.7045 (0.6755)  loss_giou_dn_2: 0.6879 (0.6641)  loss_vfl: 0.5303 (0.5118)  loss_vfl_aux_0: 0.5337 (0.5210)  loss_vfl_aux_1: 0.5374 (0.5164)  loss_vfl_aux_2: 0.4955 (0.5037)  loss_vfl_dn_0: 0.4752 (0.4724)  loss_vfl_dn_1: 0.4456 (0.4466)  loss_vfl_dn_2: 0.4462 (0.4419)  time: 0.9418  data: 0.0459  max mem: 7085
Epoch: [48]  [300/809]  eta: 0:07:52  lr: 0.000100  loss: 9.8746 (10.0094)  loss_bbox: 0.0844 (0.0911)  loss_bbox_aux_0: 0.0883 (0.0968)  loss_bbox_aux_1: 0.0858 (0.0927)  loss_bbox_aux_2: 0.1030 (0.1096)  loss_bbox_dn_0: 0.0546 (0.0549)  loss_bbox_dn_1: 0.0450 (0.0448)  loss_bbox_dn_2: 0.0434 (0.0435)  loss_giou: 0.9170 (0.9520)  loss_giou_aux_0: 0.9841 (0.9904)  loss_giou_aux_1: 0.9329 (0.9608)  loss_giou_aux_2: 1.0200 (1.0584)  loss_giou_dn_0: 0.7580 (0.7671)  loss_giou_dn_1: 0.6742 (0.6809)  loss_giou_dn_2: 0.6604 (0.6694)  loss_vfl: 0.5068 (0.5078)  loss_vfl_aux_0: 0.5080 (0.5165)  loss_vfl_aux_1: 0.5083 (0.5126)  loss_vfl_aux_2: 0.5023 (0.5003)  loss_vfl_dn_0: 0.4739 (0.4718)  loss_vfl_dn_1: 0.4482 (0.4462)  loss_vfl_dn_2: 0.4491 (0.4418)  time: 0.9726  data: 0.0483  max mem: 7085
Epoch: [48]  [400/809]  eta: 0:06:21  lr: 0.000100  loss: 9.9425 (10.0282)  loss_bbox: 0.0836 (0.0919)  loss_bbox_aux_0: 0.0892 (0.0978)  loss_bbox_aux_1: 0.0827 (0.0934)  loss_bbox_aux_2: 0.1040 (0.1106)  loss_bbox_dn_0: 0.0543 (0.0548)  loss_bbox_dn_1: 0.0415 (0.0446)  loss_bbox_dn_2: 0.0408 (0.0432)  loss_giou: 0.9571 (0.9590)  loss_giou_aux_0: 0.9813 (0.9978)  loss_giou_aux_1: 0.9637 (0.9680)  loss_giou_aux_2: 1.0395 (1.0653)  loss_giou_dn_0: 0.7726 (0.7695)  loss_giou_dn_1: 0.6808 (0.6826)  loss_giou_dn_2: 0.6720 (0.6713)  loss_vfl: 0.4612 (0.5036)  loss_vfl_aux_0: 0.4768 (0.5121)  loss_vfl_aux_1: 0.4725 (0.5085)  loss_vfl_aux_2: 0.4730 (0.4968)  loss_vfl_dn_0: 0.4696 (0.4711)  loss_vfl_dn_1: 0.4366 (0.4455)  loss_vfl_dn_2: 0.4346 (0.4410)  time: 0.9491  data: 0.0409  max mem: 7085
Epoch: [48]  [500/809]  eta: 0:04:47  lr: 0.000100  loss: 9.5114 (10.0381)  loss_bbox: 0.0788 (0.0927)  loss_bbox_aux_0: 0.0827 (0.0987)  loss_bbox_aux_1: 0.0802 (0.0943)  loss_bbox_aux_2: 0.0899 (0.1117)  loss_bbox_dn_0: 0.0529 (0.0551)  loss_bbox_dn_1: 0.0441 (0.0449)  loss_bbox_dn_2: 0.0430 (0.0435)  loss_giou: 0.8602 (0.9605)  loss_giou_aux_0: 0.8846 (0.9985)  loss_giou_aux_1: 0.8654 (0.9694)  loss_giou_aux_2: 0.9542 (1.0654)  loss_giou_dn_0: 0.7286 (0.7702)  loss_giou_dn_1: 0.6492 (0.6834)  loss_giou_dn_2: 0.6287 (0.6720)  loss_vfl: 0.5217 (0.5031)  loss_vfl_aux_0: 0.5308 (0.5122)  loss_vfl_aux_1: 0.5238 (0.5077)  loss_vfl_aux_2: 0.5312 (0.4973)  loss_vfl_dn_0: 0.4734 (0.4710)  loss_vfl_dn_1: 0.4442 (0.4455)  loss_vfl_dn_2: 0.4417 (0.4409)  time: 0.9353  data: 0.0428  max mem: 7085
Epoch: [48]  [600/809]  eta: 0:03:13  lr: 0.000100  loss: 10.2399 (10.0669)  loss_bbox: 0.0912 (0.0938)  loss_bbox_aux_0: 0.0960 (0.1000)  loss_bbox_aux_1: 0.0924 (0.0954)  loss_bbox_aux_2: 0.1127 (0.1132)  loss_bbox_dn_0: 0.0497 (0.0551)  loss_bbox_dn_1: 0.0405 (0.0449)  loss_bbox_dn_2: 0.0391 (0.0436)  loss_giou: 0.9551 (0.9669)  loss_giou_aux_0: 0.9856 (1.0043)  loss_giou_aux_1: 0.9603 (0.9760)  loss_giou_aux_2: 1.0532 (1.0708)  loss_giou_dn_0: 0.7860 (0.7714)  loss_giou_dn_1: 0.6873 (0.6853)  loss_giou_dn_2: 0.6756 (0.6742)  loss_vfl: 0.4840 (0.5018)  loss_vfl_aux_0: 0.4993 (0.5106)  loss_vfl_aux_1: 0.4924 (0.5064)  loss_vfl_aux_2: 0.4843 (0.4957)  loss_vfl_dn_0: 0.4634 (0.4708)  loss_vfl_dn_1: 0.4407 (0.4456)  loss_vfl_dn_2: 0.4378 (0.4409)  time: 0.9174  data: 0.0394  max mem: 7085
Epoch: [48]  [700/809]  eta: 0:01:40  lr: 0.000100  loss: 9.7385 (10.0638)  loss_bbox: 0.0785 (0.0935)  loss_bbox_aux_0: 0.0813 (0.0996)  loss_bbox_aux_1: 0.0798 (0.0952)  loss_bbox_aux_2: 0.0972 (0.1130)  loss_bbox_dn_0: 0.0511 (0.0550)  loss_bbox_dn_1: 0.0415 (0.0449)  loss_bbox_dn_2: 0.0398 (0.0435)  loss_giou: 0.8964 (0.9665)  loss_giou_aux_0: 0.9109 (1.0035)  loss_giou_aux_1: 0.9114 (0.9754)  loss_giou_aux_2: 1.0124 (1.0707)  loss_giou_dn_0: 0.7603 (0.7709)  loss_giou_dn_1: 0.6750 (0.6848)  loss_giou_dn_2: 0.6589 (0.6738)  loss_vfl: 0.5015 (0.5021)  loss_vfl_aux_0: 0.5198 (0.5110)  loss_vfl_aux_1: 0.5120 (0.5066)  loss_vfl_aux_2: 0.5073 (0.4957)  loss_vfl_dn_0: 0.4672 (0.4711)  loss_vfl_dn_1: 0.4415 (0.4459)  loss_vfl_dn_2: 0.4388 (0.4411)  time: 0.9164  data: 0.0509  max mem: 7085
Epoch: [48]  [800/809]  eta: 0:00:08  lr: 0.000100  loss: 9.5246 (10.0504)  loss_bbox: 0.0761 (0.0927)  loss_bbox_aux_0: 0.0791 (0.0986)  loss_bbox_aux_1: 0.0768 (0.0944)  loss_bbox_aux_2: 0.0914 (0.1120)  loss_bbox_dn_0: 0.0512 (0.0550)  loss_bbox_dn_1: 0.0424 (0.0448)  loss_bbox_dn_2: 0.0412 (0.0435)  loss_giou: 0.8165 (0.9640)  loss_giou_aux_0: 0.8692 (1.0009)  loss_giou_aux_1: 0.8278 (0.9729)  loss_giou_aux_2: 0.9619 (1.0690)  loss_giou_dn_0: 0.7409 (0.7700)  loss_giou_dn_1: 0.6578 (0.6841)  loss_giou_dn_2: 0.6460 (0.6730)  loss_vfl: 0.5040 (0.5024)  loss_vfl_aux_0: 0.5172 (0.5116)  loss_vfl_aux_1: 0.5071 (0.5071)  loss_vfl_aux_2: 0.5160 (0.4963)  loss_vfl_dn_0: 0.4751 (0.4713)  loss_vfl_dn_1: 0.4448 (0.4458)  loss_vfl_dn_2: 0.4418 (0.4410)  time: 0.9167  data: 0.0401  max mem: 7085
Epoch: [48]  [808/809]  eta: 0:00:00  lr: 0.000100  loss: 10.0525 (10.0513)  loss_bbox: 0.0882 (0.0928)  loss_bbox_aux_0: 0.0905 (0.0987)  loss_bbox_aux_1: 0.0890 (0.0945)  loss_bbox_aux_2: 0.0997 (0.1121)  loss_bbox_dn_0: 0.0497 (0.0550)  loss_bbox_dn_1: 0.0424 (0.0448)  loss_bbox_dn_2: 0.0412 (0.0435)  loss_giou: 0.9555 (0.9646)  loss_giou_aux_0: 0.9928 (1.0015)  loss_giou_aux_1: 0.9651 (0.9735)  loss_giou_aux_2: 1.0398 (1.0696)  loss_giou_dn_0: 0.7761 (0.7700)  loss_giou_dn_1: 0.7024 (0.6842)  loss_giou_dn_2: 0.6850 (0.6731)  loss_vfl: 0.4847 (0.5019)  loss_vfl_aux_0: 0.4822 (0.5112)  loss_vfl_aux_1: 0.4926 (0.5066)  loss_vfl_aux_2: 0.4706 (0.4958)  loss_vfl_dn_0: 0.4729 (0.4713)  loss_vfl_dn_1: 0.4446 (0.4458)  loss_vfl_dn_2: 0.4399 (0.4410)  time: 0.7717  data: 0.0335  max mem: 7085
Epoch: [48] Total time: 0:12:25 (0.9218 s / it)
Averaged stats: lr: 0.000100  loss: 10.0525 (10.0513)  loss_bbox: 0.0882 (0.0928)  loss_bbox_aux_0: 0.0905 (0.0987)  loss_bbox_aux_1: 0.0890 (0.0945)  loss_bbox_aux_2: 0.0997 (0.1121)  loss_bbox_dn_0: 0.0497 (0.0550)  loss_bbox_dn_1: 0.0424 (0.0448)  loss_bbox_dn_2: 0.0412 (0.0435)  loss_giou: 0.9555 (0.9646)  loss_giou_aux_0: 0.9928 (1.0015)  loss_giou_aux_1: 0.9651 (0.9735)  loss_giou_aux_2: 1.0398 (1.0696)  loss_giou_dn_0: 0.7761 (0.7700)  loss_giou_dn_1: 0.7024 (0.6842)  loss_giou_dn_2: 0.6850 (0.6731)  loss_vfl: 0.4847 (0.5019)  loss_vfl_aux_0: 0.4822 (0.5112)  loss_vfl_aux_1: 0.4926 (0.5066)  loss_vfl_aux_2: 0.4706 (0.4958)  loss_vfl_dn_0: 0.4729 (0.4713)  loss_vfl_dn_1: 0.4446 (0.4458)  loss_vfl_dn_2: 0.4399 (0.4410)
Test:  [ 0/69]  eta: 0:01:38    time: 1.4206  data: 0.8329  max mem: 7085
Test:  [10/69]  eta: 0:00:39    time: 0.6684  data: 0.0925  max mem: 7085
Test:  [20/69]  eta: 0:00:31    time: 0.6067  data: 0.0200  max mem: 7085
Test:  [30/69]  eta: 0:00:25    time: 0.6323  data: 0.0210  max mem: 7085
Test:  [40/69]  eta: 0:00:18    time: 0.6053  data: 0.0200  max mem: 7085
Test:  [50/69]  eta: 0:00:11    time: 0.5250  data: 0.0199  max mem: 7085
Test:  [60/69]  eta: 0:00:05    time: 0.4932  data: 0.0205  max mem: 7085
Test:  [68/69]  eta: 0:00:00    time: 0.5112  data: 0.0204  max mem: 7085
Test: Total time: 0:00:39 (0.5785 s / it)
Averaged stats: 
Accumulating evaluation results...
DONE (t=1.97s).
IoU metric: bbox
 Average Precision  (AP) @[ IoU=0.50:0.95 | area=   all | maxDets=100 ] = 0.222
 Average Precision  (AP) @[ IoU=0.50      | area=   all | maxDets=100 ] = 0.365
 Average Precision  (AP) @[ IoU=0.75      | area=   all | maxDets=100 ] = 0.228
 Average Precision  (AP) @[ IoU=0.50:0.95 | area= small | maxDets=100 ] = 0.142
 Average Precision  (AP) @[ IoU=0.50:0.95 | area=medium | maxDets=100 ] = 0.314
 Average Precision  (AP) @[ IoU=0.50:0.95 | area= large | maxDets=100 ] = 0.402
 Average Recall     (AR) @[ IoU=0.50:0.95 | area=   all | maxDets=  1 ] = 0.098
 Average Recall     (AR) @[ IoU=0.50:0.95 | area=   all | maxDets= 10 ] = 0.279
 Average Recall     (AR) @[ IoU=0.50:0.95 | area=   all | maxDets=100 ] = 0.376
 Average Recall     (AR) @[ IoU=0.50:0.95 | area= small | maxDets=100 ] = 0.284
 Average Recall     (AR) @[ IoU=0.50:0.95 | area=medium | maxDets=100 ] = 0.498
 Average Recall     (AR) @[ IoU=0.50:0.95 | area= large | maxDets=100 ] = 0.608
best_stat:  {'epoch': 48, 'coco_eval_bbox': 0.2217033580991478}
Epoch: [49]  [  0/809]  eta: 1:08:52  lr: 0.000100  loss: 10.8841 (10.8841)  loss_bbox: 0.0911 (0.0911)  loss_bbox_aux_0: 0.0981 (0.0981)  loss_bbox_aux_1: 0.0961 (0.0961)  loss_bbox_aux_2: 0.1157 (0.1157)  loss_bbox_dn_0: 0.0366 (0.0366)  loss_bbox_dn_1: 0.0290 (0.0290)  loss_bbox_dn_2: 0.0280 (0.0280)  loss_giou: 1.2123 (1.2123)  loss_giou_aux_0: 1.2422 (1.2422)  loss_giou_aux_1: 1.2224 (1.2224)  loss_giou_aux_2: 1.2315 (1.2315)  loss_giou_dn_0: 0.8244 (0.8244)  loss_giou_dn_1: 0.7539 (0.7539)  loss_giou_dn_2: 0.7467 (0.7467)  loss_vfl: 0.4619 (0.4619)  loss_vfl_aux_0: 0.4458 (0.4458)  loss_vfl_aux_1: 0.4623 (0.4623)  loss_vfl_aux_2: 0.4136 (0.4136)  loss_vfl_dn_0: 0.4789 (0.4789)  loss_vfl_dn_1: 0.4502 (0.4502)  loss_vfl_dn_2: 0.4435 (0.4435)  time: 5.1078  data: 3.7595  max mem: 7085
Epoch: [49]  [100/809]  eta: 0:11:21  lr: 0.000100  loss: 9.9418 (9.9540)  loss_bbox: 0.0906 (0.0892)  loss_bbox_aux_0: 0.0945 (0.0939)  loss_bbox_aux_1: 0.0907 (0.0911)  loss_bbox_aux_2: 0.1033 (0.1086)  loss_bbox_dn_0: 0.0574 (0.0552)  loss_bbox_dn_1: 0.0455 (0.0447)  loss_bbox_dn_2: 0.0423 (0.0433)  loss_giou: 0.9642 (0.9482)  loss_giou_aux_0: 1.0102 (0.9852)  loss_giou_aux_1: 0.9708 (0.9563)  loss_giou_aux_2: 1.0639 (1.0529)  loss_giou_dn_0: 0.7743 (0.7610)  loss_giou_dn_1: 0.6840 (0.6736)  loss_giou_dn_2: 0.6739 (0.6631)  loss_vfl: 0.4862 (0.5081)  loss_vfl_aux_0: 0.4841 (0.5155)  loss_vfl_aux_1: 0.4861 (0.5128)  loss_vfl_aux_2: 0.4928 (0.5003)  loss_vfl_dn_0: 0.4655 (0.4698)  loss_vfl_dn_1: 0.4452 (0.4434)  loss_vfl_dn_2: 0.4371 (0.4377)  time: 0.8953  data: 0.0346  max mem: 7085
Epoch: [49]  [200/809]  eta: 0:09:35  lr: 0.000100  loss: 10.0017 (9.9926)  loss_bbox: 0.0741 (0.0894)  loss_bbox_aux_0: 0.0816 (0.0942)  loss_bbox_aux_1: 0.0766 (0.0912)  loss_bbox_aux_2: 0.1001 (0.1087)  loss_bbox_dn_0: 0.0552 (0.0558)  loss_bbox_dn_1: 0.0437 (0.0452)  loss_bbox_dn_2: 0.0420 (0.0437)  loss_giou: 0.8963 (0.9529)  loss_giou_aux_0: 0.9248 (0.9891)  loss_giou_aux_1: 0.9092 (0.9619)  loss_giou_aux_2: 1.0020 (1.0572)  loss_giou_dn_0: 0.7656 (0.7704)  loss_giou_dn_1: 0.6685 (0.6830)  loss_giou_dn_2: 0.6611 (0.6720)  loss_vfl: 0.5134 (0.5044)  loss_vfl_aux_0: 0.5289 (0.5134)  loss_vfl_aux_1: 0.5244 (0.5091)  loss_vfl_aux_2: 0.5116 (0.4987)  loss_vfl_dn_0: 0.4733 (0.4696)  loss_vfl_dn_1: 0.4397 (0.4439)  loss_vfl_dn_2: 0.4331 (0.4385)  time: 0.9159  data: 0.0390  max mem: 7085
Epoch: [49]  [300/809]  eta: 0:07:53  lr: 0.000100  loss: 9.8260 (9.9879)  loss_bbox: 0.0825 (0.0889)  loss_bbox_aux_0: 0.0842 (0.0935)  loss_bbox_aux_1: 0.0845 (0.0905)  loss_bbox_aux_2: 0.0988 (0.1080)  loss_bbox_dn_0: 0.0543 (0.0554)  loss_bbox_dn_1: 0.0434 (0.0449)  loss_bbox_dn_2: 0.0421 (0.0435)  loss_giou: 0.8904 (0.9497)  loss_giou_aux_0: 0.9302 (0.9849)  loss_giou_aux_1: 0.9051 (0.9586)  loss_giou_aux_2: 0.9991 (1.0573)  loss_giou_dn_0: 0.7543 (0.7687)  loss_giou_dn_1: 0.6699 (0.6816)  loss_giou_dn_2: 0.6545 (0.6705)  loss_vfl: 0.5134 (0.5073)  loss_vfl_aux_0: 0.5319 (0.5168)  loss_vfl_aux_1: 0.5161 (0.5123)  loss_vfl_aux_2: 0.5225 (0.4999)  loss_vfl_dn_0: 0.4707 (0.4708)  loss_vfl_dn_1: 0.4501 (0.4450)  loss_vfl_dn_2: 0.4443 (0.4398)  time: 0.8697  data: 0.0327  max mem: 7085
Epoch: [49]  [400/809]  eta: 0:06:18  lr: 0.000100  loss: 9.9687 (9.9870)  loss_bbox: 0.0822 (0.0889)  loss_bbox_aux_0: 0.0929 (0.0935)  loss_bbox_aux_1: 0.0837 (0.0904)  loss_bbox_aux_2: 0.1045 (0.1079)  loss_bbox_dn_0: 0.0514 (0.0552)  loss_bbox_dn_1: 0.0413 (0.0448)  loss_bbox_dn_2: 0.0408 (0.0434)  loss_giou: 0.9764 (0.9497)  loss_giou_aux_0: 0.9899 (0.9841)  loss_giou_aux_1: 0.9714 (0.9592)  loss_giou_aux_2: 1.0414 (1.0573)  loss_giou_dn_0: 0.7769 (0.7686)  loss_giou_dn_1: 0.6830 (0.6817)  loss_giou_dn_2: 0.6793 (0.6706)  loss_vfl: 0.4961 (0.5069)  loss_vfl_aux_0: 0.5160 (0.5170)  loss_vfl_aux_1: 0.5061 (0.5123)  loss_vfl_aux_2: 0.4998 (0.4991)  loss_vfl_dn_0: 0.4683 (0.4711)  loss_vfl_dn_1: 0.4399 (0.4453)  loss_vfl_dn_2: 0.4391 (0.4401)  time: 0.9010  data: 0.0386  max mem: 7085
Epoch: [49]  [500/809]  eta: 0:04:45  lr: 0.000100  loss: 9.8996 (10.0104)  loss_bbox: 0.0847 (0.0896)  loss_bbox_aux_0: 0.0930 (0.0943)  loss_bbox_aux_1: 0.0859 (0.0910)  loss_bbox_aux_2: 0.1049 (0.1086)  loss_bbox_dn_0: 0.0517 (0.0553)  loss_bbox_dn_1: 0.0439 (0.0449)  loss_bbox_dn_2: 0.0415 (0.0436)  loss_giou: 0.9335 (0.9540)  loss_giou_aux_0: 0.9604 (0.9885)  loss_giou_aux_1: 0.9319 (0.9638)  loss_giou_aux_2: 1.0207 (1.0621)  loss_giou_dn_0: 0.7613 (0.7706)  loss_giou_dn_1: 0.6751 (0.6834)  loss_giou_dn_2: 0.6672 (0.6726)  loss_vfl: 0.5361 (0.5059)  loss_vfl_aux_0: 0.5364 (0.5158)  loss_vfl_aux_1: 0.5436 (0.5113)  loss_vfl_aux_2: 0.5117 (0.4982)  loss_vfl_dn_0: 0.4690 (0.4711)  loss_vfl_dn_1: 0.4425 (0.4456)  loss_vfl_dn_2: 0.4382 (0.4403)  time: 0.9324  data: 0.0332  max mem: 7085
Epoch: [49]  [600/809]  eta: 0:03:11  lr: 0.000100  loss: 10.0591 (10.0341)  loss_bbox: 0.0920 (0.0907)  loss_bbox_aux_0: 0.0969 (0.0957)  loss_bbox_aux_1: 0.0933 (0.0921)  loss_bbox_aux_2: 0.1126 (0.1100)  loss_bbox_dn_0: 0.0491 (0.0548)  loss_bbox_dn_1: 0.0404 (0.0446)  loss_bbox_dn_2: 0.0388 (0.0432)  loss_giou: 1.0050 (0.9607)  loss_giou_aux_0: 1.0408 (0.9952)  loss_giou_aux_1: 1.0089 (0.9708)  loss_giou_aux_2: 1.0970 (1.0688)  loss_giou_dn_0: 0.7807 (0.7707)  loss_giou_dn_1: 0.6948 (0.6839)  loss_giou_dn_2: 0.6880 (0.6731)  loss_vfl: 0.4739 (0.5038)  loss_vfl_aux_0: 0.4750 (0.5136)  loss_vfl_aux_1: 0.4708 (0.5091)  loss_vfl_aux_2: 0.4539 (0.4961)  loss_vfl_dn_0: 0.4647 (0.4713)  loss_vfl_dn_1: 0.4413 (0.4457)  loss_vfl_dn_2: 0.4381 (0.4405)  time: 0.8911  data: 0.0302  max mem: 7085
Epoch: [49]  [700/809]  eta: 0:01:39  lr: 0.000100  loss: 10.2249 (10.0436)  loss_bbox: 0.0849 (0.0920)  loss_bbox_aux_0: 0.0912 (0.0972)  loss_bbox_aux_1: 0.0891 (0.0934)  loss_bbox_aux_2: 0.1084 (0.1113)  loss_bbox_dn_0: 0.0588 (0.0551)  loss_bbox_dn_1: 0.0486 (0.0448)  loss_bbox_dn_2: 0.0472 (0.0435)  loss_giou: 0.9782 (0.9621)  loss_giou_aux_0: 1.0405 (0.9970)  loss_giou_aux_1: 0.9849 (0.9721)  loss_giou_aux_2: 1.0909 (1.0698)  loss_giou_dn_0: 0.7789 (0.7698)  loss_giou_dn_1: 0.6935 (0.6834)  loss_giou_dn_2: 0.6852 (0.6725)  loss_vfl: 0.4886 (0.5036)  loss_vfl_aux_0: 0.5004 (0.5128)  loss_vfl_aux_1: 0.4917 (0.5089)  loss_vfl_aux_2: 0.4852 (0.4959)  loss_vfl_dn_0: 0.4727 (0.4717)  loss_vfl_dn_1: 0.4468 (0.4460)  loss_vfl_dn_2: 0.4424 (0.4408)  time: 0.9103  data: 0.0411  max mem: 7085
Epoch: [49]  [800/809]  eta: 0:00:08  lr: 0.000100  loss: 10.0993 (10.0319)  loss_bbox: 0.0951 (0.0920)  loss_bbox_aux_0: 0.1003 (0.0972)  loss_bbox_aux_1: 0.0981 (0.0934)  loss_bbox_aux_2: 0.1126 (0.1114)  loss_bbox_dn_0: 0.0514 (0.0552)  loss_bbox_dn_1: 0.0410 (0.0449)  loss_bbox_dn_2: 0.0407 (0.0436)  loss_giou: 0.9738 (0.9594)  loss_giou_aux_0: 0.9902 (0.9947)  loss_giou_aux_1: 0.9758 (0.9695)  loss_giou_aux_2: 1.0467 (1.0674)  loss_giou_dn_0: 0.7672 (0.7690)  loss_giou_dn_1: 0.6715 (0.6824)  loss_giou_dn_2: 0.6608 (0.6714)  loss_vfl: 0.4852 (0.5036)  loss_vfl_aux_0: 0.4827 (0.5129)  loss_vfl_aux_1: 0.4976 (0.5090)  loss_vfl_aux_2: 0.4731 (0.4962)  loss_vfl_dn_0: 0.4698 (0.4717)  loss_vfl_dn_1: 0.4504 (0.4460)  loss_vfl_dn_2: 0.4458 (0.4408)  time: 0.8746  data: 0.0381  max mem: 7085
Epoch: [49]  [808/809]  eta: 0:00:00  lr: 0.000100  loss: 10.1719 (10.0361)  loss_bbox: 0.1015 (0.0922)  loss_bbox_aux_0: 0.1033 (0.0975)  loss_bbox_aux_1: 0.1005 (0.0936)  loss_bbox_aux_2: 0.1193 (0.1116)  loss_bbox_dn_0: 0.0583 (0.0553)  loss_bbox_dn_1: 0.0440 (0.0450)  loss_bbox_dn_2: 0.0429 (0.0436)  loss_giou: 0.9841 (0.9602)  loss_giou_aux_0: 1.0174 (0.9955)  loss_giou_aux_1: 0.9921 (0.9703)  loss_giou_aux_2: 1.0639 (1.0682)  loss_giou_dn_0: 0.7667 (0.7692)  loss_giou_dn_1: 0.6692 (0.6825)  loss_giou_dn_2: 0.6574 (0.6715)  loss_vfl: 0.4852 (0.5034)  loss_vfl_aux_0: 0.5045 (0.5129)  loss_vfl_aux_1: 0.4985 (0.5089)  loss_vfl_aux_2: 0.4869 (0.4961)  loss_vfl_dn_0: 0.4720 (0.4717)  loss_vfl_dn_1: 0.4525 (0.4461)  loss_vfl_dn_2: 0.4458 (0.4409)  time: 0.7507  data: 0.0318  max mem: 7085
Epoch: [49] Total time: 0:12:15 (0.9091 s / it)
Averaged stats: lr: 0.000100  loss: 10.1719 (10.0361)  loss_bbox: 0.1015 (0.0922)  loss_bbox_aux_0: 0.1033 (0.0975)  loss_bbox_aux_1: 0.1005 (0.0936)  loss_bbox_aux_2: 0.1193 (0.1116)  loss_bbox_dn_0: 0.0583 (0.0553)  loss_bbox_dn_1: 0.0440 (0.0450)  loss_bbox_dn_2: 0.0429 (0.0436)  loss_giou: 0.9841 (0.9602)  loss_giou_aux_0: 1.0174 (0.9955)  loss_giou_aux_1: 0.9921 (0.9703)  loss_giou_aux_2: 1.0639 (1.0682)  loss_giou_dn_0: 0.7667 (0.7692)  loss_giou_dn_1: 0.6692 (0.6825)  loss_giou_dn_2: 0.6574 (0.6715)  loss_vfl: 0.4852 (0.5034)  loss_vfl_aux_0: 0.5045 (0.5129)  loss_vfl_aux_1: 0.4985 (0.5089)  loss_vfl_aux_2: 0.4869 (0.4961)  loss_vfl_dn_0: 0.4720 (0.4717)  loss_vfl_dn_1: 0.4525 (0.4461)  loss_vfl_dn_2: 0.4458 (0.4409)
Test:  [ 0/69]  eta: 0:01:19    time: 1.1532  data: 0.6232  max mem: 7085
Test:  [10/69]  eta: 0:00:39    time: 0.6624  data: 0.0742  max mem: 7085
Test:  [20/69]  eta: 0:00:31    time: 0.6103  data: 0.0203  max mem: 7085
Test:  [30/69]  eta: 0:00:23    time: 0.5874  data: 0.0207  max mem: 7085
Test:  [40/69]  eta: 0:00:17    time: 0.5988  data: 0.0198  max mem: 7085
Test:  [50/69]  eta: 0:00:11    time: 0.5643  data: 0.0202  max mem: 7085
Test:  [60/69]  eta: 0:00:05    time: 0.4956  data: 0.0208  max mem: 7085
Test:  [68/69]  eta: 0:00:00    time: 0.5073  data: 0.0192  max mem: 7085
Test: Total time: 0:00:39 (0.5743 s / it)
Averaged stats: 
Accumulating evaluation results...
DONE (t=1.90s).
IoU metric: bbox
 Average Precision  (AP) @[ IoU=0.50:0.95 | area=   all | maxDets=100 ] = 0.223
 Average Precision  (AP) @[ IoU=0.50      | area=   all | maxDets=100 ] = 0.368
 Average Precision  (AP) @[ IoU=0.75      | area=   all | maxDets=100 ] = 0.228
 Average Precision  (AP) @[ IoU=0.50:0.95 | area= small | maxDets=100 ] = 0.142
 Average Precision  (AP) @[ IoU=0.50:0.95 | area=medium | maxDets=100 ] = 0.315
 Average Precision  (AP) @[ IoU=0.50:0.95 | area= large | maxDets=100 ] = 0.409
 Average Recall     (AR) @[ IoU=0.50:0.95 | area=   all | maxDets=  1 ] = 0.099
 Average Recall     (AR) @[ IoU=0.50:0.95 | area=   all | maxDets= 10 ] = 0.280
 Average Recall     (AR) @[ IoU=0.50:0.95 | area=   all | maxDets=100 ] = 0.377
 Average Recall     (AR) @[ IoU=0.50:0.95 | area= small | maxDets=100 ] = 0.284
 Average Recall     (AR) @[ IoU=0.50:0.95 | area=medium | maxDets=100 ] = 0.499
 Average Recall     (AR) @[ IoU=0.50:0.95 | area= large | maxDets=100 ] = 0.614
best_stat:  {'epoch': 49, 'coco_eval_bbox': 0.2234385783993828}
Epoch: [50]  [  0/809]  eta: 1:09:47  lr: 0.000100  loss: 9.1027 (9.1027)  loss_bbox: 0.0874 (0.0874)  loss_bbox_aux_0: 0.0859 (0.0859)  loss_bbox_aux_1: 0.0854 (0.0854)  loss_bbox_aux_2: 0.1065 (0.1065)  loss_bbox_dn_0: 0.0787 (0.0787)  loss_bbox_dn_1: 0.0650 (0.0650)  loss_bbox_dn_2: 0.0636 (0.0636)  loss_giou: 0.6763 (0.6763)  loss_giou_aux_0: 0.7211 (0.7211)  loss_giou_aux_1: 0.6741 (0.6741)  loss_giou_aux_2: 0.7940 (0.7940)  loss_giou_dn_0: 0.6652 (0.6652)  loss_giou_dn_1: 0.5679 (0.5679)  loss_giou_dn_2: 0.5582 (0.5582)  loss_vfl: 0.6244 (0.6244)  loss_vfl_aux_0: 0.6431 (0.6431)  loss_vfl_aux_1: 0.6300 (0.6300)  loss_vfl_aux_2: 0.6270 (0.6270)  loss_vfl_dn_0: 0.4792 (0.4792)  loss_vfl_dn_1: 0.4358 (0.4358)  loss_vfl_dn_2: 0.4341 (0.4341)  time: 5.1765  data: 2.1563  max mem: 7085
Epoch: [50]  [100/809]  eta: 0:11:27  lr: 0.000100  loss: 9.5028 (10.0377)  loss_bbox: 0.0711 (0.0917)  loss_bbox_aux_0: 0.0756 (0.0956)  loss_bbox_aux_1: 0.0729 (0.0933)  loss_bbox_aux_2: 0.0933 (0.1113)  loss_bbox_dn_0: 0.0571 (0.0557)  loss_bbox_dn_1: 0.0479 (0.0454)  loss_bbox_dn_2: 0.0460 (0.0439)  loss_giou: 0.8713 (0.9609)  loss_giou_aux_0: 0.8990 (0.9990)  loss_giou_aux_1: 0.8744 (0.9714)  loss_giou_aux_2: 0.9668 (1.0665)  loss_giou_dn_0: 0.7360 (0.7697)  loss_giou_dn_1: 0.6474 (0.6818)  loss_giou_dn_2: 0.6393 (0.6711)  loss_vfl: 0.5488 (0.5033)  loss_vfl_aux_0: 0.5491 (0.5117)  loss_vfl_aux_1: 0.5569 (0.5081)  loss_vfl_aux_2: 0.5278 (0.4973)  loss_vfl_dn_0: 0.4790 (0.4717)  loss_vfl_dn_1: 0.4548 (0.4462)  loss_vfl_dn_2: 0.4496 (0.4420)  time: 0.9238  data: 0.0366  max mem: 7085
Epoch: [50]  [200/809]  eta: 0:09:40  lr: 0.000100  loss: 10.6841 (10.0427)  loss_bbox: 0.0959 (0.0912)  loss_bbox_aux_0: 0.0978 (0.0956)  loss_bbox_aux_1: 0.0948 (0.0925)  loss_bbox_aux_2: 0.1141 (0.1110)  loss_bbox_dn_0: 0.0505 (0.0550)  loss_bbox_dn_1: 0.0388 (0.0446)  loss_bbox_dn_2: 0.0376 (0.0432)  loss_giou: 1.1124 (0.9630)  loss_giou_aux_0: 1.1549 (1.0024)  loss_giou_aux_1: 1.1247 (0.9735)  loss_giou_aux_2: 1.1693 (1.0676)  loss_giou_dn_0: 0.8069 (0.7730)  loss_giou_dn_1: 0.6966 (0.6841)  loss_giou_dn_2: 0.6915 (0.6734)  loss_vfl: 0.4675 (0.5023)  loss_vfl_aux_0: 0.4766 (0.5101)  loss_vfl_aux_1: 0.4768 (0.5071)  loss_vfl_aux_2: 0.4535 (0.4961)  loss_vfl_dn_0: 0.4612 (0.4701)  loss_vfl_dn_1: 0.4429 (0.4457)  loss_vfl_dn_2: 0.4366 (0.4413)  time: 0.9577  data: 0.0405  max mem: 7085
Epoch: [50]  [300/809]  eta: 0:07:58  lr: 0.000100  loss: 9.8399 (10.0180)  loss_bbox: 0.0811 (0.0913)  loss_bbox_aux_0: 0.0830 (0.0956)  loss_bbox_aux_1: 0.0829 (0.0925)  loss_bbox_aux_2: 0.0934 (0.1111)  loss_bbox_dn_0: 0.0526 (0.0546)  loss_bbox_dn_1: 0.0430 (0.0443)  loss_bbox_dn_2: 0.0413 (0.0430)  loss_giou: 0.8751 (0.9608)  loss_giou_aux_0: 0.9132 (0.9988)  loss_giou_aux_1: 0.8859 (0.9714)  loss_giou_aux_2: 0.9886 (1.0646)  loss_giou_dn_0: 0.7674 (0.7688)  loss_giou_dn_1: 0.6850 (0.6816)  loss_giou_dn_2: 0.6707 (0.6710)  loss_vfl: 0.5001 (0.5015)  loss_vfl_aux_0: 0.5092 (0.5097)  loss_vfl_aux_1: 0.5027 (0.5061)  loss_vfl_aux_2: 0.4868 (0.4954)  loss_vfl_dn_0: 0.4690 (0.4701)  loss_vfl_dn_1: 0.4468 (0.4453)  loss_vfl_dn_2: 0.4431 (0.4405)  time: 0.9098  data: 0.0360  max mem: 7085
Epoch: [50]  [400/809]  eta: 0:06:22  lr: 0.000100  loss: 9.8017 (10.0281)  loss_bbox: 0.0825 (0.0928)  loss_bbox_aux_0: 0.0846 (0.0974)  loss_bbox_aux_1: 0.0864 (0.0942)  loss_bbox_aux_2: 0.1027 (0.1131)  loss_bbox_dn_0: 0.0564 (0.0541)  loss_bbox_dn_1: 0.0446 (0.0439)  loss_bbox_dn_2: 0.0425 (0.0426)  loss_giou: 0.9081 (0.9642)  loss_giou_aux_0: 0.9382 (1.0016)  loss_giou_aux_1: 0.9117 (0.9748)  loss_giou_aux_2: 1.0078 (1.0685)  loss_giou_dn_0: 0.7641 (0.7683)  loss_giou_dn_1: 0.6683 (0.6813)  loss_giou_dn_2: 0.6551 (0.6705)  loss_vfl: 0.5226 (0.4994)  loss_vfl_aux_0: 0.5239 (0.5082)  loss_vfl_aux_1: 0.5206 (0.5042)  loss_vfl_aux_2: 0.5111 (0.4926)  loss_vfl_dn_0: 0.4692 (0.4706)  loss_vfl_dn_1: 0.4414 (0.4453)  loss_vfl_dn_2: 0.4346 (0.4405)  time: 0.9055  data: 0.0354  max mem: 7085
Epoch: [50]  [500/809]  eta: 0:04:47  lr: 0.000100  loss: 9.9649 (10.0200)  loss_bbox: 0.0909 (0.0930)  loss_bbox_aux_0: 0.0941 (0.0979)  loss_bbox_aux_1: 0.0894 (0.0944)  loss_bbox_aux_2: 0.1030 (0.1134)  loss_bbox_dn_0: 0.0527 (0.0548)  loss_bbox_dn_1: 0.0426 (0.0445)  loss_bbox_dn_2: 0.0421 (0.0431)  loss_giou: 0.9180 (0.9611)  loss_giou_aux_0: 0.9511 (0.9988)  loss_giou_aux_1: 0.9235 (0.9719)  loss_giou_aux_2: 1.0122 (1.0673)  loss_giou_dn_0: 0.7479 (0.7667)  loss_giou_dn_1: 0.6635 (0.6792)  loss_giou_dn_2: 0.6530 (0.6685)  loss_vfl: 0.4952 (0.5004)  loss_vfl_aux_0: 0.5054 (0.5095)  loss_vfl_aux_1: 0.4954 (0.5055)  loss_vfl_aux_2: 0.4811 (0.4936)  loss_vfl_dn_0: 0.4709 (0.4708)  loss_vfl_dn_1: 0.4410 (0.4452)  loss_vfl_dn_2: 0.4402 (0.4403)  time: 0.9094  data: 0.0418  max mem: 7085
Epoch: [50]  [600/809]  eta: 0:03:14  lr: 0.000100  loss: 9.7596 (10.0078)  loss_bbox: 0.0817 (0.0924)  loss_bbox_aux_0: 0.0898 (0.0973)  loss_bbox_aux_1: 0.0843 (0.0938)  loss_bbox_aux_2: 0.0973 (0.1126)  loss_bbox_dn_0: 0.0492 (0.0546)  loss_bbox_dn_1: 0.0412 (0.0444)  loss_bbox_dn_2: 0.0401 (0.0431)  loss_giou: 0.9195 (0.9589)  loss_giou_aux_0: 0.9802 (0.9960)  loss_giou_aux_1: 0.9418 (0.9695)  loss_giou_aux_2: 1.0430 (1.0639)  loss_giou_dn_0: 0.7427 (0.7662)  loss_giou_dn_1: 0.6689 (0.6792)  loss_giou_dn_2: 0.6626 (0.6685)  loss_vfl: 0.5044 (0.5006)  loss_vfl_aux_0: 0.5094 (0.5098)  loss_vfl_aux_1: 0.5054 (0.5058)  loss_vfl_aux_2: 0.5092 (0.4950)  loss_vfl_dn_0: 0.4674 (0.4708)  loss_vfl_dn_1: 0.4390 (0.4452)  loss_vfl_dn_2: 0.4342 (0.4402)  time: 0.8970  data: 0.0391  max mem: 7085
Epoch: [50]  [700/809]  eta: 0:01:40  lr: 0.000100  loss: 10.0581 (10.0292)  loss_bbox: 0.1038 (0.0933)  loss_bbox_aux_0: 0.1069 (0.0985)  loss_bbox_aux_1: 0.1056 (0.0947)  loss_bbox_aux_2: 0.1169 (0.1139)  loss_bbox_dn_0: 0.0535 (0.0547)  loss_bbox_dn_1: 0.0442 (0.0446)  loss_bbox_dn_2: 0.0433 (0.0433)  loss_giou: 0.9682 (0.9648)  loss_giou_aux_0: 1.0214 (1.0023)  loss_giou_aux_1: 0.9891 (0.9758)  loss_giou_aux_2: 1.0774 (1.0697)  loss_giou_dn_0: 0.7682 (0.7672)  loss_giou_dn_1: 0.6860 (0.6807)  loss_giou_dn_2: 0.6782 (0.6702)  loss_vfl: 0.4905 (0.4977)  loss_vfl_aux_0: 0.4955 (0.5069)  loss_vfl_aux_1: 0.4961 (0.5028)  loss_vfl_aux_2: 0.4655 (0.4923)  loss_vfl_dn_0: 0.4697 (0.4707)  loss_vfl_dn_1: 0.4454 (0.4451)  loss_vfl_dn_2: 0.4396 (0.4401)  time: 0.9011  data: 0.0505  max mem: 7085
Epoch: [50]  [800/809]  eta: 0:00:08  lr: 0.000100  loss: 10.1272 (10.0268)  loss_bbox: 0.0900 (0.0929)  loss_bbox_aux_0: 0.0928 (0.0981)  loss_bbox_aux_1: 0.0914 (0.0943)  loss_bbox_aux_2: 0.1131 (0.1134)  loss_bbox_dn_0: 0.0528 (0.0546)  loss_bbox_dn_1: 0.0420 (0.0446)  loss_bbox_dn_2: 0.0405 (0.0432)  loss_giou: 0.9455 (0.9647)  loss_giou_aux_0: 1.0011 (1.0023)  loss_giou_aux_1: 0.9572 (0.9755)  loss_giou_aux_2: 1.0854 (1.0689)  loss_giou_dn_0: 0.7636 (0.7666)  loss_giou_dn_1: 0.6799 (0.6803)  loss_giou_dn_2: 0.6704 (0.6698)  loss_vfl: 0.5009 (0.4981)  loss_vfl_aux_0: 0.5156 (0.5072)  loss_vfl_aux_1: 0.5026 (0.5034)  loss_vfl_aux_2: 0.4875 (0.4927)  loss_vfl_dn_0: 0.4735 (0.4709)  loss_vfl_dn_1: 0.4447 (0.4452)  loss_vfl_dn_2: 0.4402 (0.4402)  time: 0.9130  data: 0.0411  max mem: 7085
Epoch: [50]  [808/809]  eta: 0:00:00  lr: 0.000100  loss: 10.2250 (10.0279)  loss_bbox: 0.0929 (0.0930)  loss_bbox_aux_0: 0.0972 (0.0982)  loss_bbox_aux_1: 0.0957 (0.0944)  loss_bbox_aux_2: 0.1146 (0.1136)  loss_bbox_dn_0: 0.0548 (0.0546)  loss_bbox_dn_1: 0.0455 (0.0446)  loss_bbox_dn_2: 0.0451 (0.0433)  loss_giou: 0.9918 (0.9652)  loss_giou_aux_0: 1.0397 (1.0028)  loss_giou_aux_1: 1.0063 (0.9759)  loss_giou_aux_2: 1.0854 (1.0693)  loss_giou_dn_0: 0.7695 (0.7666)  loss_giou_dn_1: 0.6821 (0.6804)  loss_giou_dn_2: 0.6719 (0.6699)  loss_vfl: 0.5070 (0.4979)  loss_vfl_aux_0: 0.5153 (0.5068)  loss_vfl_aux_1: 0.5096 (0.5031)  loss_vfl_aux_2: 0.5034 (0.4923)  loss_vfl_dn_0: 0.4709 (0.4708)  loss_vfl_dn_1: 0.4410 (0.4451)  loss_vfl_dn_2: 0.4358 (0.4401)  time: 0.7548  data: 0.0355  max mem: 7085
Epoch: [50] Total time: 0:12:22 (0.9183 s / it)
Averaged stats: lr: 0.000100  loss: 10.2250 (10.0279)  loss_bbox: 0.0929 (0.0930)  loss_bbox_aux_0: 0.0972 (0.0982)  loss_bbox_aux_1: 0.0957 (0.0944)  loss_bbox_aux_2: 0.1146 (0.1136)  loss_bbox_dn_0: 0.0548 (0.0546)  loss_bbox_dn_1: 0.0455 (0.0446)  loss_bbox_dn_2: 0.0451 (0.0433)  loss_giou: 0.9918 (0.9652)  loss_giou_aux_0: 1.0397 (1.0028)  loss_giou_aux_1: 1.0063 (0.9759)  loss_giou_aux_2: 1.0854 (1.0693)  loss_giou_dn_0: 0.7695 (0.7666)  loss_giou_dn_1: 0.6821 (0.6804)  loss_giou_dn_2: 0.6719 (0.6699)  loss_vfl: 0.5070 (0.4979)  loss_vfl_aux_0: 0.5153 (0.5068)  loss_vfl_aux_1: 0.5096 (0.5031)  loss_vfl_aux_2: 0.5034 (0.4923)  loss_vfl_dn_0: 0.4709 (0.4708)  loss_vfl_dn_1: 0.4410 (0.4451)  loss_vfl_dn_2: 0.4358 (0.4401)
Test:  [ 0/69]  eta: 0:01:41    time: 1.4697  data: 0.6603  max mem: 7085
Test:  [10/69]  eta: 0:00:39    time: 0.6757  data: 0.0819  max mem: 7085
Test:  [20/69]  eta: 0:00:32    time: 0.6174  data: 0.0223  max mem: 7085
Test:  [30/69]  eta: 0:00:24    time: 0.6139  data: 0.0209  max mem: 7085
Test:  [40/69]  eta: 0:00:17    time: 0.5689  data: 0.0207  max mem: 7085
Test:  [50/69]  eta: 0:00:11    time: 0.5629  data: 0.0204  max mem: 7085
Test:  [60/69]  eta: 0:00:05    time: 0.5452  data: 0.0202  max mem: 7085
Test:  [68/69]  eta: 0:00:00    time: 0.5194  data: 0.0190  max mem: 7085
Test: Total time: 0:00:40 (0.5877 s / it)
Averaged stats: 
Accumulating evaluation results...
DONE (t=1.93s).
IoU metric: bbox
 Average Precision  (AP) @[ IoU=0.50:0.95 | area=   all | maxDets=100 ] = 0.223
 Average Precision  (AP) @[ IoU=0.50      | area=   all | maxDets=100 ] = 0.368
 Average Precision  (AP) @[ IoU=0.75      | area=   all | maxDets=100 ] = 0.228
 Average Precision  (AP) @[ IoU=0.50:0.95 | area= small | maxDets=100 ] = 0.143
 Average Precision  (AP) @[ IoU=0.50:0.95 | area=medium | maxDets=100 ] = 0.315
 Average Precision  (AP) @[ IoU=0.50:0.95 | area= large | maxDets=100 ] = 0.405
 Average Recall     (AR) @[ IoU=0.50:0.95 | area=   all | maxDets=  1 ] = 0.098
 Average Recall     (AR) @[ IoU=0.50:0.95 | area=   all | maxDets= 10 ] = 0.281
 Average Recall     (AR) @[ IoU=0.50:0.95 | area=   all | maxDets=100 ] = 0.379
 Average Recall     (AR) @[ IoU=0.50:0.95 | area= small | maxDets=100 ] = 0.286
 Average Recall     (AR) @[ IoU=0.50:0.95 | area=medium | maxDets=100 ] = 0.500
 Average Recall     (AR) @[ IoU=0.50:0.95 | area= large | maxDets=100 ] = 0.624
best_stat:  {'epoch': 49, 'coco_eval_bbox': 0.2234385783993828}
Epoch: [51]  [  0/809]  eta: 1:15:54  lr: 0.000100  loss: 9.2646 (9.2646)  loss_bbox: 0.0689 (0.0689)  loss_bbox_aux_0: 0.0688 (0.0688)  loss_bbox_aux_1: 0.0665 (0.0665)  loss_bbox_aux_2: 0.0770 (0.0770)  loss_bbox_dn_0: 0.0565 (0.0565)  loss_bbox_dn_1: 0.0478 (0.0478)  loss_bbox_dn_2: 0.0477 (0.0477)  loss_giou: 0.7742 (0.7742)  loss_giou_aux_0: 0.8183 (0.8183)  loss_giou_aux_1: 0.7881 (0.7881)  loss_giou_aux_2: 0.8520 (0.8520)  loss_giou_dn_0: 0.7259 (0.7259)  loss_giou_dn_1: 0.6528 (0.6528)  loss_giou_dn_2: 0.6379 (0.6379)  loss_vfl: 0.5586 (0.5586)  loss_vfl_aux_0: 0.5649 (0.5649)  loss_vfl_aux_1: 0.5535 (0.5535)  loss_vfl_aux_2: 0.5564 (0.5564)  loss_vfl_dn_0: 0.4716 (0.4716)  loss_vfl_dn_1: 0.4419 (0.4419)  loss_vfl_dn_2: 0.4353 (0.4353)  time: 5.6300  data: 4.4667  max mem: 7085
Epoch: [51]  [100/809]  eta: 0:11:18  lr: 0.000100  loss: 9.9845 (10.0207)  loss_bbox: 0.0844 (0.0904)  loss_bbox_aux_0: 0.0856 (0.0959)  loss_bbox_aux_1: 0.0833 (0.0922)  loss_bbox_aux_2: 0.1007 (0.1103)  loss_bbox_dn_0: 0.0614 (0.0549)  loss_bbox_dn_1: 0.0493 (0.0449)  loss_bbox_dn_2: 0.0482 (0.0436)  loss_giou: 0.9028 (0.9611)  loss_giou_aux_0: 0.9398 (1.0018)  loss_giou_aux_1: 0.8989 (0.9694)  loss_giou_aux_2: 1.0159 (1.0664)  loss_giou_dn_0: 0.7635 (0.7692)  loss_giou_dn_1: 0.6804 (0.6842)  loss_giou_dn_2: 0.6577 (0.6732)  loss_vfl: 0.4861 (0.4991)  loss_vfl_aux_0: 0.4944 (0.5093)  loss_vfl_aux_1: 0.4899 (0.5041)  loss_vfl_aux_2: 0.4812 (0.4933)  loss_vfl_dn_0: 0.4655 (0.4718)  loss_vfl_dn_1: 0.4442 (0.4453)  loss_vfl_dn_2: 0.4396 (0.4404)  time: 0.9048  data: 0.0399  max mem: 7085
Epoch: [51]  [200/809]  eta: 0:09:29  lr: 0.000100  loss: 9.6394 (9.9781)  loss_bbox: 0.0757 (0.0895)  loss_bbox_aux_0: 0.0804 (0.0941)  loss_bbox_aux_1: 0.0793 (0.0909)  loss_bbox_aux_2: 0.0920 (0.1072)  loss_bbox_dn_0: 0.0491 (0.0541)  loss_bbox_dn_1: 0.0393 (0.0441)  loss_bbox_dn_2: 0.0381 (0.0428)  loss_giou: 0.8928 (0.9525)  loss_giou_aux_0: 0.9122 (0.9907)  loss_giou_aux_1: 0.8971 (0.9598)  loss_giou_aux_2: 1.0003 (1.0591)  loss_giou_dn_0: 0.7507 (0.7655)  loss_giou_dn_1: 0.6634 (0.6795)  loss_giou_dn_2: 0.6487 (0.6685)  loss_vfl: 0.5032 (0.5027)  loss_vfl_aux_0: 0.5245 (0.5141)  loss_vfl_aux_1: 0.5198 (0.5088)  loss_vfl_aux_2: 0.5242 (0.4989)  loss_vfl_dn_0: 0.4740 (0.4713)  loss_vfl_dn_1: 0.4453 (0.4446)  loss_vfl_dn_2: 0.4404 (0.4394)  time: 0.9177  data: 0.0381  max mem: 7085
Epoch: [51]  [300/809]  eta: 0:07:54  lr: 0.000100  loss: 10.0729 (9.9798)  loss_bbox: 0.0969 (0.0891)  loss_bbox_aux_0: 0.1069 (0.0942)  loss_bbox_aux_1: 0.0986 (0.0904)  loss_bbox_aux_2: 0.1208 (0.1072)  loss_bbox_dn_0: 0.0544 (0.0549)  loss_bbox_dn_1: 0.0462 (0.0447)  loss_bbox_dn_2: 0.0441 (0.0433)  loss_giou: 0.9609 (0.9504)  loss_giou_aux_0: 0.9961 (0.9881)  loss_giou_aux_1: 0.9715 (0.9581)  loss_giou_aux_2: 1.0671 (1.0565)  loss_giou_dn_0: 0.7767 (0.7656)  loss_giou_dn_1: 0.6791 (0.6796)  loss_giou_dn_2: 0.6688 (0.6684)  loss_vfl: 0.4929 (0.5055)  loss_vfl_aux_0: 0.5190 (0.5155)  loss_vfl_aux_1: 0.5001 (0.5109)  loss_vfl_aux_2: 0.4867 (0.4997)  loss_vfl_dn_0: 0.4706 (0.4721)  loss_vfl_dn_1: 0.4437 (0.4453)  loss_vfl_dn_2: 0.4369 (0.4403)  time: 0.9214  data: 0.0360  max mem: 7085
Epoch: [51]  [400/809]  eta: 0:06:19  lr: 0.000100  loss: 9.8093 (9.9480)  loss_bbox: 0.0832 (0.0893)  loss_bbox_aux_0: 0.0908 (0.0942)  loss_bbox_aux_1: 0.0868 (0.0906)  loss_bbox_aux_2: 0.1055 (0.1072)  loss_bbox_dn_0: 0.0559 (0.0552)  loss_bbox_dn_1: 0.0447 (0.0450)  loss_bbox_dn_2: 0.0433 (0.0437)  loss_giou: 0.9221 (0.9428)  loss_giou_aux_0: 0.9507 (0.9800)  loss_giou_aux_1: 0.9251 (0.9503)  loss_giou_aux_2: 1.0385 (1.0496)  loss_giou_dn_0: 0.7681 (0.7625)  loss_giou_dn_1: 0.6765 (0.6764)  loss_giou_dn_2: 0.6664 (0.6652)  loss_vfl: 0.5140 (0.5067)  loss_vfl_aux_0: 0.5239 (0.5169)  loss_vfl_aux_1: 0.5164 (0.5122)  loss_vfl_aux_2: 0.5000 (0.5014)  loss_vfl_dn_0: 0.4691 (0.4726)  loss_vfl_dn_1: 0.4460 (0.4457)  loss_vfl_dn_2: 0.4407 (0.4407)  time: 0.9179  data: 0.0400  max mem: 7085
Epoch: [51]  [500/809]  eta: 0:04:46  lr: 0.000100  loss: 10.1116 (9.9570)  loss_bbox: 0.0891 (0.0890)  loss_bbox_aux_0: 0.0932 (0.0939)  loss_bbox_aux_1: 0.0939 (0.0903)  loss_bbox_aux_2: 0.1067 (0.1069)  loss_bbox_dn_0: 0.0498 (0.0545)  loss_bbox_dn_1: 0.0411 (0.0444)  loss_bbox_dn_2: 0.0407 (0.0431)  loss_giou: 0.9601 (0.9471)  loss_giou_aux_0: 1.0128 (0.9834)  loss_giou_aux_1: 0.9734 (0.9542)  loss_giou_aux_2: 1.0654 (1.0522)  loss_giou_dn_0: 0.7911 (0.7633)  loss_giou_dn_1: 0.7073 (0.6774)  loss_giou_dn_2: 0.6984 (0.6663)  loss_vfl: 0.4719 (0.5055)  loss_vfl_aux_0: 0.4833 (0.5157)  loss_vfl_aux_1: 0.4799 (0.5110)  loss_vfl_aux_2: 0.4650 (0.5001)  loss_vfl_dn_0: 0.4712 (0.4724)  loss_vfl_dn_1: 0.4469 (0.4455)  loss_vfl_dn_2: 0.4406 (0.4405)  time: 0.9144  data: 0.0333  max mem: 7085
Epoch: [51]  [600/809]  eta: 0:03:14  lr: 0.000100  loss: 10.2015 (9.9981)  loss_bbox: 0.0869 (0.0901)  loss_bbox_aux_0: 0.0913 (0.0949)  loss_bbox_aux_1: 0.0897 (0.0915)  loss_bbox_aux_2: 0.1005 (0.1079)  loss_bbox_dn_0: 0.0538 (0.0542)  loss_bbox_dn_1: 0.0437 (0.0443)  loss_bbox_dn_2: 0.0427 (0.0430)  loss_giou: 1.0239 (0.9563)  loss_giou_aux_0: 1.0561 (0.9931)  loss_giou_aux_1: 1.0221 (0.9634)  loss_giou_aux_2: 1.1066 (1.0602)  loss_giou_dn_0: 0.7828 (0.7674)  loss_giou_dn_1: 0.6978 (0.6814)  loss_giou_dn_2: 0.6871 (0.6704)  loss_vfl: 0.4772 (0.5030)  loss_vfl_aux_0: 0.4875 (0.5125)  loss_vfl_aux_1: 0.4731 (0.5082)  loss_vfl_aux_2: 0.4796 (0.4973)  loss_vfl_dn_0: 0.4692 (0.4723)  loss_vfl_dn_1: 0.4432 (0.4458)  loss_vfl_dn_2: 0.4404 (0.4409)  time: 0.9577  data: 0.0424  max mem: 8529
Epoch: [51]  [700/809]  eta: 0:01:41  lr: 0.000100  loss: 9.9257 (9.9831)  loss_bbox: 0.0848 (0.0902)  loss_bbox_aux_0: 0.0901 (0.0951)  loss_bbox_aux_1: 0.0832 (0.0916)  loss_bbox_aux_2: 0.0984 (0.1081)  loss_bbox_dn_0: 0.0471 (0.0548)  loss_bbox_dn_1: 0.0395 (0.0447)  loss_bbox_dn_2: 0.0385 (0.0434)  loss_giou: 0.9244 (0.9522)  loss_giou_aux_0: 1.0143 (0.9895)  loss_giou_aux_1: 0.9384 (0.9595)  loss_giou_aux_2: 1.0838 (1.0562)  loss_giou_dn_0: 0.7579 (0.7666)  loss_giou_dn_1: 0.6620 (0.6803)  loss_giou_dn_2: 0.6498 (0.6693)  loss_vfl: 0.4890 (0.5035)  loss_vfl_aux_0: 0.5007 (0.5128)  loss_vfl_aux_1: 0.5094 (0.5085)  loss_vfl_aux_2: 0.4883 (0.4983)  loss_vfl_dn_0: 0.4662 (0.4721)  loss_vfl_dn_1: 0.4403 (0.4456)  loss_vfl_dn_2: 0.4407 (0.4408)  time: 0.9333  data: 0.0335  max mem: 8529
Epoch: [51]  [800/809]  eta: 0:00:08  lr: 0.000100  loss: 9.2816 (9.9631)  loss_bbox: 0.0710 (0.0896)  loss_bbox_aux_0: 0.0826 (0.0946)  loss_bbox_aux_1: 0.0769 (0.0911)  loss_bbox_aux_2: 0.0952 (0.1078)  loss_bbox_dn_0: 0.0602 (0.0549)  loss_bbox_dn_1: 0.0489 (0.0448)  loss_bbox_dn_2: 0.0464 (0.0434)  loss_giou: 0.7907 (0.9488)  loss_giou_aux_0: 0.8358 (0.9858)  loss_giou_aux_1: 0.8093 (0.9561)  loss_giou_aux_2: 0.9395 (1.0530)  loss_giou_dn_0: 0.7147 (0.7653)  loss_giou_dn_1: 0.6309 (0.6790)  loss_giou_dn_2: 0.6144 (0.6679)  loss_vfl: 0.5200 (0.5035)  loss_vfl_aux_0: 0.5383 (0.5127)  loss_vfl_aux_1: 0.5282 (0.5086)  loss_vfl_aux_2: 0.5275 (0.4982)  loss_vfl_dn_0: 0.4741 (0.4720)  loss_vfl_dn_1: 0.4441 (0.4456)  loss_vfl_dn_2: 0.4359 (0.4406)  time: 0.9093  data: 0.0409  max mem: 8529
Epoch: [51]  [808/809]  eta: 0:00:00  lr: 0.000100  loss: 9.8687 (9.9651)  loss_bbox: 0.0776 (0.0895)  loss_bbox_aux_0: 0.0883 (0.0946)  loss_bbox_aux_1: 0.0815 (0.0910)  loss_bbox_aux_2: 0.1046 (0.1078)  loss_bbox_dn_0: 0.0498 (0.0549)  loss_bbox_dn_1: 0.0403 (0.0448)  loss_bbox_dn_2: 0.0390 (0.0434)  loss_giou: 0.8337 (0.9493)  loss_giou_aux_0: 0.8610 (0.9864)  loss_giou_aux_1: 0.8452 (0.9566)  loss_giou_aux_2: 0.9465 (1.0535)  loss_giou_dn_0: 0.7365 (0.7655)  loss_giou_dn_1: 0.6735 (0.6793)  loss_giou_dn_2: 0.6617 (0.6682)  loss_vfl: 0.5167 (0.5033)  loss_vfl_aux_0: 0.5325 (0.5126)  loss_vfl_aux_1: 0.5233 (0.5084)  loss_vfl_aux_2: 0.5249 (0.4980)  loss_vfl_dn_0: 0.4741 (0.4719)  loss_vfl_dn_1: 0.4454 (0.4456)  loss_vfl_dn_2: 0.4397 (0.4406)  time: 0.7527  data: 0.0311  max mem: 8529
Epoch: [51] Total time: 0:12:26 (0.9227 s / it)
Averaged stats: lr: 0.000100  loss: 9.8687 (9.9651)  loss_bbox: 0.0776 (0.0895)  loss_bbox_aux_0: 0.0883 (0.0946)  loss_bbox_aux_1: 0.0815 (0.0910)  loss_bbox_aux_2: 0.1046 (0.1078)  loss_bbox_dn_0: 0.0498 (0.0549)  loss_bbox_dn_1: 0.0403 (0.0448)  loss_bbox_dn_2: 0.0390 (0.0434)  loss_giou: 0.8337 (0.9493)  loss_giou_aux_0: 0.8610 (0.9864)  loss_giou_aux_1: 0.8452 (0.9566)  loss_giou_aux_2: 0.9465 (1.0535)  loss_giou_dn_0: 0.7365 (0.7655)  loss_giou_dn_1: 0.6735 (0.6793)  loss_giou_dn_2: 0.6617 (0.6682)  loss_vfl: 0.5167 (0.5033)  loss_vfl_aux_0: 0.5325 (0.5126)  loss_vfl_aux_1: 0.5233 (0.5084)  loss_vfl_aux_2: 0.5249 (0.4980)  loss_vfl_dn_0: 0.4741 (0.4719)  loss_vfl_dn_1: 0.4454 (0.4456)  loss_vfl_dn_2: 0.4397 (0.4406)
Test:  [ 0/69]  eta: 0:01:22    time: 1.2012  data: 0.6549  max mem: 8529
Test:  [10/69]  eta: 0:00:38    time: 0.6510  data: 0.0785  max mem: 8529
Test:  [20/69]  eta: 0:00:32    time: 0.6366  data: 0.0215  max mem: 8529
Test:  [30/69]  eta: 0:00:24    time: 0.6324  data: 0.0224  max mem: 8529
Test:  [40/69]  eta: 0:00:17    time: 0.5698  data: 0.0223  max mem: 8529
Test:  [50/69]  eta: 0:00:11    time: 0.5283  data: 0.0230  max mem: 8529
Test:  [60/69]  eta: 0:00:05    time: 0.5501  data: 0.0226  max mem: 8529
Test:  [68/69]  eta: 0:00:00    time: 0.5698  data: 0.0197  max mem: 8529
Test: Total time: 0:00:40 (0.5926 s / it)
Averaged stats: 
Accumulating evaluation results...
DONE (t=2.05s).
IoU metric: bbox
 Average Precision  (AP) @[ IoU=0.50:0.95 | area=   all | maxDets=100 ] = 0.224
 Average Precision  (AP) @[ IoU=0.50      | area=   all | maxDets=100 ] = 0.370
 Average Precision  (AP) @[ IoU=0.75      | area=   all | maxDets=100 ] = 0.229
 Average Precision  (AP) @[ IoU=0.50:0.95 | area= small | maxDets=100 ] = 0.145
 Average Precision  (AP) @[ IoU=0.50:0.95 | area=medium | maxDets=100 ] = 0.315
 Average Precision  (AP) @[ IoU=0.50:0.95 | area= large | maxDets=100 ] = 0.408
 Average Recall     (AR) @[ IoU=0.50:0.95 | area=   all | maxDets=  1 ] = 0.098
 Average Recall     (AR) @[ IoU=0.50:0.95 | area=   all | maxDets= 10 ] = 0.281
 Average Recall     (AR) @[ IoU=0.50:0.95 | area=   all | maxDets=100 ] = 0.379
 Average Recall     (AR) @[ IoU=0.50:0.95 | area= small | maxDets=100 ] = 0.287
 Average Recall     (AR) @[ IoU=0.50:0.95 | area=medium | maxDets=100 ] = 0.499
 Average Recall     (AR) @[ IoU=0.50:0.95 | area= large | maxDets=100 ] = 0.620
best_stat:  {'epoch': 51, 'coco_eval_bbox': 0.2242263388076437}
Epoch: [52]  [  0/809]  eta: 1:03:59  lr: 0.000100  loss: 8.6298 (8.6298)  loss_bbox: 0.0712 (0.0712)  loss_bbox_aux_0: 0.0787 (0.0787)  loss_bbox_aux_1: 0.0746 (0.0746)  loss_bbox_aux_2: 0.0938 (0.0938)  loss_bbox_dn_0: 0.0709 (0.0709)  loss_bbox_dn_1: 0.0547 (0.0547)  loss_bbox_dn_2: 0.0512 (0.0512)  loss_giou: 0.6377 (0.6377)  loss_giou_aux_0: 0.6858 (0.6858)  loss_giou_aux_1: 0.6541 (0.6541)  loss_giou_aux_2: 0.7579 (0.7579)  loss_giou_dn_0: 0.6421 (0.6421)  loss_giou_dn_1: 0.5392 (0.5392)  loss_giou_dn_2: 0.5215 (0.5215)  loss_vfl: 0.5825 (0.5825)  loss_vfl_aux_0: 0.5962 (0.5962)  loss_vfl_aux_1: 0.5850 (0.5850)  loss_vfl_aux_2: 0.5791 (0.5791)  loss_vfl_dn_0: 0.4856 (0.4856)  loss_vfl_dn_1: 0.4410 (0.4410)  loss_vfl_dn_2: 0.4270 (0.4270)  time: 4.7463  data: 3.4141  max mem: 8529
Epoch: [52]  [100/809]  eta: 0:11:29  lr: 0.000100  loss: 10.0332 (10.0449)  loss_bbox: 0.0879 (0.0910)  loss_bbox_aux_0: 0.0941 (0.0958)  loss_bbox_aux_1: 0.0899 (0.0925)  loss_bbox_aux_2: 0.1042 (0.1081)  loss_bbox_dn_0: 0.0530 (0.0536)  loss_bbox_dn_1: 0.0435 (0.0440)  loss_bbox_dn_2: 0.0423 (0.0427)  loss_giou: 0.9423 (0.9671)  loss_giou_aux_0: 0.9809 (1.0014)  loss_giou_aux_1: 0.9464 (0.9744)  loss_giou_aux_2: 1.0348 (1.0658)  loss_giou_dn_0: 0.7687 (0.7717)  loss_giou_dn_1: 0.6782 (0.6853)  loss_giou_dn_2: 0.6687 (0.6748)  loss_vfl: 0.4957 (0.5008)  loss_vfl_aux_0: 0.5161 (0.5091)  loss_vfl_aux_1: 0.5022 (0.5074)  loss_vfl_aux_2: 0.5016 (0.4971)  loss_vfl_dn_0: 0.4785 (0.4721)  loss_vfl_dn_1: 0.4481 (0.4479)  loss_vfl_dn_2: 0.4434 (0.4420)  time: 0.9238  data: 0.0391  max mem: 8529
Epoch: [52]  [200/809]  eta: 0:09:36  lr: 0.000100  loss: 10.0108 (9.9873)  loss_bbox: 0.0893 (0.0899)  loss_bbox_aux_0: 0.0916 (0.0941)  loss_bbox_aux_1: 0.0897 (0.0913)  loss_bbox_aux_2: 0.1070 (0.1068)  loss_bbox_dn_0: 0.0509 (0.0530)  loss_bbox_dn_1: 0.0416 (0.0433)  loss_bbox_dn_2: 0.0410 (0.0420)  loss_giou: 1.0046 (0.9605)  loss_giou_aux_0: 1.0634 (0.9955)  loss_giou_aux_1: 1.0269 (0.9686)  loss_giou_aux_2: 1.0922 (1.0587)  loss_giou_dn_0: 0.7706 (0.7648)  loss_giou_dn_1: 0.6931 (0.6794)  loss_giou_dn_2: 0.6831 (0.6695)  loss_vfl: 0.4752 (0.4999)  loss_vfl_aux_0: 0.4833 (0.5105)  loss_vfl_aux_1: 0.4771 (0.5057)  loss_vfl_aux_2: 0.4709 (0.4970)  loss_vfl_dn_0: 0.4692 (0.4719)  loss_vfl_dn_1: 0.4348 (0.4455)  loss_vfl_dn_2: 0.4324 (0.4396)  time: 0.8911  data: 0.0409  max mem: 8529
Epoch: [52]  [300/809]  eta: 0:07:56  lr: 0.000100  loss: 9.9992 (9.9912)  loss_bbox: 0.0868 (0.0899)  loss_bbox_aux_0: 0.0896 (0.0947)  loss_bbox_aux_1: 0.0881 (0.0914)  loss_bbox_aux_2: 0.1092 (0.1080)  loss_bbox_dn_0: 0.0481 (0.0529)  loss_bbox_dn_1: 0.0404 (0.0432)  loss_bbox_dn_2: 0.0391 (0.0419)  loss_giou: 0.9357 (0.9615)  loss_giou_aux_0: 0.9775 (0.9970)  loss_giou_aux_1: 0.9512 (0.9705)  loss_giou_aux_2: 1.0438 (1.0612)  loss_giou_dn_0: 0.7838 (0.7649)  loss_giou_dn_1: 0.6967 (0.6798)  loss_giou_dn_2: 0.6813 (0.6695)  loss_vfl: 0.4974 (0.4990)  loss_vfl_aux_0: 0.5068 (0.5093)  loss_vfl_aux_1: 0.5023 (0.5044)  loss_vfl_aux_2: 0.4906 (0.4961)  loss_vfl_dn_0: 0.4681 (0.4715)  loss_vfl_dn_1: 0.4487 (0.4449)  loss_vfl_dn_2: 0.4447 (0.4396)  time: 0.8878  data: 0.0374  max mem: 8529
Epoch: [52]  [400/809]  eta: 0:06:21  lr: 0.000100  loss: 9.9533 (9.9800)  loss_bbox: 0.0830 (0.0894)  loss_bbox_aux_0: 0.0881 (0.0943)  loss_bbox_aux_1: 0.0844 (0.0909)  loss_bbox_aux_2: 0.0999 (0.1076)  loss_bbox_dn_0: 0.0486 (0.0535)  loss_bbox_dn_1: 0.0419 (0.0436)  loss_bbox_dn_2: 0.0404 (0.0423)  loss_giou: 0.9738 (0.9563)  loss_giou_aux_0: 1.0148 (0.9917)  loss_giou_aux_1: 0.9825 (0.9652)  loss_giou_aux_2: 1.0798 (1.0572)  loss_giou_dn_0: 0.7721 (0.7643)  loss_giou_dn_1: 0.6772 (0.6787)  loss_giou_dn_2: 0.6644 (0.6681)  loss_vfl: 0.5157 (0.5021)  loss_vfl_aux_0: 0.5264 (0.5128)  loss_vfl_aux_1: 0.5266 (0.5075)  loss_vfl_aux_2: 0.5090 (0.4983)  loss_vfl_dn_0: 0.4680 (0.4715)  loss_vfl_dn_1: 0.4492 (0.4450)  loss_vfl_dn_2: 0.4430 (0.4397)  time: 0.9255  data: 0.0412  max mem: 8529
Epoch: [52]  [500/809]  eta: 0:04:48  lr: 0.000100  loss: 9.7150 (9.9539)  loss_bbox: 0.0798 (0.0885)  loss_bbox_aux_0: 0.0815 (0.0934)  loss_bbox_aux_1: 0.0757 (0.0900)  loss_bbox_aux_2: 0.0934 (0.1068)  loss_bbox_dn_0: 0.0534 (0.0539)  loss_bbox_dn_1: 0.0454 (0.0439)  loss_bbox_dn_2: 0.0445 (0.0426)  loss_giou: 0.8848 (0.9516)  loss_giou_aux_0: 0.9228 (0.9871)  loss_giou_aux_1: 0.8975 (0.9601)  loss_giou_aux_2: 0.9693 (1.0532)  loss_giou_dn_0: 0.7636 (0.7630)  loss_giou_dn_1: 0.6944 (0.6778)  loss_giou_dn_2: 0.6826 (0.6674)  loss_vfl: 0.4921 (0.5016)  loss_vfl_aux_0: 0.5024 (0.5120)  loss_vfl_aux_1: 0.4908 (0.5069)  loss_vfl_aux_2: 0.4814 (0.4979)  loss_vfl_dn_0: 0.4688 (0.4715)  loss_vfl_dn_1: 0.4404 (0.4450)  loss_vfl_dn_2: 0.4363 (0.4397)  time: 0.9231  data: 0.0424  max mem: 8529
Epoch: [52]  [600/809]  eta: 0:03:15  lr: 0.000100  loss: 9.9218 (9.9800)  loss_bbox: 0.0798 (0.0883)  loss_bbox_aux_0: 0.0837 (0.0934)  loss_bbox_aux_1: 0.0832 (0.0898)  loss_bbox_aux_2: 0.1016 (0.1074)  loss_bbox_dn_0: 0.0523 (0.0537)  loss_bbox_dn_1: 0.0417 (0.0437)  loss_bbox_dn_2: 0.0401 (0.0425)  loss_giou: 0.9382 (0.9580)  loss_giou_aux_0: 0.9687 (0.9936)  loss_giou_aux_1: 0.9485 (0.9669)  loss_giou_aux_2: 1.0497 (1.0599)  loss_giou_dn_0: 0.7562 (0.7661)  loss_giou_dn_1: 0.6622 (0.6808)  loss_giou_dn_2: 0.6540 (0.6705)  loss_vfl: 0.5061 (0.4998)  loss_vfl_aux_0: 0.5156 (0.5097)  loss_vfl_aux_1: 0.5127 (0.5049)  loss_vfl_aux_2: 0.4971 (0.4951)  loss_vfl_dn_0: 0.4680 (0.4713)  loss_vfl_dn_1: 0.4430 (0.4448)  loss_vfl_dn_2: 0.4398 (0.4397)  time: 0.9683  data: 0.0386  max mem: 8529
Epoch: [52]  [700/809]  eta: 0:01:41  lr: 0.000100  loss: 9.5534 (9.9829)  loss_bbox: 0.0850 (0.0894)  loss_bbox_aux_0: 0.0887 (0.0946)  loss_bbox_aux_1: 0.0881 (0.0910)  loss_bbox_aux_2: 0.0992 (0.1086)  loss_bbox_dn_0: 0.0599 (0.0540)  loss_bbox_dn_1: 0.0472 (0.0440)  loss_bbox_dn_2: 0.0454 (0.0427)  loss_giou: 0.8998 (0.9581)  loss_giou_aux_0: 0.9360 (0.9937)  loss_giou_aux_1: 0.9109 (0.9674)  loss_giou_aux_2: 0.9926 (1.0605)  loss_giou_dn_0: 0.7470 (0.7658)  loss_giou_dn_1: 0.6604 (0.6804)  loss_giou_dn_2: 0.6450 (0.6698)  loss_vfl: 0.4995 (0.4993)  loss_vfl_aux_0: 0.5037 (0.5092)  loss_vfl_aux_1: 0.5066 (0.5041)  loss_vfl_aux_2: 0.5095 (0.4950)  loss_vfl_dn_0: 0.4723 (0.4713)  loss_vfl_dn_1: 0.4409 (0.4445)  loss_vfl_dn_2: 0.4386 (0.4394)  time: 0.9441  data: 0.0423  max mem: 8529
Epoch: [52]  [800/809]  eta: 0:00:08  lr: 0.000100  loss: 9.9257 (9.9741)  loss_bbox: 0.0866 (0.0893)  loss_bbox_aux_0: 0.0860 (0.0945)  loss_bbox_aux_1: 0.0877 (0.0910)  loss_bbox_aux_2: 0.1047 (0.1085)  loss_bbox_dn_0: 0.0510 (0.0543)  loss_bbox_dn_1: 0.0420 (0.0442)  loss_bbox_dn_2: 0.0413 (0.0429)  loss_giou: 0.9335 (0.9554)  loss_giou_aux_0: 1.0001 (0.9915)  loss_giou_aux_1: 0.9512 (0.9649)  loss_giou_aux_2: 1.0379 (1.0583)  loss_giou_dn_0: 0.7586 (0.7649)  loss_giou_dn_1: 0.6748 (0.6792)  loss_giou_dn_2: 0.6623 (0.6685)  loss_vfl: 0.4852 (0.4999)  loss_vfl_aux_0: 0.4941 (0.5102)  loss_vfl_aux_1: 0.4794 (0.5050)  loss_vfl_aux_2: 0.4883 (0.4962)  loss_vfl_dn_0: 0.4658 (0.4714)  loss_vfl_dn_1: 0.4446 (0.4446)  loss_vfl_dn_2: 0.4363 (0.4393)  time: 0.9688  data: 0.0370  max mem: 8529
Epoch: [52]  [808/809]  eta: 0:00:00  lr: 0.000100  loss: 9.7166 (9.9740)  loss_bbox: 0.0769 (0.0892)  loss_bbox_aux_0: 0.0813 (0.0944)  loss_bbox_aux_1: 0.0791 (0.0909)  loss_bbox_aux_2: 0.1006 (0.1084)  loss_bbox_dn_0: 0.0537 (0.0543)  loss_bbox_dn_1: 0.0419 (0.0442)  loss_bbox_dn_2: 0.0400 (0.0429)  loss_giou: 0.9043 (0.9556)  loss_giou_aux_0: 0.9480 (0.9916)  loss_giou_aux_1: 0.9171 (0.9650)  loss_giou_aux_2: 1.0184 (1.0583)  loss_giou_dn_0: 0.7554 (0.7651)  loss_giou_dn_1: 0.6637 (0.6793)  loss_giou_dn_2: 0.6541 (0.6687)  loss_vfl: 0.4966 (0.4998)  loss_vfl_aux_0: 0.5233 (0.5102)  loss_vfl_aux_1: 0.5001 (0.5048)  loss_vfl_aux_2: 0.4980 (0.4961)  loss_vfl_dn_0: 0.4664 (0.4714)  loss_vfl_dn_1: 0.4466 (0.4445)  loss_vfl_dn_2: 0.4421 (0.4393)  time: 0.8111  data: 0.0325  max mem: 8529
Epoch: [52] Total time: 0:12:34 (0.9324 s / it)
Averaged stats: lr: 0.000100  loss: 9.7166 (9.9740)  loss_bbox: 0.0769 (0.0892)  loss_bbox_aux_0: 0.0813 (0.0944)  loss_bbox_aux_1: 0.0791 (0.0909)  loss_bbox_aux_2: 0.1006 (0.1084)  loss_bbox_dn_0: 0.0537 (0.0543)  loss_bbox_dn_1: 0.0419 (0.0442)  loss_bbox_dn_2: 0.0400 (0.0429)  loss_giou: 0.9043 (0.9556)  loss_giou_aux_0: 0.9480 (0.9916)  loss_giou_aux_1: 0.9171 (0.9650)  loss_giou_aux_2: 1.0184 (1.0583)  loss_giou_dn_0: 0.7554 (0.7651)  loss_giou_dn_1: 0.6637 (0.6793)  loss_giou_dn_2: 0.6541 (0.6687)  loss_vfl: 0.4966 (0.4998)  loss_vfl_aux_0: 0.5233 (0.5102)  loss_vfl_aux_1: 0.5001 (0.5048)  loss_vfl_aux_2: 0.4980 (0.4961)  loss_vfl_dn_0: 0.4664 (0.4714)  loss_vfl_dn_1: 0.4466 (0.4445)  loss_vfl_dn_2: 0.4421 (0.4393)
Test:  [ 0/69]  eta: 0:01:42    time: 1.4872  data: 0.8227  max mem: 8529
Test:  [10/69]  eta: 0:00:40    time: 0.6835  data: 0.0933  max mem: 8529
Test:  [20/69]  eta: 0:00:32    time: 0.6138  data: 0.0211  max mem: 8529
Test:  [30/69]  eta: 0:00:24    time: 0.6098  data: 0.0218  max mem: 8529
Test:  [40/69]  eta: 0:00:17    time: 0.5771  data: 0.0216  max mem: 8529
Test:  [50/69]  eta: 0:00:11    time: 0.5348  data: 0.0221  max mem: 8529
Test:  [60/69]  eta: 0:00:05    time: 0.5215  data: 0.0231  max mem: 8529
Test:  [68/69]  eta: 0:00:00    time: 0.5411  data: 0.0219  max mem: 8529
Test: Total time: 0:00:40 (0.5844 s / it)
Averaged stats: 
Accumulating evaluation results...
DONE (t=2.03s).
IoU metric: bbox
 Average Precision  (AP) @[ IoU=0.50:0.95 | area=   all | maxDets=100 ] = 0.225
 Average Precision  (AP) @[ IoU=0.50      | area=   all | maxDets=100 ] = 0.372
 Average Precision  (AP) @[ IoU=0.75      | area=   all | maxDets=100 ] = 0.230
 Average Precision  (AP) @[ IoU=0.50:0.95 | area= small | maxDets=100 ] = 0.145
 Average Precision  (AP) @[ IoU=0.50:0.95 | area=medium | maxDets=100 ] = 0.317
 Average Precision  (AP) @[ IoU=0.50:0.95 | area= large | maxDets=100 ] = 0.410
 Average Recall     (AR) @[ IoU=0.50:0.95 | area=   all | maxDets=  1 ] = 0.099
 Average Recall     (AR) @[ IoU=0.50:0.95 | area=   all | maxDets= 10 ] = 0.281
 Average Recall     (AR) @[ IoU=0.50:0.95 | area=   all | maxDets=100 ] = 0.380
 Average Recall     (AR) @[ IoU=0.50:0.95 | area= small | maxDets=100 ] = 0.288
 Average Recall     (AR) @[ IoU=0.50:0.95 | area=medium | maxDets=100 ] = 0.501
 Average Recall     (AR) @[ IoU=0.50:0.95 | area= large | maxDets=100 ] = 0.620
best_stat:  {'epoch': 52, 'coco_eval_bbox': 0.22528643447151345}
Epoch: [53]  [  0/809]  eta: 1:09:55  lr: 0.000100  loss: 8.9846 (8.9846)  loss_bbox: 0.0790 (0.0790)  loss_bbox_aux_0: 0.0814 (0.0814)  loss_bbox_aux_1: 0.0812 (0.0812)  loss_bbox_aux_2: 0.1077 (0.1077)  loss_bbox_dn_0: 0.0701 (0.0701)  loss_bbox_dn_1: 0.0553 (0.0553)  loss_bbox_dn_2: 0.0532 (0.0532)  loss_giou: 0.7145 (0.7145)  loss_giou_aux_0: 0.7553 (0.7553)  loss_giou_aux_1: 0.7254 (0.7254)  loss_giou_aux_2: 0.8616 (0.8616)  loss_giou_dn_0: 0.6764 (0.6764)  loss_giou_dn_1: 0.5789 (0.5789)  loss_giou_dn_2: 0.5688 (0.5688)  loss_vfl: 0.5353 (0.5353)  loss_vfl_aux_0: 0.5623 (0.5623)  loss_vfl_aux_1: 0.5378 (0.5378)  loss_vfl_aux_2: 0.5464 (0.5464)  loss_vfl_dn_0: 0.4927 (0.4927)  loss_vfl_dn_1: 0.4539 (0.4539)  loss_vfl_dn_2: 0.4473 (0.4473)  time: 5.1861  data: 2.9376  max mem: 8529
Epoch: [53]  [100/809]  eta: 0:11:32  lr: 0.000100  loss: 9.8181 (9.9500)  loss_bbox: 0.0831 (0.0916)  loss_bbox_aux_0: 0.0830 (0.0968)  loss_bbox_aux_1: 0.0799 (0.0932)  loss_bbox_aux_2: 0.0983 (0.1100)  loss_bbox_dn_0: 0.0491 (0.0543)  loss_bbox_dn_1: 0.0387 (0.0447)  loss_bbox_dn_2: 0.0388 (0.0435)  loss_giou: 0.9022 (0.9462)  loss_giou_aux_0: 0.9368 (0.9821)  loss_giou_aux_1: 0.8952 (0.9545)  loss_giou_aux_2: 1.0367 (1.0532)  loss_giou_dn_0: 0.7727 (0.7606)  loss_giou_dn_1: 0.6930 (0.6764)  loss_giou_dn_2: 0.6760 (0.6653)  loss_vfl: 0.4929 (0.5022)  loss_vfl_aux_0: 0.5023 (0.5111)  loss_vfl_aux_1: 0.5072 (0.5088)  loss_vfl_aux_2: 0.4863 (0.4979)  loss_vfl_dn_0: 0.4706 (0.4724)  loss_vfl_dn_1: 0.4427 (0.4453)  loss_vfl_dn_2: 0.4327 (0.4397)  time: 0.8899  data: 0.0321  max mem: 8529
Epoch: [53]  [200/809]  eta: 0:09:42  lr: 0.000100  loss: 9.6419 (9.9747)  loss_bbox: 0.0727 (0.0908)  loss_bbox_aux_0: 0.0795 (0.0956)  loss_bbox_aux_1: 0.0745 (0.0921)  loss_bbox_aux_2: 0.0920 (0.1092)  loss_bbox_dn_0: 0.0506 (0.0536)  loss_bbox_dn_1: 0.0419 (0.0440)  loss_bbox_dn_2: 0.0405 (0.0427)  loss_giou: 0.8894 (0.9533)  loss_giou_aux_0: 0.9076 (0.9899)  loss_giou_aux_1: 0.8844 (0.9631)  loss_giou_aux_2: 0.9847 (1.0563)  loss_giou_dn_0: 0.7567 (0.7643)  loss_giou_dn_1: 0.6766 (0.6783)  loss_giou_dn_2: 0.6618 (0.6675)  loss_vfl: 0.4937 (0.5015)  loss_vfl_aux_0: 0.5208 (0.5111)  loss_vfl_aux_1: 0.5144 (0.5071)  loss_vfl_aux_2: 0.5255 (0.4971)  loss_vfl_dn_0: 0.4768 (0.4714)  loss_vfl_dn_1: 0.4485 (0.4456)  loss_vfl_dn_2: 0.4420 (0.4401)  time: 0.9474  data: 0.0371  max mem: 8529
Epoch: [53]  [300/809]  eta: 0:07:57  lr: 0.000100  loss: 9.7296 (9.9908)  loss_bbox: 0.0697 (0.0910)  loss_bbox_aux_0: 0.0710 (0.0960)  loss_bbox_aux_1: 0.0723 (0.0925)  loss_bbox_aux_2: 0.0868 (0.1104)  loss_bbox_dn_0: 0.0496 (0.0541)  loss_bbox_dn_1: 0.0400 (0.0444)  loss_bbox_dn_2: 0.0391 (0.0431)  loss_giou: 0.8310 (0.9569)  loss_giou_aux_0: 0.8643 (0.9930)  loss_giou_aux_1: 0.8423 (0.9662)  loss_giou_aux_2: 0.9537 (1.0604)  loss_giou_dn_0: 0.7398 (0.7647)  loss_giou_dn_1: 0.6618 (0.6778)  loss_giou_dn_2: 0.6545 (0.6670)  loss_vfl: 0.5084 (0.5014)  loss_vfl_aux_0: 0.5327 (0.5111)  loss_vfl_aux_1: 0.5177 (0.5069)  loss_vfl_aux_2: 0.5181 (0.4961)  loss_vfl_dn_0: 0.4788 (0.4716)  loss_vfl_dn_1: 0.4468 (0.4460)  loss_vfl_dn_2: 0.4402 (0.4405)  time: 0.9214  data: 0.0363  max mem: 8529
Epoch: [53]  [400/809]  eta: 0:06:21  lr: 0.000100  loss: 9.7122 (9.9748)  loss_bbox: 0.0736 (0.0905)  loss_bbox_aux_0: 0.0764 (0.0953)  loss_bbox_aux_1: 0.0766 (0.0921)  loss_bbox_aux_2: 0.0904 (0.1101)  loss_bbox_dn_0: 0.0522 (0.0543)  loss_bbox_dn_1: 0.0415 (0.0445)  loss_bbox_dn_2: 0.0406 (0.0433)  loss_giou: 0.9008 (0.9535)  loss_giou_aux_0: 0.9271 (0.9894)  loss_giou_aux_1: 0.9148 (0.9628)  loss_giou_aux_2: 0.9966 (1.0585)  loss_giou_dn_0: 0.7542 (0.7630)  loss_giou_dn_1: 0.6783 (0.6767)  loss_giou_dn_2: 0.6623 (0.6659)  loss_vfl: 0.5060 (0.5015)  loss_vfl_aux_0: 0.5208 (0.5112)  loss_vfl_aux_1: 0.5129 (0.5069)  loss_vfl_aux_2: 0.5052 (0.4965)  loss_vfl_dn_0: 0.4672 (0.4719)  loss_vfl_dn_1: 0.4426 (0.4462)  loss_vfl_dn_2: 0.4354 (0.4407)  time: 0.9256  data: 0.0409  max mem: 8529
Epoch: [53]  [500/809]  eta: 0:04:46  lr: 0.000100  loss: 10.0619 (9.9909)  loss_bbox: 0.0875 (0.0922)  loss_bbox_aux_0: 0.0945 (0.0974)  loss_bbox_aux_1: 0.0882 (0.0939)  loss_bbox_aux_2: 0.1042 (0.1121)  loss_bbox_dn_0: 0.0509 (0.0543)  loss_bbox_dn_1: 0.0424 (0.0445)  loss_bbox_dn_2: 0.0413 (0.0432)  loss_giou: 0.9428 (0.9552)  loss_giou_aux_0: 0.9791 (0.9912)  loss_giou_aux_1: 0.9492 (0.9647)  loss_giou_aux_2: 1.0504 (1.0604)  loss_giou_dn_0: 0.7650 (0.7639)  loss_giou_dn_1: 0.6792 (0.6773)  loss_giou_dn_2: 0.6691 (0.6666)  loss_vfl: 0.5166 (0.5016)  loss_vfl_aux_0: 0.5261 (0.5111)  loss_vfl_aux_1: 0.5256 (0.5071)  loss_vfl_aux_2: 0.5100 (0.4959)  loss_vfl_dn_0: 0.4757 (0.4717)  loss_vfl_dn_1: 0.4479 (0.4460)  loss_vfl_dn_2: 0.4425 (0.4406)  time: 0.8690  data: 0.0372  max mem: 8529
Epoch: [53]  [600/809]  eta: 0:03:12  lr: 0.000100  loss: 10.3572 (9.9868)  loss_bbox: 0.0828 (0.0914)  loss_bbox_aux_0: 0.0896 (0.0965)  loss_bbox_aux_1: 0.0853 (0.0931)  loss_bbox_aux_2: 0.1050 (0.1111)  loss_bbox_dn_0: 0.0582 (0.0544)  loss_bbox_dn_1: 0.0491 (0.0445)  loss_bbox_dn_2: 0.0463 (0.0433)  loss_giou: 1.0361 (0.9546)  loss_giou_aux_0: 1.0597 (0.9900)  loss_giou_aux_1: 1.0403 (0.9635)  loss_giou_aux_2: 1.1594 (1.0596)  loss_giou_dn_0: 0.7826 (0.7645)  loss_giou_dn_1: 0.7096 (0.6781)  loss_giou_dn_2: 0.6994 (0.6674)  loss_vfl: 0.4800 (0.5018)  loss_vfl_aux_0: 0.4974 (0.5111)  loss_vfl_aux_1: 0.4889 (0.5072)  loss_vfl_aux_2: 0.4677 (0.4957)  loss_vfl_dn_0: 0.4728 (0.4719)  loss_vfl_dn_1: 0.4467 (0.4461)  loss_vfl_dn_2: 0.4433 (0.4408)  time: 0.8826  data: 0.0397  max mem: 8529
Epoch: [53]  [700/809]  eta: 0:01:40  lr: 0.000100  loss: 9.7780 (9.9936)  loss_bbox: 0.0837 (0.0912)  loss_bbox_aux_0: 0.0891 (0.0965)  loss_bbox_aux_1: 0.0855 (0.0929)  loss_bbox_aux_2: 0.1040 (0.1114)  loss_bbox_dn_0: 0.0551 (0.0543)  loss_bbox_dn_1: 0.0446 (0.0444)  loss_bbox_dn_2: 0.0441 (0.0431)  loss_giou: 0.9605 (0.9576)  loss_giou_aux_0: 0.9897 (0.9936)  loss_giou_aux_1: 0.9750 (0.9667)  loss_giou_aux_2: 1.0682 (1.0625)  loss_giou_dn_0: 0.7387 (0.7650)  loss_giou_dn_1: 0.6531 (0.6788)  loss_giou_dn_2: 0.6390 (0.6681)  loss_vfl: 0.4917 (0.5002)  loss_vfl_aux_0: 0.5031 (0.5095)  loss_vfl_aux_1: 0.4983 (0.5057)  loss_vfl_aux_2: 0.4985 (0.4941)  loss_vfl_dn_0: 0.4734 (0.4718)  loss_vfl_dn_1: 0.4434 (0.4458)  loss_vfl_dn_2: 0.4375 (0.4405)  time: 0.9256  data: 0.0342  max mem: 8529
Epoch: [53]  [800/809]  eta: 0:00:08  lr: 0.000100  loss: 10.1147 (10.0015)  loss_bbox: 0.0898 (0.0916)  loss_bbox_aux_0: 0.0986 (0.0969)  loss_bbox_aux_1: 0.0911 (0.0933)  loss_bbox_aux_2: 0.1119 (0.1119)  loss_bbox_dn_0: 0.0522 (0.0544)  loss_bbox_dn_1: 0.0426 (0.0444)  loss_bbox_dn_2: 0.0413 (0.0431)  loss_giou: 0.9664 (0.9598)  loss_giou_aux_0: 0.9982 (0.9961)  loss_giou_aux_1: 0.9865 (0.9687)  loss_giou_aux_2: 1.0676 (1.0647)  loss_giou_dn_0: 0.7719 (0.7653)  loss_giou_dn_1: 0.6641 (0.6786)  loss_giou_dn_2: 0.6498 (0.6680)  loss_vfl: 0.5087 (0.4994)  loss_vfl_aux_0: 0.5100 (0.5087)  loss_vfl_aux_1: 0.5173 (0.5047)  loss_vfl_aux_2: 0.4924 (0.4934)  loss_vfl_dn_0: 0.4750 (0.4717)  loss_vfl_dn_1: 0.4548 (0.4460)  loss_vfl_dn_2: 0.4474 (0.4408)  time: 0.8971  data: 0.0390  max mem: 8529
Epoch: [53]  [808/809]  eta: 0:00:00  lr: 0.000100  loss: 9.6931 (9.9963)  loss_bbox: 0.0784 (0.0915)  loss_bbox_aux_0: 0.0812 (0.0969)  loss_bbox_aux_1: 0.0774 (0.0932)  loss_bbox_aux_2: 0.0976 (0.1118)  loss_bbox_dn_0: 0.0566 (0.0545)  loss_bbox_dn_1: 0.0434 (0.0445)  loss_bbox_dn_2: 0.0413 (0.0432)  loss_giou: 0.8392 (0.9585)  loss_giou_aux_0: 0.9135 (0.9948)  loss_giou_aux_1: 0.8481 (0.9673)  loss_giou_aux_2: 1.0226 (1.0634)  loss_giou_dn_0: 0.7502 (0.7649)  loss_giou_dn_1: 0.6598 (0.6782)  loss_giou_dn_2: 0.6436 (0.6675)  loss_vfl: 0.5171 (0.4997)  loss_vfl_aux_0: 0.5260 (0.5091)  loss_vfl_aux_1: 0.5297 (0.5050)  loss_vfl_aux_2: 0.5048 (0.4938)  loss_vfl_dn_0: 0.4730 (0.4717)  loss_vfl_dn_1: 0.4441 (0.4459)  loss_vfl_dn_2: 0.4373 (0.4407)  time: 0.7890  data: 0.0322  max mem: 8529
Epoch: [53] Total time: 0:12:23 (0.9187 s / it)
Averaged stats: lr: 0.000100  loss: 9.6931 (9.9963)  loss_bbox: 0.0784 (0.0915)  loss_bbox_aux_0: 0.0812 (0.0969)  loss_bbox_aux_1: 0.0774 (0.0932)  loss_bbox_aux_2: 0.0976 (0.1118)  loss_bbox_dn_0: 0.0566 (0.0545)  loss_bbox_dn_1: 0.0434 (0.0445)  loss_bbox_dn_2: 0.0413 (0.0432)  loss_giou: 0.8392 (0.9585)  loss_giou_aux_0: 0.9135 (0.9948)  loss_giou_aux_1: 0.8481 (0.9673)  loss_giou_aux_2: 1.0226 (1.0634)  loss_giou_dn_0: 0.7502 (0.7649)  loss_giou_dn_1: 0.6598 (0.6782)  loss_giou_dn_2: 0.6436 (0.6675)  loss_vfl: 0.5171 (0.4997)  loss_vfl_aux_0: 0.5260 (0.5091)  loss_vfl_aux_1: 0.5297 (0.5050)  loss_vfl_aux_2: 0.5048 (0.4938)  loss_vfl_dn_0: 0.4730 (0.4717)  loss_vfl_dn_1: 0.4441 (0.4459)  loss_vfl_dn_2: 0.4373 (0.4407)
Test:  [ 0/69]  eta: 0:01:25    time: 1.2393  data: 0.7104  max mem: 8529
Test:  [10/69]  eta: 0:00:38    time: 0.6551  data: 0.0791  max mem: 8529
Test:  [20/69]  eta: 0:00:31    time: 0.6060  data: 0.0179  max mem: 8529
Test:  [30/69]  eta: 0:00:23    time: 0.5899  data: 0.0202  max mem: 8529
Test:  [40/69]  eta: 0:00:17    time: 0.5529  data: 0.0198  max mem: 8529
Test:  [50/69]  eta: 0:00:10    time: 0.5258  data: 0.0192  max mem: 8529
Test:  [60/69]  eta: 0:00:05    time: 0.5076  data: 0.0191  max mem: 8529
Test:  [68/69]  eta: 0:00:00    time: 0.5148  data: 0.0179  max mem: 8529
Test: Total time: 0:00:38 (0.5645 s / it)
Averaged stats: 
Accumulating evaluation results...
DONE (t=2.10s).
IoU metric: bbox
 Average Precision  (AP) @[ IoU=0.50:0.95 | area=   all | maxDets=100 ] = 0.226
 Average Precision  (AP) @[ IoU=0.50      | area=   all | maxDets=100 ] = 0.373
 Average Precision  (AP) @[ IoU=0.75      | area=   all | maxDets=100 ] = 0.231
 Average Precision  (AP) @[ IoU=0.50:0.95 | area= small | maxDets=100 ] = 0.146
 Average Precision  (AP) @[ IoU=0.50:0.95 | area=medium | maxDets=100 ] = 0.318
 Average Precision  (AP) @[ IoU=0.50:0.95 | area= large | maxDets=100 ] = 0.410
 Average Recall     (AR) @[ IoU=0.50:0.95 | area=   all | maxDets=  1 ] = 0.099
 Average Recall     (AR) @[ IoU=0.50:0.95 | area=   all | maxDets= 10 ] = 0.282
 Average Recall     (AR) @[ IoU=0.50:0.95 | area=   all | maxDets=100 ] = 0.380
 Average Recall     (AR) @[ IoU=0.50:0.95 | area= small | maxDets=100 ] = 0.289
 Average Recall     (AR) @[ IoU=0.50:0.95 | area=medium | maxDets=100 ] = 0.501
 Average Recall     (AR) @[ IoU=0.50:0.95 | area= large | maxDets=100 ] = 0.617
best_stat:  {'epoch': 53, 'coco_eval_bbox': 0.22640080425027403}
Epoch: [54]  [  0/809]  eta: 1:02:28  lr: 0.000100  loss: 10.2877 (10.2877)  loss_bbox: 0.0772 (0.0772)  loss_bbox_aux_0: 0.0853 (0.0853)  loss_bbox_aux_1: 0.0748 (0.0748)  loss_bbox_aux_2: 0.0973 (0.0973)  loss_bbox_dn_0: 0.0524 (0.0524)  loss_bbox_dn_1: 0.0423 (0.0423)  loss_bbox_dn_2: 0.0418 (0.0418)  loss_giou: 1.0103 (1.0103)  loss_giou_aux_0: 1.0408 (1.0408)  loss_giou_aux_1: 1.0053 (1.0053)  loss_giou_aux_2: 1.0566 (1.0566)  loss_giou_dn_0: 0.8075 (0.8075)  loss_giou_dn_1: 0.7196 (0.7196)  loss_giou_dn_2: 0.7131 (0.7131)  loss_vfl: 0.5521 (0.5521)  loss_vfl_aux_0: 0.5361 (0.5361)  loss_vfl_aux_1: 0.5463 (0.5463)  loss_vfl_aux_2: 0.5312 (0.5312)  loss_vfl_dn_0: 0.4595 (0.4595)  loss_vfl_dn_1: 0.4210 (0.4210)  loss_vfl_dn_2: 0.4170 (0.4170)  time: 4.6333  data: 3.7897  max mem: 8529
Epoch: [54]  [100/809]  eta: 0:11:22  lr: 0.000100  loss: 10.0492 (9.9750)  loss_bbox: 0.0865 (0.0886)  loss_bbox_aux_0: 0.0932 (0.0949)  loss_bbox_aux_1: 0.0878 (0.0903)  loss_bbox_aux_2: 0.1131 (0.1091)  loss_bbox_dn_0: 0.0545 (0.0556)  loss_bbox_dn_1: 0.0441 (0.0452)  loss_bbox_dn_2: 0.0431 (0.0438)  loss_giou: 1.0138 (0.9523)  loss_giou_aux_0: 1.0602 (0.9921)  loss_giou_aux_1: 1.0246 (0.9616)  loss_giou_aux_2: 1.1073 (1.0554)  loss_giou_dn_0: 0.7898 (0.7645)  loss_giou_dn_1: 0.6900 (0.6777)  loss_giou_dn_2: 0.6838 (0.6671)  loss_vfl: 0.4973 (0.5041)  loss_vfl_aux_0: 0.5090 (0.5106)  loss_vfl_aux_1: 0.5161 (0.5084)  loss_vfl_aux_2: 0.4899 (0.4990)  loss_vfl_dn_0: 0.4647 (0.4709)  loss_vfl_dn_1: 0.4437 (0.4443)  loss_vfl_dn_2: 0.4423 (0.4394)  time: 0.9059  data: 0.0384  max mem: 8529
Epoch: [54]  [200/809]  eta: 0:09:30  lr: 0.000100  loss: 9.8345 (9.9805)  loss_bbox: 0.0895 (0.0921)  loss_bbox_aux_0: 0.0952 (0.0981)  loss_bbox_aux_1: 0.0906 (0.0936)  loss_bbox_aux_2: 0.1126 (0.1121)  loss_bbox_dn_0: 0.0500 (0.0547)  loss_bbox_dn_1: 0.0419 (0.0447)  loss_bbox_dn_2: 0.0404 (0.0434)  loss_giou: 0.9266 (0.9528)  loss_giou_aux_0: 0.9624 (0.9922)  loss_giou_aux_1: 0.9334 (0.9625)  loss_giou_aux_2: 1.0405 (1.0579)  loss_giou_dn_0: 0.7448 (0.7599)  loss_giou_dn_1: 0.6575 (0.6749)  loss_giou_dn_2: 0.6497 (0.6642)  loss_vfl: 0.4803 (0.5031)  loss_vfl_aux_0: 0.4849 (0.5109)  loss_vfl_aux_1: 0.4838 (0.5081)  loss_vfl_aux_2: 0.4707 (0.4982)  loss_vfl_dn_0: 0.4653 (0.4714)  loss_vfl_dn_1: 0.4500 (0.4452)  loss_vfl_dn_2: 0.4478 (0.4405)  time: 0.9319  data: 0.0371  max mem: 8529
Epoch: [54]  [300/809]  eta: 0:07:54  lr: 0.000100  loss: 9.9301 (9.9528)  loss_bbox: 0.0799 (0.0905)  loss_bbox_aux_0: 0.0848 (0.0963)  loss_bbox_aux_1: 0.0816 (0.0919)  loss_bbox_aux_2: 0.0966 (0.1100)  loss_bbox_dn_0: 0.0510 (0.0552)  loss_bbox_dn_1: 0.0413 (0.0450)  loss_bbox_dn_2: 0.0392 (0.0437)  loss_giou: 0.9500 (0.9462)  loss_giou_aux_0: 0.9982 (0.9849)  loss_giou_aux_1: 0.9738 (0.9562)  loss_giou_aux_2: 1.0822 (1.0524)  loss_giou_dn_0: 0.7732 (0.7594)  loss_giou_dn_1: 0.6663 (0.6740)  loss_giou_dn_2: 0.6532 (0.6632)  loss_vfl: 0.4976 (0.5045)  loss_vfl_aux_0: 0.5083 (0.5129)  loss_vfl_aux_1: 0.4993 (0.5094)  loss_vfl_aux_2: 0.4910 (0.5006)  loss_vfl_dn_0: 0.4686 (0.4714)  loss_vfl_dn_1: 0.4442 (0.4450)  loss_vfl_dn_2: 0.4343 (0.4401)  time: 0.8859  data: 0.0345  max mem: 8529
Epoch: [54]  [400/809]  eta: 0:06:20  lr: 0.000100  loss: 9.9576 (9.9613)  loss_bbox: 0.0787 (0.0895)  loss_bbox_aux_0: 0.0829 (0.0953)  loss_bbox_aux_1: 0.0805 (0.0911)  loss_bbox_aux_2: 0.0978 (0.1085)  loss_bbox_dn_0: 0.0517 (0.0546)  loss_bbox_dn_1: 0.0427 (0.0445)  loss_bbox_dn_2: 0.0414 (0.0433)  loss_giou: 0.8936 (0.9505)  loss_giou_aux_0: 0.9183 (0.9881)  loss_giou_aux_1: 0.9053 (0.9605)  loss_giou_aux_2: 0.9818 (1.0562)  loss_giou_dn_0: 0.7634 (0.7610)  loss_giou_dn_1: 0.6873 (0.6756)  loss_giou_dn_2: 0.6763 (0.6650)  loss_vfl: 0.5127 (0.5028)  loss_vfl_aux_0: 0.5249 (0.5117)  loss_vfl_aux_1: 0.5221 (0.5078)  loss_vfl_aux_2: 0.4951 (0.4994)  loss_vfl_dn_0: 0.4737 (0.4714)  loss_vfl_dn_1: 0.4437 (0.4449)  loss_vfl_dn_2: 0.4407 (0.4397)  time: 0.8956  data: 0.0404  max mem: 8529
Epoch: [54]  [500/809]  eta: 0:04:46  lr: 0.000100  loss: 9.5165 (9.9619)  loss_bbox: 0.0729 (0.0891)  loss_bbox_aux_0: 0.0785 (0.0945)  loss_bbox_aux_1: 0.0725 (0.0905)  loss_bbox_aux_2: 0.0910 (0.1075)  loss_bbox_dn_0: 0.0484 (0.0542)  loss_bbox_dn_1: 0.0389 (0.0442)  loss_bbox_dn_2: 0.0386 (0.0429)  loss_giou: 0.8887 (0.9529)  loss_giou_aux_0: 0.9339 (0.9896)  loss_giou_aux_1: 0.8915 (0.9627)  loss_giou_aux_2: 1.0002 (1.0573)  loss_giou_dn_0: 0.7298 (0.7626)  loss_giou_dn_1: 0.6499 (0.6772)  loss_giou_dn_2: 0.6343 (0.6665)  loss_vfl: 0.4781 (0.5006)  loss_vfl_aux_0: 0.4855 (0.5099)  loss_vfl_aux_1: 0.4791 (0.5063)  loss_vfl_aux_2: 0.4764 (0.4971)  loss_vfl_dn_0: 0.4675 (0.4715)  loss_vfl_dn_1: 0.4384 (0.4448)  loss_vfl_dn_2: 0.4351 (0.4397)  time: 0.9111  data: 0.0436  max mem: 8529
Epoch: [54]  [600/809]  eta: 0:03:13  lr: 0.000100  loss: 9.6739 (9.9494)  loss_bbox: 0.0769 (0.0888)  loss_bbox_aux_0: 0.0827 (0.0942)  loss_bbox_aux_1: 0.0769 (0.0902)  loss_bbox_aux_2: 0.0947 (0.1073)  loss_bbox_dn_0: 0.0476 (0.0541)  loss_bbox_dn_1: 0.0376 (0.0440)  loss_bbox_dn_2: 0.0367 (0.0428)  loss_giou: 0.9028 (0.9502)  loss_giou_aux_0: 0.9114 (0.9869)  loss_giou_aux_1: 0.9033 (0.9601)  loss_giou_aux_2: 1.0195 (1.0547)  loss_giou_dn_0: 0.7361 (0.7618)  loss_giou_dn_1: 0.6572 (0.6758)  loss_giou_dn_2: 0.6518 (0.6650)  loss_vfl: 0.4962 (0.5015)  loss_vfl_aux_0: 0.5142 (0.5109)  loss_vfl_aux_1: 0.5056 (0.5073)  loss_vfl_aux_2: 0.4958 (0.4982)  loss_vfl_dn_0: 0.4619 (0.4713)  loss_vfl_dn_1: 0.4385 (0.4447)  loss_vfl_dn_2: 0.4321 (0.4396)  time: 0.8915  data: 0.0338  max mem: 8529
Epoch: [54]  [700/809]  eta: 0:01:40  lr: 0.000100  loss: 9.9614 (9.9764)  loss_bbox: 0.0926 (0.0900)  loss_bbox_aux_0: 0.0964 (0.0956)  loss_bbox_aux_1: 0.0957 (0.0913)  loss_bbox_aux_2: 0.1047 (0.1087)  loss_bbox_dn_0: 0.0487 (0.0539)  loss_bbox_dn_1: 0.0392 (0.0439)  loss_bbox_dn_2: 0.0379 (0.0426)  loss_giou: 0.9631 (0.9569)  loss_giou_aux_0: 0.9927 (0.9940)  loss_giou_aux_1: 0.9638 (0.9669)  loss_giou_aux_2: 1.0499 (1.0611)  loss_giou_dn_0: 0.7605 (0.7630)  loss_giou_dn_1: 0.6864 (0.6774)  loss_giou_dn_2: 0.6701 (0.6667)  loss_vfl: 0.4791 (0.4997)  loss_vfl_aux_0: 0.4897 (0.5087)  loss_vfl_aux_1: 0.4866 (0.5053)  loss_vfl_aux_2: 0.4774 (0.4959)  loss_vfl_dn_0: 0.4703 (0.4712)  loss_vfl_dn_1: 0.4468 (0.4445)  loss_vfl_dn_2: 0.4398 (0.4393)  time: 0.8648  data: 0.0313  max mem: 8529
Epoch: [54]  [800/809]  eta: 0:00:08  lr: 0.000100  loss: 10.0127 (9.9692)  loss_bbox: 0.0793 (0.0897)  loss_bbox_aux_0: 0.0937 (0.0956)  loss_bbox_aux_1: 0.0822 (0.0911)  loss_bbox_aux_2: 0.1080 (0.1089)  loss_bbox_dn_0: 0.0471 (0.0540)  loss_bbox_dn_1: 0.0380 (0.0439)  loss_bbox_dn_2: 0.0369 (0.0427)  loss_giou: 0.9833 (0.9554)  loss_giou_aux_0: 1.0142 (0.9924)  loss_giou_aux_1: 0.9964 (0.9651)  loss_giou_aux_2: 1.0838 (1.0597)  loss_giou_dn_0: 0.7525 (0.7627)  loss_giou_dn_1: 0.6736 (0.6769)  loss_giou_dn_2: 0.6605 (0.6661)  loss_vfl: 0.4894 (0.5000)  loss_vfl_aux_0: 0.4906 (0.5086)  loss_vfl_aux_1: 0.4934 (0.5054)  loss_vfl_aux_2: 0.4818 (0.4959)  loss_vfl_dn_0: 0.4651 (0.4712)  loss_vfl_dn_1: 0.4377 (0.4444)  loss_vfl_dn_2: 0.4357 (0.4393)  time: 0.9227  data: 0.0381  max mem: 8529
Epoch: [54]  [808/809]  eta: 0:00:00  lr: 0.000100  loss: 9.7340 (9.9675)  loss_bbox: 0.0758 (0.0896)  loss_bbox_aux_0: 0.0851 (0.0955)  loss_bbox_aux_1: 0.0764 (0.0910)  loss_bbox_aux_2: 0.1018 (0.1088)  loss_bbox_dn_0: 0.0471 (0.0540)  loss_bbox_dn_1: 0.0381 (0.0439)  loss_bbox_dn_2: 0.0370 (0.0426)  loss_giou: 0.9269 (0.9552)  loss_giou_aux_0: 0.9813 (0.9922)  loss_giou_aux_1: 0.9295 (0.9649)  loss_giou_aux_2: 1.0318 (1.0597)  loss_giou_dn_0: 0.7290 (0.7625)  loss_giou_dn_1: 0.6474 (0.6768)  loss_giou_dn_2: 0.6293 (0.6660)  loss_vfl: 0.5001 (0.5001)  loss_vfl_aux_0: 0.4906 (0.5086)  loss_vfl_aux_1: 0.5037 (0.5055)  loss_vfl_aux_2: 0.4839 (0.4958)  loss_vfl_dn_0: 0.4653 (0.4712)  loss_vfl_dn_1: 0.4370 (0.4443)  loss_vfl_dn_2: 0.4357 (0.4393)  time: 0.7727  data: 0.0285  max mem: 8529
Epoch: [54] Total time: 0:12:23 (0.9187 s / it)
Averaged stats: lr: 0.000100  loss: 9.7340 (9.9675)  loss_bbox: 0.0758 (0.0896)  loss_bbox_aux_0: 0.0851 (0.0955)  loss_bbox_aux_1: 0.0764 (0.0910)  loss_bbox_aux_2: 0.1018 (0.1088)  loss_bbox_dn_0: 0.0471 (0.0540)  loss_bbox_dn_1: 0.0381 (0.0439)  loss_bbox_dn_2: 0.0370 (0.0426)  loss_giou: 0.9269 (0.9552)  loss_giou_aux_0: 0.9813 (0.9922)  loss_giou_aux_1: 0.9295 (0.9649)  loss_giou_aux_2: 1.0318 (1.0597)  loss_giou_dn_0: 0.7290 (0.7625)  loss_giou_dn_1: 0.6474 (0.6768)  loss_giou_dn_2: 0.6293 (0.6660)  loss_vfl: 0.5001 (0.5001)  loss_vfl_aux_0: 0.4906 (0.5086)  loss_vfl_aux_1: 0.5037 (0.5055)  loss_vfl_aux_2: 0.4839 (0.4958)  loss_vfl_dn_0: 0.4653 (0.4712)  loss_vfl_dn_1: 0.4370 (0.4443)  loss_vfl_dn_2: 0.4357 (0.4393)
Test:  [ 0/69]  eta: 0:01:41    time: 1.4722  data: 0.9210  max mem: 8529
Test:  [10/69]  eta: 0:00:43    time: 0.7438  data: 0.1001  max mem: 8529
Test:  [20/69]  eta: 0:00:33    time: 0.6337  data: 0.0198  max mem: 8529
Test:  [30/69]  eta: 0:00:25    time: 0.5909  data: 0.0200  max mem: 8529
Test:  [40/69]  eta: 0:00:18    time: 0.5700  data: 0.0196  max mem: 8529
Test:  [50/69]  eta: 0:00:11    time: 0.5486  data: 0.0219  max mem: 8529
Test:  [60/69]  eta: 0:00:05    time: 0.5425  data: 0.0224  max mem: 8529
Test:  [68/69]  eta: 0:00:00    time: 0.5565  data: 0.0212  max mem: 8529
Test: Total time: 0:00:41 (0.5972 s / it)
Averaged stats: 
Accumulating evaluation results...
DONE (t=1.93s).
IoU metric: bbox
 Average Precision  (AP) @[ IoU=0.50:0.95 | area=   all | maxDets=100 ] = 0.227
 Average Precision  (AP) @[ IoU=0.50      | area=   all | maxDets=100 ] = 0.375
 Average Precision  (AP) @[ IoU=0.75      | area=   all | maxDets=100 ] = 0.232
 Average Precision  (AP) @[ IoU=0.50:0.95 | area= small | maxDets=100 ] = 0.146
 Average Precision  (AP) @[ IoU=0.50:0.95 | area=medium | maxDets=100 ] = 0.319
 Average Precision  (AP) @[ IoU=0.50:0.95 | area= large | maxDets=100 ] = 0.416
 Average Recall     (AR) @[ IoU=0.50:0.95 | area=   all | maxDets=  1 ] = 0.100
 Average Recall     (AR) @[ IoU=0.50:0.95 | area=   all | maxDets= 10 ] = 0.283
 Average Recall     (AR) @[ IoU=0.50:0.95 | area=   all | maxDets=100 ] = 0.381
 Average Recall     (AR) @[ IoU=0.50:0.95 | area= small | maxDets=100 ] = 0.290
 Average Recall     (AR) @[ IoU=0.50:0.95 | area=medium | maxDets=100 ] = 0.502
 Average Recall     (AR) @[ IoU=0.50:0.95 | area= large | maxDets=100 ] = 0.616
best_stat:  {'epoch': 54, 'coco_eval_bbox': 0.22736887147230408}
Epoch: [55]  [  0/809]  eta: 1:13:08  lr: 0.000100  loss: 9.7751 (9.7751)  loss_bbox: 0.0710 (0.0710)  loss_bbox_aux_0: 0.0898 (0.0898)  loss_bbox_aux_1: 0.0747 (0.0747)  loss_bbox_aux_2: 0.1105 (0.1105)  loss_bbox_dn_0: 0.0572 (0.0572)  loss_bbox_dn_1: 0.0463 (0.0463)  loss_bbox_dn_2: 0.0434 (0.0434)  loss_giou: 0.9272 (0.9272)  loss_giou_aux_0: 0.9751 (0.9751)  loss_giou_aux_1: 0.9219 (0.9219)  loss_giou_aux_2: 1.0355 (1.0355)  loss_giou_dn_0: 0.7661 (0.7661)  loss_giou_dn_1: 0.6602 (0.6602)  loss_giou_dn_2: 0.6460 (0.6460)  loss_vfl: 0.5103 (0.5103)  loss_vfl_aux_0: 0.5012 (0.5012)  loss_vfl_aux_1: 0.5034 (0.5034)  loss_vfl_aux_2: 0.4966 (0.4966)  loss_vfl_dn_0: 0.4613 (0.4613)  loss_vfl_dn_1: 0.4419 (0.4419)  loss_vfl_dn_2: 0.4357 (0.4357)  time: 5.4252  data: 4.2895  max mem: 8529
Epoch: [55]  [100/809]  eta: 0:11:13  lr: 0.000100  loss: 9.6513 (9.8505)  loss_bbox: 0.0740 (0.0879)  loss_bbox_aux_0: 0.0797 (0.0960)  loss_bbox_aux_1: 0.0771 (0.0896)  loss_bbox_aux_2: 0.1005 (0.1105)  loss_bbox_dn_0: 0.0511 (0.0573)  loss_bbox_dn_1: 0.0402 (0.0462)  loss_bbox_dn_2: 0.0394 (0.0448)  loss_giou: 0.8726 (0.9231)  loss_giou_aux_0: 0.9014 (0.9600)  loss_giou_aux_1: 0.8681 (0.9316)  loss_giou_aux_2: 0.9616 (1.0311)  loss_giou_dn_0: 0.7243 (0.7628)  loss_giou_dn_1: 0.6415 (0.6722)  loss_giou_dn_2: 0.6256 (0.6617)  loss_vfl: 0.5278 (0.5038)  loss_vfl_aux_0: 0.5425 (0.5121)  loss_vfl_aux_1: 0.5398 (0.5084)  loss_vfl_aux_2: 0.5211 (0.5004)  loss_vfl_dn_0: 0.4653 (0.4700)  loss_vfl_dn_1: 0.4376 (0.4435)  loss_vfl_dn_2: 0.4299 (0.4376)  time: 0.8831  data: 0.0360  max mem: 8529
Epoch: [55]  [200/809]  eta: 0:09:26  lr: 0.000100  loss: 9.9838 (9.8885)  loss_bbox: 0.0888 (0.0900)  loss_bbox_aux_0: 0.0935 (0.0966)  loss_bbox_aux_1: 0.0905 (0.0916)  loss_bbox_aux_2: 0.1105 (0.1104)  loss_bbox_dn_0: 0.0543 (0.0555)  loss_bbox_dn_1: 0.0443 (0.0450)  loss_bbox_dn_2: 0.0441 (0.0437)  loss_giou: 0.9281 (0.9358)  loss_giou_aux_0: 0.9422 (0.9706)  loss_giou_aux_1: 0.9314 (0.9441)  loss_giou_aux_2: 1.0207 (1.0406)  loss_giou_dn_0: 0.7641 (0.7611)  loss_giou_dn_1: 0.6750 (0.6735)  loss_giou_dn_2: 0.6667 (0.6632)  loss_vfl: 0.5020 (0.5003)  loss_vfl_aux_0: 0.5054 (0.5101)  loss_vfl_aux_1: 0.5052 (0.5054)  loss_vfl_aux_2: 0.4822 (0.4978)  loss_vfl_dn_0: 0.4689 (0.4706)  loss_vfl_dn_1: 0.4420 (0.4442)  loss_vfl_dn_2: 0.4373 (0.4386)  time: 0.8568  data: 0.0379  max mem: 8529
Epoch: [55]  [300/809]  eta: 0:07:51  lr: 0.000100  loss: 9.9211 (9.9099)  loss_bbox: 0.0729 (0.0888)  loss_bbox_aux_0: 0.0757 (0.0947)  loss_bbox_aux_1: 0.0747 (0.0902)  loss_bbox_aux_2: 0.0896 (0.1087)  loss_bbox_dn_0: 0.0475 (0.0545)  loss_bbox_dn_1: 0.0371 (0.0441)  loss_bbox_dn_2: 0.0360 (0.0428)  loss_giou: 0.9479 (0.9413)  loss_giou_aux_0: 0.9787 (0.9764)  loss_giou_aux_1: 0.9491 (0.9498)  loss_giou_aux_2: 1.0263 (1.0475)  loss_giou_dn_0: 0.7481 (0.7605)  loss_giou_dn_1: 0.6658 (0.6732)  loss_giou_dn_2: 0.6529 (0.6626)  loss_vfl: 0.5089 (0.5019)  loss_vfl_aux_0: 0.5121 (0.5123)  loss_vfl_aux_1: 0.5134 (0.5073)  loss_vfl_aux_2: 0.4960 (0.4994)  loss_vfl_dn_0: 0.4749 (0.4709)  loss_vfl_dn_1: 0.4478 (0.4443)  loss_vfl_dn_2: 0.4436 (0.4387)  time: 0.9245  data: 0.0365  max mem: 8529
Epoch: [55]  [400/809]  eta: 0:06:16  lr: 0.000100  loss: 9.9712 (9.9285)  loss_bbox: 0.0776 (0.0895)  loss_bbox_aux_0: 0.0843 (0.0952)  loss_bbox_aux_1: 0.0823 (0.0908)  loss_bbox_aux_2: 0.1004 (0.1095)  loss_bbox_dn_0: 0.0502 (0.0551)  loss_bbox_dn_1: 0.0407 (0.0446)  loss_bbox_dn_2: 0.0385 (0.0432)  loss_giou: 0.9287 (0.9451)  loss_giou_aux_0: 0.9716 (0.9807)  loss_giou_aux_1: 0.9496 (0.9539)  loss_giou_aux_2: 1.0371 (1.0512)  loss_giou_dn_0: 0.7775 (0.7620)  loss_giou_dn_1: 0.6878 (0.6739)  loss_giou_dn_2: 0.6722 (0.6631)  loss_vfl: 0.4966 (0.5010)  loss_vfl_aux_0: 0.5162 (0.5113)  loss_vfl_aux_1: 0.5105 (0.5067)  loss_vfl_aux_2: 0.4930 (0.4986)  loss_vfl_dn_0: 0.4684 (0.4706)  loss_vfl_dn_1: 0.4429 (0.4440)  loss_vfl_dn_2: 0.4391 (0.4384)  time: 0.8998  data: 0.0354  max mem: 8529
Epoch: [55]  [500/809]  eta: 0:04:45  lr: 0.000100  loss: 9.9080 (9.9677)  loss_bbox: 0.0822 (0.0906)  loss_bbox_aux_0: 0.0878 (0.0960)  loss_bbox_aux_1: 0.0836 (0.0920)  loss_bbox_aux_2: 0.0977 (0.1103)  loss_bbox_dn_0: 0.0541 (0.0547)  loss_bbox_dn_1: 0.0448 (0.0444)  loss_bbox_dn_2: 0.0423 (0.0431)  loss_giou: 0.9099 (0.9540)  loss_giou_aux_0: 0.9555 (0.9900)  loss_giou_aux_1: 0.9163 (0.9631)  loss_giou_aux_2: 1.0029 (1.0596)  loss_giou_dn_0: 0.7761 (0.7637)  loss_giou_dn_1: 0.6806 (0.6763)  loss_giou_dn_2: 0.6727 (0.6655)  loss_vfl: 0.5128 (0.4994)  loss_vfl_aux_0: 0.5062 (0.5097)  loss_vfl_aux_1: 0.5089 (0.5050)  loss_vfl_aux_2: 0.5128 (0.4967)  loss_vfl_dn_0: 0.4692 (0.4704)  loss_vfl_dn_1: 0.4487 (0.4444)  loss_vfl_dn_2: 0.4464 (0.4389)  time: 0.9087  data: 0.0379  max mem: 8529
Epoch: [55]  [600/809]  eta: 0:03:12  lr: 0.000100  loss: 9.6162 (9.9448)  loss_bbox: 0.0882 (0.0905)  loss_bbox_aux_0: 0.0918 (0.0957)  loss_bbox_aux_1: 0.0890 (0.0917)  loss_bbox_aux_2: 0.0981 (0.1098)  loss_bbox_dn_0: 0.0519 (0.0545)  loss_bbox_dn_1: 0.0426 (0.0442)  loss_bbox_dn_2: 0.0420 (0.0429)  loss_giou: 0.8670 (0.9492)  loss_giou_aux_0: 0.8990 (0.9854)  loss_giou_aux_1: 0.8746 (0.9586)  loss_giou_aux_2: 0.9665 (1.0548)  loss_giou_dn_0: 0.7332 (0.7603)  loss_giou_dn_1: 0.6301 (0.6736)  loss_giou_dn_2: 0.6223 (0.6628)  loss_vfl: 0.5415 (0.5008)  loss_vfl_aux_0: 0.5527 (0.5111)  loss_vfl_aux_1: 0.5537 (0.5066)  loss_vfl_aux_2: 0.5403 (0.4985)  loss_vfl_dn_0: 0.4664 (0.4707)  loss_vfl_dn_1: 0.4436 (0.4442)  loss_vfl_dn_2: 0.4401 (0.4388)  time: 0.9358  data: 0.0434  max mem: 8529
Epoch: [55]  [700/809]  eta: 0:01:40  lr: 0.000100  loss: 9.7778 (9.9273)  loss_bbox: 0.0864 (0.0901)  loss_bbox_aux_0: 0.0925 (0.0954)  loss_bbox_aux_1: 0.0892 (0.0914)  loss_bbox_aux_2: 0.1033 (0.1094)  loss_bbox_dn_0: 0.0505 (0.0548)  loss_bbox_dn_1: 0.0399 (0.0445)  loss_bbox_dn_2: 0.0391 (0.0431)  loss_giou: 0.9582 (0.9450)  loss_giou_aux_0: 0.9864 (0.9814)  loss_giou_aux_1: 0.9668 (0.9543)  loss_giou_aux_2: 1.0581 (1.0500)  loss_giou_dn_0: 0.7786 (0.7583)  loss_giou_dn_1: 0.6756 (0.6717)  loss_giou_dn_2: 0.6657 (0.6607)  loss_vfl: 0.4880 (0.5025)  loss_vfl_aux_0: 0.4846 (0.5125)  loss_vfl_aux_1: 0.4884 (0.5080)  loss_vfl_aux_2: 0.4713 (0.5001)  loss_vfl_dn_0: 0.4701 (0.4710)  loss_vfl_dn_1: 0.4421 (0.4443)  loss_vfl_dn_2: 0.4376 (0.4389)  time: 0.9194  data: 0.0380  max mem: 8529
Epoch: [55]  [800/809]  eta: 0:00:08  lr: 0.000100  loss: 10.0194 (9.9029)  loss_bbox: 0.0721 (0.0889)  loss_bbox_aux_0: 0.0754 (0.0942)  loss_bbox_aux_1: 0.0733 (0.0902)  loss_bbox_aux_2: 0.0909 (0.1079)  loss_bbox_dn_0: 0.0493 (0.0546)  loss_bbox_dn_1: 0.0384 (0.0443)  loss_bbox_dn_2: 0.0372 (0.0430)  loss_giou: 0.9726 (0.9398)  loss_giou_aux_0: 1.0106 (0.9765)  loss_giou_aux_1: 0.9741 (0.9492)  loss_giou_aux_2: 1.0791 (1.0451)  loss_giou_dn_0: 0.7519 (0.7573)  loss_giou_dn_1: 0.6588 (0.6704)  loss_giou_dn_2: 0.6502 (0.6594)  loss_vfl: 0.5009 (0.5037)  loss_vfl_aux_0: 0.5070 (0.5135)  loss_vfl_aux_1: 0.5044 (0.5095)  loss_vfl_aux_2: 0.4884 (0.5011)  loss_vfl_dn_0: 0.4670 (0.4710)  loss_vfl_dn_1: 0.4393 (0.4443)  loss_vfl_dn_2: 0.4336 (0.4389)  time: 0.9262  data: 0.0292  max mem: 8529
Epoch: [55]  [808/809]  eta: 0:00:00  lr: 0.000100  loss: 10.0965 (9.9052)  loss_bbox: 0.0890 (0.0889)  loss_bbox_aux_0: 0.0941 (0.0943)  loss_bbox_aux_1: 0.0904 (0.0903)  loss_bbox_aux_2: 0.1057 (0.1080)  loss_bbox_dn_0: 0.0482 (0.0546)  loss_bbox_dn_1: 0.0384 (0.0443)  loss_bbox_dn_2: 0.0372 (0.0430)  loss_giou: 0.9876 (0.9405)  loss_giou_aux_0: 1.0119 (0.9772)  loss_giou_aux_1: 0.9845 (0.9498)  loss_giou_aux_2: 1.1165 (1.0457)  loss_giou_dn_0: 0.7722 (0.7576)  loss_giou_dn_1: 0.6862 (0.6707)  loss_giou_dn_2: 0.6780 (0.6597)  loss_vfl: 0.4691 (0.5034)  loss_vfl_aux_0: 0.4910 (0.5132)  loss_vfl_aux_1: 0.4777 (0.5091)  loss_vfl_aux_2: 0.4690 (0.5006)  loss_vfl_dn_0: 0.4650 (0.4710)  loss_vfl_dn_1: 0.4393 (0.4444)  loss_vfl_dn_2: 0.4365 (0.4390)  time: 0.7840  data: 0.0280  max mem: 8529
Epoch: [55] Total time: 0:12:23 (0.9191 s / it)
Averaged stats: lr: 0.000100  loss: 10.0965 (9.9052)  loss_bbox: 0.0890 (0.0889)  loss_bbox_aux_0: 0.0941 (0.0943)  loss_bbox_aux_1: 0.0904 (0.0903)  loss_bbox_aux_2: 0.1057 (0.1080)  loss_bbox_dn_0: 0.0482 (0.0546)  loss_bbox_dn_1: 0.0384 (0.0443)  loss_bbox_dn_2: 0.0372 (0.0430)  loss_giou: 0.9876 (0.9405)  loss_giou_aux_0: 1.0119 (0.9772)  loss_giou_aux_1: 0.9845 (0.9498)  loss_giou_aux_2: 1.1165 (1.0457)  loss_giou_dn_0: 0.7722 (0.7576)  loss_giou_dn_1: 0.6862 (0.6707)  loss_giou_dn_2: 0.6780 (0.6597)  loss_vfl: 0.4691 (0.5034)  loss_vfl_aux_0: 0.4910 (0.5132)  loss_vfl_aux_1: 0.4777 (0.5091)  loss_vfl_aux_2: 0.4690 (0.5006)  loss_vfl_dn_0: 0.4650 (0.4710)  loss_vfl_dn_1: 0.4393 (0.4444)  loss_vfl_dn_2: 0.4365 (0.4390)
Test:  [ 0/69]  eta: 0:01:24    time: 1.2213  data: 0.6588  max mem: 8529
Test:  [10/69]  eta: 0:00:43    time: 0.7306  data: 0.0777  max mem: 8529
Test:  [20/69]  eta: 0:00:32    time: 0.6406  data: 0.0196  max mem: 8529
Test:  [30/69]  eta: 0:00:24    time: 0.5898  data: 0.0208  max mem: 8529
Test:  [40/69]  eta: 0:00:17    time: 0.5612  data: 0.0217  max mem: 8529
Test:  [50/69]  eta: 0:00:11    time: 0.5195  data: 0.0209  max mem: 8529
Test:  [60/69]  eta: 0:00:05    time: 0.4931  data: 0.0207  max mem: 8529
Test:  [68/69]  eta: 0:00:00    time: 0.5056  data: 0.0205  max mem: 8529
Test: Total time: 0:00:39 (0.5731 s / it)
Averaged stats: 
Accumulating evaluation results...
DONE (t=1.97s).
IoU metric: bbox
 Average Precision  (AP) @[ IoU=0.50:0.95 | area=   all | maxDets=100 ] = 0.228
 Average Precision  (AP) @[ IoU=0.50      | area=   all | maxDets=100 ] = 0.376
 Average Precision  (AP) @[ IoU=0.75      | area=   all | maxDets=100 ] = 0.233
 Average Precision  (AP) @[ IoU=0.50:0.95 | area= small | maxDets=100 ] = 0.147
 Average Precision  (AP) @[ IoU=0.50:0.95 | area=medium | maxDets=100 ] = 0.321
 Average Precision  (AP) @[ IoU=0.50:0.95 | area= large | maxDets=100 ] = 0.411
 Average Recall     (AR) @[ IoU=0.50:0.95 | area=   all | maxDets=  1 ] = 0.100
 Average Recall     (AR) @[ IoU=0.50:0.95 | area=   all | maxDets= 10 ] = 0.284
 Average Recall     (AR) @[ IoU=0.50:0.95 | area=   all | maxDets=100 ] = 0.383
 Average Recall     (AR) @[ IoU=0.50:0.95 | area= small | maxDets=100 ] = 0.292
 Average Recall     (AR) @[ IoU=0.50:0.95 | area=medium | maxDets=100 ] = 0.502
 Average Recall     (AR) @[ IoU=0.50:0.95 | area= large | maxDets=100 ] = 0.608
best_stat:  {'epoch': 55, 'coco_eval_bbox': 0.22789593109337972}
Epoch: [56]  [  0/809]  eta: 0:50:39  lr: 0.000100  loss: 9.7600 (9.7600)  loss_bbox: 0.0759 (0.0759)  loss_bbox_aux_0: 0.0754 (0.0754)  loss_bbox_aux_1: 0.0782 (0.0782)  loss_bbox_aux_2: 0.0905 (0.0905)  loss_bbox_dn_0: 0.0580 (0.0580)  loss_bbox_dn_1: 0.0497 (0.0497)  loss_bbox_dn_2: 0.0479 (0.0479)  loss_giou: 0.9346 (0.9346)  loss_giou_aux_0: 0.9667 (0.9667)  loss_giou_aux_1: 0.9412 (0.9412)  loss_giou_aux_2: 0.9649 (0.9649)  loss_giou_dn_0: 0.7384 (0.7384)  loss_giou_dn_1: 0.6639 (0.6639)  loss_giou_dn_2: 0.6509 (0.6509)  loss_vfl: 0.5074 (0.5074)  loss_vfl_aux_0: 0.5344 (0.5344)  loss_vfl_aux_1: 0.5103 (0.5103)  loss_vfl_aux_2: 0.5499 (0.5499)  loss_vfl_dn_0: 0.4525 (0.4525)  loss_vfl_dn_1: 0.4371 (0.4371)  loss_vfl_dn_2: 0.4322 (0.4322)  time: 3.7565  data: 1.8992  max mem: 8529
Epoch: [56]  [100/809]  eta: 0:11:40  lr: 0.000100  loss: 9.4024 (9.9388)  loss_bbox: 0.0696 (0.0886)  loss_bbox_aux_0: 0.0789 (0.0941)  loss_bbox_aux_1: 0.0735 (0.0900)  loss_bbox_aux_2: 0.0964 (0.1078)  loss_bbox_dn_0: 0.0474 (0.0521)  loss_bbox_dn_1: 0.0380 (0.0423)  loss_bbox_dn_2: 0.0369 (0.0410)  loss_giou: 0.8857 (0.9631)  loss_giou_aux_0: 0.9233 (1.0003)  loss_giou_aux_1: 0.8970 (0.9721)  loss_giou_aux_2: 0.9883 (1.0676)  loss_giou_dn_0: 0.7252 (0.7618)  loss_giou_dn_1: 0.6339 (0.6775)  loss_giou_dn_2: 0.6196 (0.6659)  loss_vfl: 0.4987 (0.4889)  loss_vfl_aux_0: 0.5168 (0.4990)  loss_vfl_aux_1: 0.5129 (0.4957)  loss_vfl_aux_2: 0.4946 (0.4862)  loss_vfl_dn_0: 0.4663 (0.4678)  loss_vfl_dn_1: 0.4380 (0.4414)  loss_vfl_dn_2: 0.4346 (0.4356)  time: 0.9430  data: 0.0426  max mem: 8529
Epoch: [56]  [200/809]  eta: 0:09:43  lr: 0.000100  loss: 9.7714 (9.9203)  loss_bbox: 0.0922 (0.0889)  loss_bbox_aux_0: 0.0894 (0.0943)  loss_bbox_aux_1: 0.0920 (0.0904)  loss_bbox_aux_2: 0.1000 (0.1081)  loss_bbox_dn_0: 0.0508 (0.0536)  loss_bbox_dn_1: 0.0430 (0.0438)  loss_bbox_dn_2: 0.0402 (0.0424)  loss_giou: 0.9177 (0.9527)  loss_giou_aux_0: 0.9759 (0.9882)  loss_giou_aux_1: 0.9303 (0.9607)  loss_giou_aux_2: 1.0375 (1.0563)  loss_giou_dn_0: 0.7491 (0.7577)  loss_giou_dn_1: 0.6762 (0.6744)  loss_giou_dn_2: 0.6592 (0.6633)  loss_vfl: 0.4943 (0.4951)  loss_vfl_aux_0: 0.5078 (0.5065)  loss_vfl_aux_1: 0.5030 (0.5017)  loss_vfl_aux_2: 0.4883 (0.4935)  loss_vfl_dn_0: 0.4648 (0.4697)  loss_vfl_dn_1: 0.4425 (0.4423)  loss_vfl_dn_2: 0.4377 (0.4367)  time: 0.9920  data: 0.0386  max mem: 8529
Epoch: [56]  [300/809]  eta: 0:08:02  lr: 0.000100  loss: 9.8288 (9.9516)  loss_bbox: 0.0842 (0.0904)  loss_bbox_aux_0: 0.0896 (0.0955)  loss_bbox_aux_1: 0.0845 (0.0918)  loss_bbox_aux_2: 0.1046 (0.1095)  loss_bbox_dn_0: 0.0498 (0.0535)  loss_bbox_dn_1: 0.0427 (0.0436)  loss_bbox_dn_2: 0.0418 (0.0423)  loss_giou: 0.9545 (0.9567)  loss_giou_aux_0: 0.9855 (0.9927)  loss_giou_aux_1: 0.9584 (0.9651)  loss_giou_aux_2: 1.0385 (1.0593)  loss_giou_dn_0: 0.7568 (0.7620)  loss_giou_dn_1: 0.6907 (0.6782)  loss_giou_dn_2: 0.6768 (0.6671)  loss_vfl: 0.4952 (0.4944)  loss_vfl_aux_0: 0.5055 (0.5049)  loss_vfl_aux_1: 0.4973 (0.5005)  loss_vfl_aux_2: 0.4789 (0.4922)  loss_vfl_dn_0: 0.4709 (0.4706)  loss_vfl_dn_1: 0.4396 (0.4434)  loss_vfl_dn_2: 0.4341 (0.4379)  time: 0.8787  data: 0.0369  max mem: 8529
Epoch: [56]  [400/809]  eta: 0:06:24  lr: 0.000100  loss: 9.7812 (9.9482)  loss_bbox: 0.0869 (0.0903)  loss_bbox_aux_0: 0.0894 (0.0954)  loss_bbox_aux_1: 0.0871 (0.0917)  loss_bbox_aux_2: 0.0991 (0.1091)  loss_bbox_dn_0: 0.0558 (0.0531)  loss_bbox_dn_1: 0.0433 (0.0434)  loss_bbox_dn_2: 0.0428 (0.0421)  loss_giou: 0.8949 (0.9591)  loss_giou_aux_0: 0.9194 (0.9938)  loss_giou_aux_1: 0.9037 (0.9670)  loss_giou_aux_2: 0.9799 (1.0611)  loss_giou_dn_0: 0.7382 (0.7614)  loss_giou_dn_1: 0.6644 (0.6775)  loss_giou_dn_2: 0.6569 (0.6665)  loss_vfl: 0.4937 (0.4930)  loss_vfl_aux_0: 0.5018 (0.5034)  loss_vfl_aux_1: 0.4949 (0.4990)  loss_vfl_aux_2: 0.4893 (0.4905)  loss_vfl_dn_0: 0.4662 (0.4704)  loss_vfl_dn_1: 0.4392 (0.4430)  loss_vfl_dn_2: 0.4376 (0.4376)  time: 0.8987  data: 0.0328  max mem: 8529
Epoch: [56]  [500/809]  eta: 0:04:48  lr: 0.000100  loss: 9.6552 (9.9474)  loss_bbox: 0.0795 (0.0913)  loss_bbox_aux_0: 0.0848 (0.0964)  loss_bbox_aux_1: 0.0781 (0.0927)  loss_bbox_aux_2: 0.0948 (0.1102)  loss_bbox_dn_0: 0.0537 (0.0532)  loss_bbox_dn_1: 0.0409 (0.0433)  loss_bbox_dn_2: 0.0396 (0.0420)  loss_giou: 0.8993 (0.9575)  loss_giou_aux_0: 0.9282 (0.9932)  loss_giou_aux_1: 0.9073 (0.9656)  loss_giou_aux_2: 0.9977 (1.0594)  loss_giou_dn_0: 0.7341 (0.7597)  loss_giou_dn_1: 0.6458 (0.6755)  loss_giou_dn_2: 0.6357 (0.6646)  loss_vfl: 0.5305 (0.4943)  loss_vfl_aux_0: 0.5398 (0.5043)  loss_vfl_aux_1: 0.5326 (0.5002)  loss_vfl_aux_2: 0.5228 (0.4919)  loss_vfl_dn_0: 0.4779 (0.4710)  loss_vfl_dn_1: 0.4480 (0.4433)  loss_vfl_dn_2: 0.4440 (0.4378)  time: 0.8833  data: 0.0338  max mem: 8529
Epoch: [56]  [600/809]  eta: 0:03:14  lr: 0.000100  loss: 9.6334 (9.9265)  loss_bbox: 0.0812 (0.0903)  loss_bbox_aux_0: 0.0868 (0.0953)  loss_bbox_aux_1: 0.0826 (0.0917)  loss_bbox_aux_2: 0.0997 (0.1092)  loss_bbox_dn_0: 0.0522 (0.0534)  loss_bbox_dn_1: 0.0433 (0.0435)  loss_bbox_dn_2: 0.0423 (0.0422)  loss_giou: 0.8579 (0.9525)  loss_giou_aux_0: 0.8777 (0.9879)  loss_giou_aux_1: 0.8555 (0.9599)  loss_giou_aux_2: 0.9658 (1.0537)  loss_giou_dn_0: 0.7518 (0.7588)  loss_giou_dn_1: 0.6569 (0.6740)  loss_giou_dn_2: 0.6460 (0.6632)  loss_vfl: 0.5206 (0.4963)  loss_vfl_aux_0: 0.5299 (0.5064)  loss_vfl_aux_1: 0.5334 (0.5024)  loss_vfl_aux_2: 0.5249 (0.4941)  loss_vfl_dn_0: 0.4684 (0.4708)  loss_vfl_dn_1: 0.4408 (0.4432)  loss_vfl_dn_2: 0.4370 (0.4376)  time: 0.8835  data: 0.0406  max mem: 8529
Epoch: [56]  [700/809]  eta: 0:01:41  lr: 0.000100  loss: 9.9224 (9.9357)  loss_bbox: 0.0772 (0.0912)  loss_bbox_aux_0: 0.0812 (0.0961)  loss_bbox_aux_1: 0.0780 (0.0927)  loss_bbox_aux_2: 0.0975 (0.1099)  loss_bbox_dn_0: 0.0502 (0.0534)  loss_bbox_dn_1: 0.0409 (0.0435)  loss_bbox_dn_2: 0.0399 (0.0423)  loss_giou: 0.9927 (0.9543)  loss_giou_aux_0: 1.0032 (0.9892)  loss_giou_aux_1: 1.0015 (0.9616)  loss_giou_aux_2: 1.0474 (1.0552)  loss_giou_dn_0: 0.7586 (0.7592)  loss_giou_dn_1: 0.6746 (0.6739)  loss_giou_dn_2: 0.6674 (0.6632)  loss_vfl: 0.4950 (0.4960)  loss_vfl_aux_0: 0.5043 (0.5061)  loss_vfl_aux_1: 0.5017 (0.5021)  loss_vfl_aux_2: 0.4937 (0.4938)  loss_vfl_dn_0: 0.4700 (0.4708)  loss_vfl_dn_1: 0.4447 (0.4433)  loss_vfl_dn_2: 0.4410 (0.4378)  time: 0.9682  data: 0.0435  max mem: 8529
Epoch: [56]  [800/809]  eta: 0:00:08  lr: 0.000100  loss: 10.0728 (9.9445)  loss_bbox: 0.0787 (0.0905)  loss_bbox_aux_0: 0.0848 (0.0953)  loss_bbox_aux_1: 0.0799 (0.0919)  loss_bbox_aux_2: 0.1010 (0.1089)  loss_bbox_dn_0: 0.0534 (0.0534)  loss_bbox_dn_1: 0.0440 (0.0435)  loss_bbox_dn_2: 0.0430 (0.0423)  loss_giou: 0.9839 (0.9560)  loss_giou_aux_0: 1.0135 (0.9905)  loss_giou_aux_1: 0.9815 (0.9633)  loss_giou_aux_2: 1.0718 (1.0565)  loss_giou_dn_0: 0.7645 (0.7604)  loss_giou_dn_1: 0.6864 (0.6748)  loss_giou_dn_2: 0.6788 (0.6641)  loss_vfl: 0.5023 (0.4967)  loss_vfl_aux_0: 0.5062 (0.5069)  loss_vfl_aux_1: 0.5138 (0.5028)  loss_vfl_aux_2: 0.4939 (0.4945)  loss_vfl_dn_0: 0.4724 (0.4708)  loss_vfl_dn_1: 0.4452 (0.4435)  loss_vfl_dn_2: 0.4418 (0.4380)  time: 0.9500  data: 0.0420  max mem: 8529
Epoch: [56]  [808/809]  eta: 0:00:00  lr: 0.000100  loss: 9.9984 (9.9401)  loss_bbox: 0.0722 (0.0904)  loss_bbox_aux_0: 0.0755 (0.0951)  loss_bbox_aux_1: 0.0727 (0.0918)  loss_bbox_aux_2: 0.0907 (0.1087)  loss_bbox_dn_0: 0.0514 (0.0534)  loss_bbox_dn_1: 0.0423 (0.0435)  loss_bbox_dn_2: 0.0400 (0.0423)  loss_giou: 0.9427 (0.9552)  loss_giou_aux_0: 0.9912 (0.9896)  loss_giou_aux_1: 0.9610 (0.9625)  loss_giou_aux_2: 1.0378 (1.0554)  loss_giou_dn_0: 0.7581 (0.7601)  loss_giou_dn_1: 0.6714 (0.6745)  loss_giou_dn_2: 0.6600 (0.6638)  loss_vfl: 0.5023 (0.4969)  loss_vfl_aux_0: 0.5149 (0.5070)  loss_vfl_aux_1: 0.5206 (0.5029)  loss_vfl_aux_2: 0.5056 (0.4948)  loss_vfl_dn_0: 0.4730 (0.4708)  loss_vfl_dn_1: 0.4456 (0.4435)  loss_vfl_dn_2: 0.4403 (0.4380)  time: 0.8140  data: 0.0315  max mem: 8529
Epoch: [56] Total time: 0:12:28 (0.9253 s / it)
Averaged stats: lr: 0.000100  loss: 9.9984 (9.9401)  loss_bbox: 0.0722 (0.0904)  loss_bbox_aux_0: 0.0755 (0.0951)  loss_bbox_aux_1: 0.0727 (0.0918)  loss_bbox_aux_2: 0.0907 (0.1087)  loss_bbox_dn_0: 0.0514 (0.0534)  loss_bbox_dn_1: 0.0423 (0.0435)  loss_bbox_dn_2: 0.0400 (0.0423)  loss_giou: 0.9427 (0.9552)  loss_giou_aux_0: 0.9912 (0.9896)  loss_giou_aux_1: 0.9610 (0.9625)  loss_giou_aux_2: 1.0378 (1.0554)  loss_giou_dn_0: 0.7581 (0.7601)  loss_giou_dn_1: 0.6714 (0.6745)  loss_giou_dn_2: 0.6600 (0.6638)  loss_vfl: 0.5023 (0.4969)  loss_vfl_aux_0: 0.5149 (0.5070)  loss_vfl_aux_1: 0.5206 (0.5029)  loss_vfl_aux_2: 0.5056 (0.4948)  loss_vfl_dn_0: 0.4730 (0.4708)  loss_vfl_dn_1: 0.4456 (0.4435)  loss_vfl_dn_2: 0.4403 (0.4380)
Test:  [ 0/69]  eta: 0:01:44    time: 1.5175  data: 0.8830  max mem: 8529
Test:  [10/69]  eta: 0:00:39    time: 0.6717  data: 0.0976  max mem: 8529
Test:  [20/69]  eta: 0:00:33    time: 0.6337  data: 0.0204  max mem: 8529
Test:  [30/69]  eta: 0:00:24    time: 0.6175  data: 0.0214  max mem: 8529
Test:  [40/69]  eta: 0:00:17    time: 0.5405  data: 0.0215  max mem: 8529
Test:  [50/69]  eta: 0:00:11    time: 0.5108  data: 0.0218  max mem: 8529
Test:  [60/69]  eta: 0:00:05    time: 0.4983  data: 0.0219  max mem: 8529
Test:  [68/69]  eta: 0:00:00    time: 0.5044  data: 0.0201  max mem: 8529
Test: Total time: 0:00:39 (0.5694 s / it)
Averaged stats: 
Accumulating evaluation results...
DONE (t=1.97s).
IoU metric: bbox
 Average Precision  (AP) @[ IoU=0.50:0.95 | area=   all | maxDets=100 ] = 0.229
 Average Precision  (AP) @[ IoU=0.50      | area=   all | maxDets=100 ] = 0.378
 Average Precision  (AP) @[ IoU=0.75      | area=   all | maxDets=100 ] = 0.234
 Average Precision  (AP) @[ IoU=0.50:0.95 | area= small | maxDets=100 ] = 0.147
 Average Precision  (AP) @[ IoU=0.50:0.95 | area=medium | maxDets=100 ] = 0.322
 Average Precision  (AP) @[ IoU=0.50:0.95 | area= large | maxDets=100 ] = 0.412
 Average Recall     (AR) @[ IoU=0.50:0.95 | area=   all | maxDets=  1 ] = 0.101
 Average Recall     (AR) @[ IoU=0.50:0.95 | area=   all | maxDets= 10 ] = 0.286
 Average Recall     (AR) @[ IoU=0.50:0.95 | area=   all | maxDets=100 ] = 0.384
 Average Recall     (AR) @[ IoU=0.50:0.95 | area= small | maxDets=100 ] = 0.292
 Average Recall     (AR) @[ IoU=0.50:0.95 | area=medium | maxDets=100 ] = 0.504
 Average Recall     (AR) @[ IoU=0.50:0.95 | area= large | maxDets=100 ] = 0.607
best_stat:  {'epoch': 56, 'coco_eval_bbox': 0.22877797756124235}
Epoch: [57]  [  0/809]  eta: 1:16:13  lr: 0.000100  loss: 10.1844 (10.1844)  loss_bbox: 0.0891 (0.0891)  loss_bbox_aux_0: 0.0898 (0.0898)  loss_bbox_aux_1: 0.0936 (0.0936)  loss_bbox_aux_2: 0.1056 (0.1056)  loss_bbox_dn_0: 0.0564 (0.0564)  loss_bbox_dn_1: 0.0477 (0.0477)  loss_bbox_dn_2: 0.0465 (0.0465)  loss_giou: 1.0220 (1.0220)  loss_giou_aux_0: 1.0706 (1.0706)  loss_giou_aux_1: 1.0336 (1.0336)  loss_giou_aux_2: 1.1236 (1.1236)  loss_giou_dn_0: 0.8273 (0.8273)  loss_giou_dn_1: 0.7376 (0.7376)  loss_giou_dn_2: 0.7297 (0.7297)  loss_vfl: 0.4496 (0.4496)  loss_vfl_aux_0: 0.4803 (0.4803)  loss_vfl_aux_1: 0.4547 (0.4547)  loss_vfl_aux_2: 0.4375 (0.4375)  loss_vfl_dn_0: 0.4409 (0.4409)  loss_vfl_dn_1: 0.4264 (0.4264)  loss_vfl_dn_2: 0.4221 (0.4221)  time: 5.6535  data: 2.8727  max mem: 8529
Epoch: [57]  [100/809]  eta: 0:11:23  lr: 0.000100  loss: 9.3206 (9.8134)  loss_bbox: 0.0763 (0.0863)  loss_bbox_aux_0: 0.0833 (0.0908)  loss_bbox_aux_1: 0.0767 (0.0879)  loss_bbox_aux_2: 0.1034 (0.1042)  loss_bbox_dn_0: 0.0598 (0.0549)  loss_bbox_dn_1: 0.0514 (0.0445)  loss_bbox_dn_2: 0.0481 (0.0431)  loss_giou: 0.7570 (0.9283)  loss_giou_aux_0: 0.7905 (0.9586)  loss_giou_aux_1: 0.7705 (0.9368)  loss_giou_aux_2: 0.8964 (1.0268)  loss_giou_dn_0: 0.7076 (0.7491)  loss_giou_dn_1: 0.6172 (0.6638)  loss_giou_dn_2: 0.6114 (0.6532)  loss_vfl: 0.5427 (0.5028)  loss_vfl_aux_0: 0.5541 (0.5161)  loss_vfl_aux_1: 0.5411 (0.5088)  loss_vfl_aux_2: 0.5364 (0.5061)  loss_vfl_dn_0: 0.4694 (0.4715)  loss_vfl_dn_1: 0.4429 (0.4428)  loss_vfl_dn_2: 0.4368 (0.4369)  time: 0.9020  data: 0.0384  max mem: 8529
Epoch: [57]  [200/809]  eta: 0:09:37  lr: 0.000100  loss: 10.0249 (9.8754)  loss_bbox: 0.0914 (0.0883)  loss_bbox_aux_0: 0.0973 (0.0936)  loss_bbox_aux_1: 0.0925 (0.0897)  loss_bbox_aux_2: 0.1097 (0.1085)  loss_bbox_dn_0: 0.0585 (0.0563)  loss_bbox_dn_1: 0.0491 (0.0458)  loss_bbox_dn_2: 0.0481 (0.0444)  loss_giou: 0.9587 (0.9326)  loss_giou_aux_0: 0.9966 (0.9661)  loss_giou_aux_1: 0.9704 (0.9429)  loss_giou_aux_2: 1.0370 (1.0383)  loss_giou_dn_0: 0.7843 (0.7550)  loss_giou_dn_1: 0.6829 (0.6685)  loss_giou_dn_2: 0.6714 (0.6570)  loss_vfl: 0.4996 (0.5047)  loss_vfl_aux_0: 0.4926 (0.5161)  loss_vfl_aux_1: 0.5015 (0.5106)  loss_vfl_aux_2: 0.4907 (0.5032)  loss_vfl_dn_0: 0.4656 (0.4721)  loss_vfl_dn_1: 0.4418 (0.4439)  loss_vfl_dn_2: 0.4371 (0.4382)  time: 0.9538  data: 0.0424  max mem: 8529
Epoch: [57]  [300/809]  eta: 0:08:02  lr: 0.000100  loss: 9.8349 (9.8700)  loss_bbox: 0.0763 (0.0882)  loss_bbox_aux_0: 0.0807 (0.0932)  loss_bbox_aux_1: 0.0780 (0.0895)  loss_bbox_aux_2: 0.0960 (0.1074)  loss_bbox_dn_0: 0.0483 (0.0550)  loss_bbox_dn_1: 0.0399 (0.0448)  loss_bbox_dn_2: 0.0387 (0.0435)  loss_giou: 0.9290 (0.9327)  loss_giou_aux_0: 0.9648 (0.9664)  loss_giou_aux_1: 0.9385 (0.9433)  loss_giou_aux_2: 1.0502 (1.0372)  loss_giou_dn_0: 0.7430 (0.7545)  loss_giou_dn_1: 0.6628 (0.6688)  loss_giou_dn_2: 0.6558 (0.6578)  loss_vfl: 0.5033 (0.5047)  loss_vfl_aux_0: 0.5013 (0.5158)  loss_vfl_aux_1: 0.4926 (0.5106)  loss_vfl_aux_2: 0.4808 (0.5032)  loss_vfl_dn_0: 0.4681 (0.4717)  loss_vfl_dn_1: 0.4436 (0.4437)  loss_vfl_dn_2: 0.4368 (0.4381)  time: 0.9614  data: 0.0388  max mem: 8529
Epoch: [57]  [400/809]  eta: 0:06:24  lr: 0.000100  loss: 9.6214 (9.8836)  loss_bbox: 0.0788 (0.0885)  loss_bbox_aux_0: 0.0889 (0.0938)  loss_bbox_aux_1: 0.0801 (0.0901)  loss_bbox_aux_2: 0.0995 (0.1075)  loss_bbox_dn_0: 0.0547 (0.0551)  loss_bbox_dn_1: 0.0442 (0.0447)  loss_bbox_dn_2: 0.0435 (0.0434)  loss_giou: 0.8317 (0.9365)  loss_giou_aux_0: 0.8573 (0.9702)  loss_giou_aux_1: 0.8412 (0.9464)  loss_giou_aux_2: 0.9430 (1.0400)  loss_giou_dn_0: 0.7352 (0.7552)  loss_giou_dn_1: 0.6287 (0.6692)  loss_giou_dn_2: 0.6124 (0.6583)  loss_vfl: 0.5238 (0.5035)  loss_vfl_aux_0: 0.5225 (0.5146)  loss_vfl_aux_1: 0.5182 (0.5096)  loss_vfl_aux_2: 0.5104 (0.5026)  loss_vfl_dn_0: 0.4719 (0.4719)  loss_vfl_dn_1: 0.4408 (0.4440)  loss_vfl_dn_2: 0.4352 (0.4384)  time: 0.9244  data: 0.0333  max mem: 8529
Epoch: [57]  [500/809]  eta: 0:04:50  lr: 0.000100  loss: 9.8827 (9.8889)  loss_bbox: 0.0833 (0.0893)  loss_bbox_aux_0: 0.0897 (0.0944)  loss_bbox_aux_1: 0.0853 (0.0909)  loss_bbox_aux_2: 0.1069 (0.1082)  loss_bbox_dn_0: 0.0491 (0.0550)  loss_bbox_dn_1: 0.0420 (0.0447)  loss_bbox_dn_2: 0.0402 (0.0434)  loss_giou: 0.9345 (0.9383)  loss_giou_aux_0: 0.9777 (0.9715)  loss_giou_aux_1: 0.9244 (0.9468)  loss_giou_aux_2: 1.0453 (1.0416)  loss_giou_dn_0: 0.7459 (0.7552)  loss_giou_dn_1: 0.6622 (0.6688)  loss_giou_dn_2: 0.6529 (0.6579)  loss_vfl: 0.5283 (0.5028)  loss_vfl_aux_0: 0.5310 (0.5142)  loss_vfl_aux_1: 0.5322 (0.5093)  loss_vfl_aux_2: 0.5339 (0.5019)  loss_vfl_dn_0: 0.4733 (0.4721)  loss_vfl_dn_1: 0.4492 (0.4440)  loss_vfl_dn_2: 0.4458 (0.4387)  time: 0.9797  data: 0.0465  max mem: 8529
Epoch: [57]  [600/809]  eta: 0:03:16  lr: 0.000100  loss: 9.3297 (9.9108)  loss_bbox: 0.0895 (0.0902)  loss_bbox_aux_0: 0.0887 (0.0956)  loss_bbox_aux_1: 0.0894 (0.0918)  loss_bbox_aux_2: 0.0996 (0.1095)  loss_bbox_dn_0: 0.0509 (0.0552)  loss_bbox_dn_1: 0.0407 (0.0448)  loss_bbox_dn_2: 0.0391 (0.0435)  loss_giou: 0.8746 (0.9423)  loss_giou_aux_0: 0.8794 (0.9755)  loss_giou_aux_1: 0.8866 (0.9507)  loss_giou_aux_2: 0.9458 (1.0447)  loss_giou_dn_0: 0.7308 (0.7574)  loss_giou_dn_1: 0.6451 (0.6704)  loss_giou_dn_2: 0.6338 (0.6593)  loss_vfl: 0.4844 (0.5016)  loss_vfl_aux_0: 0.5027 (0.5134)  loss_vfl_aux_1: 0.4939 (0.5081)  loss_vfl_aux_2: 0.5063 (0.5016)  loss_vfl_dn_0: 0.4702 (0.4720)  loss_vfl_dn_1: 0.4439 (0.4442)  loss_vfl_dn_2: 0.4383 (0.4388)  time: 0.9563  data: 0.0394  max mem: 8529
Epoch: [57]  [700/809]  eta: 0:01:42  lr: 0.000100  loss: 10.5431 (9.9212)  loss_bbox: 0.1017 (0.0903)  loss_bbox_aux_0: 0.1141 (0.0958)  loss_bbox_aux_1: 0.1063 (0.0920)  loss_bbox_aux_2: 0.1242 (0.1097)  loss_bbox_dn_0: 0.0513 (0.0548)  loss_bbox_dn_1: 0.0403 (0.0445)  loss_bbox_dn_2: 0.0388 (0.0432)  loss_giou: 1.0931 (0.9466)  loss_giou_aux_0: 1.1358 (0.9802)  loss_giou_aux_1: 1.1003 (0.9547)  loss_giou_aux_2: 1.2093 (1.0482)  loss_giou_dn_0: 0.7981 (0.7582)  loss_giou_dn_1: 0.7114 (0.6713)  loss_giou_dn_2: 0.7052 (0.6603)  loss_vfl: 0.4557 (0.4998)  loss_vfl_aux_0: 0.4720 (0.5113)  loss_vfl_aux_1: 0.4612 (0.5061)  loss_vfl_aux_2: 0.4645 (0.4999)  loss_vfl_dn_0: 0.4631 (0.4716)  loss_vfl_dn_1: 0.4387 (0.4440)  loss_vfl_dn_2: 0.4342 (0.4387)  time: 0.8776  data: 0.0378  max mem: 8529
Epoch: [57]  [800/809]  eta: 0:00:08  lr: 0.000100  loss: 9.5849 (9.9285)  loss_bbox: 0.0804 (0.0902)  loss_bbox_aux_0: 0.0891 (0.0958)  loss_bbox_aux_1: 0.0815 (0.0919)  loss_bbox_aux_2: 0.0959 (0.1094)  loss_bbox_dn_0: 0.0512 (0.0546)  loss_bbox_dn_1: 0.0417 (0.0443)  loss_bbox_dn_2: 0.0411 (0.0430)  loss_giou: 0.8662 (0.9487)  loss_giou_aux_0: 0.9070 (0.9821)  loss_giou_aux_1: 0.8771 (0.9565)  loss_giou_aux_2: 0.9850 (1.0495)  loss_giou_dn_0: 0.7456 (0.7592)  loss_giou_dn_1: 0.6644 (0.6723)  loss_giou_dn_2: 0.6516 (0.6614)  loss_vfl: 0.5138 (0.4995)  loss_vfl_aux_0: 0.5056 (0.5106)  loss_vfl_aux_1: 0.5177 (0.5057)  loss_vfl_aux_2: 0.4882 (0.4995)  loss_vfl_dn_0: 0.4714 (0.4716)  loss_vfl_dn_1: 0.4467 (0.4440)  loss_vfl_dn_2: 0.4407 (0.4387)  time: 0.9094  data: 0.0344  max mem: 8529
Epoch: [57]  [808/809]  eta: 0:00:00  lr: 0.000100  loss: 9.9005 (9.9313)  loss_bbox: 0.0847 (0.0904)  loss_bbox_aux_0: 0.0899 (0.0959)  loss_bbox_aux_1: 0.0859 (0.0920)  loss_bbox_aux_2: 0.1033 (0.1095)  loss_bbox_dn_0: 0.0540 (0.0545)  loss_bbox_dn_1: 0.0429 (0.0443)  loss_bbox_dn_2: 0.0414 (0.0430)  loss_giou: 0.9220 (0.9493)  loss_giou_aux_0: 0.9377 (0.9827)  loss_giou_aux_1: 0.9223 (0.9570)  loss_giou_aux_2: 1.0047 (1.0499)  loss_giou_dn_0: 0.7456 (0.7593)  loss_giou_dn_1: 0.6668 (0.6723)  loss_giou_dn_2: 0.6516 (0.6615)  loss_vfl: 0.5061 (0.4995)  loss_vfl_aux_0: 0.5056 (0.5106)  loss_vfl_aux_1: 0.5115 (0.5056)  loss_vfl_aux_2: 0.4882 (0.4995)  loss_vfl_dn_0: 0.4734 (0.4716)  loss_vfl_dn_1: 0.4420 (0.4440)  loss_vfl_dn_2: 0.4352 (0.4388)  time: 0.7787  data: 0.0301  max mem: 8529
Epoch: [57] Total time: 0:12:34 (0.9328 s / it)
Averaged stats: lr: 0.000100  loss: 9.9005 (9.9313)  loss_bbox: 0.0847 (0.0904)  loss_bbox_aux_0: 0.0899 (0.0959)  loss_bbox_aux_1: 0.0859 (0.0920)  loss_bbox_aux_2: 0.1033 (0.1095)  loss_bbox_dn_0: 0.0540 (0.0545)  loss_bbox_dn_1: 0.0429 (0.0443)  loss_bbox_dn_2: 0.0414 (0.0430)  loss_giou: 0.9220 (0.9493)  loss_giou_aux_0: 0.9377 (0.9827)  loss_giou_aux_1: 0.9223 (0.9570)  loss_giou_aux_2: 1.0047 (1.0499)  loss_giou_dn_0: 0.7456 (0.7593)  loss_giou_dn_1: 0.6668 (0.6723)  loss_giou_dn_2: 0.6516 (0.6615)  loss_vfl: 0.5061 (0.4995)  loss_vfl_aux_0: 0.5056 (0.5106)  loss_vfl_aux_1: 0.5115 (0.5056)  loss_vfl_aux_2: 0.4882 (0.4995)  loss_vfl_dn_0: 0.4734 (0.4716)  loss_vfl_dn_1: 0.4420 (0.4440)  loss_vfl_dn_2: 0.4352 (0.4388)
Test:  [ 0/69]  eta: 0:01:38    time: 1.4256  data: 0.8325  max mem: 8529
Test:  [10/69]  eta: 0:00:39    time: 0.6723  data: 0.0909  max mem: 8529
Test:  [20/69]  eta: 0:00:31    time: 0.6111  data: 0.0196  max mem: 8529
Test:  [30/69]  eta: 0:00:25    time: 0.6292  data: 0.0219  max mem: 8529
Test:  [40/69]  eta: 0:00:17    time: 0.5829  data: 0.0213  max mem: 8529
Test:  [50/69]  eta: 0:00:11    time: 0.5268  data: 0.0212  max mem: 8529
Test:  [60/69]  eta: 0:00:05    time: 0.5072  data: 0.0223  max mem: 8529
Test:  [68/69]  eta: 0:00:00    time: 0.5126  data: 0.0216  max mem: 8529
Test: Total time: 0:00:39 (0.5791 s / it)
Averaged stats: 
Accumulating evaluation results...
DONE (t=2.03s).
IoU metric: bbox
 Average Precision  (AP) @[ IoU=0.50:0.95 | area=   all | maxDets=100 ] = 0.229
 Average Precision  (AP) @[ IoU=0.50      | area=   all | maxDets=100 ] = 0.380
 Average Precision  (AP) @[ IoU=0.75      | area=   all | maxDets=100 ] = 0.235
 Average Precision  (AP) @[ IoU=0.50:0.95 | area= small | maxDets=100 ] = 0.147
 Average Precision  (AP) @[ IoU=0.50:0.95 | area=medium | maxDets=100 ] = 0.322
 Average Precision  (AP) @[ IoU=0.50:0.95 | area= large | maxDets=100 ] = 0.417
 Average Recall     (AR) @[ IoU=0.50:0.95 | area=   all | maxDets=  1 ] = 0.101
 Average Recall     (AR) @[ IoU=0.50:0.95 | area=   all | maxDets= 10 ] = 0.287
 Average Recall     (AR) @[ IoU=0.50:0.95 | area=   all | maxDets=100 ] = 0.384
 Average Recall     (AR) @[ IoU=0.50:0.95 | area= small | maxDets=100 ] = 0.293
 Average Recall     (AR) @[ IoU=0.50:0.95 | area=medium | maxDets=100 ] = 0.504
 Average Recall     (AR) @[ IoU=0.50:0.95 | area= large | maxDets=100 ] = 0.604
best_stat:  {'epoch': 57, 'coco_eval_bbox': 0.22920986990649903}
Epoch: [58]  [  0/809]  eta: 1:12:06  lr: 0.000100  loss: 11.3585 (11.3585)  loss_bbox: 0.1307 (0.1307)  loss_bbox_aux_0: 0.1458 (0.1458)  loss_bbox_aux_1: 0.1305 (0.1305)  loss_bbox_aux_2: 0.1667 (0.1667)  loss_bbox_dn_0: 0.0698 (0.0698)  loss_bbox_dn_1: 0.0529 (0.0529)  loss_bbox_dn_2: 0.0511 (0.0511)  loss_giou: 1.2231 (1.2231)  loss_giou_aux_0: 1.2469 (1.2469)  loss_giou_aux_1: 1.2283 (1.2283)  loss_giou_aux_2: 1.2796 (1.2796)  loss_giou_dn_0: 0.9028 (0.9028)  loss_giou_dn_1: 0.7723 (0.7723)  loss_giou_dn_2: 0.7677 (0.7677)  loss_vfl: 0.4490 (0.4490)  loss_vfl_aux_0: 0.4502 (0.4502)  loss_vfl_aux_1: 0.4626 (0.4626)  loss_vfl_aux_2: 0.4532 (0.4532)  loss_vfl_dn_0: 0.4863 (0.4863)  loss_vfl_dn_1: 0.4486 (0.4486)  loss_vfl_dn_2: 0.4402 (0.4402)  time: 5.3484  data: 2.1946  max mem: 8529
Epoch: [58]  [100/809]  eta: 0:11:32  lr: 0.000100  loss: 9.6618 (9.9519)  loss_bbox: 0.0809 (0.0930)  loss_bbox_aux_0: 0.0901 (0.0982)  loss_bbox_aux_1: 0.0825 (0.0937)  loss_bbox_aux_2: 0.1009 (0.1117)  loss_bbox_dn_0: 0.0562 (0.0541)  loss_bbox_dn_1: 0.0447 (0.0437)  loss_bbox_dn_2: 0.0439 (0.0424)  loss_giou: 0.9176 (0.9552)  loss_giou_aux_0: 0.9379 (0.9924)  loss_giou_aux_1: 0.9184 (0.9613)  loss_giou_aux_2: 1.0200 (1.0575)  loss_giou_dn_0: 0.7442 (0.7641)  loss_giou_dn_1: 0.6567 (0.6703)  loss_giou_dn_2: 0.6469 (0.6594)  loss_vfl: 0.4977 (0.4957)  loss_vfl_aux_0: 0.5153 (0.5058)  loss_vfl_aux_1: 0.5023 (0.5020)  loss_vfl_aux_2: 0.5176 (0.4977)  loss_vfl_dn_0: 0.4692 (0.4715)  loss_vfl_dn_1: 0.4395 (0.4443)  loss_vfl_dn_2: 0.4354 (0.4379)  time: 0.9510  data: 0.0391  max mem: 8529
Epoch: [58]  [200/809]  eta: 0:09:38  lr: 0.000100  loss: 9.9539 (9.9155)  loss_bbox: 0.0778 (0.0885)  loss_bbox_aux_0: 0.0791 (0.0940)  loss_bbox_aux_1: 0.0767 (0.0897)  loss_bbox_aux_2: 0.0897 (0.1078)  loss_bbox_dn_0: 0.0506 (0.0542)  loss_bbox_dn_1: 0.0419 (0.0438)  loss_bbox_dn_2: 0.0407 (0.0426)  loss_giou: 0.9264 (0.9454)  loss_giou_aux_0: 0.9715 (0.9821)  loss_giou_aux_1: 0.9387 (0.9518)  loss_giou_aux_2: 1.0238 (1.0504)  loss_giou_dn_0: 0.7562 (0.7605)  loss_giou_dn_1: 0.6730 (0.6707)  loss_giou_dn_2: 0.6619 (0.6602)  loss_vfl: 0.5112 (0.5013)  loss_vfl_aux_0: 0.5190 (0.5105)  loss_vfl_aux_1: 0.5122 (0.5070)  loss_vfl_aux_2: 0.5153 (0.5011)  loss_vfl_dn_0: 0.4707 (0.4715)  loss_vfl_dn_1: 0.4496 (0.4442)  loss_vfl_dn_2: 0.4447 (0.4383)  time: 0.8805  data: 0.0321  max mem: 8529
Epoch: [58]  [300/809]  eta: 0:08:02  lr: 0.000100  loss: 10.1089 (9.9642)  loss_bbox: 0.0881 (0.0890)  loss_bbox_aux_0: 0.0931 (0.0948)  loss_bbox_aux_1: 0.0907 (0.0902)  loss_bbox_aux_2: 0.1051 (0.1083)  loss_bbox_dn_0: 0.0456 (0.0538)  loss_bbox_dn_1: 0.0385 (0.0436)  loss_bbox_dn_2: 0.0375 (0.0423)  loss_giou: 1.0067 (0.9566)  loss_giou_aux_0: 1.0500 (0.9925)  loss_giou_aux_1: 1.0096 (0.9625)  loss_giou_aux_2: 1.1310 (1.0624)  loss_giou_dn_0: 0.7925 (0.7646)  loss_giou_dn_1: 0.6888 (0.6764)  loss_giou_dn_2: 0.6808 (0.6659)  loss_vfl: 0.4614 (0.4988)  loss_vfl_aux_0: 0.4618 (0.5072)  loss_vfl_aux_1: 0.4702 (0.5043)  loss_vfl_aux_2: 0.4316 (0.4959)  loss_vfl_dn_0: 0.4705 (0.4716)  loss_vfl_dn_1: 0.4447 (0.4445)  loss_vfl_dn_2: 0.4366 (0.4391)  time: 0.9693  data: 0.0391  max mem: 8529
Epoch: [58]  [400/809]  eta: 0:06:24  lr: 0.000100  loss: 9.7951 (9.9626)  loss_bbox: 0.0818 (0.0900)  loss_bbox_aux_0: 0.0889 (0.0957)  loss_bbox_aux_1: 0.0865 (0.0911)  loss_bbox_aux_2: 0.1034 (0.1090)  loss_bbox_dn_0: 0.0508 (0.0544)  loss_bbox_dn_1: 0.0437 (0.0441)  loss_bbox_dn_2: 0.0423 (0.0428)  loss_giou: 0.9319 (0.9525)  loss_giou_aux_0: 0.9557 (0.9879)  loss_giou_aux_1: 0.9249 (0.9586)  loss_giou_aux_2: 1.0238 (1.0572)  loss_giou_dn_0: 0.7433 (0.7643)  loss_giou_dn_1: 0.6543 (0.6757)  loss_giou_dn_2: 0.6443 (0.6650)  loss_vfl: 0.4954 (0.5018)  loss_vfl_aux_0: 0.5037 (0.5109)  loss_vfl_aux_1: 0.4984 (0.5074)  loss_vfl_aux_2: 0.4872 (0.4987)  loss_vfl_dn_0: 0.4768 (0.4716)  loss_vfl_dn_1: 0.4441 (0.4447)  loss_vfl_dn_2: 0.4377 (0.4392)  time: 0.8916  data: 0.0359  max mem: 8529
Epoch: [58]  [500/809]  eta: 0:04:50  lr: 0.000100  loss: 9.8336 (9.9338)  loss_bbox: 0.0917 (0.0897)  loss_bbox_aux_0: 0.0990 (0.0954)  loss_bbox_aux_1: 0.0945 (0.0907)  loss_bbox_aux_2: 0.1065 (0.1085)  loss_bbox_dn_0: 0.0530 (0.0545)  loss_bbox_dn_1: 0.0421 (0.0442)  loss_bbox_dn_2: 0.0415 (0.0430)  loss_giou: 0.9287 (0.9457)  loss_giou_aux_0: 0.9558 (0.9819)  loss_giou_aux_1: 0.9372 (0.9526)  loss_giou_aux_2: 1.0314 (1.0506)  loss_giou_dn_0: 0.7368 (0.7609)  loss_giou_dn_1: 0.6564 (0.6723)  loss_giou_dn_2: 0.6403 (0.6614)  loss_vfl: 0.4938 (0.5034)  loss_vfl_aux_0: 0.5037 (0.5125)  loss_vfl_aux_1: 0.4938 (0.5090)  loss_vfl_aux_2: 0.4890 (0.5009)  loss_vfl_dn_0: 0.4684 (0.4721)  loss_vfl_dn_1: 0.4362 (0.4450)  loss_vfl_dn_2: 0.4334 (0.4395)  time: 0.9451  data: 0.0370  max mem: 8529
Epoch: [58]  [600/809]  eta: 0:03:16  lr: 0.000100  loss: 9.8135 (9.9108)  loss_bbox: 0.0815 (0.0886)  loss_bbox_aux_0: 0.0816 (0.0941)  loss_bbox_aux_1: 0.0816 (0.0897)  loss_bbox_aux_2: 0.0963 (0.1072)  loss_bbox_dn_0: 0.0507 (0.0544)  loss_bbox_dn_1: 0.0424 (0.0441)  loss_bbox_dn_2: 0.0417 (0.0428)  loss_giou: 0.9380 (0.9417)  loss_giou_aux_0: 0.9670 (0.9778)  loss_giou_aux_1: 0.9506 (0.9486)  loss_giou_aux_2: 1.0274 (1.0464)  loss_giou_dn_0: 0.7406 (0.7588)  loss_giou_dn_1: 0.6614 (0.6703)  loss_giou_dn_2: 0.6464 (0.6593)  loss_vfl: 0.5146 (0.5045)  loss_vfl_aux_0: 0.5305 (0.5137)  loss_vfl_aux_1: 0.5228 (0.5100)  loss_vfl_aux_2: 0.5251 (0.5025)  loss_vfl_dn_0: 0.4746 (0.4721)  loss_vfl_dn_1: 0.4451 (0.4449)  loss_vfl_dn_2: 0.4387 (0.4393)  time: 0.9514  data: 0.0442  max mem: 8529
Epoch: [58]  [700/809]  eta: 0:01:42  lr: 0.000100  loss: 9.1770 (9.9229)  loss_bbox: 0.0735 (0.0886)  loss_bbox_aux_0: 0.0768 (0.0943)  loss_bbox_aux_1: 0.0732 (0.0899)  loss_bbox_aux_2: 0.0874 (0.1075)  loss_bbox_dn_0: 0.0526 (0.0543)  loss_bbox_dn_1: 0.0438 (0.0440)  loss_bbox_dn_2: 0.0427 (0.0427)  loss_giou: 0.8366 (0.9445)  loss_giou_aux_0: 0.8526 (0.9805)  loss_giou_aux_1: 0.8344 (0.9513)  loss_giou_aux_2: 0.9434 (1.0490)  loss_giou_dn_0: 0.7522 (0.7606)  loss_giou_dn_1: 0.6651 (0.6723)  loss_giou_dn_2: 0.6528 (0.6613)  loss_vfl: 0.5190 (0.5034)  loss_vfl_aux_0: 0.5469 (0.5129)  loss_vfl_aux_1: 0.5321 (0.5092)  loss_vfl_aux_2: 0.5356 (0.5014)  loss_vfl_dn_0: 0.4728 (0.4717)  loss_vfl_dn_1: 0.4359 (0.4444)  loss_vfl_dn_2: 0.4301 (0.4390)  time: 0.9323  data: 0.0416  max mem: 8529
Epoch: [58]  [800/809]  eta: 0:00:08  lr: 0.000100  loss: 10.2141 (9.9178)  loss_bbox: 0.0911 (0.0884)  loss_bbox_aux_0: 0.0957 (0.0938)  loss_bbox_aux_1: 0.0913 (0.0895)  loss_bbox_aux_2: 0.1056 (0.1069)  loss_bbox_dn_0: 0.0512 (0.0543)  loss_bbox_dn_1: 0.0403 (0.0441)  loss_bbox_dn_2: 0.0388 (0.0428)  loss_giou: 0.9840 (0.9435)  loss_giou_aux_0: 1.0241 (0.9789)  loss_giou_aux_1: 0.9984 (0.9503)  loss_giou_aux_2: 1.0946 (1.0471)  loss_giou_dn_0: 0.7887 (0.7605)  loss_giou_dn_1: 0.7003 (0.6725)  loss_giou_dn_2: 0.6879 (0.6615)  loss_vfl: 0.4948 (0.5034)  loss_vfl_aux_0: 0.4983 (0.5135)  loss_vfl_aux_1: 0.5007 (0.5095)  loss_vfl_aux_2: 0.4863 (0.5021)  loss_vfl_dn_0: 0.4637 (0.4717)  loss_vfl_dn_1: 0.4417 (0.4444)  loss_vfl_dn_2: 0.4384 (0.4389)  time: 0.9407  data: 0.0387  max mem: 8529
Epoch: [58]  [808/809]  eta: 0:00:00  lr: 0.000100  loss: 9.9630 (9.9216)  loss_bbox: 0.0911 (0.0885)  loss_bbox_aux_0: 0.0953 (0.0938)  loss_bbox_aux_1: 0.0905 (0.0896)  loss_bbox_aux_2: 0.1052 (0.1070)  loss_bbox_dn_0: 0.0591 (0.0543)  loss_bbox_dn_1: 0.0476 (0.0441)  loss_bbox_dn_2: 0.0455 (0.0428)  loss_giou: 0.9582 (0.9443)  loss_giou_aux_0: 0.9906 (0.9797)  loss_giou_aux_1: 0.9620 (0.9511)  loss_giou_aux_2: 1.0474 (1.0477)  loss_giou_dn_0: 0.7726 (0.7608)  loss_giou_dn_1: 0.6715 (0.6728)  loss_giou_dn_2: 0.6580 (0.6618)  loss_vfl: 0.4948 (0.5034)  loss_vfl_aux_0: 0.5032 (0.5135)  loss_vfl_aux_1: 0.5007 (0.5094)  loss_vfl_aux_2: 0.5139 (0.5021)  loss_vfl_dn_0: 0.4691 (0.4717)  loss_vfl_dn_1: 0.4414 (0.4444)  loss_vfl_dn_2: 0.4370 (0.4389)  time: 0.7925  data: 0.0328  max mem: 8529
Epoch: [58] Total time: 0:12:33 (0.9317 s / it)
Averaged stats: lr: 0.000100  loss: 9.9630 (9.9216)  loss_bbox: 0.0911 (0.0885)  loss_bbox_aux_0: 0.0953 (0.0938)  loss_bbox_aux_1: 0.0905 (0.0896)  loss_bbox_aux_2: 0.1052 (0.1070)  loss_bbox_dn_0: 0.0591 (0.0543)  loss_bbox_dn_1: 0.0476 (0.0441)  loss_bbox_dn_2: 0.0455 (0.0428)  loss_giou: 0.9582 (0.9443)  loss_giou_aux_0: 0.9906 (0.9797)  loss_giou_aux_1: 0.9620 (0.9511)  loss_giou_aux_2: 1.0474 (1.0477)  loss_giou_dn_0: 0.7726 (0.7608)  loss_giou_dn_1: 0.6715 (0.6728)  loss_giou_dn_2: 0.6580 (0.6618)  loss_vfl: 0.4948 (0.5034)  loss_vfl_aux_0: 0.5032 (0.5135)  loss_vfl_aux_1: 0.5007 (0.5094)  loss_vfl_aux_2: 0.5139 (0.5021)  loss_vfl_dn_0: 0.4691 (0.4717)  loss_vfl_dn_1: 0.4414 (0.4444)  loss_vfl_dn_2: 0.4370 (0.4389)
Test:  [ 0/69]  eta: 0:01:50    time: 1.6037  data: 1.0583  max mem: 8529
Test:  [10/69]  eta: 0:00:39    time: 0.6656  data: 0.1135  max mem: 8529
Test:  [20/69]  eta: 0:00:31    time: 0.6003  data: 0.0202  max mem: 8529
Test:  [30/69]  eta: 0:00:24    time: 0.5918  data: 0.0221  max mem: 8529
Test:  [40/69]  eta: 0:00:17    time: 0.5910  data: 0.0217  max mem: 8529
Test:  [50/69]  eta: 0:00:11    time: 0.5731  data: 0.0212  max mem: 8529
Test:  [60/69]  eta: 0:00:05    time: 0.5089  data: 0.0220  max mem: 8529
Test:  [68/69]  eta: 0:00:00    time: 0.5185  data: 0.0208  max mem: 8529
Test: Total time: 0:00:40 (0.5809 s / it)
Averaged stats: 
Accumulating evaluation results...
DONE (t=1.95s).
IoU metric: bbox
 Average Precision  (AP) @[ IoU=0.50:0.95 | area=   all | maxDets=100 ] = 0.229
 Average Precision  (AP) @[ IoU=0.50      | area=   all | maxDets=100 ] = 0.380
 Average Precision  (AP) @[ IoU=0.75      | area=   all | maxDets=100 ] = 0.235
 Average Precision  (AP) @[ IoU=0.50:0.95 | area= small | maxDets=100 ] = 0.148
 Average Precision  (AP) @[ IoU=0.50:0.95 | area=medium | maxDets=100 ] = 0.323
 Average Precision  (AP) @[ IoU=0.50:0.95 | area= large | maxDets=100 ] = 0.413
 Average Recall     (AR) @[ IoU=0.50:0.95 | area=   all | maxDets=  1 ] = 0.101
 Average Recall     (AR) @[ IoU=0.50:0.95 | area=   all | maxDets= 10 ] = 0.287
 Average Recall     (AR) @[ IoU=0.50:0.95 | area=   all | maxDets=100 ] = 0.384
 Average Recall     (AR) @[ IoU=0.50:0.95 | area= small | maxDets=100 ] = 0.294
 Average Recall     (AR) @[ IoU=0.50:0.95 | area=medium | maxDets=100 ] = 0.503
 Average Recall     (AR) @[ IoU=0.50:0.95 | area= large | maxDets=100 ] = 0.603
best_stat:  {'epoch': 58, 'coco_eval_bbox': 0.22944940935631336}
Epoch: [59]  [  0/809]  eta: 1:12:18  lr: 0.000100  loss: 8.9656 (8.9656)  loss_bbox: 0.0543 (0.0543)  loss_bbox_aux_0: 0.0567 (0.0567)  loss_bbox_aux_1: 0.0598 (0.0598)  loss_bbox_aux_2: 0.0678 (0.0678)  loss_bbox_dn_0: 0.0427 (0.0427)  loss_bbox_dn_1: 0.0353 (0.0353)  loss_bbox_dn_2: 0.0339 (0.0339)  loss_giou: 0.7653 (0.7653)  loss_giou_aux_0: 0.7846 (0.7846)  loss_giou_aux_1: 0.7736 (0.7736)  loss_giou_aux_2: 0.8616 (0.8616)  loss_giou_dn_0: 0.6671 (0.6671)  loss_giou_dn_1: 0.5914 (0.5914)  loss_giou_dn_2: 0.5772 (0.5772)  loss_vfl: 0.5354 (0.5354)  loss_vfl_aux_0: 0.5574 (0.5574)  loss_vfl_aux_1: 0.5374 (0.5374)  loss_vfl_aux_2: 0.5598 (0.5598)  loss_vfl_dn_0: 0.4940 (0.4940)  loss_vfl_dn_1: 0.4595 (0.4595)  loss_vfl_dn_2: 0.4509 (0.4509)  time: 5.3630  data: 3.3859  max mem: 8529
Epoch: [59]  [100/809]  eta: 0:11:20  lr: 0.000100  loss: 9.3645 (9.8475)  loss_bbox: 0.0730 (0.0862)  loss_bbox_aux_0: 0.0771 (0.0909)  loss_bbox_aux_1: 0.0729 (0.0874)  loss_bbox_aux_2: 0.0914 (0.1056)  loss_bbox_dn_0: 0.0509 (0.0532)  loss_bbox_dn_1: 0.0382 (0.0428)  loss_bbox_dn_2: 0.0371 (0.0413)  loss_giou: 0.8015 (0.9334)  loss_giou_aux_0: 0.8445 (0.9701)  loss_giou_aux_1: 0.8100 (0.9427)  loss_giou_aux_2: 0.9222 (1.0374)  loss_giou_dn_0: 0.7126 (0.7564)  loss_giou_dn_1: 0.6174 (0.6650)  loss_giou_dn_2: 0.5986 (0.6539)  loss_vfl: 0.5359 (0.5033)  loss_vfl_aux_0: 0.5398 (0.5138)  loss_vfl_aux_1: 0.5365 (0.5094)  loss_vfl_aux_2: 0.5354 (0.5023)  loss_vfl_dn_0: 0.4755 (0.4717)  loss_vfl_dn_1: 0.4377 (0.4434)  loss_vfl_dn_2: 0.4318 (0.4373)  time: 0.9003  data: 0.0348  max mem: 8529
Epoch: [59]  [200/809]  eta: 0:09:31  lr: 0.000100  loss: 9.9284 (9.9021)  loss_bbox: 0.0828 (0.0876)  loss_bbox_aux_0: 0.0845 (0.0926)  loss_bbox_aux_1: 0.0821 (0.0888)  loss_bbox_aux_2: 0.0991 (0.1065)  loss_bbox_dn_0: 0.0507 (0.0530)  loss_bbox_dn_1: 0.0408 (0.0430)  loss_bbox_dn_2: 0.0394 (0.0416)  loss_giou: 0.9504 (0.9445)  loss_giou_aux_0: 0.9917 (0.9824)  loss_giou_aux_1: 0.9488 (0.9536)  loss_giou_aux_2: 1.0560 (1.0484)  loss_giou_dn_0: 0.7455 (0.7616)  loss_giou_dn_1: 0.6681 (0.6729)  loss_giou_dn_2: 0.6624 (0.6620)  loss_vfl: 0.4907 (0.4992)  loss_vfl_aux_0: 0.4915 (0.5095)  loss_vfl_aux_1: 0.4912 (0.5060)  loss_vfl_aux_2: 0.4863 (0.4985)  loss_vfl_dn_0: 0.4666 (0.4702)  loss_vfl_dn_1: 0.4441 (0.4431)  loss_vfl_dn_2: 0.4390 (0.4372)  time: 0.9338  data: 0.0391  max mem: 8529
Epoch: [59]  [300/809]  eta: 0:07:55  lr: 0.000100  loss: 9.8106 (9.9110)  loss_bbox: 0.0789 (0.0893)  loss_bbox_aux_0: 0.0783 (0.0939)  loss_bbox_aux_1: 0.0812 (0.0905)  loss_bbox_aux_2: 0.0912 (0.1072)  loss_bbox_dn_0: 0.0484 (0.0528)  loss_bbox_dn_1: 0.0400 (0.0428)  loss_bbox_dn_2: 0.0382 (0.0415)  loss_giou: 0.9095 (0.9483)  loss_giou_aux_0: 0.9376 (0.9868)  loss_giou_aux_1: 0.9170 (0.9567)  loss_giou_aux_2: 0.9872 (1.0495)  loss_giou_dn_0: 0.7493 (0.7591)  loss_giou_dn_1: 0.6554 (0.6715)  loss_giou_dn_2: 0.6453 (0.6611)  loss_vfl: 0.5182 (0.4980)  loss_vfl_aux_0: 0.5334 (0.5089)  loss_vfl_aux_1: 0.5177 (0.5049)  loss_vfl_aux_2: 0.5259 (0.4976)  loss_vfl_dn_0: 0.4697 (0.4708)  loss_vfl_dn_1: 0.4349 (0.4427)  loss_vfl_dn_2: 0.4299 (0.4370)  time: 0.9568  data: 0.0411  max mem: 8529
Epoch: [59]  [400/809]  eta: 0:06:21  lr: 0.000100  loss: 9.9524 (9.9490)  loss_bbox: 0.0823 (0.0909)  loss_bbox_aux_0: 0.0896 (0.0959)  loss_bbox_aux_1: 0.0838 (0.0923)  loss_bbox_aux_2: 0.1029 (0.1094)  loss_bbox_dn_0: 0.0494 (0.0529)  loss_bbox_dn_1: 0.0426 (0.0430)  loss_bbox_dn_2: 0.0419 (0.0417)  loss_giou: 0.9045 (0.9561)  loss_giou_aux_0: 1.0000 (0.9934)  loss_giou_aux_1: 0.9152 (0.9647)  loss_giou_aux_2: 1.0455 (1.0566)  loss_giou_dn_0: 0.7539 (0.7596)  loss_giou_dn_1: 0.6721 (0.6731)  loss_giou_dn_2: 0.6611 (0.6629)  loss_vfl: 0.4880 (0.4963)  loss_vfl_aux_0: 0.4977 (0.5075)  loss_vfl_aux_1: 0.4980 (0.5031)  loss_vfl_aux_2: 0.5007 (0.4969)  loss_vfl_dn_0: 0.4757 (0.4716)  loss_vfl_dn_1: 0.4471 (0.4435)  loss_vfl_dn_2: 0.4401 (0.4377)  time: 0.9382  data: 0.0424  max mem: 8529
Epoch: [59]  [500/809]  eta: 0:04:48  lr: 0.000100  loss: 10.1402 (9.9562)  loss_bbox: 0.0880 (0.0917)  loss_bbox_aux_0: 0.0957 (0.0967)  loss_bbox_aux_1: 0.0887 (0.0929)  loss_bbox_aux_2: 0.1103 (0.1101)  loss_bbox_dn_0: 0.0449 (0.0526)  loss_bbox_dn_1: 0.0366 (0.0428)  loss_bbox_dn_2: 0.0358 (0.0416)  loss_giou: 1.0852 (0.9583)  loss_giou_aux_0: 1.1405 (0.9955)  loss_giou_aux_1: 1.1077 (0.9670)  loss_giou_aux_2: 1.1877 (1.0596)  loss_giou_dn_0: 0.7689 (0.7584)  loss_giou_dn_1: 0.6917 (0.6723)  loss_giou_dn_2: 0.6816 (0.6620)  loss_vfl: 0.4559 (0.4961)  loss_vfl_aux_0: 0.4587 (0.5068)  loss_vfl_aux_1: 0.4678 (0.5029)  loss_vfl_aux_2: 0.4357 (0.4958)  loss_vfl_dn_0: 0.4652 (0.4718)  loss_vfl_dn_1: 0.4436 (0.4435)  loss_vfl_dn_2: 0.4371 (0.4378)  time: 0.9605  data: 0.0379  max mem: 8529
Epoch: [59]  [600/809]  eta: 0:03:14  lr: 0.000100  loss: 10.0520 (9.9388)  loss_bbox: 0.0873 (0.0910)  loss_bbox_aux_0: 0.0924 (0.0957)  loss_bbox_aux_1: 0.0858 (0.0921)  loss_bbox_aux_2: 0.1064 (0.1091)  loss_bbox_dn_0: 0.0458 (0.0528)  loss_bbox_dn_1: 0.0385 (0.0430)  loss_bbox_dn_2: 0.0377 (0.0417)  loss_giou: 0.9287 (0.9536)  loss_giou_aux_0: 0.9578 (0.9906)  loss_giou_aux_1: 0.9426 (0.9624)  loss_giou_aux_2: 1.0421 (1.0545)  loss_giou_dn_0: 0.7450 (0.7577)  loss_giou_dn_1: 0.6615 (0.6716)  loss_giou_dn_2: 0.6475 (0.6612)  loss_vfl: 0.5242 (0.4974)  loss_vfl_aux_0: 0.5330 (0.5084)  loss_vfl_aux_1: 0.5162 (0.5039)  loss_vfl_aux_2: 0.5022 (0.4976)  loss_vfl_dn_0: 0.4668 (0.4721)  loss_vfl_dn_1: 0.4380 (0.4438)  loss_vfl_dn_2: 0.4369 (0.4382)  time: 0.9272  data: 0.0357  max mem: 8529
Epoch: [59]  [700/809]  eta: 0:01:41  lr: 0.000100  loss: 10.1117 (9.9261)  loss_bbox: 0.0821 (0.0907)  loss_bbox_aux_0: 0.0984 (0.0958)  loss_bbox_aux_1: 0.0889 (0.0919)  loss_bbox_aux_2: 0.1105 (0.1091)  loss_bbox_dn_0: 0.0506 (0.0534)  loss_bbox_dn_1: 0.0417 (0.0435)  loss_bbox_dn_2: 0.0407 (0.0422)  loss_giou: 0.9689 (0.9507)  loss_giou_aux_0: 0.9957 (0.9872)  loss_giou_aux_1: 0.9843 (0.9594)  loss_giou_aux_2: 1.1043 (1.0514)  loss_giou_dn_0: 0.7948 (0.7571)  loss_giou_dn_1: 0.7394 (0.6709)  loss_giou_dn_2: 0.7242 (0.6603)  loss_vfl: 0.4674 (0.4979)  loss_vfl_aux_0: 0.4576 (0.5087)  loss_vfl_aux_1: 0.4668 (0.5044)  loss_vfl_aux_2: 0.4398 (0.4982)  loss_vfl_dn_0: 0.4645 (0.4719)  loss_vfl_dn_1: 0.4413 (0.4436)  loss_vfl_dn_2: 0.4359 (0.4380)  time: 0.9670  data: 0.0444  max mem: 8529
Epoch: [59]  [800/809]  eta: 0:00:08  lr: 0.000100  loss: 10.1292 (9.9361)  loss_bbox: 0.0910 (0.0911)  loss_bbox_aux_0: 0.1006 (0.0964)  loss_bbox_aux_1: 0.0940 (0.0924)  loss_bbox_aux_2: 0.1102 (0.1098)  loss_bbox_dn_0: 0.0523 (0.0536)  loss_bbox_dn_1: 0.0445 (0.0436)  loss_bbox_dn_2: 0.0439 (0.0423)  loss_giou: 1.0156 (0.9523)  loss_giou_aux_0: 1.0449 (0.9886)  loss_giou_aux_1: 1.0195 (0.9610)  loss_giou_aux_2: 1.1030 (1.0522)  loss_giou_dn_0: 0.7726 (0.7577)  loss_giou_dn_1: 0.6794 (0.6714)  loss_giou_dn_2: 0.6634 (0.6607)  loss_vfl: 0.4938 (0.4980)  loss_vfl_aux_0: 0.4941 (0.5087)  loss_vfl_aux_1: 0.5028 (0.5045)  loss_vfl_aux_2: 0.4974 (0.4983)  loss_vfl_dn_0: 0.4740 (0.4719)  loss_vfl_dn_1: 0.4478 (0.4436)  loss_vfl_dn_2: 0.4391 (0.4380)  time: 0.9060  data: 0.0352  max mem: 8529
Epoch: [59]  [808/809]  eta: 0:00:00  lr: 0.000100  loss: 9.9550 (9.9378)  loss_bbox: 0.0906 (0.0913)  loss_bbox_aux_0: 0.0990 (0.0966)  loss_bbox_aux_1: 0.0923 (0.0927)  loss_bbox_aux_2: 0.1068 (0.1100)  loss_bbox_dn_0: 0.0554 (0.0535)  loss_bbox_dn_1: 0.0448 (0.0436)  loss_bbox_dn_2: 0.0429 (0.0423)  loss_giou: 0.9129 (0.9529)  loss_giou_aux_0: 0.9485 (0.9891)  loss_giou_aux_1: 0.9123 (0.9616)  loss_giou_aux_2: 0.9914 (1.0526)  loss_giou_dn_0: 0.7411 (0.7577)  loss_giou_dn_1: 0.6505 (0.6713)  loss_giou_dn_2: 0.6439 (0.6607)  loss_vfl: 0.4781 (0.4977)  loss_vfl_aux_0: 0.4946 (0.5084)  loss_vfl_aux_1: 0.4878 (0.5042)  loss_vfl_aux_2: 0.5046 (0.4982)  loss_vfl_dn_0: 0.4741 (0.4719)  loss_vfl_dn_1: 0.4467 (0.4436)  loss_vfl_dn_2: 0.4370 (0.4380)  time: 0.7668  data: 0.0313  max mem: 8529
Epoch: [59] Total time: 0:12:29 (0.9266 s / it)
Averaged stats: lr: 0.000100  loss: 9.9550 (9.9378)  loss_bbox: 0.0906 (0.0913)  loss_bbox_aux_0: 0.0990 (0.0966)  loss_bbox_aux_1: 0.0923 (0.0927)  loss_bbox_aux_2: 0.1068 (0.1100)  loss_bbox_dn_0: 0.0554 (0.0535)  loss_bbox_dn_1: 0.0448 (0.0436)  loss_bbox_dn_2: 0.0429 (0.0423)  loss_giou: 0.9129 (0.9529)  loss_giou_aux_0: 0.9485 (0.9891)  loss_giou_aux_1: 0.9123 (0.9616)  loss_giou_aux_2: 0.9914 (1.0526)  loss_giou_dn_0: 0.7411 (0.7577)  loss_giou_dn_1: 0.6505 (0.6713)  loss_giou_dn_2: 0.6439 (0.6607)  loss_vfl: 0.4781 (0.4977)  loss_vfl_aux_0: 0.4946 (0.5084)  loss_vfl_aux_1: 0.4878 (0.5042)  loss_vfl_aux_2: 0.5046 (0.4982)  loss_vfl_dn_0: 0.4741 (0.4719)  loss_vfl_dn_1: 0.4467 (0.4436)  loss_vfl_dn_2: 0.4370 (0.4380)
Test:  [ 0/69]  eta: 0:01:26    time: 1.2531  data: 0.7190  max mem: 8529
Test:  [10/69]  eta: 0:00:39    time: 0.6611  data: 0.0794  max mem: 8529
Test:  [20/69]  eta: 0:00:32    time: 0.6273  data: 0.0184  max mem: 8529
Test:  [30/69]  eta: 0:00:24    time: 0.6136  data: 0.0211  max mem: 8529
Test:  [40/69]  eta: 0:00:18    time: 0.6089  data: 0.0211  max mem: 8529
Test:  [50/69]  eta: 0:00:11    time: 0.5835  data: 0.0215  max mem: 8529
Test:  [60/69]  eta: 0:00:05    time: 0.5253  data: 0.0215  max mem: 8529
Test:  [68/69]  eta: 0:00:00    time: 0.5412  data: 0.0198  max mem: 8529
Test: Total time: 0:00:41 (0.5957 s / it)
Averaged stats: 
Accumulating evaluation results...
DONE (t=2.03s).
IoU metric: bbox
 Average Precision  (AP) @[ IoU=0.50:0.95 | area=   all | maxDets=100 ] = 0.230
 Average Precision  (AP) @[ IoU=0.50      | area=   all | maxDets=100 ] = 0.380
 Average Precision  (AP) @[ IoU=0.75      | area=   all | maxDets=100 ] = 0.235
 Average Precision  (AP) @[ IoU=0.50:0.95 | area= small | maxDets=100 ] = 0.148
 Average Precision  (AP) @[ IoU=0.50:0.95 | area=medium | maxDets=100 ] = 0.324
 Average Precision  (AP) @[ IoU=0.50:0.95 | area= large | maxDets=100 ] = 0.409
 Average Recall     (AR) @[ IoU=0.50:0.95 | area=   all | maxDets=  1 ] = 0.101
 Average Recall     (AR) @[ IoU=0.50:0.95 | area=   all | maxDets= 10 ] = 0.287
 Average Recall     (AR) @[ IoU=0.50:0.95 | area=   all | maxDets=100 ] = 0.385
 Average Recall     (AR) @[ IoU=0.50:0.95 | area= small | maxDets=100 ] = 0.296
 Average Recall     (AR) @[ IoU=0.50:0.95 | area=medium | maxDets=100 ] = 0.504
 Average Recall     (AR) @[ IoU=0.50:0.95 | area= large | maxDets=100 ] = 0.599
best_stat:  {'epoch': 59, 'coco_eval_bbox': 0.2298983733694304}
Epoch: [60]  [  0/809]  eta: 0:58:34  lr: 0.000010  loss: 11.2151 (11.2151)  loss_bbox: 0.1493 (0.1493)  loss_bbox_aux_0: 0.1499 (0.1499)  loss_bbox_aux_1: 0.1479 (0.1479)  loss_bbox_aux_2: 0.1626 (0.1626)  loss_bbox_dn_0: 0.0593 (0.0593)  loss_bbox_dn_1: 0.0505 (0.0505)  loss_bbox_dn_2: 0.0489 (0.0489)  loss_giou: 1.1678 (1.1678)  loss_giou_aux_0: 1.2141 (1.2141)  loss_giou_aux_1: 1.1682 (1.1682)  loss_giou_aux_2: 1.2911 (1.2911)  loss_giou_dn_0: 0.8615 (0.8615)  loss_giou_dn_1: 0.7684 (0.7684)  loss_giou_dn_2: 0.7660 (0.7660)  loss_vfl: 0.4456 (0.4456)  loss_vfl_aux_0: 0.4729 (0.4729)  loss_vfl_aux_1: 0.4579 (0.4579)  loss_vfl_aux_2: 0.4487 (0.4487)  loss_vfl_dn_0: 0.4763 (0.4763)  loss_vfl_dn_1: 0.4559 (0.4559)  loss_vfl_dn_2: 0.4524 (0.4524)  time: 4.3440  data: 2.9369  max mem: 8529
Epoch: [60]  [100/809]  eta: 0:11:20  lr: 0.000010  loss: 9.6513 (9.7437)  loss_bbox: 0.0822 (0.0851)  loss_bbox_aux_0: 0.0848 (0.0911)  loss_bbox_aux_1: 0.0829 (0.0866)  loss_bbox_aux_2: 0.1083 (0.1056)  loss_bbox_dn_0: 0.0490 (0.0526)  loss_bbox_dn_1: 0.0387 (0.0429)  loss_bbox_dn_2: 0.0383 (0.0417)  loss_giou: 0.8827 (0.9198)  loss_giou_aux_0: 0.9108 (0.9545)  loss_giou_aux_1: 0.8852 (0.9286)  loss_giou_aux_2: 0.9901 (1.0126)  loss_giou_dn_0: 0.7122 (0.7370)  loss_giou_dn_1: 0.6217 (0.6533)  loss_giou_dn_2: 0.6115 (0.6437)  loss_vfl: 0.5201 (0.5031)  loss_vfl_aux_0: 0.5321 (0.5173)  loss_vfl_aux_1: 0.5231 (0.5083)  loss_vfl_aux_2: 0.5089 (0.5086)  loss_vfl_dn_0: 0.4680 (0.4721)  loss_vfl_dn_1: 0.4410 (0.4424)  loss_vfl_dn_2: 0.4380 (0.4370)  time: 0.9348  data: 0.0425  max mem: 8529
Epoch: [60]  [200/809]  eta: 0:09:31  lr: 0.000010  loss: 9.3876 (9.7220)  loss_bbox: 0.0690 (0.0860)  loss_bbox_aux_0: 0.0726 (0.0915)  loss_bbox_aux_1: 0.0705 (0.0877)  loss_bbox_aux_2: 0.0880 (0.1059)  loss_bbox_dn_0: 0.0510 (0.0513)  loss_bbox_dn_1: 0.0423 (0.0422)  loss_bbox_dn_2: 0.0412 (0.0411)  loss_giou: 0.8553 (0.9239)  loss_giou_aux_0: 0.8758 (0.9562)  loss_giou_aux_1: 0.8647 (0.9312)  loss_giou_aux_2: 0.9477 (1.0125)  loss_giou_dn_0: 0.6940 (0.7323)  loss_giou_dn_1: 0.6220 (0.6514)  loss_giou_dn_2: 0.6147 (0.6420)  loss_vfl: 0.5223 (0.4984)  loss_vfl_aux_0: 0.5267 (0.5118)  loss_vfl_aux_1: 0.5229 (0.5043)  loss_vfl_aux_2: 0.5251 (0.5043)  loss_vfl_dn_0: 0.4753 (0.4713)  loss_vfl_dn_1: 0.4396 (0.4411)  loss_vfl_dn_2: 0.4362 (0.4356)  time: 0.9316  data: 0.0390  max mem: 8529
Epoch: [60]  [300/809]  eta: 0:07:56  lr: 0.000010  loss: 9.6569 (9.7433)  loss_bbox: 0.0813 (0.0865)  loss_bbox_aux_0: 0.0850 (0.0924)  loss_bbox_aux_1: 0.0832 (0.0881)  loss_bbox_aux_2: 0.1004 (0.1065)  loss_bbox_dn_0: 0.0495 (0.0512)  loss_bbox_dn_1: 0.0430 (0.0421)  loss_bbox_dn_2: 0.0417 (0.0410)  loss_giou: 0.9465 (0.9316)  loss_giou_aux_0: 0.9625 (0.9643)  loss_giou_aux_1: 0.9463 (0.9382)  loss_giou_aux_2: 1.0089 (1.0193)  loss_giou_dn_0: 0.7283 (0.7346)  loss_giou_dn_1: 0.6482 (0.6546)  loss_giou_dn_2: 0.6360 (0.6454)  loss_vfl: 0.4905 (0.4944)  loss_vfl_aux_0: 0.4998 (0.5068)  loss_vfl_aux_1: 0.4950 (0.5005)  loss_vfl_aux_2: 0.4933 (0.5005)  loss_vfl_dn_0: 0.4672 (0.4702)  loss_vfl_dn_1: 0.4388 (0.4404)  loss_vfl_dn_2: 0.4314 (0.4346)  time: 0.9465  data: 0.0424  max mem: 8529
Epoch: [60]  [400/809]  eta: 0:06:20  lr: 0.000010  loss: 9.6816 (9.7229)  loss_bbox: 0.0801 (0.0859)  loss_bbox_aux_0: 0.0836 (0.0915)  loss_bbox_aux_1: 0.0812 (0.0875)  loss_bbox_aux_2: 0.0935 (0.1051)  loss_bbox_dn_0: 0.0443 (0.0515)  loss_bbox_dn_1: 0.0387 (0.0425)  loss_bbox_dn_2: 0.0372 (0.0414)  loss_giou: 0.9325 (0.9240)  loss_giou_aux_0: 0.9561 (0.9571)  loss_giou_aux_1: 0.9303 (0.9304)  loss_giou_aux_2: 1.0233 (1.0128)  loss_giou_dn_0: 0.7214 (0.7321)  loss_giou_dn_1: 0.6523 (0.6527)  loss_giou_dn_2: 0.6425 (0.6432)  loss_vfl: 0.4868 (0.4989)  loss_vfl_aux_0: 0.5094 (0.5111)  loss_vfl_aux_1: 0.4928 (0.5053)  loss_vfl_aux_2: 0.4868 (0.5041)  loss_vfl_dn_0: 0.4694 (0.4705)  loss_vfl_dn_1: 0.4382 (0.4405)  loss_vfl_dn_2: 0.4329 (0.4347)  time: 0.9668  data: 0.0415  max mem: 8529
Epoch: [60]  [500/809]  eta: 0:04:45  lr: 0.000010  loss: 9.9169 (9.7094)  loss_bbox: 0.0810 (0.0849)  loss_bbox_aux_0: 0.0899 (0.0903)  loss_bbox_aux_1: 0.0826 (0.0865)  loss_bbox_aux_2: 0.1046 (0.1041)  loss_bbox_dn_0: 0.0475 (0.0514)  loss_bbox_dn_1: 0.0402 (0.0424)  loss_bbox_dn_2: 0.0390 (0.0413)  loss_giou: 0.9680 (0.9215)  loss_giou_aux_0: 0.9957 (0.9555)  loss_giou_aux_1: 0.9763 (0.9280)  loss_giou_aux_2: 1.0522 (1.0109)  loss_giou_dn_0: 0.7366 (0.7309)  loss_giou_dn_1: 0.6563 (0.6515)  loss_giou_dn_2: 0.6509 (0.6420)  loss_vfl: 0.4530 (0.4995)  loss_vfl_aux_0: 0.4711 (0.5116)  loss_vfl_aux_1: 0.4594 (0.5061)  loss_vfl_aux_2: 0.4510 (0.5044)  loss_vfl_dn_0: 0.4709 (0.4710)  loss_vfl_dn_1: 0.4408 (0.4407)  loss_vfl_dn_2: 0.4353 (0.4350)  time: 0.9393  data: 0.0393  max mem: 8529
Epoch: [60]  [600/809]  eta: 0:03:14  lr: 0.000010  loss: 10.1080 (9.7388)  loss_bbox: 0.0925 (0.0859)  loss_bbox_aux_0: 0.0975 (0.0913)  loss_bbox_aux_1: 0.0961 (0.0875)  loss_bbox_aux_2: 0.1114 (0.1051)  loss_bbox_dn_0: 0.0498 (0.0510)  loss_bbox_dn_1: 0.0407 (0.0420)  loss_bbox_dn_2: 0.0395 (0.0410)  loss_giou: 1.0007 (0.9293)  loss_giou_aux_0: 1.0237 (0.9633)  loss_giou_aux_1: 1.0066 (0.9358)  loss_giou_aux_2: 1.0947 (1.0180)  loss_giou_dn_0: 0.7480 (0.7333)  loss_giou_dn_1: 0.6742 (0.6542)  loss_giou_dn_2: 0.6613 (0.6448)  loss_vfl: 0.4719 (0.4968)  loss_vfl_aux_0: 0.4879 (0.5088)  loss_vfl_aux_1: 0.4813 (0.5033)  loss_vfl_aux_2: 0.4655 (0.5016)  loss_vfl_dn_0: 0.4694 (0.4706)  loss_vfl_dn_1: 0.4424 (0.4405)  loss_vfl_dn_2: 0.4380 (0.4348)  time: 0.9983  data: 0.0379  max mem: 8529
Epoch: [60]  [700/809]  eta: 0:01:41  lr: 0.000010  loss: 9.5938 (9.7251)  loss_bbox: 0.0774 (0.0852)  loss_bbox_aux_0: 0.0800 (0.0905)  loss_bbox_aux_1: 0.0788 (0.0868)  loss_bbox_aux_2: 0.1037 (0.1042)  loss_bbox_dn_0: 0.0513 (0.0508)  loss_bbox_dn_1: 0.0423 (0.0419)  loss_bbox_dn_2: 0.0408 (0.0408)  loss_giou: 0.8926 (0.9272)  loss_giou_aux_0: 0.9366 (0.9608)  loss_giou_aux_1: 0.9102 (0.9338)  loss_giou_aux_2: 0.9824 (1.0155)  loss_giou_dn_0: 0.7281 (0.7319)  loss_giou_dn_1: 0.6553 (0.6529)  loss_giou_dn_2: 0.6433 (0.6436)  loss_vfl: 0.4794 (0.4974)  loss_vfl_aux_0: 0.4981 (0.5091)  loss_vfl_aux_1: 0.4937 (0.5038)  loss_vfl_aux_2: 0.4839 (0.5018)  loss_vfl_dn_0: 0.4740 (0.4712)  loss_vfl_dn_1: 0.4443 (0.4409)  loss_vfl_dn_2: 0.4341 (0.4352)  time: 0.9429  data: 0.0330  max mem: 8529
Epoch: [60]  [800/809]  eta: 0:00:08  lr: 0.000010  loss: 9.5220 (9.7231)  loss_bbox: 0.0751 (0.0854)  loss_bbox_aux_0: 0.0788 (0.0907)  loss_bbox_aux_1: 0.0768 (0.0870)  loss_bbox_aux_2: 0.0844 (0.1043)  loss_bbox_dn_0: 0.0419 (0.0506)  loss_bbox_dn_1: 0.0356 (0.0418)  loss_bbox_dn_2: 0.0344 (0.0407)  loss_giou: 0.9206 (0.9275)  loss_giou_aux_0: 0.9322 (0.9611)  loss_giou_aux_1: 0.9050 (0.9343)  loss_giou_aux_2: 0.9807 (1.0158)  loss_giou_dn_0: 0.7144 (0.7312)  loss_giou_dn_1: 0.6423 (0.6529)  loss_giou_dn_2: 0.6359 (0.6437)  loss_vfl: 0.4891 (0.4969)  loss_vfl_aux_0: 0.4965 (0.5084)  loss_vfl_aux_1: 0.4979 (0.5029)  loss_vfl_aux_2: 0.4861 (0.5010)  loss_vfl_dn_0: 0.4675 (0.4710)  loss_vfl_dn_1: 0.4402 (0.4408)  loss_vfl_dn_2: 0.4355 (0.4351)  time: 0.9334  data: 0.0348  max mem: 8529
Epoch: [60]  [808/809]  eta: 0:00:00  lr: 0.000010  loss: 9.4160 (9.7200)  loss_bbox: 0.0716 (0.0853)  loss_bbox_aux_0: 0.0752 (0.0906)  loss_bbox_aux_1: 0.0724 (0.0869)  loss_bbox_aux_2: 0.0849 (0.1041)  loss_bbox_dn_0: 0.0436 (0.0506)  loss_bbox_dn_1: 0.0357 (0.0418)  loss_bbox_dn_2: 0.0351 (0.0407)  loss_giou: 0.8944 (0.9269)  loss_giou_aux_0: 0.9238 (0.9604)  loss_giou_aux_1: 0.9050 (0.9336)  loss_giou_aux_2: 0.9778 (1.0151)  loss_giou_dn_0: 0.7144 (0.7310)  loss_giou_dn_1: 0.6423 (0.6527)  loss_giou_dn_2: 0.6345 (0.6434)  loss_vfl: 0.4884 (0.4970)  loss_vfl_aux_0: 0.4871 (0.5085)  loss_vfl_aux_1: 0.4897 (0.5031)  loss_vfl_aux_2: 0.4807 (0.5012)  loss_vfl_dn_0: 0.4745 (0.4711)  loss_vfl_dn_1: 0.4420 (0.4409)  loss_vfl_dn_2: 0.4379 (0.4352)  time: 0.8093  data: 0.0312  max mem: 8529
Epoch: [60] Total time: 0:12:26 (0.9234 s / it)
Averaged stats: lr: 0.000010  loss: 9.4160 (9.7200)  loss_bbox: 0.0716 (0.0853)  loss_bbox_aux_0: 0.0752 (0.0906)  loss_bbox_aux_1: 0.0724 (0.0869)  loss_bbox_aux_2: 0.0849 (0.1041)  loss_bbox_dn_0: 0.0436 (0.0506)  loss_bbox_dn_1: 0.0357 (0.0418)  loss_bbox_dn_2: 0.0351 (0.0407)  loss_giou: 0.8944 (0.9269)  loss_giou_aux_0: 0.9238 (0.9604)  loss_giou_aux_1: 0.9050 (0.9336)  loss_giou_aux_2: 0.9778 (1.0151)  loss_giou_dn_0: 0.7144 (0.7310)  loss_giou_dn_1: 0.6423 (0.6527)  loss_giou_dn_2: 0.6345 (0.6434)  loss_vfl: 0.4884 (0.4970)  loss_vfl_aux_0: 0.4871 (0.5085)  loss_vfl_aux_1: 0.4897 (0.5031)  loss_vfl_aux_2: 0.4807 (0.5012)  loss_vfl_dn_0: 0.4745 (0.4711)  loss_vfl_dn_1: 0.4420 (0.4409)  loss_vfl_dn_2: 0.4379 (0.4352)
Test:  [ 0/69]  eta: 0:01:43    time: 1.5070  data: 0.9505  max mem: 8529
Test:  [10/69]  eta: 0:00:41    time: 0.7029  data: 0.1018  max mem: 8529
Test:  [20/69]  eta: 0:00:32    time: 0.6230  data: 0.0181  max mem: 8529
Test:  [30/69]  eta: 0:00:24    time: 0.5866  data: 0.0197  max mem: 8529
Test:  [40/69]  eta: 0:00:17    time: 0.5568  data: 0.0206  max mem: 8529
Test:  [50/69]  eta: 0:00:11    time: 0.5684  data: 0.0208  max mem: 8529
Test:  [60/69]  eta: 0:00:05    time: 0.5346  data: 0.0205  max mem: 8529
Test:  [68/69]  eta: 0:00:00    time: 0.5528  data: 0.0194  max mem: 8529
Test: Total time: 0:00:40 (0.5827 s / it)
Averaged stats: 
Accumulating evaluation results...
DONE (t=2.00s).
IoU metric: bbox
 Average Precision  (AP) @[ IoU=0.50:0.95 | area=   all | maxDets=100 ] = 0.230
 Average Precision  (AP) @[ IoU=0.50      | area=   all | maxDets=100 ] = 0.382
 Average Precision  (AP) @[ IoU=0.75      | area=   all | maxDets=100 ] = 0.235
 Average Precision  (AP) @[ IoU=0.50:0.95 | area= small | maxDets=100 ] = 0.149
 Average Precision  (AP) @[ IoU=0.50:0.95 | area=medium | maxDets=100 ] = 0.324
 Average Precision  (AP) @[ IoU=0.50:0.95 | area= large | maxDets=100 ] = 0.408
 Average Recall     (AR) @[ IoU=0.50:0.95 | area=   all | maxDets=  1 ] = 0.101
 Average Recall     (AR) @[ IoU=0.50:0.95 | area=   all | maxDets= 10 ] = 0.289
 Average Recall     (AR) @[ IoU=0.50:0.95 | area=   all | maxDets=100 ] = 0.386
 Average Recall     (AR) @[ IoU=0.50:0.95 | area= small | maxDets=100 ] = 0.297
 Average Recall     (AR) @[ IoU=0.50:0.95 | area=medium | maxDets=100 ] = 0.502
 Average Recall     (AR) @[ IoU=0.50:0.95 | area= large | maxDets=100 ] = 0.602
best_stat:  {'epoch': 60, 'coco_eval_bbox': 0.23038356290484524}
Epoch: [61]  [  0/809]  eta: 1:03:30  lr: 0.000010  loss: 10.8181 (10.8181)  loss_bbox: 0.1032 (0.1032)  loss_bbox_aux_0: 0.1149 (0.1149)  loss_bbox_aux_1: 0.1048 (0.1048)  loss_bbox_aux_2: 0.1347 (0.1347)  loss_bbox_dn_0: 0.0388 (0.0388)  loss_bbox_dn_1: 0.0324 (0.0324)  loss_bbox_dn_2: 0.0322 (0.0322)  loss_giou: 1.1791 (1.1791)  loss_giou_aux_0: 1.2214 (1.2214)  loss_giou_aux_1: 1.1869 (1.1869)  loss_giou_aux_2: 1.2854 (1.2854)  loss_giou_dn_0: 0.8120 (0.8120)  loss_giou_dn_1: 0.7447 (0.7447)  loss_giou_dn_2: 0.7387 (0.7387)  loss_vfl: 0.4431 (0.4431)  loss_vfl_aux_0: 0.4371 (0.4371)  loss_vfl_aux_1: 0.4513 (0.4513)  loss_vfl_aux_2: 0.4159 (0.4159)  loss_vfl_dn_0: 0.4691 (0.4691)  loss_vfl_dn_1: 0.4360 (0.4360)  loss_vfl_dn_2: 0.4363 (0.4363)  time: 4.7098  data: 2.3074  max mem: 8529
Epoch: [61]  [100/809]  eta: 0:11:24  lr: 0.000010  loss: 9.8027 (9.7641)  loss_bbox: 0.0743 (0.0888)  loss_bbox_aux_0: 0.0810 (0.0937)  loss_bbox_aux_1: 0.0774 (0.0902)  loss_bbox_aux_2: 0.0954 (0.1067)  loss_bbox_dn_0: 0.0485 (0.0505)  loss_bbox_dn_1: 0.0394 (0.0417)  loss_bbox_dn_2: 0.0373 (0.0407)  loss_giou: 0.9592 (0.9458)  loss_giou_aux_0: 0.9961 (0.9833)  loss_giou_aux_1: 0.9668 (0.9545)  loss_giou_aux_2: 1.0470 (1.0342)  loss_giou_dn_0: 0.7439 (0.7333)  loss_giou_dn_1: 0.6646 (0.6557)  loss_giou_dn_2: 0.6550 (0.6466)  loss_vfl: 0.4658 (0.4838)  loss_vfl_aux_0: 0.4679 (0.4939)  loss_vfl_aux_1: 0.4701 (0.4898)  loss_vfl_aux_2: 0.4583 (0.4878)  loss_vfl_dn_0: 0.4729 (0.4689)  loss_vfl_dn_1: 0.4384 (0.4399)  loss_vfl_dn_2: 0.4342 (0.4341)  time: 0.9076  data: 0.0322  max mem: 8529
Epoch: [61]  [200/809]  eta: 0:09:34  lr: 0.000010  loss: 9.5407 (9.7234)  loss_bbox: 0.0747 (0.0859)  loss_bbox_aux_0: 0.0785 (0.0907)  loss_bbox_aux_1: 0.0763 (0.0876)  loss_bbox_aux_2: 0.0917 (0.1039)  loss_bbox_dn_0: 0.0472 (0.0502)  loss_bbox_dn_1: 0.0393 (0.0416)  loss_bbox_dn_2: 0.0382 (0.0405)  loss_giou: 0.9233 (0.9349)  loss_giou_aux_0: 0.9424 (0.9707)  loss_giou_aux_1: 0.9313 (0.9432)  loss_giou_aux_2: 0.9937 (1.0243)  loss_giou_dn_0: 0.7412 (0.7313)  loss_giou_dn_1: 0.6730 (0.6539)  loss_giou_dn_2: 0.6674 (0.6447)  loss_vfl: 0.4762 (0.4884)  loss_vfl_aux_0: 0.4916 (0.5005)  loss_vfl_aux_1: 0.4712 (0.4940)  loss_vfl_aux_2: 0.4852 (0.4947)  loss_vfl_dn_0: 0.4675 (0.4696)  loss_vfl_dn_1: 0.4390 (0.4394)  loss_vfl_dn_2: 0.4327 (0.4335)  time: 0.9208  data: 0.0372  max mem: 8529
Epoch: [61]  [300/809]  eta: 0:07:57  lr: 0.000010  loss: 9.9284 (9.7400)  loss_bbox: 0.0810 (0.0858)  loss_bbox_aux_0: 0.0809 (0.0907)  loss_bbox_aux_1: 0.0799 (0.0876)  loss_bbox_aux_2: 0.0960 (0.1039)  loss_bbox_dn_0: 0.0484 (0.0502)  loss_bbox_dn_1: 0.0414 (0.0416)  loss_bbox_dn_2: 0.0408 (0.0405)  loss_giou: 0.9420 (0.9369)  loss_giou_aux_0: 0.9677 (0.9723)  loss_giou_aux_1: 0.9536 (0.9450)  loss_giou_aux_2: 1.0188 (1.0263)  loss_giou_dn_0: 0.7543 (0.7328)  loss_giou_dn_1: 0.6749 (0.6554)  loss_giou_dn_2: 0.6651 (0.6460)  loss_vfl: 0.4808 (0.4896)  loss_vfl_aux_0: 0.4877 (0.5008)  loss_vfl_aux_1: 0.4773 (0.4950)  loss_vfl_aux_2: 0.4739 (0.4951)  loss_vfl_dn_0: 0.4711 (0.4701)  loss_vfl_dn_1: 0.4418 (0.4402)  loss_vfl_dn_2: 0.4376 (0.4344)  time: 0.9186  data: 0.0412  max mem: 8529
Epoch: [61]  [400/809]  eta: 0:06:22  lr: 0.000010  loss: 9.2054 (9.7078)  loss_bbox: 0.0675 (0.0850)  loss_bbox_aux_0: 0.0711 (0.0898)  loss_bbox_aux_1: 0.0670 (0.0867)  loss_bbox_aux_2: 0.0852 (0.1027)  loss_bbox_dn_0: 0.0463 (0.0498)  loss_bbox_dn_1: 0.0376 (0.0412)  loss_bbox_dn_2: 0.0366 (0.0401)  loss_giou: 0.8702 (0.9327)  loss_giou_aux_0: 0.8864 (0.9671)  loss_giou_aux_1: 0.8737 (0.9397)  loss_giou_aux_2: 0.9337 (1.0204)  loss_giou_dn_0: 0.7043 (0.7290)  loss_giou_dn_1: 0.6270 (0.6517)  loss_giou_dn_2: 0.6181 (0.6426)  loss_vfl: 0.5009 (0.4901)  loss_vfl_aux_0: 0.4918 (0.5020)  loss_vfl_aux_1: 0.4984 (0.4959)  loss_vfl_aux_2: 0.5134 (0.4970)  loss_vfl_dn_0: 0.4647 (0.4705)  loss_vfl_dn_1: 0.4323 (0.4399)  loss_vfl_dn_2: 0.4257 (0.4340)  time: 0.9515  data: 0.0418  max mem: 8529
Epoch: [61]  [500/809]  eta: 0:04:48  lr: 0.000010  loss: 9.4529 (9.6976)  loss_bbox: 0.0766 (0.0842)  loss_bbox_aux_0: 0.0800 (0.0890)  loss_bbox_aux_1: 0.0775 (0.0859)  loss_bbox_aux_2: 0.0900 (0.1019)  loss_bbox_dn_0: 0.0470 (0.0496)  loss_bbox_dn_1: 0.0385 (0.0410)  loss_bbox_dn_2: 0.0370 (0.0399)  loss_giou: 0.8460 (0.9318)  loss_giou_aux_0: 0.8827 (0.9661)  loss_giou_aux_1: 0.8516 (0.9388)  loss_giou_aux_2: 0.9308 (1.0192)  loss_giou_dn_0: 0.7307 (0.7295)  loss_giou_dn_1: 0.6596 (0.6520)  loss_giou_dn_2: 0.6470 (0.6427)  loss_vfl: 0.4880 (0.4900)  loss_vfl_aux_0: 0.5118 (0.5015)  loss_vfl_aux_1: 0.5056 (0.4957)  loss_vfl_aux_2: 0.4980 (0.4957)  loss_vfl_dn_0: 0.4637 (0.4699)  loss_vfl_dn_1: 0.4380 (0.4394)  loss_vfl_dn_2: 0.4335 (0.4336)  time: 0.9259  data: 0.0373  max mem: 8529
Epoch: [61]  [600/809]  eta: 0:03:14  lr: 0.000010  loss: 9.4420 (9.6938)  loss_bbox: 0.0759 (0.0835)  loss_bbox_aux_0: 0.0764 (0.0884)  loss_bbox_aux_1: 0.0746 (0.0853)  loss_bbox_aux_2: 0.0872 (0.1011)  loss_bbox_dn_0: 0.0478 (0.0496)  loss_bbox_dn_1: 0.0406 (0.0410)  loss_bbox_dn_2: 0.0401 (0.0400)  loss_giou: 0.8614 (0.9297)  loss_giou_aux_0: 0.8860 (0.9641)  loss_giou_aux_1: 0.8620 (0.9367)  loss_giou_aux_2: 0.9504 (1.0174)  loss_giou_dn_0: 0.7012 (0.7297)  loss_giou_dn_1: 0.6291 (0.6523)  loss_giou_dn_2: 0.6137 (0.6430)  loss_vfl: 0.5055 (0.4912)  loss_vfl_aux_0: 0.5206 (0.5025)  loss_vfl_aux_1: 0.5214 (0.4972)  loss_vfl_aux_2: 0.5082 (0.4965)  loss_vfl_dn_0: 0.4731 (0.4705)  loss_vfl_dn_1: 0.4431 (0.4399)  loss_vfl_dn_2: 0.4347 (0.4341)  time: 0.9141  data: 0.0364  max mem: 8529
Epoch: [61]  [700/809]  eta: 0:01:41  lr: 0.000010  loss: 9.9738 (9.7002)  loss_bbox: 0.0863 (0.0842)  loss_bbox_aux_0: 0.0906 (0.0893)  loss_bbox_aux_1: 0.0878 (0.0860)  loss_bbox_aux_2: 0.1016 (0.1023)  loss_bbox_dn_0: 0.0466 (0.0497)  loss_bbox_dn_1: 0.0392 (0.0411)  loss_bbox_dn_2: 0.0381 (0.0401)  loss_giou: 0.9957 (0.9293)  loss_giou_aux_0: 1.0310 (0.9637)  loss_giou_aux_1: 1.0050 (0.9363)  loss_giou_aux_2: 1.0758 (1.0177)  loss_giou_dn_0: 0.7575 (0.7302)  loss_giou_dn_1: 0.6895 (0.6527)  loss_giou_dn_2: 0.6815 (0.6435)  loss_vfl: 0.4828 (0.4916)  loss_vfl_aux_0: 0.4946 (0.5030)  loss_vfl_aux_1: 0.4889 (0.4977)  loss_vfl_aux_2: 0.4810 (0.4962)  loss_vfl_dn_0: 0.4777 (0.4709)  loss_vfl_dn_1: 0.4481 (0.4403)  loss_vfl_dn_2: 0.4431 (0.4344)  time: 0.9202  data: 0.0380  max mem: 8529
Epoch: [61]  [800/809]  eta: 0:00:08  lr: 0.000010  loss: 9.5490 (9.6803)  loss_bbox: 0.0729 (0.0834)  loss_bbox_aux_0: 0.0796 (0.0885)  loss_bbox_aux_1: 0.0737 (0.0851)  loss_bbox_aux_2: 0.0894 (0.1013)  loss_bbox_dn_0: 0.0490 (0.0496)  loss_bbox_dn_1: 0.0400 (0.0411)  loss_bbox_dn_2: 0.0391 (0.0400)  loss_giou: 0.8710 (0.9242)  loss_giou_aux_0: 0.8921 (0.9586)  loss_giou_aux_1: 0.8790 (0.9314)  loss_giou_aux_2: 0.9894 (1.0130)  loss_giou_dn_0: 0.7135 (0.7287)  loss_giou_dn_1: 0.6463 (0.6512)  loss_giou_dn_2: 0.6369 (0.6420)  loss_vfl: 0.5131 (0.4937)  loss_vfl_aux_0: 0.5271 (0.5049)  loss_vfl_aux_1: 0.5199 (0.4997)  loss_vfl_aux_2: 0.5116 (0.4983)  loss_vfl_dn_0: 0.4708 (0.4710)  loss_vfl_dn_1: 0.4424 (0.4403)  loss_vfl_dn_2: 0.4340 (0.4344)  time: 0.8690  data: 0.0343  max mem: 8529
Epoch: [61]  [808/809]  eta: 0:00:00  lr: 0.000010  loss: 9.0534 (9.6727)  loss_bbox: 0.0729 (0.0833)  loss_bbox_aux_0: 0.0796 (0.0884)  loss_bbox_aux_1: 0.0737 (0.0850)  loss_bbox_aux_2: 0.0894 (0.1012)  loss_bbox_dn_0: 0.0541 (0.0497)  loss_bbox_dn_1: 0.0452 (0.0411)  loss_bbox_dn_2: 0.0440 (0.0401)  loss_giou: 0.7941 (0.9227)  loss_giou_aux_0: 0.8181 (0.9572)  loss_giou_aux_1: 0.8004 (0.9300)  loss_giou_aux_2: 0.8714 (1.0115)  loss_giou_dn_0: 0.6805 (0.7280)  loss_giou_dn_1: 0.6036 (0.6506)  loss_giou_dn_2: 0.5960 (0.6413)  loss_vfl: 0.5151 (0.4938)  loss_vfl_aux_0: 0.5454 (0.5051)  loss_vfl_aux_1: 0.5341 (0.4999)  loss_vfl_aux_2: 0.5399 (0.4985)  loss_vfl_dn_0: 0.4684 (0.4710)  loss_vfl_dn_1: 0.4333 (0.4401)  loss_vfl_dn_2: 0.4287 (0.4342)  time: 0.7678  data: 0.0299  max mem: 8529
Epoch: [61] Total time: 0:12:25 (0.9217 s / it)
Averaged stats: lr: 0.000010  loss: 9.0534 (9.6727)  loss_bbox: 0.0729 (0.0833)  loss_bbox_aux_0: 0.0796 (0.0884)  loss_bbox_aux_1: 0.0737 (0.0850)  loss_bbox_aux_2: 0.0894 (0.1012)  loss_bbox_dn_0: 0.0541 (0.0497)  loss_bbox_dn_1: 0.0452 (0.0411)  loss_bbox_dn_2: 0.0440 (0.0401)  loss_giou: 0.7941 (0.9227)  loss_giou_aux_0: 0.8181 (0.9572)  loss_giou_aux_1: 0.8004 (0.9300)  loss_giou_aux_2: 0.8714 (1.0115)  loss_giou_dn_0: 0.6805 (0.7280)  loss_giou_dn_1: 0.6036 (0.6506)  loss_giou_dn_2: 0.5960 (0.6413)  loss_vfl: 0.5151 (0.4938)  loss_vfl_aux_0: 0.5454 (0.5051)  loss_vfl_aux_1: 0.5341 (0.4999)  loss_vfl_aux_2: 0.5399 (0.4985)  loss_vfl_dn_0: 0.4684 (0.4710)  loss_vfl_dn_1: 0.4333 (0.4401)  loss_vfl_dn_2: 0.4287 (0.4342)
Test:  [ 0/69]  eta: 0:01:20    time: 1.1657  data: 0.6211  max mem: 8529
Test:  [10/69]  eta: 0:00:37    time: 0.6418  data: 0.0749  max mem: 8529
Test:  [20/69]  eta: 0:00:30    time: 0.6001  data: 0.0206  max mem: 8529
Test:  [30/69]  eta: 0:00:23    time: 0.5763  data: 0.0204  max mem: 8529
Test:  [40/69]  eta: 0:00:16    time: 0.5405  data: 0.0198  max mem: 8529
Test:  [50/69]  eta: 0:00:10    time: 0.5135  data: 0.0201  max mem: 8529
Test:  [60/69]  eta: 0:00:05    time: 0.5417  data: 0.0207  max mem: 8529
Test:  [68/69]  eta: 0:00:00    time: 0.5593  data: 0.0205  max mem: 8529
Test: Total time: 0:00:39 (0.5668 s / it)
Averaged stats: 
Accumulating evaluation results...
DONE (t=2.01s).
IoU metric: bbox
 Average Precision  (AP) @[ IoU=0.50:0.95 | area=   all | maxDets=100 ] = 0.231
 Average Precision  (AP) @[ IoU=0.50      | area=   all | maxDets=100 ] = 0.383
 Average Precision  (AP) @[ IoU=0.75      | area=   all | maxDets=100 ] = 0.236
 Average Precision  (AP) @[ IoU=0.50:0.95 | area= small | maxDets=100 ] = 0.150
 Average Precision  (AP) @[ IoU=0.50:0.95 | area=medium | maxDets=100 ] = 0.325
 Average Precision  (AP) @[ IoU=0.50:0.95 | area= large | maxDets=100 ] = 0.404
 Average Recall     (AR) @[ IoU=0.50:0.95 | area=   all | maxDets=  1 ] = 0.101
 Average Recall     (AR) @[ IoU=0.50:0.95 | area=   all | maxDets= 10 ] = 0.288
 Average Recall     (AR) @[ IoU=0.50:0.95 | area=   all | maxDets=100 ] = 0.386
 Average Recall     (AR) @[ IoU=0.50:0.95 | area= small | maxDets=100 ] = 0.298
 Average Recall     (AR) @[ IoU=0.50:0.95 | area=medium | maxDets=100 ] = 0.501
 Average Recall     (AR) @[ IoU=0.50:0.95 | area= large | maxDets=100 ] = 0.595
best_stat:  {'epoch': 61, 'coco_eval_bbox': 0.23122593565818939}
Epoch: [62]  [  0/809]  eta: 1:22:42  lr: 0.000010  loss: 9.3037 (9.3037)  loss_bbox: 0.0707 (0.0707)  loss_bbox_aux_0: 0.0706 (0.0706)  loss_bbox_aux_1: 0.0721 (0.0721)  loss_bbox_aux_2: 0.0806 (0.0806)  loss_bbox_dn_0: 0.0499 (0.0499)  loss_bbox_dn_1: 0.0417 (0.0417)  loss_bbox_dn_2: 0.0412 (0.0412)  loss_giou: 0.8668 (0.8668)  loss_giou_aux_0: 0.8873 (0.8873)  loss_giou_aux_1: 0.8764 (0.8764)  loss_giou_aux_2: 0.9443 (0.9443)  loss_giou_dn_0: 0.6978 (0.6978)  loss_giou_dn_1: 0.6079 (0.6079)  loss_giou_dn_2: 0.6000 (0.6000)  loss_vfl: 0.4996 (0.4996)  loss_vfl_aux_0: 0.5204 (0.5204)  loss_vfl_aux_1: 0.5103 (0.5103)  loss_vfl_aux_2: 0.5182 (0.5182)  loss_vfl_dn_0: 0.4681 (0.4681)  loss_vfl_dn_1: 0.4456 (0.4456)  loss_vfl_dn_2: 0.4341 (0.4341)  time: 6.1347  data: 3.1653  max mem: 8529
Epoch: [62]  [100/809]  eta: 0:11:26  lr: 0.000010  loss: 9.3947 (9.6096)  loss_bbox: 0.0661 (0.0798)  loss_bbox_aux_0: 0.0720 (0.0854)  loss_bbox_aux_1: 0.0678 (0.0817)  loss_bbox_aux_2: 0.0816 (0.0977)  loss_bbox_dn_0: 0.0452 (0.0500)  loss_bbox_dn_1: 0.0383 (0.0413)  loss_bbox_dn_2: 0.0377 (0.0403)  loss_giou: 0.8555 (0.9143)  loss_giou_aux_0: 0.8910 (0.9498)  loss_giou_aux_1: 0.8616 (0.9213)  loss_giou_aux_2: 0.9482 (1.0060)  loss_giou_dn_0: 0.6982 (0.7241)  loss_giou_dn_1: 0.6126 (0.6475)  loss_giou_dn_2: 0.5950 (0.6381)  loss_vfl: 0.5255 (0.4943)  loss_vfl_aux_0: 0.5317 (0.5023)  loss_vfl_aux_1: 0.5336 (0.4996)  loss_vfl_aux_2: 0.5160 (0.4943)  loss_vfl_dn_0: 0.4680 (0.4699)  loss_vfl_dn_1: 0.4379 (0.4392)  loss_vfl_dn_2: 0.4313 (0.4326)  time: 0.8884  data: 0.0427  max mem: 8529
Epoch: [62]  [200/809]  eta: 0:09:31  lr: 0.000010  loss: 9.8257 (9.6824)  loss_bbox: 0.0754 (0.0828)  loss_bbox_aux_0: 0.0800 (0.0879)  loss_bbox_aux_1: 0.0770 (0.0845)  loss_bbox_aux_2: 0.0895 (0.1004)  loss_bbox_dn_0: 0.0464 (0.0500)  loss_bbox_dn_1: 0.0376 (0.0414)  loss_bbox_dn_2: 0.0369 (0.0404)  loss_giou: 0.9457 (0.9250)  loss_giou_aux_0: 0.9698 (0.9606)  loss_giou_aux_1: 0.9574 (0.9319)  loss_giou_aux_2: 1.0098 (1.0136)  loss_giou_dn_0: 0.7391 (0.7284)  loss_giou_dn_1: 0.6709 (0.6525)  loss_giou_dn_2: 0.6637 (0.6434)  loss_vfl: 0.4791 (0.4939)  loss_vfl_aux_0: 0.4883 (0.5041)  loss_vfl_aux_1: 0.4806 (0.4999)  loss_vfl_aux_2: 0.4796 (0.4967)  loss_vfl_dn_0: 0.4724 (0.4711)  loss_vfl_dn_1: 0.4429 (0.4399)  loss_vfl_dn_2: 0.4398 (0.4338)  time: 0.8969  data: 0.0372  max mem: 8529
Epoch: [62]  [300/809]  eta: 0:07:53  lr: 0.000010  loss: 9.4753 (9.6871)  loss_bbox: 0.0677 (0.0827)  loss_bbox_aux_0: 0.0726 (0.0877)  loss_bbox_aux_1: 0.0675 (0.0843)  loss_bbox_aux_2: 0.0833 (0.1000)  loss_bbox_dn_0: 0.0464 (0.0493)  loss_bbox_dn_1: 0.0389 (0.0409)  loss_bbox_dn_2: 0.0375 (0.0399)  loss_giou: 0.9205 (0.9267)  loss_giou_aux_0: 0.9418 (0.9618)  loss_giou_aux_1: 0.9168 (0.9330)  loss_giou_aux_2: 0.9853 (1.0150)  loss_giou_dn_0: 0.7182 (0.7293)  loss_giou_dn_1: 0.6589 (0.6533)  loss_giou_dn_2: 0.6491 (0.6444)  loss_vfl: 0.4897 (0.4932)  loss_vfl_aux_0: 0.4976 (0.5036)  loss_vfl_aux_1: 0.4893 (0.4995)  loss_vfl_aux_2: 0.4895 (0.4966)  loss_vfl_dn_0: 0.4733 (0.4713)  loss_vfl_dn_1: 0.4425 (0.4402)  loss_vfl_dn_2: 0.4360 (0.4344)  time: 0.8960  data: 0.0381  max mem: 8529
Epoch: [62]  [400/809]  eta: 0:06:21  lr: 0.000010  loss: 9.7142 (9.7028)  loss_bbox: 0.0663 (0.0834)  loss_bbox_aux_0: 0.0705 (0.0884)  loss_bbox_aux_1: 0.0698 (0.0850)  loss_bbox_aux_2: 0.0861 (0.1006)  loss_bbox_dn_0: 0.0454 (0.0493)  loss_bbox_dn_1: 0.0374 (0.0410)  loss_bbox_dn_2: 0.0370 (0.0400)  loss_giou: 0.9146 (0.9289)  loss_giou_aux_0: 0.9463 (0.9643)  loss_giou_aux_1: 0.9247 (0.9359)  loss_giou_aux_2: 0.9990 (1.0180)  loss_giou_dn_0: 0.7384 (0.7301)  loss_giou_dn_1: 0.6624 (0.6542)  loss_giou_dn_2: 0.6523 (0.6452)  loss_vfl: 0.5076 (0.4930)  loss_vfl_aux_0: 0.5138 (0.5029)  loss_vfl_aux_1: 0.5106 (0.4991)  loss_vfl_aux_2: 0.5083 (0.4952)  loss_vfl_dn_0: 0.4680 (0.4718)  loss_vfl_dn_1: 0.4413 (0.4412)  loss_vfl_dn_2: 0.4349 (0.4354)  time: 0.9636  data: 0.0457  max mem: 8529
Epoch: [62]  [500/809]  eta: 0:04:46  lr: 0.000010  loss: 9.3988 (9.6616)  loss_bbox: 0.0689 (0.0829)  loss_bbox_aux_0: 0.0724 (0.0878)  loss_bbox_aux_1: 0.0703 (0.0844)  loss_bbox_aux_2: 0.0844 (0.1002)  loss_bbox_dn_0: 0.0476 (0.0495)  loss_bbox_dn_1: 0.0386 (0.0411)  loss_bbox_dn_2: 0.0379 (0.0401)  loss_giou: 0.8341 (0.9195)  loss_giou_aux_0: 0.8699 (0.9548)  loss_giou_aux_1: 0.8492 (0.9267)  loss_giou_aux_2: 0.9540 (1.0092)  loss_giou_dn_0: 0.6956 (0.7263)  loss_giou_dn_1: 0.6106 (0.6502)  loss_giou_dn_2: 0.5990 (0.6411)  loss_vfl: 0.5252 (0.4951)  loss_vfl_aux_0: 0.5322 (0.5053)  loss_vfl_aux_1: 0.5325 (0.5013)  loss_vfl_aux_2: 0.5139 (0.4978)  loss_vfl_dn_0: 0.4703 (0.4720)  loss_vfl_dn_1: 0.4431 (0.4412)  loss_vfl_dn_2: 0.4362 (0.4353)  time: 0.9254  data: 0.0455  max mem: 8529
Epoch: [62]  [600/809]  eta: 0:03:13  lr: 0.000010  loss: 9.9344 (9.6390)  loss_bbox: 0.0702 (0.0823)  loss_bbox_aux_0: 0.0751 (0.0873)  loss_bbox_aux_1: 0.0709 (0.0838)  loss_bbox_aux_2: 0.0861 (0.0998)  loss_bbox_dn_0: 0.0462 (0.0497)  loss_bbox_dn_1: 0.0379 (0.0412)  loss_bbox_dn_2: 0.0373 (0.0402)  loss_giou: 0.9490 (0.9156)  loss_giou_aux_0: 0.9887 (0.9510)  loss_giou_aux_1: 0.9538 (0.9230)  loss_giou_aux_2: 1.0399 (1.0050)  loss_giou_dn_0: 0.7332 (0.7253)  loss_giou_dn_1: 0.6607 (0.6491)  loss_giou_dn_2: 0.6521 (0.6399)  loss_vfl: 0.4671 (0.4951)  loss_vfl_aux_0: 0.4937 (0.5049)  loss_vfl_aux_1: 0.4798 (0.5011)  loss_vfl_aux_2: 0.4856 (0.4976)  loss_vfl_dn_0: 0.4658 (0.4717)  loss_vfl_dn_1: 0.4357 (0.4408)  loss_vfl_dn_2: 0.4302 (0.4349)  time: 0.9300  data: 0.0350  max mem: 8529
Epoch: [62]  [700/809]  eta: 0:01:40  lr: 0.000010  loss: 9.8670 (9.6517)  loss_bbox: 0.0799 (0.0825)  loss_bbox_aux_0: 0.0843 (0.0875)  loss_bbox_aux_1: 0.0825 (0.0840)  loss_bbox_aux_2: 0.0940 (0.1002)  loss_bbox_dn_0: 0.0443 (0.0496)  loss_bbox_dn_1: 0.0364 (0.0411)  loss_bbox_dn_2: 0.0358 (0.0401)  loss_giou: 0.9422 (0.9192)  loss_giou_aux_0: 0.9826 (0.9544)  loss_giou_aux_1: 0.9560 (0.9264)  loss_giou_aux_2: 1.0311 (1.0086)  loss_giou_dn_0: 0.7655 (0.7263)  loss_giou_dn_1: 0.6892 (0.6499)  loss_giou_dn_2: 0.6842 (0.6408)  loss_vfl: 0.4913 (0.4941)  loss_vfl_aux_0: 0.4996 (0.5039)  loss_vfl_aux_1: 0.4911 (0.5002)  loss_vfl_aux_2: 0.5049 (0.4966)  loss_vfl_dn_0: 0.4660 (0.4713)  loss_vfl_dn_1: 0.4388 (0.4406)  loss_vfl_dn_2: 0.4327 (0.4347)  time: 0.9300  data: 0.0371  max mem: 8529
Epoch: [62]  [800/809]  eta: 0:00:08  lr: 0.000010  loss: 9.8026 (9.6400)  loss_bbox: 0.0714 (0.0824)  loss_bbox_aux_0: 0.0745 (0.0875)  loss_bbox_aux_1: 0.0730 (0.0839)  loss_bbox_aux_2: 0.0827 (0.1000)  loss_bbox_dn_0: 0.0471 (0.0498)  loss_bbox_dn_1: 0.0397 (0.0412)  loss_bbox_dn_2: 0.0389 (0.0402)  loss_giou: 0.8958 (0.9168)  loss_giou_aux_0: 0.9169 (0.9518)  loss_giou_aux_1: 0.9055 (0.9241)  loss_giou_aux_2: 0.9730 (1.0059)  loss_giou_dn_0: 0.7541 (0.7247)  loss_giou_dn_1: 0.6793 (0.6485)  loss_giou_dn_2: 0.6682 (0.6393)  loss_vfl: 0.5208 (0.4947)  loss_vfl_aux_0: 0.5166 (0.5047)  loss_vfl_aux_1: 0.5223 (0.5008)  loss_vfl_aux_2: 0.5090 (0.4977)  loss_vfl_dn_0: 0.4641 (0.4712)  loss_vfl_dn_1: 0.4346 (0.4403)  loss_vfl_dn_2: 0.4291 (0.4344)  time: 0.8842  data: 0.0368  max mem: 8529
Epoch: [62]  [808/809]  eta: 0:00:00  lr: 0.000010  loss: 10.0337 (9.6454)  loss_bbox: 0.0761 (0.0825)  loss_bbox_aux_0: 0.0782 (0.0875)  loss_bbox_aux_1: 0.0757 (0.0839)  loss_bbox_aux_2: 0.0940 (0.1001)  loss_bbox_dn_0: 0.0466 (0.0498)  loss_bbox_dn_1: 0.0397 (0.0412)  loss_bbox_dn_2: 0.0390 (0.0402)  loss_giou: 0.9762 (0.9179)  loss_giou_aux_0: 1.0302 (0.9529)  loss_giou_aux_1: 1.0035 (0.9252)  loss_giou_aux_2: 1.0961 (1.0071)  loss_giou_dn_0: 0.7682 (0.7252)  loss_giou_dn_1: 0.6873 (0.6490)  loss_giou_dn_2: 0.6776 (0.6398)  loss_vfl: 0.5072 (0.4945)  loss_vfl_aux_0: 0.5029 (0.5045)  loss_vfl_aux_1: 0.5007 (0.5006)  loss_vfl_aux_2: 0.4854 (0.4974)  loss_vfl_dn_0: 0.4736 (0.4712)  loss_vfl_dn_1: 0.4424 (0.4403)  loss_vfl_dn_2: 0.4361 (0.4344)  time: 0.7368  data: 0.0335  max mem: 8529
Epoch: [62] Total time: 0:12:21 (0.9160 s / it)
Averaged stats: lr: 0.000010  loss: 10.0337 (9.6454)  loss_bbox: 0.0761 (0.0825)  loss_bbox_aux_0: 0.0782 (0.0875)  loss_bbox_aux_1: 0.0757 (0.0839)  loss_bbox_aux_2: 0.0940 (0.1001)  loss_bbox_dn_0: 0.0466 (0.0498)  loss_bbox_dn_1: 0.0397 (0.0412)  loss_bbox_dn_2: 0.0390 (0.0402)  loss_giou: 0.9762 (0.9179)  loss_giou_aux_0: 1.0302 (0.9529)  loss_giou_aux_1: 1.0035 (0.9252)  loss_giou_aux_2: 1.0961 (1.0071)  loss_giou_dn_0: 0.7682 (0.7252)  loss_giou_dn_1: 0.6873 (0.6490)  loss_giou_dn_2: 0.6776 (0.6398)  loss_vfl: 0.5072 (0.4945)  loss_vfl_aux_0: 0.5029 (0.5045)  loss_vfl_aux_1: 0.5007 (0.5006)  loss_vfl_aux_2: 0.4854 (0.4974)  loss_vfl_dn_0: 0.4736 (0.4712)  loss_vfl_dn_1: 0.4424 (0.4403)  loss_vfl_dn_2: 0.4361 (0.4344)
Test:  [ 0/69]  eta: 0:01:19    time: 1.1512  data: 0.6533  max mem: 8529
Test:  [10/69]  eta: 0:00:38    time: 0.6575  data: 0.0736  max mem: 8529
Test:  [20/69]  eta: 0:00:31    time: 0.6093  data: 0.0177  max mem: 8529
Test:  [30/69]  eta: 0:00:23    time: 0.5915  data: 0.0204  max mem: 8529
Test:  [40/69]  eta: 0:00:17    time: 0.5569  data: 0.0213  max mem: 8529
Test:  [50/69]  eta: 0:00:10    time: 0.5216  data: 0.0217  max mem: 8529
Test:  [60/69]  eta: 0:00:05    time: 0.4967  data: 0.0218  max mem: 8529
Test:  [68/69]  eta: 0:00:00    time: 0.5555  data: 0.0201  max mem: 8529
Test: Total time: 0:00:39 (0.5759 s / it)
Averaged stats: 
Accumulating evaluation results...
DONE (t=2.00s).
IoU metric: bbox
 Average Precision  (AP) @[ IoU=0.50:0.95 | area=   all | maxDets=100 ] = 0.232
 Average Precision  (AP) @[ IoU=0.50      | area=   all | maxDets=100 ] = 0.384
 Average Precision  (AP) @[ IoU=0.75      | area=   all | maxDets=100 ] = 0.237
 Average Precision  (AP) @[ IoU=0.50:0.95 | area= small | maxDets=100 ] = 0.151
 Average Precision  (AP) @[ IoU=0.50:0.95 | area=medium | maxDets=100 ] = 0.326
 Average Precision  (AP) @[ IoU=0.50:0.95 | area= large | maxDets=100 ] = 0.400
 Average Recall     (AR) @[ IoU=0.50:0.95 | area=   all | maxDets=  1 ] = 0.102
 Average Recall     (AR) @[ IoU=0.50:0.95 | area=   all | maxDets= 10 ] = 0.288
 Average Recall     (AR) @[ IoU=0.50:0.95 | area=   all | maxDets=100 ] = 0.386
 Average Recall     (AR) @[ IoU=0.50:0.95 | area= small | maxDets=100 ] = 0.299
 Average Recall     (AR) @[ IoU=0.50:0.95 | area=medium | maxDets=100 ] = 0.502
 Average Recall     (AR) @[ IoU=0.50:0.95 | area= large | maxDets=100 ] = 0.583
best_stat:  {'epoch': 62, 'coco_eval_bbox': 0.23177399138574376}
Epoch: [63]  [  0/809]  eta: 1:04:26  lr: 0.000010  loss: 9.5682 (9.5682)  loss_bbox: 0.0823 (0.0823)  loss_bbox_aux_0: 0.0899 (0.0899)  loss_bbox_aux_1: 0.0850 (0.0850)  loss_bbox_aux_2: 0.1014 (0.1014)  loss_bbox_dn_0: 0.0583 (0.0583)  loss_bbox_dn_1: 0.0509 (0.0509)  loss_bbox_dn_2: 0.0498 (0.0498)  loss_giou: 0.9274 (0.9274)  loss_giou_aux_0: 0.9579 (0.9579)  loss_giou_aux_1: 0.9412 (0.9412)  loss_giou_aux_2: 0.9875 (0.9875)  loss_giou_dn_0: 0.7412 (0.7412)  loss_giou_dn_1: 0.6629 (0.6629)  loss_giou_dn_2: 0.6557 (0.6557)  loss_vfl: 0.4362 (0.4362)  loss_vfl_aux_0: 0.4524 (0.4524)  loss_vfl_aux_1: 0.4423 (0.4423)  loss_vfl_aux_2: 0.4658 (0.4658)  loss_vfl_dn_0: 0.4768 (0.4768)  loss_vfl_dn_1: 0.4547 (0.4547)  loss_vfl_dn_2: 0.4487 (0.4487)  time: 4.7798  data: 2.0891  max mem: 8529
Epoch: [63]  [100/809]  eta: 0:11:35  lr: 0.000010  loss: 9.5503 (9.6487)  loss_bbox: 0.0737 (0.0854)  loss_bbox_aux_0: 0.0829 (0.0906)  loss_bbox_aux_1: 0.0772 (0.0870)  loss_bbox_aux_2: 0.0926 (0.1028)  loss_bbox_dn_0: 0.0483 (0.0508)  loss_bbox_dn_1: 0.0414 (0.0421)  loss_bbox_dn_2: 0.0401 (0.0410)  loss_giou: 0.9202 (0.9174)  loss_giou_aux_0: 0.9495 (0.9515)  loss_giou_aux_1: 0.9362 (0.9270)  loss_giou_aux_2: 1.0069 (1.0047)  loss_giou_dn_0: 0.7231 (0.7210)  loss_giou_dn_1: 0.6564 (0.6449)  loss_giou_dn_2: 0.6432 (0.6357)  loss_vfl: 0.4713 (0.4974)  loss_vfl_aux_0: 0.4703 (0.5053)  loss_vfl_aux_1: 0.4748 (0.5012)  loss_vfl_aux_2: 0.4740 (0.5021)  loss_vfl_dn_0: 0.4695 (0.4699)  loss_vfl_dn_1: 0.4415 (0.4383)  loss_vfl_dn_2: 0.4342 (0.4328)  time: 0.9639  data: 0.0408  max mem: 8529
Epoch: [63]  [200/809]  eta: 0:09:40  lr: 0.000010  loss: 9.7249 (9.5711)  loss_bbox: 0.0736 (0.0803)  loss_bbox_aux_0: 0.0748 (0.0853)  loss_bbox_aux_1: 0.0763 (0.0819)  loss_bbox_aux_2: 0.0898 (0.0977)  loss_bbox_dn_0: 0.0448 (0.0511)  loss_bbox_dn_1: 0.0375 (0.0425)  loss_bbox_dn_2: 0.0368 (0.0414)  loss_giou: 0.9534 (0.8981)  loss_giou_aux_0: 0.9891 (0.9319)  loss_giou_aux_1: 0.9655 (0.9065)  loss_giou_aux_2: 1.0363 (0.9863)  loss_giou_dn_0: 0.7377 (0.7193)  loss_giou_dn_1: 0.6654 (0.6428)  loss_giou_dn_2: 0.6568 (0.6335)  loss_vfl: 0.4680 (0.5024)  loss_vfl_aux_0: 0.4866 (0.5115)  loss_vfl_aux_1: 0.4745 (0.5068)  loss_vfl_aux_2: 0.4858 (0.5070)  loss_vfl_dn_0: 0.4685 (0.4712)  loss_vfl_dn_1: 0.4424 (0.4397)  loss_vfl_dn_2: 0.4343 (0.4337)  time: 0.9010  data: 0.0365  max mem: 8529
Epoch: [63]  [300/809]  eta: 0:07:57  lr: 0.000010  loss: 10.1077 (9.5800)  loss_bbox: 0.0889 (0.0815)  loss_bbox_aux_0: 0.1006 (0.0867)  loss_bbox_aux_1: 0.0900 (0.0832)  loss_bbox_aux_2: 0.1155 (0.0991)  loss_bbox_dn_0: 0.0409 (0.0507)  loss_bbox_dn_1: 0.0343 (0.0420)  loss_bbox_dn_2: 0.0329 (0.0410)  loss_giou: 1.0330 (0.9038)  loss_giou_aux_0: 1.0699 (0.9380)  loss_giou_aux_1: 1.0358 (0.9124)  loss_giou_aux_2: 1.1242 (0.9931)  loss_giou_dn_0: 0.7773 (0.7197)  loss_giou_dn_1: 0.7101 (0.6432)  loss_giou_dn_2: 0.7063 (0.6339)  loss_vfl: 0.4633 (0.4972)  loss_vfl_aux_0: 0.4711 (0.5069)  loss_vfl_aux_1: 0.4750 (0.5015)  loss_vfl_aux_2: 0.4614 (0.5014)  loss_vfl_dn_0: 0.4607 (0.4712)  loss_vfl_dn_1: 0.4349 (0.4396)  loss_vfl_dn_2: 0.4292 (0.4338)  time: 0.9542  data: 0.0407  max mem: 8529
Epoch: [63]  [400/809]  eta: 0:06:21  lr: 0.000010  loss: 9.6661 (9.6022)  loss_bbox: 0.0748 (0.0813)  loss_bbox_aux_0: 0.0792 (0.0865)  loss_bbox_aux_1: 0.0751 (0.0831)  loss_bbox_aux_2: 0.0908 (0.0990)  loss_bbox_dn_0: 0.0457 (0.0503)  loss_bbox_dn_1: 0.0407 (0.0417)  loss_bbox_dn_2: 0.0398 (0.0406)  loss_giou: 0.9281 (0.9089)  loss_giou_aux_0: 0.9607 (0.9434)  loss_giou_aux_1: 0.9331 (0.9170)  loss_giou_aux_2: 1.0097 (0.9976)  loss_giou_dn_0: 0.7402 (0.7219)  loss_giou_dn_1: 0.6697 (0.6452)  loss_giou_dn_2: 0.6592 (0.6360)  loss_vfl: 0.4889 (0.4965)  loss_vfl_aux_0: 0.4889 (0.5061)  loss_vfl_aux_1: 0.4901 (0.5012)  loss_vfl_aux_2: 0.4868 (0.5004)  loss_vfl_dn_0: 0.4720 (0.4712)  loss_vfl_dn_1: 0.4440 (0.4401)  loss_vfl_dn_2: 0.4363 (0.4342)  time: 0.9492  data: 0.0359  max mem: 8529
Epoch: [63]  [500/809]  eta: 0:04:48  lr: 0.000010  loss: 9.2238 (9.5992)  loss_bbox: 0.0720 (0.0815)  loss_bbox_aux_0: 0.0756 (0.0865)  loss_bbox_aux_1: 0.0724 (0.0831)  loss_bbox_aux_2: 0.0892 (0.0992)  loss_bbox_dn_0: 0.0476 (0.0500)  loss_bbox_dn_1: 0.0382 (0.0414)  loss_bbox_dn_2: 0.0360 (0.0404)  loss_giou: 0.8782 (0.9076)  loss_giou_aux_0: 0.9029 (0.9426)  loss_giou_aux_1: 0.8813 (0.9159)  loss_giou_aux_2: 0.9440 (0.9971)  loss_giou_dn_0: 0.7163 (0.7209)  loss_giou_dn_1: 0.6439 (0.6443)  loss_giou_dn_2: 0.6318 (0.6352)  loss_vfl: 0.4996 (0.4975)  loss_vfl_aux_0: 0.5129 (0.5074)  loss_vfl_aux_1: 0.5074 (0.5024)  loss_vfl_aux_2: 0.5015 (0.5008)  loss_vfl_dn_0: 0.4696 (0.4711)  loss_vfl_dn_1: 0.4408 (0.4401)  loss_vfl_dn_2: 0.4365 (0.4342)  time: 0.9391  data: 0.0553  max mem: 8529
Epoch: [63]  [600/809]  eta: 0:03:14  lr: 0.000010  loss: 9.2969 (9.6018)  loss_bbox: 0.0735 (0.0815)  loss_bbox_aux_0: 0.0775 (0.0865)  loss_bbox_aux_1: 0.0729 (0.0831)  loss_bbox_aux_2: 0.0920 (0.0991)  loss_bbox_dn_0: 0.0455 (0.0500)  loss_bbox_dn_1: 0.0367 (0.0414)  loss_bbox_dn_2: 0.0367 (0.0404)  loss_giou: 0.8503 (0.9075)  loss_giou_aux_0: 0.8905 (0.9425)  loss_giou_aux_1: 0.8573 (0.9156)  loss_giou_aux_2: 0.9549 (0.9969)  loss_giou_dn_0: 0.6890 (0.7209)  loss_giou_dn_1: 0.6141 (0.6444)  loss_giou_dn_2: 0.6052 (0.6352)  loss_vfl: 0.5018 (0.4981)  loss_vfl_aux_0: 0.5048 (0.5084)  loss_vfl_aux_1: 0.5023 (0.5032)  loss_vfl_aux_2: 0.5135 (0.5016)  loss_vfl_dn_0: 0.4707 (0.4712)  loss_vfl_dn_1: 0.4427 (0.4401)  loss_vfl_dn_2: 0.4352 (0.4342)  time: 0.9549  data: 0.0399  max mem: 8529
Epoch: [63]  [700/809]  eta: 0:01:41  lr: 0.000010  loss: 9.3894 (9.6058)  loss_bbox: 0.0701 (0.0812)  loss_bbox_aux_0: 0.0754 (0.0861)  loss_bbox_aux_1: 0.0706 (0.0828)  loss_bbox_aux_2: 0.0917 (0.0988)  loss_bbox_dn_0: 0.0459 (0.0498)  loss_bbox_dn_1: 0.0387 (0.0413)  loss_bbox_dn_2: 0.0373 (0.0403)  loss_giou: 0.8655 (0.9104)  loss_giou_aux_0: 0.9103 (0.9456)  loss_giou_aux_1: 0.8759 (0.9184)  loss_giou_aux_2: 0.9897 (0.9995)  loss_giou_dn_0: 0.7154 (0.7216)  loss_giou_dn_1: 0.6310 (0.6451)  loss_giou_dn_2: 0.6205 (0.6359)  loss_vfl: 0.4915 (0.4962)  loss_vfl_aux_0: 0.5033 (0.5065)  loss_vfl_aux_1: 0.5034 (0.5014)  loss_vfl_aux_2: 0.4860 (0.4999)  loss_vfl_dn_0: 0.4656 (0.4710)  loss_vfl_dn_1: 0.4357 (0.4400)  loss_vfl_dn_2: 0.4330 (0.4340)  time: 0.8841  data: 0.0418  max mem: 8529
Epoch: [63]  [800/809]  eta: 0:00:08  lr: 0.000010  loss: 9.1976 (9.6040)  loss_bbox: 0.0653 (0.0809)  loss_bbox_aux_0: 0.0716 (0.0858)  loss_bbox_aux_1: 0.0665 (0.0826)  loss_bbox_aux_2: 0.0819 (0.0985)  loss_bbox_dn_0: 0.0472 (0.0497)  loss_bbox_dn_1: 0.0394 (0.0412)  loss_bbox_dn_2: 0.0380 (0.0402)  loss_giou: 0.8459 (0.9098)  loss_giou_aux_0: 0.8720 (0.9449)  loss_giou_aux_1: 0.8492 (0.9177)  loss_giou_aux_2: 0.9157 (0.9994)  loss_giou_dn_0: 0.6880 (0.7219)  loss_giou_dn_1: 0.6174 (0.6456)  loss_giou_dn_2: 0.6033 (0.6364)  loss_vfl: 0.5147 (0.4964)  loss_vfl_aux_0: 0.5309 (0.5067)  loss_vfl_aux_1: 0.5190 (0.5016)  loss_vfl_aux_2: 0.5297 (0.4999)  loss_vfl_dn_0: 0.4744 (0.4710)  loss_vfl_dn_1: 0.4418 (0.4400)  loss_vfl_dn_2: 0.4361 (0.4340)  time: 0.9027  data: 0.0332  max mem: 8529
Epoch: [63]  [808/809]  eta: 0:00:00  lr: 0.000010  loss: 9.5646 (9.6083)  loss_bbox: 0.0691 (0.0810)  loss_bbox_aux_0: 0.0731 (0.0859)  loss_bbox_aux_1: 0.0699 (0.0827)  loss_bbox_aux_2: 0.0839 (0.0986)  loss_bbox_dn_0: 0.0429 (0.0496)  loss_bbox_dn_1: 0.0360 (0.0411)  loss_bbox_dn_2: 0.0354 (0.0401)  loss_giou: 0.8707 (0.9112)  loss_giou_aux_0: 0.9104 (0.9462)  loss_giou_aux_1: 0.8877 (0.9191)  loss_giou_aux_2: 0.9646 (1.0005)  loss_giou_dn_0: 0.7316 (0.7223)  loss_giou_dn_1: 0.6492 (0.6460)  loss_giou_dn_2: 0.6424 (0.6368)  loss_vfl: 0.5026 (0.4959)  loss_vfl_aux_0: 0.5050 (0.5062)  loss_vfl_aux_1: 0.5070 (0.5011)  loss_vfl_aux_2: 0.4995 (0.4994)  loss_vfl_dn_0: 0.4712 (0.4709)  loss_vfl_dn_1: 0.4418 (0.4399)  loss_vfl_dn_2: 0.4360 (0.4340)  time: 0.7534  data: 0.0301  max mem: 8529
Epoch: [63] Total time: 0:12:28 (0.9257 s / it)
Averaged stats: lr: 0.000010  loss: 9.5646 (9.6083)  loss_bbox: 0.0691 (0.0810)  loss_bbox_aux_0: 0.0731 (0.0859)  loss_bbox_aux_1: 0.0699 (0.0827)  loss_bbox_aux_2: 0.0839 (0.0986)  loss_bbox_dn_0: 0.0429 (0.0496)  loss_bbox_dn_1: 0.0360 (0.0411)  loss_bbox_dn_2: 0.0354 (0.0401)  loss_giou: 0.8707 (0.9112)  loss_giou_aux_0: 0.9104 (0.9462)  loss_giou_aux_1: 0.8877 (0.9191)  loss_giou_aux_2: 0.9646 (1.0005)  loss_giou_dn_0: 0.7316 (0.7223)  loss_giou_dn_1: 0.6492 (0.6460)  loss_giou_dn_2: 0.6424 (0.6368)  loss_vfl: 0.5026 (0.4959)  loss_vfl_aux_0: 0.5050 (0.5062)  loss_vfl_aux_1: 0.5070 (0.5011)  loss_vfl_aux_2: 0.4995 (0.4994)  loss_vfl_dn_0: 0.4712 (0.4709)  loss_vfl_dn_1: 0.4418 (0.4399)  loss_vfl_dn_2: 0.4360 (0.4340)
Test:  [ 0/69]  eta: 0:01:24    time: 1.2179  data: 0.6654  max mem: 8529
Test:  [10/69]  eta: 0:00:37    time: 0.6355  data: 0.0788  max mem: 8529
Test:  [20/69]  eta: 0:00:30    time: 0.5968  data: 0.0205  max mem: 8529
Test:  [30/69]  eta: 0:00:23    time: 0.5866  data: 0.0213  max mem: 8529
Test:  [40/69]  eta: 0:00:17    time: 0.5455  data: 0.0221  max mem: 8529
Test:  [50/69]  eta: 0:00:10    time: 0.5097  data: 0.0220  max mem: 8529
Test:  [60/69]  eta: 0:00:05    time: 0.5021  data: 0.0220  max mem: 8529
Test:  [68/69]  eta: 0:00:00    time: 0.5159  data: 0.0206  max mem: 8529
Test: Total time: 0:00:38 (0.5571 s / it)
Averaged stats: 
Accumulating evaluation results...
DONE (t=1.98s).
IoU metric: bbox
 Average Precision  (AP) @[ IoU=0.50:0.95 | area=   all | maxDets=100 ] = 0.233
 Average Precision  (AP) @[ IoU=0.50      | area=   all | maxDets=100 ] = 0.386
 Average Precision  (AP) @[ IoU=0.75      | area=   all | maxDets=100 ] = 0.238
 Average Precision  (AP) @[ IoU=0.50:0.95 | area= small | maxDets=100 ] = 0.151
 Average Precision  (AP) @[ IoU=0.50:0.95 | area=medium | maxDets=100 ] = 0.327
 Average Precision  (AP) @[ IoU=0.50:0.95 | area= large | maxDets=100 ] = 0.406
 Average Recall     (AR) @[ IoU=0.50:0.95 | area=   all | maxDets=  1 ] = 0.102
 Average Recall     (AR) @[ IoU=0.50:0.95 | area=   all | maxDets= 10 ] = 0.290
 Average Recall     (AR) @[ IoU=0.50:0.95 | area=   all | maxDets=100 ] = 0.387
 Average Recall     (AR) @[ IoU=0.50:0.95 | area= small | maxDets=100 ] = 0.299
 Average Recall     (AR) @[ IoU=0.50:0.95 | area=medium | maxDets=100 ] = 0.503
 Average Recall     (AR) @[ IoU=0.50:0.95 | area= large | maxDets=100 ] = 0.591
best_stat:  {'epoch': 63, 'coco_eval_bbox': 0.23285252036405485}
Epoch: [64]  [  0/809]  eta: 1:11:22  lr: 0.000010  loss: 8.7203 (8.7203)  loss_bbox: 0.0699 (0.0699)  loss_bbox_aux_0: 0.0746 (0.0746)  loss_bbox_aux_1: 0.0679 (0.0679)  loss_bbox_aux_2: 0.0834 (0.0834)  loss_bbox_dn_0: 0.0653 (0.0653)  loss_bbox_dn_1: 0.0563 (0.0563)  loss_bbox_dn_2: 0.0558 (0.0558)  loss_giou: 0.6764 (0.6764)  loss_giou_aux_0: 0.7208 (0.7208)  loss_giou_aux_1: 0.6794 (0.6794)  loss_giou_aux_2: 0.7949 (0.7949)  loss_giou_dn_0: 0.7004 (0.7004)  loss_giou_dn_1: 0.6203 (0.6203)  loss_giou_dn_2: 0.6210 (0.6210)  loss_vfl: 0.5286 (0.5286)  loss_vfl_aux_0: 0.5371 (0.5371)  loss_vfl_aux_1: 0.5364 (0.5364)  loss_vfl_aux_2: 0.5417 (0.5417)  loss_vfl_dn_0: 0.4512 (0.4512)  loss_vfl_dn_1: 0.4226 (0.4226)  loss_vfl_dn_2: 0.4163 (0.4163)  time: 5.2934  data: 3.9226  max mem: 8529
Epoch: [64]  [100/809]  eta: 0:11:28  lr: 0.000010  loss: 9.4031 (9.4134)  loss_bbox: 0.0689 (0.0793)  loss_bbox_aux_0: 0.0725 (0.0834)  loss_bbox_aux_1: 0.0702 (0.0808)  loss_bbox_aux_2: 0.0827 (0.0949)  loss_bbox_dn_0: 0.0462 (0.0490)  loss_bbox_dn_1: 0.0378 (0.0407)  loss_bbox_dn_2: 0.0370 (0.0397)  loss_giou: 0.8519 (0.8688)  loss_giou_aux_0: 0.8945 (0.9033)  loss_giou_aux_1: 0.8676 (0.8775)  loss_giou_aux_2: 0.9559 (0.9587)  loss_giou_dn_0: 0.7063 (0.7083)  loss_giou_dn_1: 0.6363 (0.6317)  loss_giou_dn_2: 0.6272 (0.6224)  loss_vfl: 0.5139 (0.5026)  loss_vfl_aux_0: 0.5145 (0.5127)  loss_vfl_aux_1: 0.5132 (0.5066)  loss_vfl_aux_2: 0.5121 (0.5090)  loss_vfl_dn_0: 0.4695 (0.4724)  loss_vfl_dn_1: 0.4349 (0.4387)  loss_vfl_dn_2: 0.4275 (0.4332)  time: 0.8689  data: 0.0354  max mem: 8529
Epoch: [64]  [200/809]  eta: 0:09:46  lr: 0.000010  loss: 9.6101 (9.5250)  loss_bbox: 0.0718 (0.0807)  loss_bbox_aux_0: 0.0778 (0.0852)  loss_bbox_aux_1: 0.0732 (0.0822)  loss_bbox_aux_2: 0.0899 (0.0967)  loss_bbox_dn_0: 0.0442 (0.0489)  loss_bbox_dn_1: 0.0382 (0.0407)  loss_bbox_dn_2: 0.0378 (0.0397)  loss_giou: 0.9563 (0.8919)  loss_giou_aux_0: 0.9897 (0.9281)  loss_giou_aux_1: 0.9497 (0.9002)  loss_giou_aux_2: 1.0483 (0.9828)  loss_giou_dn_0: 0.7342 (0.7170)  loss_giou_dn_1: 0.6536 (0.6404)  loss_giou_dn_2: 0.6481 (0.6312)  loss_vfl: 0.4931 (0.4994)  loss_vfl_aux_0: 0.4938 (0.5092)  loss_vfl_aux_1: 0.4921 (0.5037)  loss_vfl_aux_2: 0.4774 (0.5046)  loss_vfl_dn_0: 0.4674 (0.4708)  loss_vfl_dn_1: 0.4413 (0.4387)  loss_vfl_dn_2: 0.4391 (0.4328)  time: 0.9670  data: 0.0377  max mem: 8529
Epoch: [64]  [300/809]  eta: 0:08:03  lr: 0.000010  loss: 9.6763 (9.5484)  loss_bbox: 0.0754 (0.0819)  loss_bbox_aux_0: 0.0779 (0.0866)  loss_bbox_aux_1: 0.0766 (0.0834)  loss_bbox_aux_2: 0.0922 (0.0988)  loss_bbox_dn_0: 0.0477 (0.0488)  loss_bbox_dn_1: 0.0389 (0.0404)  loss_bbox_dn_2: 0.0380 (0.0395)  loss_giou: 0.9443 (0.8963)  loss_giou_aux_0: 0.9861 (0.9324)  loss_giou_aux_1: 0.9615 (0.9045)  loss_giou_aux_2: 1.0517 (0.9882)  loss_giou_dn_0: 0.7289 (0.7168)  loss_giou_dn_1: 0.6592 (0.6399)  loss_giou_dn_2: 0.6528 (0.6308)  loss_vfl: 0.4965 (0.4993)  loss_vfl_aux_0: 0.4989 (0.5097)  loss_vfl_aux_1: 0.5020 (0.5040)  loss_vfl_aux_2: 0.4825 (0.5038)  loss_vfl_dn_0: 0.4678 (0.4711)  loss_vfl_dn_1: 0.4385 (0.4392)  loss_vfl_dn_2: 0.4325 (0.4332)  time: 0.8744  data: 0.0386  max mem: 8529
Epoch: [64]  [400/809]  eta: 0:06:24  lr: 0.000010  loss: 9.2036 (9.5293)  loss_bbox: 0.0658 (0.0814)  loss_bbox_aux_0: 0.0693 (0.0861)  loss_bbox_aux_1: 0.0686 (0.0829)  loss_bbox_aux_2: 0.0795 (0.0983)  loss_bbox_dn_0: 0.0505 (0.0486)  loss_bbox_dn_1: 0.0382 (0.0403)  loss_bbox_dn_2: 0.0363 (0.0394)  loss_giou: 0.8210 (0.8950)  loss_giou_aux_0: 0.8500 (0.9309)  loss_giou_aux_1: 0.8287 (0.9033)  loss_giou_aux_2: 0.8977 (0.9865)  loss_giou_dn_0: 0.6805 (0.7149)  loss_giou_dn_1: 0.6124 (0.6383)  loss_giou_dn_2: 0.5941 (0.6291)  loss_vfl: 0.4938 (0.4982)  loss_vfl_aux_0: 0.5077 (0.5088)  loss_vfl_aux_1: 0.4967 (0.5029)  loss_vfl_aux_2: 0.5031 (0.5030)  loss_vfl_dn_0: 0.4656 (0.4704)  loss_vfl_dn_1: 0.4344 (0.4385)  loss_vfl_dn_2: 0.4291 (0.4324)  time: 0.9354  data: 0.0421  max mem: 8529
Epoch: [64]  [500/809]  eta: 0:04:49  lr: 0.000010  loss: 9.7183 (9.5361)  loss_bbox: 0.0756 (0.0811)  loss_bbox_aux_0: 0.0846 (0.0858)  loss_bbox_aux_1: 0.0807 (0.0826)  loss_bbox_aux_2: 0.1031 (0.0982)  loss_bbox_dn_0: 0.0475 (0.0488)  loss_bbox_dn_1: 0.0415 (0.0405)  loss_bbox_dn_2: 0.0407 (0.0395)  loss_giou: 0.9246 (0.8956)  loss_giou_aux_0: 0.9432 (0.9310)  loss_giou_aux_1: 0.9265 (0.9037)  loss_giou_aux_2: 0.9811 (0.9868)  loss_giou_dn_0: 0.7321 (0.7150)  loss_giou_dn_1: 0.6577 (0.6388)  loss_giou_dn_2: 0.6545 (0.6297)  loss_vfl: 0.4979 (0.4997)  loss_vfl_aux_0: 0.4938 (0.5099)  loss_vfl_aux_1: 0.4967 (0.5043)  loss_vfl_aux_2: 0.4700 (0.5038)  loss_vfl_dn_0: 0.4677 (0.4703)  loss_vfl_dn_1: 0.4398 (0.4385)  loss_vfl_dn_2: 0.4313 (0.4325)  time: 0.9171  data: 0.0390  max mem: 8529
Epoch: [64]  [600/809]  eta: 0:03:14  lr: 0.000010  loss: 9.6846 (9.5667)  loss_bbox: 0.0844 (0.0814)  loss_bbox_aux_0: 0.0926 (0.0864)  loss_bbox_aux_1: 0.0890 (0.0830)  loss_bbox_aux_2: 0.1035 (0.0987)  loss_bbox_dn_0: 0.0459 (0.0489)  loss_bbox_dn_1: 0.0373 (0.0405)  loss_bbox_dn_2: 0.0360 (0.0396)  loss_giou: 0.9479 (0.9036)  loss_giou_aux_0: 0.9726 (0.9388)  loss_giou_aux_1: 0.9602 (0.9114)  loss_giou_aux_2: 0.9908 (0.9937)  loss_giou_dn_0: 0.7093 (0.7174)  loss_giou_dn_1: 0.6270 (0.6413)  loss_giou_dn_2: 0.6192 (0.6323)  loss_vfl: 0.4856 (0.4974)  loss_vfl_aux_0: 0.5038 (0.5074)  loss_vfl_aux_1: 0.4938 (0.5019)  loss_vfl_aux_2: 0.5006 (0.5015)  loss_vfl_dn_0: 0.4653 (0.4702)  loss_vfl_dn_1: 0.4387 (0.4387)  loss_vfl_dn_2: 0.4324 (0.4327)  time: 0.8897  data: 0.0337  max mem: 8529
Epoch: [64]  [700/809]  eta: 0:01:41  lr: 0.000010  loss: 9.6677 (9.5659)  loss_bbox: 0.0794 (0.0811)  loss_bbox_aux_0: 0.0877 (0.0860)  loss_bbox_aux_1: 0.0826 (0.0827)  loss_bbox_aux_2: 0.0991 (0.0982)  loss_bbox_dn_0: 0.0517 (0.0491)  loss_bbox_dn_1: 0.0431 (0.0407)  loss_bbox_dn_2: 0.0416 (0.0398)  loss_giou: 0.9240 (0.9020)  loss_giou_aux_0: 0.9512 (0.9370)  loss_giou_aux_1: 0.9292 (0.9096)  loss_giou_aux_2: 1.0108 (0.9919)  loss_giou_dn_0: 0.7374 (0.7177)  loss_giou_dn_1: 0.6572 (0.6418)  loss_giou_dn_2: 0.6515 (0.6327)  loss_vfl: 0.4789 (0.4989)  loss_vfl_aux_0: 0.5000 (0.5086)  loss_vfl_aux_1: 0.4846 (0.5035)  loss_vfl_aux_2: 0.4773 (0.5025)  loss_vfl_dn_0: 0.4688 (0.4702)  loss_vfl_dn_1: 0.4376 (0.4389)  loss_vfl_dn_2: 0.4332 (0.4329)  time: 0.9359  data: 0.0360  max mem: 8529
Epoch: [64]  [800/809]  eta: 0:00:08  lr: 0.000010  loss: 9.1840 (9.5699)  loss_bbox: 0.0720 (0.0808)  loss_bbox_aux_0: 0.0845 (0.0858)  loss_bbox_aux_1: 0.0757 (0.0824)  loss_bbox_aux_2: 0.0991 (0.0980)  loss_bbox_dn_0: 0.0502 (0.0492)  loss_bbox_dn_1: 0.0397 (0.0408)  loss_bbox_dn_2: 0.0392 (0.0398)  loss_giou: 0.7711 (0.9023)  loss_giou_aux_0: 0.8120 (0.9374)  loss_giou_aux_1: 0.7787 (0.9099)  loss_giou_aux_2: 0.9054 (0.9923)  loss_giou_dn_0: 0.6953 (0.7186)  loss_giou_dn_1: 0.6183 (0.6427)  loss_giou_dn_2: 0.6008 (0.6337)  loss_vfl: 0.5359 (0.4989)  loss_vfl_aux_0: 0.5422 (0.5089)  loss_vfl_aux_1: 0.5378 (0.5037)  loss_vfl_aux_2: 0.5281 (0.5023)  loss_vfl_dn_0: 0.4738 (0.4704)  loss_vfl_dn_1: 0.4402 (0.4390)  loss_vfl_dn_2: 0.4343 (0.4330)  time: 0.8835  data: 0.0330  max mem: 8529
Epoch: [64]  [808/809]  eta: 0:00:00  lr: 0.000010  loss: 9.3379 (9.5686)  loss_bbox: 0.0707 (0.0808)  loss_bbox_aux_0: 0.0803 (0.0858)  loss_bbox_aux_1: 0.0757 (0.0824)  loss_bbox_aux_2: 0.0991 (0.0980)  loss_bbox_dn_0: 0.0536 (0.0493)  loss_bbox_dn_1: 0.0450 (0.0409)  loss_bbox_dn_2: 0.0435 (0.0399)  loss_giou: 0.7711 (0.9015)  loss_giou_aux_0: 0.8120 (0.9366)  loss_giou_aux_1: 0.7787 (0.9091)  loss_giou_aux_2: 0.8910 (0.9915)  loss_giou_dn_0: 0.7245 (0.7185)  loss_giou_dn_1: 0.6376 (0.6425)  loss_giou_dn_2: 0.6266 (0.6335)  loss_vfl: 0.5359 (0.4993)  loss_vfl_aux_0: 0.5422 (0.5093)  loss_vfl_aux_1: 0.5378 (0.5041)  loss_vfl_aux_2: 0.5402 (0.5028)  loss_vfl_dn_0: 0.4729 (0.4705)  loss_vfl_dn_1: 0.4438 (0.4391)  loss_vfl_dn_2: 0.4351 (0.4331)  time: 0.7522  data: 0.0302  max mem: 8529
Epoch: [64] Total time: 0:12:27 (0.9238 s / it)
Averaged stats: lr: 0.000010  loss: 9.3379 (9.5686)  loss_bbox: 0.0707 (0.0808)  loss_bbox_aux_0: 0.0803 (0.0858)  loss_bbox_aux_1: 0.0757 (0.0824)  loss_bbox_aux_2: 0.0991 (0.0980)  loss_bbox_dn_0: 0.0536 (0.0493)  loss_bbox_dn_1: 0.0450 (0.0409)  loss_bbox_dn_2: 0.0435 (0.0399)  loss_giou: 0.7711 (0.9015)  loss_giou_aux_0: 0.8120 (0.9366)  loss_giou_aux_1: 0.7787 (0.9091)  loss_giou_aux_2: 0.8910 (0.9915)  loss_giou_dn_0: 0.7245 (0.7185)  loss_giou_dn_1: 0.6376 (0.6425)  loss_giou_dn_2: 0.6266 (0.6335)  loss_vfl: 0.5359 (0.4993)  loss_vfl_aux_0: 0.5422 (0.5093)  loss_vfl_aux_1: 0.5378 (0.5041)  loss_vfl_aux_2: 0.5402 (0.5028)  loss_vfl_dn_0: 0.4729 (0.4705)  loss_vfl_dn_1: 0.4438 (0.4391)  loss_vfl_dn_2: 0.4351 (0.4331)
Test:  [ 0/69]  eta: 0:01:29    time: 1.2972  data: 0.6408  max mem: 8529
Test:  [10/69]  eta: 0:00:38    time: 0.6488  data: 0.0784  max mem: 8529
Test:  [20/69]  eta: 0:00:31    time: 0.6068  data: 0.0209  max mem: 8529
Test:  [30/69]  eta: 0:00:24    time: 0.5989  data: 0.0203  max mem: 8529
Test:  [40/69]  eta: 0:00:17    time: 0.5535  data: 0.0205  max mem: 8529
Test:  [50/69]  eta: 0:00:10    time: 0.5172  data: 0.0208  max mem: 8529
Test:  [60/69]  eta: 0:00:05    time: 0.5018  data: 0.0219  max mem: 8529
Test:  [68/69]  eta: 0:00:00    time: 0.5235  data: 0.0212  max mem: 8529
Test: Total time: 0:00:38 (0.5649 s / it)
Averaged stats: 
Accumulating evaluation results...
DONE (t=2.57s).
IoU metric: bbox
 Average Precision  (AP) @[ IoU=0.50:0.95 | area=   all | maxDets=100 ] = 0.233
 Average Precision  (AP) @[ IoU=0.50      | area=   all | maxDets=100 ] = 0.386
 Average Precision  (AP) @[ IoU=0.75      | area=   all | maxDets=100 ] = 0.240
 Average Precision  (AP) @[ IoU=0.50:0.95 | area= small | maxDets=100 ] = 0.151
 Average Precision  (AP) @[ IoU=0.50:0.95 | area=medium | maxDets=100 ] = 0.328
 Average Precision  (AP) @[ IoU=0.50:0.95 | area= large | maxDets=100 ] = 0.412
 Average Recall     (AR) @[ IoU=0.50:0.95 | area=   all | maxDets=  1 ] = 0.102
 Average Recall     (AR) @[ IoU=0.50:0.95 | area=   all | maxDets= 10 ] = 0.290
 Average Recall     (AR) @[ IoU=0.50:0.95 | area=   all | maxDets=100 ] = 0.387
 Average Recall     (AR) @[ IoU=0.50:0.95 | area= small | maxDets=100 ] = 0.299
 Average Recall     (AR) @[ IoU=0.50:0.95 | area=medium | maxDets=100 ] = 0.503
 Average Recall     (AR) @[ IoU=0.50:0.95 | area= large | maxDets=100 ] = 0.594
best_stat:  {'epoch': 64, 'coco_eval_bbox': 0.23316775691834307}
Epoch: [65]  [  0/809]  eta: 1:17:02  lr: 0.000010  loss: 9.2770 (9.2770)  loss_bbox: 0.0746 (0.0746)  loss_bbox_aux_0: 0.0786 (0.0786)  loss_bbox_aux_1: 0.0735 (0.0735)  loss_bbox_aux_2: 0.0879 (0.0879)  loss_bbox_dn_0: 0.0631 (0.0631)  loss_bbox_dn_1: 0.0510 (0.0510)  loss_bbox_dn_2: 0.0486 (0.0486)  loss_giou: 0.8241 (0.8241)  loss_giou_aux_0: 0.8399 (0.8399)  loss_giou_aux_1: 0.8205 (0.8205)  loss_giou_aux_2: 0.8901 (0.8901)  loss_giou_dn_0: 0.6820 (0.6820)  loss_giou_dn_1: 0.6084 (0.6084)  loss_giou_dn_2: 0.5982 (0.5982)  loss_vfl: 0.5375 (0.5375)  loss_vfl_aux_0: 0.5591 (0.5591)  loss_vfl_aux_1: 0.5469 (0.5469)  loss_vfl_aux_2: 0.5632 (0.5632)  loss_vfl_dn_0: 0.4803 (0.4803)  loss_vfl_dn_1: 0.4313 (0.4313)  loss_vfl_dn_2: 0.4181 (0.4181)  time: 5.7141  data: 4.7571  max mem: 8529
Epoch: [65]  [100/809]  eta: 0:11:17  lr: 0.000010  loss: 9.7583 (9.5394)  loss_bbox: 0.0849 (0.0829)  loss_bbox_aux_0: 0.0924 (0.0880)  loss_bbox_aux_1: 0.0885 (0.0847)  loss_bbox_aux_2: 0.1024 (0.0988)  loss_bbox_dn_0: 0.0504 (0.0500)  loss_bbox_dn_1: 0.0434 (0.0412)  loss_bbox_dn_2: 0.0412 (0.0401)  loss_giou: 0.8961 (0.8934)  loss_giou_aux_0: 0.9565 (0.9299)  loss_giou_aux_1: 0.9149 (0.9015)  loss_giou_aux_2: 1.0371 (0.9854)  loss_giou_dn_0: 0.7474 (0.7121)  loss_giou_dn_1: 0.6810 (0.6330)  loss_giou_dn_2: 0.6732 (0.6238)  loss_vfl: 0.4662 (0.5037)  loss_vfl_aux_0: 0.4702 (0.5128)  loss_vfl_aux_1: 0.4712 (0.5088)  loss_vfl_aux_2: 0.4713 (0.5071)  loss_vfl_dn_0: 0.4653 (0.4709)  loss_vfl_dn_1: 0.4375 (0.4390)  loss_vfl_dn_2: 0.4321 (0.4323)  time: 0.9148  data: 0.0458  max mem: 8529
Epoch: [65]  [200/809]  eta: 0:09:27  lr: 0.000010  loss: 9.7079 (9.5844)  loss_bbox: 0.0776 (0.0813)  loss_bbox_aux_0: 0.0806 (0.0864)  loss_bbox_aux_1: 0.0781 (0.0830)  loss_bbox_aux_2: 0.0887 (0.0974)  loss_bbox_dn_0: 0.0465 (0.0497)  loss_bbox_dn_1: 0.0387 (0.0411)  loss_bbox_dn_2: 0.0379 (0.0400)  loss_giou: 0.8876 (0.9027)  loss_giou_aux_0: 0.9027 (0.9392)  loss_giou_aux_1: 0.8887 (0.9104)  loss_giou_aux_2: 0.9433 (0.9932)  loss_giou_dn_0: 0.7199 (0.7163)  loss_giou_dn_1: 0.6566 (0.6382)  loss_giou_dn_2: 0.6486 (0.6291)  loss_vfl: 0.5165 (0.5036)  loss_vfl_aux_0: 0.5323 (0.5131)  loss_vfl_aux_1: 0.5209 (0.5092)  loss_vfl_aux_2: 0.5219 (0.5063)  loss_vfl_dn_0: 0.4741 (0.4709)  loss_vfl_dn_1: 0.4410 (0.4398)  loss_vfl_dn_2: 0.4303 (0.4335)  time: 0.8537  data: 0.0326  max mem: 8529
Epoch: [65]  [300/809]  eta: 0:07:50  lr: 0.000010  loss: 9.4211 (9.5578)  loss_bbox: 0.0801 (0.0813)  loss_bbox_aux_0: 0.0854 (0.0864)  loss_bbox_aux_1: 0.0817 (0.0830)  loss_bbox_aux_2: 0.0977 (0.0976)  loss_bbox_dn_0: 0.0493 (0.0499)  loss_bbox_dn_1: 0.0390 (0.0413)  loss_bbox_dn_2: 0.0374 (0.0403)  loss_giou: 0.8567 (0.8972)  loss_giou_aux_0: 0.8878 (0.9329)  loss_giou_aux_1: 0.8623 (0.9050)  loss_giou_aux_2: 0.9232 (0.9884)  loss_giou_dn_0: 0.7020 (0.7142)  loss_giou_dn_1: 0.6332 (0.6371)  loss_giou_dn_2: 0.6224 (0.6279)  loss_vfl: 0.5004 (0.5031)  loss_vfl_aux_0: 0.5038 (0.5133)  loss_vfl_aux_1: 0.5028 (0.5088)  loss_vfl_aux_2: 0.4886 (0.5059)  loss_vfl_dn_0: 0.4653 (0.4712)  loss_vfl_dn_1: 0.4375 (0.4397)  loss_vfl_dn_2: 0.4327 (0.4335)  time: 0.9268  data: 0.0379  max mem: 8529
Epoch: [65]  [400/809]  eta: 0:06:15  lr: 0.000010  loss: 9.4667 (9.5434)  loss_bbox: 0.0723 (0.0804)  loss_bbox_aux_0: 0.0775 (0.0853)  loss_bbox_aux_1: 0.0765 (0.0821)  loss_bbox_aux_2: 0.0921 (0.0968)  loss_bbox_dn_0: 0.0434 (0.0497)  loss_bbox_dn_1: 0.0365 (0.0412)  loss_bbox_dn_2: 0.0357 (0.0402)  loss_giou: 0.9022 (0.8936)  loss_giou_aux_0: 0.9347 (0.9290)  loss_giou_aux_1: 0.9138 (0.9015)  loss_giou_aux_2: 0.9772 (0.9844)  loss_giou_dn_0: 0.7049 (0.7134)  loss_giou_dn_1: 0.6309 (0.6369)  loss_giou_dn_2: 0.6284 (0.6280)  loss_vfl: 0.4890 (0.5042)  loss_vfl_aux_0: 0.5138 (0.5148)  loss_vfl_aux_1: 0.4985 (0.5097)  loss_vfl_aux_2: 0.5079 (0.5079)  loss_vfl_dn_0: 0.4675 (0.4713)  loss_vfl_dn_1: 0.4355 (0.4396)  loss_vfl_dn_2: 0.4287 (0.4334)  time: 0.9143  data: 0.0433  max mem: 8529
Epoch: [65]  [500/809]  eta: 0:04:42  lr: 0.000010  loss: 9.1163 (9.5869)  loss_bbox: 0.0670 (0.0813)  loss_bbox_aux_0: 0.0701 (0.0863)  loss_bbox_aux_1: 0.0668 (0.0830)  loss_bbox_aux_2: 0.0779 (0.0978)  loss_bbox_dn_0: 0.0523 (0.0494)  loss_bbox_dn_1: 0.0431 (0.0411)  loss_bbox_dn_2: 0.0414 (0.0401)  loss_giou: 0.7919 (0.9025)  loss_giou_aux_0: 0.8370 (0.9377)  loss_giou_aux_1: 0.8095 (0.9102)  loss_giou_aux_2: 0.8947 (0.9931)  loss_giou_dn_0: 0.6928 (0.7172)  loss_giou_dn_1: 0.6180 (0.6409)  loss_giou_dn_2: 0.6043 (0.6320)  loss_vfl: 0.5276 (0.5027)  loss_vfl_aux_0: 0.5275 (0.5127)  loss_vfl_aux_1: 0.5300 (0.5081)  loss_vfl_aux_2: 0.5275 (0.5058)  loss_vfl_dn_0: 0.4773 (0.4713)  loss_vfl_dn_1: 0.4385 (0.4399)  loss_vfl_dn_2: 0.4318 (0.4338)  time: 0.8782  data: 0.0392  max mem: 8529
Epoch: [65]  [600/809]  eta: 0:03:11  lr: 0.000010  loss: 9.1293 (9.5752)  loss_bbox: 0.0728 (0.0810)  loss_bbox_aux_0: 0.0780 (0.0859)  loss_bbox_aux_1: 0.0743 (0.0826)  loss_bbox_aux_2: 0.0887 (0.0976)  loss_bbox_dn_0: 0.0447 (0.0498)  loss_bbox_dn_1: 0.0381 (0.0414)  loss_bbox_dn_2: 0.0370 (0.0404)  loss_giou: 0.8073 (0.8998)  loss_giou_aux_0: 0.8386 (0.9345)  loss_giou_aux_1: 0.8155 (0.9073)  loss_giou_aux_2: 0.8870 (0.9901)  loss_giou_dn_0: 0.6790 (0.7171)  loss_giou_dn_1: 0.6124 (0.6410)  loss_giou_dn_2: 0.6025 (0.6321)  loss_vfl: 0.4954 (0.5025)  loss_vfl_aux_0: 0.5271 (0.5128)  loss_vfl_aux_1: 0.5043 (0.5080)  loss_vfl_aux_2: 0.5182 (0.5059)  loss_vfl_dn_0: 0.4655 (0.4714)  loss_vfl_dn_1: 0.4333 (0.4400)  loss_vfl_dn_2: 0.4313 (0.4339)  time: 0.9034  data: 0.0383  max mem: 8529
Epoch: [65]  [700/809]  eta: 0:01:39  lr: 0.000010  loss: 9.4652 (9.5755)  loss_bbox: 0.0827 (0.0804)  loss_bbox_aux_0: 0.0880 (0.0853)  loss_bbox_aux_1: 0.0844 (0.0821)  loss_bbox_aux_2: 0.0979 (0.0971)  loss_bbox_dn_0: 0.0461 (0.0498)  loss_bbox_dn_1: 0.0374 (0.0413)  loss_bbox_dn_2: 0.0362 (0.0403)  loss_giou: 0.8938 (0.9001)  loss_giou_aux_0: 0.9179 (0.9349)  loss_giou_aux_1: 0.8903 (0.9075)  loss_giou_aux_2: 0.9468 (0.9906)  loss_giou_dn_0: 0.6966 (0.7174)  loss_giou_dn_1: 0.6273 (0.6412)  loss_giou_dn_2: 0.6211 (0.6323)  loss_vfl: 0.4982 (0.5031)  loss_vfl_aux_0: 0.4902 (0.5130)  loss_vfl_aux_1: 0.4937 (0.5082)  loss_vfl_aux_2: 0.4796 (0.5055)  loss_vfl_dn_0: 0.4609 (0.4715)  loss_vfl_dn_1: 0.4338 (0.4399)  loss_vfl_dn_2: 0.4274 (0.4339)  time: 0.9518  data: 0.0375  max mem: 8529
Epoch: [65]  [800/809]  eta: 0:00:08  lr: 0.000010  loss: 9.4461 (9.5652)  loss_bbox: 0.0739 (0.0806)  loss_bbox_aux_0: 0.0776 (0.0853)  loss_bbox_aux_1: 0.0740 (0.0822)  loss_bbox_aux_2: 0.0929 (0.0972)  loss_bbox_dn_0: 0.0497 (0.0497)  loss_bbox_dn_1: 0.0404 (0.0413)  loss_bbox_dn_2: 0.0388 (0.0403)  loss_giou: 0.8693 (0.8993)  loss_giou_aux_0: 0.9106 (0.9338)  loss_giou_aux_1: 0.8864 (0.9067)  loss_giou_aux_2: 0.9591 (0.9894)  loss_giou_dn_0: 0.6976 (0.7166)  loss_giou_dn_1: 0.6214 (0.6407)  loss_giou_dn_2: 0.6116 (0.6318)  loss_vfl: 0.4921 (0.5019)  loss_vfl_aux_0: 0.5042 (0.5122)  loss_vfl_aux_1: 0.4990 (0.5071)  loss_vfl_aux_2: 0.4838 (0.5050)  loss_vfl_dn_0: 0.4611 (0.4713)  loss_vfl_dn_1: 0.4314 (0.4394)  loss_vfl_dn_2: 0.4260 (0.4334)  time: 0.9343  data: 0.0389  max mem: 8529
Epoch: [65]  [808/809]  eta: 0:00:00  lr: 0.000010  loss: 9.6981 (9.5643)  loss_bbox: 0.0739 (0.0806)  loss_bbox_aux_0: 0.0776 (0.0852)  loss_bbox_aux_1: 0.0758 (0.0822)  loss_bbox_aux_2: 0.0920 (0.0971)  loss_bbox_dn_0: 0.0497 (0.0497)  loss_bbox_dn_1: 0.0416 (0.0413)  loss_bbox_dn_2: 0.0413 (0.0403)  loss_giou: 0.9365 (0.8992)  loss_giou_aux_0: 0.9773 (0.9336)  loss_giou_aux_1: 0.9517 (0.9065)  loss_giou_aux_2: 1.0379 (0.9892)  loss_giou_dn_0: 0.7186 (0.7164)  loss_giou_dn_1: 0.6380 (0.6406)  loss_giou_dn_2: 0.6204 (0.6316)  loss_vfl: 0.4696 (0.5020)  loss_vfl_aux_0: 0.4869 (0.5123)  loss_vfl_aux_1: 0.4834 (0.5072)  loss_vfl_aux_2: 0.4799 (0.5050)  loss_vfl_dn_0: 0.4611 (0.4713)  loss_vfl_dn_1: 0.4351 (0.4395)  loss_vfl_dn_2: 0.4296 (0.4334)  time: 0.8211  data: 0.0347  max mem: 8529
Epoch: [65] Total time: 0:12:17 (0.9120 s / it)
Averaged stats: lr: 0.000010  loss: 9.6981 (9.5643)  loss_bbox: 0.0739 (0.0806)  loss_bbox_aux_0: 0.0776 (0.0852)  loss_bbox_aux_1: 0.0758 (0.0822)  loss_bbox_aux_2: 0.0920 (0.0971)  loss_bbox_dn_0: 0.0497 (0.0497)  loss_bbox_dn_1: 0.0416 (0.0413)  loss_bbox_dn_2: 0.0413 (0.0403)  loss_giou: 0.9365 (0.8992)  loss_giou_aux_0: 0.9773 (0.9336)  loss_giou_aux_1: 0.9517 (0.9065)  loss_giou_aux_2: 1.0379 (0.9892)  loss_giou_dn_0: 0.7186 (0.7164)  loss_giou_dn_1: 0.6380 (0.6406)  loss_giou_dn_2: 0.6204 (0.6316)  loss_vfl: 0.4696 (0.5020)  loss_vfl_aux_0: 0.4869 (0.5123)  loss_vfl_aux_1: 0.4834 (0.5072)  loss_vfl_aux_2: 0.4799 (0.5050)  loss_vfl_dn_0: 0.4611 (0.4713)  loss_vfl_dn_1: 0.4351 (0.4395)  loss_vfl_dn_2: 0.4296 (0.4334)
Test:  [ 0/69]  eta: 0:01:24    time: 1.2291  data: 0.6707  max mem: 8529
Test:  [10/69]  eta: 0:00:42    time: 0.7135  data: 0.0780  max mem: 8529
Test:  [20/69]  eta: 0:00:32    time: 0.6346  data: 0.0194  max mem: 8529
Test:  [30/69]  eta: 0:00:24    time: 0.5896  data: 0.0203  max mem: 8529
Test:  [40/69]  eta: 0:00:17    time: 0.5496  data: 0.0211  max mem: 8529
Test:  [50/69]  eta: 0:00:11    time: 0.5220  data: 0.0220  max mem: 8529
Test:  [60/69]  eta: 0:00:05    time: 0.5038  data: 0.0218  max mem: 8529
Test:  [68/69]  eta: 0:00:00    time: 0.5134  data: 0.0207  max mem: 8529
Test: Total time: 0:00:39 (0.5712 s / it)
Averaged stats: 
Accumulating evaluation results...
DONE (t=1.95s).
IoU metric: bbox
 Average Precision  (AP) @[ IoU=0.50:0.95 | area=   all | maxDets=100 ] = 0.233
 Average Precision  (AP) @[ IoU=0.50      | area=   all | maxDets=100 ] = 0.386
 Average Precision  (AP) @[ IoU=0.75      | area=   all | maxDets=100 ] = 0.239
 Average Precision  (AP) @[ IoU=0.50:0.95 | area= small | maxDets=100 ] = 0.151
 Average Precision  (AP) @[ IoU=0.50:0.95 | area=medium | maxDets=100 ] = 0.328
 Average Precision  (AP) @[ IoU=0.50:0.95 | area= large | maxDets=100 ] = 0.409
 Average Recall     (AR) @[ IoU=0.50:0.95 | area=   all | maxDets=  1 ] = 0.103
 Average Recall     (AR) @[ IoU=0.50:0.95 | area=   all | maxDets= 10 ] = 0.290
 Average Recall     (AR) @[ IoU=0.50:0.95 | area=   all | maxDets=100 ] = 0.387
 Average Recall     (AR) @[ IoU=0.50:0.95 | area= small | maxDets=100 ] = 0.300
 Average Recall     (AR) @[ IoU=0.50:0.95 | area=medium | maxDets=100 ] = 0.504
 Average Recall     (AR) @[ IoU=0.50:0.95 | area= large | maxDets=100 ] = 0.599
best_stat:  {'epoch': 65, 'coco_eval_bbox': 0.23319669295342996}
Epoch: [66]  [  0/809]  eta: 1:06:17  lr: 0.000010  loss: 9.3523 (9.3523)  loss_bbox: 0.0615 (0.0615)  loss_bbox_aux_0: 0.0631 (0.0631)  loss_bbox_aux_1: 0.0614 (0.0614)  loss_bbox_aux_2: 0.0736 (0.0736)  loss_bbox_dn_0: 0.0458 (0.0458)  loss_bbox_dn_1: 0.0390 (0.0390)  loss_bbox_dn_2: 0.0379 (0.0379)  loss_giou: 0.8410 (0.8410)  loss_giou_aux_0: 0.8624 (0.8624)  loss_giou_aux_1: 0.8443 (0.8443)  loss_giou_aux_2: 0.9207 (0.9207)  loss_giou_dn_0: 0.7110 (0.7110)  loss_giou_dn_1: 0.6350 (0.6350)  loss_giou_dn_2: 0.6201 (0.6201)  loss_vfl: 0.5409 (0.5409)  loss_vfl_aux_0: 0.5527 (0.5527)  loss_vfl_aux_1: 0.5502 (0.5502)  loss_vfl_aux_2: 0.5321 (0.5321)  loss_vfl_dn_0: 0.4762 (0.4762)  loss_vfl_dn_1: 0.4443 (0.4443)  loss_vfl_dn_2: 0.4392 (0.4392)  time: 4.9164  data: 2.3016  max mem: 8529
Epoch: [66]  [100/809]  eta: 0:11:24  lr: 0.000010  loss: 9.7913 (9.5525)  loss_bbox: 0.0754 (0.0768)  loss_bbox_aux_0: 0.0788 (0.0813)  loss_bbox_aux_1: 0.0755 (0.0785)  loss_bbox_aux_2: 0.0920 (0.0930)  loss_bbox_dn_0: 0.0476 (0.0495)  loss_bbox_dn_1: 0.0391 (0.0412)  loss_bbox_dn_2: 0.0376 (0.0403)  loss_giou: 0.9341 (0.8996)  loss_giou_aux_0: 0.9793 (0.9309)  loss_giou_aux_1: 0.9499 (0.9067)  loss_giou_aux_2: 1.0456 (0.9840)  loss_giou_dn_0: 0.7437 (0.7185)  loss_giou_dn_1: 0.6643 (0.6432)  loss_giou_dn_2: 0.6524 (0.6343)  loss_vfl: 0.4634 (0.5007)  loss_vfl_aux_0: 0.4771 (0.5124)  loss_vfl_aux_1: 0.4681 (0.5062)  loss_vfl_aux_2: 0.4602 (0.5062)  loss_vfl_dn_0: 0.4735 (0.4733)  loss_vfl_dn_1: 0.4434 (0.4411)  loss_vfl_dn_2: 0.4412 (0.4349)  time: 0.9226  data: 0.0346  max mem: 8529
Epoch: [66]  [200/809]  eta: 0:09:41  lr: 0.000010  loss: 9.8576 (9.6281)  loss_bbox: 0.0739 (0.0775)  loss_bbox_aux_0: 0.0765 (0.0823)  loss_bbox_aux_1: 0.0758 (0.0791)  loss_bbox_aux_2: 0.0869 (0.0949)  loss_bbox_dn_0: 0.0466 (0.0485)  loss_bbox_dn_1: 0.0389 (0.0404)  loss_bbox_dn_2: 0.0376 (0.0395)  loss_giou: 0.9266 (0.9176)  loss_giou_aux_0: 0.9519 (0.9514)  loss_giou_aux_1: 0.9299 (0.9255)  loss_giou_aux_2: 1.0058 (1.0036)  loss_giou_dn_0: 0.7603 (0.7257)  loss_giou_dn_1: 0.6835 (0.6507)  loss_giou_dn_2: 0.6783 (0.6420)  loss_vfl: 0.4868 (0.4956)  loss_vfl_aux_0: 0.4906 (0.5053)  loss_vfl_aux_1: 0.4933 (0.5004)  loss_vfl_aux_2: 0.4806 (0.4993)  loss_vfl_dn_0: 0.4716 (0.4726)  loss_vfl_dn_1: 0.4438 (0.4410)  loss_vfl_dn_2: 0.4384 (0.4350)  time: 0.9428  data: 0.0422  max mem: 8529
Epoch: [66]  [300/809]  eta: 0:08:01  lr: 0.000010  loss: 9.1264 (9.6271)  loss_bbox: 0.0679 (0.0780)  loss_bbox_aux_0: 0.0750 (0.0828)  loss_bbox_aux_1: 0.0698 (0.0797)  loss_bbox_aux_2: 0.0907 (0.0951)  loss_bbox_dn_0: 0.0470 (0.0481)  loss_bbox_dn_1: 0.0376 (0.0400)  loss_bbox_dn_2: 0.0370 (0.0390)  loss_giou: 0.8000 (0.9196)  loss_giou_aux_0: 0.8207 (0.9533)  loss_giou_aux_1: 0.8042 (0.9269)  loss_giou_aux_2: 0.8967 (1.0046)  loss_giou_dn_0: 0.6830 (0.7247)  loss_giou_dn_1: 0.6094 (0.6501)  loss_giou_dn_2: 0.5957 (0.6412)  loss_vfl: 0.5046 (0.4948)  loss_vfl_aux_0: 0.5225 (0.5047)  loss_vfl_aux_1: 0.5106 (0.5000)  loss_vfl_aux_2: 0.5164 (0.4992)  loss_vfl_dn_0: 0.4639 (0.4713)  loss_vfl_dn_1: 0.4337 (0.4400)  loss_vfl_dn_2: 0.4279 (0.4339)  time: 0.9080  data: 0.0412  max mem: 8529
Epoch: [66]  [400/809]  eta: 0:06:21  lr: 0.000010  loss: 9.1470 (9.6370)  loss_bbox: 0.0721 (0.0801)  loss_bbox_aux_0: 0.0795 (0.0851)  loss_bbox_aux_1: 0.0741 (0.0818)  loss_bbox_aux_2: 0.0943 (0.0977)  loss_bbox_dn_0: 0.0503 (0.0486)  loss_bbox_dn_1: 0.0408 (0.0402)  loss_bbox_dn_2: 0.0393 (0.0393)  loss_giou: 0.7929 (0.9198)  loss_giou_aux_0: 0.8177 (0.9545)  loss_giou_aux_1: 0.7992 (0.9275)  loss_giou_aux_2: 0.8722 (1.0063)  loss_giou_dn_0: 0.6951 (0.7238)  loss_giou_dn_1: 0.6030 (0.6486)  loss_giou_dn_2: 0.5910 (0.6397)  loss_vfl: 0.5060 (0.4948)  loss_vfl_aux_0: 0.5205 (0.5049)  loss_vfl_aux_1: 0.5128 (0.5002)  loss_vfl_aux_2: 0.5303 (0.4993)  loss_vfl_dn_0: 0.4702 (0.4711)  loss_vfl_dn_1: 0.4335 (0.4398)  loss_vfl_dn_2: 0.4294 (0.4339)  time: 0.8878  data: 0.0368  max mem: 8529
Epoch: [66]  [500/809]  eta: 0:04:47  lr: 0.000010  loss: 9.5154 (9.6284)  loss_bbox: 0.0698 (0.0801)  loss_bbox_aux_0: 0.0730 (0.0852)  loss_bbox_aux_1: 0.0714 (0.0818)  loss_bbox_aux_2: 0.0892 (0.0979)  loss_bbox_dn_0: 0.0468 (0.0485)  loss_bbox_dn_1: 0.0389 (0.0402)  loss_bbox_dn_2: 0.0381 (0.0392)  loss_giou: 0.8637 (0.9190)  loss_giou_aux_0: 0.8827 (0.9534)  loss_giou_aux_1: 0.8701 (0.9264)  loss_giou_aux_2: 0.9177 (1.0051)  loss_giou_dn_0: 0.7061 (0.7232)  loss_giou_dn_1: 0.6264 (0.6478)  loss_giou_dn_2: 0.6197 (0.6390)  loss_vfl: 0.5064 (0.4945)  loss_vfl_aux_0: 0.5184 (0.5046)  loss_vfl_aux_1: 0.5156 (0.5002)  loss_vfl_aux_2: 0.5273 (0.4988)  loss_vfl_dn_0: 0.4723 (0.4709)  loss_vfl_dn_1: 0.4370 (0.4392)  loss_vfl_dn_2: 0.4299 (0.4333)  time: 0.9229  data: 0.0401  max mem: 8529
Epoch: [66]  [600/809]  eta: 0:03:15  lr: 0.000010  loss: 9.6841 (9.6261)  loss_bbox: 0.0774 (0.0802)  loss_bbox_aux_0: 0.0812 (0.0853)  loss_bbox_aux_1: 0.0783 (0.0819)  loss_bbox_aux_2: 0.0943 (0.0980)  loss_bbox_dn_0: 0.0443 (0.0485)  loss_bbox_dn_1: 0.0370 (0.0402)  loss_bbox_dn_2: 0.0363 (0.0392)  loss_giou: 0.8642 (0.9185)  loss_giou_aux_0: 0.9092 (0.9531)  loss_giou_aux_1: 0.8720 (0.9260)  loss_giou_aux_2: 0.9532 (1.0049)  loss_giou_dn_0: 0.7312 (0.7239)  loss_giou_dn_1: 0.6527 (0.6482)  loss_giou_dn_2: 0.6395 (0.6394)  loss_vfl: 0.5127 (0.4939)  loss_vfl_aux_0: 0.5200 (0.5041)  loss_vfl_aux_1: 0.5164 (0.4996)  loss_vfl_aux_2: 0.5081 (0.4982)  loss_vfl_dn_0: 0.4672 (0.4707)  loss_vfl_dn_1: 0.4397 (0.4391)  loss_vfl_dn_2: 0.4365 (0.4333)  time: 0.9211  data: 0.0480  max mem: 8529
Epoch: [66]  [700/809]  eta: 0:01:41  lr: 0.000010  loss: 9.5319 (9.6299)  loss_bbox: 0.0685 (0.0805)  loss_bbox_aux_0: 0.0733 (0.0860)  loss_bbox_aux_1: 0.0691 (0.0822)  loss_bbox_aux_2: 0.0814 (0.0987)  loss_bbox_dn_0: 0.0450 (0.0483)  loss_bbox_dn_1: 0.0370 (0.0400)  loss_bbox_dn_2: 0.0357 (0.0390)  loss_giou: 0.8601 (0.9198)  loss_giou_aux_0: 0.8995 (0.9541)  loss_giou_aux_1: 0.8706 (0.9271)  loss_giou_aux_2: 0.9638 (1.0061)  loss_giou_dn_0: 0.7155 (0.7244)  loss_giou_dn_1: 0.6546 (0.6487)  loss_giou_dn_2: 0.6446 (0.6400)  loss_vfl: 0.5060 (0.4930)  loss_vfl_aux_0: 0.5113 (0.5029)  loss_vfl_aux_1: 0.5044 (0.4986)  loss_vfl_aux_2: 0.4939 (0.4971)  loss_vfl_dn_0: 0.4690 (0.4707)  loss_vfl_dn_1: 0.4359 (0.4393)  loss_vfl_dn_2: 0.4308 (0.4334)  time: 0.9394  data: 0.0383  max mem: 8529
Epoch: [66]  [800/809]  eta: 0:00:08  lr: 0.000010  loss: 9.4421 (9.6236)  loss_bbox: 0.0657 (0.0806)  loss_bbox_aux_0: 0.0745 (0.0859)  loss_bbox_aux_1: 0.0702 (0.0823)  loss_bbox_aux_2: 0.0853 (0.0986)  loss_bbox_dn_0: 0.0457 (0.0484)  loss_bbox_dn_1: 0.0379 (0.0400)  loss_bbox_dn_2: 0.0354 (0.0391)  loss_giou: 0.8760 (0.9180)  loss_giou_aux_0: 0.8993 (0.9522)  loss_giou_aux_1: 0.8890 (0.9252)  loss_giou_aux_2: 0.9941 (1.0044)  loss_giou_dn_0: 0.7181 (0.7239)  loss_giou_dn_1: 0.6441 (0.6480)  loss_giou_dn_2: 0.6346 (0.6393)  loss_vfl: 0.4861 (0.4936)  loss_vfl_aux_0: 0.4974 (0.5038)  loss_vfl_aux_1: 0.4963 (0.4993)  loss_vfl_aux_2: 0.5038 (0.4979)  loss_vfl_dn_0: 0.4672 (0.4707)  loss_vfl_dn_1: 0.4413 (0.4392)  loss_vfl_dn_2: 0.4333 (0.4333)  time: 0.9414  data: 0.0410  max mem: 8529
Epoch: [66]  [808/809]  eta: 0:00:00  lr: 0.000010  loss: 9.5527 (9.6257)  loss_bbox: 0.0679 (0.0805)  loss_bbox_aux_0: 0.0745 (0.0859)  loss_bbox_aux_1: 0.0714 (0.0822)  loss_bbox_aux_2: 0.0853 (0.0986)  loss_bbox_dn_0: 0.0466 (0.0483)  loss_bbox_dn_1: 0.0380 (0.0400)  loss_bbox_dn_2: 0.0354 (0.0391)  loss_giou: 0.9028 (0.9184)  loss_giou_aux_0: 0.9433 (0.9526)  loss_giou_aux_1: 0.9052 (0.9256)  loss_giou_aux_2: 0.9805 (1.0048)  loss_giou_dn_0: 0.7256 (0.7241)  loss_giou_dn_1: 0.6523 (0.6483)  loss_giou_dn_2: 0.6402 (0.6396)  loss_vfl: 0.4825 (0.4936)  loss_vfl_aux_0: 0.4973 (0.5038)  loss_vfl_aux_1: 0.4879 (0.4993)  loss_vfl_aux_2: 0.4984 (0.4978)  loss_vfl_dn_0: 0.4604 (0.4705)  loss_vfl_dn_1: 0.4353 (0.4392)  loss_vfl_dn_2: 0.4259 (0.4333)  time: 0.8119  data: 0.0322  max mem: 8529
Epoch: [66] Total time: 0:12:31 (0.9291 s / it)
Averaged stats: lr: 0.000010  loss: 9.5527 (9.6257)  loss_bbox: 0.0679 (0.0805)  loss_bbox_aux_0: 0.0745 (0.0859)  loss_bbox_aux_1: 0.0714 (0.0822)  loss_bbox_aux_2: 0.0853 (0.0986)  loss_bbox_dn_0: 0.0466 (0.0483)  loss_bbox_dn_1: 0.0380 (0.0400)  loss_bbox_dn_2: 0.0354 (0.0391)  loss_giou: 0.9028 (0.9184)  loss_giou_aux_0: 0.9433 (0.9526)  loss_giou_aux_1: 0.9052 (0.9256)  loss_giou_aux_2: 0.9805 (1.0048)  loss_giou_dn_0: 0.7256 (0.7241)  loss_giou_dn_1: 0.6523 (0.6483)  loss_giou_dn_2: 0.6402 (0.6396)  loss_vfl: 0.4825 (0.4936)  loss_vfl_aux_0: 0.4973 (0.5038)  loss_vfl_aux_1: 0.4879 (0.4993)  loss_vfl_aux_2: 0.4984 (0.4978)  loss_vfl_dn_0: 0.4604 (0.4705)  loss_vfl_dn_1: 0.4353 (0.4392)  loss_vfl_dn_2: 0.4259 (0.4333)
Test:  [ 0/69]  eta: 0:01:38    time: 1.4239  data: 0.6134  max mem: 8529
Test:  [10/69]  eta: 0:00:42    time: 0.7233  data: 0.0744  max mem: 8529
Test:  [20/69]  eta: 0:00:33    time: 0.6390  data: 0.0208  max mem: 8529
Test:  [30/69]  eta: 0:00:24    time: 0.5889  data: 0.0215  max mem: 8529
Test:  [40/69]  eta: 0:00:17    time: 0.5476  data: 0.0222  max mem: 8529
Test:  [50/69]  eta: 0:00:11    time: 0.5156  data: 0.0222  max mem: 8529
Test:  [60/69]  eta: 0:00:05    time: 0.4928  data: 0.0211  max mem: 8529
Test:  [68/69]  eta: 0:00:00    time: 0.5117  data: 0.0203  max mem: 8529
Test: Total time: 0:00:39 (0.5725 s / it)
Averaged stats: 
Accumulating evaluation results...
DONE (t=2.05s).
IoU metric: bbox
 Average Precision  (AP) @[ IoU=0.50:0.95 | area=   all | maxDets=100 ] = 0.233
 Average Precision  (AP) @[ IoU=0.50      | area=   all | maxDets=100 ] = 0.386
 Average Precision  (AP) @[ IoU=0.75      | area=   all | maxDets=100 ] = 0.239
 Average Precision  (AP) @[ IoU=0.50:0.95 | area= small | maxDets=100 ] = 0.152
 Average Precision  (AP) @[ IoU=0.50:0.95 | area=medium | maxDets=100 ] = 0.328
 Average Precision  (AP) @[ IoU=0.50:0.95 | area= large | maxDets=100 ] = 0.410
 Average Recall     (AR) @[ IoU=0.50:0.95 | area=   all | maxDets=  1 ] = 0.102
 Average Recall     (AR) @[ IoU=0.50:0.95 | area=   all | maxDets= 10 ] = 0.290
 Average Recall     (AR) @[ IoU=0.50:0.95 | area=   all | maxDets=100 ] = 0.387
 Average Recall     (AR) @[ IoU=0.50:0.95 | area= small | maxDets=100 ] = 0.299
 Average Recall     (AR) @[ IoU=0.50:0.95 | area=medium | maxDets=100 ] = 0.503
 Average Recall     (AR) @[ IoU=0.50:0.95 | area= large | maxDets=100 ] = 0.599
best_stat:  {'epoch': 65, 'coco_eval_bbox': 0.23319669295342996}
Epoch: [67]  [  0/809]  eta: 1:31:22  lr: 0.000010  loss: 8.5497 (8.5497)  loss_bbox: 0.0516 (0.0516)  loss_bbox_aux_0: 0.0559 (0.0559)  loss_bbox_aux_1: 0.0538 (0.0538)  loss_bbox_aux_2: 0.0635 (0.0635)  loss_bbox_dn_0: 0.0421 (0.0421)  loss_bbox_dn_1: 0.0351 (0.0351)  loss_bbox_dn_2: 0.0334 (0.0334)  loss_giou: 0.7196 (0.7196)  loss_giou_aux_0: 0.7804 (0.7804)  loss_giou_aux_1: 0.7432 (0.7432)  loss_giou_aux_2: 0.8192 (0.8192)  loss_giou_dn_0: 0.6557 (0.6557)  loss_giou_dn_1: 0.5743 (0.5743)  loss_giou_dn_2: 0.5565 (0.5565)  loss_vfl: 0.4962 (0.4962)  loss_vfl_aux_0: 0.5060 (0.5060)  loss_vfl_aux_1: 0.4982 (0.4982)  loss_vfl_aux_2: 0.5160 (0.5160)  loss_vfl_dn_0: 0.4717 (0.4717)  loss_vfl_dn_1: 0.4429 (0.4429)  loss_vfl_dn_2: 0.4346 (0.4346)  time: 6.7773  data: 2.2672  max mem: 8529
Epoch: [67]  [100/809]  eta: 0:11:25  lr: 0.000010  loss: 9.8175 (9.7126)  loss_bbox: 0.0788 (0.0828)  loss_bbox_aux_0: 0.0798 (0.0879)  loss_bbox_aux_1: 0.0798 (0.0848)  loss_bbox_aux_2: 0.0915 (0.1003)  loss_bbox_dn_0: 0.0466 (0.0490)  loss_bbox_dn_1: 0.0388 (0.0409)  loss_bbox_dn_2: 0.0380 (0.0399)  loss_giou: 0.9135 (0.9339)  loss_giou_aux_0: 0.9476 (0.9689)  loss_giou_aux_1: 0.9194 (0.9410)  loss_giou_aux_2: 0.9974 (1.0255)  loss_giou_dn_0: 0.7481 (0.7336)  loss_giou_dn_1: 0.6760 (0.6560)  loss_giou_dn_2: 0.6627 (0.6461)  loss_vfl: 0.4907 (0.4898)  loss_vfl_aux_0: 0.5044 (0.5001)  loss_vfl_aux_1: 0.4927 (0.4947)  loss_vfl_aux_2: 0.4962 (0.4915)  loss_vfl_dn_0: 0.4728 (0.4699)  loss_vfl_dn_1: 0.4463 (0.4405)  loss_vfl_dn_2: 0.4381 (0.4355)  time: 0.9138  data: 0.0359  max mem: 8529
Epoch: [67]  [200/809]  eta: 0:09:30  lr: 0.000010  loss: 9.9119 (9.7163)  loss_bbox: 0.0747 (0.0857)  loss_bbox_aux_0: 0.0791 (0.0910)  loss_bbox_aux_1: 0.0769 (0.0876)  loss_bbox_aux_2: 0.0902 (0.1038)  loss_bbox_dn_0: 0.0484 (0.0495)  loss_bbox_dn_1: 0.0417 (0.0412)  loss_bbox_dn_2: 0.0400 (0.0401)  loss_giou: 0.9185 (0.9347)  loss_giou_aux_0: 0.9557 (0.9702)  loss_giou_aux_1: 0.9277 (0.9423)  loss_giou_aux_2: 1.0193 (1.0263)  loss_giou_dn_0: 0.7528 (0.7301)  loss_giou_dn_1: 0.6866 (0.6537)  loss_giou_dn_2: 0.6874 (0.6443)  loss_vfl: 0.4803 (0.4884)  loss_vfl_aux_0: 0.4993 (0.4987)  loss_vfl_aux_1: 0.4968 (0.4936)  loss_vfl_aux_2: 0.4880 (0.4908)  loss_vfl_dn_0: 0.4663 (0.4704)  loss_vfl_dn_1: 0.4398 (0.4397)  loss_vfl_dn_2: 0.4346 (0.4342)  time: 0.8942  data: 0.0305  max mem: 8529
Epoch: [67]  [300/809]  eta: 0:07:52  lr: 0.000010  loss: 9.2453 (9.6505)  loss_bbox: 0.0783 (0.0833)  loss_bbox_aux_0: 0.0849 (0.0887)  loss_bbox_aux_1: 0.0827 (0.0851)  loss_bbox_aux_2: 0.0938 (0.1011)  loss_bbox_dn_0: 0.0408 (0.0489)  loss_bbox_dn_1: 0.0327 (0.0406)  loss_bbox_dn_2: 0.0323 (0.0396)  loss_giou: 0.8898 (0.9211)  loss_giou_aux_0: 0.9175 (0.9561)  loss_giou_aux_1: 0.9082 (0.9289)  loss_giou_aux_2: 0.9534 (1.0116)  loss_giou_dn_0: 0.6839 (0.7252)  loss_giou_dn_1: 0.6147 (0.6489)  loss_giou_dn_2: 0.6103 (0.6396)  loss_vfl: 0.4955 (0.4932)  loss_vfl_aux_0: 0.5022 (0.5029)  loss_vfl_aux_1: 0.4938 (0.4981)  loss_vfl_aux_2: 0.5001 (0.4943)  loss_vfl_dn_0: 0.4681 (0.4705)  loss_vfl_dn_1: 0.4377 (0.4392)  loss_vfl_dn_2: 0.4301 (0.4337)  time: 0.8742  data: 0.0358  max mem: 8529
Epoch: [67]  [400/809]  eta: 0:06:19  lr: 0.000010  loss: 9.7144 (9.6569)  loss_bbox: 0.0783 (0.0834)  loss_bbox_aux_0: 0.0809 (0.0887)  loss_bbox_aux_1: 0.0775 (0.0850)  loss_bbox_aux_2: 0.0913 (0.1014)  loss_bbox_dn_0: 0.0471 (0.0487)  loss_bbox_dn_1: 0.0394 (0.0405)  loss_bbox_dn_2: 0.0389 (0.0395)  loss_giou: 0.9231 (0.9222)  loss_giou_aux_0: 0.9757 (0.9574)  loss_giou_aux_1: 0.9297 (0.9301)  loss_giou_aux_2: 1.0353 (1.0122)  loss_giou_dn_0: 0.7296 (0.7247)  loss_giou_dn_1: 0.6671 (0.6494)  loss_giou_dn_2: 0.6533 (0.6402)  loss_vfl: 0.4873 (0.4929)  loss_vfl_aux_0: 0.4785 (0.5032)  loss_vfl_aux_1: 0.4950 (0.4985)  loss_vfl_aux_2: 0.4801 (0.4950)  loss_vfl_dn_0: 0.4684 (0.4708)  loss_vfl_dn_1: 0.4384 (0.4394)  loss_vfl_dn_2: 0.4346 (0.4338)  time: 0.9389  data: 0.0444  max mem: 8529
Epoch: [67]  [500/809]  eta: 0:04:44  lr: 0.000010  loss: 9.6315 (9.6233)  loss_bbox: 0.0723 (0.0825)  loss_bbox_aux_0: 0.0749 (0.0878)  loss_bbox_aux_1: 0.0735 (0.0841)  loss_bbox_aux_2: 0.0847 (0.1003)  loss_bbox_dn_0: 0.0494 (0.0488)  loss_bbox_dn_1: 0.0415 (0.0406)  loss_bbox_dn_2: 0.0406 (0.0396)  loss_giou: 0.8848 (0.9153)  loss_giou_aux_0: 0.9150 (0.9502)  loss_giou_aux_1: 0.9051 (0.9232)  loss_giou_aux_2: 0.9786 (1.0047)  loss_giou_dn_0: 0.7436 (0.7225)  loss_giou_dn_1: 0.6695 (0.6475)  loss_giou_dn_2: 0.6652 (0.6383)  loss_vfl: 0.5111 (0.4937)  loss_vfl_aux_0: 0.5269 (0.5041)  loss_vfl_aux_1: 0.5197 (0.4994)  loss_vfl_aux_2: 0.5172 (0.4965)  loss_vfl_dn_0: 0.4718 (0.4709)  loss_vfl_dn_1: 0.4412 (0.4395)  loss_vfl_dn_2: 0.4333 (0.4339)  time: 0.8688  data: 0.0343  max mem: 8529
Epoch: [67]  [600/809]  eta: 0:03:13  lr: 0.000010  loss: 9.4557 (9.5959)  loss_bbox: 0.0718 (0.0817)  loss_bbox_aux_0: 0.0746 (0.0869)  loss_bbox_aux_1: 0.0726 (0.0833)  loss_bbox_aux_2: 0.0845 (0.0993)  loss_bbox_dn_0: 0.0447 (0.0489)  loss_bbox_dn_1: 0.0363 (0.0406)  loss_bbox_dn_2: 0.0351 (0.0396)  loss_giou: 0.9012 (0.9095)  loss_giou_aux_0: 0.9516 (0.9444)  loss_giou_aux_1: 0.9102 (0.9173)  loss_giou_aux_2: 0.9986 (0.9988)  loss_giou_dn_0: 0.6948 (0.7203)  loss_giou_dn_1: 0.6171 (0.6450)  loss_giou_dn_2: 0.6028 (0.6358)  loss_vfl: 0.4948 (0.4952)  loss_vfl_aux_0: 0.5067 (0.5056)  loss_vfl_aux_1: 0.5061 (0.5009)  loss_vfl_aux_2: 0.4894 (0.4988)  loss_vfl_dn_0: 0.4620 (0.4708)  loss_vfl_dn_1: 0.4354 (0.4395)  loss_vfl_dn_2: 0.4319 (0.4337)  time: 0.8968  data: 0.0370  max mem: 8529
Epoch: [67]  [700/809]  eta: 0:01:40  lr: 0.000010  loss: 9.4061 (9.5942)  loss_bbox: 0.0649 (0.0819)  loss_bbox_aux_0: 0.0723 (0.0871)  loss_bbox_aux_1: 0.0676 (0.0836)  loss_bbox_aux_2: 0.0856 (0.0994)  loss_bbox_dn_0: 0.0444 (0.0490)  loss_bbox_dn_1: 0.0367 (0.0407)  loss_bbox_dn_2: 0.0361 (0.0397)  loss_giou: 0.8748 (0.9083)  loss_giou_aux_0: 0.9199 (0.9431)  loss_giou_aux_1: 0.8698 (0.9163)  loss_giou_aux_2: 0.9830 (0.9980)  loss_giou_dn_0: 0.7023 (0.7201)  loss_giou_dn_1: 0.6252 (0.6445)  loss_giou_dn_2: 0.6139 (0.6352)  loss_vfl: 0.5092 (0.4961)  loss_vfl_aux_0: 0.5143 (0.5065)  loss_vfl_aux_1: 0.5226 (0.5018)  loss_vfl_aux_2: 0.5171 (0.4997)  loss_vfl_dn_0: 0.4633 (0.4705)  loss_vfl_dn_1: 0.4357 (0.4391)  loss_vfl_dn_2: 0.4299 (0.4334)  time: 0.9005  data: 0.0392  max mem: 8529
Epoch: [67]  [800/809]  eta: 0:00:08  lr: 0.000010  loss: 9.6784 (9.5788)  loss_bbox: 0.0793 (0.0816)  loss_bbox_aux_0: 0.0809 (0.0866)  loss_bbox_aux_1: 0.0799 (0.0832)  loss_bbox_aux_2: 0.0946 (0.0988)  loss_bbox_dn_0: 0.0486 (0.0492)  loss_bbox_dn_1: 0.0398 (0.0408)  loss_bbox_dn_2: 0.0386 (0.0398)  loss_giou: 0.8976 (0.9051)  loss_giou_aux_0: 0.9342 (0.9396)  loss_giou_aux_1: 0.9010 (0.9129)  loss_giou_aux_2: 0.9882 (0.9948)  loss_giou_dn_0: 0.7439 (0.7189)  loss_giou_dn_1: 0.6712 (0.6433)  loss_giou_dn_2: 0.6652 (0.6340)  loss_vfl: 0.4664 (0.4968)  loss_vfl_aux_0: 0.4813 (0.5073)  loss_vfl_aux_1: 0.4706 (0.5025)  loss_vfl_aux_2: 0.4783 (0.5007)  loss_vfl_dn_0: 0.4664 (0.4706)  loss_vfl_dn_1: 0.4380 (0.4391)  loss_vfl_dn_2: 0.4342 (0.4333)  time: 0.9324  data: 0.0377  max mem: 8529
Epoch: [67]  [808/809]  eta: 0:00:00  lr: 0.000010  loss: 9.3420 (9.5795)  loss_bbox: 0.0718 (0.0815)  loss_bbox_aux_0: 0.0750 (0.0866)  loss_bbox_aux_1: 0.0736 (0.0832)  loss_bbox_aux_2: 0.0882 (0.0987)  loss_bbox_dn_0: 0.0496 (0.0491)  loss_bbox_dn_1: 0.0405 (0.0408)  loss_bbox_dn_2: 0.0404 (0.0398)  loss_giou: 0.8528 (0.9051)  loss_giou_aux_0: 0.8906 (0.9395)  loss_giou_aux_1: 0.8678 (0.9129)  loss_giou_aux_2: 0.9406 (0.9946)  loss_giou_dn_0: 0.7321 (0.7191)  loss_giou_dn_1: 0.6612 (0.6434)  loss_giou_dn_2: 0.6564 (0.6342)  loss_vfl: 0.4860 (0.4970)  loss_vfl_aux_0: 0.5018 (0.5075)  loss_vfl_aux_1: 0.5006 (0.5027)  loss_vfl_aux_2: 0.4956 (0.5009)  loss_vfl_dn_0: 0.4666 (0.4705)  loss_vfl_dn_1: 0.4447 (0.4391)  loss_vfl_dn_2: 0.4365 (0.4333)  time: 0.8127  data: 0.0300  max mem: 8529
Epoch: [67] Total time: 0:12:24 (0.9205 s / it)
Averaged stats: lr: 0.000010  loss: 9.3420 (9.5795)  loss_bbox: 0.0718 (0.0815)  loss_bbox_aux_0: 0.0750 (0.0866)  loss_bbox_aux_1: 0.0736 (0.0832)  loss_bbox_aux_2: 0.0882 (0.0987)  loss_bbox_dn_0: 0.0496 (0.0491)  loss_bbox_dn_1: 0.0405 (0.0408)  loss_bbox_dn_2: 0.0404 (0.0398)  loss_giou: 0.8528 (0.9051)  loss_giou_aux_0: 0.8906 (0.9395)  loss_giou_aux_1: 0.8678 (0.9129)  loss_giou_aux_2: 0.9406 (0.9946)  loss_giou_dn_0: 0.7321 (0.7191)  loss_giou_dn_1: 0.6612 (0.6434)  loss_giou_dn_2: 0.6564 (0.6342)  loss_vfl: 0.4860 (0.4970)  loss_vfl_aux_0: 0.5018 (0.5075)  loss_vfl_aux_1: 0.5006 (0.5027)  loss_vfl_aux_2: 0.4956 (0.5009)  loss_vfl_dn_0: 0.4666 (0.4705)  loss_vfl_dn_1: 0.4447 (0.4391)  loss_vfl_dn_2: 0.4365 (0.4333)
Test:  [ 0/69]  eta: 0:01:24    time: 1.2271  data: 0.5993  max mem: 8529
Test:  [10/69]  eta: 0:00:43    time: 0.7372  data: 0.0736  max mem: 8529
Test:  [20/69]  eta: 0:00:33    time: 0.6553  data: 0.0205  max mem: 8529
Test:  [30/69]  eta: 0:00:25    time: 0.5964  data: 0.0196  max mem: 8529
Test:  [40/69]  eta: 0:00:17    time: 0.5480  data: 0.0191  max mem: 8529
Test:  [50/69]  eta: 0:00:11    time: 0.5229  data: 0.0198  max mem: 8529
Test:  [60/69]  eta: 0:00:05    time: 0.5088  data: 0.0205  max mem: 8529
Test:  [68/69]  eta: 0:00:00    time: 0.5058  data: 0.0193  max mem: 8529
Test: Total time: 0:00:39 (0.5766 s / it)
Averaged stats: 
Accumulating evaluation results...
DONE (t=2.03s).
IoU metric: bbox
 Average Precision  (AP) @[ IoU=0.50:0.95 | area=   all | maxDets=100 ] = 0.234
 Average Precision  (AP) @[ IoU=0.50      | area=   all | maxDets=100 ] = 0.388
 Average Precision  (AP) @[ IoU=0.75      | area=   all | maxDets=100 ] = 0.240
 Average Precision  (AP) @[ IoU=0.50:0.95 | area= small | maxDets=100 ] = 0.152
 Average Precision  (AP) @[ IoU=0.50:0.95 | area=medium | maxDets=100 ] = 0.329
 Average Precision  (AP) @[ IoU=0.50:0.95 | area= large | maxDets=100 ] = 0.403
 Average Recall     (AR) @[ IoU=0.50:0.95 | area=   all | maxDets=  1 ] = 0.103
 Average Recall     (AR) @[ IoU=0.50:0.95 | area=   all | maxDets= 10 ] = 0.290
 Average Recall     (AR) @[ IoU=0.50:0.95 | area=   all | maxDets=100 ] = 0.387
 Average Recall     (AR) @[ IoU=0.50:0.95 | area= small | maxDets=100 ] = 0.299
 Average Recall     (AR) @[ IoU=0.50:0.95 | area=medium | maxDets=100 ] = 0.504
 Average Recall     (AR) @[ IoU=0.50:0.95 | area= large | maxDets=100 ] = 0.598
best_stat:  {'epoch': 67, 'coco_eval_bbox': 0.23391304248779757}
Epoch: [68]  [  0/809]  eta: 1:20:37  lr: 0.000010  loss: 8.9889 (8.9889)  loss_bbox: 0.0548 (0.0548)  loss_bbox_aux_0: 0.0597 (0.0597)  loss_bbox_aux_1: 0.0565 (0.0565)  loss_bbox_aux_2: 0.0680 (0.0680)  loss_bbox_dn_0: 0.0445 (0.0445)  loss_bbox_dn_1: 0.0355 (0.0355)  loss_bbox_dn_2: 0.0341 (0.0341)  loss_giou: 0.7413 (0.7413)  loss_giou_aux_0: 0.7588 (0.7588)  loss_giou_aux_1: 0.7451 (0.7451)  loss_giou_aux_2: 0.8392 (0.8392)  loss_giou_dn_0: 0.6312 (0.6312)  loss_giou_dn_1: 0.5623 (0.5623)  loss_giou_dn_2: 0.5557 (0.5557)  loss_vfl: 0.6030 (0.6030)  loss_vfl_aux_0: 0.6316 (0.6316)  loss_vfl_aux_1: 0.6328 (0.6328)  loss_vfl_aux_2: 0.6116 (0.6116)  loss_vfl_dn_0: 0.4746 (0.4746)  loss_vfl_dn_1: 0.4287 (0.4287)  loss_vfl_dn_2: 0.4200 (0.4200)  time: 5.9790  data: 4.6215  max mem: 8529
Epoch: [68]  [100/809]  eta: 0:11:33  lr: 0.000010  loss: 9.5167 (9.5045)  loss_bbox: 0.0728 (0.0806)  loss_bbox_aux_0: 0.0775 (0.0851)  loss_bbox_aux_1: 0.0735 (0.0823)  loss_bbox_aux_2: 0.0891 (0.0964)  loss_bbox_dn_0: 0.0467 (0.0491)  loss_bbox_dn_1: 0.0386 (0.0408)  loss_bbox_dn_2: 0.0378 (0.0399)  loss_giou: 0.8451 (0.8856)  loss_giou_aux_0: 0.8786 (0.9203)  loss_giou_aux_1: 0.8451 (0.8939)  loss_giou_aux_2: 0.9280 (0.9730)  loss_giou_dn_0: 0.6722 (0.7066)  loss_giou_dn_1: 0.5996 (0.6291)  loss_giou_dn_2: 0.5940 (0.6200)  loss_vfl: 0.5291 (0.5086)  loss_vfl_aux_0: 0.5420 (0.5201)  loss_vfl_aux_1: 0.5337 (0.5152)  loss_vfl_aux_2: 0.5444 (0.5153)  loss_vfl_dn_0: 0.4727 (0.4711)  loss_vfl_dn_1: 0.4412 (0.4389)  loss_vfl_dn_2: 0.4344 (0.4324)  time: 0.9065  data: 0.0356  max mem: 8529
Epoch: [68]  [200/809]  eta: 0:09:41  lr: 0.000010  loss: 10.0842 (9.5677)  loss_bbox: 0.0849 (0.0811)  loss_bbox_aux_0: 0.0890 (0.0858)  loss_bbox_aux_1: 0.0864 (0.0829)  loss_bbox_aux_2: 0.0959 (0.0969)  loss_bbox_dn_0: 0.0470 (0.0482)  loss_bbox_dn_1: 0.0408 (0.0400)  loss_bbox_dn_2: 0.0401 (0.0392)  loss_giou: 0.9775 (0.9010)  loss_giou_aux_0: 1.0071 (0.9343)  loss_giou_aux_1: 0.9809 (0.9083)  loss_giou_aux_2: 1.0711 (0.9892)  loss_giou_dn_0: 0.7574 (0.7157)  loss_giou_dn_1: 0.6781 (0.6387)  loss_giou_dn_2: 0.6756 (0.6299)  loss_vfl: 0.4938 (0.5021)  loss_vfl_aux_0: 0.5035 (0.5138)  loss_vfl_aux_1: 0.4951 (0.5084)  loss_vfl_aux_2: 0.4905 (0.5075)  loss_vfl_dn_0: 0.4668 (0.4716)  loss_vfl_dn_1: 0.4390 (0.4396)  loss_vfl_dn_2: 0.4335 (0.4335)  time: 0.9342  data: 0.0364  max mem: 8529
Epoch: [68]  [300/809]  eta: 0:08:00  lr: 0.000010  loss: 9.8287 (9.5526)  loss_bbox: 0.0759 (0.0791)  loss_bbox_aux_0: 0.0804 (0.0836)  loss_bbox_aux_1: 0.0763 (0.0807)  loss_bbox_aux_2: 0.0976 (0.0949)  loss_bbox_dn_0: 0.0455 (0.0487)  loss_bbox_dn_1: 0.0359 (0.0405)  loss_bbox_dn_2: 0.0355 (0.0396)  loss_giou: 0.9885 (0.8960)  loss_giou_aux_0: 1.0311 (0.9288)  loss_giou_aux_1: 0.9843 (0.9033)  loss_giou_aux_2: 1.0763 (0.9835)  loss_giou_dn_0: 0.7514 (0.7157)  loss_giou_dn_1: 0.6765 (0.6395)  loss_giou_dn_2: 0.6687 (0.6306)  loss_vfl: 0.4956 (0.5044)  loss_vfl_aux_0: 0.4933 (0.5164)  loss_vfl_aux_1: 0.4977 (0.5106)  loss_vfl_aux_2: 0.4857 (0.5098)  loss_vfl_dn_0: 0.4718 (0.4723)  loss_vfl_dn_1: 0.4414 (0.4403)  loss_vfl_dn_2: 0.4336 (0.4341)  time: 0.9553  data: 0.0465  max mem: 8529
Epoch: [68]  [400/809]  eta: 0:06:24  lr: 0.000010  loss: 9.6303 (9.5776)  loss_bbox: 0.0785 (0.0796)  loss_bbox_aux_0: 0.0836 (0.0843)  loss_bbox_aux_1: 0.0808 (0.0812)  loss_bbox_aux_2: 0.0958 (0.0957)  loss_bbox_dn_0: 0.0494 (0.0489)  loss_bbox_dn_1: 0.0417 (0.0406)  loss_bbox_dn_2: 0.0402 (0.0397)  loss_giou: 0.9229 (0.9032)  loss_giou_aux_0: 0.9685 (0.9360)  loss_giou_aux_1: 0.9349 (0.9105)  loss_giou_aux_2: 1.0267 (0.9898)  loss_giou_dn_0: 0.7263 (0.7194)  loss_giou_dn_1: 0.6529 (0.6436)  loss_giou_dn_2: 0.6434 (0.6348)  loss_vfl: 0.4868 (0.5005)  loss_vfl_aux_0: 0.4844 (0.5123)  loss_vfl_aux_1: 0.4816 (0.5065)  loss_vfl_aux_2: 0.4792 (0.5058)  loss_vfl_dn_0: 0.4661 (0.4713)  loss_vfl_dn_1: 0.4365 (0.4400)  loss_vfl_dn_2: 0.4323 (0.4340)  time: 0.8713  data: 0.0319  max mem: 8529
Epoch: [68]  [500/809]  eta: 0:04:49  lr: 0.000010  loss: 9.0730 (9.5518)  loss_bbox: 0.0632 (0.0795)  loss_bbox_aux_0: 0.0696 (0.0840)  loss_bbox_aux_1: 0.0648 (0.0810)  loss_bbox_aux_2: 0.0788 (0.0954)  loss_bbox_dn_0: 0.0437 (0.0491)  loss_bbox_dn_1: 0.0360 (0.0408)  loss_bbox_dn_2: 0.0355 (0.0399)  loss_giou: 0.8271 (0.8991)  loss_giou_aux_0: 0.8567 (0.9315)  loss_giou_aux_1: 0.8292 (0.9062)  loss_giou_aux_2: 0.9249 (0.9857)  loss_giou_dn_0: 0.6759 (0.7179)  loss_giou_dn_1: 0.6100 (0.6420)  loss_giou_dn_2: 0.6016 (0.6331)  loss_vfl: 0.5061 (0.4998)  loss_vfl_aux_0: 0.5120 (0.5116)  loss_vfl_aux_1: 0.5106 (0.5059)  loss_vfl_aux_2: 0.5039 (0.5053)  loss_vfl_dn_0: 0.4657 (0.4707)  loss_vfl_dn_1: 0.4415 (0.4396)  loss_vfl_dn_2: 0.4337 (0.4336)  time: 0.8955  data: 0.0333  max mem: 8529
Epoch: [68]  [600/809]  eta: 0:03:15  lr: 0.000010  loss: 9.1664 (9.5235)  loss_bbox: 0.0641 (0.0790)  loss_bbox_aux_0: 0.0680 (0.0833)  loss_bbox_aux_1: 0.0665 (0.0804)  loss_bbox_aux_2: 0.0800 (0.0947)  loss_bbox_dn_0: 0.0476 (0.0492)  loss_bbox_dn_1: 0.0402 (0.0408)  loss_bbox_dn_2: 0.0393 (0.0398)  loss_giou: 0.8156 (0.8939)  loss_giou_aux_0: 0.8564 (0.9262)  loss_giou_aux_1: 0.8368 (0.9010)  loss_giou_aux_2: 0.9368 (0.9807)  loss_giou_dn_0: 0.6777 (0.7161)  loss_giou_dn_1: 0.6017 (0.6398)  loss_giou_dn_2: 0.5884 (0.6309)  loss_vfl: 0.5221 (0.5002)  loss_vfl_aux_0: 0.5253 (0.5119)  loss_vfl_aux_1: 0.5179 (0.5062)  loss_vfl_aux_2: 0.5283 (0.5056)  loss_vfl_dn_0: 0.4703 (0.4707)  loss_vfl_dn_1: 0.4398 (0.4394)  loss_vfl_dn_2: 0.4347 (0.4335)  time: 0.9037  data: 0.0338  max mem: 8529
Epoch: [68]  [700/809]  eta: 0:01:41  lr: 0.000010  loss: 9.4304 (9.5358)  loss_bbox: 0.0724 (0.0787)  loss_bbox_aux_0: 0.0749 (0.0831)  loss_bbox_aux_1: 0.0729 (0.0802)  loss_bbox_aux_2: 0.0888 (0.0949)  loss_bbox_dn_0: 0.0499 (0.0491)  loss_bbox_dn_1: 0.0408 (0.0408)  loss_bbox_dn_2: 0.0392 (0.0398)  loss_giou: 0.9049 (0.8970)  loss_giou_aux_0: 0.9486 (0.9298)  loss_giou_aux_1: 0.9230 (0.9040)  loss_giou_aux_2: 1.0166 (0.9839)  loss_giou_dn_0: 0.7259 (0.7174)  loss_giou_dn_1: 0.6511 (0.6411)  loss_giou_dn_2: 0.6481 (0.6323)  loss_vfl: 0.4707 (0.4996)  loss_vfl_aux_0: 0.4869 (0.5108)  loss_vfl_aux_1: 0.4799 (0.5053)  loss_vfl_aux_2: 0.4766 (0.5043)  loss_vfl_dn_0: 0.4684 (0.4707)  loss_vfl_dn_1: 0.4376 (0.4394)  loss_vfl_dn_2: 0.4326 (0.4335)  time: 0.8623  data: 0.0298  max mem: 8529
Epoch: [68]  [800/809]  eta: 0:00:08  lr: 0.000010  loss: 9.2503 (9.5410)  loss_bbox: 0.0784 (0.0792)  loss_bbox_aux_0: 0.0837 (0.0836)  loss_bbox_aux_1: 0.0811 (0.0807)  loss_bbox_aux_2: 0.0940 (0.0953)  loss_bbox_dn_0: 0.0487 (0.0491)  loss_bbox_dn_1: 0.0415 (0.0408)  loss_bbox_dn_2: 0.0401 (0.0398)  loss_giou: 0.8278 (0.8993)  loss_giou_aux_0: 0.8396 (0.9321)  loss_giou_aux_1: 0.8303 (0.9064)  loss_giou_aux_2: 0.8670 (0.9861)  loss_giou_dn_0: 0.7135 (0.7180)  loss_giou_dn_1: 0.6249 (0.6420)  loss_giou_dn_2: 0.6131 (0.6331)  loss_vfl: 0.4976 (0.4980)  loss_vfl_aux_0: 0.5093 (0.5090)  loss_vfl_aux_1: 0.5095 (0.5036)  loss_vfl_aux_2: 0.5215 (0.5027)  loss_vfl_dn_0: 0.4648 (0.4703)  loss_vfl_dn_1: 0.4360 (0.4390)  loss_vfl_dn_2: 0.4285 (0.4332)  time: 0.9097  data: 0.0360  max mem: 8529
Epoch: [68]  [808/809]  eta: 0:00:00  lr: 0.000010  loss: 9.2869 (9.5436)  loss_bbox: 0.0683 (0.0792)  loss_bbox_aux_0: 0.0768 (0.0836)  loss_bbox_aux_1: 0.0713 (0.0807)  loss_bbox_aux_2: 0.0862 (0.0954)  loss_bbox_dn_0: 0.0445 (0.0490)  loss_bbox_dn_1: 0.0369 (0.0407)  loss_bbox_dn_2: 0.0365 (0.0397)  loss_giou: 0.8496 (0.8999)  loss_giou_aux_0: 0.8868 (0.9329)  loss_giou_aux_1: 0.8613 (0.9070)  loss_giou_aux_2: 0.9638 (0.9870)  loss_giou_dn_0: 0.7135 (0.7182)  loss_giou_dn_1: 0.6375 (0.6423)  loss_giou_dn_2: 0.6298 (0.6334)  loss_vfl: 0.4976 (0.4977)  loss_vfl_aux_0: 0.5067 (0.5086)  loss_vfl_aux_1: 0.5094 (0.5033)  loss_vfl_aux_2: 0.5013 (0.5023)  loss_vfl_dn_0: 0.4689 (0.4703)  loss_vfl_dn_1: 0.4390 (0.4391)  loss_vfl_dn_2: 0.4309 (0.4332)  time: 0.8009  data: 0.0300  max mem: 8529
Epoch: [68] Total time: 0:12:30 (0.9271 s / it)
Averaged stats: lr: 0.000010  loss: 9.2869 (9.5436)  loss_bbox: 0.0683 (0.0792)  loss_bbox_aux_0: 0.0768 (0.0836)  loss_bbox_aux_1: 0.0713 (0.0807)  loss_bbox_aux_2: 0.0862 (0.0954)  loss_bbox_dn_0: 0.0445 (0.0490)  loss_bbox_dn_1: 0.0369 (0.0407)  loss_bbox_dn_2: 0.0365 (0.0397)  loss_giou: 0.8496 (0.8999)  loss_giou_aux_0: 0.8868 (0.9329)  loss_giou_aux_1: 0.8613 (0.9070)  loss_giou_aux_2: 0.9638 (0.9870)  loss_giou_dn_0: 0.7135 (0.7182)  loss_giou_dn_1: 0.6375 (0.6423)  loss_giou_dn_2: 0.6298 (0.6334)  loss_vfl: 0.4976 (0.4977)  loss_vfl_aux_0: 0.5067 (0.5086)  loss_vfl_aux_1: 0.5094 (0.5033)  loss_vfl_aux_2: 0.5013 (0.5023)  loss_vfl_dn_0: 0.4689 (0.4703)  loss_vfl_dn_1: 0.4390 (0.4391)  loss_vfl_dn_2: 0.4309 (0.4332)
Test:  [ 0/69]  eta: 0:01:45    time: 1.5247  data: 0.9887  max mem: 8529
Test:  [10/69]  eta: 0:00:38    time: 0.6577  data: 0.1072  max mem: 8529
Test:  [20/69]  eta: 0:00:33    time: 0.6416  data: 0.0194  max mem: 8529
Test:  [30/69]  eta: 0:00:25    time: 0.6409  data: 0.0202  max mem: 8529
Test:  [40/69]  eta: 0:00:18    time: 0.5577  data: 0.0209  max mem: 8529
Test:  [50/69]  eta: 0:00:11    time: 0.5142  data: 0.0207  max mem: 8529
Test:  [60/69]  eta: 0:00:05    time: 0.4866  data: 0.0209  max mem: 8529
Test:  [68/69]  eta: 0:00:00    time: 0.5111  data: 0.0202  max mem: 8529
Test: Total time: 0:00:39 (0.5760 s / it)
Averaged stats: 
Accumulating evaluation results...
DONE (t=2.00s).
IoU metric: bbox
 Average Precision  (AP) @[ IoU=0.50:0.95 | area=   all | maxDets=100 ] = 0.234
 Average Precision  (AP) @[ IoU=0.50      | area=   all | maxDets=100 ] = 0.388
 Average Precision  (AP) @[ IoU=0.75      | area=   all | maxDets=100 ] = 0.240
 Average Precision  (AP) @[ IoU=0.50:0.95 | area= small | maxDets=100 ] = 0.152
 Average Precision  (AP) @[ IoU=0.50:0.95 | area=medium | maxDets=100 ] = 0.328
 Average Precision  (AP) @[ IoU=0.50:0.95 | area= large | maxDets=100 ] = 0.404
 Average Recall     (AR) @[ IoU=0.50:0.95 | area=   all | maxDets=  1 ] = 0.102
 Average Recall     (AR) @[ IoU=0.50:0.95 | area=   all | maxDets= 10 ] = 0.290
 Average Recall     (AR) @[ IoU=0.50:0.95 | area=   all | maxDets=100 ] = 0.388
 Average Recall     (AR) @[ IoU=0.50:0.95 | area= small | maxDets=100 ] = 0.299
 Average Recall     (AR) @[ IoU=0.50:0.95 | area=medium | maxDets=100 ] = 0.503
 Average Recall     (AR) @[ IoU=0.50:0.95 | area= large | maxDets=100 ] = 0.595
best_stat:  {'epoch': 67, 'coco_eval_bbox': 0.23391304248779757}
Epoch: [69]  [  0/809]  eta: 1:21:30  lr: 0.000010  loss: 9.4699 (9.4699)  loss_bbox: 0.0511 (0.0511)  loss_bbox_aux_0: 0.0547 (0.0547)  loss_bbox_aux_1: 0.0503 (0.0503)  loss_bbox_aux_2: 0.0660 (0.0660)  loss_bbox_dn_0: 0.0347 (0.0347)  loss_bbox_dn_1: 0.0276 (0.0276)  loss_bbox_dn_2: 0.0274 (0.0274)  loss_giou: 0.8899 (0.8899)  loss_giou_aux_0: 0.9287 (0.9287)  loss_giou_aux_1: 0.9026 (0.9026)  loss_giou_aux_2: 1.0155 (1.0155)  loss_giou_dn_0: 0.7219 (0.7219)  loss_giou_dn_1: 0.6452 (0.6452)  loss_giou_dn_2: 0.6387 (0.6387)  loss_vfl: 0.5165 (0.5165)  loss_vfl_aux_0: 0.5105 (0.5105)  loss_vfl_aux_1: 0.5200 (0.5200)  loss_vfl_aux_2: 0.4811 (0.4811)  loss_vfl_dn_0: 0.4841 (0.4841)  loss_vfl_dn_1: 0.4547 (0.4547)  loss_vfl_dn_2: 0.4487 (0.4487)  time: 6.0450  data: 4.4642  max mem: 8529
Epoch: [69]  [100/809]  eta: 0:11:34  lr: 0.000010  loss: 9.5115 (9.5067)  loss_bbox: 0.0731 (0.0768)  loss_bbox_aux_0: 0.0778 (0.0818)  loss_bbox_aux_1: 0.0754 (0.0784)  loss_bbox_aux_2: 0.0930 (0.0943)  loss_bbox_dn_0: 0.0439 (0.0490)  loss_bbox_dn_1: 0.0374 (0.0407)  loss_bbox_dn_2: 0.0361 (0.0396)  loss_giou: 0.8708 (0.8939)  loss_giou_aux_0: 0.9090 (0.9305)  loss_giou_aux_1: 0.8708 (0.9025)  loss_giou_aux_2: 0.9808 (0.9827)  loss_giou_dn_0: 0.7155 (0.7177)  loss_giou_dn_1: 0.6444 (0.6432)  loss_giou_dn_2: 0.6393 (0.6330)  loss_vfl: 0.5060 (0.4941)  loss_vfl_aux_0: 0.5078 (0.5060)  loss_vfl_aux_1: 0.5013 (0.4998)  loss_vfl_aux_2: 0.4919 (0.5007)  loss_vfl_dn_0: 0.4703 (0.4701)  loss_vfl_dn_1: 0.4380 (0.4389)  loss_vfl_dn_2: 0.4324 (0.4328)  time: 0.9774  data: 0.0427  max mem: 8529
Epoch: [69]  [200/809]  eta: 0:09:34  lr: 0.000010  loss: 9.6652 (9.5848)  loss_bbox: 0.0788 (0.0815)  loss_bbox_aux_0: 0.0843 (0.0869)  loss_bbox_aux_1: 0.0797 (0.0832)  loss_bbox_aux_2: 0.0975 (0.0996)  loss_bbox_dn_0: 0.0462 (0.0485)  loss_bbox_dn_1: 0.0401 (0.0403)  loss_bbox_dn_2: 0.0396 (0.0393)  loss_giou: 0.9793 (0.9103)  loss_giou_aux_0: 1.0104 (0.9464)  loss_giou_aux_1: 0.9968 (0.9189)  loss_giou_aux_2: 1.0538 (1.0000)  loss_giou_dn_0: 0.7461 (0.7195)  loss_giou_dn_1: 0.6502 (0.6442)  loss_giou_dn_2: 0.6413 (0.6343)  loss_vfl: 0.4806 (0.4923)  loss_vfl_aux_0: 0.4716 (0.5031)  loss_vfl_aux_1: 0.4811 (0.4982)  loss_vfl_aux_2: 0.4705 (0.4968)  loss_vfl_dn_0: 0.4718 (0.4698)  loss_vfl_dn_1: 0.4417 (0.4387)  loss_vfl_dn_2: 0.4333 (0.4328)  time: 0.9419  data: 0.0428  max mem: 8529
Epoch: [69]  [300/809]  eta: 0:07:55  lr: 0.000010  loss: 9.7907 (9.5835)  loss_bbox: 0.0822 (0.0806)  loss_bbox_aux_0: 0.0882 (0.0854)  loss_bbox_aux_1: 0.0834 (0.0821)  loss_bbox_aux_2: 0.0970 (0.0981)  loss_bbox_dn_0: 0.0500 (0.0491)  loss_bbox_dn_1: 0.0404 (0.0409)  loss_bbox_dn_2: 0.0391 (0.0399)  loss_giou: 0.9262 (0.9067)  loss_giou_aux_0: 0.9512 (0.9416)  loss_giou_aux_1: 0.9358 (0.9152)  loss_giou_aux_2: 1.0004 (0.9953)  loss_giou_dn_0: 0.7047 (0.7192)  loss_giou_dn_1: 0.6284 (0.6439)  loss_giou_dn_2: 0.6227 (0.6344)  loss_vfl: 0.4866 (0.4962)  loss_vfl_aux_0: 0.4967 (0.5070)  loss_vfl_aux_1: 0.4939 (0.5026)  loss_vfl_aux_2: 0.4988 (0.5007)  loss_vfl_dn_0: 0.4703 (0.4709)  loss_vfl_dn_1: 0.4415 (0.4399)  loss_vfl_dn_2: 0.4359 (0.4337)  time: 0.9176  data: 0.0502  max mem: 8529
Epoch: [69]  [400/809]  eta: 0:06:21  lr: 0.000010  loss: 9.5119 (9.5676)  loss_bbox: 0.0687 (0.0803)  loss_bbox_aux_0: 0.0719 (0.0852)  loss_bbox_aux_1: 0.0718 (0.0818)  loss_bbox_aux_2: 0.0807 (0.0977)  loss_bbox_dn_0: 0.0469 (0.0493)  loss_bbox_dn_1: 0.0391 (0.0410)  loss_bbox_dn_2: 0.0387 (0.0400)  loss_giou: 0.9122 (0.9033)  loss_giou_aux_0: 0.9382 (0.9385)  loss_giou_aux_1: 0.9153 (0.9120)  loss_giou_aux_2: 0.9797 (0.9913)  loss_giou_dn_0: 0.7037 (0.7177)  loss_giou_dn_1: 0.6548 (0.6424)  loss_giou_dn_2: 0.6472 (0.6328)  loss_vfl: 0.4895 (0.4972)  loss_vfl_aux_0: 0.5001 (0.5079)  loss_vfl_aux_1: 0.4952 (0.5032)  loss_vfl_aux_2: 0.4967 (0.5021)  loss_vfl_dn_0: 0.4717 (0.4708)  loss_vfl_dn_1: 0.4377 (0.4395)  loss_vfl_dn_2: 0.4332 (0.4335)  time: 0.9473  data: 0.0419  max mem: 8529
Epoch: [69]  [500/809]  eta: 0:04:47  lr: 0.000010  loss: 9.4146 (9.5679)  loss_bbox: 0.0763 (0.0804)  loss_bbox_aux_0: 0.0865 (0.0853)  loss_bbox_aux_1: 0.0808 (0.0819)  loss_bbox_aux_2: 0.0926 (0.0979)  loss_bbox_dn_0: 0.0500 (0.0489)  loss_bbox_dn_1: 0.0420 (0.0406)  loss_bbox_dn_2: 0.0406 (0.0396)  loss_giou: 0.8914 (0.9050)  loss_giou_aux_0: 0.9118 (0.9405)  loss_giou_aux_1: 0.8888 (0.9137)  loss_giou_aux_2: 0.9605 (0.9929)  loss_giou_dn_0: 0.7041 (0.7185)  loss_giou_dn_1: 0.6394 (0.6433)  loss_giou_dn_2: 0.6315 (0.6339)  loss_vfl: 0.4985 (0.4954)  loss_vfl_aux_0: 0.4999 (0.5060)  loss_vfl_aux_1: 0.5020 (0.5013)  loss_vfl_aux_2: 0.5093 (0.4999)  loss_vfl_dn_0: 0.4711 (0.4704)  loss_vfl_dn_1: 0.4391 (0.4392)  loss_vfl_dn_2: 0.4330 (0.4332)  time: 0.8796  data: 0.0359  max mem: 8529
Epoch: [69]  [600/809]  eta: 0:03:14  lr: 0.000010  loss: 9.5293 (9.5687)  loss_bbox: 0.0722 (0.0809)  loss_bbox_aux_0: 0.0784 (0.0858)  loss_bbox_aux_1: 0.0746 (0.0824)  loss_bbox_aux_2: 0.0916 (0.0983)  loss_bbox_dn_0: 0.0441 (0.0490)  loss_bbox_dn_1: 0.0377 (0.0407)  loss_bbox_dn_2: 0.0374 (0.0397)  loss_giou: 0.8643 (0.9049)  loss_giou_aux_0: 0.9102 (0.9403)  loss_giou_aux_1: 0.8826 (0.9136)  loss_giou_aux_2: 0.9575 (0.9923)  loss_giou_dn_0: 0.7203 (0.7179)  loss_giou_dn_1: 0.6407 (0.6429)  loss_giou_dn_2: 0.6326 (0.6334)  loss_vfl: 0.5198 (0.4958)  loss_vfl_aux_0: 0.5232 (0.5063)  loss_vfl_aux_1: 0.5206 (0.5017)  loss_vfl_aux_2: 0.5118 (0.5002)  loss_vfl_dn_0: 0.4709 (0.4703)  loss_vfl_dn_1: 0.4397 (0.4392)  loss_vfl_dn_2: 0.4337 (0.4332)  time: 0.8964  data: 0.0388  max mem: 8529
Epoch: [69]  [700/809]  eta: 0:01:41  lr: 0.000010  loss: 9.3957 (9.5662)  loss_bbox: 0.0683 (0.0807)  loss_bbox_aux_0: 0.0746 (0.0856)  loss_bbox_aux_1: 0.0692 (0.0822)  loss_bbox_aux_2: 0.0870 (0.0980)  loss_bbox_dn_0: 0.0470 (0.0491)  loss_bbox_dn_1: 0.0392 (0.0407)  loss_bbox_dn_2: 0.0374 (0.0397)  loss_giou: 0.8894 (0.9034)  loss_giou_aux_0: 0.9430 (0.9388)  loss_giou_aux_1: 0.9053 (0.9122)  loss_giou_aux_2: 1.0169 (0.9915)  loss_giou_dn_0: 0.7188 (0.7177)  loss_giou_dn_1: 0.6394 (0.6425)  loss_giou_dn_2: 0.6278 (0.6331)  loss_vfl: 0.4943 (0.4970)  loss_vfl_aux_0: 0.4974 (0.5073)  loss_vfl_aux_1: 0.4899 (0.5027)  loss_vfl_aux_2: 0.4799 (0.5009)  loss_vfl_dn_0: 0.4680 (0.4704)  loss_vfl_dn_1: 0.4336 (0.4392)  loss_vfl_dn_2: 0.4325 (0.4332)  time: 0.9550  data: 0.0418  max mem: 8529
Epoch: [69]  [800/809]  eta: 0:00:08  lr: 0.000010  loss: 9.4002 (9.5614)  loss_bbox: 0.0677 (0.0803)  loss_bbox_aux_0: 0.0716 (0.0852)  loss_bbox_aux_1: 0.0689 (0.0818)  loss_bbox_aux_2: 0.0810 (0.0976)  loss_bbox_dn_0: 0.0450 (0.0490)  loss_bbox_dn_1: 0.0360 (0.0407)  loss_bbox_dn_2: 0.0353 (0.0397)  loss_giou: 0.8608 (0.9026)  loss_giou_aux_0: 0.8849 (0.9379)  loss_giou_aux_1: 0.8660 (0.9114)  loss_giou_aux_2: 0.9398 (0.9909)  loss_giou_dn_0: 0.6990 (0.7175)  loss_giou_dn_1: 0.6240 (0.6423)  loss_giou_dn_2: 0.6147 (0.6329)  loss_vfl: 0.4933 (0.4973)  loss_vfl_aux_0: 0.4924 (0.5076)  loss_vfl_aux_1: 0.4939 (0.5030)  loss_vfl_aux_2: 0.4915 (0.5012)  loss_vfl_dn_0: 0.4666 (0.4703)  loss_vfl_dn_1: 0.4364 (0.4390)  loss_vfl_dn_2: 0.4279 (0.4330)  time: 0.9217  data: 0.0349  max mem: 8529
Epoch: [69]  [808/809]  eta: 0:00:00  lr: 0.000010  loss: 9.6044 (9.5687)  loss_bbox: 0.0737 (0.0805)  loss_bbox_aux_0: 0.0789 (0.0854)  loss_bbox_aux_1: 0.0752 (0.0820)  loss_bbox_aux_2: 0.0938 (0.0978)  loss_bbox_dn_0: 0.0459 (0.0490)  loss_bbox_dn_1: 0.0382 (0.0407)  loss_bbox_dn_2: 0.0375 (0.0397)  loss_giou: 0.9196 (0.9045)  loss_giou_aux_0: 0.9421 (0.9398)  loss_giou_aux_1: 0.9232 (0.9132)  loss_giou_aux_2: 0.9749 (0.9927)  loss_giou_dn_0: 0.7379 (0.7181)  loss_giou_dn_1: 0.6709 (0.6429)  loss_giou_dn_2: 0.6689 (0.6335)  loss_vfl: 0.4883 (0.4967)  loss_vfl_aux_0: 0.4833 (0.5070)  loss_vfl_aux_1: 0.4899 (0.5024)  loss_vfl_aux_2: 0.4915 (0.5006)  loss_vfl_dn_0: 0.4679 (0.4703)  loss_vfl_dn_1: 0.4387 (0.4390)  loss_vfl_dn_2: 0.4313 (0.4330)  time: 0.7806  data: 0.0307  max mem: 8529
Epoch: [69] Total time: 0:12:29 (0.9259 s / it)
Averaged stats: lr: 0.000010  loss: 9.6044 (9.5687)  loss_bbox: 0.0737 (0.0805)  loss_bbox_aux_0: 0.0789 (0.0854)  loss_bbox_aux_1: 0.0752 (0.0820)  loss_bbox_aux_2: 0.0938 (0.0978)  loss_bbox_dn_0: 0.0459 (0.0490)  loss_bbox_dn_1: 0.0382 (0.0407)  loss_bbox_dn_2: 0.0375 (0.0397)  loss_giou: 0.9196 (0.9045)  loss_giou_aux_0: 0.9421 (0.9398)  loss_giou_aux_1: 0.9232 (0.9132)  loss_giou_aux_2: 0.9749 (0.9927)  loss_giou_dn_0: 0.7379 (0.7181)  loss_giou_dn_1: 0.6709 (0.6429)  loss_giou_dn_2: 0.6689 (0.6335)  loss_vfl: 0.4883 (0.4967)  loss_vfl_aux_0: 0.4833 (0.5070)  loss_vfl_aux_1: 0.4899 (0.5024)  loss_vfl_aux_2: 0.4915 (0.5006)  loss_vfl_dn_0: 0.4679 (0.4703)  loss_vfl_dn_1: 0.4387 (0.4390)  loss_vfl_dn_2: 0.4313 (0.4330)
Test:  [ 0/69]  eta: 0:01:25    time: 1.2395  data: 0.6943  max mem: 8529
Test:  [10/69]  eta: 0:00:38    time: 0.6444  data: 0.0781  max mem: 8529
Test:  [20/69]  eta: 0:00:30    time: 0.6012  data: 0.0188  max mem: 8529
Test:  [30/69]  eta: 0:00:24    time: 0.6281  data: 0.0205  max mem: 8529
Test:  [40/69]  eta: 0:00:17    time: 0.5918  data: 0.0199  max mem: 8529
Test:  [50/69]  eta: 0:00:11    time: 0.5168  data: 0.0202  max mem: 8529
Test:  [60/69]  eta: 0:00:05    time: 0.5007  data: 0.0202  max mem: 8529
Test:  [68/69]  eta: 0:00:00    time: 0.5159  data: 0.0199  max mem: 8529
Test: Total time: 0:00:39 (0.5724 s / it)
Averaged stats: 
Accumulating evaluation results...
DONE (t=2.05s).
IoU metric: bbox
 Average Precision  (AP) @[ IoU=0.50:0.95 | area=   all | maxDets=100 ] = 0.234
 Average Precision  (AP) @[ IoU=0.50      | area=   all | maxDets=100 ] = 0.389
 Average Precision  (AP) @[ IoU=0.75      | area=   all | maxDets=100 ] = 0.239
 Average Precision  (AP) @[ IoU=0.50:0.95 | area= small | maxDets=100 ] = 0.152
 Average Precision  (AP) @[ IoU=0.50:0.95 | area=medium | maxDets=100 ] = 0.329
 Average Precision  (AP) @[ IoU=0.50:0.95 | area= large | maxDets=100 ] = 0.404
 Average Recall     (AR) @[ IoU=0.50:0.95 | area=   all | maxDets=  1 ] = 0.102
 Average Recall     (AR) @[ IoU=0.50:0.95 | area=   all | maxDets= 10 ] = 0.291
 Average Recall     (AR) @[ IoU=0.50:0.95 | area=   all | maxDets=100 ] = 0.388
 Average Recall     (AR) @[ IoU=0.50:0.95 | area= small | maxDets=100 ] = 0.299
 Average Recall     (AR) @[ IoU=0.50:0.95 | area=medium | maxDets=100 ] = 0.504
 Average Recall     (AR) @[ IoU=0.50:0.95 | area= large | maxDets=100 ] = 0.593
best_stat:  {'epoch': 69, 'coco_eval_bbox': 0.23412456880499}
Epoch: [70]  [  0/809]  eta: 1:17:40  lr: 0.000010  loss: 8.7269 (8.7269)  loss_bbox: 0.0701 (0.0701)  loss_bbox_aux_0: 0.0753 (0.0753)  loss_bbox_aux_1: 0.0717 (0.0717)  loss_bbox_aux_2: 0.0875 (0.0875)  loss_bbox_dn_0: 0.0526 (0.0526)  loss_bbox_dn_1: 0.0439 (0.0439)  loss_bbox_dn_2: 0.0423 (0.0423)  loss_giou: 0.7365 (0.7365)  loss_giou_aux_0: 0.7750 (0.7750)  loss_giou_aux_1: 0.7474 (0.7474)  loss_giou_aux_2: 0.8312 (0.8312)  loss_giou_dn_0: 0.6774 (0.6774)  loss_giou_dn_1: 0.6051 (0.6051)  loss_giou_dn_2: 0.6009 (0.6009)  loss_vfl: 0.5017 (0.5017)  loss_vfl_aux_0: 0.5042 (0.5042)  loss_vfl_aux_1: 0.5010 (0.5010)  loss_vfl_aux_2: 0.5013 (0.5013)  loss_vfl_dn_0: 0.4554 (0.4554)  loss_vfl_dn_1: 0.4264 (0.4264)  loss_vfl_dn_2: 0.4200 (0.4200)  time: 5.7604  data: 4.5081  max mem: 8529
Epoch: [70]  [100/809]  eta: 0:11:35  lr: 0.000010  loss: 9.3986 (9.4240)  loss_bbox: 0.0754 (0.0774)  loss_bbox_aux_0: 0.0779 (0.0827)  loss_bbox_aux_1: 0.0768 (0.0790)  loss_bbox_aux_2: 0.0869 (0.0944)  loss_bbox_dn_0: 0.0460 (0.0479)  loss_bbox_dn_1: 0.0380 (0.0396)  loss_bbox_dn_2: 0.0375 (0.0386)  loss_giou: 0.8921 (0.8842)  loss_giou_aux_0: 0.9313 (0.9183)  loss_giou_aux_1: 0.8997 (0.8934)  loss_giou_aux_2: 0.9871 (0.9732)  loss_giou_dn_0: 0.7151 (0.7120)  loss_giou_dn_1: 0.6390 (0.6358)  loss_giou_dn_2: 0.6310 (0.6268)  loss_vfl: 0.4817 (0.4907)  loss_vfl_aux_0: 0.4901 (0.5003)  loss_vfl_aux_1: 0.4858 (0.4953)  loss_vfl_aux_2: 0.4984 (0.4964)  loss_vfl_dn_0: 0.4684 (0.4698)  loss_vfl_dn_1: 0.4382 (0.4374)  loss_vfl_dn_2: 0.4313 (0.4310)  time: 0.9711  data: 0.0363  max mem: 8529
Epoch: [70]  [200/809]  eta: 0:09:37  lr: 0.000010  loss: 8.7658 (9.4326)  loss_bbox: 0.0647 (0.0772)  loss_bbox_aux_0: 0.0677 (0.0819)  loss_bbox_aux_1: 0.0656 (0.0787)  loss_bbox_aux_2: 0.0873 (0.0936)  loss_bbox_dn_0: 0.0517 (0.0478)  loss_bbox_dn_1: 0.0399 (0.0394)  loss_bbox_dn_2: 0.0394 (0.0384)  loss_giou: 0.7424 (0.8840)  loss_giou_aux_0: 0.7817 (0.9178)  loss_giou_aux_1: 0.7440 (0.8928)  loss_giou_aux_2: 0.8265 (0.9721)  loss_giou_dn_0: 0.6547 (0.7091)  loss_giou_dn_1: 0.5696 (0.6328)  loss_giou_dn_2: 0.5603 (0.6237)  loss_vfl: 0.5234 (0.4960)  loss_vfl_aux_0: 0.5459 (0.5062)  loss_vfl_aux_1: 0.5276 (0.5007)  loss_vfl_aux_2: 0.5424 (0.5021)  loss_vfl_dn_0: 0.4706 (0.4699)  loss_vfl_dn_1: 0.4355 (0.4375)  loss_vfl_dn_2: 0.4329 (0.4310)  time: 0.9218  data: 0.0404  max mem: 8529
Epoch: [70]  [300/809]  eta: 0:07:58  lr: 0.000010  loss: 9.3280 (9.4830)  loss_bbox: 0.0658 (0.0795)  loss_bbox_aux_0: 0.0712 (0.0847)  loss_bbox_aux_1: 0.0673 (0.0812)  loss_bbox_aux_2: 0.0857 (0.0968)  loss_bbox_dn_0: 0.0443 (0.0486)  loss_bbox_dn_1: 0.0375 (0.0402)  loss_bbox_dn_2: 0.0372 (0.0392)  loss_giou: 0.8002 (0.8905)  loss_giou_aux_0: 0.8198 (0.9241)  loss_giou_aux_1: 0.7979 (0.8992)  loss_giou_aux_2: 0.9201 (0.9797)  loss_giou_dn_0: 0.7047 (0.7145)  loss_giou_dn_1: 0.6235 (0.6380)  loss_giou_dn_2: 0.6121 (0.6287)  loss_vfl: 0.4999 (0.4949)  loss_vfl_aux_0: 0.5134 (0.5052)  loss_vfl_aux_1: 0.4988 (0.4995)  loss_vfl_aux_2: 0.5035 (0.4998)  loss_vfl_dn_0: 0.4694 (0.4695)  loss_vfl_dn_1: 0.4365 (0.4378)  loss_vfl_dn_2: 0.4317 (0.4316)  time: 0.9300  data: 0.0358  max mem: 8529
Epoch: [70]  [400/809]  eta: 0:06:19  lr: 0.000010  loss: 9.4647 (9.4781)  loss_bbox: 0.0792 (0.0787)  loss_bbox_aux_0: 0.0824 (0.0834)  loss_bbox_aux_1: 0.0809 (0.0803)  loss_bbox_aux_2: 0.0915 (0.0953)  loss_bbox_dn_0: 0.0467 (0.0487)  loss_bbox_dn_1: 0.0390 (0.0404)  loss_bbox_dn_2: 0.0380 (0.0394)  loss_giou: 0.8618 (0.8882)  loss_giou_aux_0: 0.8977 (0.9214)  loss_giou_aux_1: 0.8651 (0.8967)  loss_giou_aux_2: 0.9446 (0.9765)  loss_giou_dn_0: 0.7174 (0.7124)  loss_giou_dn_1: 0.6330 (0.6361)  loss_giou_dn_2: 0.6222 (0.6269)  loss_vfl: 0.5117 (0.4977)  loss_vfl_aux_0: 0.5205 (0.5086)  loss_vfl_aux_1: 0.5173 (0.5026)  loss_vfl_aux_2: 0.5157 (0.5028)  loss_vfl_dn_0: 0.4768 (0.4707)  loss_vfl_dn_1: 0.4434 (0.4388)  loss_vfl_dn_2: 0.4371 (0.4325)  time: 0.9012  data: 0.0325  max mem: 8529
Epoch: [70]  [500/809]  eta: 0:04:47  lr: 0.000010  loss: 9.0267 (9.5063)  loss_bbox: 0.0611 (0.0787)  loss_bbox_aux_0: 0.0643 (0.0833)  loss_bbox_aux_1: 0.0615 (0.0803)  loss_bbox_aux_2: 0.0751 (0.0954)  loss_bbox_dn_0: 0.0444 (0.0485)  loss_bbox_dn_1: 0.0372 (0.0402)  loss_bbox_dn_2: 0.0363 (0.0392)  loss_giou: 0.7770 (0.8955)  loss_giou_aux_0: 0.8067 (0.9292)  loss_giou_aux_1: 0.7847 (0.9037)  loss_giou_aux_2: 0.8622 (0.9838)  loss_giou_dn_0: 0.6950 (0.7154)  loss_giou_dn_1: 0.6078 (0.6394)  loss_giou_dn_2: 0.6017 (0.6301)  loss_vfl: 0.5112 (0.4956)  loss_vfl_aux_0: 0.5208 (0.5061)  loss_vfl_aux_1: 0.5175 (0.5006)  loss_vfl_aux_2: 0.5305 (0.5003)  loss_vfl_dn_0: 0.4680 (0.4701)  loss_vfl_dn_1: 0.4355 (0.4385)  loss_vfl_dn_2: 0.4302 (0.4325)  time: 0.9366  data: 0.0391  max mem: 8529
Epoch: [70]  [600/809]  eta: 0:03:14  lr: 0.000010  loss: 9.6403 (9.5171)  loss_bbox: 0.0760 (0.0787)  loss_bbox_aux_0: 0.0783 (0.0834)  loss_bbox_aux_1: 0.0808 (0.0804)  loss_bbox_aux_2: 0.0923 (0.0955)  loss_bbox_dn_0: 0.0458 (0.0485)  loss_bbox_dn_1: 0.0359 (0.0402)  loss_bbox_dn_2: 0.0352 (0.0392)  loss_giou: 0.9176 (0.8974)  loss_giou_aux_0: 0.9389 (0.9306)  loss_giou_aux_1: 0.9272 (0.9051)  loss_giou_aux_2: 0.9975 (0.9854)  loss_giou_dn_0: 0.7151 (0.7159)  loss_giou_dn_1: 0.6347 (0.6398)  loss_giou_dn_2: 0.6262 (0.6305)  loss_vfl: 0.5001 (0.4961)  loss_vfl_aux_0: 0.5244 (0.5068)  loss_vfl_aux_1: 0.5071 (0.5011)  loss_vfl_aux_2: 0.4999 (0.5004)  loss_vfl_dn_0: 0.4683 (0.4703)  loss_vfl_dn_1: 0.4429 (0.4389)  loss_vfl_dn_2: 0.4377 (0.4328)  time: 0.9410  data: 0.0399  max mem: 8529
Epoch: [70]  [700/809]  eta: 0:01:41  lr: 0.000010  loss: 9.4520 (9.5262)  loss_bbox: 0.0707 (0.0787)  loss_bbox_aux_0: 0.0735 (0.0832)  loss_bbox_aux_1: 0.0730 (0.0804)  loss_bbox_aux_2: 0.0905 (0.0953)  loss_bbox_dn_0: 0.0469 (0.0486)  loss_bbox_dn_1: 0.0386 (0.0403)  loss_bbox_dn_2: 0.0376 (0.0393)  loss_giou: 0.8922 (0.8992)  loss_giou_aux_0: 0.9109 (0.9324)  loss_giou_aux_1: 0.8978 (0.9068)  loss_giou_aux_2: 0.9296 (0.9873)  loss_giou_dn_0: 0.7058 (0.7163)  loss_giou_dn_1: 0.6261 (0.6405)  loss_giou_dn_2: 0.6102 (0.6313)  loss_vfl: 0.4690 (0.4959)  loss_vfl_aux_0: 0.4845 (0.5069)  loss_vfl_aux_1: 0.4707 (0.5011)  loss_vfl_aux_2: 0.4766 (0.5006)  loss_vfl_dn_0: 0.4647 (0.4705)  loss_vfl_dn_1: 0.4294 (0.4389)  loss_vfl_dn_2: 0.4258 (0.4328)  time: 0.8978  data: 0.0338  max mem: 8529
Epoch: [70]  [800/809]  eta: 0:00:08  lr: 0.000010  loss: 9.0229 (9.5310)  loss_bbox: 0.0663 (0.0786)  loss_bbox_aux_0: 0.0691 (0.0832)  loss_bbox_aux_1: 0.0681 (0.0803)  loss_bbox_aux_2: 0.0783 (0.0954)  loss_bbox_dn_0: 0.0461 (0.0485)  loss_bbox_dn_1: 0.0373 (0.0402)  loss_bbox_dn_2: 0.0369 (0.0392)  loss_giou: 0.8488 (0.8995)  loss_giou_aux_0: 0.8927 (0.9326)  loss_giou_aux_1: 0.8682 (0.9070)  loss_giou_aux_2: 0.9632 (0.9873)  loss_giou_dn_0: 0.6944 (0.7163)  loss_giou_dn_1: 0.6112 (0.6407)  loss_giou_dn_2: 0.5975 (0.6316)  loss_vfl: 0.5004 (0.4967)  loss_vfl_aux_0: 0.5076 (0.5079)  loss_vfl_aux_1: 0.5028 (0.5020)  loss_vfl_aux_2: 0.4941 (0.5016)  loss_vfl_dn_0: 0.4678 (0.4705)  loss_vfl_dn_1: 0.4333 (0.4389)  loss_vfl_dn_2: 0.4286 (0.4328)  time: 0.9476  data: 0.0403  max mem: 8529
Epoch: [70]  [808/809]  eta: 0:00:00  lr: 0.000010  loss: 9.7903 (9.5386)  loss_bbox: 0.0720 (0.0788)  loss_bbox_aux_0: 0.0767 (0.0834)  loss_bbox_aux_1: 0.0750 (0.0805)  loss_bbox_aux_2: 0.0960 (0.0956)  loss_bbox_dn_0: 0.0412 (0.0485)  loss_bbox_dn_1: 0.0345 (0.0402)  loss_bbox_dn_2: 0.0332 (0.0391)  loss_giou: 0.9880 (0.9012)  loss_giou_aux_0: 1.0310 (0.9343)  loss_giou_aux_1: 0.9990 (0.9086)  loss_giou_aux_2: 1.0414 (0.9888)  loss_giou_dn_0: 0.7441 (0.7169)  loss_giou_dn_1: 0.6752 (0.6414)  loss_giou_dn_2: 0.6668 (0.6323)  loss_vfl: 0.4651 (0.4964)  loss_vfl_aux_0: 0.4696 (0.5075)  loss_vfl_aux_1: 0.4677 (0.5017)  loss_vfl_aux_2: 0.4786 (0.5012)  loss_vfl_dn_0: 0.4677 (0.4705)  loss_vfl_dn_1: 0.4335 (0.4389)  loss_vfl_dn_2: 0.4286 (0.4328)  time: 0.8375  data: 0.0320  max mem: 8529
Epoch: [70] Total time: 0:12:27 (0.9242 s / it)
Averaged stats: lr: 0.000010  loss: 9.7903 (9.5386)  loss_bbox: 0.0720 (0.0788)  loss_bbox_aux_0: 0.0767 (0.0834)  loss_bbox_aux_1: 0.0750 (0.0805)  loss_bbox_aux_2: 0.0960 (0.0956)  loss_bbox_dn_0: 0.0412 (0.0485)  loss_bbox_dn_1: 0.0345 (0.0402)  loss_bbox_dn_2: 0.0332 (0.0391)  loss_giou: 0.9880 (0.9012)  loss_giou_aux_0: 1.0310 (0.9343)  loss_giou_aux_1: 0.9990 (0.9086)  loss_giou_aux_2: 1.0414 (0.9888)  loss_giou_dn_0: 0.7441 (0.7169)  loss_giou_dn_1: 0.6752 (0.6414)  loss_giou_dn_2: 0.6668 (0.6323)  loss_vfl: 0.4651 (0.4964)  loss_vfl_aux_0: 0.4696 (0.5075)  loss_vfl_aux_1: 0.4677 (0.5017)  loss_vfl_aux_2: 0.4786 (0.5012)  loss_vfl_dn_0: 0.4677 (0.4705)  loss_vfl_dn_1: 0.4335 (0.4389)  loss_vfl_dn_2: 0.4286 (0.4328)
Test:  [ 0/69]  eta: 0:01:38    time: 1.4337  data: 0.6841  max mem: 8529
Test:  [10/69]  eta: 0:00:38    time: 0.6592  data: 0.0795  max mem: 8529
Test:  [20/69]  eta: 0:00:31    time: 0.6017  data: 0.0194  max mem: 8529
Test:  [30/69]  eta: 0:00:23    time: 0.5871  data: 0.0203  max mem: 8529
Test:  [40/69]  eta: 0:00:17    time: 0.5851  data: 0.0209  max mem: 8529
Test:  [50/69]  eta: 0:00:11    time: 0.5476  data: 0.0208  max mem: 8529
Test:  [60/69]  eta: 0:00:05    time: 0.4868  data: 0.0205  max mem: 8529
Test:  [68/69]  eta: 0:00:00    time: 0.5133  data: 0.0195  max mem: 8529
Test: Total time: 0:00:39 (0.5710 s / it)
Averaged stats: 
Accumulating evaluation results...
DONE (t=1.94s).
IoU metric: bbox
 Average Precision  (AP) @[ IoU=0.50:0.95 | area=   all | maxDets=100 ] = 0.235
 Average Precision  (AP) @[ IoU=0.50      | area=   all | maxDets=100 ] = 0.390
 Average Precision  (AP) @[ IoU=0.75      | area=   all | maxDets=100 ] = 0.240
 Average Precision  (AP) @[ IoU=0.50:0.95 | area= small | maxDets=100 ] = 0.152
 Average Precision  (AP) @[ IoU=0.50:0.95 | area=medium | maxDets=100 ] = 0.330
 Average Precision  (AP) @[ IoU=0.50:0.95 | area= large | maxDets=100 ] = 0.409
 Average Recall     (AR) @[ IoU=0.50:0.95 | area=   all | maxDets=  1 ] = 0.102
 Average Recall     (AR) @[ IoU=0.50:0.95 | area=   all | maxDets= 10 ] = 0.290
 Average Recall     (AR) @[ IoU=0.50:0.95 | area=   all | maxDets=100 ] = 0.388
 Average Recall     (AR) @[ IoU=0.50:0.95 | area= small | maxDets=100 ] = 0.300
 Average Recall     (AR) @[ IoU=0.50:0.95 | area=medium | maxDets=100 ] = 0.504
 Average Recall     (AR) @[ IoU=0.50:0.95 | area= large | maxDets=100 ] = 0.598
best_stat:  {'epoch': 70, 'coco_eval_bbox': 0.2345560610792518}
Epoch: [71]  [  0/809]  eta: 1:19:21  lr: 0.000010  loss: 9.8023 (9.8023)  loss_bbox: 0.0707 (0.0707)  loss_bbox_aux_0: 0.0691 (0.0691)  loss_bbox_aux_1: 0.0701 (0.0701)  loss_bbox_aux_2: 0.0806 (0.0806)  loss_bbox_dn_0: 0.0324 (0.0324)  loss_bbox_dn_1: 0.0261 (0.0261)  loss_bbox_dn_2: 0.0252 (0.0252)  loss_giou: 1.0283 (1.0283)  loss_giou_aux_0: 1.0602 (1.0602)  loss_giou_aux_1: 1.0347 (1.0347)  loss_giou_aux_2: 1.0913 (1.0913)  loss_giou_dn_0: 0.7361 (0.7361)  loss_giou_dn_1: 0.6615 (0.6615)  loss_giou_dn_2: 0.6497 (0.6497)  loss_vfl: 0.4520 (0.4520)  loss_vfl_aux_0: 0.4623 (0.4623)  loss_vfl_aux_1: 0.4565 (0.4565)  loss_vfl_aux_2: 0.4703 (0.4703)  loss_vfl_dn_0: 0.4635 (0.4635)  loss_vfl_dn_1: 0.4338 (0.4338)  loss_vfl_dn_2: 0.4277 (0.4277)  time: 5.8859  data: 3.2326  max mem: 8529
Epoch: [71]  [100/809]  eta: 0:11:16  lr: 0.000010  loss: 9.1423 (9.4772)  loss_bbox: 0.0633 (0.0761)  loss_bbox_aux_0: 0.0693 (0.0803)  loss_bbox_aux_1: 0.0649 (0.0774)  loss_bbox_aux_2: 0.0817 (0.0927)  loss_bbox_dn_0: 0.0466 (0.0492)  loss_bbox_dn_1: 0.0388 (0.0408)  loss_bbox_dn_2: 0.0371 (0.0397)  loss_giou: 0.8399 (0.8883)  loss_giou_aux_0: 0.8531 (0.9205)  loss_giou_aux_1: 0.8273 (0.8950)  loss_giou_aux_2: 0.9205 (0.9758)  loss_giou_dn_0: 0.6797 (0.7121)  loss_giou_dn_1: 0.6001 (0.6359)  loss_giou_dn_2: 0.5846 (0.6266)  loss_vfl: 0.4967 (0.5007)  loss_vfl_aux_0: 0.5049 (0.5141)  loss_vfl_aux_1: 0.4994 (0.5076)  loss_vfl_aux_2: 0.4934 (0.5068)  loss_vfl_dn_0: 0.4666 (0.4697)  loss_vfl_dn_1: 0.4388 (0.4373)  loss_vfl_dn_2: 0.4297 (0.4305)  time: 0.9187  data: 0.0452  max mem: 8529
Epoch: [71]  [200/809]  eta: 0:09:33  lr: 0.000010  loss: 9.9130 (9.4894)  loss_bbox: 0.0780 (0.0782)  loss_bbox_aux_0: 0.0838 (0.0826)  loss_bbox_aux_1: 0.0781 (0.0797)  loss_bbox_aux_2: 0.0910 (0.0950)  loss_bbox_dn_0: 0.0487 (0.0494)  loss_bbox_dn_1: 0.0401 (0.0409)  loss_bbox_dn_2: 0.0386 (0.0399)  loss_giou: 0.9964 (0.8898)  loss_giou_aux_0: 1.0395 (0.9228)  loss_giou_aux_1: 1.0056 (0.8964)  loss_giou_aux_2: 1.0998 (0.9772)  loss_giou_dn_0: 0.7344 (0.7096)  loss_giou_dn_1: 0.6590 (0.6343)  loss_giou_dn_2: 0.6510 (0.6252)  loss_vfl: 0.4785 (0.5016)  loss_vfl_aux_0: 0.4790 (0.5128)  loss_vfl_aux_1: 0.4761 (0.5076)  loss_vfl_aux_2: 0.4824 (0.5065)  loss_vfl_dn_0: 0.4673 (0.4706)  loss_vfl_dn_1: 0.4391 (0.4379)  loss_vfl_dn_2: 0.4333 (0.4312)  time: 0.9030  data: 0.0418  max mem: 8529
Epoch: [71]  [300/809]  eta: 0:07:55  lr: 0.000010  loss: 9.9235 (9.5415)  loss_bbox: 0.0798 (0.0808)  loss_bbox_aux_0: 0.0875 (0.0859)  loss_bbox_aux_1: 0.0822 (0.0824)  loss_bbox_aux_2: 0.0965 (0.0988)  loss_bbox_dn_0: 0.0418 (0.0487)  loss_bbox_dn_1: 0.0349 (0.0404)  loss_bbox_dn_2: 0.0337 (0.0394)  loss_giou: 0.9227 (0.9026)  loss_giou_aux_0: 0.9474 (0.9364)  loss_giou_aux_1: 0.9252 (0.9097)  loss_giou_aux_2: 1.0299 (0.9907)  loss_giou_dn_0: 0.7571 (0.7154)  loss_giou_dn_1: 0.6827 (0.6404)  loss_giou_dn_2: 0.6730 (0.6314)  loss_vfl: 0.4623 (0.4943)  loss_vfl_aux_0: 0.4572 (0.5050)  loss_vfl_aux_1: 0.4642 (0.4999)  loss_vfl_aux_2: 0.4469 (0.4989)  loss_vfl_dn_0: 0.4675 (0.4704)  loss_vfl_dn_1: 0.4402 (0.4383)  loss_vfl_dn_2: 0.4323 (0.4319)  time: 0.9459  data: 0.0459  max mem: 8529
Epoch: [71]  [400/809]  eta: 0:06:20  lr: 0.000010  loss: 9.3192 (9.5040)  loss_bbox: 0.0716 (0.0792)  loss_bbox_aux_0: 0.0762 (0.0841)  loss_bbox_aux_1: 0.0727 (0.0807)  loss_bbox_aux_2: 0.0885 (0.0969)  loss_bbox_dn_0: 0.0483 (0.0487)  loss_bbox_dn_1: 0.0404 (0.0403)  loss_bbox_dn_2: 0.0380 (0.0393)  loss_giou: 0.7969 (0.8946)  loss_giou_aux_0: 0.8302 (0.9278)  loss_giou_aux_1: 0.8087 (0.9018)  loss_giou_aux_2: 0.8832 (0.9823)  loss_giou_dn_0: 0.6930 (0.7115)  loss_giou_dn_1: 0.6167 (0.6364)  loss_giou_dn_2: 0.6080 (0.6275)  loss_vfl: 0.4841 (0.4972)  loss_vfl_aux_0: 0.4954 (0.5083)  loss_vfl_aux_1: 0.4918 (0.5030)  loss_vfl_aux_2: 0.4977 (0.5021)  loss_vfl_dn_0: 0.4684 (0.4711)  loss_vfl_dn_1: 0.4396 (0.4387)  loss_vfl_dn_2: 0.4355 (0.4324)  time: 0.9292  data: 0.0385  max mem: 8529
Epoch: [71]  [500/809]  eta: 0:04:47  lr: 0.000010  loss: 9.4493 (9.5075)  loss_bbox: 0.0740 (0.0790)  loss_bbox_aux_0: 0.0817 (0.0839)  loss_bbox_aux_1: 0.0753 (0.0805)  loss_bbox_aux_2: 0.0932 (0.0966)  loss_bbox_dn_0: 0.0535 (0.0487)  loss_bbox_dn_1: 0.0424 (0.0404)  loss_bbox_dn_2: 0.0422 (0.0394)  loss_giou: 0.8588 (0.8959)  loss_giou_aux_0: 0.8768 (0.9286)  loss_giou_aux_1: 0.8624 (0.9031)  loss_giou_aux_2: 0.9314 (0.9830)  loss_giou_dn_0: 0.7109 (0.7125)  loss_giou_dn_1: 0.6341 (0.6376)  loss_giou_dn_2: 0.6219 (0.6287)  loss_vfl: 0.5116 (0.4963)  loss_vfl_aux_0: 0.5292 (0.5078)  loss_vfl_aux_1: 0.5137 (0.5022)  loss_vfl_aux_2: 0.5221 (0.5017)  loss_vfl_dn_0: 0.4635 (0.4707)  loss_vfl_dn_1: 0.4320 (0.4386)  loss_vfl_dn_2: 0.4271 (0.4322)  time: 0.8847  data: 0.0335  max mem: 8529
Epoch: [71]  [600/809]  eta: 0:03:13  lr: 0.000010  loss: 10.3139 (9.5495)  loss_bbox: 0.0827 (0.0791)  loss_bbox_aux_0: 0.0902 (0.0841)  loss_bbox_aux_1: 0.0850 (0.0807)  loss_bbox_aux_2: 0.1073 (0.0966)  loss_bbox_dn_0: 0.0417 (0.0483)  loss_bbox_dn_1: 0.0348 (0.0401)  loss_bbox_dn_2: 0.0342 (0.0391)  loss_giou: 1.0750 (0.9057)  loss_giou_aux_0: 1.1087 (0.9384)  loss_giou_aux_1: 1.0726 (0.9129)  loss_giou_aux_2: 1.1616 (0.9921)  loss_giou_dn_0: 0.7695 (0.7166)  loss_giou_dn_1: 0.6956 (0.6419)  loss_giou_dn_2: 0.6853 (0.6330)  loss_vfl: 0.4419 (0.4940)  loss_vfl_aux_0: 0.4508 (0.5055)  loss_vfl_aux_1: 0.4491 (0.4999)  loss_vfl_aux_2: 0.4409 (0.4990)  loss_vfl_dn_0: 0.4670 (0.4707)  loss_vfl_dn_1: 0.4449 (0.4390)  loss_vfl_dn_2: 0.4398 (0.4327)  time: 0.8947  data: 0.0336  max mem: 8529
Epoch: [71]  [700/809]  eta: 0:01:40  lr: 0.000010  loss: 9.2825 (9.5535)  loss_bbox: 0.0734 (0.0786)  loss_bbox_aux_0: 0.0779 (0.0837)  loss_bbox_aux_1: 0.0753 (0.0802)  loss_bbox_aux_2: 0.0860 (0.0962)  loss_bbox_dn_0: 0.0459 (0.0483)  loss_bbox_dn_1: 0.0381 (0.0401)  loss_bbox_dn_2: 0.0374 (0.0391)  loss_giou: 0.8490 (0.9063)  loss_giou_aux_0: 0.8749 (0.9390)  loss_giou_aux_1: 0.8654 (0.9137)  loss_giou_aux_2: 0.9582 (0.9923)  loss_giou_dn_0: 0.6899 (0.7174)  loss_giou_dn_1: 0.6288 (0.6425)  loss_giou_dn_2: 0.6271 (0.6337)  loss_vfl: 0.4904 (0.4943)  loss_vfl_aux_0: 0.5017 (0.5057)  loss_vfl_aux_1: 0.4937 (0.5001)  loss_vfl_aux_2: 0.4977 (0.4995)  loss_vfl_dn_0: 0.4777 (0.4708)  loss_vfl_dn_1: 0.4366 (0.4392)  loss_vfl_dn_2: 0.4294 (0.4328)  time: 0.8957  data: 0.0357  max mem: 8529
Epoch: [71]  [800/809]  eta: 0:00:08  lr: 0.000010  loss: 9.7769 (9.5465)  loss_bbox: 0.0759 (0.0784)  loss_bbox_aux_0: 0.0813 (0.0834)  loss_bbox_aux_1: 0.0788 (0.0800)  loss_bbox_aux_2: 0.0919 (0.0957)  loss_bbox_dn_0: 0.0408 (0.0483)  loss_bbox_dn_1: 0.0353 (0.0401)  loss_bbox_dn_2: 0.0347 (0.0392)  loss_giou: 0.9166 (0.9038)  loss_giou_aux_0: 0.9441 (0.9369)  loss_giou_aux_1: 0.9175 (0.9115)  loss_giou_aux_2: 1.0154 (0.9902)  loss_giou_dn_0: 0.7158 (0.7171)  loss_giou_dn_1: 0.6497 (0.6419)  loss_giou_dn_2: 0.6467 (0.6329)  loss_vfl: 0.4697 (0.4956)  loss_vfl_aux_0: 0.4602 (0.5068)  loss_vfl_aux_1: 0.4667 (0.5013)  loss_vfl_aux_2: 0.4509 (0.5008)  loss_vfl_dn_0: 0.4683 (0.4707)  loss_vfl_dn_1: 0.4399 (0.4392)  loss_vfl_dn_2: 0.4362 (0.4329)  time: 0.9287  data: 0.0373  max mem: 8529
Epoch: [71]  [808/809]  eta: 0:00:00  lr: 0.000010  loss: 9.3841 (9.5421)  loss_bbox: 0.0683 (0.0783)  loss_bbox_aux_0: 0.0700 (0.0833)  loss_bbox_aux_1: 0.0708 (0.0799)  loss_bbox_aux_2: 0.0798 (0.0955)  loss_bbox_dn_0: 0.0453 (0.0483)  loss_bbox_dn_1: 0.0373 (0.0401)  loss_bbox_dn_2: 0.0361 (0.0392)  loss_giou: 0.8037 (0.9028)  loss_giou_aux_0: 0.8367 (0.9359)  loss_giou_aux_1: 0.8156 (0.9106)  loss_giou_aux_2: 0.8857 (0.9891)  loss_giou_dn_0: 0.6922 (0.7167)  loss_giou_dn_1: 0.6154 (0.6415)  loss_giou_dn_2: 0.6025 (0.6326)  loss_vfl: 0.5219 (0.4959)  loss_vfl_aux_0: 0.5214 (0.5070)  loss_vfl_aux_1: 0.5212 (0.5016)  loss_vfl_aux_2: 0.5293 (0.5011)  loss_vfl_dn_0: 0.4713 (0.4707)  loss_vfl_dn_1: 0.4399 (0.4392)  loss_vfl_dn_2: 0.4352 (0.4328)  time: 0.7815  data: 0.0308  max mem: 8529
Epoch: [71] Total time: 0:12:24 (0.9199 s / it)
Averaged stats: lr: 0.000010  loss: 9.3841 (9.5421)  loss_bbox: 0.0683 (0.0783)  loss_bbox_aux_0: 0.0700 (0.0833)  loss_bbox_aux_1: 0.0708 (0.0799)  loss_bbox_aux_2: 0.0798 (0.0955)  loss_bbox_dn_0: 0.0453 (0.0483)  loss_bbox_dn_1: 0.0373 (0.0401)  loss_bbox_dn_2: 0.0361 (0.0392)  loss_giou: 0.8037 (0.9028)  loss_giou_aux_0: 0.8367 (0.9359)  loss_giou_aux_1: 0.8156 (0.9106)  loss_giou_aux_2: 0.8857 (0.9891)  loss_giou_dn_0: 0.6922 (0.7167)  loss_giou_dn_1: 0.6154 (0.6415)  loss_giou_dn_2: 0.6025 (0.6326)  loss_vfl: 0.5219 (0.4959)  loss_vfl_aux_0: 0.5214 (0.5070)  loss_vfl_aux_1: 0.5212 (0.5016)  loss_vfl_aux_2: 0.5293 (0.5011)  loss_vfl_dn_0: 0.4713 (0.4707)  loss_vfl_dn_1: 0.4399 (0.4392)  loss_vfl_dn_2: 0.4352 (0.4328)
Test:  [ 0/69]  eta: 0:01:22    time: 1.1966  data: 0.6914  max mem: 8529
Test:  [10/69]  eta: 0:00:38    time: 0.6494  data: 0.0763  max mem: 8529
Test:  [20/69]  eta: 0:00:30    time: 0.6026  data: 0.0171  max mem: 8529
Test:  [30/69]  eta: 0:00:23    time: 0.5824  data: 0.0186  max mem: 8529
Test:  [40/69]  eta: 0:00:17    time: 0.6014  data: 0.0196  max mem: 8529
Test:  [50/69]  eta: 0:00:11    time: 0.5883  data: 0.0208  max mem: 8529
Test:  [60/69]  eta: 0:00:05    time: 0.5146  data: 0.0198  max mem: 8529
Test:  [68/69]  eta: 0:00:00    time: 0.5165  data: 0.0187  max mem: 8529
Test: Total time: 0:00:40 (0.5800 s / it)
Averaged stats: 
Accumulating evaluation results...
DONE (t=1.93s).
IoU metric: bbox
 Average Precision  (AP) @[ IoU=0.50:0.95 | area=   all | maxDets=100 ] = 0.235
 Average Precision  (AP) @[ IoU=0.50      | area=   all | maxDets=100 ] = 0.390
 Average Precision  (AP) @[ IoU=0.75      | area=   all | maxDets=100 ] = 0.241
 Average Precision  (AP) @[ IoU=0.50:0.95 | area= small | maxDets=100 ] = 0.152
 Average Precision  (AP) @[ IoU=0.50:0.95 | area=medium | maxDets=100 ] = 0.331
 Average Precision  (AP) @[ IoU=0.50:0.95 | area= large | maxDets=100 ] = 0.411
 Average Recall     (AR) @[ IoU=0.50:0.95 | area=   all | maxDets=  1 ] = 0.103
 Average Recall     (AR) @[ IoU=0.50:0.95 | area=   all | maxDets= 10 ] = 0.291
 Average Recall     (AR) @[ IoU=0.50:0.95 | area=   all | maxDets=100 ] = 0.388
 Average Recall     (AR) @[ IoU=0.50:0.95 | area= small | maxDets=100 ] = 0.300
 Average Recall     (AR) @[ IoU=0.50:0.95 | area=medium | maxDets=100 ] = 0.504
 Average Recall     (AR) @[ IoU=0.50:0.95 | area= large | maxDets=100 ] = 0.597
best_stat:  {'epoch': 71, 'coco_eval_bbox': 0.23510852347128697}
Epoch: [72]  [  0/809]  eta: 1:38:37  lr: 0.000010  loss: 9.0681 (9.0681)  loss_bbox: 0.0654 (0.0654)  loss_bbox_aux_0: 0.0667 (0.0667)  loss_bbox_aux_1: 0.0655 (0.0655)  loss_bbox_aux_2: 0.0855 (0.0855)  loss_bbox_dn_0: 0.0527 (0.0527)  loss_bbox_dn_1: 0.0441 (0.0441)  loss_bbox_dn_2: 0.0445 (0.0445)  loss_giou: 0.8290 (0.8290)  loss_giou_aux_0: 0.8612 (0.8612)  loss_giou_aux_1: 0.8337 (0.8337)  loss_giou_aux_2: 0.8922 (0.8922)  loss_giou_dn_0: 0.6539 (0.6539)  loss_giou_dn_1: 0.5787 (0.5787)  loss_giou_dn_2: 0.5760 (0.5760)  loss_vfl: 0.5078 (0.5078)  loss_vfl_aux_0: 0.5442 (0.5442)  loss_vfl_aux_1: 0.5161 (0.5161)  loss_vfl_aux_2: 0.5410 (0.5410)  loss_vfl_dn_0: 0.4659 (0.4659)  loss_vfl_dn_1: 0.4263 (0.4263)  loss_vfl_dn_2: 0.4176 (0.4176)  time: 7.3141  data: 1.6472  max mem: 8529
Epoch: [72]  [100/809]  eta: 0:11:43  lr: 0.000010  loss: 9.5671 (9.5672)  loss_bbox: 0.0786 (0.0788)  loss_bbox_aux_0: 0.0821 (0.0838)  loss_bbox_aux_1: 0.0791 (0.0803)  loss_bbox_aux_2: 0.0948 (0.0965)  loss_bbox_dn_0: 0.0509 (0.0482)  loss_bbox_dn_1: 0.0428 (0.0402)  loss_bbox_dn_2: 0.0423 (0.0393)  loss_giou: 0.8777 (0.9070)  loss_giou_aux_0: 0.8939 (0.9398)  loss_giou_aux_1: 0.8820 (0.9159)  loss_giou_aux_2: 0.9621 (0.9955)  loss_giou_dn_0: 0.7273 (0.7217)  loss_giou_dn_1: 0.6491 (0.6478)  loss_giou_dn_2: 0.6433 (0.6390)  loss_vfl: 0.5034 (0.4924)  loss_vfl_aux_0: 0.5110 (0.5034)  loss_vfl_aux_1: 0.5079 (0.4979)  loss_vfl_aux_2: 0.5026 (0.4946)  loss_vfl_dn_0: 0.4705 (0.4708)  loss_vfl_dn_1: 0.4440 (0.4403)  loss_vfl_dn_2: 0.4377 (0.4340)  time: 0.8931  data: 0.0359  max mem: 8529
Epoch: [72]  [200/809]  eta: 0:09:40  lr: 0.000010  loss: 9.2689 (9.5556)  loss_bbox: 0.0679 (0.0818)  loss_bbox_aux_0: 0.0735 (0.0872)  loss_bbox_aux_1: 0.0684 (0.0834)  loss_bbox_aux_2: 0.0856 (0.0998)  loss_bbox_dn_0: 0.0483 (0.0486)  loss_bbox_dn_1: 0.0405 (0.0405)  loss_bbox_dn_2: 0.0391 (0.0396)  loss_giou: 0.8429 (0.9026)  loss_giou_aux_0: 0.8651 (0.9350)  loss_giou_aux_1: 0.8491 (0.9103)  loss_giou_aux_2: 0.9291 (0.9890)  loss_giou_dn_0: 0.6780 (0.7180)  loss_giou_dn_1: 0.6198 (0.6439)  loss_giou_dn_2: 0.6145 (0.6349)  loss_vfl: 0.5150 (0.4936)  loss_vfl_aux_0: 0.5369 (0.5050)  loss_vfl_aux_1: 0.5239 (0.4996)  loss_vfl_aux_2: 0.5281 (0.4977)  loss_vfl_dn_0: 0.4684 (0.4709)  loss_vfl_dn_1: 0.4390 (0.4403)  loss_vfl_dn_2: 0.4320 (0.4339)  time: 0.8760  data: 0.0351  max mem: 8529
Epoch: [72]  [300/809]  eta: 0:08:01  lr: 0.000010  loss: 9.3244 (9.5725)  loss_bbox: 0.0638 (0.0813)  loss_bbox_aux_0: 0.0675 (0.0868)  loss_bbox_aux_1: 0.0634 (0.0829)  loss_bbox_aux_2: 0.0798 (0.0998)  loss_bbox_dn_0: 0.0458 (0.0480)  loss_bbox_dn_1: 0.0371 (0.0399)  loss_bbox_dn_2: 0.0367 (0.0390)  loss_giou: 0.8280 (0.9088)  loss_giou_aux_0: 0.8654 (0.9420)  loss_giou_aux_1: 0.8354 (0.9164)  loss_giou_aux_2: 0.9510 (0.9959)  loss_giou_dn_0: 0.7164 (0.7199)  loss_giou_dn_1: 0.6349 (0.6453)  loss_giou_dn_2: 0.6284 (0.6364)  loss_vfl: 0.5127 (0.4922)  loss_vfl_aux_0: 0.5238 (0.5024)  loss_vfl_aux_1: 0.5162 (0.4980)  loss_vfl_aux_2: 0.5109 (0.4949)  loss_vfl_dn_0: 0.4677 (0.4703)  loss_vfl_dn_1: 0.4377 (0.4393)  loss_vfl_dn_2: 0.4293 (0.4330)  time: 0.9459  data: 0.0408  max mem: 8529
Epoch: [72]  [400/809]  eta: 0:06:24  lr: 0.000010  loss: 9.4416 (9.5670)  loss_bbox: 0.0777 (0.0819)  loss_bbox_aux_0: 0.0742 (0.0870)  loss_bbox_aux_1: 0.0730 (0.0835)  loss_bbox_aux_2: 0.0894 (0.0997)  loss_bbox_dn_0: 0.0436 (0.0482)  loss_bbox_dn_1: 0.0355 (0.0401)  loss_bbox_dn_2: 0.0345 (0.0391)  loss_giou: 0.9039 (0.9051)  loss_giou_aux_0: 0.9338 (0.9385)  loss_giou_aux_1: 0.9103 (0.9130)  loss_giou_aux_2: 0.9782 (0.9927)  loss_giou_dn_0: 0.7172 (0.7172)  loss_giou_dn_1: 0.6448 (0.6425)  loss_giou_dn_2: 0.6417 (0.6336)  loss_vfl: 0.4866 (0.4953)  loss_vfl_aux_0: 0.5001 (0.5055)  loss_vfl_aux_1: 0.4891 (0.5010)  loss_vfl_aux_2: 0.4867 (0.4984)  loss_vfl_dn_0: 0.4740 (0.4711)  loss_vfl_dn_1: 0.4415 (0.4400)  loss_vfl_dn_2: 0.4362 (0.4335)  time: 0.9435  data: 0.0383  max mem: 8529
Epoch: [72]  [500/809]  eta: 0:04:49  lr: 0.000010  loss: 9.4705 (9.5465)  loss_bbox: 0.0651 (0.0807)  loss_bbox_aux_0: 0.0697 (0.0858)  loss_bbox_aux_1: 0.0651 (0.0822)  loss_bbox_aux_2: 0.0801 (0.0984)  loss_bbox_dn_0: 0.0440 (0.0484)  loss_bbox_dn_1: 0.0373 (0.0402)  loss_bbox_dn_2: 0.0367 (0.0393)  loss_giou: 0.8523 (0.9000)  loss_giou_aux_0: 0.9059 (0.9337)  loss_giou_aux_1: 0.8746 (0.9080)  loss_giou_aux_2: 0.9510 (0.9879)  loss_giou_dn_0: 0.7037 (0.7161)  loss_giou_dn_1: 0.6433 (0.6413)  loss_giou_dn_2: 0.6349 (0.6323)  loss_vfl: 0.5065 (0.4969)  loss_vfl_aux_0: 0.5070 (0.5070)  loss_vfl_aux_1: 0.5094 (0.5027)  loss_vfl_aux_2: 0.5026 (0.5002)  loss_vfl_dn_0: 0.4705 (0.4714)  loss_vfl_dn_1: 0.4381 (0.4402)  loss_vfl_dn_2: 0.4314 (0.4336)  time: 0.8959  data: 0.0415  max mem: 8529
Epoch: [72]  [600/809]  eta: 0:03:14  lr: 0.000010  loss: 9.1437 (9.5464)  loss_bbox: 0.0742 (0.0803)  loss_bbox_aux_0: 0.0794 (0.0854)  loss_bbox_aux_1: 0.0759 (0.0819)  loss_bbox_aux_2: 0.0944 (0.0979)  loss_bbox_dn_0: 0.0474 (0.0488)  loss_bbox_dn_1: 0.0382 (0.0405)  loss_bbox_dn_2: 0.0375 (0.0395)  loss_giou: 0.7857 (0.8993)  loss_giou_aux_0: 0.8252 (0.9324)  loss_giou_aux_1: 0.7954 (0.9073)  loss_giou_aux_2: 0.9064 (0.9866)  loss_giou_dn_0: 0.6862 (0.7161)  loss_giou_dn_1: 0.6077 (0.6412)  loss_giou_dn_2: 0.5966 (0.6322)  loss_vfl: 0.5056 (0.4981)  loss_vfl_aux_0: 0.5239 (0.5083)  loss_vfl_aux_1: 0.5115 (0.5039)  loss_vfl_aux_2: 0.5201 (0.5014)  loss_vfl_dn_0: 0.4681 (0.4714)  loss_vfl_dn_1: 0.4337 (0.4402)  loss_vfl_dn_2: 0.4301 (0.4337)  time: 0.9059  data: 0.0402  max mem: 8529
Epoch: [72]  [700/809]  eta: 0:01:41  lr: 0.000010  loss: 8.9546 (9.5213)  loss_bbox: 0.0614 (0.0792)  loss_bbox_aux_0: 0.0655 (0.0844)  loss_bbox_aux_1: 0.0626 (0.0808)  loss_bbox_aux_2: 0.0825 (0.0969)  loss_bbox_dn_0: 0.0476 (0.0489)  loss_bbox_dn_1: 0.0401 (0.0406)  loss_bbox_dn_2: 0.0381 (0.0396)  loss_giou: 0.7294 (0.8941)  loss_giou_aux_0: 0.7599 (0.9272)  loss_giou_aux_1: 0.7378 (0.9023)  loss_giou_aux_2: 0.8274 (0.9823)  loss_giou_dn_0: 0.6806 (0.7150)  loss_giou_dn_1: 0.5884 (0.6399)  loss_giou_dn_2: 0.5835 (0.6309)  loss_vfl: 0.5232 (0.4990)  loss_vfl_aux_0: 0.5374 (0.5093)  loss_vfl_aux_1: 0.5260 (0.5047)  loss_vfl_aux_2: 0.5343 (0.5022)  loss_vfl_dn_0: 0.4702 (0.4711)  loss_vfl_dn_1: 0.4393 (0.4396)  loss_vfl_dn_2: 0.4335 (0.4331)  time: 0.9080  data: 0.0358  max mem: 8529
Epoch: [72]  [800/809]  eta: 0:00:08  lr: 0.000010  loss: 9.7198 (9.5248)  loss_bbox: 0.0715 (0.0792)  loss_bbox_aux_0: 0.0749 (0.0843)  loss_bbox_aux_1: 0.0733 (0.0807)  loss_bbox_aux_2: 0.0899 (0.0967)  loss_bbox_dn_0: 0.0464 (0.0491)  loss_bbox_dn_1: 0.0377 (0.0406)  loss_bbox_dn_2: 0.0366 (0.0397)  loss_giou: 0.9420 (0.8948)  loss_giou_aux_0: 0.9772 (0.9283)  loss_giou_aux_1: 0.9512 (0.9032)  loss_giou_aux_2: 1.0664 (0.9830)  loss_giou_dn_0: 0.7303 (0.7154)  loss_giou_dn_1: 0.6675 (0.6399)  loss_giou_dn_2: 0.6617 (0.6308)  loss_vfl: 0.4735 (0.4992)  loss_vfl_aux_0: 0.4838 (0.5093)  loss_vfl_aux_1: 0.4795 (0.5047)  loss_vfl_aux_2: 0.4718 (0.5024)  loss_vfl_dn_0: 0.4674 (0.4711)  loss_vfl_dn_1: 0.4410 (0.4395)  loss_vfl_dn_2: 0.4348 (0.4331)  time: 0.9019  data: 0.0340  max mem: 8529
Epoch: [72]  [808/809]  eta: 0:00:00  lr: 0.000010  loss: 9.6749 (9.5269)  loss_bbox: 0.0720 (0.0792)  loss_bbox_aux_0: 0.0749 (0.0843)  loss_bbox_aux_1: 0.0733 (0.0807)  loss_bbox_aux_2: 0.0899 (0.0968)  loss_bbox_dn_0: 0.0492 (0.0491)  loss_bbox_dn_1: 0.0400 (0.0407)  loss_bbox_dn_2: 0.0393 (0.0397)  loss_giou: 0.8759 (0.8950)  loss_giou_aux_0: 0.9223 (0.9285)  loss_giou_aux_1: 0.8857 (0.9034)  loss_giou_aux_2: 0.9602 (0.9832)  loss_giou_dn_0: 0.7244 (0.7156)  loss_giou_dn_1: 0.6374 (0.6401)  loss_giou_dn_2: 0.6212 (0.6309)  loss_vfl: 0.4768 (0.4993)  loss_vfl_aux_0: 0.5010 (0.5095)  loss_vfl_aux_1: 0.4907 (0.5048)  loss_vfl_aux_2: 0.4888 (0.5025)  loss_vfl_dn_0: 0.4683 (0.4711)  loss_vfl_dn_1: 0.4385 (0.4395)  loss_vfl_dn_2: 0.4316 (0.4331)  time: 0.7796  data: 0.0304  max mem: 8529
Epoch: [72] Total time: 0:12:29 (0.9261 s / it)
Averaged stats: lr: 0.000010  loss: 9.6749 (9.5269)  loss_bbox: 0.0720 (0.0792)  loss_bbox_aux_0: 0.0749 (0.0843)  loss_bbox_aux_1: 0.0733 (0.0807)  loss_bbox_aux_2: 0.0899 (0.0968)  loss_bbox_dn_0: 0.0492 (0.0491)  loss_bbox_dn_1: 0.0400 (0.0407)  loss_bbox_dn_2: 0.0393 (0.0397)  loss_giou: 0.8759 (0.8950)  loss_giou_aux_0: 0.9223 (0.9285)  loss_giou_aux_1: 0.8857 (0.9034)  loss_giou_aux_2: 0.9602 (0.9832)  loss_giou_dn_0: 0.7244 (0.7156)  loss_giou_dn_1: 0.6374 (0.6401)  loss_giou_dn_2: 0.6212 (0.6309)  loss_vfl: 0.4768 (0.4993)  loss_vfl_aux_0: 0.5010 (0.5095)  loss_vfl_aux_1: 0.4907 (0.5048)  loss_vfl_aux_2: 0.4888 (0.5025)  loss_vfl_dn_0: 0.4683 (0.4711)  loss_vfl_dn_1: 0.4385 (0.4395)  loss_vfl_dn_2: 0.4316 (0.4331)
Test:  [ 0/69]  eta: 0:01:58    time: 1.7189  data: 1.1184  max mem: 8529
Test:  [10/69]  eta: 0:00:39    time: 0.6656  data: 0.1170  max mem: 8529
Test:  [20/69]  eta: 0:00:31    time: 0.5784  data: 0.0192  max mem: 8529
Test:  [30/69]  eta: 0:00:24    time: 0.5893  data: 0.0213  max mem: 8529
Test:  [40/69]  eta: 0:00:17    time: 0.5576  data: 0.0206  max mem: 8529
Test:  [50/69]  eta: 0:00:11    time: 0.5501  data: 0.0200  max mem: 8529
Test:  [60/69]  eta: 0:00:05    time: 0.5420  data: 0.0209  max mem: 8529
Test:  [68/69]  eta: 0:00:00    time: 0.5642  data: 0.0208  max mem: 8529
Test: Total time: 0:00:39 (0.5764 s / it)
Averaged stats: 
Accumulating evaluation results...
DONE (t=2.01s).
IoU metric: bbox
 Average Precision  (AP) @[ IoU=0.50:0.95 | area=   all | maxDets=100 ] = 0.236
 Average Precision  (AP) @[ IoU=0.50      | area=   all | maxDets=100 ] = 0.391
 Average Precision  (AP) @[ IoU=0.75      | area=   all | maxDets=100 ] = 0.242
 Average Precision  (AP) @[ IoU=0.50:0.95 | area= small | maxDets=100 ] = 0.152
 Average Precision  (AP) @[ IoU=0.50:0.95 | area=medium | maxDets=100 ] = 0.332
 Average Precision  (AP) @[ IoU=0.50:0.95 | area= large | maxDets=100 ] = 0.416
 Average Recall     (AR) @[ IoU=0.50:0.95 | area=   all | maxDets=  1 ] = 0.103
 Average Recall     (AR) @[ IoU=0.50:0.95 | area=   all | maxDets= 10 ] = 0.291
 Average Recall     (AR) @[ IoU=0.50:0.95 | area=   all | maxDets=100 ] = 0.388
 Average Recall     (AR) @[ IoU=0.50:0.95 | area= small | maxDets=100 ] = 0.300
 Average Recall     (AR) @[ IoU=0.50:0.95 | area=medium | maxDets=100 ] = 0.504
 Average Recall     (AR) @[ IoU=0.50:0.95 | area= large | maxDets=100 ] = 0.597
best_stat:  {'epoch': 72, 'coco_eval_bbox': 0.23580283361920248}
Epoch: [73]  [  0/809]  eta: 1:14:45  lr: 0.000010  loss: 10.1956 (10.1956)  loss_bbox: 0.0765 (0.0765)  loss_bbox_aux_0: 0.0768 (0.0768)  loss_bbox_aux_1: 0.0787 (0.0787)  loss_bbox_aux_2: 0.0855 (0.0855)  loss_bbox_dn_0: 0.0381 (0.0381)  loss_bbox_dn_1: 0.0302 (0.0302)  loss_bbox_dn_2: 0.0299 (0.0299)  loss_giou: 1.0598 (1.0598)  loss_giou_aux_0: 1.0912 (1.0912)  loss_giou_aux_1: 1.0808 (1.0808)  loss_giou_aux_2: 1.1277 (1.1277)  loss_giou_dn_0: 0.7584 (0.7584)  loss_giou_dn_1: 0.6723 (0.6723)  loss_giou_dn_2: 0.6656 (0.6656)  loss_vfl: 0.4752 (0.4752)  loss_vfl_aux_0: 0.4849 (0.4849)  loss_vfl_aux_1: 0.4736 (0.4736)  loss_vfl_aux_2: 0.4800 (0.4800)  loss_vfl_dn_0: 0.4906 (0.4906)  loss_vfl_dn_1: 0.4626 (0.4626)  loss_vfl_dn_2: 0.4572 (0.4572)  time: 5.5440  data: 3.3803  max mem: 8529
Epoch: [73]  [100/809]  eta: 0:11:32  lr: 0.000010  loss: 9.3821 (9.5435)  loss_bbox: 0.0713 (0.0773)  loss_bbox_aux_0: 0.0766 (0.0820)  loss_bbox_aux_1: 0.0722 (0.0790)  loss_bbox_aux_2: 0.0832 (0.0937)  loss_bbox_dn_0: 0.0459 (0.0499)  loss_bbox_dn_1: 0.0378 (0.0412)  loss_bbox_dn_2: 0.0370 (0.0402)  loss_giou: 0.9213 (0.9066)  loss_giou_aux_0: 0.9505 (0.9382)  loss_giou_aux_1: 0.9388 (0.9162)  loss_giou_aux_2: 0.9986 (0.9857)  loss_giou_dn_0: 0.7205 (0.7237)  loss_giou_dn_1: 0.6421 (0.6480)  loss_giou_dn_2: 0.6325 (0.6395)  loss_vfl: 0.4846 (0.4898)  loss_vfl_aux_0: 0.5018 (0.4994)  loss_vfl_aux_1: 0.4929 (0.4946)  loss_vfl_aux_2: 0.4983 (0.4950)  loss_vfl_dn_0: 0.4706 (0.4710)  loss_vfl_dn_1: 0.4353 (0.4395)  loss_vfl_dn_2: 0.4331 (0.4332)  time: 0.9420  data: 0.0456  max mem: 8529
Epoch: [73]  [200/809]  eta: 0:09:41  lr: 0.000010  loss: 9.3418 (9.5042)  loss_bbox: 0.0614 (0.0769)  loss_bbox_aux_0: 0.0693 (0.0820)  loss_bbox_aux_1: 0.0645 (0.0787)  loss_bbox_aux_2: 0.0825 (0.0942)  loss_bbox_dn_0: 0.0456 (0.0496)  loss_bbox_dn_1: 0.0374 (0.0409)  loss_bbox_dn_2: 0.0367 (0.0399)  loss_giou: 0.8301 (0.8955)  loss_giou_aux_0: 0.8505 (0.9291)  loss_giou_aux_1: 0.8341 (0.9055)  loss_giou_aux_2: 0.9344 (0.9803)  loss_giou_dn_0: 0.7113 (0.7175)  loss_giou_dn_1: 0.6385 (0.6409)  loss_giou_dn_2: 0.6313 (0.6320)  loss_vfl: 0.5094 (0.4953)  loss_vfl_aux_0: 0.5110 (0.5051)  loss_vfl_aux_1: 0.5150 (0.5002)  loss_vfl_aux_2: 0.5029 (0.4995)  loss_vfl_dn_0: 0.4680 (0.4703)  loss_vfl_dn_1: 0.4374 (0.4386)  loss_vfl_dn_2: 0.4296 (0.4322)  time: 1.0017  data: 0.0404  max mem: 8529
Epoch: [73]  [300/809]  eta: 0:07:57  lr: 0.000010  loss: 9.0462 (9.5118)  loss_bbox: 0.0617 (0.0771)  loss_bbox_aux_0: 0.0639 (0.0825)  loss_bbox_aux_1: 0.0630 (0.0790)  loss_bbox_aux_2: 0.0769 (0.0947)  loss_bbox_dn_0: 0.0481 (0.0494)  loss_bbox_dn_1: 0.0392 (0.0409)  loss_bbox_dn_2: 0.0384 (0.0399)  loss_giou: 0.7787 (0.8978)  loss_giou_aux_0: 0.8134 (0.9314)  loss_giou_aux_1: 0.7873 (0.9072)  loss_giou_aux_2: 0.8798 (0.9829)  loss_giou_dn_0: 0.6871 (0.7168)  loss_giou_dn_1: 0.6223 (0.6410)  loss_giou_dn_2: 0.6156 (0.6321)  loss_vfl: 0.5221 (0.4952)  loss_vfl_aux_0: 0.5281 (0.5041)  loss_vfl_aux_1: 0.5205 (0.5000)  loss_vfl_aux_2: 0.5129 (0.4987)  loss_vfl_dn_0: 0.4647 (0.4702)  loss_vfl_dn_1: 0.4393 (0.4385)  loss_vfl_dn_2: 0.4343 (0.4323)  time: 0.8959  data: 0.0406  max mem: 8529
Epoch: [73]  [400/809]  eta: 0:06:20  lr: 0.000010  loss: 9.6991 (9.5144)  loss_bbox: 0.0690 (0.0773)  loss_bbox_aux_0: 0.0758 (0.0829)  loss_bbox_aux_1: 0.0701 (0.0790)  loss_bbox_aux_2: 0.0852 (0.0954)  loss_bbox_dn_0: 0.0433 (0.0494)  loss_bbox_dn_1: 0.0358 (0.0409)  loss_bbox_dn_2: 0.0348 (0.0399)  loss_giou: 0.9235 (0.8967)  loss_giou_aux_0: 0.9622 (0.9312)  loss_giou_aux_1: 0.9325 (0.9061)  loss_giou_aux_2: 1.0344 (0.9831)  loss_giou_dn_0: 0.7302 (0.7162)  loss_giou_dn_1: 0.6394 (0.6405)  loss_giou_dn_2: 0.6297 (0.6315)  loss_vfl: 0.5059 (0.4966)  loss_vfl_aux_0: 0.5135 (0.5054)  loss_vfl_aux_1: 0.5143 (0.5015)  loss_vfl_aux_2: 0.4976 (0.4999)  loss_vfl_dn_0: 0.4724 (0.4700)  loss_vfl_dn_1: 0.4410 (0.4384)  loss_vfl_dn_2: 0.4375 (0.4323)  time: 0.9260  data: 0.0382  max mem: 8529
Epoch: [73]  [500/809]  eta: 0:04:45  lr: 0.000010  loss: 9.4733 (9.5238)  loss_bbox: 0.0698 (0.0783)  loss_bbox_aux_0: 0.0690 (0.0839)  loss_bbox_aux_1: 0.0706 (0.0800)  loss_bbox_aux_2: 0.0833 (0.0966)  loss_bbox_dn_0: 0.0454 (0.0491)  loss_bbox_dn_1: 0.0370 (0.0407)  loss_bbox_dn_2: 0.0359 (0.0396)  loss_giou: 0.8473 (0.8968)  loss_giou_aux_0: 0.8707 (0.9315)  loss_giou_aux_1: 0.8506 (0.9061)  loss_giou_aux_2: 0.9598 (0.9839)  loss_giou_dn_0: 0.7148 (0.7162)  loss_giou_dn_1: 0.6442 (0.6402)  loss_giou_dn_2: 0.6330 (0.6311)  loss_vfl: 0.5037 (0.4975)  loss_vfl_aux_0: 0.5110 (0.5066)  loss_vfl_aux_1: 0.5095 (0.5025)  loss_vfl_aux_2: 0.4978 (0.5007)  loss_vfl_dn_0: 0.4713 (0.4705)  loss_vfl_dn_1: 0.4398 (0.4391)  loss_vfl_dn_2: 0.4344 (0.4328)  time: 0.9063  data: 0.0390  max mem: 8529
Epoch: [73]  [600/809]  eta: 0:03:13  lr: 0.000010  loss: 9.6250 (9.5515)  loss_bbox: 0.0741 (0.0793)  loss_bbox_aux_0: 0.0788 (0.0848)  loss_bbox_aux_1: 0.0748 (0.0810)  loss_bbox_aux_2: 0.0912 (0.0975)  loss_bbox_dn_0: 0.0473 (0.0489)  loss_bbox_dn_1: 0.0389 (0.0405)  loss_bbox_dn_2: 0.0387 (0.0395)  loss_giou: 0.9419 (0.9034)  loss_giou_aux_0: 0.9884 (0.9385)  loss_giou_aux_1: 0.9582 (0.9125)  loss_giou_aux_2: 1.0409 (0.9906)  loss_giou_dn_0: 0.7287 (0.7180)  loss_giou_dn_1: 0.6478 (0.6420)  loss_giou_dn_2: 0.6391 (0.6329)  loss_vfl: 0.4731 (0.4957)  loss_vfl_aux_0: 0.4817 (0.5048)  loss_vfl_aux_1: 0.4756 (0.5007)  loss_vfl_aux_2: 0.4640 (0.4985)  loss_vfl_dn_0: 0.4657 (0.4704)  loss_vfl_dn_1: 0.4418 (0.4392)  loss_vfl_dn_2: 0.4351 (0.4329)  time: 0.9577  data: 0.0444  max mem: 8529
Epoch: [73]  [700/809]  eta: 0:01:40  lr: 0.000010  loss: 9.7919 (9.5461)  loss_bbox: 0.0758 (0.0791)  loss_bbox_aux_0: 0.0832 (0.0844)  loss_bbox_aux_1: 0.0807 (0.0808)  loss_bbox_aux_2: 0.1055 (0.0970)  loss_bbox_dn_0: 0.0458 (0.0488)  loss_bbox_dn_1: 0.0381 (0.0404)  loss_bbox_dn_2: 0.0373 (0.0394)  loss_giou: 0.9736 (0.9019)  loss_giou_aux_0: 1.0352 (0.9371)  loss_giou_aux_1: 0.9875 (0.9110)  loss_giou_aux_2: 1.0649 (0.9897)  loss_giou_dn_0: 0.7354 (0.7173)  loss_giou_dn_1: 0.6665 (0.6414)  loss_giou_dn_2: 0.6588 (0.6323)  loss_vfl: 0.4894 (0.4964)  loss_vfl_aux_0: 0.4913 (0.5059)  loss_vfl_aux_1: 0.4924 (0.5017)  loss_vfl_aux_2: 0.4927 (0.4992)  loss_vfl_dn_0: 0.4685 (0.4705)  loss_vfl_dn_1: 0.4399 (0.4391)  loss_vfl_dn_2: 0.4347 (0.4328)  time: 0.9421  data: 0.0378  max mem: 8529
Epoch: [73]  [800/809]  eta: 0:00:08  lr: 0.000010  loss: 9.4609 (9.5362)  loss_bbox: 0.0683 (0.0788)  loss_bbox_aux_0: 0.0755 (0.0840)  loss_bbox_aux_1: 0.0698 (0.0805)  loss_bbox_aux_2: 0.0900 (0.0965)  loss_bbox_dn_0: 0.0414 (0.0486)  loss_bbox_dn_1: 0.0343 (0.0402)  loss_bbox_dn_2: 0.0338 (0.0392)  loss_giou: 0.9178 (0.9003)  loss_giou_aux_0: 0.9542 (0.9355)  loss_giou_aux_1: 0.9280 (0.9093)  loss_giou_aux_2: 1.0136 (0.9883)  loss_giou_dn_0: 0.7109 (0.7163)  loss_giou_dn_1: 0.6319 (0.6405)  loss_giou_dn_2: 0.6249 (0.6314)  loss_vfl: 0.4680 (0.4968)  loss_vfl_aux_0: 0.4780 (0.5061)  loss_vfl_aux_1: 0.4689 (0.5019)  loss_vfl_aux_2: 0.4775 (0.4996)  loss_vfl_dn_0: 0.4715 (0.4705)  loss_vfl_dn_1: 0.4376 (0.4390)  loss_vfl_dn_2: 0.4308 (0.4327)  time: 0.9402  data: 0.0386  max mem: 8529
Epoch: [73]  [808/809]  eta: 0:00:00  lr: 0.000010  loss: 9.7148 (9.5415)  loss_bbox: 0.0698 (0.0791)  loss_bbox_aux_0: 0.0803 (0.0844)  loss_bbox_aux_1: 0.0731 (0.0808)  loss_bbox_aux_2: 0.0900 (0.0969)  loss_bbox_dn_0: 0.0430 (0.0486)  loss_bbox_dn_1: 0.0361 (0.0402)  loss_bbox_dn_2: 0.0347 (0.0392)  loss_giou: 0.9178 (0.9016)  loss_giou_aux_0: 0.9542 (0.9368)  loss_giou_aux_1: 0.9280 (0.9105)  loss_giou_aux_2: 1.0136 (0.9894)  loss_giou_dn_0: 0.7240 (0.7166)  loss_giou_dn_1: 0.6531 (0.6408)  loss_giou_dn_2: 0.6465 (0.6317)  loss_vfl: 0.4807 (0.4964)  loss_vfl_aux_0: 0.4935 (0.5057)  loss_vfl_aux_1: 0.4847 (0.5015)  loss_vfl_aux_2: 0.4865 (0.4993)  loss_vfl_dn_0: 0.4723 (0.4705)  loss_vfl_dn_1: 0.4395 (0.4389)  loss_vfl_dn_2: 0.4347 (0.4327)  time: 0.8100  data: 0.0303  max mem: 8529
Epoch: [73] Total time: 0:12:24 (0.9208 s / it)
Averaged stats: lr: 0.000010  loss: 9.7148 (9.5415)  loss_bbox: 0.0698 (0.0791)  loss_bbox_aux_0: 0.0803 (0.0844)  loss_bbox_aux_1: 0.0731 (0.0808)  loss_bbox_aux_2: 0.0900 (0.0969)  loss_bbox_dn_0: 0.0430 (0.0486)  loss_bbox_dn_1: 0.0361 (0.0402)  loss_bbox_dn_2: 0.0347 (0.0392)  loss_giou: 0.9178 (0.9016)  loss_giou_aux_0: 0.9542 (0.9368)  loss_giou_aux_1: 0.9280 (0.9105)  loss_giou_aux_2: 1.0136 (0.9894)  loss_giou_dn_0: 0.7240 (0.7166)  loss_giou_dn_1: 0.6531 (0.6408)  loss_giou_dn_2: 0.6465 (0.6317)  loss_vfl: 0.4807 (0.4964)  loss_vfl_aux_0: 0.4935 (0.5057)  loss_vfl_aux_1: 0.4847 (0.5015)  loss_vfl_aux_2: 0.4865 (0.4993)  loss_vfl_dn_0: 0.4723 (0.4705)  loss_vfl_dn_1: 0.4395 (0.4389)  loss_vfl_dn_2: 0.4347 (0.4327)
Test:  [ 0/69]  eta: 0:01:30    time: 1.3184  data: 0.6313  max mem: 8529
Test:  [10/69]  eta: 0:00:38    time: 0.6577  data: 0.0788  max mem: 8529
Test:  [20/69]  eta: 0:00:31    time: 0.6011  data: 0.0223  max mem: 8529
Test:  [30/69]  eta: 0:00:23    time: 0.5916  data: 0.0209  max mem: 8529
Test:  [40/69]  eta: 0:00:17    time: 0.5576  data: 0.0212  max mem: 8529
Test:  [50/69]  eta: 0:00:10    time: 0.5203  data: 0.0221  max mem: 8529
Test:  [60/69]  eta: 0:00:05    time: 0.5553  data: 0.0219  max mem: 8529
Test:  [68/69]  eta: 0:00:00    time: 0.5730  data: 0.0201  max mem: 8529
Test: Total time: 0:00:40 (0.5805 s / it)
Averaged stats: 
Accumulating evaluation results...
DONE (t=2.00s).
IoU metric: bbox
 Average Precision  (AP) @[ IoU=0.50:0.95 | area=   all | maxDets=100 ] = 0.237
 Average Precision  (AP) @[ IoU=0.50      | area=   all | maxDets=100 ] = 0.392
 Average Precision  (AP) @[ IoU=0.75      | area=   all | maxDets=100 ] = 0.242
 Average Precision  (AP) @[ IoU=0.50:0.95 | area= small | maxDets=100 ] = 0.153
 Average Precision  (AP) @[ IoU=0.50:0.95 | area=medium | maxDets=100 ] = 0.332
 Average Precision  (AP) @[ IoU=0.50:0.95 | area= large | maxDets=100 ] = 0.419
 Average Recall     (AR) @[ IoU=0.50:0.95 | area=   all | maxDets=  1 ] = 0.104
 Average Recall     (AR) @[ IoU=0.50:0.95 | area=   all | maxDets= 10 ] = 0.292
 Average Recall     (AR) @[ IoU=0.50:0.95 | area=   all | maxDets=100 ] = 0.389
 Average Recall     (AR) @[ IoU=0.50:0.95 | area= small | maxDets=100 ] = 0.300
 Average Recall     (AR) @[ IoU=0.50:0.95 | area=medium | maxDets=100 ] = 0.505
 Average Recall     (AR) @[ IoU=0.50:0.95 | area= large | maxDets=100 ] = 0.596
best_stat:  {'epoch': 73, 'coco_eval_bbox': 0.23651363061659494}
Epoch: [74]  [  0/809]  eta: 1:24:50  lr: 0.000010  loss: 8.9524 (8.9524)  loss_bbox: 0.0660 (0.0660)  loss_bbox_aux_0: 0.0722 (0.0722)  loss_bbox_aux_1: 0.0669 (0.0669)  loss_bbox_aux_2: 0.0876 (0.0876)  loss_bbox_dn_0: 0.0738 (0.0738)  loss_bbox_dn_1: 0.0634 (0.0634)  loss_bbox_dn_2: 0.0614 (0.0614)  loss_giou: 0.6493 (0.6493)  loss_giou_aux_0: 0.7035 (0.7035)  loss_giou_aux_1: 0.6643 (0.6643)  loss_giou_aux_2: 0.8016 (0.8016)  loss_giou_dn_0: 0.6989 (0.6989)  loss_giou_dn_1: 0.6168 (0.6168)  loss_giou_dn_2: 0.6021 (0.6021)  loss_vfl: 0.5920 (0.5920)  loss_vfl_aux_0: 0.6011 (0.6011)  loss_vfl_aux_1: 0.6125 (0.6125)  loss_vfl_aux_2: 0.5898 (0.5898)  loss_vfl_dn_0: 0.4641 (0.4641)  loss_vfl_dn_1: 0.4369 (0.4369)  loss_vfl_dn_2: 0.4282 (0.4282)  time: 6.2921  data: 2.6157  max mem: 8529
Epoch: [74]  [100/809]  eta: 0:11:37  lr: 0.000010  loss: 9.4015 (9.5527)  loss_bbox: 0.0694 (0.0786)  loss_bbox_aux_0: 0.0728 (0.0838)  loss_bbox_aux_1: 0.0698 (0.0803)  loss_bbox_aux_2: 0.0847 (0.0963)  loss_bbox_dn_0: 0.0476 (0.0487)  loss_bbox_dn_1: 0.0409 (0.0405)  loss_bbox_dn_2: 0.0395 (0.0396)  loss_giou: 0.8641 (0.8992)  loss_giou_aux_0: 0.9167 (0.9350)  loss_giou_aux_1: 0.8678 (0.9073)  loss_giou_aux_2: 0.9809 (0.9896)  loss_giou_dn_0: 0.7220 (0.7166)  loss_giou_dn_1: 0.6370 (0.6415)  loss_giou_dn_2: 0.6253 (0.6331)  loss_vfl: 0.4979 (0.5025)  loss_vfl_aux_0: 0.4998 (0.5105)  loss_vfl_aux_1: 0.4965 (0.5084)  loss_vfl_aux_2: 0.5114 (0.5035)  loss_vfl_dn_0: 0.4679 (0.4692)  loss_vfl_dn_1: 0.4355 (0.4375)  loss_vfl_dn_2: 0.4272 (0.4311)  time: 0.9013  data: 0.0434  max mem: 8529
Epoch: [74]  [200/809]  eta: 0:09:34  lr: 0.000010  loss: 9.4700 (9.5399)  loss_bbox: 0.0726 (0.0797)  loss_bbox_aux_0: 0.0783 (0.0846)  loss_bbox_aux_1: 0.0757 (0.0811)  loss_bbox_aux_2: 0.0980 (0.0969)  loss_bbox_dn_0: 0.0493 (0.0491)  loss_bbox_dn_1: 0.0394 (0.0408)  loss_bbox_dn_2: 0.0389 (0.0398)  loss_giou: 0.8927 (0.8990)  loss_giou_aux_0: 0.9382 (0.9337)  loss_giou_aux_1: 0.9184 (0.9071)  loss_giou_aux_2: 0.9850 (0.9879)  loss_giou_dn_0: 0.7177 (0.7159)  loss_giou_dn_1: 0.6510 (0.6407)  loss_giou_dn_2: 0.6353 (0.6315)  loss_vfl: 0.4772 (0.4989)  loss_vfl_aux_0: 0.4955 (0.5079)  loss_vfl_aux_1: 0.4873 (0.5050)  loss_vfl_aux_2: 0.4839 (0.5012)  loss_vfl_dn_0: 0.4666 (0.4700)  loss_vfl_dn_1: 0.4375 (0.4379)  loss_vfl_dn_2: 0.4288 (0.4314)  time: 0.8930  data: 0.0330  max mem: 8529
Epoch: [74]  [300/809]  eta: 0:07:52  lr: 0.000010  loss: 9.4681 (9.5332)  loss_bbox: 0.0795 (0.0798)  loss_bbox_aux_0: 0.0823 (0.0847)  loss_bbox_aux_1: 0.0770 (0.0812)  loss_bbox_aux_2: 0.0932 (0.0971)  loss_bbox_dn_0: 0.0515 (0.0491)  loss_bbox_dn_1: 0.0409 (0.0408)  loss_bbox_dn_2: 0.0394 (0.0398)  loss_giou: 0.8994 (0.8983)  loss_giou_aux_0: 0.9582 (0.9332)  loss_giou_aux_1: 0.9164 (0.9059)  loss_giou_aux_2: 1.0053 (0.9863)  loss_giou_dn_0: 0.7032 (0.7163)  loss_giou_dn_1: 0.6415 (0.6412)  loss_giou_dn_2: 0.6344 (0.6320)  loss_vfl: 0.4667 (0.4974)  loss_vfl_aux_0: 0.4743 (0.5064)  loss_vfl_aux_1: 0.4734 (0.5033)  loss_vfl_aux_2: 0.4755 (0.5005)  loss_vfl_dn_0: 0.4680 (0.4700)  loss_vfl_dn_1: 0.4359 (0.4382)  loss_vfl_dn_2: 0.4298 (0.4317)  time: 0.8973  data: 0.0351  max mem: 8529
Epoch: [74]  [400/809]  eta: 0:06:18  lr: 0.000010  loss: 9.3408 (9.5187)  loss_bbox: 0.0680 (0.0789)  loss_bbox_aux_0: 0.0744 (0.0836)  loss_bbox_aux_1: 0.0695 (0.0804)  loss_bbox_aux_2: 0.0801 (0.0956)  loss_bbox_dn_0: 0.0481 (0.0489)  loss_bbox_dn_1: 0.0407 (0.0407)  loss_bbox_dn_2: 0.0401 (0.0397)  loss_giou: 0.7581 (0.8944)  loss_giou_aux_0: 0.7986 (0.9291)  loss_giou_aux_1: 0.7766 (0.9023)  loss_giou_aux_2: 0.8512 (0.9817)  loss_giou_dn_0: 0.7077 (0.7144)  loss_giou_dn_1: 0.6419 (0.6393)  loss_giou_dn_2: 0.6302 (0.6302)  loss_vfl: 0.5155 (0.4999)  loss_vfl_aux_0: 0.5269 (0.5096)  loss_vfl_aux_1: 0.5198 (0.5058)  loss_vfl_aux_2: 0.5093 (0.5038)  loss_vfl_dn_0: 0.4715 (0.4705)  loss_vfl_dn_1: 0.4396 (0.4382)  loss_vfl_dn_2: 0.4362 (0.4318)  time: 0.8925  data: 0.0345  max mem: 8529
Epoch: [74]  [500/809]  eta: 0:04:46  lr: 0.000010  loss: 9.4604 (9.5123)  loss_bbox: 0.0729 (0.0788)  loss_bbox_aux_0: 0.0761 (0.0832)  loss_bbox_aux_1: 0.0744 (0.0802)  loss_bbox_aux_2: 0.0884 (0.0953)  loss_bbox_dn_0: 0.0466 (0.0488)  loss_bbox_dn_1: 0.0379 (0.0406)  loss_bbox_dn_2: 0.0366 (0.0396)  loss_giou: 0.8534 (0.8940)  loss_giou_aux_0: 0.8971 (0.9283)  loss_giou_aux_1: 0.8564 (0.9018)  loss_giou_aux_2: 0.9578 (0.9807)  loss_giou_dn_0: 0.6973 (0.7134)  loss_giou_dn_1: 0.6337 (0.6383)  loss_giou_dn_2: 0.6244 (0.6292)  loss_vfl: 0.5127 (0.4994)  loss_vfl_aux_0: 0.5289 (0.5099)  loss_vfl_aux_1: 0.5199 (0.5056)  loss_vfl_aux_2: 0.5219 (0.5040)  loss_vfl_dn_0: 0.4717 (0.4706)  loss_vfl_dn_1: 0.4435 (0.4384)  loss_vfl_dn_2: 0.4375 (0.4320)  time: 0.9298  data: 0.0379  max mem: 8529
Epoch: [74]  [600/809]  eta: 0:03:12  lr: 0.000010  loss: 9.2730 (9.4936)  loss_bbox: 0.0731 (0.0781)  loss_bbox_aux_0: 0.0763 (0.0824)  loss_bbox_aux_1: 0.0748 (0.0795)  loss_bbox_aux_2: 0.0878 (0.0946)  loss_bbox_dn_0: 0.0470 (0.0489)  loss_bbox_dn_1: 0.0385 (0.0406)  loss_bbox_dn_2: 0.0380 (0.0397)  loss_giou: 0.8371 (0.8909)  loss_giou_aux_0: 0.8503 (0.9250)  loss_giou_aux_1: 0.8450 (0.8986)  loss_giou_aux_2: 0.9137 (0.9775)  loss_giou_dn_0: 0.6945 (0.7136)  loss_giou_dn_1: 0.6148 (0.6386)  loss_giou_dn_2: 0.6095 (0.6294)  loss_vfl: 0.5079 (0.4985)  loss_vfl_aux_0: 0.5200 (0.5089)  loss_vfl_aux_1: 0.5190 (0.5046)  loss_vfl_aux_2: 0.5076 (0.5032)  loss_vfl_dn_0: 0.4700 (0.4708)  loss_vfl_dn_1: 0.4430 (0.4383)  loss_vfl_dn_2: 0.4351 (0.4319)  time: 0.9065  data: 0.0370  max mem: 8529
Epoch: [74]  [700/809]  eta: 0:01:40  lr: 0.000010  loss: 9.5173 (9.5114)  loss_bbox: 0.0753 (0.0782)  loss_bbox_aux_0: 0.0806 (0.0825)  loss_bbox_aux_1: 0.0760 (0.0796)  loss_bbox_aux_2: 0.0916 (0.0946)  loss_bbox_dn_0: 0.0442 (0.0488)  loss_bbox_dn_1: 0.0369 (0.0406)  loss_bbox_dn_2: 0.0367 (0.0396)  loss_giou: 0.9581 (0.8934)  loss_giou_aux_0: 0.9808 (0.9273)  loss_giou_aux_1: 0.9615 (0.9010)  loss_giou_aux_2: 1.0084 (0.9799)  loss_giou_dn_0: 0.7021 (0.7147)  loss_giou_dn_1: 0.6274 (0.6397)  loss_giou_dn_2: 0.6209 (0.6306)  loss_vfl: 0.4875 (0.4995)  loss_vfl_aux_0: 0.4863 (0.5100)  loss_vfl_aux_1: 0.4882 (0.5056)  loss_vfl_aux_2: 0.4922 (0.5040)  loss_vfl_dn_0: 0.4696 (0.4710)  loss_vfl_dn_1: 0.4382 (0.4386)  loss_vfl_dn_2: 0.4313 (0.4322)  time: 0.9421  data: 0.0463  max mem: 8529
Epoch: [74]  [800/809]  eta: 0:00:08  lr: 0.000010  loss: 9.4004 (9.5242)  loss_bbox: 0.0717 (0.0784)  loss_bbox_aux_0: 0.0736 (0.0826)  loss_bbox_aux_1: 0.0728 (0.0797)  loss_bbox_aux_2: 0.0835 (0.0947)  loss_bbox_dn_0: 0.0391 (0.0486)  loss_bbox_dn_1: 0.0333 (0.0404)  loss_bbox_dn_2: 0.0334 (0.0394)  loss_giou: 0.9021 (0.8973)  loss_giou_aux_0: 0.9313 (0.9315)  loss_giou_aux_1: 0.9120 (0.9048)  loss_giou_aux_2: 0.9879 (0.9840)  loss_giou_dn_0: 0.7135 (0.7159)  loss_giou_dn_1: 0.6258 (0.6411)  loss_giou_dn_2: 0.6153 (0.6320)  loss_vfl: 0.4855 (0.4976)  loss_vfl_aux_0: 0.5098 (0.5083)  loss_vfl_aux_1: 0.4939 (0.5038)  loss_vfl_aux_2: 0.5068 (0.5024)  loss_vfl_dn_0: 0.4648 (0.4709)  loss_vfl_dn_1: 0.4355 (0.4386)  loss_vfl_dn_2: 0.4319 (0.4322)  time: 0.9493  data: 0.0440  max mem: 8529
Epoch: [74]  [808/809]  eta: 0:00:00  lr: 0.000010  loss: 9.4668 (9.5213)  loss_bbox: 0.0727 (0.0784)  loss_bbox_aux_0: 0.0751 (0.0826)  loss_bbox_aux_1: 0.0733 (0.0797)  loss_bbox_aux_2: 0.0872 (0.0947)  loss_bbox_dn_0: 0.0471 (0.0487)  loss_bbox_dn_1: 0.0387 (0.0404)  loss_bbox_dn_2: 0.0381 (0.0395)  loss_giou: 0.8590 (0.8965)  loss_giou_aux_0: 0.9110 (0.9307)  loss_giou_aux_1: 0.8725 (0.9040)  loss_giou_aux_2: 0.9363 (0.9832)  loss_giou_dn_0: 0.7242 (0.7156)  loss_giou_dn_1: 0.6463 (0.6408)  loss_giou_dn_2: 0.6376 (0.6318)  loss_vfl: 0.5065 (0.4978)  loss_vfl_aux_0: 0.5134 (0.5085)  loss_vfl_aux_1: 0.5065 (0.5040)  loss_vfl_aux_2: 0.5118 (0.5027)  loss_vfl_dn_0: 0.4696 (0.4709)  loss_vfl_dn_1: 0.4390 (0.4386)  loss_vfl_dn_2: 0.4343 (0.4322)  time: 0.7591  data: 0.0342  max mem: 8529
Epoch: [74] Total time: 0:12:20 (0.9158 s / it)
Averaged stats: lr: 0.000010  loss: 9.4668 (9.5213)  loss_bbox: 0.0727 (0.0784)  loss_bbox_aux_0: 0.0751 (0.0826)  loss_bbox_aux_1: 0.0733 (0.0797)  loss_bbox_aux_2: 0.0872 (0.0947)  loss_bbox_dn_0: 0.0471 (0.0487)  loss_bbox_dn_1: 0.0387 (0.0404)  loss_bbox_dn_2: 0.0381 (0.0395)  loss_giou: 0.8590 (0.8965)  loss_giou_aux_0: 0.9110 (0.9307)  loss_giou_aux_1: 0.8725 (0.9040)  loss_giou_aux_2: 0.9363 (0.9832)  loss_giou_dn_0: 0.7242 (0.7156)  loss_giou_dn_1: 0.6463 (0.6408)  loss_giou_dn_2: 0.6376 (0.6318)  loss_vfl: 0.5065 (0.4978)  loss_vfl_aux_0: 0.5134 (0.5085)  loss_vfl_aux_1: 0.5065 (0.5040)  loss_vfl_aux_2: 0.5118 (0.5027)  loss_vfl_dn_0: 0.4696 (0.4709)  loss_vfl_dn_1: 0.4390 (0.4386)  loss_vfl_dn_2: 0.4343 (0.4322)
Test:  [ 0/69]  eta: 0:01:42    time: 1.4877  data: 0.7404  max mem: 8529
Test:  [10/69]  eta: 0:00:38    time: 0.6606  data: 0.0857  max mem: 8529
Test:  [20/69]  eta: 0:00:31    time: 0.6061  data: 0.0205  max mem: 8529
Test:  [30/69]  eta: 0:00:24    time: 0.6118  data: 0.0207  max mem: 8529
Test:  [40/69]  eta: 0:00:17    time: 0.5749  data: 0.0206  max mem: 8529
Test:  [50/69]  eta: 0:00:11    time: 0.5468  data: 0.0203  max mem: 8529
Test:  [60/69]  eta: 0:00:05    time: 0.5276  data: 0.0206  max mem: 8529
Test:  [68/69]  eta: 0:00:00    time: 0.5850  data: 0.0202  max mem: 8529
Test: Total time: 0:00:41 (0.5979 s / it)
Averaged stats: 
Accumulating evaluation results...
DONE (t=2.03s).
IoU metric: bbox
 Average Precision  (AP) @[ IoU=0.50:0.95 | area=   all | maxDets=100 ] = 0.237
 Average Precision  (AP) @[ IoU=0.50      | area=   all | maxDets=100 ] = 0.393
 Average Precision  (AP) @[ IoU=0.75      | area=   all | maxDets=100 ] = 0.243
 Average Precision  (AP) @[ IoU=0.50:0.95 | area= small | maxDets=100 ] = 0.153
 Average Precision  (AP) @[ IoU=0.50:0.95 | area=medium | maxDets=100 ] = 0.332
 Average Precision  (AP) @[ IoU=0.50:0.95 | area= large | maxDets=100 ] = 0.423
 Average Recall     (AR) @[ IoU=0.50:0.95 | area=   all | maxDets=  1 ] = 0.104
 Average Recall     (AR) @[ IoU=0.50:0.95 | area=   all | maxDets= 10 ] = 0.292
 Average Recall     (AR) @[ IoU=0.50:0.95 | area=   all | maxDets=100 ] = 0.389
 Average Recall     (AR) @[ IoU=0.50:0.95 | area= small | maxDets=100 ] = 0.300
 Average Recall     (AR) @[ IoU=0.50:0.95 | area=medium | maxDets=100 ] = 0.506
 Average Recall     (AR) @[ IoU=0.50:0.95 | area= large | maxDets=100 ] = 0.600
best_stat:  {'epoch': 74, 'coco_eval_bbox': 0.23704448620581298}
Epoch: [75]  [  0/809]  eta: 1:14:56  lr: 0.000010  loss: 7.8963 (7.8963)  loss_bbox: 0.0531 (0.0531)  loss_bbox_aux_0: 0.0538 (0.0538)  loss_bbox_aux_1: 0.0525 (0.0525)  loss_bbox_aux_2: 0.0624 (0.0624)  loss_bbox_dn_0: 0.0538 (0.0538)  loss_bbox_dn_1: 0.0443 (0.0443)  loss_bbox_dn_2: 0.0437 (0.0437)  loss_giou: 0.5806 (0.5806)  loss_giou_aux_0: 0.5848 (0.5848)  loss_giou_aux_1: 0.5758 (0.5758)  loss_giou_aux_2: 0.6404 (0.6404)  loss_giou_dn_0: 0.5771 (0.5771)  loss_giou_dn_1: 0.5102 (0.5102)  loss_giou_dn_2: 0.5042 (0.5042)  loss_vfl: 0.5425 (0.5425)  loss_vfl_aux_0: 0.5605 (0.5605)  loss_vfl_aux_1: 0.5562 (0.5562)  loss_vfl_aux_2: 0.5737 (0.5737)  loss_vfl_dn_0: 0.4718 (0.4718)  loss_vfl_dn_1: 0.4335 (0.4335)  loss_vfl_dn_2: 0.4215 (0.4215)  time: 5.5584  data: 3.7160  max mem: 8529
Epoch: [75]  [100/809]  eta: 0:11:44  lr: 0.000010  loss: 9.1952 (9.5380)  loss_bbox: 0.0607 (0.0748)  loss_bbox_aux_0: 0.0656 (0.0796)  loss_bbox_aux_1: 0.0647 (0.0761)  loss_bbox_aux_2: 0.0761 (0.0919)  loss_bbox_dn_0: 0.0456 (0.0475)  loss_bbox_dn_1: 0.0389 (0.0395)  loss_bbox_dn_2: 0.0380 (0.0385)  loss_giou: 0.8325 (0.9059)  loss_giou_aux_0: 0.8643 (0.9405)  loss_giou_aux_1: 0.8466 (0.9134)  loss_giou_aux_2: 0.9194 (0.9892)  loss_giou_dn_0: 0.6971 (0.7209)  loss_giou_dn_1: 0.6191 (0.6465)  loss_giou_dn_2: 0.6116 (0.6380)  loss_vfl: 0.5114 (0.4944)  loss_vfl_aux_0: 0.5232 (0.5040)  loss_vfl_aux_1: 0.5187 (0.5001)  loss_vfl_aux_2: 0.5139 (0.4993)  loss_vfl_dn_0: 0.4635 (0.4692)  loss_vfl_dn_1: 0.4352 (0.4376)  loss_vfl_dn_2: 0.4277 (0.4311)  time: 0.9144  data: 0.0348  max mem: 8529
Epoch: [75]  [200/809]  eta: 0:09:38  lr: 0.000010  loss: 9.4401 (9.5523)  loss_bbox: 0.0683 (0.0766)  loss_bbox_aux_0: 0.0745 (0.0816)  loss_bbox_aux_1: 0.0711 (0.0779)  loss_bbox_aux_2: 0.0833 (0.0938)  loss_bbox_dn_0: 0.0454 (0.0482)  loss_bbox_dn_1: 0.0368 (0.0399)  loss_bbox_dn_2: 0.0362 (0.0389)  loss_giou: 0.8806 (0.9070)  loss_giou_aux_0: 0.9282 (0.9420)  loss_giou_aux_1: 0.8917 (0.9142)  loss_giou_aux_2: 0.9774 (0.9922)  loss_giou_dn_0: 0.7298 (0.7218)  loss_giou_dn_1: 0.6528 (0.6471)  loss_giou_dn_2: 0.6406 (0.6382)  loss_vfl: 0.4980 (0.4942)  loss_vfl_aux_0: 0.4922 (0.5038)  loss_vfl_aux_1: 0.5057 (0.4999)  loss_vfl_aux_2: 0.4910 (0.4981)  loss_vfl_dn_0: 0.4659 (0.4691)  loss_vfl_dn_1: 0.4373 (0.4369)  loss_vfl_dn_2: 0.4324 (0.4308)  time: 0.9586  data: 0.0455  max mem: 8529
Epoch: [75]  [300/809]  eta: 0:08:00  lr: 0.000010  loss: 9.2552 (9.5370)  loss_bbox: 0.0691 (0.0774)  loss_bbox_aux_0: 0.0760 (0.0821)  loss_bbox_aux_1: 0.0700 (0.0787)  loss_bbox_aux_2: 0.0836 (0.0942)  loss_bbox_dn_0: 0.0456 (0.0485)  loss_bbox_dn_1: 0.0378 (0.0402)  loss_bbox_dn_2: 0.0376 (0.0392)  loss_giou: 0.7685 (0.9021)  loss_giou_aux_0: 0.8021 (0.9366)  loss_giou_aux_1: 0.7732 (0.9099)  loss_giou_aux_2: 0.8628 (0.9882)  loss_giou_dn_0: 0.7205 (0.7190)  loss_giou_dn_1: 0.6565 (0.6440)  loss_giou_dn_2: 0.6529 (0.6352)  loss_vfl: 0.4829 (0.4959)  loss_vfl_aux_0: 0.4906 (0.5056)  loss_vfl_aux_1: 0.4878 (0.5017)  loss_vfl_aux_2: 0.4781 (0.5003)  loss_vfl_dn_0: 0.4733 (0.4694)  loss_vfl_dn_1: 0.4385 (0.4373)  loss_vfl_dn_2: 0.4309 (0.4313)  time: 0.9156  data: 0.0404  max mem: 8529
Epoch: [75]  [400/809]  eta: 0:06:26  lr: 0.000010  loss: 9.1545 (9.5262)  loss_bbox: 0.0757 (0.0771)  loss_bbox_aux_0: 0.0743 (0.0818)  loss_bbox_aux_1: 0.0756 (0.0785)  loss_bbox_aux_2: 0.0888 (0.0939)  loss_bbox_dn_0: 0.0440 (0.0484)  loss_bbox_dn_1: 0.0366 (0.0402)  loss_bbox_dn_2: 0.0358 (0.0392)  loss_giou: 0.8309 (0.8998)  loss_giou_aux_0: 0.8498 (0.9344)  loss_giou_aux_1: 0.8247 (0.9076)  loss_giou_aux_2: 0.9370 (0.9871)  loss_giou_dn_0: 0.6905 (0.7178)  loss_giou_dn_1: 0.6162 (0.6429)  loss_giou_dn_2: 0.6052 (0.6340)  loss_vfl: 0.5007 (0.4961)  loss_vfl_aux_0: 0.5157 (0.5060)  loss_vfl_aux_1: 0.5023 (0.5016)  loss_vfl_aux_2: 0.5002 (0.4997)  loss_vfl_dn_0: 0.4723 (0.4701)  loss_vfl_dn_1: 0.4392 (0.4380)  loss_vfl_dn_2: 0.4326 (0.4319)  time: 0.9628  data: 0.0375  max mem: 8529
Epoch: [75]  [500/809]  eta: 0:04:51  lr: 0.000010  loss: 9.5428 (9.5199)  loss_bbox: 0.0716 (0.0769)  loss_bbox_aux_0: 0.0777 (0.0817)  loss_bbox_aux_1: 0.0749 (0.0783)  loss_bbox_aux_2: 0.0894 (0.0939)  loss_bbox_dn_0: 0.0486 (0.0484)  loss_bbox_dn_1: 0.0412 (0.0402)  loss_bbox_dn_2: 0.0399 (0.0392)  loss_giou: 0.8754 (0.8991)  loss_giou_aux_0: 0.8967 (0.9333)  loss_giou_aux_1: 0.8774 (0.9067)  loss_giou_aux_2: 0.9228 (0.9856)  loss_giou_dn_0: 0.7232 (0.7172)  loss_giou_dn_1: 0.6428 (0.6420)  loss_giou_dn_2: 0.6347 (0.6331)  loss_vfl: 0.5138 (0.4965)  loss_vfl_aux_0: 0.5004 (0.5062)  loss_vfl_aux_1: 0.5155 (0.5018)  loss_vfl_aux_2: 0.4983 (0.5004)  loss_vfl_dn_0: 0.4707 (0.4700)  loss_vfl_dn_1: 0.4360 (0.4379)  loss_vfl_dn_2: 0.4298 (0.4317)  time: 0.9555  data: 0.0389  max mem: 8529
Epoch: [75]  [600/809]  eta: 0:03:16  lr: 0.000010  loss: 9.8476 (9.5189)  loss_bbox: 0.0771 (0.0769)  loss_bbox_aux_0: 0.0843 (0.0815)  loss_bbox_aux_1: 0.0795 (0.0783)  loss_bbox_aux_2: 0.0965 (0.0936)  loss_bbox_dn_0: 0.0460 (0.0482)  loss_bbox_dn_1: 0.0394 (0.0400)  loss_bbox_dn_2: 0.0386 (0.0390)  loss_giou: 0.9322 (0.8990)  loss_giou_aux_0: 0.9606 (0.9334)  loss_giou_aux_1: 0.9519 (0.9066)  loss_giou_aux_2: 1.0371 (0.9860)  loss_giou_dn_0: 0.7272 (0.7171)  loss_giou_dn_1: 0.6567 (0.6417)  loss_giou_dn_2: 0.6490 (0.6327)  loss_vfl: 0.4827 (0.4965)  loss_vfl_aux_0: 0.4868 (0.5063)  loss_vfl_aux_1: 0.4882 (0.5019)  loss_vfl_aux_2: 0.4753 (0.5005)  loss_vfl_dn_0: 0.4639 (0.4700)  loss_vfl_dn_1: 0.4333 (0.4380)  loss_vfl_dn_2: 0.4296 (0.4319)  time: 0.9593  data: 0.0428  max mem: 8529
Epoch: [75]  [700/809]  eta: 0:01:42  lr: 0.000010  loss: 9.5429 (9.5236)  loss_bbox: 0.0753 (0.0765)  loss_bbox_aux_0: 0.0835 (0.0811)  loss_bbox_aux_1: 0.0772 (0.0779)  loss_bbox_aux_2: 0.0908 (0.0931)  loss_bbox_dn_0: 0.0479 (0.0484)  loss_bbox_dn_1: 0.0407 (0.0402)  loss_bbox_dn_2: 0.0397 (0.0393)  loss_giou: 0.8819 (0.8979)  loss_giou_aux_0: 0.9038 (0.9321)  loss_giou_aux_1: 0.8748 (0.9056)  loss_giou_aux_2: 0.9588 (0.9848)  loss_giou_dn_0: 0.7315 (0.7180)  loss_giou_dn_1: 0.6579 (0.6421)  loss_giou_dn_2: 0.6496 (0.6332)  loss_vfl: 0.5120 (0.4985)  loss_vfl_aux_0: 0.5201 (0.5083)  loss_vfl_aux_1: 0.5248 (0.5039)  loss_vfl_aux_2: 0.5140 (0.5020)  loss_vfl_dn_0: 0.4698 (0.4700)  loss_vfl_dn_1: 0.4382 (0.4384)  loss_vfl_dn_2: 0.4333 (0.4323)  time: 0.9092  data: 0.0393  max mem: 8529
Epoch: [75]  [800/809]  eta: 0:00:08  lr: 0.000010  loss: 9.5511 (9.5354)  loss_bbox: 0.0678 (0.0767)  loss_bbox_aux_0: 0.0723 (0.0814)  loss_bbox_aux_1: 0.0710 (0.0781)  loss_bbox_aux_2: 0.0852 (0.0934)  loss_bbox_dn_0: 0.0434 (0.0483)  loss_bbox_dn_1: 0.0368 (0.0402)  loss_bbox_dn_2: 0.0358 (0.0392)  loss_giou: 0.9084 (0.9012)  loss_giou_aux_0: 0.9351 (0.9357)  loss_giou_aux_1: 0.9079 (0.9089)  loss_giou_aux_2: 0.9811 (0.9878)  loss_giou_dn_0: 0.7259 (0.7189)  loss_giou_dn_1: 0.6413 (0.6431)  loss_giou_dn_2: 0.6358 (0.6342)  loss_vfl: 0.4926 (0.4972)  loss_vfl_aux_0: 0.5026 (0.5065)  loss_vfl_aux_1: 0.5020 (0.5024)  loss_vfl_aux_2: 0.5005 (0.5005)  loss_vfl_dn_0: 0.4688 (0.4701)  loss_vfl_dn_1: 0.4368 (0.4388)  loss_vfl_dn_2: 0.4318 (0.4327)  time: 0.9476  data: 0.0384  max mem: 8529
Epoch: [75]  [808/809]  eta: 0:00:00  lr: 0.000010  loss: 9.5980 (9.5387)  loss_bbox: 0.0712 (0.0770)  loss_bbox_aux_0: 0.0771 (0.0816)  loss_bbox_aux_1: 0.0754 (0.0784)  loss_bbox_aux_2: 0.0868 (0.0937)  loss_bbox_dn_0: 0.0451 (0.0484)  loss_bbox_dn_1: 0.0380 (0.0402)  loss_bbox_dn_2: 0.0389 (0.0392)  loss_giou: 0.9084 (0.9018)  loss_giou_aux_0: 0.9351 (0.9363)  loss_giou_aux_1: 0.9079 (0.9096)  loss_giou_aux_2: 0.9811 (0.9884)  loss_giou_dn_0: 0.7259 (0.7190)  loss_giou_dn_1: 0.6510 (0.6432)  loss_giou_dn_2: 0.6441 (0.6343)  loss_vfl: 0.4858 (0.4970)  loss_vfl_aux_0: 0.5061 (0.5064)  loss_vfl_aux_1: 0.4944 (0.5022)  loss_vfl_aux_2: 0.5005 (0.5004)  loss_vfl_dn_0: 0.4697 (0.4701)  loss_vfl_dn_1: 0.4393 (0.4388)  loss_vfl_dn_2: 0.4338 (0.4327)  time: 0.7915  data: 0.0329  max mem: 8529
Epoch: [75] Total time: 0:12:36 (0.9354 s / it)
Averaged stats: lr: 0.000010  loss: 9.5980 (9.5387)  loss_bbox: 0.0712 (0.0770)  loss_bbox_aux_0: 0.0771 (0.0816)  loss_bbox_aux_1: 0.0754 (0.0784)  loss_bbox_aux_2: 0.0868 (0.0937)  loss_bbox_dn_0: 0.0451 (0.0484)  loss_bbox_dn_1: 0.0380 (0.0402)  loss_bbox_dn_2: 0.0389 (0.0392)  loss_giou: 0.9084 (0.9018)  loss_giou_aux_0: 0.9351 (0.9363)  loss_giou_aux_1: 0.9079 (0.9096)  loss_giou_aux_2: 0.9811 (0.9884)  loss_giou_dn_0: 0.7259 (0.7190)  loss_giou_dn_1: 0.6510 (0.6432)  loss_giou_dn_2: 0.6441 (0.6343)  loss_vfl: 0.4858 (0.4970)  loss_vfl_aux_0: 0.5061 (0.5064)  loss_vfl_aux_1: 0.4944 (0.5022)  loss_vfl_aux_2: 0.5005 (0.5004)  loss_vfl_dn_0: 0.4697 (0.4701)  loss_vfl_dn_1: 0.4393 (0.4388)  loss_vfl_dn_2: 0.4338 (0.4327)
Test:  [ 0/69]  eta: 0:01:21    time: 1.1796  data: 0.6603  max mem: 8529
Test:  [10/69]  eta: 0:00:36    time: 0.6251  data: 0.0784  max mem: 8529
Test:  [20/69]  eta: 0:00:30    time: 0.5899  data: 0.0208  max mem: 8529
Test:  [30/69]  eta: 0:00:23    time: 0.5868  data: 0.0219  max mem: 8529
Test:  [40/69]  eta: 0:00:16    time: 0.5496  data: 0.0217  max mem: 8529
Test:  [50/69]  eta: 0:00:10    time: 0.5047  data: 0.0211  max mem: 8529
Test:  [60/69]  eta: 0:00:04    time: 0.4810  data: 0.0211  max mem: 8529
Test:  [68/69]  eta: 0:00:00    time: 0.5058  data: 0.0198  max mem: 8529
Test: Total time: 0:00:38 (0.5510 s / it)
Averaged stats: 
Accumulating evaluation results...
DONE (t=2.36s).
IoU metric: bbox
 Average Precision  (AP) @[ IoU=0.50:0.95 | area=   all | maxDets=100 ] = 0.237
 Average Precision  (AP) @[ IoU=0.50      | area=   all | maxDets=100 ] = 0.393
 Average Precision  (AP) @[ IoU=0.75      | area=   all | maxDets=100 ] = 0.243
 Average Precision  (AP) @[ IoU=0.50:0.95 | area= small | maxDets=100 ] = 0.153
 Average Precision  (AP) @[ IoU=0.50:0.95 | area=medium | maxDets=100 ] = 0.334
 Average Precision  (AP) @[ IoU=0.50:0.95 | area= large | maxDets=100 ] = 0.429
 Average Recall     (AR) @[ IoU=0.50:0.95 | area=   all | maxDets=  1 ] = 0.104
 Average Recall     (AR) @[ IoU=0.50:0.95 | area=   all | maxDets= 10 ] = 0.292
 Average Recall     (AR) @[ IoU=0.50:0.95 | area=   all | maxDets=100 ] = 0.390
 Average Recall     (AR) @[ IoU=0.50:0.95 | area= small | maxDets=100 ] = 0.300
 Average Recall     (AR) @[ IoU=0.50:0.95 | area=medium | maxDets=100 ] = 0.508
 Average Recall     (AR) @[ IoU=0.50:0.95 | area= large | maxDets=100 ] = 0.608
best_stat:  {'epoch': 75, 'coco_eval_bbox': 0.23721365359672242}
Epoch: [76]  [  0/809]  eta: 0:57:49  lr: 0.000010  loss: 8.3734 (8.3734)  loss_bbox: 0.0555 (0.0555)  loss_bbox_aux_0: 0.0604 (0.0604)  loss_bbox_aux_1: 0.0562 (0.0562)  loss_bbox_aux_2: 0.0697 (0.0697)  loss_bbox_dn_0: 0.0545 (0.0545)  loss_bbox_dn_1: 0.0433 (0.0433)  loss_bbox_dn_2: 0.0420 (0.0420)  loss_giou: 0.6355 (0.6355)  loss_giou_aux_0: 0.6645 (0.6645)  loss_giou_aux_1: 0.6388 (0.6388)  loss_giou_aux_2: 0.7298 (0.7298)  loss_giou_dn_0: 0.6080 (0.6080)  loss_giou_dn_1: 0.5298 (0.5298)  loss_giou_dn_2: 0.5246 (0.5246)  loss_vfl: 0.5721 (0.5721)  loss_vfl_aux_0: 0.5918 (0.5918)  loss_vfl_aux_1: 0.5886 (0.5886)  loss_vfl_aux_2: 0.5901 (0.5901)  loss_vfl_dn_0: 0.4766 (0.4766)  loss_vfl_dn_1: 0.4244 (0.4244)  loss_vfl_dn_2: 0.4172 (0.4172)  time: 4.2887  data: 2.5662  max mem: 8529
Epoch: [76]  [100/809]  eta: 0:11:23  lr: 0.000010  loss: 9.2712 (9.5636)  loss_bbox: 0.0641 (0.0780)  loss_bbox_aux_0: 0.0661 (0.0828)  loss_bbox_aux_1: 0.0637 (0.0795)  loss_bbox_aux_2: 0.0799 (0.0944)  loss_bbox_dn_0: 0.0405 (0.0483)  loss_bbox_dn_1: 0.0350 (0.0404)  loss_bbox_dn_2: 0.0345 (0.0394)  loss_giou: 0.8557 (0.8984)  loss_giou_aux_0: 0.8752 (0.9326)  loss_giou_aux_1: 0.8600 (0.9061)  loss_giou_aux_2: 0.9310 (0.9818)  loss_giou_dn_0: 0.6933 (0.7204)  loss_giou_dn_1: 0.6223 (0.6459)  loss_giou_dn_2: 0.6154 (0.6370)  loss_vfl: 0.4995 (0.5044)  loss_vfl_aux_0: 0.5120 (0.5128)  loss_vfl_aux_1: 0.5092 (0.5092)  loss_vfl_aux_2: 0.5006 (0.5083)  loss_vfl_dn_0: 0.4673 (0.4703)  loss_vfl_dn_1: 0.4359 (0.4400)  loss_vfl_dn_2: 0.4280 (0.4338)  time: 0.9492  data: 0.0423  max mem: 8529
Epoch: [76]  [200/809]  eta: 0:09:34  lr: 0.000010  loss: 9.7640 (9.6106)  loss_bbox: 0.0687 (0.0795)  loss_bbox_aux_0: 0.0760 (0.0848)  loss_bbox_aux_1: 0.0710 (0.0814)  loss_bbox_aux_2: 0.0877 (0.0965)  loss_bbox_dn_0: 0.0410 (0.0478)  loss_bbox_dn_1: 0.0346 (0.0399)  loss_bbox_dn_2: 0.0343 (0.0389)  loss_giou: 0.9349 (0.9167)  loss_giou_aux_0: 1.0043 (0.9516)  loss_giou_aux_1: 0.9586 (0.9250)  loss_giou_aux_2: 1.0345 (1.0033)  loss_giou_dn_0: 0.7305 (0.7245)  loss_giou_dn_1: 0.6720 (0.6496)  loss_giou_dn_2: 0.6656 (0.6406)  loss_vfl: 0.4780 (0.4935)  loss_vfl_aux_0: 0.4850 (0.5020)  loss_vfl_aux_1: 0.4808 (0.4978)  loss_vfl_aux_2: 0.4830 (0.4967)  loss_vfl_dn_0: 0.4656 (0.4691)  loss_vfl_dn_1: 0.4410 (0.4388)  loss_vfl_dn_2: 0.4340 (0.4327)  time: 0.9368  data: 0.0330  max mem: 8529
Epoch: [76]  [300/809]  eta: 0:08:00  lr: 0.000010  loss: 9.7637 (9.6048)  loss_bbox: 0.0772 (0.0800)  loss_bbox_aux_0: 0.0834 (0.0852)  loss_bbox_aux_1: 0.0792 (0.0819)  loss_bbox_aux_2: 0.0899 (0.0974)  loss_bbox_dn_0: 0.0432 (0.0479)  loss_bbox_dn_1: 0.0366 (0.0399)  loss_bbox_dn_2: 0.0358 (0.0389)  loss_giou: 0.9300 (0.9139)  loss_giou_aux_0: 0.9535 (0.9481)  loss_giou_aux_1: 0.9377 (0.9221)  loss_giou_aux_2: 1.0087 (1.0006)  loss_giou_dn_0: 0.7391 (0.7223)  loss_giou_dn_1: 0.6339 (0.6473)  loss_giou_dn_2: 0.6240 (0.6383)  loss_vfl: 0.4650 (0.4960)  loss_vfl_aux_0: 0.4738 (0.5051)  loss_vfl_aux_1: 0.4595 (0.5006)  loss_vfl_aux_2: 0.4781 (0.4994)  loss_vfl_dn_0: 0.4651 (0.4691)  loss_vfl_dn_1: 0.4362 (0.4383)  loss_vfl_dn_2: 0.4291 (0.4322)  time: 0.9391  data: 0.0431  max mem: 8529
Epoch: [76]  [400/809]  eta: 0:06:20  lr: 0.000010  loss: 9.1776 (9.6000)  loss_bbox: 0.0808 (0.0811)  loss_bbox_aux_0: 0.0848 (0.0861)  loss_bbox_aux_1: 0.0818 (0.0828)  loss_bbox_aux_2: 0.0945 (0.0978)  loss_bbox_dn_0: 0.0454 (0.0480)  loss_bbox_dn_1: 0.0393 (0.0400)  loss_bbox_dn_2: 0.0390 (0.0390)  loss_giou: 0.8254 (0.9135)  loss_giou_aux_0: 0.8483 (0.9477)  loss_giou_aux_1: 0.8396 (0.9218)  loss_giou_aux_2: 0.9326 (0.9998)  loss_giou_dn_0: 0.7026 (0.7212)  loss_giou_dn_1: 0.6266 (0.6464)  loss_giou_dn_2: 0.6184 (0.6374)  loss_vfl: 0.4911 (0.4949)  loss_vfl_aux_0: 0.4978 (0.5043)  loss_vfl_aux_1: 0.4991 (0.4999)  loss_vfl_aux_2: 0.4956 (0.4989)  loss_vfl_dn_0: 0.4683 (0.4689)  loss_vfl_dn_1: 0.4401 (0.4383)  loss_vfl_dn_2: 0.4281 (0.4322)  time: 0.8709  data: 0.0327  max mem: 8529
Epoch: [76]  [500/809]  eta: 0:04:47  lr: 0.000010  loss: 9.5727 (9.5859)  loss_bbox: 0.0672 (0.0801)  loss_bbox_aux_0: 0.0722 (0.0850)  loss_bbox_aux_1: 0.0688 (0.0817)  loss_bbox_aux_2: 0.0811 (0.0967)  loss_bbox_dn_0: 0.0472 (0.0482)  loss_bbox_dn_1: 0.0402 (0.0401)  loss_bbox_dn_2: 0.0395 (0.0392)  loss_giou: 0.9246 (0.9088)  loss_giou_aux_0: 0.9643 (0.9431)  loss_giou_aux_1: 0.9402 (0.9173)  loss_giou_aux_2: 1.0256 (0.9949)  loss_giou_dn_0: 0.7467 (0.7205)  loss_giou_dn_1: 0.6779 (0.6456)  loss_giou_dn_2: 0.6663 (0.6366)  loss_vfl: 0.4973 (0.4973)  loss_vfl_aux_0: 0.5154 (0.5069)  loss_vfl_aux_1: 0.5042 (0.5023)  loss_vfl_aux_2: 0.4979 (0.5017)  loss_vfl_dn_0: 0.4696 (0.4692)  loss_vfl_dn_1: 0.4376 (0.4384)  loss_vfl_dn_2: 0.4310 (0.4323)  time: 0.9684  data: 0.0349  max mem: 8529
Epoch: [76]  [600/809]  eta: 0:03:13  lr: 0.000010  loss: 9.6331 (9.5768)  loss_bbox: 0.0782 (0.0805)  loss_bbox_aux_0: 0.0848 (0.0853)  loss_bbox_aux_1: 0.0787 (0.0821)  loss_bbox_aux_2: 0.0987 (0.0972)  loss_bbox_dn_0: 0.0496 (0.0486)  loss_bbox_dn_1: 0.0406 (0.0405)  loss_bbox_dn_2: 0.0397 (0.0395)  loss_giou: 0.9277 (0.9070)  loss_giou_aux_0: 0.9489 (0.9417)  loss_giou_aux_1: 0.9426 (0.9159)  loss_giou_aux_2: 0.9926 (0.9938)  loss_giou_dn_0: 0.7151 (0.7191)  loss_giou_dn_1: 0.6427 (0.6441)  loss_giou_dn_2: 0.6371 (0.6350)  loss_vfl: 0.5007 (0.4968)  loss_vfl_aux_0: 0.5166 (0.5066)  loss_vfl_aux_1: 0.5117 (0.5018)  loss_vfl_aux_2: 0.5071 (0.5014)  loss_vfl_dn_0: 0.4688 (0.4694)  loss_vfl_dn_1: 0.4374 (0.4383)  loss_vfl_dn_2: 0.4316 (0.4322)  time: 0.8991  data: 0.0468  max mem: 8529
Epoch: [76]  [700/809]  eta: 0:01:40  lr: 0.000010  loss: 9.8216 (9.5695)  loss_bbox: 0.0819 (0.0803)  loss_bbox_aux_0: 0.0839 (0.0850)  loss_bbox_aux_1: 0.0835 (0.0819)  loss_bbox_aux_2: 0.0947 (0.0969)  loss_bbox_dn_0: 0.0454 (0.0484)  loss_bbox_dn_1: 0.0350 (0.0403)  loss_bbox_dn_2: 0.0343 (0.0393)  loss_giou: 0.9711 (0.9064)  loss_giou_aux_0: 1.0103 (0.9412)  loss_giou_aux_1: 0.9754 (0.9152)  loss_giou_aux_2: 1.0610 (0.9943)  loss_giou_dn_0: 0.7382 (0.7187)  loss_giou_dn_1: 0.6659 (0.6435)  loss_giou_dn_2: 0.6564 (0.6344)  loss_vfl: 0.4713 (0.4961)  loss_vfl_aux_0: 0.4836 (0.5062)  loss_vfl_aux_1: 0.4742 (0.5012)  loss_vfl_aux_2: 0.4794 (0.5006)  loss_vfl_dn_0: 0.4707 (0.4692)  loss_vfl_dn_1: 0.4398 (0.4382)  loss_vfl_dn_2: 0.4325 (0.4321)  time: 0.8891  data: 0.0389  max mem: 8529
Epoch: [76]  [800/809]  eta: 0:00:08  lr: 0.000010  loss: 10.0618 (9.5624)  loss_bbox: 0.0734 (0.0799)  loss_bbox_aux_0: 0.0759 (0.0846)  loss_bbox_aux_1: 0.0764 (0.0814)  loss_bbox_aux_2: 0.0871 (0.0964)  loss_bbox_dn_0: 0.0401 (0.0481)  loss_bbox_dn_1: 0.0334 (0.0400)  loss_bbox_dn_2: 0.0330 (0.0391)  loss_giou: 1.0308 (0.9057)  loss_giou_aux_0: 1.0830 (0.9406)  loss_giou_aux_1: 1.0506 (0.9144)  loss_giou_aux_2: 1.1095 (0.9938)  loss_giou_dn_0: 0.7612 (0.7176)  loss_giou_dn_1: 0.6862 (0.6428)  loss_giou_dn_2: 0.6740 (0.6337)  loss_vfl: 0.4496 (0.4964)  loss_vfl_aux_0: 0.4485 (0.5062)  loss_vfl_aux_1: 0.4520 (0.5014)  loss_vfl_aux_2: 0.4489 (0.5002)  loss_vfl_dn_0: 0.4655 (0.4695)  loss_vfl_dn_1: 0.4327 (0.4383)  loss_vfl_dn_2: 0.4260 (0.4323)  time: 0.9174  data: 0.0370  max mem: 8529
Epoch: [76]  [808/809]  eta: 0:00:00  lr: 0.000010  loss: 9.1960 (9.5563)  loss_bbox: 0.0709 (0.0798)  loss_bbox_aux_0: 0.0729 (0.0845)  loss_bbox_aux_1: 0.0711 (0.0813)  loss_bbox_aux_2: 0.0857 (0.0963)  loss_bbox_dn_0: 0.0446 (0.0481)  loss_bbox_dn_1: 0.0378 (0.0400)  loss_bbox_dn_2: 0.0370 (0.0391)  loss_giou: 0.8319 (0.9044)  loss_giou_aux_0: 0.8610 (0.9391)  loss_giou_aux_1: 0.8417 (0.9130)  loss_giou_aux_2: 0.9384 (0.9924)  loss_giou_dn_0: 0.6905 (0.7170)  loss_giou_dn_1: 0.6164 (0.6421)  loss_giou_dn_2: 0.6075 (0.6330)  loss_vfl: 0.5114 (0.4967)  loss_vfl_aux_0: 0.5017 (0.5066)  loss_vfl_aux_1: 0.5115 (0.5018)  loss_vfl_aux_2: 0.4885 (0.5006)  loss_vfl_dn_0: 0.4716 (0.4697)  loss_vfl_dn_1: 0.4423 (0.4384)  loss_vfl_dn_2: 0.4349 (0.4323)  time: 0.7813  data: 0.0300  max mem: 8529
Epoch: [76] Total time: 0:12:25 (0.9217 s / it)
Averaged stats: lr: 0.000010  loss: 9.1960 (9.5563)  loss_bbox: 0.0709 (0.0798)  loss_bbox_aux_0: 0.0729 (0.0845)  loss_bbox_aux_1: 0.0711 (0.0813)  loss_bbox_aux_2: 0.0857 (0.0963)  loss_bbox_dn_0: 0.0446 (0.0481)  loss_bbox_dn_1: 0.0378 (0.0400)  loss_bbox_dn_2: 0.0370 (0.0391)  loss_giou: 0.8319 (0.9044)  loss_giou_aux_0: 0.8610 (0.9391)  loss_giou_aux_1: 0.8417 (0.9130)  loss_giou_aux_2: 0.9384 (0.9924)  loss_giou_dn_0: 0.6905 (0.7170)  loss_giou_dn_1: 0.6164 (0.6421)  loss_giou_dn_2: 0.6075 (0.6330)  loss_vfl: 0.5114 (0.4967)  loss_vfl_aux_0: 0.5017 (0.5066)  loss_vfl_aux_1: 0.5115 (0.5018)  loss_vfl_aux_2: 0.4885 (0.5006)  loss_vfl_dn_0: 0.4716 (0.4697)  loss_vfl_dn_1: 0.4423 (0.4384)  loss_vfl_dn_2: 0.4349 (0.4323)
Test:  [ 0/69]  eta: 0:01:16    time: 1.1128  data: 0.5754  max mem: 8529
Test:  [10/69]  eta: 0:00:37    time: 0.6316  data: 0.0728  max mem: 8529
Test:  [20/69]  eta: 0:00:31    time: 0.6105  data: 0.0221  max mem: 8529
Test:  [30/69]  eta: 0:00:24    time: 0.6123  data: 0.0222  max mem: 8529
Test:  [40/69]  eta: 0:00:17    time: 0.5607  data: 0.0228  max mem: 8529
Test:  [50/69]  eta: 0:00:10    time: 0.5148  data: 0.0227  max mem: 8529
Test:  [60/69]  eta: 0:00:05    time: 0.4911  data: 0.0223  max mem: 8529
Test:  [68/69]  eta: 0:00:00    time: 0.4973  data: 0.0209  max mem: 8529
Test: Total time: 0:00:38 (0.5593 s / it)
Averaged stats: 
Accumulating evaluation results...
DONE (t=2.01s).
IoU metric: bbox
 Average Precision  (AP) @[ IoU=0.50:0.95 | area=   all | maxDets=100 ] = 0.238
 Average Precision  (AP) @[ IoU=0.50      | area=   all | maxDets=100 ] = 0.394
 Average Precision  (AP) @[ IoU=0.75      | area=   all | maxDets=100 ] = 0.243
 Average Precision  (AP) @[ IoU=0.50:0.95 | area= small | maxDets=100 ] = 0.153
 Average Precision  (AP) @[ IoU=0.50:0.95 | area=medium | maxDets=100 ] = 0.334
 Average Precision  (AP) @[ IoU=0.50:0.95 | area= large | maxDets=100 ] = 0.431
 Average Recall     (AR) @[ IoU=0.50:0.95 | area=   all | maxDets=  1 ] = 0.105
 Average Recall     (AR) @[ IoU=0.50:0.95 | area=   all | maxDets= 10 ] = 0.293
 Average Recall     (AR) @[ IoU=0.50:0.95 | area=   all | maxDets=100 ] = 0.391
 Average Recall     (AR) @[ IoU=0.50:0.95 | area= small | maxDets=100 ] = 0.300
 Average Recall     (AR) @[ IoU=0.50:0.95 | area=medium | maxDets=100 ] = 0.508
 Average Recall     (AR) @[ IoU=0.50:0.95 | area= large | maxDets=100 ] = 0.608
best_stat:  {'epoch': 76, 'coco_eval_bbox': 0.2375899352415746}
Epoch: [77]  [  0/809]  eta: 1:16:54  lr: 0.000010  loss: 10.2424 (10.2424)  loss_bbox: 0.0781 (0.0781)  loss_bbox_aux_0: 0.0821 (0.0821)  loss_bbox_aux_1: 0.0783 (0.0783)  loss_bbox_aux_2: 0.0949 (0.0949)  loss_bbox_dn_0: 0.0394 (0.0394)  loss_bbox_dn_1: 0.0333 (0.0333)  loss_bbox_dn_2: 0.0328 (0.0328)  loss_giou: 1.0384 (1.0384)  loss_giou_aux_0: 1.0706 (1.0706)  loss_giou_aux_1: 1.0441 (1.0441)  loss_giou_aux_2: 1.0876 (1.0876)  loss_giou_dn_0: 0.7382 (0.7382)  loss_giou_dn_1: 0.6593 (0.6593)  loss_giou_dn_2: 0.6552 (0.6552)  loss_vfl: 0.5322 (0.5322)  loss_vfl_aux_0: 0.5338 (0.5338)  loss_vfl_aux_1: 0.5365 (0.5365)  loss_vfl_aux_2: 0.5255 (0.5255)  loss_vfl_dn_0: 0.4906 (0.4906)  loss_vfl_dn_1: 0.4493 (0.4493)  loss_vfl_dn_2: 0.4421 (0.4421)  time: 5.7033  data: 3.2907  max mem: 8529
Epoch: [77]  [100/809]  eta: 0:11:36  lr: 0.000010  loss: 10.0874 (9.5422)  loss_bbox: 0.0947 (0.0855)  loss_bbox_aux_0: 0.0967 (0.0896)  loss_bbox_aux_1: 0.0936 (0.0866)  loss_bbox_aux_2: 0.1065 (0.1018)  loss_bbox_dn_0: 0.0447 (0.0491)  loss_bbox_dn_1: 0.0365 (0.0409)  loss_bbox_dn_2: 0.0358 (0.0400)  loss_giou: 0.9611 (0.8970)  loss_giou_aux_0: 1.0200 (0.9331)  loss_giou_aux_1: 0.9656 (0.9050)  loss_giou_aux_2: 1.0422 (0.9862)  loss_giou_dn_0: 0.7392 (0.7085)  loss_giou_dn_1: 0.6468 (0.6332)  loss_giou_dn_2: 0.6354 (0.6243)  loss_vfl: 0.4799 (0.4985)  loss_vfl_aux_0: 0.4893 (0.5102)  loss_vfl_aux_1: 0.4850 (0.5046)  loss_vfl_aux_2: 0.4675 (0.5055)  loss_vfl_dn_0: 0.4661 (0.4713)  loss_vfl_dn_1: 0.4430 (0.4389)  loss_vfl_dn_2: 0.4363 (0.4324)  time: 0.9758  data: 0.0469  max mem: 8529
Epoch: [77]  [200/809]  eta: 0:09:39  lr: 0.000010  loss: 9.3973 (9.4440)  loss_bbox: 0.0775 (0.0807)  loss_bbox_aux_0: 0.0870 (0.0847)  loss_bbox_aux_1: 0.0801 (0.0818)  loss_bbox_aux_2: 0.0994 (0.0963)  loss_bbox_dn_0: 0.0499 (0.0483)  loss_bbox_dn_1: 0.0420 (0.0401)  loss_bbox_dn_2: 0.0410 (0.0392)  loss_giou: 0.8720 (0.8825)  loss_giou_aux_0: 0.8968 (0.9169)  loss_giou_aux_1: 0.8714 (0.8899)  loss_giou_aux_2: 0.9765 (0.9694)  loss_giou_dn_0: 0.6827 (0.7029)  loss_giou_dn_1: 0.6066 (0.6290)  loss_giou_dn_2: 0.5930 (0.6200)  loss_vfl: 0.4882 (0.4986)  loss_vfl_aux_0: 0.5006 (0.5110)  loss_vfl_aux_1: 0.4930 (0.5053)  loss_vfl_aux_2: 0.5061 (0.5064)  loss_vfl_dn_0: 0.4692 (0.4713)  loss_vfl_dn_1: 0.4368 (0.4381)  loss_vfl_dn_2: 0.4309 (0.4317)  time: 0.9081  data: 0.0329  max mem: 8529
Epoch: [77]  [300/809]  eta: 0:07:59  lr: 0.000010  loss: 9.8680 (9.5334)  loss_bbox: 0.0760 (0.0823)  loss_bbox_aux_0: 0.0815 (0.0871)  loss_bbox_aux_1: 0.0768 (0.0837)  loss_bbox_aux_2: 0.0983 (0.0991)  loss_bbox_dn_0: 0.0420 (0.0487)  loss_bbox_dn_1: 0.0341 (0.0405)  loss_bbox_dn_2: 0.0331 (0.0395)  loss_giou: 0.9157 (0.9001)  loss_giou_aux_0: 0.9570 (0.9346)  loss_giou_aux_1: 0.9364 (0.9077)  loss_giou_aux_2: 1.0260 (0.9859)  loss_giou_dn_0: 0.7288 (0.7133)  loss_giou_dn_1: 0.6660 (0.6393)  loss_giou_dn_2: 0.6584 (0.6303)  loss_vfl: 0.4469 (0.4944)  loss_vfl_aux_0: 0.4470 (0.5056)  loss_vfl_aux_1: 0.4532 (0.5008)  loss_vfl_aux_2: 0.4397 (0.5000)  loss_vfl_dn_0: 0.4635 (0.4705)  loss_vfl_dn_1: 0.4376 (0.4381)  loss_vfl_dn_2: 0.4319 (0.4319)  time: 0.9422  data: 0.0374  max mem: 8529
Epoch: [77]  [400/809]  eta: 0:06:23  lr: 0.000010  loss: 9.3726 (9.5279)  loss_bbox: 0.0739 (0.0809)  loss_bbox_aux_0: 0.0774 (0.0858)  loss_bbox_aux_1: 0.0753 (0.0823)  loss_bbox_aux_2: 0.0952 (0.0979)  loss_bbox_dn_0: 0.0498 (0.0486)  loss_bbox_dn_1: 0.0413 (0.0404)  loss_bbox_dn_2: 0.0401 (0.0394)  loss_giou: 0.8274 (0.8993)  loss_giou_aux_0: 0.8661 (0.9336)  loss_giou_aux_1: 0.8406 (0.9065)  loss_giou_aux_2: 0.9436 (0.9854)  loss_giou_dn_0: 0.6846 (0.7133)  loss_giou_dn_1: 0.6096 (0.6389)  loss_giou_dn_2: 0.5998 (0.6299)  loss_vfl: 0.5212 (0.4959)  loss_vfl_aux_0: 0.5255 (0.5067)  loss_vfl_aux_1: 0.5258 (0.5021)  loss_vfl_aux_2: 0.5150 (0.5007)  loss_vfl_dn_0: 0.4736 (0.4707)  loss_vfl_dn_1: 0.4380 (0.4381)  loss_vfl_dn_2: 0.4315 (0.4317)  time: 0.9061  data: 0.0381  max mem: 8529
Epoch: [77]  [500/809]  eta: 0:04:50  lr: 0.000010  loss: 9.5356 (9.5415)  loss_bbox: 0.0649 (0.0811)  loss_bbox_aux_0: 0.0664 (0.0861)  loss_bbox_aux_1: 0.0656 (0.0826)  loss_bbox_aux_2: 0.0791 (0.0981)  loss_bbox_dn_0: 0.0418 (0.0481)  loss_bbox_dn_1: 0.0352 (0.0399)  loss_bbox_dn_2: 0.0341 (0.0390)  loss_giou: 0.9048 (0.9035)  loss_giou_aux_0: 0.9235 (0.9381)  loss_giou_aux_1: 0.9029 (0.9107)  loss_giou_aux_2: 0.9679 (0.9892)  loss_giou_dn_0: 0.7022 (0.7143)  loss_giou_dn_1: 0.6291 (0.6400)  loss_giou_dn_2: 0.6194 (0.6310)  loss_vfl: 0.4718 (0.4945)  loss_vfl_aux_0: 0.4865 (0.5049)  loss_vfl_aux_1: 0.4777 (0.5005)  loss_vfl_aux_2: 0.4890 (0.4996)  loss_vfl_dn_0: 0.4681 (0.4705)  loss_vfl_dn_1: 0.4385 (0.4380)  loss_vfl_dn_2: 0.4338 (0.4320)  time: 0.9678  data: 0.0424  max mem: 8529
Epoch: [77]  [600/809]  eta: 0:03:15  lr: 0.000010  loss: 9.1855 (9.5320)  loss_bbox: 0.0631 (0.0806)  loss_bbox_aux_0: 0.0680 (0.0855)  loss_bbox_aux_1: 0.0649 (0.0820)  loss_bbox_aux_2: 0.0785 (0.0975)  loss_bbox_dn_0: 0.0421 (0.0482)  loss_bbox_dn_1: 0.0359 (0.0400)  loss_bbox_dn_2: 0.0349 (0.0391)  loss_giou: 0.8281 (0.9013)  loss_giou_aux_0: 0.8500 (0.9353)  loss_giou_aux_1: 0.8284 (0.9085)  loss_giou_aux_2: 0.9003 (0.9866)  loss_giou_dn_0: 0.6880 (0.7141)  loss_giou_dn_1: 0.6106 (0.6397)  loss_giou_dn_2: 0.5988 (0.6306)  loss_vfl: 0.5142 (0.4952)  loss_vfl_aux_0: 0.5303 (0.5056)  loss_vfl_aux_1: 0.5210 (0.5008)  loss_vfl_aux_2: 0.5201 (0.5003)  loss_vfl_dn_0: 0.4729 (0.4705)  loss_vfl_dn_1: 0.4370 (0.4383)  loss_vfl_dn_2: 0.4341 (0.4323)  time: 0.9154  data: 0.0391  max mem: 8529
Epoch: [77]  [700/809]  eta: 0:01:42  lr: 0.000010  loss: 9.1726 (9.5171)  loss_bbox: 0.0674 (0.0797)  loss_bbox_aux_0: 0.0699 (0.0846)  loss_bbox_aux_1: 0.0671 (0.0812)  loss_bbox_aux_2: 0.0813 (0.0965)  loss_bbox_dn_0: 0.0467 (0.0480)  loss_bbox_dn_1: 0.0395 (0.0399)  loss_bbox_dn_2: 0.0381 (0.0389)  loss_giou: 0.8256 (0.8986)  loss_giou_aux_0: 0.8690 (0.9325)  loss_giou_aux_1: 0.8342 (0.9059)  loss_giou_aux_2: 0.9130 (0.9844)  loss_giou_dn_0: 0.6720 (0.7133)  loss_giou_dn_1: 0.6006 (0.6386)  loss_giou_dn_2: 0.5902 (0.6295)  loss_vfl: 0.5212 (0.4960)  loss_vfl_aux_0: 0.5337 (0.5063)  loss_vfl_aux_1: 0.5282 (0.5016)  loss_vfl_aux_2: 0.5240 (0.5010)  loss_vfl_dn_0: 0.4714 (0.4704)  loss_vfl_dn_1: 0.4396 (0.4382)  loss_vfl_dn_2: 0.4342 (0.4322)  time: 0.9510  data: 0.0355  max mem: 8529
Epoch: [77]  [800/809]  eta: 0:00:08  lr: 0.000010  loss: 9.6140 (9.5299)  loss_bbox: 0.0698 (0.0796)  loss_bbox_aux_0: 0.0753 (0.0846)  loss_bbox_aux_1: 0.0734 (0.0812)  loss_bbox_aux_2: 0.0859 (0.0964)  loss_bbox_dn_0: 0.0479 (0.0481)  loss_bbox_dn_1: 0.0395 (0.0399)  loss_bbox_dn_2: 0.0387 (0.0390)  loss_giou: 0.8701 (0.9001)  loss_giou_aux_0: 0.8983 (0.9341)  loss_giou_aux_1: 0.8855 (0.9074)  loss_giou_aux_2: 0.9464 (0.9857)  loss_giou_dn_0: 0.7337 (0.7150)  loss_giou_dn_1: 0.6640 (0.6404)  loss_giou_dn_2: 0.6553 (0.6313)  loss_vfl: 0.5071 (0.4966)  loss_vfl_aux_0: 0.5341 (0.5068)  loss_vfl_aux_1: 0.5187 (0.5021)  loss_vfl_aux_2: 0.5256 (0.5012)  loss_vfl_dn_0: 0.4723 (0.4702)  loss_vfl_dn_1: 0.4410 (0.4381)  loss_vfl_dn_2: 0.4309 (0.4321)  time: 0.9128  data: 0.0345  max mem: 8529
Epoch: [77]  [808/809]  eta: 0:00:00  lr: 0.000010  loss: 9.6779 (9.5286)  loss_bbox: 0.0719 (0.0796)  loss_bbox_aux_0: 0.0808 (0.0846)  loss_bbox_aux_1: 0.0740 (0.0811)  loss_bbox_aux_2: 0.0939 (0.0964)  loss_bbox_dn_0: 0.0479 (0.0481)  loss_bbox_dn_1: 0.0389 (0.0399)  loss_bbox_dn_2: 0.0376 (0.0390)  loss_giou: 0.9409 (0.9000)  loss_giou_aux_0: 0.9621 (0.9340)  loss_giou_aux_1: 0.9314 (0.9072)  loss_giou_aux_2: 1.0152 (0.9856)  loss_giou_dn_0: 0.7374 (0.7150)  loss_giou_dn_1: 0.6712 (0.6404)  loss_giou_dn_2: 0.6574 (0.6312)  loss_vfl: 0.4723 (0.4965)  loss_vfl_aux_0: 0.4860 (0.5067)  loss_vfl_aux_1: 0.4753 (0.5020)  loss_vfl_aux_2: 0.4667 (0.5012)  loss_vfl_dn_0: 0.4650 (0.4701)  loss_vfl_dn_1: 0.4392 (0.4381)  loss_vfl_dn_2: 0.4309 (0.4320)  time: 0.7580  data: 0.0318  max mem: 8529
Epoch: [77] Total time: 0:12:34 (0.9326 s / it)
Averaged stats: lr: 0.000010  loss: 9.6779 (9.5286)  loss_bbox: 0.0719 (0.0796)  loss_bbox_aux_0: 0.0808 (0.0846)  loss_bbox_aux_1: 0.0740 (0.0811)  loss_bbox_aux_2: 0.0939 (0.0964)  loss_bbox_dn_0: 0.0479 (0.0481)  loss_bbox_dn_1: 0.0389 (0.0399)  loss_bbox_dn_2: 0.0376 (0.0390)  loss_giou: 0.9409 (0.9000)  loss_giou_aux_0: 0.9621 (0.9340)  loss_giou_aux_1: 0.9314 (0.9072)  loss_giou_aux_2: 1.0152 (0.9856)  loss_giou_dn_0: 0.7374 (0.7150)  loss_giou_dn_1: 0.6712 (0.6404)  loss_giou_dn_2: 0.6574 (0.6312)  loss_vfl: 0.4723 (0.4965)  loss_vfl_aux_0: 0.4860 (0.5067)  loss_vfl_aux_1: 0.4753 (0.5020)  loss_vfl_aux_2: 0.4667 (0.5012)  loss_vfl_dn_0: 0.4650 (0.4701)  loss_vfl_dn_1: 0.4392 (0.4381)  loss_vfl_dn_2: 0.4309 (0.4320)
Test:  [ 0/69]  eta: 0:01:26    time: 1.2583  data: 0.7485  max mem: 8529
Test:  [10/69]  eta: 0:00:42    time: 0.7192  data: 0.0832  max mem: 8529
Test:  [20/69]  eta: 0:00:33    time: 0.6503  data: 0.0191  max mem: 8529
Test:  [30/69]  eta: 0:00:24    time: 0.5934  data: 0.0219  max mem: 8529
Test:  [40/69]  eta: 0:00:17    time: 0.5406  data: 0.0222  max mem: 8529
Test:  [50/69]  eta: 0:00:11    time: 0.5173  data: 0.0224  max mem: 8529
Test:  [60/69]  eta: 0:00:05    time: 0.4973  data: 0.0221  max mem: 8529
Test:  [68/69]  eta: 0:00:00    time: 0.5103  data: 0.0204  max mem: 8529
Test: Total time: 0:00:39 (0.5711 s / it)
Averaged stats: 
Accumulating evaluation results...
DONE (t=2.01s).
IoU metric: bbox
 Average Precision  (AP) @[ IoU=0.50:0.95 | area=   all | maxDets=100 ] = 0.238
 Average Precision  (AP) @[ IoU=0.50      | area=   all | maxDets=100 ] = 0.393
 Average Precision  (AP) @[ IoU=0.75      | area=   all | maxDets=100 ] = 0.243
 Average Precision  (AP) @[ IoU=0.50:0.95 | area= small | maxDets=100 ] = 0.154
 Average Precision  (AP) @[ IoU=0.50:0.95 | area=medium | maxDets=100 ] = 0.334
 Average Precision  (AP) @[ IoU=0.50:0.95 | area= large | maxDets=100 ] = 0.434
 Average Recall     (AR) @[ IoU=0.50:0.95 | area=   all | maxDets=  1 ] = 0.105
 Average Recall     (AR) @[ IoU=0.50:0.95 | area=   all | maxDets= 10 ] = 0.293
 Average Recall     (AR) @[ IoU=0.50:0.95 | area=   all | maxDets=100 ] = 0.391
 Average Recall     (AR) @[ IoU=0.50:0.95 | area= small | maxDets=100 ] = 0.301
 Average Recall     (AR) @[ IoU=0.50:0.95 | area=medium | maxDets=100 ] = 0.509
 Average Recall     (AR) @[ IoU=0.50:0.95 | area= large | maxDets=100 ] = 0.618
best_stat:  {'epoch': 77, 'coco_eval_bbox': 0.2377007960250672}
Epoch: [78]  [  0/809]  eta: 1:24:12  lr: 0.000010  loss: 11.5501 (11.5501)  loss_bbox: 0.1446 (0.1446)  loss_bbox_aux_0: 0.1519 (0.1519)  loss_bbox_aux_1: 0.1508 (0.1508)  loss_bbox_aux_2: 0.1651 (0.1651)  loss_bbox_dn_0: 0.0541 (0.0541)  loss_bbox_dn_1: 0.0473 (0.0473)  loss_bbox_dn_2: 0.0465 (0.0465)  loss_giou: 1.2737 (1.2737)  loss_giou_aux_0: 1.3045 (1.3045)  loss_giou_aux_1: 1.2935 (1.2935)  loss_giou_aux_2: 1.3371 (1.3371)  loss_giou_dn_0: 0.8458 (0.8458)  loss_giou_dn_1: 0.7657 (0.7657)  loss_giou_dn_2: 0.7599 (0.7599)  loss_vfl: 0.4629 (0.4629)  loss_vfl_aux_0: 0.4606 (0.4606)  loss_vfl_aux_1: 0.4609 (0.4609)  loss_vfl_aux_2: 0.4506 (0.4506)  loss_vfl_dn_0: 0.4708 (0.4708)  loss_vfl_dn_1: 0.4567 (0.4567)  loss_vfl_dn_2: 0.4473 (0.4473)  time: 6.2454  data: 2.4376  max mem: 8529
Epoch: [78]  [100/809]  eta: 0:11:35  lr: 0.000010  loss: 9.6666 (9.5329)  loss_bbox: 0.0747 (0.0804)  loss_bbox_aux_0: 0.0799 (0.0852)  loss_bbox_aux_1: 0.0752 (0.0822)  loss_bbox_aux_2: 0.0910 (0.0971)  loss_bbox_dn_0: 0.0458 (0.0481)  loss_bbox_dn_1: 0.0377 (0.0401)  loss_bbox_dn_2: 0.0369 (0.0391)  loss_giou: 0.9359 (0.9000)  loss_giou_aux_0: 0.9765 (0.9342)  loss_giou_aux_1: 0.9345 (0.9062)  loss_giou_aux_2: 1.0272 (0.9886)  loss_giou_dn_0: 0.7222 (0.7123)  loss_giou_dn_1: 0.6406 (0.6391)  loss_giou_dn_2: 0.6351 (0.6302)  loss_vfl: 0.4794 (0.5000)  loss_vfl_aux_0: 0.4802 (0.5092)  loss_vfl_aux_1: 0.4736 (0.5044)  loss_vfl_aux_2: 0.4886 (0.5014)  loss_vfl_dn_0: 0.4634 (0.4693)  loss_vfl_dn_1: 0.4330 (0.4361)  loss_vfl_dn_2: 0.4258 (0.4295)  time: 0.9484  data: 0.0313  max mem: 8529
Epoch: [78]  [200/809]  eta: 0:09:36  lr: 0.000010  loss: 9.2833 (9.4992)  loss_bbox: 0.0684 (0.0771)  loss_bbox_aux_0: 0.0708 (0.0819)  loss_bbox_aux_1: 0.0710 (0.0789)  loss_bbox_aux_2: 0.0833 (0.0940)  loss_bbox_dn_0: 0.0448 (0.0492)  loss_bbox_dn_1: 0.0375 (0.0409)  loss_bbox_dn_2: 0.0369 (0.0399)  loss_giou: 0.8409 (0.8887)  loss_giou_aux_0: 0.8725 (0.9236)  loss_giou_aux_1: 0.8439 (0.8955)  loss_giou_aux_2: 0.9275 (0.9776)  loss_giou_dn_0: 0.6933 (0.7147)  loss_giou_dn_1: 0.6319 (0.6406)  loss_giou_dn_2: 0.6222 (0.6314)  loss_vfl: 0.5168 (0.5025)  loss_vfl_aux_0: 0.5295 (0.5121)  loss_vfl_aux_1: 0.5291 (0.5076)  loss_vfl_aux_2: 0.5212 (0.5057)  loss_vfl_dn_0: 0.4695 (0.4692)  loss_vfl_dn_1: 0.4393 (0.4371)  loss_vfl_dn_2: 0.4336 (0.4308)  time: 0.8949  data: 0.0389  max mem: 8529
Epoch: [78]  [300/809]  eta: 0:07:58  lr: 0.000010  loss: 9.6194 (9.4930)  loss_bbox: 0.0746 (0.0774)  loss_bbox_aux_0: 0.0756 (0.0822)  loss_bbox_aux_1: 0.0763 (0.0792)  loss_bbox_aux_2: 0.0911 (0.0944)  loss_bbox_dn_0: 0.0465 (0.0491)  loss_bbox_dn_1: 0.0392 (0.0408)  loss_bbox_dn_2: 0.0380 (0.0398)  loss_giou: 0.9194 (0.8887)  loss_giou_aux_0: 0.9542 (0.9234)  loss_giou_aux_1: 0.9203 (0.8959)  loss_giou_aux_2: 1.0008 (0.9778)  loss_giou_dn_0: 0.7366 (0.7130)  loss_giou_dn_1: 0.6470 (0.6383)  loss_giou_dn_2: 0.6406 (0.6291)  loss_vfl: 0.4934 (0.5022)  loss_vfl_aux_0: 0.5032 (0.5119)  loss_vfl_aux_1: 0.5004 (0.5071)  loss_vfl_aux_2: 0.4868 (0.5049)  loss_vfl_dn_0: 0.4690 (0.4696)  loss_vfl_dn_1: 0.4326 (0.4373)  loss_vfl_dn_2: 0.4275 (0.4308)  time: 0.9181  data: 0.0388  max mem: 8529
Epoch: [78]  [400/809]  eta: 0:06:22  lr: 0.000010  loss: 9.4100 (9.4695)  loss_bbox: 0.0695 (0.0773)  loss_bbox_aux_0: 0.0795 (0.0821)  loss_bbox_aux_1: 0.0729 (0.0791)  loss_bbox_aux_2: 0.0890 (0.0942)  loss_bbox_dn_0: 0.0431 (0.0492)  loss_bbox_dn_1: 0.0351 (0.0408)  loss_bbox_dn_2: 0.0343 (0.0398)  loss_giou: 0.8970 (0.8843)  loss_giou_aux_0: 0.9312 (0.9191)  loss_giou_aux_1: 0.9104 (0.8915)  loss_giou_aux_2: 0.9874 (0.9728)  loss_giou_dn_0: 0.7064 (0.7103)  loss_giou_dn_1: 0.6212 (0.6355)  loss_giou_dn_2: 0.6120 (0.6262)  loss_vfl: 0.5045 (0.5025)  loss_vfl_aux_0: 0.5143 (0.5124)  loss_vfl_aux_1: 0.5019 (0.5072)  loss_vfl_aux_2: 0.5049 (0.5062)  loss_vfl_dn_0: 0.4686 (0.4701)  loss_vfl_dn_1: 0.4373 (0.4376)  loss_vfl_dn_2: 0.4277 (0.4312)  time: 0.9240  data: 0.0421  max mem: 8529
Epoch: [78]  [500/809]  eta: 0:04:47  lr: 0.000010  loss: 9.4883 (9.4486)  loss_bbox: 0.0790 (0.0774)  loss_bbox_aux_0: 0.0851 (0.0820)  loss_bbox_aux_1: 0.0804 (0.0791)  loss_bbox_aux_2: 0.0946 (0.0938)  loss_bbox_dn_0: 0.0445 (0.0492)  loss_bbox_dn_1: 0.0364 (0.0408)  loss_bbox_dn_2: 0.0367 (0.0398)  loss_giou: 0.8796 (0.8799)  loss_giou_aux_0: 0.9092 (0.9146)  loss_giou_aux_1: 0.8845 (0.8873)  loss_giou_aux_2: 0.9455 (0.9681)  loss_giou_dn_0: 0.6999 (0.7074)  loss_giou_dn_1: 0.6342 (0.6330)  loss_giou_dn_2: 0.6221 (0.6237)  loss_vfl: 0.5098 (0.5036)  loss_vfl_aux_0: 0.5115 (0.5138)  loss_vfl_aux_1: 0.5140 (0.5086)  loss_vfl_aux_2: 0.5085 (0.5079)  loss_vfl_dn_0: 0.4657 (0.4701)  loss_vfl_dn_1: 0.4352 (0.4374)  loss_vfl_dn_2: 0.4318 (0.4310)  time: 0.8971  data: 0.0349  max mem: 8529
Epoch: [78]  [600/809]  eta: 0:03:14  lr: 0.000010  loss: 9.4596 (9.4773)  loss_bbox: 0.0649 (0.0776)  loss_bbox_aux_0: 0.0701 (0.0821)  loss_bbox_aux_1: 0.0666 (0.0793)  loss_bbox_aux_2: 0.0793 (0.0938)  loss_bbox_dn_0: 0.0435 (0.0488)  loss_bbox_dn_1: 0.0363 (0.0405)  loss_bbox_dn_2: 0.0360 (0.0395)  loss_giou: 0.8818 (0.8879)  loss_giou_aux_0: 0.9293 (0.9225)  loss_giou_aux_1: 0.8901 (0.8952)  loss_giou_aux_2: 0.9793 (0.9753)  loss_giou_dn_0: 0.7155 (0.7104)  loss_giou_dn_1: 0.6399 (0.6360)  loss_giou_dn_2: 0.6376 (0.6269)  loss_vfl: 0.5035 (0.5011)  loss_vfl_aux_0: 0.5189 (0.5111)  loss_vfl_aux_1: 0.5125 (0.5059)  loss_vfl_aux_2: 0.5123 (0.5054)  loss_vfl_dn_0: 0.4627 (0.4696)  loss_vfl_dn_1: 0.4357 (0.4374)  loss_vfl_dn_2: 0.4327 (0.4311)  time: 0.9403  data: 0.0368  max mem: 8529
Epoch: [78]  [700/809]  eta: 0:01:41  lr: 0.000010  loss: 9.4366 (9.4914)  loss_bbox: 0.0656 (0.0781)  loss_bbox_aux_0: 0.0691 (0.0826)  loss_bbox_aux_1: 0.0659 (0.0797)  loss_bbox_aux_2: 0.0818 (0.0943)  loss_bbox_dn_0: 0.0470 (0.0487)  loss_bbox_dn_1: 0.0378 (0.0404)  loss_bbox_dn_2: 0.0375 (0.0394)  loss_giou: 0.8344 (0.8909)  loss_giou_aux_0: 0.8712 (0.9255)  loss_giou_aux_1: 0.8498 (0.8983)  loss_giou_aux_2: 0.9174 (0.9777)  loss_giou_dn_0: 0.7131 (0.7117)  loss_giou_dn_1: 0.6407 (0.6372)  loss_giou_dn_2: 0.6249 (0.6281)  loss_vfl: 0.5015 (0.5003)  loss_vfl_aux_0: 0.5107 (0.5102)  loss_vfl_aux_1: 0.5035 (0.5051)  loss_vfl_aux_2: 0.5173 (0.5047)  loss_vfl_dn_0: 0.4648 (0.4696)  loss_vfl_dn_1: 0.4387 (0.4375)  loss_vfl_dn_2: 0.4331 (0.4312)  time: 0.9801  data: 0.0488  max mem: 8529
Epoch: [78]  [800/809]  eta: 0:00:08  lr: 0.000010  loss: 9.7489 (9.4826)  loss_bbox: 0.0694 (0.0777)  loss_bbox_aux_0: 0.0736 (0.0821)  loss_bbox_aux_1: 0.0710 (0.0793)  loss_bbox_aux_2: 0.0852 (0.0937)  loss_bbox_dn_0: 0.0450 (0.0486)  loss_bbox_dn_1: 0.0367 (0.0404)  loss_bbox_dn_2: 0.0358 (0.0394)  loss_giou: 0.9359 (0.8892)  loss_giou_aux_0: 0.9699 (0.9235)  loss_giou_aux_1: 0.9448 (0.8965)  loss_giou_aux_2: 1.0082 (0.9755)  loss_giou_dn_0: 0.7430 (0.7117)  loss_giou_dn_1: 0.6786 (0.6371)  loss_giou_dn_2: 0.6710 (0.6280)  loss_vfl: 0.4779 (0.5005)  loss_vfl_aux_0: 0.5004 (0.5107)  loss_vfl_aux_1: 0.4857 (0.5055)  loss_vfl_aux_2: 0.4811 (0.5054)  loss_vfl_dn_0: 0.4644 (0.4697)  loss_vfl_dn_1: 0.4340 (0.4373)  loss_vfl_dn_2: 0.4270 (0.4311)  time: 0.9525  data: 0.0398  max mem: 8529
Epoch: [78]  [808/809]  eta: 0:00:00  lr: 0.000010  loss: 9.6437 (9.4806)  loss_bbox: 0.0695 (0.0777)  loss_bbox_aux_0: 0.0736 (0.0820)  loss_bbox_aux_1: 0.0730 (0.0793)  loss_bbox_aux_2: 0.0870 (0.0937)  loss_bbox_dn_0: 0.0462 (0.0486)  loss_bbox_dn_1: 0.0367 (0.0404)  loss_bbox_dn_2: 0.0367 (0.0394)  loss_giou: 0.9111 (0.8887)  loss_giou_aux_0: 0.9439 (0.9232)  loss_giou_aux_1: 0.9183 (0.8960)  loss_giou_aux_2: 0.9901 (0.9750)  loss_giou_dn_0: 0.7295 (0.7114)  loss_giou_dn_1: 0.6511 (0.6367)  loss_giou_dn_2: 0.6376 (0.6277)  loss_vfl: 0.4901 (0.5007)  loss_vfl_aux_0: 0.5023 (0.5109)  loss_vfl_aux_1: 0.4974 (0.5056)  loss_vfl_aux_2: 0.4910 (0.5056)  loss_vfl_dn_0: 0.4673 (0.4696)  loss_vfl_dn_1: 0.4348 (0.4373)  loss_vfl_dn_2: 0.4274 (0.4310)  time: 0.7901  data: 0.0278  max mem: 8529
Epoch: [78] Total time: 0:12:32 (0.9306 s / it)
Averaged stats: lr: 0.000010  loss: 9.6437 (9.4806)  loss_bbox: 0.0695 (0.0777)  loss_bbox_aux_0: 0.0736 (0.0820)  loss_bbox_aux_1: 0.0730 (0.0793)  loss_bbox_aux_2: 0.0870 (0.0937)  loss_bbox_dn_0: 0.0462 (0.0486)  loss_bbox_dn_1: 0.0367 (0.0404)  loss_bbox_dn_2: 0.0367 (0.0394)  loss_giou: 0.9111 (0.8887)  loss_giou_aux_0: 0.9439 (0.9232)  loss_giou_aux_1: 0.9183 (0.8960)  loss_giou_aux_2: 0.9901 (0.9750)  loss_giou_dn_0: 0.7295 (0.7114)  loss_giou_dn_1: 0.6511 (0.6367)  loss_giou_dn_2: 0.6376 (0.6277)  loss_vfl: 0.4901 (0.5007)  loss_vfl_aux_0: 0.5023 (0.5109)  loss_vfl_aux_1: 0.4974 (0.5056)  loss_vfl_aux_2: 0.4910 (0.5056)  loss_vfl_dn_0: 0.4673 (0.4696)  loss_vfl_dn_1: 0.4348 (0.4373)  loss_vfl_dn_2: 0.4274 (0.4310)
Test:  [ 0/69]  eta: 0:01:49    time: 1.5853  data: 0.9876  max mem: 8529
Test:  [10/69]  eta: 0:00:40    time: 0.6855  data: 0.1050  max mem: 8529
Test:  [20/69]  eta: 0:00:34    time: 0.6500  data: 0.0194  max mem: 8529
Test:  [30/69]  eta: 0:00:25    time: 0.6514  data: 0.0221  max mem: 8529
Test:  [40/69]  eta: 0:00:18    time: 0.5695  data: 0.0215  max mem: 8529
Test:  [50/69]  eta: 0:00:11    time: 0.5371  data: 0.0213  max mem: 8529
Test:  [60/69]  eta: 0:00:05    time: 0.5109  data: 0.0215  max mem: 8529
Test:  [68/69]  eta: 0:00:00    time: 0.5126  data: 0.0196  max mem: 8529
Test: Total time: 0:00:40 (0.5889 s / it)
Averaged stats: 
Accumulating evaluation results...
DONE (t=1.99s).
IoU metric: bbox
 Average Precision  (AP) @[ IoU=0.50:0.95 | area=   all | maxDets=100 ] = 0.237
 Average Precision  (AP) @[ IoU=0.50      | area=   all | maxDets=100 ] = 0.393
 Average Precision  (AP) @[ IoU=0.75      | area=   all | maxDets=100 ] = 0.243
 Average Precision  (AP) @[ IoU=0.50:0.95 | area= small | maxDets=100 ] = 0.154
 Average Precision  (AP) @[ IoU=0.50:0.95 | area=medium | maxDets=100 ] = 0.334
 Average Precision  (AP) @[ IoU=0.50:0.95 | area= large | maxDets=100 ] = 0.432
 Average Recall     (AR) @[ IoU=0.50:0.95 | area=   all | maxDets=  1 ] = 0.104
 Average Recall     (AR) @[ IoU=0.50:0.95 | area=   all | maxDets= 10 ] = 0.293
 Average Recall     (AR) @[ IoU=0.50:0.95 | area=   all | maxDets=100 ] = 0.391
 Average Recall     (AR) @[ IoU=0.50:0.95 | area= small | maxDets=100 ] = 0.302
 Average Recall     (AR) @[ IoU=0.50:0.95 | area=medium | maxDets=100 ] = 0.508
 Average Recall     (AR) @[ IoU=0.50:0.95 | area= large | maxDets=100 ] = 0.615
best_stat:  {'epoch': 77, 'coco_eval_bbox': 0.2377007960250672}
Epoch: [79]  [  0/809]  eta: 1:26:19  lr: 0.000010  loss: 9.9972 (9.9972)  loss_bbox: 0.0738 (0.0738)  loss_bbox_aux_0: 0.0794 (0.0794)  loss_bbox_aux_1: 0.0761 (0.0761)  loss_bbox_aux_2: 0.0933 (0.0933)  loss_bbox_dn_0: 0.0607 (0.0607)  loss_bbox_dn_1: 0.0489 (0.0489)  loss_bbox_dn_2: 0.0472 (0.0472)  loss_giou: 0.8627 (0.8627)  loss_giou_aux_0: 0.9027 (0.9027)  loss_giou_aux_1: 0.8796 (0.8796)  loss_giou_aux_2: 0.9499 (0.9499)  loss_giou_dn_0: 0.7248 (0.7248)  loss_giou_dn_1: 0.6536 (0.6536)  loss_giou_dn_2: 0.6406 (0.6406)  loss_vfl: 0.6304 (0.6304)  loss_vfl_aux_0: 0.6509 (0.6509)  loss_vfl_aux_1: 0.6268 (0.6268)  loss_vfl_aux_2: 0.6084 (0.6084)  loss_vfl_dn_0: 0.4979 (0.4979)  loss_vfl_dn_1: 0.4442 (0.4442)  loss_vfl_dn_2: 0.4454 (0.4454)  time: 6.4027  data: 2.1729  max mem: 8529
Epoch: [79]  [100/809]  eta: 0:11:36  lr: 0.000010  loss: 9.3285 (9.4246)  loss_bbox: 0.0654 (0.0772)  loss_bbox_aux_0: 0.0768 (0.0815)  loss_bbox_aux_1: 0.0710 (0.0785)  loss_bbox_aux_2: 0.0941 (0.0928)  loss_bbox_dn_0: 0.0476 (0.0478)  loss_bbox_dn_1: 0.0401 (0.0394)  loss_bbox_dn_2: 0.0396 (0.0384)  loss_giou: 0.8473 (0.8803)  loss_giou_aux_0: 0.8756 (0.9152)  loss_giou_aux_1: 0.8540 (0.8869)  loss_giou_aux_2: 0.9424 (0.9685)  loss_giou_dn_0: 0.7021 (0.7036)  loss_giou_dn_1: 0.6258 (0.6279)  loss_giou_dn_2: 0.6169 (0.6183)  loss_vfl: 0.5121 (0.5026)  loss_vfl_aux_0: 0.5247 (0.5126)  loss_vfl_aux_1: 0.5216 (0.5088)  loss_vfl_aux_2: 0.5176 (0.5078)  loss_vfl_dn_0: 0.4695 (0.4696)  loss_vfl_dn_1: 0.4349 (0.4365)  loss_vfl_dn_2: 0.4276 (0.4304)  time: 0.9393  data: 0.0405  max mem: 8529
Epoch: [79]  [200/809]  eta: 0:09:39  lr: 0.000010  loss: 9.0394 (9.4567)  loss_bbox: 0.0706 (0.0784)  loss_bbox_aux_0: 0.0745 (0.0833)  loss_bbox_aux_1: 0.0717 (0.0801)  loss_bbox_aux_2: 0.0879 (0.0948)  loss_bbox_dn_0: 0.0501 (0.0500)  loss_bbox_dn_1: 0.0411 (0.0413)  loss_bbox_dn_2: 0.0406 (0.0402)  loss_giou: 0.7869 (0.8837)  loss_giou_aux_0: 0.8102 (0.9185)  loss_giou_aux_1: 0.7922 (0.8906)  loss_giou_aux_2: 0.8779 (0.9706)  loss_giou_dn_0: 0.6985 (0.7093)  loss_giou_dn_1: 0.5977 (0.6322)  loss_giou_dn_2: 0.5913 (0.6228)  loss_vfl: 0.5226 (0.5004)  loss_vfl_aux_0: 0.5280 (0.5104)  loss_vfl_aux_1: 0.5205 (0.5059)  loss_vfl_aux_2: 0.5192 (0.5061)  loss_vfl_dn_0: 0.4662 (0.4701)  loss_vfl_dn_1: 0.4359 (0.4371)  loss_vfl_dn_2: 0.4296 (0.4310)  time: 0.9088  data: 0.0361  max mem: 8529
Epoch: [79]  [300/809]  eta: 0:07:53  lr: 0.000010  loss: 9.0770 (9.5091)  loss_bbox: 0.0630 (0.0792)  loss_bbox_aux_0: 0.0649 (0.0840)  loss_bbox_aux_1: 0.0638 (0.0809)  loss_bbox_aux_2: 0.0730 (0.0956)  loss_bbox_dn_0: 0.0442 (0.0494)  loss_bbox_dn_1: 0.0360 (0.0409)  loss_bbox_dn_2: 0.0344 (0.0399)  loss_giou: 0.8211 (0.8955)  loss_giou_aux_0: 0.8492 (0.9292)  loss_giou_aux_1: 0.8297 (0.9025)  loss_giou_aux_2: 0.8899 (0.9824)  loss_giou_dn_0: 0.6901 (0.7127)  loss_giou_dn_1: 0.6070 (0.6359)  loss_giou_dn_2: 0.5958 (0.6267)  loss_vfl: 0.5048 (0.4985)  loss_vfl_aux_0: 0.5157 (0.5085)  loss_vfl_aux_1: 0.5143 (0.5039)  loss_vfl_aux_2: 0.5117 (0.5037)  loss_vfl_dn_0: 0.4708 (0.4705)  loss_vfl_dn_1: 0.4366 (0.4377)  loss_vfl_dn_2: 0.4271 (0.4315)  time: 0.8876  data: 0.0351  max mem: 8529
Epoch: [79]  [400/809]  eta: 0:06:18  lr: 0.000010  loss: 9.5298 (9.5017)  loss_bbox: 0.0784 (0.0789)  loss_bbox_aux_0: 0.0844 (0.0835)  loss_bbox_aux_1: 0.0799 (0.0805)  loss_bbox_aux_2: 0.0938 (0.0951)  loss_bbox_dn_0: 0.0481 (0.0493)  loss_bbox_dn_1: 0.0410 (0.0408)  loss_bbox_dn_2: 0.0400 (0.0398)  loss_giou: 0.9060 (0.8950)  loss_giou_aux_0: 0.9455 (0.9277)  loss_giou_aux_1: 0.9107 (0.9019)  loss_giou_aux_2: 0.9835 (0.9811)  loss_giou_dn_0: 0.7175 (0.7115)  loss_giou_dn_1: 0.6356 (0.6352)  loss_giou_dn_2: 0.6276 (0.6260)  loss_vfl: 0.4879 (0.4986)  loss_vfl_aux_0: 0.4855 (0.5090)  loss_vfl_aux_1: 0.4897 (0.5039)  loss_vfl_aux_2: 0.4952 (0.5041)  loss_vfl_dn_0: 0.4672 (0.4703)  loss_vfl_dn_1: 0.4357 (0.4378)  loss_vfl_dn_2: 0.4279 (0.4316)  time: 0.9403  data: 0.0387  max mem: 8529
Epoch: [79]  [500/809]  eta: 0:04:45  lr: 0.000010  loss: 9.2848 (9.4890)  loss_bbox: 0.0713 (0.0791)  loss_bbox_aux_0: 0.0764 (0.0839)  loss_bbox_aux_1: 0.0728 (0.0808)  loss_bbox_aux_2: 0.0847 (0.0959)  loss_bbox_dn_0: 0.0429 (0.0490)  loss_bbox_dn_1: 0.0351 (0.0405)  loss_bbox_dn_2: 0.0347 (0.0395)  loss_giou: 0.8570 (0.8927)  loss_giou_aux_0: 0.9124 (0.9260)  loss_giou_aux_1: 0.8717 (0.8999)  loss_giou_aux_2: 0.9770 (0.9795)  loss_giou_dn_0: 0.6995 (0.7113)  loss_giou_dn_1: 0.6252 (0.6352)  loss_giou_dn_2: 0.6170 (0.6260)  loss_vfl: 0.5116 (0.4975)  loss_vfl_aux_0: 0.5121 (0.5075)  loss_vfl_aux_1: 0.5015 (0.5028)  loss_vfl_aux_2: 0.5171 (0.5024)  loss_vfl_dn_0: 0.4681 (0.4702)  loss_vfl_dn_1: 0.4373 (0.4378)  loss_vfl_dn_2: 0.4320 (0.4315)  time: 0.9139  data: 0.0422  max mem: 8529
Epoch: [79]  [600/809]  eta: 0:03:13  lr: 0.000010  loss: 9.4733 (9.5056)  loss_bbox: 0.0791 (0.0793)  loss_bbox_aux_0: 0.0832 (0.0841)  loss_bbox_aux_1: 0.0802 (0.0809)  loss_bbox_aux_2: 0.0940 (0.0960)  loss_bbox_dn_0: 0.0469 (0.0490)  loss_bbox_dn_1: 0.0404 (0.0406)  loss_bbox_dn_2: 0.0397 (0.0396)  loss_giou: 0.8450 (0.8950)  loss_giou_aux_0: 0.8795 (0.9283)  loss_giou_aux_1: 0.8481 (0.9021)  loss_giou_aux_2: 0.9681 (0.9817)  loss_giou_dn_0: 0.6971 (0.7125)  loss_giou_dn_1: 0.6161 (0.6362)  loss_giou_dn_2: 0.6151 (0.6270)  loss_vfl: 0.5175 (0.4981)  loss_vfl_aux_0: 0.5331 (0.5082)  loss_vfl_aux_1: 0.5320 (0.5035)  loss_vfl_aux_2: 0.5087 (0.5029)  loss_vfl_dn_0: 0.4688 (0.4705)  loss_vfl_dn_1: 0.4374 (0.4382)  loss_vfl_dn_2: 0.4324 (0.4320)  time: 0.8967  data: 0.0363  max mem: 8529
Epoch: [79]  [700/809]  eta: 0:01:40  lr: 0.000010  loss: 9.3673 (9.4961)  loss_bbox: 0.0696 (0.0789)  loss_bbox_aux_0: 0.0693 (0.0837)  loss_bbox_aux_1: 0.0682 (0.0806)  loss_bbox_aux_2: 0.0835 (0.0958)  loss_bbox_dn_0: 0.0466 (0.0488)  loss_bbox_dn_1: 0.0383 (0.0404)  loss_bbox_dn_2: 0.0379 (0.0394)  loss_giou: 0.8939 (0.8941)  loss_giou_aux_0: 0.9174 (0.9276)  loss_giou_aux_1: 0.9046 (0.9015)  loss_giou_aux_2: 0.9706 (0.9811)  loss_giou_dn_0: 0.6978 (0.7122)  loss_giou_dn_1: 0.6313 (0.6363)  loss_giou_dn_2: 0.6225 (0.6272)  loss_vfl: 0.4769 (0.4972)  loss_vfl_aux_0: 0.4929 (0.5072)  loss_vfl_aux_1: 0.4910 (0.5025)  loss_vfl_aux_2: 0.4924 (0.5018)  loss_vfl_dn_0: 0.4658 (0.4703)  loss_vfl_dn_1: 0.4331 (0.4379)  loss_vfl_dn_2: 0.4283 (0.4316)  time: 0.9073  data: 0.0380  max mem: 8529
Epoch: [79]  [800/809]  eta: 0:00:08  lr: 0.000010  loss: 9.2740 (9.5043)  loss_bbox: 0.0688 (0.0788)  loss_bbox_aux_0: 0.0733 (0.0836)  loss_bbox_aux_1: 0.0695 (0.0805)  loss_bbox_aux_2: 0.0862 (0.0958)  loss_bbox_dn_0: 0.0501 (0.0489)  loss_bbox_dn_1: 0.0428 (0.0405)  loss_bbox_dn_2: 0.0415 (0.0395)  loss_giou: 0.7935 (0.8947)  loss_giou_aux_0: 0.8287 (0.9284)  loss_giou_aux_1: 0.7965 (0.9023)  loss_giou_aux_2: 0.8998 (0.9815)  loss_giou_dn_0: 0.6958 (0.7131)  loss_giou_dn_1: 0.6286 (0.6375)  loss_giou_dn_2: 0.6196 (0.6284)  loss_vfl: 0.5173 (0.4979)  loss_vfl_aux_0: 0.5457 (0.5076)  loss_vfl_aux_1: 0.5255 (0.5031)  loss_vfl_aux_2: 0.5386 (0.5021)  loss_vfl_dn_0: 0.4729 (0.4703)  loss_vfl_dn_1: 0.4392 (0.4380)  loss_vfl_dn_2: 0.4338 (0.4317)  time: 0.8877  data: 0.0419  max mem: 8529
Epoch: [79]  [808/809]  eta: 0:00:00  lr: 0.000010  loss: 9.3082 (9.5048)  loss_bbox: 0.0728 (0.0788)  loss_bbox_aux_0: 0.0735 (0.0835)  loss_bbox_aux_1: 0.0730 (0.0804)  loss_bbox_aux_2: 0.0843 (0.0957)  loss_bbox_dn_0: 0.0474 (0.0489)  loss_bbox_dn_1: 0.0393 (0.0405)  loss_bbox_dn_2: 0.0386 (0.0395)  loss_giou: 0.8728 (0.8949)  loss_giou_aux_0: 0.8914 (0.9286)  loss_giou_aux_1: 0.8826 (0.9025)  loss_giou_aux_2: 0.9404 (0.9815)  loss_giou_dn_0: 0.7180 (0.7133)  loss_giou_dn_1: 0.6362 (0.6377)  loss_giou_dn_2: 0.6222 (0.6286)  loss_vfl: 0.5071 (0.4979)  loss_vfl_aux_0: 0.5184 (0.5076)  loss_vfl_aux_1: 0.5145 (0.5030)  loss_vfl_aux_2: 0.5129 (0.5021)  loss_vfl_dn_0: 0.4662 (0.4703)  loss_vfl_dn_1: 0.4388 (0.4379)  loss_vfl_dn_2: 0.4331 (0.4317)  time: 0.7520  data: 0.0331  max mem: 8529
Epoch: [79] Total time: 0:12:23 (0.9185 s / it)
Averaged stats: lr: 0.000010  loss: 9.3082 (9.5048)  loss_bbox: 0.0728 (0.0788)  loss_bbox_aux_0: 0.0735 (0.0835)  loss_bbox_aux_1: 0.0730 (0.0804)  loss_bbox_aux_2: 0.0843 (0.0957)  loss_bbox_dn_0: 0.0474 (0.0489)  loss_bbox_dn_1: 0.0393 (0.0405)  loss_bbox_dn_2: 0.0386 (0.0395)  loss_giou: 0.8728 (0.8949)  loss_giou_aux_0: 0.8914 (0.9286)  loss_giou_aux_1: 0.8826 (0.9025)  loss_giou_aux_2: 0.9404 (0.9815)  loss_giou_dn_0: 0.7180 (0.7133)  loss_giou_dn_1: 0.6362 (0.6377)  loss_giou_dn_2: 0.6222 (0.6286)  loss_vfl: 0.5071 (0.4979)  loss_vfl_aux_0: 0.5184 (0.5076)  loss_vfl_aux_1: 0.5145 (0.5030)  loss_vfl_aux_2: 0.5129 (0.5021)  loss_vfl_dn_0: 0.4662 (0.4703)  loss_vfl_dn_1: 0.4388 (0.4379)  loss_vfl_dn_2: 0.4331 (0.4317)
Test:  [ 0/69]  eta: 0:01:37    time: 1.4183  data: 0.7070  max mem: 8529
Test:  [10/69]  eta: 0:00:38    time: 0.6564  data: 0.0824  max mem: 8529
Test:  [20/69]  eta: 0:00:33    time: 0.6405  data: 0.0206  max mem: 8529
Test:  [30/69]  eta: 0:00:24    time: 0.6280  data: 0.0212  max mem: 8529
Test:  [40/69]  eta: 0:00:17    time: 0.5356  data: 0.0213  max mem: 8529
Test:  [50/69]  eta: 0:00:11    time: 0.5079  data: 0.0225  max mem: 8529
Test:  [60/69]  eta: 0:00:05    time: 0.4974  data: 0.0222  max mem: 8529
Test:  [68/69]  eta: 0:00:00    time: 0.5176  data: 0.0202  max mem: 8529
Test: Total time: 0:00:39 (0.5699 s / it)
Averaged stats: 
Accumulating evaluation results...
DONE (t=1.98s).
IoU metric: bbox
 Average Precision  (AP) @[ IoU=0.50:0.95 | area=   all | maxDets=100 ] = 0.237
 Average Precision  (AP) @[ IoU=0.50      | area=   all | maxDets=100 ] = 0.393
 Average Precision  (AP) @[ IoU=0.75      | area=   all | maxDets=100 ] = 0.243
 Average Precision  (AP) @[ IoU=0.50:0.95 | area= small | maxDets=100 ] = 0.153
 Average Precision  (AP) @[ IoU=0.50:0.95 | area=medium | maxDets=100 ] = 0.334
 Average Precision  (AP) @[ IoU=0.50:0.95 | area= large | maxDets=100 ] = 0.431
 Average Recall     (AR) @[ IoU=0.50:0.95 | area=   all | maxDets=  1 ] = 0.104
 Average Recall     (AR) @[ IoU=0.50:0.95 | area=   all | maxDets= 10 ] = 0.292
 Average Recall     (AR) @[ IoU=0.50:0.95 | area=   all | maxDets=100 ] = 0.390
 Average Recall     (AR) @[ IoU=0.50:0.95 | area= small | maxDets=100 ] = 0.300
 Average Recall     (AR) @[ IoU=0.50:0.95 | area=medium | maxDets=100 ] = 0.507
 Average Recall     (AR) @[ IoU=0.50:0.95 | area= large | maxDets=100 ] = 0.607
best_stat:  {'epoch': 77, 'coco_eval_bbox': 0.2377007960250672}
Epoch: [80]  [  0/809]  eta: 1:07:40  lr: 0.000001  loss: 8.9975 (8.9975)  loss_bbox: 0.0544 (0.0544)  loss_bbox_aux_0: 0.0561 (0.0561)  loss_bbox_aux_1: 0.0572 (0.0572)  loss_bbox_aux_2: 0.0709 (0.0709)  loss_bbox_dn_0: 0.0421 (0.0421)  loss_bbox_dn_1: 0.0336 (0.0336)  loss_bbox_dn_2: 0.0328 (0.0328)  loss_giou: 0.8090 (0.8090)  loss_giou_aux_0: 0.8319 (0.8319)  loss_giou_aux_1: 0.8188 (0.8188)  loss_giou_aux_2: 0.8827 (0.8827)  loss_giou_dn_0: 0.6759 (0.6759)  loss_giou_dn_1: 0.6036 (0.6036)  loss_giou_dn_2: 0.5988 (0.5988)  loss_vfl: 0.5131 (0.5131)  loss_vfl_aux_0: 0.5433 (0.5433)  loss_vfl_aux_1: 0.5226 (0.5226)  loss_vfl_aux_2: 0.5358 (0.5358)  loss_vfl_dn_0: 0.4664 (0.4664)  loss_vfl_dn_1: 0.4283 (0.4283)  loss_vfl_dn_2: 0.4202 (0.4202)  time: 5.0193  data: 3.5529  max mem: 8529
Epoch: [80]  [100/809]  eta: 0:11:36  lr: 0.000001  loss: 9.6665 (9.5366)  loss_bbox: 0.0705 (0.0761)  loss_bbox_aux_0: 0.0701 (0.0803)  loss_bbox_aux_1: 0.0736 (0.0782)  loss_bbox_aux_2: 0.0851 (0.0939)  loss_bbox_dn_0: 0.0390 (0.0456)  loss_bbox_dn_1: 0.0320 (0.0379)  loss_bbox_dn_2: 0.0317 (0.0370)  loss_giou: 0.9562 (0.9197)  loss_giou_aux_0: 0.9864 (0.9545)  loss_giou_aux_1: 0.9613 (0.9285)  loss_giou_aux_2: 1.0271 (1.0037)  loss_giou_dn_0: 0.7137 (0.7188)  loss_giou_dn_1: 0.6357 (0.6462)  loss_giou_dn_2: 0.6242 (0.6368)  loss_vfl: 0.4568 (0.4796)  loss_vfl_aux_0: 0.4739 (0.4916)  loss_vfl_aux_1: 0.4647 (0.4857)  loss_vfl_aux_2: 0.4680 (0.4878)  loss_vfl_dn_0: 0.4635 (0.4677)  loss_vfl_dn_1: 0.4362 (0.4366)  loss_vfl_dn_2: 0.4314 (0.4305)  time: 0.9580  data: 0.0376  max mem: 8529
Epoch: [80]  [200/809]  eta: 0:09:35  lr: 0.000001  loss: 9.4803 (9.5855)  loss_bbox: 0.0751 (0.0809)  loss_bbox_aux_0: 0.0784 (0.0855)  loss_bbox_aux_1: 0.0775 (0.0831)  loss_bbox_aux_2: 0.0916 (0.0988)  loss_bbox_dn_0: 0.0458 (0.0473)  loss_bbox_dn_1: 0.0378 (0.0393)  loss_bbox_dn_2: 0.0374 (0.0383)  loss_giou: 0.9190 (0.9192)  loss_giou_aux_0: 0.9487 (0.9542)  loss_giou_aux_1: 0.9277 (0.9283)  loss_giou_aux_2: 1.0116 (1.0041)  loss_giou_dn_0: 0.7228 (0.7218)  loss_giou_dn_1: 0.6427 (0.6480)  loss_giou_dn_2: 0.6342 (0.6389)  loss_vfl: 0.4884 (0.4844)  loss_vfl_aux_0: 0.5013 (0.4951)  loss_vfl_aux_1: 0.4939 (0.4895)  loss_vfl_aux_2: 0.5039 (0.4905)  loss_vfl_dn_0: 0.4663 (0.4686)  loss_vfl_dn_1: 0.4395 (0.4379)  loss_vfl_dn_2: 0.4321 (0.4318)  time: 0.9346  data: 0.0370  max mem: 8529
Epoch: [80]  [300/809]  eta: 0:07:58  lr: 0.000001  loss: 9.2538 (9.5612)  loss_bbox: 0.0685 (0.0796)  loss_bbox_aux_0: 0.0742 (0.0841)  loss_bbox_aux_1: 0.0695 (0.0816)  loss_bbox_aux_2: 0.0809 (0.0973)  loss_bbox_dn_0: 0.0478 (0.0473)  loss_bbox_dn_1: 0.0394 (0.0393)  loss_bbox_dn_2: 0.0379 (0.0383)  loss_giou: 0.8554 (0.9132)  loss_giou_aux_0: 0.8749 (0.9482)  loss_giou_aux_1: 0.8680 (0.9218)  loss_giou_aux_2: 0.9353 (0.9981)  loss_giou_dn_0: 0.7207 (0.7201)  loss_giou_dn_1: 0.6409 (0.6466)  loss_giou_dn_2: 0.6273 (0.6376)  loss_vfl: 0.4995 (0.4870)  loss_vfl_aux_0: 0.5068 (0.4978)  loss_vfl_aux_1: 0.5094 (0.4923)  loss_vfl_aux_2: 0.5048 (0.4928)  loss_vfl_dn_0: 0.4662 (0.4687)  loss_vfl_dn_1: 0.4336 (0.4377)  loss_vfl_dn_2: 0.4297 (0.4317)  time: 0.9464  data: 0.0328  max mem: 8529
Epoch: [80]  [400/809]  eta: 0:06:21  lr: 0.000001  loss: 9.5539 (9.5453)  loss_bbox: 0.0801 (0.0790)  loss_bbox_aux_0: 0.0848 (0.0833)  loss_bbox_aux_1: 0.0828 (0.0809)  loss_bbox_aux_2: 0.0987 (0.0959)  loss_bbox_dn_0: 0.0462 (0.0479)  loss_bbox_dn_1: 0.0371 (0.0398)  loss_bbox_dn_2: 0.0365 (0.0389)  loss_giou: 0.8619 (0.9070)  loss_giou_aux_0: 0.8869 (0.9415)  loss_giou_aux_1: 0.8715 (0.9157)  loss_giou_aux_2: 0.9513 (0.9911)  loss_giou_dn_0: 0.6923 (0.7190)  loss_giou_dn_1: 0.6110 (0.6449)  loss_giou_dn_2: 0.5975 (0.6361)  loss_vfl: 0.4961 (0.4909)  loss_vfl_aux_0: 0.4999 (0.5017)  loss_vfl_aux_1: 0.5009 (0.4961)  loss_vfl_aux_2: 0.5144 (0.4970)  loss_vfl_dn_0: 0.4695 (0.4689)  loss_vfl_dn_1: 0.4303 (0.4379)  loss_vfl_dn_2: 0.4211 (0.4318)  time: 0.9497  data: 0.0394  max mem: 8529
Epoch: [80]  [500/809]  eta: 0:04:47  lr: 0.000001  loss: 9.5165 (9.5126)  loss_bbox: 0.0713 (0.0787)  loss_bbox_aux_0: 0.0769 (0.0829)  loss_bbox_aux_1: 0.0741 (0.0806)  loss_bbox_aux_2: 0.0866 (0.0952)  loss_bbox_dn_0: 0.0467 (0.0479)  loss_bbox_dn_1: 0.0380 (0.0398)  loss_bbox_dn_2: 0.0365 (0.0388)  loss_giou: 0.9065 (0.9002)  loss_giou_aux_0: 0.9539 (0.9347)  loss_giou_aux_1: 0.9125 (0.9087)  loss_giou_aux_2: 1.0062 (0.9848)  loss_giou_dn_0: 0.7207 (0.7155)  loss_giou_dn_1: 0.6481 (0.6412)  loss_giou_dn_2: 0.6410 (0.6321)  loss_vfl: 0.4679 (0.4924)  loss_vfl_aux_0: 0.4755 (0.5037)  loss_vfl_aux_1: 0.4757 (0.4977)  loss_vfl_aux_2: 0.4821 (0.4991)  loss_vfl_dn_0: 0.4716 (0.4691)  loss_vfl_dn_1: 0.4388 (0.4378)  loss_vfl_dn_2: 0.4354 (0.4317)  time: 0.9160  data: 0.0414  max mem: 8529
Epoch: [80]  [600/809]  eta: 0:03:14  lr: 0.000001  loss: 9.5732 (9.4985)  loss_bbox: 0.0694 (0.0778)  loss_bbox_aux_0: 0.0737 (0.0820)  loss_bbox_aux_1: 0.0699 (0.0797)  loss_bbox_aux_2: 0.0841 (0.0943)  loss_bbox_dn_0: 0.0418 (0.0480)  loss_bbox_dn_1: 0.0345 (0.0398)  loss_bbox_dn_2: 0.0328 (0.0389)  loss_giou: 0.9237 (0.8969)  loss_giou_aux_0: 0.9826 (0.9315)  loss_giou_aux_1: 0.9348 (0.9054)  loss_giou_aux_2: 1.0307 (0.9818)  loss_giou_dn_0: 0.7262 (0.7151)  loss_giou_dn_1: 0.6455 (0.6403)  loss_giou_dn_2: 0.6379 (0.6312)  loss_vfl: 0.4899 (0.4937)  loss_vfl_aux_0: 0.4950 (0.5047)  loss_vfl_aux_1: 0.4910 (0.4989)  loss_vfl_aux_2: 0.4778 (0.4999)  loss_vfl_dn_0: 0.4620 (0.4692)  loss_vfl_dn_1: 0.4335 (0.4377)  loss_vfl_dn_2: 0.4269 (0.4316)  time: 0.9310  data: 0.0405  max mem: 8529
Epoch: [80]  [700/809]  eta: 0:01:41  lr: 0.000001  loss: 8.9471 (9.4827)  loss_bbox: 0.0694 (0.0770)  loss_bbox_aux_0: 0.0701 (0.0812)  loss_bbox_aux_1: 0.0710 (0.0788)  loss_bbox_aux_2: 0.0824 (0.0933)  loss_bbox_dn_0: 0.0471 (0.0479)  loss_bbox_dn_1: 0.0385 (0.0397)  loss_bbox_dn_2: 0.0375 (0.0388)  loss_giou: 0.7921 (0.8933)  loss_giou_aux_0: 0.8367 (0.9278)  loss_giou_aux_1: 0.8002 (0.9019)  loss_giou_aux_2: 0.8856 (0.9784)  loss_giou_dn_0: 0.6745 (0.7135)  loss_giou_dn_1: 0.5985 (0.6388)  loss_giou_dn_2: 0.5935 (0.6298)  loss_vfl: 0.5203 (0.4954)  loss_vfl_aux_0: 0.5461 (0.5064)  loss_vfl_aux_1: 0.5358 (0.5005)  loss_vfl_aux_2: 0.5376 (0.5015)  loss_vfl_dn_0: 0.4624 (0.4694)  loss_vfl_dn_1: 0.4308 (0.4377)  loss_vfl_dn_2: 0.4268 (0.4315)  time: 0.9186  data: 0.0345  max mem: 8529
Epoch: [80]  [800/809]  eta: 0:00:08  lr: 0.000001  loss: 9.1263 (9.4969)  loss_bbox: 0.0664 (0.0775)  loss_bbox_aux_0: 0.0700 (0.0817)  loss_bbox_aux_1: 0.0676 (0.0794)  loss_bbox_aux_2: 0.0845 (0.0940)  loss_bbox_dn_0: 0.0501 (0.0479)  loss_bbox_dn_1: 0.0420 (0.0398)  loss_bbox_dn_2: 0.0397 (0.0388)  loss_giou: 0.8079 (0.8973)  loss_giou_aux_0: 0.8339 (0.9321)  loss_giou_aux_1: 0.8163 (0.9058)  loss_giou_aux_2: 0.8834 (0.9825)  loss_giou_dn_0: 0.6677 (0.7143)  loss_giou_dn_1: 0.6003 (0.6398)  loss_giou_dn_2: 0.5881 (0.6308)  loss_vfl: 0.5182 (0.4939)  loss_vfl_aux_0: 0.5238 (0.5047)  loss_vfl_aux_1: 0.5245 (0.4989)  loss_vfl_aux_2: 0.5227 (0.4997)  loss_vfl_dn_0: 0.4679 (0.4691)  loss_vfl_dn_1: 0.4363 (0.4374)  loss_vfl_dn_2: 0.4315 (0.4314)  time: 0.9128  data: 0.0369  max mem: 8529
Epoch: [80]  [808/809]  eta: 0:00:00  lr: 0.000001  loss: 9.0721 (9.4957)  loss_bbox: 0.0675 (0.0776)  loss_bbox_aux_0: 0.0726 (0.0818)  loss_bbox_aux_1: 0.0687 (0.0794)  loss_bbox_aux_2: 0.0873 (0.0941)  loss_bbox_dn_0: 0.0496 (0.0480)  loss_bbox_dn_1: 0.0400 (0.0399)  loss_bbox_dn_2: 0.0395 (0.0389)  loss_giou: 0.7902 (0.8970)  loss_giou_aux_0: 0.8229 (0.9318)  loss_giou_aux_1: 0.7970 (0.9056)  loss_giou_aux_2: 0.8694 (0.9822)  loss_giou_dn_0: 0.6759 (0.7142)  loss_giou_dn_1: 0.5974 (0.6397)  loss_giou_dn_2: 0.5881 (0.6307)  loss_vfl: 0.5182 (0.4940)  loss_vfl_aux_0: 0.5238 (0.5047)  loss_vfl_aux_1: 0.5149 (0.4989)  loss_vfl_aux_2: 0.5109 (0.4998)  loss_vfl_dn_0: 0.4670 (0.4690)  loss_vfl_dn_1: 0.4352 (0.4374)  loss_vfl_dn_2: 0.4275 (0.4313)  time: 0.7544  data: 0.0282  max mem: 8529
Epoch: [80] Total time: 0:12:27 (0.9244 s / it)
Averaged stats: lr: 0.000001  loss: 9.0721 (9.4957)  loss_bbox: 0.0675 (0.0776)  loss_bbox_aux_0: 0.0726 (0.0818)  loss_bbox_aux_1: 0.0687 (0.0794)  loss_bbox_aux_2: 0.0873 (0.0941)  loss_bbox_dn_0: 0.0496 (0.0480)  loss_bbox_dn_1: 0.0400 (0.0399)  loss_bbox_dn_2: 0.0395 (0.0389)  loss_giou: 0.7902 (0.8970)  loss_giou_aux_0: 0.8229 (0.9318)  loss_giou_aux_1: 0.7970 (0.9056)  loss_giou_aux_2: 0.8694 (0.9822)  loss_giou_dn_0: 0.6759 (0.7142)  loss_giou_dn_1: 0.5974 (0.6397)  loss_giou_dn_2: 0.5881 (0.6307)  loss_vfl: 0.5182 (0.4940)  loss_vfl_aux_0: 0.5238 (0.5047)  loss_vfl_aux_1: 0.5149 (0.4989)  loss_vfl_aux_2: 0.5109 (0.4998)  loss_vfl_dn_0: 0.4670 (0.4690)  loss_vfl_dn_1: 0.4352 (0.4374)  loss_vfl_dn_2: 0.4275 (0.4313)
Test:  [ 0/69]  eta: 0:01:44    time: 1.5177  data: 0.9105  max mem: 8529
Test:  [10/69]  eta: 0:00:38    time: 0.6547  data: 0.1012  max mem: 8529
Test:  [20/69]  eta: 0:00:30    time: 0.5863  data: 0.0211  max mem: 8529
Test:  [30/69]  eta: 0:00:24    time: 0.6332  data: 0.0675  max mem: 8529
Test:  [40/69]  eta: 0:00:17    time: 0.6069  data: 0.0676  max mem: 8529
Test:  [50/69]  eta: 0:00:11    time: 0.5192  data: 0.0217  max mem: 8529
Test:  [60/69]  eta: 0:00:05    time: 0.4852  data: 0.0210  max mem: 8529
Test:  [68/69]  eta: 0:00:00    time: 0.4982  data: 0.0198  max mem: 8529
Test: Total time: 0:00:39 (0.5714 s / it)
Averaged stats: 
Accumulating evaluation results...
DONE (t=2.00s).
IoU metric: bbox
 Average Precision  (AP) @[ IoU=0.50:0.95 | area=   all | maxDets=100 ] = 0.238
 Average Precision  (AP) @[ IoU=0.50      | area=   all | maxDets=100 ] = 0.393
 Average Precision  (AP) @[ IoU=0.75      | area=   all | maxDets=100 ] = 0.243
 Average Precision  (AP) @[ IoU=0.50:0.95 | area= small | maxDets=100 ] = 0.154
 Average Precision  (AP) @[ IoU=0.50:0.95 | area=medium | maxDets=100 ] = 0.335
 Average Precision  (AP) @[ IoU=0.50:0.95 | area= large | maxDets=100 ] = 0.422
 Average Recall     (AR) @[ IoU=0.50:0.95 | area=   all | maxDets=  1 ] = 0.104
 Average Recall     (AR) @[ IoU=0.50:0.95 | area=   all | maxDets= 10 ] = 0.293
 Average Recall     (AR) @[ IoU=0.50:0.95 | area=   all | maxDets=100 ] = 0.391
 Average Recall     (AR) @[ IoU=0.50:0.95 | area= small | maxDets=100 ] = 0.301
 Average Recall     (AR) @[ IoU=0.50:0.95 | area=medium | maxDets=100 ] = 0.508
 Average Recall     (AR) @[ IoU=0.50:0.95 | area= large | maxDets=100 ] = 0.616
best_stat:  {'epoch': 77, 'coco_eval_bbox': 0.2377007960250672}
Epoch: [81]  [  0/809]  eta: 1:08:54  lr: 0.000001  loss: 9.0653 (9.0653)  loss_bbox: 0.0554 (0.0554)  loss_bbox_aux_0: 0.0578 (0.0578)  loss_bbox_aux_1: 0.0572 (0.0572)  loss_bbox_aux_2: 0.0655 (0.0655)  loss_bbox_dn_0: 0.0506 (0.0506)  loss_bbox_dn_1: 0.0404 (0.0404)  loss_bbox_dn_2: 0.0395 (0.0395)  loss_giou: 0.7299 (0.7299)  loss_giou_aux_0: 0.7521 (0.7521)  loss_giou_aux_1: 0.7264 (0.7264)  loss_giou_aux_2: 0.8153 (0.8153)  loss_giou_dn_0: 0.6587 (0.6587)  loss_giou_dn_1: 0.5807 (0.5807)  loss_giou_dn_2: 0.5665 (0.5665)  loss_vfl: 0.5964 (0.5964)  loss_vfl_aux_0: 0.6265 (0.6265)  loss_vfl_aux_1: 0.6177 (0.6177)  loss_vfl_aux_2: 0.6328 (0.6328)  loss_vfl_dn_0: 0.5009 (0.5009)  loss_vfl_dn_1: 0.4528 (0.4528)  loss_vfl_dn_2: 0.4421 (0.4421)  time: 5.1100  data: 3.1653  max mem: 8529
Epoch: [81]  [100/809]  eta: 0:11:26  lr: 0.000001  loss: 9.5714 (9.4690)  loss_bbox: 0.0689 (0.0777)  loss_bbox_aux_0: 0.0748 (0.0813)  loss_bbox_aux_1: 0.0716 (0.0794)  loss_bbox_aux_2: 0.0911 (0.0937)  loss_bbox_dn_0: 0.0422 (0.0473)  loss_bbox_dn_1: 0.0332 (0.0392)  loss_bbox_dn_2: 0.0327 (0.0383)  loss_giou: 0.9341 (0.8955)  loss_giou_aux_0: 0.9680 (0.9291)  loss_giou_aux_1: 0.9394 (0.9035)  loss_giou_aux_2: 1.0109 (0.9786)  loss_giou_dn_0: 0.7168 (0.7102)  loss_giou_dn_1: 0.6463 (0.6376)  loss_giou_dn_2: 0.6345 (0.6285)  loss_vfl: 0.4856 (0.4930)  loss_vfl_aux_0: 0.4960 (0.5029)  loss_vfl_aux_1: 0.4902 (0.4969)  loss_vfl_aux_2: 0.4849 (0.4979)  loss_vfl_dn_0: 0.4655 (0.4691)  loss_vfl_dn_1: 0.4376 (0.4378)  loss_vfl_dn_2: 0.4337 (0.4316)  time: 0.9268  data: 0.0341  max mem: 8529
Epoch: [81]  [200/809]  eta: 0:09:35  lr: 0.000001  loss: 9.4179 (9.4962)  loss_bbox: 0.0805 (0.0779)  loss_bbox_aux_0: 0.0841 (0.0820)  loss_bbox_aux_1: 0.0809 (0.0797)  loss_bbox_aux_2: 0.0919 (0.0945)  loss_bbox_dn_0: 0.0462 (0.0468)  loss_bbox_dn_1: 0.0400 (0.0389)  loss_bbox_dn_2: 0.0389 (0.0380)  loss_giou: 0.9113 (0.9037)  loss_giou_aux_0: 0.9326 (0.9373)  loss_giou_aux_1: 0.9078 (0.9117)  loss_giou_aux_2: 0.9905 (0.9880)  loss_giou_dn_0: 0.7001 (0.7126)  loss_giou_dn_1: 0.6240 (0.6388)  loss_giou_dn_2: 0.6185 (0.6297)  loss_vfl: 0.4866 (0.4906)  loss_vfl_aux_0: 0.4991 (0.5004)  loss_vfl_aux_1: 0.4965 (0.4949)  loss_vfl_aux_2: 0.4861 (0.4947)  loss_vfl_dn_0: 0.4620 (0.4681)  loss_vfl_dn_1: 0.4310 (0.4369)  loss_vfl_dn_2: 0.4247 (0.4308)  time: 0.9664  data: 0.0387  max mem: 8529
Epoch: [81]  [300/809]  eta: 0:07:56  lr: 0.000001  loss: 9.2569 (9.4765)  loss_bbox: 0.0725 (0.0782)  loss_bbox_aux_0: 0.0787 (0.0822)  loss_bbox_aux_1: 0.0761 (0.0799)  loss_bbox_aux_2: 0.0920 (0.0946)  loss_bbox_dn_0: 0.0434 (0.0475)  loss_bbox_dn_1: 0.0347 (0.0394)  loss_bbox_dn_2: 0.0334 (0.0385)  loss_giou: 0.8881 (0.8975)  loss_giou_aux_0: 0.9291 (0.9308)  loss_giou_aux_1: 0.8926 (0.9055)  loss_giou_aux_2: 0.9715 (0.9820)  loss_giou_dn_0: 0.7020 (0.7090)  loss_giou_dn_1: 0.6299 (0.6347)  loss_giou_dn_2: 0.6168 (0.6258)  loss_vfl: 0.4866 (0.4934)  loss_vfl_aux_0: 0.4962 (0.5037)  loss_vfl_aux_1: 0.4928 (0.4982)  loss_vfl_aux_2: 0.4978 (0.4987)  loss_vfl_dn_0: 0.4657 (0.4688)  loss_vfl_dn_1: 0.4392 (0.4373)  loss_vfl_dn_2: 0.4310 (0.4310)  time: 0.9072  data: 0.0410  max mem: 8529
Epoch: [81]  [400/809]  eta: 0:06:23  lr: 0.000001  loss: 9.4451 (9.4926)  loss_bbox: 0.0716 (0.0788)  loss_bbox_aux_0: 0.0773 (0.0829)  loss_bbox_aux_1: 0.0756 (0.0805)  loss_bbox_aux_2: 0.0868 (0.0952)  loss_bbox_dn_0: 0.0499 (0.0472)  loss_bbox_dn_1: 0.0411 (0.0392)  loss_bbox_dn_2: 0.0397 (0.0383)  loss_giou: 0.9173 (0.8997)  loss_giou_aux_0: 0.9338 (0.9330)  loss_giou_aux_1: 0.9273 (0.9074)  loss_giou_aux_2: 0.9932 (0.9847)  loss_giou_dn_0: 0.7102 (0.7105)  loss_giou_dn_1: 0.6262 (0.6362)  loss_giou_dn_2: 0.6235 (0.6273)  loss_vfl: 0.4833 (0.4932)  loss_vfl_aux_0: 0.5035 (0.5040)  loss_vfl_aux_1: 0.4918 (0.4983)  loss_vfl_aux_2: 0.5006 (0.4986)  loss_vfl_dn_0: 0.4730 (0.4689)  loss_vfl_dn_1: 0.4347 (0.4374)  loss_vfl_dn_2: 0.4286 (0.4311)  time: 0.9486  data: 0.0414  max mem: 8529
Epoch: [81]  [500/809]  eta: 0:04:49  lr: 0.000001  loss: 9.4528 (9.5120)  loss_bbox: 0.0684 (0.0788)  loss_bbox_aux_0: 0.0742 (0.0828)  loss_bbox_aux_1: 0.0688 (0.0805)  loss_bbox_aux_2: 0.0850 (0.0949)  loss_bbox_dn_0: 0.0491 (0.0471)  loss_bbox_dn_1: 0.0405 (0.0392)  loss_bbox_dn_2: 0.0392 (0.0382)  loss_giou: 0.9180 (0.9039)  loss_giou_aux_0: 0.9331 (0.9374)  loss_giou_aux_1: 0.9215 (0.9115)  loss_giou_aux_2: 0.9784 (0.9882)  loss_giou_dn_0: 0.7305 (0.7126)  loss_giou_dn_1: 0.6484 (0.6384)  loss_giou_dn_2: 0.6369 (0.6295)  loss_vfl: 0.4855 (0.4928)  loss_vfl_aux_0: 0.5098 (0.5033)  loss_vfl_aux_1: 0.4911 (0.4979)  loss_vfl_aux_2: 0.5032 (0.4979)  loss_vfl_dn_0: 0.4592 (0.4685)  loss_vfl_dn_1: 0.4331 (0.4373)  loss_vfl_dn_2: 0.4269 (0.4312)  time: 0.9225  data: 0.0377  max mem: 8529
Epoch: [81]  [600/809]  eta: 0:03:15  lr: 0.000001  loss: 9.4339 (9.4971)  loss_bbox: 0.0611 (0.0784)  loss_bbox_aux_0: 0.0634 (0.0826)  loss_bbox_aux_1: 0.0622 (0.0802)  loss_bbox_aux_2: 0.0738 (0.0946)  loss_bbox_dn_0: 0.0423 (0.0471)  loss_bbox_dn_1: 0.0362 (0.0392)  loss_bbox_dn_2: 0.0359 (0.0382)  loss_giou: 0.8669 (0.9015)  loss_giou_aux_0: 0.9029 (0.9349)  loss_giou_aux_1: 0.8808 (0.9092)  loss_giou_aux_2: 0.9574 (0.9858)  loss_giou_dn_0: 0.7173 (0.7114)  loss_giou_dn_1: 0.6419 (0.6372)  loss_giou_dn_2: 0.6355 (0.6283)  loss_vfl: 0.5144 (0.4928)  loss_vfl_aux_0: 0.5264 (0.5033)  loss_vfl_aux_1: 0.5203 (0.4979)  loss_vfl_aux_2: 0.5295 (0.4982)  loss_vfl_dn_0: 0.4686 (0.4683)  loss_vfl_dn_1: 0.4408 (0.4371)  loss_vfl_dn_2: 0.4338 (0.4310)  time: 0.9245  data: 0.0439  max mem: 8529
Epoch: [81]  [700/809]  eta: 0:01:41  lr: 0.000001  loss: 9.2066 (9.4892)  loss_bbox: 0.0694 (0.0784)  loss_bbox_aux_0: 0.0713 (0.0825)  loss_bbox_aux_1: 0.0704 (0.0801)  loss_bbox_aux_2: 0.0854 (0.0945)  loss_bbox_dn_0: 0.0456 (0.0473)  loss_bbox_dn_1: 0.0361 (0.0393)  loss_bbox_dn_2: 0.0350 (0.0384)  loss_giou: 0.8202 (0.8998)  loss_giou_aux_0: 0.8627 (0.9328)  loss_giou_aux_1: 0.8301 (0.9073)  loss_giou_aux_2: 0.9090 (0.9834)  loss_giou_dn_0: 0.6888 (0.7109)  loss_giou_dn_1: 0.6117 (0.6367)  loss_giou_dn_2: 0.5968 (0.6279)  loss_vfl: 0.5251 (0.4930)  loss_vfl_aux_0: 0.5294 (0.5036)  loss_vfl_aux_1: 0.5282 (0.4982)  loss_vfl_aux_2: 0.5216 (0.4987)  loss_vfl_dn_0: 0.4722 (0.4684)  loss_vfl_dn_1: 0.4401 (0.4369)  loss_vfl_dn_2: 0.4330 (0.4308)  time: 0.9020  data: 0.0350  max mem: 8529
Epoch: [81]  [800/809]  eta: 0:00:08  lr: 0.000001  loss: 8.8989 (9.4949)  loss_bbox: 0.0661 (0.0794)  loss_bbox_aux_0: 0.0675 (0.0836)  loss_bbox_aux_1: 0.0680 (0.0811)  loss_bbox_aux_2: 0.0804 (0.0955)  loss_bbox_dn_0: 0.0528 (0.0475)  loss_bbox_dn_1: 0.0410 (0.0395)  loss_bbox_dn_2: 0.0392 (0.0385)  loss_giou: 0.7584 (0.8998)  loss_giou_aux_0: 0.7815 (0.9327)  loss_giou_aux_1: 0.7491 (0.9073)  loss_giou_aux_2: 0.8371 (0.9836)  loss_giou_dn_0: 0.6588 (0.7105)  loss_giou_dn_1: 0.5720 (0.6361)  loss_giou_dn_2: 0.5642 (0.6273)  loss_vfl: 0.5294 (0.4932)  loss_vfl_aux_0: 0.5525 (0.5040)  loss_vfl_aux_1: 0.5374 (0.4985)  loss_vfl_aux_2: 0.5323 (0.4991)  loss_vfl_dn_0: 0.4694 (0.4689)  loss_vfl_dn_1: 0.4366 (0.4375)  loss_vfl_dn_2: 0.4290 (0.4313)  time: 0.9104  data: 0.0374  max mem: 8529
Epoch: [81]  [808/809]  eta: 0:00:00  lr: 0.000001  loss: 9.0331 (9.4966)  loss_bbox: 0.0632 (0.0793)  loss_bbox_aux_0: 0.0667 (0.0834)  loss_bbox_aux_1: 0.0651 (0.0809)  loss_bbox_aux_2: 0.0754 (0.0953)  loss_bbox_dn_0: 0.0488 (0.0475)  loss_bbox_dn_1: 0.0396 (0.0395)  loss_bbox_dn_2: 0.0384 (0.0385)  loss_giou: 0.8334 (0.9000)  loss_giou_aux_0: 0.8753 (0.9328)  loss_giou_aux_1: 0.8417 (0.9075)  loss_giou_aux_2: 0.9056 (0.9837)  loss_giou_dn_0: 0.6778 (0.7107)  loss_giou_dn_1: 0.6038 (0.6363)  loss_giou_dn_2: 0.5974 (0.6275)  loss_vfl: 0.5253 (0.4935)  loss_vfl_aux_0: 0.5365 (0.5043)  loss_vfl_aux_1: 0.5372 (0.4988)  loss_vfl_aux_2: 0.5280 (0.4994)  loss_vfl_dn_0: 0.4694 (0.4690)  loss_vfl_dn_1: 0.4436 (0.4375)  loss_vfl_dn_2: 0.4373 (0.4314)  time: 0.7735  data: 0.0367  max mem: 8529
Epoch: [81] Total time: 0:12:29 (0.9264 s / it)
Averaged stats: lr: 0.000001  loss: 9.0331 (9.4966)  loss_bbox: 0.0632 (0.0793)  loss_bbox_aux_0: 0.0667 (0.0834)  loss_bbox_aux_1: 0.0651 (0.0809)  loss_bbox_aux_2: 0.0754 (0.0953)  loss_bbox_dn_0: 0.0488 (0.0475)  loss_bbox_dn_1: 0.0396 (0.0395)  loss_bbox_dn_2: 0.0384 (0.0385)  loss_giou: 0.8334 (0.9000)  loss_giou_aux_0: 0.8753 (0.9328)  loss_giou_aux_1: 0.8417 (0.9075)  loss_giou_aux_2: 0.9056 (0.9837)  loss_giou_dn_0: 0.6778 (0.7107)  loss_giou_dn_1: 0.6038 (0.6363)  loss_giou_dn_2: 0.5974 (0.6275)  loss_vfl: 0.5253 (0.4935)  loss_vfl_aux_0: 0.5365 (0.5043)  loss_vfl_aux_1: 0.5372 (0.4988)  loss_vfl_aux_2: 0.5280 (0.4994)  loss_vfl_dn_0: 0.4694 (0.4690)  loss_vfl_dn_1: 0.4436 (0.4375)  loss_vfl_dn_2: 0.4373 (0.4314)
Test:  [ 0/69]  eta: 0:01:29    time: 1.2933  data: 0.7858  max mem: 8529
Test:  [10/69]  eta: 0:00:38    time: 0.6574  data: 0.0896  max mem: 8529
Test:  [20/69]  eta: 0:00:31    time: 0.6118  data: 0.0209  max mem: 8529
Test:  [30/69]  eta: 0:00:25    time: 0.6448  data: 0.0218  max mem: 8529
Test:  [40/69]  eta: 0:00:18    time: 0.6034  data: 0.0218  max mem: 8529
Test:  [50/69]  eta: 0:00:11    time: 0.5286  data: 0.0217  max mem: 8529
Test:  [60/69]  eta: 0:00:05    time: 0.5037  data: 0.0217  max mem: 8529
Test:  [68/69]  eta: 0:00:00    time: 0.5152  data: 0.0204  max mem: 8529
Test: Total time: 0:00:40 (0.5812 s / it)
Averaged stats: 
Accumulating evaluation results...
DONE (t=2.05s).
IoU metric: bbox
 Average Precision  (AP) @[ IoU=0.50:0.95 | area=   all | maxDets=100 ] = 0.238
 Average Precision  (AP) @[ IoU=0.50      | area=   all | maxDets=100 ] = 0.393
 Average Precision  (AP) @[ IoU=0.75      | area=   all | maxDets=100 ] = 0.243
 Average Precision  (AP) @[ IoU=0.50:0.95 | area= small | maxDets=100 ] = 0.154
 Average Precision  (AP) @[ IoU=0.50:0.95 | area=medium | maxDets=100 ] = 0.335
 Average Precision  (AP) @[ IoU=0.50:0.95 | area= large | maxDets=100 ] = 0.423
 Average Recall     (AR) @[ IoU=0.50:0.95 | area=   all | maxDets=  1 ] = 0.104
 Average Recall     (AR) @[ IoU=0.50:0.95 | area=   all | maxDets= 10 ] = 0.292
 Average Recall     (AR) @[ IoU=0.50:0.95 | area=   all | maxDets=100 ] = 0.391
 Average Recall     (AR) @[ IoU=0.50:0.95 | area= small | maxDets=100 ] = 0.301
 Average Recall     (AR) @[ IoU=0.50:0.95 | area=medium | maxDets=100 ] = 0.508
 Average Recall     (AR) @[ IoU=0.50:0.95 | area= large | maxDets=100 ] = 0.623
best_stat:  {'epoch': 81, 'coco_eval_bbox': 0.23791376081194762}
Epoch: [82]  [  0/809]  eta: 1:27:39  lr: 0.000001  loss: 10.3404 (10.3404)  loss_bbox: 0.0652 (0.0652)  loss_bbox_aux_0: 0.0689 (0.0689)  loss_bbox_aux_1: 0.0669 (0.0669)  loss_bbox_aux_2: 0.0810 (0.0810)  loss_bbox_dn_0: 0.0317 (0.0317)  loss_bbox_dn_1: 0.0274 (0.0274)  loss_bbox_dn_2: 0.0271 (0.0271)  loss_giou: 1.1449 (1.1449)  loss_giou_aux_0: 1.1847 (1.1847)  loss_giou_aux_1: 1.1478 (1.1478)  loss_giou_aux_2: 1.2106 (1.2106)  loss_giou_dn_0: 0.8289 (0.8289)  loss_giou_dn_1: 0.7684 (0.7684)  loss_giou_dn_2: 0.7621 (0.7621)  loss_vfl: 0.4075 (0.4075)  loss_vfl_aux_0: 0.4045 (0.4045)  loss_vfl_aux_1: 0.4081 (0.4081)  loss_vfl_aux_2: 0.3889 (0.3889)  loss_vfl_dn_0: 0.4487 (0.4487)  loss_vfl_dn_1: 0.4357 (0.4357)  loss_vfl_dn_2: 0.4315 (0.4315)  time: 6.5010  data: 3.1187  max mem: 8529
Epoch: [82]  [100/809]  eta: 0:11:25  lr: 0.000001  loss: 9.6594 (9.4582)  loss_bbox: 0.0766 (0.0772)  loss_bbox_aux_0: 0.0807 (0.0810)  loss_bbox_aux_1: 0.0780 (0.0790)  loss_bbox_aux_2: 0.0974 (0.0925)  loss_bbox_dn_0: 0.0477 (0.0495)  loss_bbox_dn_1: 0.0390 (0.0412)  loss_bbox_dn_2: 0.0381 (0.0402)  loss_giou: 0.9357 (0.8842)  loss_giou_aux_0: 0.9590 (0.9159)  loss_giou_aux_1: 0.9285 (0.8903)  loss_giou_aux_2: 0.9843 (0.9648)  loss_giou_dn_0: 0.7162 (0.7049)  loss_giou_dn_1: 0.6401 (0.6307)  loss_giou_dn_2: 0.6341 (0.6220)  loss_vfl: 0.4869 (0.5029)  loss_vfl_aux_0: 0.5048 (0.5155)  loss_vfl_aux_1: 0.4943 (0.5094)  loss_vfl_aux_2: 0.5004 (0.5111)  loss_vfl_dn_0: 0.4749 (0.4724)  loss_vfl_dn_1: 0.4431 (0.4399)  loss_vfl_dn_2: 0.4375 (0.4336)  time: 0.9104  data: 0.0390  max mem: 8529
Epoch: [82]  [200/809]  eta: 0:09:37  lr: 0.000001  loss: 9.1999 (9.4690)  loss_bbox: 0.0614 (0.0778)  loss_bbox_aux_0: 0.0675 (0.0818)  loss_bbox_aux_1: 0.0634 (0.0795)  loss_bbox_aux_2: 0.0772 (0.0940)  loss_bbox_dn_0: 0.0408 (0.0487)  loss_bbox_dn_1: 0.0345 (0.0405)  loss_bbox_dn_2: 0.0338 (0.0396)  loss_giou: 0.8433 (0.8896)  loss_giou_aux_0: 0.8542 (0.9227)  loss_giou_aux_1: 0.8512 (0.8966)  loss_giou_aux_2: 0.9210 (0.9746)  loss_giou_dn_0: 0.6767 (0.7066)  loss_giou_dn_1: 0.6138 (0.6325)  loss_giou_dn_2: 0.5987 (0.6238)  loss_vfl: 0.5117 (0.4982)  loss_vfl_aux_0: 0.5381 (0.5095)  loss_vfl_aux_1: 0.5197 (0.5043)  loss_vfl_aux_2: 0.5273 (0.5045)  loss_vfl_dn_0: 0.4709 (0.4718)  loss_vfl_dn_1: 0.4323 (0.4393)  loss_vfl_dn_2: 0.4240 (0.4331)  time: 0.8930  data: 0.0341  max mem: 8529
Epoch: [82]  [300/809]  eta: 0:08:00  lr: 0.000001  loss: 9.7515 (9.4741)  loss_bbox: 0.0754 (0.0778)  loss_bbox_aux_0: 0.0806 (0.0821)  loss_bbox_aux_1: 0.0755 (0.0795)  loss_bbox_aux_2: 0.0885 (0.0944)  loss_bbox_dn_0: 0.0449 (0.0489)  loss_bbox_dn_1: 0.0376 (0.0406)  loss_bbox_dn_2: 0.0373 (0.0396)  loss_giou: 0.9429 (0.8892)  loss_giou_aux_0: 0.9933 (0.9224)  loss_giou_aux_1: 0.9584 (0.8966)  loss_giou_aux_2: 1.0278 (0.9734)  loss_giou_dn_0: 0.7314 (0.7065)  loss_giou_dn_1: 0.6656 (0.6320)  loss_giou_dn_2: 0.6541 (0.6230)  loss_vfl: 0.4875 (0.5002)  loss_vfl_aux_0: 0.4969 (0.5118)  loss_vfl_aux_1: 0.4941 (0.5063)  loss_vfl_aux_2: 0.4918 (0.5072)  loss_vfl_dn_0: 0.4698 (0.4713)  loss_vfl_dn_1: 0.4367 (0.4387)  loss_vfl_dn_2: 0.4309 (0.4327)  time: 0.9746  data: 0.0407  max mem: 8529
Epoch: [82]  [400/809]  eta: 0:06:24  lr: 0.000001  loss: 9.3239 (9.4388)  loss_bbox: 0.0652 (0.0773)  loss_bbox_aux_0: 0.0684 (0.0816)  loss_bbox_aux_1: 0.0662 (0.0790)  loss_bbox_aux_2: 0.0829 (0.0935)  loss_bbox_dn_0: 0.0452 (0.0486)  loss_bbox_dn_1: 0.0377 (0.0403)  loss_bbox_dn_2: 0.0362 (0.0394)  loss_giou: 0.8558 (0.8826)  loss_giou_aux_0: 0.8792 (0.9149)  loss_giou_aux_1: 0.8604 (0.8898)  loss_giou_aux_2: 0.9470 (0.9664)  loss_giou_dn_0: 0.6896 (0.7033)  loss_giou_dn_1: 0.6177 (0.6291)  loss_giou_dn_2: 0.6035 (0.6201)  loss_vfl: 0.5231 (0.5016)  loss_vfl_aux_0: 0.5320 (0.5132)  loss_vfl_aux_1: 0.5237 (0.5076)  loss_vfl_aux_2: 0.5178 (0.5090)  loss_vfl_dn_0: 0.4697 (0.4711)  loss_vfl_dn_1: 0.4379 (0.4383)  loss_vfl_dn_2: 0.4329 (0.4323)  time: 0.9033  data: 0.0394  max mem: 8529
Epoch: [82]  [500/809]  eta: 0:04:51  lr: 0.000001  loss: 9.1892 (9.4529)  loss_bbox: 0.0675 (0.0778)  loss_bbox_aux_0: 0.0678 (0.0823)  loss_bbox_aux_1: 0.0677 (0.0796)  loss_bbox_aux_2: 0.0792 (0.0944)  loss_bbox_dn_0: 0.0447 (0.0483)  loss_bbox_dn_1: 0.0358 (0.0401)  loss_bbox_dn_2: 0.0351 (0.0391)  loss_giou: 0.8217 (0.8861)  loss_giou_aux_0: 0.8454 (0.9185)  loss_giou_aux_1: 0.8374 (0.8934)  loss_giou_aux_2: 0.9054 (0.9704)  loss_giou_dn_0: 0.7101 (0.7056)  loss_giou_dn_1: 0.6322 (0.6315)  loss_giou_dn_2: 0.6249 (0.6225)  loss_vfl: 0.4814 (0.4997)  loss_vfl_aux_0: 0.4907 (0.5112)  loss_vfl_aux_1: 0.4784 (0.5054)  loss_vfl_aux_2: 0.4894 (0.5067)  loss_vfl_dn_0: 0.4673 (0.4706)  loss_vfl_dn_1: 0.4293 (0.4380)  loss_vfl_dn_2: 0.4226 (0.4319)  time: 0.9419  data: 0.0423  max mem: 8529
Epoch: [82]  [600/809]  eta: 0:03:16  lr: 0.000001  loss: 9.0489 (9.4394)  loss_bbox: 0.0652 (0.0781)  loss_bbox_aux_0: 0.0689 (0.0826)  loss_bbox_aux_1: 0.0644 (0.0799)  loss_bbox_aux_2: 0.0795 (0.0948)  loss_bbox_dn_0: 0.0440 (0.0483)  loss_bbox_dn_1: 0.0364 (0.0401)  loss_bbox_dn_2: 0.0354 (0.0391)  loss_giou: 0.8020 (0.8840)  loss_giou_aux_0: 0.8091 (0.9161)  loss_giou_aux_1: 0.7977 (0.8912)  loss_giou_aux_2: 0.8640 (0.9680)  loss_giou_dn_0: 0.6703 (0.7044)  loss_giou_dn_1: 0.6031 (0.6303)  loss_giou_dn_2: 0.5981 (0.6213)  loss_vfl: 0.5089 (0.4991)  loss_vfl_aux_0: 0.5190 (0.5109)  loss_vfl_aux_1: 0.5126 (0.5049)  loss_vfl_aux_2: 0.5144 (0.5066)  loss_vfl_dn_0: 0.4669 (0.4705)  loss_vfl_dn_1: 0.4338 (0.4378)  loss_vfl_dn_2: 0.4325 (0.4317)  time: 0.9437  data: 0.0439  max mem: 8529
Epoch: [82]  [700/809]  eta: 0:01:41  lr: 0.000001  loss: 9.7164 (9.4511)  loss_bbox: 0.0771 (0.0781)  loss_bbox_aux_0: 0.0827 (0.0825)  loss_bbox_aux_1: 0.0769 (0.0798)  loss_bbox_aux_2: 0.0922 (0.0947)  loss_bbox_dn_0: 0.0461 (0.0482)  loss_bbox_dn_1: 0.0378 (0.0400)  loss_bbox_dn_2: 0.0377 (0.0391)  loss_giou: 0.9044 (0.8862)  loss_giou_aux_0: 0.9310 (0.9182)  loss_giou_aux_1: 0.9082 (0.8933)  loss_giou_aux_2: 0.9777 (0.9702)  loss_giou_dn_0: 0.7308 (0.7064)  loss_giou_dn_1: 0.6436 (0.6323)  loss_giou_dn_2: 0.6293 (0.6233)  loss_vfl: 0.5037 (0.4988)  loss_vfl_aux_0: 0.5145 (0.5103)  loss_vfl_aux_1: 0.5076 (0.5045)  loss_vfl_aux_2: 0.5093 (0.5056)  loss_vfl_dn_0: 0.4692 (0.4703)  loss_vfl_dn_1: 0.4386 (0.4378)  loss_vfl_dn_2: 0.4324 (0.4317)  time: 0.8987  data: 0.0391  max mem: 8529
Epoch: [82]  [800/809]  eta: 0:00:08  lr: 0.000001  loss: 9.4007 (9.4653)  loss_bbox: 0.0658 (0.0779)  loss_bbox_aux_0: 0.0692 (0.0823)  loss_bbox_aux_1: 0.0680 (0.0797)  loss_bbox_aux_2: 0.0798 (0.0944)  loss_bbox_dn_0: 0.0439 (0.0479)  loss_bbox_dn_1: 0.0368 (0.0398)  loss_bbox_dn_2: 0.0360 (0.0388)  loss_giou: 0.8885 (0.8896)  loss_giou_aux_0: 0.9152 (0.9216)  loss_giou_aux_1: 0.8962 (0.8969)  loss_giou_aux_2: 0.9505 (0.9734)  loss_giou_dn_0: 0.6668 (0.7074)  loss_giou_dn_1: 0.5892 (0.6334)  loss_giou_dn_2: 0.5783 (0.6245)  loss_vfl: 0.5255 (0.4986)  loss_vfl_aux_0: 0.5391 (0.5100)  loss_vfl_aux_1: 0.5298 (0.5043)  loss_vfl_aux_2: 0.5212 (0.5051)  loss_vfl_dn_0: 0.4668 (0.4702)  loss_vfl_dn_1: 0.4330 (0.4377)  loss_vfl_dn_2: 0.4265 (0.4317)  time: 0.9090  data: 0.0379  max mem: 8529
Epoch: [82]  [808/809]  eta: 0:00:00  lr: 0.000001  loss: 9.6734 (9.4672)  loss_bbox: 0.0758 (0.0779)  loss_bbox_aux_0: 0.0804 (0.0824)  loss_bbox_aux_1: 0.0765 (0.0797)  loss_bbox_aux_2: 0.0879 (0.0945)  loss_bbox_dn_0: 0.0441 (0.0479)  loss_bbox_dn_1: 0.0355 (0.0398)  loss_bbox_dn_2: 0.0344 (0.0388)  loss_giou: 0.9526 (0.8900)  loss_giou_aux_0: 0.9568 (0.9220)  loss_giou_aux_1: 0.9559 (0.8973)  loss_giou_aux_2: 1.0222 (0.9739)  loss_giou_dn_0: 0.7185 (0.7076)  loss_giou_dn_1: 0.6526 (0.6335)  loss_giou_dn_2: 0.6390 (0.6246)  loss_vfl: 0.4938 (0.4985)  loss_vfl_aux_0: 0.4948 (0.5099)  loss_vfl_aux_1: 0.4902 (0.5042)  loss_vfl_aux_2: 0.5017 (0.5050)  loss_vfl_dn_0: 0.4675 (0.4702)  loss_vfl_dn_1: 0.4365 (0.4377)  loss_vfl_dn_2: 0.4323 (0.4316)  time: 0.7876  data: 0.0324  max mem: 8529
Epoch: [82] Total time: 0:12:31 (0.9294 s / it)
Averaged stats: lr: 0.000001  loss: 9.6734 (9.4672)  loss_bbox: 0.0758 (0.0779)  loss_bbox_aux_0: 0.0804 (0.0824)  loss_bbox_aux_1: 0.0765 (0.0797)  loss_bbox_aux_2: 0.0879 (0.0945)  loss_bbox_dn_0: 0.0441 (0.0479)  loss_bbox_dn_1: 0.0355 (0.0398)  loss_bbox_dn_2: 0.0344 (0.0388)  loss_giou: 0.9526 (0.8900)  loss_giou_aux_0: 0.9568 (0.9220)  loss_giou_aux_1: 0.9559 (0.8973)  loss_giou_aux_2: 1.0222 (0.9739)  loss_giou_dn_0: 0.7185 (0.7076)  loss_giou_dn_1: 0.6526 (0.6335)  loss_giou_dn_2: 0.6390 (0.6246)  loss_vfl: 0.4938 (0.4985)  loss_vfl_aux_0: 0.4948 (0.5099)  loss_vfl_aux_1: 0.4902 (0.5042)  loss_vfl_aux_2: 0.5017 (0.5050)  loss_vfl_dn_0: 0.4675 (0.4702)  loss_vfl_dn_1: 0.4365 (0.4377)  loss_vfl_dn_2: 0.4323 (0.4316)
Test:  [ 0/69]  eta: 0:01:53    time: 1.6420  data: 0.8438  max mem: 8529
Test:  [10/69]  eta: 0:00:40    time: 0.6885  data: 0.0949  max mem: 8529
Test:  [20/69]  eta: 0:00:32    time: 0.6062  data: 0.0209  max mem: 8529
Test:  [30/69]  eta: 0:00:24    time: 0.5922  data: 0.0211  max mem: 8529
Test:  [40/69]  eta: 0:00:18    time: 0.6038  data: 0.0658  max mem: 8529
Test:  [50/69]  eta: 0:00:11    time: 0.5812  data: 0.0673  max mem: 8529
Test:  [60/69]  eta: 0:00:05    time: 0.5090  data: 0.0230  max mem: 8529
Test:  [68/69]  eta: 0:00:00    time: 0.5225  data: 0.0213  max mem: 8529
Test: Total time: 0:00:40 (0.5879 s / it)
Averaged stats: 
Accumulating evaluation results...
DONE (t=1.98s).
IoU metric: bbox
 Average Precision  (AP) @[ IoU=0.50:0.95 | area=   all | maxDets=100 ] = 0.238
 Average Precision  (AP) @[ IoU=0.50      | area=   all | maxDets=100 ] = 0.393
 Average Precision  (AP) @[ IoU=0.75      | area=   all | maxDets=100 ] = 0.243
 Average Precision  (AP) @[ IoU=0.50:0.95 | area= small | maxDets=100 ] = 0.154
 Average Precision  (AP) @[ IoU=0.50:0.95 | area=medium | maxDets=100 ] = 0.336
 Average Precision  (AP) @[ IoU=0.50:0.95 | area= large | maxDets=100 ] = 0.425
 Average Recall     (AR) @[ IoU=0.50:0.95 | area=   all | maxDets=  1 ] = 0.105
 Average Recall     (AR) @[ IoU=0.50:0.95 | area=   all | maxDets= 10 ] = 0.292
 Average Recall     (AR) @[ IoU=0.50:0.95 | area=   all | maxDets=100 ] = 0.391
 Average Recall     (AR) @[ IoU=0.50:0.95 | area= small | maxDets=100 ] = 0.301
 Average Recall     (AR) @[ IoU=0.50:0.95 | area=medium | maxDets=100 ] = 0.509
 Average Recall     (AR) @[ IoU=0.50:0.95 | area= large | maxDets=100 ] = 0.615
best_stat:  {'epoch': 82, 'coco_eval_bbox': 0.23806655410752375}
Epoch: [83]  [  0/809]  eta: 1:13:45  lr: 0.000001  loss: 8.7634 (8.7634)  loss_bbox: 0.0713 (0.0713)  loss_bbox_aux_0: 0.0753 (0.0753)  loss_bbox_aux_1: 0.0719 (0.0719)  loss_bbox_aux_2: 0.0921 (0.0921)  loss_bbox_dn_0: 0.0479 (0.0479)  loss_bbox_dn_1: 0.0397 (0.0397)  loss_bbox_dn_2: 0.0386 (0.0386)  loss_giou: 0.8155 (0.8155)  loss_giou_aux_0: 0.8686 (0.8686)  loss_giou_aux_1: 0.8080 (0.8080)  loss_giou_aux_2: 0.8769 (0.8769)  loss_giou_dn_0: 0.6815 (0.6815)  loss_giou_dn_1: 0.6162 (0.6162)  loss_giou_dn_2: 0.6072 (0.6072)  loss_vfl: 0.4299 (0.4299)  loss_vfl_aux_0: 0.4392 (0.4392)  loss_vfl_aux_1: 0.4316 (0.4316)  loss_vfl_aux_2: 0.4520 (0.4520)  loss_vfl_dn_0: 0.4557 (0.4557)  loss_vfl_dn_1: 0.4247 (0.4247)  loss_vfl_dn_2: 0.4196 (0.4196)  time: 5.4699  data: 2.4728  max mem: 8529
Epoch: [83]  [100/809]  eta: 0:11:26  lr: 0.000001  loss: 9.5299 (9.4018)  loss_bbox: 0.0688 (0.0757)  loss_bbox_aux_0: 0.0725 (0.0802)  loss_bbox_aux_1: 0.0704 (0.0774)  loss_bbox_aux_2: 0.0840 (0.0929)  loss_bbox_dn_0: 0.0485 (0.0480)  loss_bbox_dn_1: 0.0401 (0.0397)  loss_bbox_dn_2: 0.0387 (0.0388)  loss_giou: 0.9213 (0.8809)  loss_giou_aux_0: 0.9651 (0.9164)  loss_giou_aux_1: 0.9306 (0.8888)  loss_giou_aux_2: 0.9864 (0.9662)  loss_giou_dn_0: 0.7218 (0.7055)  loss_giou_dn_1: 0.6497 (0.6300)  loss_giou_dn_2: 0.6420 (0.6210)  loss_vfl: 0.4868 (0.4954)  loss_vfl_aux_0: 0.4925 (0.5054)  loss_vfl_aux_1: 0.4893 (0.5007)  loss_vfl_aux_2: 0.4919 (0.5017)  loss_vfl_dn_0: 0.4663 (0.4695)  loss_vfl_dn_1: 0.4368 (0.4368)  loss_vfl_dn_2: 0.4303 (0.4307)  time: 0.9387  data: 0.0407  max mem: 8529
Epoch: [83]  [200/809]  eta: 0:09:33  lr: 0.000001  loss: 9.4297 (9.5076)  loss_bbox: 0.0706 (0.0793)  loss_bbox_aux_0: 0.0759 (0.0840)  loss_bbox_aux_1: 0.0721 (0.0810)  loss_bbox_aux_2: 0.0891 (0.0963)  loss_bbox_dn_0: 0.0414 (0.0489)  loss_bbox_dn_1: 0.0355 (0.0406)  loss_bbox_dn_2: 0.0346 (0.0397)  loss_giou: 0.8862 (0.8976)  loss_giou_aux_0: 0.9193 (0.9326)  loss_giou_aux_1: 0.8933 (0.9062)  loss_giou_aux_2: 0.9618 (0.9829)  loss_giou_dn_0: 0.7128 (0.7131)  loss_giou_dn_1: 0.6404 (0.6381)  loss_giou_dn_2: 0.6354 (0.6293)  loss_vfl: 0.5138 (0.4953)  loss_vfl_aux_0: 0.5237 (0.5049)  loss_vfl_aux_1: 0.5184 (0.5006)  loss_vfl_aux_2: 0.5039 (0.5003)  loss_vfl_dn_0: 0.4706 (0.4692)  loss_vfl_dn_1: 0.4392 (0.4369)  loss_vfl_dn_2: 0.4341 (0.4308)  time: 0.9098  data: 0.0347  max mem: 8529
Epoch: [83]  [300/809]  eta: 0:07:55  lr: 0.000001  loss: 9.8249 (9.4899)  loss_bbox: 0.0692 (0.0772)  loss_bbox_aux_0: 0.0761 (0.0820)  loss_bbox_aux_1: 0.0711 (0.0790)  loss_bbox_aux_2: 0.0847 (0.0945)  loss_bbox_dn_0: 0.0447 (0.0484)  loss_bbox_dn_1: 0.0377 (0.0402)  loss_bbox_dn_2: 0.0367 (0.0393)  loss_giou: 0.9456 (0.8970)  loss_giou_aux_0: 0.9682 (0.9315)  loss_giou_aux_1: 0.9378 (0.9059)  loss_giou_aux_2: 1.0310 (0.9830)  loss_giou_dn_0: 0.7388 (0.7130)  loss_giou_dn_1: 0.6673 (0.6383)  loss_giou_dn_2: 0.6610 (0.6294)  loss_vfl: 0.4786 (0.4936)  loss_vfl_aux_0: 0.4851 (0.5030)  loss_vfl_aux_1: 0.4777 (0.4989)  loss_vfl_aux_2: 0.4713 (0.4985)  loss_vfl_dn_0: 0.4688 (0.4693)  loss_vfl_dn_1: 0.4392 (0.4370)  loss_vfl_dn_2: 0.4354 (0.4309)  time: 0.9132  data: 0.0412  max mem: 8529
Epoch: [83]  [400/809]  eta: 0:06:20  lr: 0.000001  loss: 9.7709 (9.5023)  loss_bbox: 0.0755 (0.0774)  loss_bbox_aux_0: 0.0798 (0.0824)  loss_bbox_aux_1: 0.0780 (0.0793)  loss_bbox_aux_2: 0.0934 (0.0953)  loss_bbox_dn_0: 0.0488 (0.0486)  loss_bbox_dn_1: 0.0404 (0.0403)  loss_bbox_dn_2: 0.0394 (0.0394)  loss_giou: 0.9259 (0.8998)  loss_giou_aux_0: 0.9466 (0.9344)  loss_giou_aux_1: 0.9245 (0.9086)  loss_giou_aux_2: 0.9955 (0.9857)  loss_giou_dn_0: 0.7292 (0.7137)  loss_giou_dn_1: 0.6515 (0.6390)  loss_giou_dn_2: 0.6391 (0.6301)  loss_vfl: 0.5082 (0.4935)  loss_vfl_aux_0: 0.5110 (0.5029)  loss_vfl_aux_1: 0.5172 (0.4985)  loss_vfl_aux_2: 0.5093 (0.4977)  loss_vfl_dn_0: 0.4667 (0.4686)  loss_vfl_dn_1: 0.4344 (0.4366)  loss_vfl_dn_2: 0.4313 (0.4304)  time: 0.9112  data: 0.0453  max mem: 8529
Epoch: [83]  [500/809]  eta: 0:04:46  lr: 0.000001  loss: 9.5096 (9.4644)  loss_bbox: 0.0697 (0.0770)  loss_bbox_aux_0: 0.0731 (0.0818)  loss_bbox_aux_1: 0.0706 (0.0788)  loss_bbox_aux_2: 0.0823 (0.0944)  loss_bbox_dn_0: 0.0450 (0.0485)  loss_bbox_dn_1: 0.0360 (0.0403)  loss_bbox_dn_2: 0.0342 (0.0393)  loss_giou: 0.8913 (0.8916)  loss_giou_aux_0: 0.9220 (0.9255)  loss_giou_aux_1: 0.9086 (0.9000)  loss_giou_aux_2: 0.9859 (0.9769)  loss_giou_dn_0: 0.6995 (0.7104)  loss_giou_dn_1: 0.6295 (0.6357)  loss_giou_dn_2: 0.6279 (0.6268)  loss_vfl: 0.5105 (0.4955)  loss_vfl_aux_0: 0.5215 (0.5052)  loss_vfl_aux_1: 0.5077 (0.5006)  loss_vfl_aux_2: 0.5067 (0.5004)  loss_vfl_dn_0: 0.4725 (0.4686)  loss_vfl_dn_1: 0.4408 (0.4367)  loss_vfl_dn_2: 0.4343 (0.4304)  time: 0.9208  data: 0.0450  max mem: 8529
Epoch: [83]  [600/809]  eta: 0:03:13  lr: 0.000001  loss: 9.0564 (9.4574)  loss_bbox: 0.0689 (0.0770)  loss_bbox_aux_0: 0.0698 (0.0819)  loss_bbox_aux_1: 0.0701 (0.0788)  loss_bbox_aux_2: 0.0851 (0.0946)  loss_bbox_dn_0: 0.0464 (0.0485)  loss_bbox_dn_1: 0.0398 (0.0402)  loss_bbox_dn_2: 0.0389 (0.0393)  loss_giou: 0.7999 (0.8884)  loss_giou_aux_0: 0.8217 (0.9225)  loss_giou_aux_1: 0.8108 (0.8968)  loss_giou_aux_2: 0.9090 (0.9741)  loss_giou_dn_0: 0.6946 (0.7092)  loss_giou_dn_1: 0.6160 (0.6346)  loss_giou_dn_2: 0.6077 (0.6256)  loss_vfl: 0.5334 (0.4972)  loss_vfl_aux_0: 0.5272 (0.5068)  loss_vfl_aux_1: 0.5327 (0.5024)  loss_vfl_aux_2: 0.5171 (0.5017)  loss_vfl_dn_0: 0.4725 (0.4693)  loss_vfl_dn_1: 0.4401 (0.4373)  loss_vfl_dn_2: 0.4349 (0.4311)  time: 0.9084  data: 0.0360  max mem: 8529
Epoch: [83]  [700/809]  eta: 0:01:40  lr: 0.000001  loss: 9.5017 (9.4443)  loss_bbox: 0.0667 (0.0769)  loss_bbox_aux_0: 0.0688 (0.0818)  loss_bbox_aux_1: 0.0667 (0.0787)  loss_bbox_aux_2: 0.0837 (0.0943)  loss_bbox_dn_0: 0.0466 (0.0486)  loss_bbox_dn_1: 0.0375 (0.0403)  loss_bbox_dn_2: 0.0369 (0.0394)  loss_giou: 0.8580 (0.8849)  loss_giou_aux_0: 0.9071 (0.9190)  loss_giou_aux_1: 0.8738 (0.8932)  loss_giou_aux_2: 0.9464 (0.9704)  loss_giou_dn_0: 0.7039 (0.7075)  loss_giou_dn_1: 0.6346 (0.6330)  loss_giou_dn_2: 0.6291 (0.6240)  loss_vfl: 0.5101 (0.4984)  loss_vfl_aux_0: 0.5138 (0.5082)  loss_vfl_aux_1: 0.5146 (0.5038)  loss_vfl_aux_2: 0.5140 (0.5035)  loss_vfl_dn_0: 0.4672 (0.4696)  loss_vfl_dn_1: 0.4376 (0.4374)  loss_vfl_dn_2: 0.4283 (0.4312)  time: 0.9681  data: 0.0447  max mem: 8529
Epoch: [83]  [800/809]  eta: 0:00:08  lr: 0.000001  loss: 9.4392 (9.4674)  loss_bbox: 0.0663 (0.0782)  loss_bbox_aux_0: 0.0715 (0.0831)  loss_bbox_aux_1: 0.0693 (0.0800)  loss_bbox_aux_2: 0.0857 (0.0957)  loss_bbox_dn_0: 0.0459 (0.0485)  loss_bbox_dn_1: 0.0384 (0.0403)  loss_bbox_dn_2: 0.0369 (0.0393)  loss_giou: 0.9008 (0.8895)  loss_giou_aux_0: 0.9462 (0.9233)  loss_giou_aux_1: 0.9076 (0.8978)  loss_giou_aux_2: 0.9963 (0.9747)  loss_giou_dn_0: 0.7119 (0.7084)  loss_giou_dn_1: 0.6520 (0.6340)  loss_giou_dn_2: 0.6434 (0.6250)  loss_vfl: 0.4777 (0.4978)  loss_vfl_aux_0: 0.4878 (0.5076)  loss_vfl_aux_1: 0.4910 (0.5032)  loss_vfl_aux_2: 0.4708 (0.5030)  loss_vfl_dn_0: 0.4636 (0.4695)  loss_vfl_dn_1: 0.4377 (0.4375)  loss_vfl_dn_2: 0.4321 (0.4313)  time: 0.9738  data: 0.0419  max mem: 8529
Epoch: [83]  [808/809]  eta: 0:00:00  lr: 0.000001  loss: 9.3420 (9.4621)  loss_bbox: 0.0679 (0.0780)  loss_bbox_aux_0: 0.0718 (0.0830)  loss_bbox_aux_1: 0.0693 (0.0799)  loss_bbox_aux_2: 0.0857 (0.0956)  loss_bbox_dn_0: 0.0430 (0.0485)  loss_bbox_dn_1: 0.0347 (0.0402)  loss_bbox_dn_2: 0.0338 (0.0393)  loss_giou: 0.8684 (0.8887)  loss_giou_aux_0: 0.9053 (0.9225)  loss_giou_aux_1: 0.8793 (0.8970)  loss_giou_aux_2: 0.9997 (0.9739)  loss_giou_dn_0: 0.7115 (0.7079)  loss_giou_dn_1: 0.6342 (0.6335)  loss_giou_dn_2: 0.6316 (0.6245)  loss_vfl: 0.4777 (0.4978)  loss_vfl_aux_0: 0.4841 (0.5076)  loss_vfl_aux_1: 0.4796 (0.5031)  loss_vfl_aux_2: 0.4670 (0.5030)  loss_vfl_dn_0: 0.4623 (0.4695)  loss_vfl_dn_1: 0.4360 (0.4374)  loss_vfl_dn_2: 0.4271 (0.4312)  time: 0.8133  data: 0.0389  max mem: 8529
Epoch: [83] Total time: 0:12:26 (0.9223 s / it)
Averaged stats: lr: 0.000001  loss: 9.3420 (9.4621)  loss_bbox: 0.0679 (0.0780)  loss_bbox_aux_0: 0.0718 (0.0830)  loss_bbox_aux_1: 0.0693 (0.0799)  loss_bbox_aux_2: 0.0857 (0.0956)  loss_bbox_dn_0: 0.0430 (0.0485)  loss_bbox_dn_1: 0.0347 (0.0402)  loss_bbox_dn_2: 0.0338 (0.0393)  loss_giou: 0.8684 (0.8887)  loss_giou_aux_0: 0.9053 (0.9225)  loss_giou_aux_1: 0.8793 (0.8970)  loss_giou_aux_2: 0.9997 (0.9739)  loss_giou_dn_0: 0.7115 (0.7079)  loss_giou_dn_1: 0.6342 (0.6335)  loss_giou_dn_2: 0.6316 (0.6245)  loss_vfl: 0.4777 (0.4978)  loss_vfl_aux_0: 0.4841 (0.5076)  loss_vfl_aux_1: 0.4796 (0.5031)  loss_vfl_aux_2: 0.4670 (0.5030)  loss_vfl_dn_0: 0.4623 (0.4695)  loss_vfl_dn_1: 0.4360 (0.4374)  loss_vfl_dn_2: 0.4271 (0.4312)
Test:  [ 0/69]  eta: 0:01:22    time: 1.1973  data: 0.6494  max mem: 8529
Test:  [10/69]  eta: 0:00:38    time: 0.6480  data: 0.0776  max mem: 8529
Test:  [20/69]  eta: 0:00:31    time: 0.6087  data: 0.0206  max mem: 8529
Test:  [30/69]  eta: 0:00:23    time: 0.5869  data: 0.0213  max mem: 8529
Test:  [40/69]  eta: 0:00:17    time: 0.5398  data: 0.0214  max mem: 8529
Test:  [50/69]  eta: 0:00:11    time: 0.5675  data: 0.0213  max mem: 8529
Test:  [60/69]  eta: 0:00:05    time: 0.5468  data: 0.0209  max mem: 8529
Test:  [68/69]  eta: 0:00:00    time: 0.5049  data: 0.0200  max mem: 8529
Test: Total time: 0:00:39 (0.5716 s / it)
Averaged stats: 
Accumulating evaluation results...
DONE (t=1.98s).
IoU metric: bbox
 Average Precision  (AP) @[ IoU=0.50:0.95 | area=   all | maxDets=100 ] = 0.239
 Average Precision  (AP) @[ IoU=0.50      | area=   all | maxDets=100 ] = 0.394
 Average Precision  (AP) @[ IoU=0.75      | area=   all | maxDets=100 ] = 0.244
 Average Precision  (AP) @[ IoU=0.50:0.95 | area= small | maxDets=100 ] = 0.155
 Average Precision  (AP) @[ IoU=0.50:0.95 | area=medium | maxDets=100 ] = 0.337
 Average Precision  (AP) @[ IoU=0.50:0.95 | area= large | maxDets=100 ] = 0.423
 Average Recall     (AR) @[ IoU=0.50:0.95 | area=   all | maxDets=  1 ] = 0.104
 Average Recall     (AR) @[ IoU=0.50:0.95 | area=   all | maxDets= 10 ] = 0.292
 Average Recall     (AR) @[ IoU=0.50:0.95 | area=   all | maxDets=100 ] = 0.391
 Average Recall     (AR) @[ IoU=0.50:0.95 | area= small | maxDets=100 ] = 0.301
 Average Recall     (AR) @[ IoU=0.50:0.95 | area=medium | maxDets=100 ] = 0.509
 Average Recall     (AR) @[ IoU=0.50:0.95 | area= large | maxDets=100 ] = 0.612
best_stat:  {'epoch': 83, 'coco_eval_bbox': 0.23876662506680266}
Epoch: [84]  [  0/809]  eta: 1:11:13  lr: 0.000001  loss: 9.3792 (9.3792)  loss_bbox: 0.0566 (0.0566)  loss_bbox_aux_0: 0.0609 (0.0609)  loss_bbox_aux_1: 0.0571 (0.0571)  loss_bbox_aux_2: 0.0703 (0.0703)  loss_bbox_dn_0: 0.0403 (0.0403)  loss_bbox_dn_1: 0.0339 (0.0339)  loss_bbox_dn_2: 0.0332 (0.0332)  loss_giou: 0.8403 (0.8403)  loss_giou_aux_0: 0.8877 (0.8877)  loss_giou_aux_1: 0.8499 (0.8499)  loss_giou_aux_2: 0.9439 (0.9439)  loss_giou_dn_0: 0.7253 (0.7253)  loss_giou_dn_1: 0.6432 (0.6432)  loss_giou_dn_2: 0.6344 (0.6344)  loss_vfl: 0.5430 (0.5430)  loss_vfl_aux_0: 0.5353 (0.5353)  loss_vfl_aux_1: 0.5426 (0.5426)  loss_vfl_aux_2: 0.5278 (0.5278)  loss_vfl_dn_0: 0.4711 (0.4711)  loss_vfl_dn_1: 0.4440 (0.4440)  loss_vfl_dn_2: 0.4384 (0.4384)  time: 5.2820  data: 2.8334  max mem: 8529
Epoch: [84]  [100/809]  eta: 0:11:47  lr: 0.000001  loss: 9.4791 (9.5196)  loss_bbox: 0.0727 (0.0767)  loss_bbox_aux_0: 0.0776 (0.0815)  loss_bbox_aux_1: 0.0715 (0.0781)  loss_bbox_aux_2: 0.0904 (0.0948)  loss_bbox_dn_0: 0.0473 (0.0499)  loss_bbox_dn_1: 0.0400 (0.0416)  loss_bbox_dn_2: 0.0386 (0.0406)  loss_giou: 0.8725 (0.8970)  loss_giou_aux_0: 0.9126 (0.9291)  loss_giou_aux_1: 0.8934 (0.9063)  loss_giou_aux_2: 0.9636 (0.9806)  loss_giou_dn_0: 0.7303 (0.7123)  loss_giou_dn_1: 0.6511 (0.6381)  loss_giou_dn_2: 0.6437 (0.6292)  loss_vfl: 0.5052 (0.5008)  loss_vfl_aux_0: 0.5120 (0.5106)  loss_vfl_aux_1: 0.5096 (0.5057)  loss_vfl_aux_2: 0.5148 (0.5043)  loss_vfl_dn_0: 0.4676 (0.4699)  loss_vfl_dn_1: 0.4338 (0.4392)  loss_vfl_dn_2: 0.4313 (0.4333)  time: 0.9758  data: 0.0440  max mem: 8529
Epoch: [84]  [200/809]  eta: 0:09:38  lr: 0.000001  loss: 9.6263 (9.4419)  loss_bbox: 0.0705 (0.0755)  loss_bbox_aux_0: 0.0753 (0.0801)  loss_bbox_aux_1: 0.0724 (0.0770)  loss_bbox_aux_2: 0.0851 (0.0925)  loss_bbox_dn_0: 0.0479 (0.0490)  loss_bbox_dn_1: 0.0388 (0.0408)  loss_bbox_dn_2: 0.0385 (0.0398)  loss_giou: 0.8696 (0.8827)  loss_giou_aux_0: 0.9065 (0.9170)  loss_giou_aux_1: 0.8837 (0.8917)  loss_giou_aux_2: 0.9500 (0.9704)  loss_giou_dn_0: 0.7150 (0.7057)  loss_giou_dn_1: 0.6391 (0.6314)  loss_giou_dn_2: 0.6306 (0.6225)  loss_vfl: 0.4883 (0.5016)  loss_vfl_aux_0: 0.4922 (0.5111)  loss_vfl_aux_1: 0.4929 (0.5065)  loss_vfl_aux_2: 0.4794 (0.5058)  loss_vfl_dn_0: 0.4767 (0.4706)  loss_vfl_dn_1: 0.4419 (0.4384)  loss_vfl_dn_2: 0.4364 (0.4319)  time: 0.8994  data: 0.0397  max mem: 8529
Epoch: [84]  [300/809]  eta: 0:07:56  lr: 0.000001  loss: 9.1584 (9.4559)  loss_bbox: 0.0682 (0.0765)  loss_bbox_aux_0: 0.0722 (0.0811)  loss_bbox_aux_1: 0.0670 (0.0781)  loss_bbox_aux_2: 0.0855 (0.0934)  loss_bbox_dn_0: 0.0503 (0.0491)  loss_bbox_dn_1: 0.0426 (0.0409)  loss_bbox_dn_2: 0.0417 (0.0399)  loss_giou: 0.7774 (0.8856)  loss_giou_aux_0: 0.8134 (0.9196)  loss_giou_aux_1: 0.7811 (0.8940)  loss_giou_aux_2: 0.8507 (0.9721)  loss_giou_dn_0: 0.6929 (0.7066)  loss_giou_dn_1: 0.6214 (0.6324)  loss_giou_dn_2: 0.6097 (0.6234)  loss_vfl: 0.5135 (0.5008)  loss_vfl_aux_0: 0.5317 (0.5107)  loss_vfl_aux_1: 0.5142 (0.5056)  loss_vfl_aux_2: 0.5422 (0.5066)  loss_vfl_dn_0: 0.4690 (0.4702)  loss_vfl_dn_1: 0.4386 (0.4379)  loss_vfl_dn_2: 0.4344 (0.4315)  time: 0.9366  data: 0.0407  max mem: 8529
Epoch: [84]  [400/809]  eta: 0:06:20  lr: 0.000001  loss: 9.3409 (9.4837)  loss_bbox: 0.0761 (0.0783)  loss_bbox_aux_0: 0.0788 (0.0832)  loss_bbox_aux_1: 0.0789 (0.0800)  loss_bbox_aux_2: 0.0871 (0.0956)  loss_bbox_dn_0: 0.0490 (0.0492)  loss_bbox_dn_1: 0.0409 (0.0410)  loss_bbox_dn_2: 0.0396 (0.0401)  loss_giou: 0.8542 (0.8911)  loss_giou_aux_0: 0.8850 (0.9254)  loss_giou_aux_1: 0.8583 (0.8995)  loss_giou_aux_2: 0.9413 (0.9776)  loss_giou_dn_0: 0.7128 (0.7096)  loss_giou_dn_1: 0.6366 (0.6351)  loss_giou_dn_2: 0.6273 (0.6262)  loss_vfl: 0.5036 (0.4975)  loss_vfl_aux_0: 0.5134 (0.5074)  loss_vfl_aux_1: 0.5095 (0.5024)  loss_vfl_aux_2: 0.5065 (0.5033)  loss_vfl_dn_0: 0.4776 (0.4705)  loss_vfl_dn_1: 0.4395 (0.4385)  loss_vfl_dn_2: 0.4363 (0.4322)  time: 0.8914  data: 0.0423  max mem: 8529
Epoch: [84]  [500/809]  eta: 0:04:47  lr: 0.000001  loss: 9.6183 (9.5000)  loss_bbox: 0.0784 (0.0787)  loss_bbox_aux_0: 0.0782 (0.0834)  loss_bbox_aux_1: 0.0768 (0.0803)  loss_bbox_aux_2: 0.0944 (0.0958)  loss_bbox_dn_0: 0.0465 (0.0486)  loss_bbox_dn_1: 0.0383 (0.0405)  loss_bbox_dn_2: 0.0383 (0.0396)  loss_giou: 0.9080 (0.8973)  loss_giou_aux_0: 0.9442 (0.9313)  loss_giou_aux_1: 0.9164 (0.9055)  loss_giou_aux_2: 0.9951 (0.9825)  loss_giou_dn_0: 0.7130 (0.7107)  loss_giou_dn_1: 0.6355 (0.6364)  loss_giou_dn_2: 0.6244 (0.6275)  loss_vfl: 0.4885 (0.4955)  loss_vfl_aux_0: 0.5054 (0.5056)  loss_vfl_aux_1: 0.4913 (0.5004)  loss_vfl_aux_2: 0.5029 (0.5013)  loss_vfl_dn_0: 0.4701 (0.4699)  loss_vfl_dn_1: 0.4329 (0.4377)  loss_vfl_dn_2: 0.4243 (0.4315)  time: 0.9172  data: 0.0398  max mem: 8529
Epoch: [84]  [600/809]  eta: 0:03:13  lr: 0.000001  loss: 9.4088 (9.4763)  loss_bbox: 0.0629 (0.0784)  loss_bbox_aux_0: 0.0646 (0.0831)  loss_bbox_aux_1: 0.0648 (0.0800)  loss_bbox_aux_2: 0.0816 (0.0953)  loss_bbox_dn_0: 0.0478 (0.0487)  loss_bbox_dn_1: 0.0395 (0.0406)  loss_bbox_dn_2: 0.0380 (0.0396)  loss_giou: 0.8700 (0.8916)  loss_giou_aux_0: 0.8914 (0.9253)  loss_giou_aux_1: 0.8741 (0.8997)  loss_giou_aux_2: 0.9372 (0.9768)  loss_giou_dn_0: 0.7081 (0.7088)  loss_giou_dn_1: 0.6517 (0.6344)  loss_giou_dn_2: 0.6400 (0.6255)  loss_vfl: 0.5198 (0.4971)  loss_vfl_aux_0: 0.5386 (0.5073)  loss_vfl_aux_1: 0.5311 (0.5021)  loss_vfl_aux_2: 0.5311 (0.5028)  loss_vfl_dn_0: 0.4657 (0.4699)  loss_vfl_dn_1: 0.4379 (0.4377)  loss_vfl_dn_2: 0.4307 (0.4316)  time: 0.9203  data: 0.0405  max mem: 8529
Epoch: [84]  [700/809]  eta: 0:01:41  lr: 0.000001  loss: 9.4219 (9.4796)  loss_bbox: 0.0707 (0.0787)  loss_bbox_aux_0: 0.0730 (0.0834)  loss_bbox_aux_1: 0.0730 (0.0803)  loss_bbox_aux_2: 0.0843 (0.0956)  loss_bbox_dn_0: 0.0441 (0.0487)  loss_bbox_dn_1: 0.0372 (0.0405)  loss_bbox_dn_2: 0.0362 (0.0396)  loss_giou: 0.8958 (0.8916)  loss_giou_aux_0: 0.9372 (0.9254)  loss_giou_aux_1: 0.9020 (0.8995)  loss_giou_aux_2: 0.9926 (0.9768)  loss_giou_dn_0: 0.7114 (0.7089)  loss_giou_dn_1: 0.6260 (0.6343)  loss_giou_dn_2: 0.6144 (0.6253)  loss_vfl: 0.4912 (0.4976)  loss_vfl_aux_0: 0.5040 (0.5079)  loss_vfl_aux_1: 0.4962 (0.5027)  loss_vfl_aux_2: 0.4972 (0.5035)  loss_vfl_dn_0: 0.4695 (0.4700)  loss_vfl_dn_1: 0.4402 (0.4378)  loss_vfl_dn_2: 0.4330 (0.4316)  time: 0.9161  data: 0.0331  max mem: 8529
Epoch: [84]  [800/809]  eta: 0:00:08  lr: 0.000001  loss: 9.3375 (9.4682)  loss_bbox: 0.0669 (0.0784)  loss_bbox_aux_0: 0.0719 (0.0830)  loss_bbox_aux_1: 0.0681 (0.0800)  loss_bbox_aux_2: 0.0833 (0.0952)  loss_bbox_dn_0: 0.0455 (0.0486)  loss_bbox_dn_1: 0.0364 (0.0405)  loss_bbox_dn_2: 0.0357 (0.0396)  loss_giou: 0.8348 (0.8891)  loss_giou_aux_0: 0.8552 (0.9225)  loss_giou_aux_1: 0.8594 (0.8970)  loss_giou_aux_2: 0.9237 (0.9741)  loss_giou_dn_0: 0.6737 (0.7080)  loss_giou_dn_1: 0.6046 (0.6333)  loss_giou_dn_2: 0.5949 (0.6243)  loss_vfl: 0.5021 (0.4983)  loss_vfl_aux_0: 0.5121 (0.5087)  loss_vfl_aux_1: 0.5071 (0.5036)  loss_vfl_aux_2: 0.5095 (0.5042)  loss_vfl_dn_0: 0.4681 (0.4701)  loss_vfl_dn_1: 0.4413 (0.4379)  loss_vfl_dn_2: 0.4351 (0.4317)  time: 0.9363  data: 0.0352  max mem: 8529
Epoch: [84]  [808/809]  eta: 0:00:00  lr: 0.000001  loss: 9.3696 (9.4716)  loss_bbox: 0.0746 (0.0784)  loss_bbox_aux_0: 0.0765 (0.0831)  loss_bbox_aux_1: 0.0768 (0.0800)  loss_bbox_aux_2: 0.0917 (0.0953)  loss_bbox_dn_0: 0.0388 (0.0486)  loss_bbox_dn_1: 0.0323 (0.0404)  loss_bbox_dn_2: 0.0320 (0.0395)  loss_giou: 0.8831 (0.8901)  loss_giou_aux_0: 0.9154 (0.9234)  loss_giou_aux_1: 0.8969 (0.8979)  loss_giou_aux_2: 0.9873 (0.9751)  loss_giou_dn_0: 0.7176 (0.7087)  loss_giou_dn_1: 0.6359 (0.6340)  loss_giou_dn_2: 0.6189 (0.6250)  loss_vfl: 0.4845 (0.4977)  loss_vfl_aux_0: 0.4883 (0.5081)  loss_vfl_aux_1: 0.4882 (0.5030)  loss_vfl_aux_2: 0.4916 (0.5036)  loss_vfl_dn_0: 0.4633 (0.4700)  loss_vfl_dn_1: 0.4401 (0.4379)  loss_vfl_dn_2: 0.4337 (0.4317)  time: 0.8115  data: 0.0292  max mem: 8529
Epoch: [84] Total time: 0:12:26 (0.9228 s / it)
Averaged stats: lr: 0.000001  loss: 9.3696 (9.4716)  loss_bbox: 0.0746 (0.0784)  loss_bbox_aux_0: 0.0765 (0.0831)  loss_bbox_aux_1: 0.0768 (0.0800)  loss_bbox_aux_2: 0.0917 (0.0953)  loss_bbox_dn_0: 0.0388 (0.0486)  loss_bbox_dn_1: 0.0323 (0.0404)  loss_bbox_dn_2: 0.0320 (0.0395)  loss_giou: 0.8831 (0.8901)  loss_giou_aux_0: 0.9154 (0.9234)  loss_giou_aux_1: 0.8969 (0.8979)  loss_giou_aux_2: 0.9873 (0.9751)  loss_giou_dn_0: 0.7176 (0.7087)  loss_giou_dn_1: 0.6359 (0.6340)  loss_giou_dn_2: 0.6189 (0.6250)  loss_vfl: 0.4845 (0.4977)  loss_vfl_aux_0: 0.4883 (0.5081)  loss_vfl_aux_1: 0.4882 (0.5030)  loss_vfl_aux_2: 0.4916 (0.5036)  loss_vfl_dn_0: 0.4633 (0.4700)  loss_vfl_dn_1: 0.4401 (0.4379)  loss_vfl_dn_2: 0.4337 (0.4317)
Test:  [ 0/69]  eta: 0:01:44    time: 1.5186  data: 0.9439  max mem: 8529
Test:  [10/69]  eta: 0:00:39    time: 0.6706  data: 0.1024  max mem: 8529
Test:  [20/69]  eta: 0:00:31    time: 0.6006  data: 0.0198  max mem: 8529
Test:  [30/69]  eta: 0:00:24    time: 0.5928  data: 0.0228  max mem: 8529
Test:  [40/69]  eta: 0:00:17    time: 0.5560  data: 0.0235  max mem: 8529
Test:  [50/69]  eta: 0:00:10    time: 0.5080  data: 0.0223  max mem: 8529
Test:  [60/69]  eta: 0:00:05    time: 0.5271  data: 0.0216  max mem: 8529
Test:  [68/69]  eta: 0:00:00    time: 0.5471  data: 0.0207  max mem: 8529
Test: Total time: 0:00:39 (0.5742 s / it)
Averaged stats: 
Accumulating evaluation results...
DONE (t=2.00s).
IoU metric: bbox
 Average Precision  (AP) @[ IoU=0.50:0.95 | area=   all | maxDets=100 ] = 0.239
 Average Precision  (AP) @[ IoU=0.50      | area=   all | maxDets=100 ] = 0.395
 Average Precision  (AP) @[ IoU=0.75      | area=   all | maxDets=100 ] = 0.245
 Average Precision  (AP) @[ IoU=0.50:0.95 | area= small | maxDets=100 ] = 0.155
 Average Precision  (AP) @[ IoU=0.50:0.95 | area=medium | maxDets=100 ] = 0.337
 Average Precision  (AP) @[ IoU=0.50:0.95 | area= large | maxDets=100 ] = 0.425
 Average Recall     (AR) @[ IoU=0.50:0.95 | area=   all | maxDets=  1 ] = 0.104
 Average Recall     (AR) @[ IoU=0.50:0.95 | area=   all | maxDets= 10 ] = 0.293
 Average Recall     (AR) @[ IoU=0.50:0.95 | area=   all | maxDets=100 ] = 0.392
 Average Recall     (AR) @[ IoU=0.50:0.95 | area= small | maxDets=100 ] = 0.302
 Average Recall     (AR) @[ IoU=0.50:0.95 | area=medium | maxDets=100 ] = 0.509
 Average Recall     (AR) @[ IoU=0.50:0.95 | area= large | maxDets=100 ] = 0.614
best_stat:  {'epoch': 84, 'coco_eval_bbox': 0.23935303819998033}
Epoch: [85]  [  0/809]  eta: 1:14:22  lr: 0.000001  loss: 8.5055 (8.5055)  loss_bbox: 0.0669 (0.0669)  loss_bbox_aux_0: 0.0697 (0.0697)  loss_bbox_aux_1: 0.0697 (0.0697)  loss_bbox_aux_2: 0.0812 (0.0812)  loss_bbox_dn_0: 0.0637 (0.0637)  loss_bbox_dn_1: 0.0522 (0.0522)  loss_bbox_dn_2: 0.0512 (0.0512)  loss_giou: 0.6542 (0.6542)  loss_giou_aux_0: 0.6750 (0.6750)  loss_giou_aux_1: 0.6658 (0.6658)  loss_giou_aux_2: 0.7451 (0.7451)  loss_giou_dn_0: 0.6579 (0.6579)  loss_giou_dn_1: 0.5789 (0.5789)  loss_giou_dn_2: 0.5691 (0.5691)  loss_vfl: 0.5442 (0.5442)  loss_vfl_aux_0: 0.5583 (0.5583)  loss_vfl_aux_1: 0.5444 (0.5444)  loss_vfl_aux_2: 0.5669 (0.5669)  loss_vfl_dn_0: 0.4625 (0.4625)  loss_vfl_dn_1: 0.4177 (0.4177)  loss_vfl_dn_2: 0.4108 (0.4108)  time: 5.5158  data: 2.5636  max mem: 8529
Epoch: [85]  [100/809]  eta: 0:11:33  lr: 0.000001  loss: 9.4826 (9.4005)  loss_bbox: 0.0740 (0.0768)  loss_bbox_aux_0: 0.0780 (0.0809)  loss_bbox_aux_1: 0.0759 (0.0782)  loss_bbox_aux_2: 0.0875 (0.0929)  loss_bbox_dn_0: 0.0481 (0.0480)  loss_bbox_dn_1: 0.0396 (0.0397)  loss_bbox_dn_2: 0.0381 (0.0387)  loss_giou: 0.8691 (0.8816)  loss_giou_aux_0: 0.8929 (0.9129)  loss_giou_aux_1: 0.8824 (0.8887)  loss_giou_aux_2: 0.9602 (0.9645)  loss_giou_dn_0: 0.7139 (0.6997)  loss_giou_dn_1: 0.6319 (0.6253)  loss_giou_dn_2: 0.6199 (0.6164)  loss_vfl: 0.4893 (0.4976)  loss_vfl_aux_0: 0.5087 (0.5107)  loss_vfl_aux_1: 0.4990 (0.5039)  loss_vfl_aux_2: 0.5089 (0.5075)  loss_vfl_dn_0: 0.4671 (0.4687)  loss_vfl_dn_1: 0.4302 (0.4370)  loss_vfl_dn_2: 0.4255 (0.4308)  time: 0.8888  data: 0.0372  max mem: 8529
Epoch: [85]  [200/809]  eta: 0:09:40  lr: 0.000001  loss: 9.3768 (9.4217)  loss_bbox: 0.0759 (0.0764)  loss_bbox_aux_0: 0.0806 (0.0805)  loss_bbox_aux_1: 0.0769 (0.0779)  loss_bbox_aux_2: 0.0898 (0.0925)  loss_bbox_dn_0: 0.0452 (0.0482)  loss_bbox_dn_1: 0.0373 (0.0400)  loss_bbox_dn_2: 0.0373 (0.0390)  loss_giou: 0.8792 (0.8797)  loss_giou_aux_0: 0.9212 (0.9136)  loss_giou_aux_1: 0.8838 (0.8881)  loss_giou_aux_2: 0.9486 (0.9627)  loss_giou_dn_0: 0.7005 (0.7064)  loss_giou_dn_1: 0.6352 (0.6321)  loss_giou_dn_2: 0.6313 (0.6233)  loss_vfl: 0.4998 (0.4996)  loss_vfl_aux_0: 0.5121 (0.5114)  loss_vfl_aux_1: 0.5016 (0.5055)  loss_vfl_aux_2: 0.4972 (0.5073)  loss_vfl_dn_0: 0.4655 (0.4690)  loss_vfl_dn_1: 0.4310 (0.4372)  loss_vfl_dn_2: 0.4270 (0.4313)  time: 0.9157  data: 0.0396  max mem: 8529
Epoch: [85]  [300/809]  eta: 0:07:58  lr: 0.000001  loss: 9.8432 (9.4543)  loss_bbox: 0.0767 (0.0769)  loss_bbox_aux_0: 0.0804 (0.0812)  loss_bbox_aux_1: 0.0785 (0.0784)  loss_bbox_aux_2: 0.0934 (0.0931)  loss_bbox_dn_0: 0.0448 (0.0480)  loss_bbox_dn_1: 0.0381 (0.0397)  loss_bbox_dn_2: 0.0376 (0.0388)  loss_giou: 0.9530 (0.8864)  loss_giou_aux_0: 0.9937 (0.9208)  loss_giou_aux_1: 0.9604 (0.8949)  loss_giou_aux_2: 1.0334 (0.9704)  loss_giou_dn_0: 0.7286 (0.7080)  loss_giou_dn_1: 0.6626 (0.6334)  loss_giou_dn_2: 0.6549 (0.6246)  loss_vfl: 0.4891 (0.4992)  loss_vfl_aux_0: 0.4940 (0.5102)  loss_vfl_aux_1: 0.4921 (0.5049)  loss_vfl_aux_2: 0.4824 (0.5061)  loss_vfl_dn_0: 0.4690 (0.4697)  loss_vfl_dn_1: 0.4408 (0.4378)  loss_vfl_dn_2: 0.4344 (0.4318)  time: 0.9583  data: 0.0375  max mem: 8529
Epoch: [85]  [400/809]  eta: 0:06:20  lr: 0.000001  loss: 9.7456 (9.4655)  loss_bbox: 0.0664 (0.0776)  loss_bbox_aux_0: 0.0737 (0.0821)  loss_bbox_aux_1: 0.0671 (0.0793)  loss_bbox_aux_2: 0.0824 (0.0940)  loss_bbox_dn_0: 0.0437 (0.0480)  loss_bbox_dn_1: 0.0362 (0.0397)  loss_bbox_dn_2: 0.0356 (0.0387)  loss_giou: 0.9285 (0.8874)  loss_giou_aux_0: 0.9661 (0.9219)  loss_giou_aux_1: 0.9363 (0.8959)  loss_giou_aux_2: 1.0092 (0.9727)  loss_giou_dn_0: 0.7437 (0.7095)  loss_giou_dn_1: 0.6841 (0.6344)  loss_giou_dn_2: 0.6736 (0.6255)  loss_vfl: 0.4859 (0.4992)  loss_vfl_aux_0: 0.4854 (0.5098)  loss_vfl_aux_1: 0.4875 (0.5049)  loss_vfl_aux_2: 0.4777 (0.5053)  loss_vfl_dn_0: 0.4685 (0.4700)  loss_vfl_dn_1: 0.4404 (0.4379)  loss_vfl_dn_2: 0.4354 (0.4318)  time: 0.9392  data: 0.0342  max mem: 8529
Epoch: [85]  [500/809]  eta: 0:04:46  lr: 0.000001  loss: 9.3193 (9.4857)  loss_bbox: 0.0750 (0.0784)  loss_bbox_aux_0: 0.0787 (0.0828)  loss_bbox_aux_1: 0.0765 (0.0800)  loss_bbox_aux_2: 0.0887 (0.0946)  loss_bbox_dn_0: 0.0456 (0.0480)  loss_bbox_dn_1: 0.0367 (0.0398)  loss_bbox_dn_2: 0.0363 (0.0389)  loss_giou: 0.8512 (0.8930)  loss_giou_aux_0: 0.8731 (0.9269)  loss_giou_aux_1: 0.8611 (0.9014)  loss_giou_aux_2: 0.9152 (0.9775)  loss_giou_dn_0: 0.7039 (0.7107)  loss_giou_dn_1: 0.6368 (0.6360)  loss_giou_dn_2: 0.6289 (0.6271)  loss_vfl: 0.4949 (0.4973)  loss_vfl_aux_0: 0.5076 (0.5079)  loss_vfl_aux_1: 0.5011 (0.5029)  loss_vfl_aux_2: 0.5133 (0.5035)  loss_vfl_dn_0: 0.4697 (0.4697)  loss_vfl_dn_1: 0.4325 (0.4377)  loss_vfl_dn_2: 0.4260 (0.4316)  time: 0.8804  data: 0.0399  max mem: 8529
Epoch: [85]  [600/809]  eta: 0:03:13  lr: 0.000001  loss: 9.2956 (9.4737)  loss_bbox: 0.0660 (0.0782)  loss_bbox_aux_0: 0.0737 (0.0826)  loss_bbox_aux_1: 0.0677 (0.0798)  loss_bbox_aux_2: 0.0846 (0.0942)  loss_bbox_dn_0: 0.0484 (0.0481)  loss_bbox_dn_1: 0.0398 (0.0399)  loss_bbox_dn_2: 0.0394 (0.0389)  loss_giou: 0.8769 (0.8899)  loss_giou_aux_0: 0.9154 (0.9238)  loss_giou_aux_1: 0.8861 (0.8984)  loss_giou_aux_2: 0.9522 (0.9743)  loss_giou_dn_0: 0.7157 (0.7094)  loss_giou_dn_1: 0.6286 (0.6346)  loss_giou_dn_2: 0.6221 (0.6258)  loss_vfl: 0.5040 (0.4986)  loss_vfl_aux_0: 0.5258 (0.5090)  loss_vfl_aux_1: 0.5111 (0.5041)  loss_vfl_aux_2: 0.5127 (0.5047)  loss_vfl_dn_0: 0.4664 (0.4700)  loss_vfl_dn_1: 0.4386 (0.4378)  loss_vfl_dn_2: 0.4301 (0.4317)  time: 0.9360  data: 0.0427  max mem: 8529
Epoch: [85]  [700/809]  eta: 0:01:41  lr: 0.000001  loss: 9.6410 (9.4897)  loss_bbox: 0.0744 (0.0787)  loss_bbox_aux_0: 0.0770 (0.0831)  loss_bbox_aux_1: 0.0756 (0.0803)  loss_bbox_aux_2: 0.0918 (0.0947)  loss_bbox_dn_0: 0.0444 (0.0481)  loss_bbox_dn_1: 0.0370 (0.0399)  loss_bbox_dn_2: 0.0364 (0.0390)  loss_giou: 0.9169 (0.8939)  loss_giou_aux_0: 0.9439 (0.9276)  loss_giou_aux_1: 0.9179 (0.9023)  loss_giou_aux_2: 0.9480 (0.9779)  loss_giou_dn_0: 0.7337 (0.7111)  loss_giou_dn_1: 0.6632 (0.6361)  loss_giou_dn_2: 0.6551 (0.6273)  loss_vfl: 0.4814 (0.4970)  loss_vfl_aux_0: 0.4956 (0.5074)  loss_vfl_aux_1: 0.4885 (0.5025)  loss_vfl_aux_2: 0.5033 (0.5030)  loss_vfl_dn_0: 0.4646 (0.4700)  loss_vfl_dn_1: 0.4358 (0.4380)  loss_vfl_dn_2: 0.4297 (0.4318)  time: 0.9721  data: 0.0435  max mem: 8529
Epoch: [85]  [800/809]  eta: 0:00:08  lr: 0.000001  loss: 9.4965 (9.4930)  loss_bbox: 0.0654 (0.0788)  loss_bbox_aux_0: 0.0718 (0.0833)  loss_bbox_aux_1: 0.0672 (0.0805)  loss_bbox_aux_2: 0.0898 (0.0951)  loss_bbox_dn_0: 0.0453 (0.0483)  loss_bbox_dn_1: 0.0362 (0.0402)  loss_bbox_dn_2: 0.0354 (0.0392)  loss_giou: 0.8970 (0.8945)  loss_giou_aux_0: 0.9341 (0.9283)  loss_giou_aux_1: 0.9157 (0.9029)  loss_giou_aux_2: 0.9703 (0.9786)  loss_giou_dn_0: 0.7234 (0.7118)  loss_giou_dn_1: 0.6394 (0.6369)  loss_giou_dn_2: 0.6338 (0.6280)  loss_vfl: 0.4850 (0.4962)  loss_vfl_aux_0: 0.4893 (0.5065)  loss_vfl_aux_1: 0.4904 (0.5016)  loss_vfl_aux_2: 0.4836 (0.5020)  loss_vfl_dn_0: 0.4678 (0.4701)  loss_vfl_dn_1: 0.4415 (0.4382)  loss_vfl_dn_2: 0.4329 (0.4320)  time: 0.9244  data: 0.0434  max mem: 8529
Epoch: [85]  [808/809]  eta: 0:00:00  lr: 0.000001  loss: 9.4239 (9.4948)  loss_bbox: 0.0629 (0.0789)  loss_bbox_aux_0: 0.0661 (0.0834)  loss_bbox_aux_1: 0.0633 (0.0806)  loss_bbox_aux_2: 0.0770 (0.0951)  loss_bbox_dn_0: 0.0473 (0.0484)  loss_bbox_dn_1: 0.0384 (0.0402)  loss_bbox_dn_2: 0.0369 (0.0392)  loss_giou: 0.8929 (0.8948)  loss_giou_aux_0: 0.9086 (0.9285)  loss_giou_aux_1: 0.8846 (0.9033)  loss_giou_aux_2: 0.9349 (0.9789)  loss_giou_dn_0: 0.7101 (0.7119)  loss_giou_dn_1: 0.6316 (0.6371)  loss_giou_dn_2: 0.6226 (0.6282)  loss_vfl: 0.5087 (0.4961)  loss_vfl_aux_0: 0.5056 (0.5064)  loss_vfl_aux_1: 0.5073 (0.5015)  loss_vfl_aux_2: 0.4941 (0.5019)  loss_vfl_dn_0: 0.4678 (0.4701)  loss_vfl_dn_1: 0.4420 (0.4382)  loss_vfl_dn_2: 0.4332 (0.4320)  time: 0.8096  data: 0.0343  max mem: 8529
Epoch: [85] Total time: 0:12:29 (0.9267 s / it)
Averaged stats: lr: 0.000001  loss: 9.4239 (9.4948)  loss_bbox: 0.0629 (0.0789)  loss_bbox_aux_0: 0.0661 (0.0834)  loss_bbox_aux_1: 0.0633 (0.0806)  loss_bbox_aux_2: 0.0770 (0.0951)  loss_bbox_dn_0: 0.0473 (0.0484)  loss_bbox_dn_1: 0.0384 (0.0402)  loss_bbox_dn_2: 0.0369 (0.0392)  loss_giou: 0.8929 (0.8948)  loss_giou_aux_0: 0.9086 (0.9285)  loss_giou_aux_1: 0.8846 (0.9033)  loss_giou_aux_2: 0.9349 (0.9789)  loss_giou_dn_0: 0.7101 (0.7119)  loss_giou_dn_1: 0.6316 (0.6371)  loss_giou_dn_2: 0.6226 (0.6282)  loss_vfl: 0.5087 (0.4961)  loss_vfl_aux_0: 0.5056 (0.5064)  loss_vfl_aux_1: 0.5073 (0.5015)  loss_vfl_aux_2: 0.4941 (0.5019)  loss_vfl_dn_0: 0.4678 (0.4701)  loss_vfl_dn_1: 0.4420 (0.4382)  loss_vfl_dn_2: 0.4332 (0.4320)
Test:  [ 0/69]  eta: 0:01:34    time: 1.3766  data: 0.7973  max mem: 8529
Test:  [10/69]  eta: 0:00:37    time: 0.6296  data: 0.0919  max mem: 8529
Test:  [20/69]  eta: 0:00:30    time: 0.5802  data: 0.0216  max mem: 8529
Test:  [30/69]  eta: 0:00:23    time: 0.5857  data: 0.0217  max mem: 8529
Test:  [40/69]  eta: 0:00:16    time: 0.5455  data: 0.0218  max mem: 8529
Test:  [50/69]  eta: 0:00:10    time: 0.5094  data: 0.0215  max mem: 8529
Test:  [60/69]  eta: 0:00:05    time: 0.5018  data: 0.0210  max mem: 8529
Test:  [68/69]  eta: 0:00:00    time: 0.5588  data: 0.0196  max mem: 8529
Test: Total time: 0:00:39 (0.5663 s / it)
Averaged stats: 
Accumulating evaluation results...
DONE (t=2.05s).
IoU metric: bbox
 Average Precision  (AP) @[ IoU=0.50:0.95 | area=   all | maxDets=100 ] = 0.239
 Average Precision  (AP) @[ IoU=0.50      | area=   all | maxDets=100 ] = 0.395
 Average Precision  (AP) @[ IoU=0.75      | area=   all | maxDets=100 ] = 0.245
 Average Precision  (AP) @[ IoU=0.50:0.95 | area= small | maxDets=100 ] = 0.155
 Average Precision  (AP) @[ IoU=0.50:0.95 | area=medium | maxDets=100 ] = 0.337
 Average Precision  (AP) @[ IoU=0.50:0.95 | area= large | maxDets=100 ] = 0.427
 Average Recall     (AR) @[ IoU=0.50:0.95 | area=   all | maxDets=  1 ] = 0.104
 Average Recall     (AR) @[ IoU=0.50:0.95 | area=   all | maxDets= 10 ] = 0.293
 Average Recall     (AR) @[ IoU=0.50:0.95 | area=   all | maxDets=100 ] = 0.391
 Average Recall     (AR) @[ IoU=0.50:0.95 | area= small | maxDets=100 ] = 0.301
 Average Recall     (AR) @[ IoU=0.50:0.95 | area=medium | maxDets=100 ] = 0.509
 Average Recall     (AR) @[ IoU=0.50:0.95 | area= large | maxDets=100 ] = 0.615
best_stat:  {'epoch': 85, 'coco_eval_bbox': 0.23943508510140518}
Epoch: [86]  [  0/809]  eta: 1:07:35  lr: 0.000001  loss: 10.1002 (10.1002)  loss_bbox: 0.1172 (0.1172)  loss_bbox_aux_0: 0.1200 (0.1200)  loss_bbox_aux_1: 0.1163 (0.1163)  loss_bbox_aux_2: 0.1228 (0.1228)  loss_bbox_dn_0: 0.0585 (0.0585)  loss_bbox_dn_1: 0.0505 (0.0505)  loss_bbox_dn_2: 0.0498 (0.0498)  loss_giou: 1.0055 (1.0055)  loss_giou_aux_0: 1.0404 (1.0404)  loss_giou_aux_1: 1.0158 (1.0158)  loss_giou_aux_2: 1.0850 (1.0850)  loss_giou_dn_0: 0.7402 (0.7402)  loss_giou_dn_1: 0.6516 (0.6516)  loss_giou_dn_2: 0.6422 (0.6422)  loss_vfl: 0.4839 (0.4839)  loss_vfl_aux_0: 0.4918 (0.4918)  loss_vfl_aux_1: 0.4883 (0.4883)  loss_vfl_aux_2: 0.4862 (0.4862)  loss_vfl_dn_0: 0.4666 (0.4666)  loss_vfl_dn_1: 0.4366 (0.4366)  loss_vfl_dn_2: 0.4309 (0.4309)  time: 5.0131  data: 3.2095  max mem: 8529
Epoch: [86]  [100/809]  eta: 0:11:37  lr: 0.000001  loss: 9.6943 (9.5774)  loss_bbox: 0.0720 (0.0798)  loss_bbox_aux_0: 0.0765 (0.0843)  loss_bbox_aux_1: 0.0749 (0.0816)  loss_bbox_aux_2: 0.0849 (0.0959)  loss_bbox_dn_0: 0.0462 (0.0479)  loss_bbox_dn_1: 0.0383 (0.0399)  loss_bbox_dn_2: 0.0372 (0.0390)  loss_giou: 0.8914 (0.9114)  loss_giou_aux_0: 0.9318 (0.9455)  loss_giou_aux_1: 0.9078 (0.9199)  loss_giou_aux_2: 0.9830 (0.9980)  loss_giou_dn_0: 0.7328 (0.7209)  loss_giou_dn_1: 0.6621 (0.6468)  loss_giou_dn_2: 0.6494 (0.6384)  loss_vfl: 0.4851 (0.4917)  loss_vfl_aux_0: 0.4918 (0.5003)  loss_vfl_aux_1: 0.4874 (0.4961)  loss_vfl_aux_2: 0.4879 (0.4972)  loss_vfl_dn_0: 0.4714 (0.4701)  loss_vfl_dn_1: 0.4409 (0.4393)  loss_vfl_dn_2: 0.4315 (0.4333)  time: 0.9066  data: 0.0354  max mem: 8529
Epoch: [86]  [200/809]  eta: 0:09:43  lr: 0.000001  loss: 9.5204 (9.5577)  loss_bbox: 0.0729 (0.0779)  loss_bbox_aux_0: 0.0761 (0.0825)  loss_bbox_aux_1: 0.0740 (0.0797)  loss_bbox_aux_2: 0.0868 (0.0943)  loss_bbox_dn_0: 0.0491 (0.0473)  loss_bbox_dn_1: 0.0402 (0.0394)  loss_bbox_dn_2: 0.0393 (0.0386)  loss_giou: 0.8645 (0.9075)  loss_giou_aux_0: 0.8974 (0.9422)  loss_giou_aux_1: 0.8704 (0.9157)  loss_giou_aux_2: 0.9717 (0.9923)  loss_giou_dn_0: 0.7134 (0.7190)  loss_giou_dn_1: 0.6340 (0.6452)  loss_giou_dn_2: 0.6327 (0.6367)  loss_vfl: 0.5128 (0.4939)  loss_vfl_aux_0: 0.5278 (0.5029)  loss_vfl_aux_1: 0.5099 (0.4987)  loss_vfl_aux_2: 0.5154 (0.4998)  loss_vfl_dn_0: 0.4732 (0.4712)  loss_vfl_dn_1: 0.4393 (0.4395)  loss_vfl_dn_2: 0.4351 (0.4334)  time: 0.9380  data: 0.0410  max mem: 8529
Epoch: [86]  [300/809]  eta: 0:07:59  lr: 0.000001  loss: 9.3629 (9.5265)  loss_bbox: 0.0732 (0.0778)  loss_bbox_aux_0: 0.0764 (0.0825)  loss_bbox_aux_1: 0.0747 (0.0796)  loss_bbox_aux_2: 0.0909 (0.0943)  loss_bbox_dn_0: 0.0447 (0.0477)  loss_bbox_dn_1: 0.0390 (0.0398)  loss_bbox_dn_2: 0.0385 (0.0390)  loss_giou: 0.8843 (0.8995)  loss_giou_aux_0: 0.9062 (0.9338)  loss_giou_aux_1: 0.8876 (0.9082)  loss_giou_aux_2: 0.9768 (0.9847)  loss_giou_dn_0: 0.7204 (0.7144)  loss_giou_dn_1: 0.6400 (0.6410)  loss_giou_dn_2: 0.6331 (0.6323)  loss_vfl: 0.5079 (0.4968)  loss_vfl_aux_0: 0.5201 (0.5060)  loss_vfl_aux_1: 0.5088 (0.5015)  loss_vfl_aux_2: 0.5115 (0.5026)  loss_vfl_dn_0: 0.4740 (0.4717)  loss_vfl_dn_1: 0.4423 (0.4398)  loss_vfl_dn_2: 0.4359 (0.4335)  time: 0.9107  data: 0.0365  max mem: 8529
Epoch: [86]  [400/809]  eta: 0:06:23  lr: 0.000001  loss: 9.3698 (9.5220)  loss_bbox: 0.0768 (0.0782)  loss_bbox_aux_0: 0.0861 (0.0829)  loss_bbox_aux_1: 0.0773 (0.0798)  loss_bbox_aux_2: 0.0998 (0.0949)  loss_bbox_dn_0: 0.0502 (0.0484)  loss_bbox_dn_1: 0.0423 (0.0403)  loss_bbox_dn_2: 0.0417 (0.0394)  loss_giou: 0.8314 (0.8966)  loss_giou_aux_0: 0.8727 (0.9311)  loss_giou_aux_1: 0.8467 (0.9050)  loss_giou_aux_2: 0.9318 (0.9818)  loss_giou_dn_0: 0.7002 (0.7137)  loss_giou_dn_1: 0.6174 (0.6399)  loss_giou_dn_2: 0.6115 (0.6310)  loss_vfl: 0.5186 (0.4987)  loss_vfl_aux_0: 0.5144 (0.5076)  loss_vfl_aux_1: 0.5192 (0.5034)  loss_vfl_aux_2: 0.5171 (0.5041)  loss_vfl_dn_0: 0.4735 (0.4716)  loss_vfl_dn_1: 0.4424 (0.4398)  loss_vfl_dn_2: 0.4337 (0.4335)  time: 0.9356  data: 0.0400  max mem: 8529
Epoch: [86]  [500/809]  eta: 0:04:47  lr: 0.000001  loss: 8.7929 (9.4966)  loss_bbox: 0.0729 (0.0791)  loss_bbox_aux_0: 0.0746 (0.0836)  loss_bbox_aux_1: 0.0741 (0.0807)  loss_bbox_aux_2: 0.0848 (0.0955)  loss_bbox_dn_0: 0.0473 (0.0487)  loss_bbox_dn_1: 0.0372 (0.0405)  loss_bbox_dn_2: 0.0369 (0.0396)  loss_giou: 0.7603 (0.8913)  loss_giou_aux_0: 0.7882 (0.9253)  loss_giou_aux_1: 0.7623 (0.8997)  loss_giou_aux_2: 0.8442 (0.9766)  loss_giou_dn_0: 0.6464 (0.7101)  loss_giou_dn_1: 0.5684 (0.6362)  loss_giou_dn_2: 0.5562 (0.6272)  loss_vfl: 0.5137 (0.4995)  loss_vfl_aux_0: 0.5261 (0.5089)  loss_vfl_aux_1: 0.5157 (0.5045)  loss_vfl_aux_2: 0.5273 (0.5057)  loss_vfl_dn_0: 0.4795 (0.4716)  loss_vfl_dn_1: 0.4434 (0.4395)  loss_vfl_dn_2: 0.4368 (0.4331)  time: 0.8776  data: 0.0351  max mem: 8529
Epoch: [86]  [600/809]  eta: 0:03:14  lr: 0.000001  loss: 9.2134 (9.4885)  loss_bbox: 0.0689 (0.0789)  loss_bbox_aux_0: 0.0749 (0.0835)  loss_bbox_aux_1: 0.0684 (0.0805)  loss_bbox_aux_2: 0.0872 (0.0954)  loss_bbox_dn_0: 0.0500 (0.0486)  loss_bbox_dn_1: 0.0409 (0.0404)  loss_bbox_dn_2: 0.0390 (0.0395)  loss_giou: 0.7579 (0.8900)  loss_giou_aux_0: 0.7892 (0.9239)  loss_giou_aux_1: 0.7738 (0.8984)  loss_giou_aux_2: 0.8622 (0.9751)  loss_giou_dn_0: 0.6777 (0.7094)  loss_giou_dn_1: 0.5936 (0.6355)  loss_giou_dn_2: 0.5825 (0.6264)  loss_vfl: 0.5381 (0.4999)  loss_vfl_aux_0: 0.5408 (0.5092)  loss_vfl_aux_1: 0.5378 (0.5049)  loss_vfl_aux_2: 0.5388 (0.5056)  loss_vfl_dn_0: 0.4639 (0.4713)  loss_vfl_dn_1: 0.4347 (0.4393)  loss_vfl_dn_2: 0.4276 (0.4329)  time: 0.8866  data: 0.0329  max mem: 8529
Epoch: [86]  [700/809]  eta: 0:01:41  lr: 0.000001  loss: 9.0315 (9.4730)  loss_bbox: 0.0631 (0.0784)  loss_bbox_aux_0: 0.0689 (0.0829)  loss_bbox_aux_1: 0.0653 (0.0800)  loss_bbox_aux_2: 0.0835 (0.0947)  loss_bbox_dn_0: 0.0462 (0.0485)  loss_bbox_dn_1: 0.0393 (0.0404)  loss_bbox_dn_2: 0.0386 (0.0395)  loss_giou: 0.7721 (0.8875)  loss_giou_aux_0: 0.8114 (0.9210)  loss_giou_aux_1: 0.7888 (0.8958)  loss_giou_aux_2: 0.8613 (0.9724)  loss_giou_dn_0: 0.6792 (0.7086)  loss_giou_dn_1: 0.5925 (0.6345)  loss_giou_dn_2: 0.5838 (0.6255)  loss_vfl: 0.5100 (0.5001)  loss_vfl_aux_0: 0.5311 (0.5098)  loss_vfl_aux_1: 0.5239 (0.5052)  loss_vfl_aux_2: 0.5349 (0.5061)  loss_vfl_dn_0: 0.4755 (0.4709)  loss_vfl_dn_1: 0.4390 (0.4388)  loss_vfl_dn_2: 0.4321 (0.4325)  time: 0.8776  data: 0.0351  max mem: 8529
Epoch: [86]  [800/809]  eta: 0:00:08  lr: 0.000001  loss: 8.8906 (9.4612)  loss_bbox: 0.0639 (0.0779)  loss_bbox_aux_0: 0.0697 (0.0824)  loss_bbox_aux_1: 0.0651 (0.0795)  loss_bbox_aux_2: 0.0772 (0.0943)  loss_bbox_dn_0: 0.0482 (0.0486)  loss_bbox_dn_1: 0.0396 (0.0404)  loss_bbox_dn_2: 0.0386 (0.0395)  loss_giou: 0.7061 (0.8858)  loss_giou_aux_0: 0.7516 (0.9192)  loss_giou_aux_1: 0.7259 (0.8941)  loss_giou_aux_2: 0.8129 (0.9709)  loss_giou_dn_0: 0.6709 (0.7074)  loss_giou_dn_1: 0.5973 (0.6330)  loss_giou_dn_2: 0.5890 (0.6242)  loss_vfl: 0.5247 (0.5003)  loss_vfl_aux_0: 0.5448 (0.5103)  loss_vfl_aux_1: 0.5354 (0.5054)  loss_vfl_aux_2: 0.5447 (0.5064)  loss_vfl_dn_0: 0.4740 (0.4709)  loss_vfl_dn_1: 0.4408 (0.4385)  loss_vfl_dn_2: 0.4340 (0.4322)  time: 0.9023  data: 0.0370  max mem: 8529
Epoch: [86]  [808/809]  eta: 0:00:00  lr: 0.000001  loss: 9.2541 (9.4629)  loss_bbox: 0.0666 (0.0779)  loss_bbox_aux_0: 0.0715 (0.0824)  loss_bbox_aux_1: 0.0690 (0.0795)  loss_bbox_aux_2: 0.0895 (0.0943)  loss_bbox_dn_0: 0.0482 (0.0486)  loss_bbox_dn_1: 0.0396 (0.0404)  loss_bbox_dn_2: 0.0386 (0.0394)  loss_giou: 0.8823 (0.8862)  loss_giou_aux_0: 0.8873 (0.9195)  loss_giou_aux_1: 0.8850 (0.8944)  loss_giou_aux_2: 0.9272 (0.9712)  loss_giou_dn_0: 0.7147 (0.7076)  loss_giou_dn_1: 0.6310 (0.6333)  loss_giou_dn_2: 0.6206 (0.6244)  loss_vfl: 0.5092 (0.5003)  loss_vfl_aux_0: 0.5203 (0.5102)  loss_vfl_aux_1: 0.5122 (0.5053)  loss_vfl_aux_2: 0.5071 (0.5063)  loss_vfl_dn_0: 0.4640 (0.4709)  loss_vfl_dn_1: 0.4362 (0.4385)  loss_vfl_dn_2: 0.4292 (0.4322)  time: 0.7480  data: 0.0365  max mem: 8529
Epoch: [86] Total time: 0:12:27 (0.9236 s / it)
Averaged stats: lr: 0.000001  loss: 9.2541 (9.4629)  loss_bbox: 0.0666 (0.0779)  loss_bbox_aux_0: 0.0715 (0.0824)  loss_bbox_aux_1: 0.0690 (0.0795)  loss_bbox_aux_2: 0.0895 (0.0943)  loss_bbox_dn_0: 0.0482 (0.0486)  loss_bbox_dn_1: 0.0396 (0.0404)  loss_bbox_dn_2: 0.0386 (0.0394)  loss_giou: 0.8823 (0.8862)  loss_giou_aux_0: 0.8873 (0.9195)  loss_giou_aux_1: 0.8850 (0.8944)  loss_giou_aux_2: 0.9272 (0.9712)  loss_giou_dn_0: 0.7147 (0.7076)  loss_giou_dn_1: 0.6310 (0.6333)  loss_giou_dn_2: 0.6206 (0.6244)  loss_vfl: 0.5092 (0.5003)  loss_vfl_aux_0: 0.5203 (0.5102)  loss_vfl_aux_1: 0.5122 (0.5053)  loss_vfl_aux_2: 0.5071 (0.5063)  loss_vfl_dn_0: 0.4640 (0.4709)  loss_vfl_dn_1: 0.4362 (0.4385)  loss_vfl_dn_2: 0.4292 (0.4322)
Test:  [ 0/69]  eta: 0:01:45    time: 1.5315  data: 0.9431  max mem: 8529
Test:  [10/69]  eta: 0:00:38    time: 0.6601  data: 0.1001  max mem: 8529
Test:  [20/69]  eta: 0:00:31    time: 0.6002  data: 0.0186  max mem: 8529
Test:  [30/69]  eta: 0:00:24    time: 0.5926  data: 0.0213  max mem: 8529
Test:  [40/69]  eta: 0:00:17    time: 0.5515  data: 0.0216  max mem: 8529
Test:  [50/69]  eta: 0:00:10    time: 0.5177  data: 0.0215  max mem: 8529
Test:  [60/69]  eta: 0:00:05    time: 0.4977  data: 0.0218  max mem: 8529
Test:  [68/69]  eta: 0:00:00    time: 0.5161  data: 0.0215  max mem: 8529
Test: Total time: 0:00:38 (0.5643 s / it)
Averaged stats: 
Accumulating evaluation results...
DONE (t=1.98s).
IoU metric: bbox
 Average Precision  (AP) @[ IoU=0.50:0.95 | area=   all | maxDets=100 ] = 0.239
 Average Precision  (AP) @[ IoU=0.50      | area=   all | maxDets=100 ] = 0.395
 Average Precision  (AP) @[ IoU=0.75      | area=   all | maxDets=100 ] = 0.245
 Average Precision  (AP) @[ IoU=0.50:0.95 | area= small | maxDets=100 ] = 0.155
 Average Precision  (AP) @[ IoU=0.50:0.95 | area=medium | maxDets=100 ] = 0.337
 Average Precision  (AP) @[ IoU=0.50:0.95 | area= large | maxDets=100 ] = 0.429
 Average Recall     (AR) @[ IoU=0.50:0.95 | area=   all | maxDets=  1 ] = 0.104
 Average Recall     (AR) @[ IoU=0.50:0.95 | area=   all | maxDets= 10 ] = 0.293
 Average Recall     (AR) @[ IoU=0.50:0.95 | area=   all | maxDets=100 ] = 0.392
 Average Recall     (AR) @[ IoU=0.50:0.95 | area= small | maxDets=100 ] = 0.301
 Average Recall     (AR) @[ IoU=0.50:0.95 | area=medium | maxDets=100 ] = 0.509
 Average Recall     (AR) @[ IoU=0.50:0.95 | area= large | maxDets=100 ] = 0.612
best_stat:  {'epoch': 85, 'coco_eval_bbox': 0.23943508510140518}
Epoch: [87]  [  0/809]  eta: 1:16:08  lr: 0.000001  loss: 9.5591 (9.5591)  loss_bbox: 0.0706 (0.0706)  loss_bbox_aux_0: 0.0731 (0.0731)  loss_bbox_aux_1: 0.0739 (0.0739)  loss_bbox_aux_2: 0.0897 (0.0897)  loss_bbox_dn_0: 0.0463 (0.0463)  loss_bbox_dn_1: 0.0407 (0.0407)  loss_bbox_dn_2: 0.0405 (0.0405)  loss_giou: 0.8980 (0.8980)  loss_giou_aux_0: 0.9058 (0.9058)  loss_giou_aux_1: 0.9017 (0.9017)  loss_giou_aux_2: 0.9700 (0.9700)  loss_giou_dn_0: 0.7186 (0.7186)  loss_giou_dn_1: 0.6550 (0.6550)  loss_giou_dn_2: 0.6513 (0.6513)  loss_vfl: 0.5166 (0.5166)  loss_vfl_aux_0: 0.5309 (0.5309)  loss_vfl_aux_1: 0.5208 (0.5208)  loss_vfl_aux_2: 0.5081 (0.5081)  loss_vfl_dn_0: 0.4731 (0.4731)  loss_vfl_dn_1: 0.4404 (0.4404)  loss_vfl_dn_2: 0.4338 (0.4338)  time: 5.6466  data: 2.5486  max mem: 8529
Epoch: [87]  [100/809]  eta: 0:11:34  lr: 0.000001  loss: 9.7230 (9.4794)  loss_bbox: 0.0729 (0.0793)  loss_bbox_aux_0: 0.0763 (0.0835)  loss_bbox_aux_1: 0.0751 (0.0812)  loss_bbox_aux_2: 0.0933 (0.0956)  loss_bbox_dn_0: 0.0419 (0.0482)  loss_bbox_dn_1: 0.0342 (0.0402)  loss_bbox_dn_2: 0.0337 (0.0392)  loss_giou: 0.9403 (0.8899)  loss_giou_aux_0: 0.9679 (0.9238)  loss_giou_aux_1: 0.9437 (0.8981)  loss_giou_aux_2: 1.0188 (0.9758)  loss_giou_dn_0: 0.7354 (0.7075)  loss_giou_dn_1: 0.6584 (0.6323)  loss_giou_dn_2: 0.6487 (0.6233)  loss_vfl: 0.4852 (0.5012)  loss_vfl_aux_0: 0.4960 (0.5101)  loss_vfl_aux_1: 0.4888 (0.5061)  loss_vfl_aux_2: 0.4865 (0.5050)  loss_vfl_dn_0: 0.4712 (0.4693)  loss_vfl_dn_1: 0.4380 (0.4377)  loss_vfl_dn_2: 0.4337 (0.4320)  time: 0.9618  data: 0.0427  max mem: 8529
Epoch: [87]  [200/809]  eta: 0:09:44  lr: 0.000001  loss: 8.9649 (9.4879)  loss_bbox: 0.0696 (0.0800)  loss_bbox_aux_0: 0.0714 (0.0845)  loss_bbox_aux_1: 0.0709 (0.0817)  loss_bbox_aux_2: 0.0850 (0.0971)  loss_bbox_dn_0: 0.0520 (0.0479)  loss_bbox_dn_1: 0.0437 (0.0399)  loss_bbox_dn_2: 0.0420 (0.0389)  loss_giou: 0.7586 (0.8956)  loss_giou_aux_0: 0.7924 (0.9300)  loss_giou_aux_1: 0.7666 (0.9037)  loss_giou_aux_2: 0.8685 (0.9823)  loss_giou_dn_0: 0.6697 (0.7078)  loss_giou_dn_1: 0.5867 (0.6330)  loss_giou_dn_2: 0.5799 (0.6241)  loss_vfl: 0.5067 (0.4952)  loss_vfl_aux_0: 0.5131 (0.5048)  loss_vfl_aux_1: 0.5105 (0.5005)  loss_vfl_aux_2: 0.5225 (0.5004)  loss_vfl_dn_0: 0.4655 (0.4699)  loss_vfl_dn_1: 0.4382 (0.4383)  loss_vfl_dn_2: 0.4326 (0.4324)  time: 0.9461  data: 0.0392  max mem: 8529
Epoch: [87]  [300/809]  eta: 0:08:02  lr: 0.000001  loss: 9.5018 (9.5051)  loss_bbox: 0.0720 (0.0819)  loss_bbox_aux_0: 0.0748 (0.0866)  loss_bbox_aux_1: 0.0716 (0.0837)  loss_bbox_aux_2: 0.0864 (0.0987)  loss_bbox_dn_0: 0.0474 (0.0485)  loss_bbox_dn_1: 0.0395 (0.0404)  loss_bbox_dn_2: 0.0389 (0.0394)  loss_giou: 0.8888 (0.8965)  loss_giou_aux_0: 0.9265 (0.9303)  loss_giou_aux_1: 0.9201 (0.9050)  loss_giou_aux_2: 0.9737 (0.9818)  loss_giou_dn_0: 0.7316 (0.7104)  loss_giou_dn_1: 0.6581 (0.6362)  loss_giou_dn_2: 0.6475 (0.6272)  loss_vfl: 0.5042 (0.4945)  loss_vfl_aux_0: 0.5144 (0.5045)  loss_vfl_aux_1: 0.5082 (0.4997)  loss_vfl_aux_2: 0.5121 (0.5003)  loss_vfl_dn_0: 0.4734 (0.4698)  loss_vfl_dn_1: 0.4399 (0.4379)  loss_vfl_dn_2: 0.4335 (0.4319)  time: 0.9294  data: 0.0417  max mem: 8529
Epoch: [87]  [400/809]  eta: 0:06:24  lr: 0.000001  loss: 9.1602 (9.4864)  loss_bbox: 0.0607 (0.0810)  loss_bbox_aux_0: 0.0652 (0.0856)  loss_bbox_aux_1: 0.0626 (0.0828)  loss_bbox_aux_2: 0.0763 (0.0975)  loss_bbox_dn_0: 0.0422 (0.0484)  loss_bbox_dn_1: 0.0356 (0.0403)  loss_bbox_dn_2: 0.0345 (0.0393)  loss_giou: 0.8200 (0.8933)  loss_giou_aux_0: 0.8532 (0.9262)  loss_giou_aux_1: 0.8249 (0.9015)  loss_giou_aux_2: 0.9176 (0.9777)  loss_giou_dn_0: 0.6963 (0.7089)  loss_giou_dn_1: 0.6142 (0.6345)  loss_giou_dn_2: 0.6020 (0.6256)  loss_vfl: 0.4989 (0.4960)  loss_vfl_aux_0: 0.5018 (0.5063)  loss_vfl_aux_1: 0.5021 (0.5011)  loss_vfl_aux_2: 0.4974 (0.5028)  loss_vfl_dn_0: 0.4694 (0.4694)  loss_vfl_dn_1: 0.4375 (0.4371)  loss_vfl_dn_2: 0.4319 (0.4311)  time: 0.9467  data: 0.0439  max mem: 8529
Epoch: [87]  [500/809]  eta: 0:04:50  lr: 0.000001  loss: 9.7108 (9.4810)  loss_bbox: 0.0712 (0.0800)  loss_bbox_aux_0: 0.0739 (0.0846)  loss_bbox_aux_1: 0.0740 (0.0818)  loss_bbox_aux_2: 0.0832 (0.0966)  loss_bbox_dn_0: 0.0446 (0.0486)  loss_bbox_dn_1: 0.0357 (0.0405)  loss_bbox_dn_2: 0.0347 (0.0396)  loss_giou: 0.9388 (0.8917)  loss_giou_aux_0: 0.9630 (0.9248)  loss_giou_aux_1: 0.9454 (0.8997)  loss_giou_aux_2: 1.0077 (0.9767)  loss_giou_dn_0: 0.7220 (0.7089)  loss_giou_dn_1: 0.6538 (0.6343)  loss_giou_dn_2: 0.6484 (0.6256)  loss_vfl: 0.4871 (0.4968)  loss_vfl_aux_0: 0.4990 (0.5071)  loss_vfl_aux_1: 0.4895 (0.5020)  loss_vfl_aux_2: 0.4945 (0.5032)  loss_vfl_dn_0: 0.4739 (0.4699)  loss_vfl_dn_1: 0.4419 (0.4374)  loss_vfl_dn_2: 0.4369 (0.4314)  time: 0.9372  data: 0.0455  max mem: 8529
Epoch: [87]  [600/809]  eta: 0:03:16  lr: 0.000001  loss: 9.4936 (9.4888)  loss_bbox: 0.0666 (0.0793)  loss_bbox_aux_0: 0.0728 (0.0840)  loss_bbox_aux_1: 0.0684 (0.0812)  loss_bbox_aux_2: 0.0841 (0.0961)  loss_bbox_dn_0: 0.0472 (0.0484)  loss_bbox_dn_1: 0.0399 (0.0404)  loss_bbox_dn_2: 0.0398 (0.0394)  loss_giou: 0.8801 (0.8938)  loss_giou_aux_0: 0.9079 (0.9270)  loss_giou_aux_1: 0.8868 (0.9021)  loss_giou_aux_2: 0.9658 (0.9788)  loss_giou_dn_0: 0.7184 (0.7106)  loss_giou_dn_1: 0.6280 (0.6363)  loss_giou_dn_2: 0.6196 (0.6276)  loss_vfl: 0.5127 (0.4959)  loss_vfl_aux_0: 0.5281 (0.5059)  loss_vfl_aux_1: 0.5231 (0.5010)  loss_vfl_aux_2: 0.5211 (0.5020)  loss_vfl_dn_0: 0.4700 (0.4698)  loss_vfl_dn_1: 0.4409 (0.4377)  loss_vfl_dn_2: 0.4375 (0.4317)  time: 0.9169  data: 0.0347  max mem: 8529
Epoch: [87]  [700/809]  eta: 0:01:42  lr: 0.000001  loss: 9.7897 (9.4955)  loss_bbox: 0.0707 (0.0790)  loss_bbox_aux_0: 0.0759 (0.0836)  loss_bbox_aux_1: 0.0729 (0.0808)  loss_bbox_aux_2: 0.0938 (0.0956)  loss_bbox_dn_0: 0.0454 (0.0481)  loss_bbox_dn_1: 0.0364 (0.0400)  loss_bbox_dn_2: 0.0359 (0.0391)  loss_giou: 0.9866 (0.8974)  loss_giou_aux_0: 1.0395 (0.9306)  loss_giou_aux_1: 1.0142 (0.9055)  loss_giou_aux_2: 1.0686 (0.9819)  loss_giou_dn_0: 0.7480 (0.7114)  loss_giou_dn_1: 0.6771 (0.6372)  loss_giou_dn_2: 0.6690 (0.6283)  loss_vfl: 0.4718 (0.4941)  loss_vfl_aux_0: 0.4838 (0.5042)  loss_vfl_aux_1: 0.4790 (0.4993)  loss_vfl_aux_2: 0.4548 (0.5001)  loss_vfl_dn_0: 0.4666 (0.4697)  loss_vfl_dn_1: 0.4380 (0.4378)  loss_vfl_dn_2: 0.4329 (0.4318)  time: 0.9468  data: 0.0373  max mem: 8529
Epoch: [87]  [800/809]  eta: 0:00:08  lr: 0.000001  loss: 9.2474 (9.4828)  loss_bbox: 0.0708 (0.0786)  loss_bbox_aux_0: 0.0765 (0.0832)  loss_bbox_aux_1: 0.0724 (0.0804)  loss_bbox_aux_2: 0.0855 (0.0951)  loss_bbox_dn_0: 0.0499 (0.0483)  loss_bbox_dn_1: 0.0400 (0.0402)  loss_bbox_dn_2: 0.0392 (0.0393)  loss_giou: 0.8010 (0.8943)  loss_giou_aux_0: 0.8284 (0.9274)  loss_giou_aux_1: 0.8149 (0.9025)  loss_giou_aux_2: 0.8853 (0.9783)  loss_giou_dn_0: 0.6923 (0.7103)  loss_giou_dn_1: 0.6280 (0.6361)  loss_giou_dn_2: 0.6255 (0.6273)  loss_vfl: 0.5236 (0.4952)  loss_vfl_aux_0: 0.5378 (0.5054)  loss_vfl_aux_1: 0.5334 (0.5005)  loss_vfl_aux_2: 0.5376 (0.5015)  loss_vfl_dn_0: 0.4678 (0.4699)  loss_vfl_dn_1: 0.4353 (0.4377)  loss_vfl_dn_2: 0.4324 (0.4316)  time: 0.9440  data: 0.0399  max mem: 8529
Epoch: [87]  [808/809]  eta: 0:00:00  lr: 0.000001  loss: 9.3051 (9.4900)  loss_bbox: 0.0702 (0.0787)  loss_bbox_aux_0: 0.0756 (0.0834)  loss_bbox_aux_1: 0.0706 (0.0805)  loss_bbox_aux_2: 0.0883 (0.0953)  loss_bbox_dn_0: 0.0478 (0.0483)  loss_bbox_dn_1: 0.0384 (0.0402)  loss_bbox_dn_2: 0.0377 (0.0393)  loss_giou: 0.8188 (0.8959)  loss_giou_aux_0: 0.8470 (0.9292)  loss_giou_aux_1: 0.8217 (0.9041)  loss_giou_aux_2: 0.8999 (0.9800)  loss_giou_dn_0: 0.6945 (0.7109)  loss_giou_dn_1: 0.6305 (0.6366)  loss_giou_dn_2: 0.6260 (0.6278)  loss_vfl: 0.5098 (0.4947)  loss_vfl_aux_0: 0.5231 (0.5049)  loss_vfl_aux_1: 0.5190 (0.5000)  loss_vfl_aux_2: 0.5209 (0.5009)  loss_vfl_dn_0: 0.4677 (0.4699)  loss_vfl_dn_1: 0.4359 (0.4378)  loss_vfl_dn_2: 0.4324 (0.4317)  time: 0.7863  data: 0.0353  max mem: 8529
Epoch: [87] Total time: 0:12:33 (0.9318 s / it)
Averaged stats: lr: 0.000001  loss: 9.3051 (9.4900)  loss_bbox: 0.0702 (0.0787)  loss_bbox_aux_0: 0.0756 (0.0834)  loss_bbox_aux_1: 0.0706 (0.0805)  loss_bbox_aux_2: 0.0883 (0.0953)  loss_bbox_dn_0: 0.0478 (0.0483)  loss_bbox_dn_1: 0.0384 (0.0402)  loss_bbox_dn_2: 0.0377 (0.0393)  loss_giou: 0.8188 (0.8959)  loss_giou_aux_0: 0.8470 (0.9292)  loss_giou_aux_1: 0.8217 (0.9041)  loss_giou_aux_2: 0.8999 (0.9800)  loss_giou_dn_0: 0.6945 (0.7109)  loss_giou_dn_1: 0.6305 (0.6366)  loss_giou_dn_2: 0.6260 (0.6278)  loss_vfl: 0.5098 (0.4947)  loss_vfl_aux_0: 0.5231 (0.5049)  loss_vfl_aux_1: 0.5190 (0.5000)  loss_vfl_aux_2: 0.5209 (0.5009)  loss_vfl_dn_0: 0.4677 (0.4699)  loss_vfl_dn_1: 0.4359 (0.4378)  loss_vfl_dn_2: 0.4324 (0.4317)
Test:  [ 0/69]  eta: 0:01:23    time: 1.2120  data: 0.5895  max mem: 8529
Test:  [10/69]  eta: 0:00:37    time: 0.6351  data: 0.0714  max mem: 8529
Test:  [20/69]  eta: 0:00:31    time: 0.6122  data: 0.0201  max mem: 8529
Test:  [30/69]  eta: 0:00:24    time: 0.6214  data: 0.0203  max mem: 8529
Test:  [40/69]  eta: 0:00:17    time: 0.5614  data: 0.0207  max mem: 8529
Test:  [50/69]  eta: 0:00:11    time: 0.5258  data: 0.0222  max mem: 8529
Test:  [60/69]  eta: 0:00:05    time: 0.5055  data: 0.0223  max mem: 8529
Test:  [68/69]  eta: 0:00:00    time: 0.5101  data: 0.0202  max mem: 8529
Test: Total time: 0:00:39 (0.5669 s / it)
Averaged stats: 
Accumulating evaluation results...
DONE (t=2.69s).
IoU metric: bbox
 Average Precision  (AP) @[ IoU=0.50:0.95 | area=   all | maxDets=100 ] = 0.239
 Average Precision  (AP) @[ IoU=0.50      | area=   all | maxDets=100 ] = 0.395
 Average Precision  (AP) @[ IoU=0.75      | area=   all | maxDets=100 ] = 0.245
 Average Precision  (AP) @[ IoU=0.50:0.95 | area= small | maxDets=100 ] = 0.155
 Average Precision  (AP) @[ IoU=0.50:0.95 | area=medium | maxDets=100 ] = 0.337
 Average Precision  (AP) @[ IoU=0.50:0.95 | area= large | maxDets=100 ] = 0.432
 Average Recall     (AR) @[ IoU=0.50:0.95 | area=   all | maxDets=  1 ] = 0.105
 Average Recall     (AR) @[ IoU=0.50:0.95 | area=   all | maxDets= 10 ] = 0.293
 Average Recall     (AR) @[ IoU=0.50:0.95 | area=   all | maxDets=100 ] = 0.392
 Average Recall     (AR) @[ IoU=0.50:0.95 | area= small | maxDets=100 ] = 0.301
 Average Recall     (AR) @[ IoU=0.50:0.95 | area=medium | maxDets=100 ] = 0.509
 Average Recall     (AR) @[ IoU=0.50:0.95 | area= large | maxDets=100 ] = 0.612
best_stat:  {'epoch': 85, 'coco_eval_bbox': 0.23943508510140518}
Epoch: [88]  [  0/809]  eta: 1:06:36  lr: 0.000001  loss: 9.7197 (9.7197)  loss_bbox: 0.0795 (0.0795)  loss_bbox_aux_0: 0.0828 (0.0828)  loss_bbox_aux_1: 0.0821 (0.0821)  loss_bbox_aux_2: 0.0991 (0.0991)  loss_bbox_dn_0: 0.0453 (0.0453)  loss_bbox_dn_1: 0.0392 (0.0392)  loss_bbox_dn_2: 0.0389 (0.0389)  loss_giou: 0.9418 (0.9418)  loss_giou_aux_0: 0.9705 (0.9705)  loss_giou_aux_1: 0.9628 (0.9628)  loss_giou_aux_2: 1.0279 (1.0279)  loss_giou_dn_0: 0.7516 (0.7516)  loss_giou_dn_1: 0.6874 (0.6874)  loss_giou_dn_2: 0.6778 (0.6778)  loss_vfl: 0.4919 (0.4919)  loss_vfl_aux_0: 0.4971 (0.4971)  loss_vfl_aux_1: 0.4930 (0.4930)  loss_vfl_aux_2: 0.4910 (0.4910)  loss_vfl_dn_0: 0.4434 (0.4434)  loss_vfl_dn_1: 0.4095 (0.4095)  loss_vfl_dn_2: 0.4070 (0.4070)  time: 4.9402  data: 3.4802  max mem: 8529
Epoch: [88]  [100/809]  eta: 0:11:44  lr: 0.000001  loss: 8.8550 (9.4563)  loss_bbox: 0.0574 (0.0765)  loss_bbox_aux_0: 0.0619 (0.0815)  loss_bbox_aux_1: 0.0592 (0.0784)  loss_bbox_aux_2: 0.0749 (0.0938)  loss_bbox_dn_0: 0.0454 (0.0486)  loss_bbox_dn_1: 0.0367 (0.0404)  loss_bbox_dn_2: 0.0362 (0.0394)  loss_giou: 0.7670 (0.8916)  loss_giou_aux_0: 0.8104 (0.9262)  loss_giou_aux_1: 0.7744 (0.8999)  loss_giou_aux_2: 0.8460 (0.9766)  loss_giou_dn_0: 0.6819 (0.7101)  loss_giou_dn_1: 0.6154 (0.6355)  loss_giou_dn_2: 0.6046 (0.6261)  loss_vfl: 0.4900 (0.4943)  loss_vfl_aux_0: 0.5011 (0.5033)  loss_vfl_aux_1: 0.4924 (0.4993)  loss_vfl_aux_2: 0.5154 (0.4983)  loss_vfl_dn_0: 0.4640 (0.4691)  loss_vfl_dn_1: 0.4358 (0.4370)  loss_vfl_dn_2: 0.4310 (0.4303)  time: 0.9467  data: 0.0399  max mem: 8529
Epoch: [88]  [200/809]  eta: 0:09:46  lr: 0.000001  loss: 9.1761 (9.5313)  loss_bbox: 0.0702 (0.0795)  loss_bbox_aux_0: 0.0729 (0.0843)  loss_bbox_aux_1: 0.0701 (0.0812)  loss_bbox_aux_2: 0.0817 (0.0967)  loss_bbox_dn_0: 0.0429 (0.0476)  loss_bbox_dn_1: 0.0338 (0.0396)  loss_bbox_dn_2: 0.0332 (0.0386)  loss_giou: 0.8348 (0.9053)  loss_giou_aux_0: 0.8783 (0.9407)  loss_giou_aux_1: 0.8464 (0.9138)  loss_giou_aux_2: 0.9260 (0.9922)  loss_giou_dn_0: 0.6888 (0.7143)  loss_giou_dn_1: 0.6099 (0.6394)  loss_giou_dn_2: 0.5985 (0.6301)  loss_vfl: 0.4973 (0.4936)  loss_vfl_aux_0: 0.5088 (0.5019)  loss_vfl_aux_1: 0.5037 (0.4985)  loss_vfl_aux_2: 0.4899 (0.4962)  loss_vfl_dn_0: 0.4678 (0.4690)  loss_vfl_dn_1: 0.4349 (0.4376)  loss_vfl_dn_2: 0.4299 (0.4311)  time: 0.9020  data: 0.0365  max mem: 8529
Epoch: [88]  [300/809]  eta: 0:08:05  lr: 0.000001  loss: 9.3668 (9.4793)  loss_bbox: 0.0728 (0.0791)  loss_bbox_aux_0: 0.0772 (0.0839)  loss_bbox_aux_1: 0.0737 (0.0807)  loss_bbox_aux_2: 0.0897 (0.0958)  loss_bbox_dn_0: 0.0444 (0.0489)  loss_bbox_dn_1: 0.0387 (0.0407)  loss_bbox_dn_2: 0.0378 (0.0397)  loss_giou: 0.8156 (0.8886)  loss_giou_aux_0: 0.8502 (0.9233)  loss_giou_aux_1: 0.8201 (0.8967)  loss_giou_aux_2: 0.9360 (0.9762)  loss_giou_dn_0: 0.7027 (0.7087)  loss_giou_dn_1: 0.6141 (0.6341)  loss_giou_dn_2: 0.6133 (0.6247)  loss_vfl: 0.4952 (0.5001)  loss_vfl_aux_0: 0.5065 (0.5094)  loss_vfl_aux_1: 0.5023 (0.5055)  loss_vfl_aux_2: 0.4993 (0.5042)  loss_vfl_dn_0: 0.4700 (0.4697)  loss_vfl_dn_1: 0.4377 (0.4380)  loss_vfl_dn_2: 0.4335 (0.4315)  time: 0.9500  data: 0.0441  max mem: 8529
Epoch: [88]  [400/809]  eta: 0:06:39  lr: 0.000001  loss: 9.2873 (9.4454)  loss_bbox: 0.0668 (0.0775)  loss_bbox_aux_0: 0.0704 (0.0821)  loss_bbox_aux_1: 0.0676 (0.0790)  loss_bbox_aux_2: 0.0804 (0.0939)  loss_bbox_dn_0: 0.0479 (0.0488)  loss_bbox_dn_1: 0.0408 (0.0407)  loss_bbox_dn_2: 0.0399 (0.0397)  loss_giou: 0.7674 (0.8813)  loss_giou_aux_0: 0.7930 (0.9151)  loss_giou_aux_1: 0.7688 (0.8890)  loss_giou_aux_2: 0.8556 (0.9680)  loss_giou_dn_0: 0.7053 (0.7073)  loss_giou_dn_1: 0.6365 (0.6332)  loss_giou_dn_2: 0.6253 (0.6239)  loss_vfl: 0.5106 (0.5013)  loss_vfl_aux_0: 0.5382 (0.5115)  loss_vfl_aux_1: 0.5280 (0.5071)  loss_vfl_aux_2: 0.5320 (0.5070)  loss_vfl_dn_0: 0.4714 (0.4698)  loss_vfl_dn_1: 0.4407 (0.4378)  loss_vfl_dn_2: 0.4343 (0.4314)  time: 0.9510  data: 0.0441  max mem: 8529
Epoch: [88]  [500/809]  eta: 0:04:59  lr: 0.000001  loss: 9.8598 (9.4666)  loss_bbox: 0.0762 (0.0781)  loss_bbox_aux_0: 0.0800 (0.0826)  loss_bbox_aux_1: 0.0786 (0.0796)  loss_bbox_aux_2: 0.0917 (0.0942)  loss_bbox_dn_0: 0.0403 (0.0485)  loss_bbox_dn_1: 0.0348 (0.0404)  loss_bbox_dn_2: 0.0340 (0.0394)  loss_giou: 0.9620 (0.8862)  loss_giou_aux_0: 1.0078 (0.9202)  loss_giou_aux_1: 0.9713 (0.8942)  loss_giou_aux_2: 1.0498 (0.9718)  loss_giou_dn_0: 0.7464 (0.7095)  loss_giou_dn_1: 0.6747 (0.6356)  loss_giou_dn_2: 0.6571 (0.6265)  loss_vfl: 0.4838 (0.4996)  loss_vfl_aux_0: 0.4949 (0.5097)  loss_vfl_aux_1: 0.4879 (0.5051)  loss_vfl_aux_2: 0.4852 (0.5053)  loss_vfl_dn_0: 0.4716 (0.4701)  loss_vfl_dn_1: 0.4449 (0.4381)  loss_vfl_dn_2: 0.4372 (0.4318)  time: 0.9123  data: 0.0323  max mem: 8529
Epoch: [88]  [600/809]  eta: 0:03:21  lr: 0.000001  loss: 8.8699 (9.4516)  loss_bbox: 0.0594 (0.0777)  loss_bbox_aux_0: 0.0658 (0.0824)  loss_bbox_aux_1: 0.0604 (0.0793)  loss_bbox_aux_2: 0.0767 (0.0939)  loss_bbox_dn_0: 0.0435 (0.0485)  loss_bbox_dn_1: 0.0358 (0.0404)  loss_bbox_dn_2: 0.0352 (0.0394)  loss_giou: 0.7726 (0.8829)  loss_giou_aux_0: 0.7939 (0.9172)  loss_giou_aux_1: 0.7687 (0.8909)  loss_giou_aux_2: 0.8445 (0.9691)  loss_giou_dn_0: 0.6643 (0.7086)  loss_giou_dn_1: 0.5845 (0.6346)  loss_giou_dn_2: 0.5750 (0.6255)  loss_vfl: 0.5187 (0.4998)  loss_vfl_aux_0: 0.5292 (0.5101)  loss_vfl_aux_1: 0.5248 (0.5055)  loss_vfl_aux_2: 0.5205 (0.5058)  loss_vfl_dn_0: 0.4680 (0.4701)  loss_vfl_dn_1: 0.4375 (0.4380)  loss_vfl_dn_2: 0.4309 (0.4318)  time: 0.9216  data: 0.0359  max mem: 8529
Epoch: [88]  [700/809]  eta: 0:01:44  lr: 0.000001  loss: 9.3833 (9.4606)  loss_bbox: 0.0712 (0.0782)  loss_bbox_aux_0: 0.0754 (0.0828)  loss_bbox_aux_1: 0.0743 (0.0798)  loss_bbox_aux_2: 0.0879 (0.0944)  loss_bbox_dn_0: 0.0505 (0.0484)  loss_bbox_dn_1: 0.0411 (0.0403)  loss_bbox_dn_2: 0.0403 (0.0393)  loss_giou: 0.8470 (0.8856)  loss_giou_aux_0: 0.8792 (0.9196)  loss_giou_aux_1: 0.8541 (0.8936)  loss_giou_aux_2: 0.9283 (0.9715)  loss_giou_dn_0: 0.7147 (0.7087)  loss_giou_dn_1: 0.6474 (0.6346)  loss_giou_dn_2: 0.6424 (0.6255)  loss_vfl: 0.5170 (0.4994)  loss_vfl_aux_0: 0.5216 (0.5096)  loss_vfl_aux_1: 0.5186 (0.5049)  loss_vfl_aux_2: 0.4974 (0.5051)  loss_vfl_dn_0: 0.4749 (0.4699)  loss_vfl_dn_1: 0.4431 (0.4378)  loss_vfl_dn_2: 0.4341 (0.4316)  time: 0.9628  data: 0.0437  max mem: 8529
Epoch: [88]  [800/809]  eta: 0:00:08  lr: 0.000001  loss: 9.4088 (9.4736)  loss_bbox: 0.0701 (0.0782)  loss_bbox_aux_0: 0.0745 (0.0829)  loss_bbox_aux_1: 0.0697 (0.0798)  loss_bbox_aux_2: 0.0858 (0.0946)  loss_bbox_dn_0: 0.0448 (0.0484)  loss_bbox_dn_1: 0.0371 (0.0402)  loss_bbox_dn_2: 0.0368 (0.0393)  loss_giou: 0.8997 (0.8892)  loss_giou_aux_0: 0.9309 (0.9232)  loss_giou_aux_1: 0.9036 (0.8974)  loss_giou_aux_2: 0.9823 (0.9749)  loss_giou_dn_0: 0.7260 (0.7104)  loss_giou_dn_1: 0.6342 (0.6360)  loss_giou_dn_2: 0.6346 (0.6271)  loss_vfl: 0.4879 (0.4982)  loss_vfl_aux_0: 0.4963 (0.5082)  loss_vfl_aux_1: 0.4944 (0.5036)  loss_vfl_aux_2: 0.4897 (0.5037)  loss_vfl_dn_0: 0.4625 (0.4695)  loss_vfl_dn_1: 0.4365 (0.4375)  loss_vfl_dn_2: 0.4314 (0.4314)  time: 0.9376  data: 0.0367  max mem: 8529
Epoch: [88]  [808/809]  eta: 0:00:00  lr: 0.000001  loss: 9.3092 (9.4745)  loss_bbox: 0.0654 (0.0782)  loss_bbox_aux_0: 0.0718 (0.0829)  loss_bbox_aux_1: 0.0685 (0.0798)  loss_bbox_aux_2: 0.0809 (0.0946)  loss_bbox_dn_0: 0.0448 (0.0484)  loss_bbox_dn_1: 0.0380 (0.0402)  loss_bbox_dn_2: 0.0368 (0.0393)  loss_giou: 0.8274 (0.8893)  loss_giou_aux_0: 0.8571 (0.9232)  loss_giou_aux_1: 0.8417 (0.8975)  loss_giou_aux_2: 0.9223 (0.9750)  loss_giou_dn_0: 0.6797 (0.7105)  loss_giou_dn_1: 0.6211 (0.6362)  loss_giou_dn_2: 0.6118 (0.6272)  loss_vfl: 0.5217 (0.4983)  loss_vfl_aux_0: 0.5361 (0.5082)  loss_vfl_aux_1: 0.5251 (0.5036)  loss_vfl_aux_2: 0.5244 (0.5037)  loss_vfl_dn_0: 0.4722 (0.4696)  loss_vfl_dn_1: 0.4397 (0.4376)  loss_vfl_dn_2: 0.4335 (0.4314)  time: 0.7831  data: 0.0297  max mem: 8529
Epoch: [88] Total time: 0:12:50 (0.9530 s / it)
Averaged stats: lr: 0.000001  loss: 9.3092 (9.4745)  loss_bbox: 0.0654 (0.0782)  loss_bbox_aux_0: 0.0718 (0.0829)  loss_bbox_aux_1: 0.0685 (0.0798)  loss_bbox_aux_2: 0.0809 (0.0946)  loss_bbox_dn_0: 0.0448 (0.0484)  loss_bbox_dn_1: 0.0380 (0.0402)  loss_bbox_dn_2: 0.0368 (0.0393)  loss_giou: 0.8274 (0.8893)  loss_giou_aux_0: 0.8571 (0.9232)  loss_giou_aux_1: 0.8417 (0.8975)  loss_giou_aux_2: 0.9223 (0.9750)  loss_giou_dn_0: 0.6797 (0.7105)  loss_giou_dn_1: 0.6211 (0.6362)  loss_giou_dn_2: 0.6118 (0.6272)  loss_vfl: 0.5217 (0.4983)  loss_vfl_aux_0: 0.5361 (0.5082)  loss_vfl_aux_1: 0.5251 (0.5036)  loss_vfl_aux_2: 0.5244 (0.5037)  loss_vfl_dn_0: 0.4722 (0.4696)  loss_vfl_dn_1: 0.4397 (0.4376)  loss_vfl_dn_2: 0.4335 (0.4314)
Test:  [ 0/69]  eta: 0:02:04    time: 1.8109  data: 1.2287  max mem: 8529
Test:  [10/69]  eta: 0:00:44    time: 0.7499  data: 0.1277  max mem: 8529
Test:  [20/69]  eta: 0:00:34    time: 0.6381  data: 0.0207  max mem: 8529
Test:  [30/69]  eta: 0:00:25    time: 0.5918  data: 0.0233  max mem: 8529
Test:  [40/69]  eta: 0:00:18    time: 0.5447  data: 0.0235  max mem: 8529
Test:  [50/69]  eta: 0:00:11    time: 0.5237  data: 0.0233  max mem: 8529
Test:  [60/69]  eta: 0:00:05    time: 0.5068  data: 0.0229  max mem: 8529
Test:  [68/69]  eta: 0:00:00    time: 0.5149  data: 0.0212  max mem: 8529
Test: Total time: 0:00:40 (0.5797 s / it)
Averaged stats: 
Accumulating evaluation results...
DONE (t=1.99s).
IoU metric: bbox
 Average Precision  (AP) @[ IoU=0.50:0.95 | area=   all | maxDets=100 ] = 0.239
 Average Precision  (AP) @[ IoU=0.50      | area=   all | maxDets=100 ] = 0.395
 Average Precision  (AP) @[ IoU=0.75      | area=   all | maxDets=100 ] = 0.245
 Average Precision  (AP) @[ IoU=0.50:0.95 | area= small | maxDets=100 ] = 0.155
 Average Precision  (AP) @[ IoU=0.50:0.95 | area=medium | maxDets=100 ] = 0.337
 Average Precision  (AP) @[ IoU=0.50:0.95 | area= large | maxDets=100 ] = 0.438
 Average Recall     (AR) @[ IoU=0.50:0.95 | area=   all | maxDets=  1 ] = 0.104
 Average Recall     (AR) @[ IoU=0.50:0.95 | area=   all | maxDets= 10 ] = 0.293
 Average Recall     (AR) @[ IoU=0.50:0.95 | area=   all | maxDets=100 ] = 0.392
 Average Recall     (AR) @[ IoU=0.50:0.95 | area= small | maxDets=100 ] = 0.302
 Average Recall     (AR) @[ IoU=0.50:0.95 | area=medium | maxDets=100 ] = 0.509
 Average Recall     (AR) @[ IoU=0.50:0.95 | area= large | maxDets=100 ] = 0.615
best_stat:  {'epoch': 85, 'coco_eval_bbox': 0.23943508510140518}
Epoch: [89]  [  0/809]  eta: 1:18:46  lr: 0.000001  loss: 10.8030 (10.8030)  loss_bbox: 0.0882 (0.0882)  loss_bbox_aux_0: 0.1182 (0.1182)  loss_bbox_aux_1: 0.0974 (0.0974)  loss_bbox_aux_2: 0.1595 (0.1595)  loss_bbox_dn_0: 0.0429 (0.0429)  loss_bbox_dn_1: 0.0354 (0.0354)  loss_bbox_dn_2: 0.0344 (0.0344)  loss_giou: 1.2645 (1.2645)  loss_giou_aux_0: 1.2934 (1.2934)  loss_giou_aux_1: 1.2677 (1.2677)  loss_giou_aux_2: 1.3225 (1.3225)  loss_giou_dn_0: 0.8457 (0.8457)  loss_giou_dn_1: 0.7710 (0.7710)  loss_giou_dn_2: 0.7670 (0.7670)  loss_vfl: 0.3617 (0.3617)  loss_vfl_aux_0: 0.3505 (0.3505)  loss_vfl_aux_1: 0.3572 (0.3572)  loss_vfl_aux_2: 0.3387 (0.3387)  loss_vfl_dn_0: 0.4550 (0.4550)  loss_vfl_dn_1: 0.4193 (0.4193)  loss_vfl_dn_2: 0.4128 (0.4128)  time: 5.8427  data: 3.0574  max mem: 8529
Epoch: [89]  [100/809]  eta: 0:11:27  lr: 0.000001  loss: 9.3780 (9.3902)  loss_bbox: 0.0693 (0.0759)  loss_bbox_aux_0: 0.0743 (0.0802)  loss_bbox_aux_1: 0.0710 (0.0775)  loss_bbox_aux_2: 0.0864 (0.0918)  loss_bbox_dn_0: 0.0509 (0.0484)  loss_bbox_dn_1: 0.0427 (0.0400)  loss_bbox_dn_2: 0.0407 (0.0389)  loss_giou: 0.8186 (0.8710)  loss_giou_aux_0: 0.8510 (0.9012)  loss_giou_aux_1: 0.8342 (0.8782)  loss_giou_aux_2: 0.9262 (0.9553)  loss_giou_dn_0: 0.6913 (0.6976)  loss_giou_dn_1: 0.6159 (0.6223)  loss_giou_dn_2: 0.6104 (0.6122)  loss_vfl: 0.5109 (0.5086)  loss_vfl_aux_0: 0.5184 (0.5196)  loss_vfl_aux_1: 0.5159 (0.5136)  loss_vfl_aux_2: 0.5221 (0.5115)  loss_vfl_dn_0: 0.4780 (0.4729)  loss_vfl_dn_1: 0.4438 (0.4396)  loss_vfl_dn_2: 0.4396 (0.4337)  time: 0.9197  data: 0.0380  max mem: 8529
Epoch: [89]  [200/809]  eta: 0:09:42  lr: 0.000001  loss: 9.6266 (9.5178)  loss_bbox: 0.0794 (0.0789)  loss_bbox_aux_0: 0.0893 (0.0833)  loss_bbox_aux_1: 0.0820 (0.0804)  loss_bbox_aux_2: 0.0993 (0.0954)  loss_bbox_dn_0: 0.0497 (0.0472)  loss_bbox_dn_1: 0.0415 (0.0390)  loss_bbox_dn_2: 0.0407 (0.0380)  loss_giou: 0.9368 (0.9019)  loss_giou_aux_0: 0.9519 (0.9334)  loss_giou_aux_1: 0.9348 (0.9089)  loss_giou_aux_2: 1.0152 (0.9841)  loss_giou_dn_0: 0.7348 (0.7103)  loss_giou_dn_1: 0.6559 (0.6354)  loss_giou_dn_2: 0.6452 (0.6259)  loss_vfl: 0.4497 (0.4987)  loss_vfl_aux_0: 0.4615 (0.5088)  loss_vfl_aux_1: 0.4492 (0.5036)  loss_vfl_aux_2: 0.4647 (0.5014)  loss_vfl_dn_0: 0.4678 (0.4712)  loss_vfl_dn_1: 0.4412 (0.4391)  loss_vfl_dn_2: 0.4344 (0.4332)  time: 0.9351  data: 0.0401  max mem: 8529
Epoch: [89]  [300/809]  eta: 0:08:05  lr: 0.000001  loss: 9.0180 (9.5183)  loss_bbox: 0.0649 (0.0785)  loss_bbox_aux_0: 0.0708 (0.0832)  loss_bbox_aux_1: 0.0671 (0.0802)  loss_bbox_aux_2: 0.0867 (0.0953)  loss_bbox_dn_0: 0.0448 (0.0472)  loss_bbox_dn_1: 0.0385 (0.0391)  loss_bbox_dn_2: 0.0374 (0.0381)  loss_giou: 0.7499 (0.9031)  loss_giou_aux_0: 0.7860 (0.9358)  loss_giou_aux_1: 0.7571 (0.9102)  loss_giou_aux_2: 0.8520 (0.9866)  loss_giou_dn_0: 0.6767 (0.7120)  loss_giou_dn_1: 0.5980 (0.6367)  loss_giou_dn_2: 0.5902 (0.6274)  loss_vfl: 0.5039 (0.4963)  loss_vfl_aux_0: 0.5127 (0.5061)  loss_vfl_aux_1: 0.5106 (0.5012)  loss_vfl_aux_2: 0.5135 (0.4995)  loss_vfl_dn_0: 0.4698 (0.4705)  loss_vfl_dn_1: 0.4390 (0.4386)  loss_vfl_dn_2: 0.4269 (0.4325)  time: 0.9335  data: 0.0366  max mem: 8529
Epoch: [89]  [400/809]  eta: 0:06:24  lr: 0.000001  loss: 8.8965 (9.4687)  loss_bbox: 0.0602 (0.0779)  loss_bbox_aux_0: 0.0649 (0.0827)  loss_bbox_aux_1: 0.0625 (0.0797)  loss_bbox_aux_2: 0.0734 (0.0947)  loss_bbox_dn_0: 0.0458 (0.0480)  loss_bbox_dn_1: 0.0372 (0.0398)  loss_bbox_dn_2: 0.0367 (0.0388)  loss_giou: 0.7934 (0.8920)  loss_giou_aux_0: 0.8157 (0.9249)  loss_giou_aux_1: 0.7965 (0.8997)  loss_giou_aux_2: 0.8675 (0.9768)  loss_giou_dn_0: 0.6573 (0.7085)  loss_giou_dn_1: 0.5858 (0.6329)  loss_giou_dn_2: 0.5817 (0.6238)  loss_vfl: 0.5063 (0.4970)  loss_vfl_aux_0: 0.5170 (0.5072)  loss_vfl_aux_1: 0.5089 (0.5022)  loss_vfl_aux_2: 0.5210 (0.5019)  loss_vfl_dn_0: 0.4587 (0.4702)  loss_vfl_dn_1: 0.4274 (0.4380)  loss_vfl_dn_2: 0.4208 (0.4319)  time: 0.8862  data: 0.0366  max mem: 8529
Epoch: [89]  [500/809]  eta: 0:04:49  lr: 0.000001  loss: 8.9945 (9.4506)  loss_bbox: 0.0624 (0.0774)  loss_bbox_aux_0: 0.0667 (0.0821)  loss_bbox_aux_1: 0.0624 (0.0792)  loss_bbox_aux_2: 0.0765 (0.0941)  loss_bbox_dn_0: 0.0493 (0.0484)  loss_bbox_dn_1: 0.0411 (0.0401)  loss_bbox_dn_2: 0.0401 (0.0391)  loss_giou: 0.7918 (0.8868)  loss_giou_aux_0: 0.8259 (0.9196)  loss_giou_aux_1: 0.7983 (0.8945)  loss_giou_aux_2: 0.8802 (0.9715)  loss_giou_dn_0: 0.6737 (0.7062)  loss_giou_dn_1: 0.6063 (0.6307)  loss_giou_dn_2: 0.6020 (0.6216)  loss_vfl: 0.5371 (0.4997)  loss_vfl_aux_0: 0.5430 (0.5099)  loss_vfl_aux_1: 0.5347 (0.5047)  loss_vfl_aux_2: 0.5417 (0.5047)  loss_vfl_dn_0: 0.4739 (0.4706)  loss_vfl_dn_1: 0.4371 (0.4380)  loss_vfl_dn_2: 0.4277 (0.4318)  time: 0.9100  data: 0.0440  max mem: 8529
Epoch: [89]  [600/809]  eta: 0:03:15  lr: 0.000001  loss: 9.4341 (9.4808)  loss_bbox: 0.0715 (0.0777)  loss_bbox_aux_0: 0.0760 (0.0824)  loss_bbox_aux_1: 0.0719 (0.0795)  loss_bbox_aux_2: 0.0865 (0.0945)  loss_bbox_dn_0: 0.0435 (0.0484)  loss_bbox_dn_1: 0.0356 (0.0400)  loss_bbox_dn_2: 0.0339 (0.0391)  loss_giou: 0.8922 (0.8930)  loss_giou_aux_0: 0.9394 (0.9262)  loss_giou_aux_1: 0.9073 (0.9007)  loss_giou_aux_2: 1.0077 (0.9781)  loss_giou_dn_0: 0.7164 (0.7092)  loss_giou_dn_1: 0.6397 (0.6339)  loss_giou_dn_2: 0.6304 (0.6248)  loss_vfl: 0.4929 (0.4983)  loss_vfl_aux_0: 0.5028 (0.5083)  loss_vfl_aux_1: 0.4961 (0.5035)  loss_vfl_aux_2: 0.4973 (0.5026)  loss_vfl_dn_0: 0.4772 (0.4706)  loss_vfl_dn_1: 0.4351 (0.4381)  loss_vfl_dn_2: 0.4309 (0.4319)  time: 0.9084  data: 0.0309  max mem: 8529
Epoch: [89]  [700/809]  eta: 0:01:42  lr: 0.000001  loss: 9.2870 (9.4892)  loss_bbox: 0.0752 (0.0780)  loss_bbox_aux_0: 0.0824 (0.0829)  loss_bbox_aux_1: 0.0780 (0.0798)  loss_bbox_aux_2: 0.0935 (0.0949)  loss_bbox_dn_0: 0.0491 (0.0483)  loss_bbox_dn_1: 0.0413 (0.0401)  loss_bbox_dn_2: 0.0404 (0.0391)  loss_giou: 0.8081 (0.8943)  loss_giou_aux_0: 0.8364 (0.9277)  loss_giou_aux_1: 0.8156 (0.9021)  loss_giou_aux_2: 0.8921 (0.9796)  loss_giou_dn_0: 0.6912 (0.7097)  loss_giou_dn_1: 0.6225 (0.6346)  loss_giou_dn_2: 0.6106 (0.6255)  loss_vfl: 0.4929 (0.4980)  loss_vfl_aux_0: 0.5122 (0.5080)  loss_vfl_aux_1: 0.4999 (0.5033)  loss_vfl_aux_2: 0.5060 (0.5025)  loss_vfl_dn_0: 0.4679 (0.4707)  loss_vfl_dn_1: 0.4393 (0.4382)  loss_vfl_dn_2: 0.4312 (0.4320)  time: 0.9669  data: 0.0378  max mem: 8529
Epoch: [89]  [800/809]  eta: 0:00:08  lr: 0.000001  loss: 9.2034 (9.5035)  loss_bbox: 0.0724 (0.0784)  loss_bbox_aux_0: 0.0792 (0.0834)  loss_bbox_aux_1: 0.0754 (0.0803)  loss_bbox_aux_2: 0.0839 (0.0955)  loss_bbox_dn_0: 0.0450 (0.0486)  loss_bbox_dn_1: 0.0363 (0.0403)  loss_bbox_dn_2: 0.0356 (0.0393)  loss_giou: 0.8180 (0.8973)  loss_giou_aux_0: 0.8524 (0.9311)  loss_giou_aux_1: 0.8287 (0.9051)  loss_giou_aux_2: 0.9157 (0.9825)  loss_giou_dn_0: 0.6867 (0.7117)  loss_giou_dn_1: 0.6138 (0.6367)  loss_giou_dn_2: 0.6079 (0.6275)  loss_vfl: 0.5203 (0.4965)  loss_vfl_aux_0: 0.5331 (0.5063)  loss_vfl_aux_1: 0.5323 (0.5017)  loss_vfl_aux_2: 0.5352 (0.5010)  loss_vfl_dn_0: 0.4694 (0.4705)  loss_vfl_dn_1: 0.4360 (0.4381)  loss_vfl_dn_2: 0.4293 (0.4319)  time: 0.9006  data: 0.0358  max mem: 8529
Epoch: [89]  [808/809]  eta: 0:00:00  lr: 0.000001  loss: 9.1788 (9.4996)  loss_bbox: 0.0704 (0.0783)  loss_bbox_aux_0: 0.0753 (0.0832)  loss_bbox_aux_1: 0.0721 (0.0802)  loss_bbox_aux_2: 0.0826 (0.0953)  loss_bbox_dn_0: 0.0450 (0.0486)  loss_bbox_dn_1: 0.0363 (0.0403)  loss_bbox_dn_2: 0.0356 (0.0393)  loss_giou: 0.8145 (0.8965)  loss_giou_aux_0: 0.8524 (0.9303)  loss_giou_aux_1: 0.8287 (0.9044)  loss_giou_aux_2: 0.9098 (0.9818)  loss_giou_dn_0: 0.6930 (0.7114)  loss_giou_dn_1: 0.6265 (0.6364)  loss_giou_dn_2: 0.6119 (0.6272)  loss_vfl: 0.4904 (0.4966)  loss_vfl_aux_0: 0.5000 (0.5064)  loss_vfl_aux_1: 0.4982 (0.5018)  loss_vfl_aux_2: 0.5063 (0.5012)  loss_vfl_dn_0: 0.4695 (0.4705)  loss_vfl_dn_1: 0.4417 (0.4381)  loss_vfl_dn_2: 0.4341 (0.4319)  time: 0.7948  data: 0.0330  max mem: 8529
Epoch: [89] Total time: 0:12:34 (0.9328 s / it)
Averaged stats: lr: 0.000001  loss: 9.1788 (9.4996)  loss_bbox: 0.0704 (0.0783)  loss_bbox_aux_0: 0.0753 (0.0832)  loss_bbox_aux_1: 0.0721 (0.0802)  loss_bbox_aux_2: 0.0826 (0.0953)  loss_bbox_dn_0: 0.0450 (0.0486)  loss_bbox_dn_1: 0.0363 (0.0403)  loss_bbox_dn_2: 0.0356 (0.0393)  loss_giou: 0.8145 (0.8965)  loss_giou_aux_0: 0.8524 (0.9303)  loss_giou_aux_1: 0.8287 (0.9044)  loss_giou_aux_2: 0.9098 (0.9818)  loss_giou_dn_0: 0.6930 (0.7114)  loss_giou_dn_1: 0.6265 (0.6364)  loss_giou_dn_2: 0.6119 (0.6272)  loss_vfl: 0.4904 (0.4966)  loss_vfl_aux_0: 0.5000 (0.5064)  loss_vfl_aux_1: 0.4982 (0.5018)  loss_vfl_aux_2: 0.5063 (0.5012)  loss_vfl_dn_0: 0.4695 (0.4705)  loss_vfl_dn_1: 0.4417 (0.4381)  loss_vfl_dn_2: 0.4341 (0.4319)
Test:  [ 0/69]  eta: 0:01:29    time: 1.2934  data: 0.6774  max mem: 8529
Test:  [10/69]  eta: 0:00:38    time: 0.6561  data: 0.0807  max mem: 8529
Test:  [20/69]  eta: 0:00:33    time: 0.6468  data: 0.0211  max mem: 8529
Test:  [30/69]  eta: 0:00:24    time: 0.6284  data: 0.0218  max mem: 8529
Test:  [40/69]  eta: 0:00:17    time: 0.5476  data: 0.0225  max mem: 8529
Test:  [50/69]  eta: 0:00:11    time: 0.5122  data: 0.0232  max mem: 8529
Test:  [60/69]  eta: 0:00:05    time: 0.4909  data: 0.0238  max mem: 8529
Test:  [68/69]  eta: 0:00:00    time: 0.5142  data: 0.0212  max mem: 8529
Test: Total time: 0:00:39 (0.5728 s / it)
Averaged stats: 
Accumulating evaluation results...
DONE (t=1.98s).
IoU metric: bbox
 Average Precision  (AP) @[ IoU=0.50:0.95 | area=   all | maxDets=100 ] = 0.239
 Average Precision  (AP) @[ IoU=0.50      | area=   all | maxDets=100 ] = 0.396
 Average Precision  (AP) @[ IoU=0.75      | area=   all | maxDets=100 ] = 0.245
 Average Precision  (AP) @[ IoU=0.50:0.95 | area= small | maxDets=100 ] = 0.155
 Average Precision  (AP) @[ IoU=0.50:0.95 | area=medium | maxDets=100 ] = 0.337
 Average Precision  (AP) @[ IoU=0.50:0.95 | area= large | maxDets=100 ] = 0.433
 Average Recall     (AR) @[ IoU=0.50:0.95 | area=   all | maxDets=  1 ] = 0.104
 Average Recall     (AR) @[ IoU=0.50:0.95 | area=   all | maxDets= 10 ] = 0.293
 Average Recall     (AR) @[ IoU=0.50:0.95 | area=   all | maxDets=100 ] = 0.392
 Average Recall     (AR) @[ IoU=0.50:0.95 | area= small | maxDets=100 ] = 0.302
 Average Recall     (AR) @[ IoU=0.50:0.95 | area=medium | maxDets=100 ] = 0.509
 Average Recall     (AR) @[ IoU=0.50:0.95 | area= large | maxDets=100 ] = 0.625
best_stat:  {'epoch': 85, 'coco_eval_bbox': 0.23943508510140518}
Training time 9:40:02
