2026-02-15 18:41:19.731457: E external/local_xla/xla/stream_executor/cuda/cuda_fft.cc:485] Unable to register cuFFT factory: Attempting to register factory for plugin cuFFT when one has already been registered
2026-02-15 18:41:19.751332: E external/local_xla/xla/stream_executor/cuda/cuda_dnn.cc:8454] Unable to register cuDNN factory: Attempting to register factory for plugin cuDNN when one has already been registered
2026-02-15 18:41:19.756970: E external/local_xla/xla/stream_executor/cuda/cuda_blas.cc:1452] Unable to register cuBLAS factory: Attempting to register factory for plugin cuBLAS when one has already been registered
2026-02-15 18:41:19.775020: E external/local_xla/xla/stream_executor/cuda/cuda_fft.cc:485] Unable to register cuFFT factory: Attempting to register factory for plugin cuFFT when one has already been registered
2026-02-15 18:41:19.793782: E external/local_xla/xla/stream_executor/cuda/cuda_dnn.cc:8454] Unable to register cuDNN factory: Attempting to register factory for plugin cuDNN when one has already been registered
2026-02-15 18:41:19.799471: E external/local_xla/xla/stream_executor/cuda/cuda_blas.cc:1452] Unable to register cuBLAS factory: Attempting to register factory for plugin cuBLAS when one has already been registered
Initialized distributed mode...
Start training
Downloading: "https://github.com/lyuwenyu/storage/releases/download/v0.1/ResNet18_vd_pretrained_from_paddle.pth" to /root/.cache/torch/hub/checkpoints/ResNet18_vd_pretrained_from_paddle.pth
Downloading: "https://github.com/lyuwenyu/storage/releases/download/v0.1/ResNet18_vd_pretrained_from_paddle.pth" to /root/.cache/torch/hub/checkpoints/ResNet18_vd_pretrained_from_paddle.pth
  0%|          | 0.00/42.8M [00:00<?, ?B/s]  0%|          | 0.00/42.8M [00:00<?, ?B/s] 17%|█▋        | 7.42M/42.8M [00:00<00:00, 77.8MB/s] 13%|█▎        | 5.73M/42.8M [00:00<00:00, 60.1MB/s] 76%|███████▌  | 32.5M/42.8M [00:00<00:00, 186MB/s]  32%|███▏      | 13.8M/42.8M [00:00<00:00, 74.5MB/s]100%|██████████| 42.8M/42.8M [00:00<00:00, 187MB/s]
 50%|████▉     | 21.2M/42.8M [00:00<00:00, 75.7MB/s] 67%|██████▋   | 28.8M/42.8M [00:00<00:00, 77.0MB/s] 85%|████████▍ | 36.2M/42.8M [00:00<00:00, 77.3MB/s]100%|██████████| 42.8M/42.8M [00:00<00:00, 76.3MB/s]
Load PResNet18 state_dict
Initial lr:  [0.0001, 0.0001]
loading annotations into memory...
Done (t=2.08s)
creating index...
index created!
loading annotations into memory...
Done (t=0.13s)
creating index...
index created!
number of params: 21264024
Epoch: [0]  [  0/809]  eta: 1:50:05  lr: 0.000100  loss: 18.3285 (18.3285)  loss_bbox: 0.6726 (0.6726)  loss_bbox_aux_0: 0.6758 (0.6758)  loss_bbox_aux_1: 0.6719 (0.6719)  loss_bbox_aux_2: 0.6842 (0.6842)  loss_bbox_dn_0: 0.1724 (0.1724)  loss_bbox_dn_1: 0.1724 (0.1724)  loss_bbox_dn_2: 0.1724 (0.1724)  loss_giou: 1.9421 (1.9421)  loss_giou_aux_0: 1.9708 (1.9708)  loss_giou_aux_1: 1.9684 (1.9684)  loss_giou_aux_2: 2.0166 (2.0166)  loss_giou_dn_0: 1.3876 (1.3876)  loss_giou_dn_1: 1.3876 (1.3876)  loss_giou_dn_2: 1.3876 (1.3876)  loss_vfl: 0.1746 (0.1746)  loss_vfl_aux_0: 0.1652 (0.1652)  loss_vfl_aux_1: 0.1611 (0.1611)  loss_vfl_aux_2: 0.1531 (0.1531)  loss_vfl_dn_0: 0.8022 (0.8022)  loss_vfl_dn_1: 0.7830 (0.7830)  loss_vfl_dn_2: 0.8071 (0.8071)  time: 8.1653  data: 5.3218  max mem: 4707
Epoch: [0]  [100/809]  eta: 0:11:45  lr: 0.000100  loss: 15.0417 (16.7706)  loss_bbox: 0.3225 (0.5573)  loss_bbox_aux_0: 0.3340 (0.5911)  loss_bbox_aux_1: 0.3298 (0.5709)  loss_bbox_aux_2: 0.3536 (0.6356)  loss_bbox_dn_0: 0.1044 (0.1345)  loss_bbox_dn_1: 0.1031 (0.1335)  loss_bbox_dn_2: 0.1031 (0.1338)  loss_giou: 1.7479 (1.9602)  loss_giou_aux_0: 1.7641 (1.9631)  loss_giou_aux_1: 1.7555 (1.9590)  loss_giou_aux_2: 1.7705 (1.9736)  loss_giou_dn_0: 1.3582 (1.3808)  loss_giou_dn_1: 1.3587 (1.3893)  loss_giou_dn_2: 1.3691 (1.4019)  loss_vfl: 0.2964 (0.2104)  loss_vfl_aux_0: 0.2405 (0.1795)  loss_vfl_aux_1: 0.2750 (0.1952)  loss_vfl_aux_2: 0.2381 (0.1596)  loss_vfl_dn_0: 0.3683 (0.4294)  loss_vfl_dn_1: 0.3743 (0.4074)  loss_vfl_dn_2: 0.3745 (0.4045)  time: 0.8965  data: 0.0360  max mem: 5566
Epoch: [0]  [200/809]  eta: 0:09:47  lr: 0.000100  loss: 14.5484 (15.9810)  loss_bbox: 0.2687 (0.4444)  loss_bbox_aux_0: 0.2786 (0.4656)  loss_bbox_aux_1: 0.2741 (0.4527)  loss_bbox_aux_2: 0.2897 (0.4929)  loss_bbox_dn_0: 0.1141 (0.1305)  loss_bbox_dn_1: 0.1091 (0.1286)  loss_bbox_dn_2: 0.1082 (0.1283)  loss_giou: 1.5854 (1.8414)  loss_giou_aux_0: 1.6505 (1.8539)  loss_giou_aux_1: 1.6060 (1.8453)  loss_giou_aux_2: 1.6904 (1.8770)  loss_giou_dn_0: 1.3157 (1.3602)  loss_giou_dn_1: 1.2892 (1.3599)  loss_giou_dn_2: 1.2928 (1.3667)  loss_vfl: 0.3964 (0.2893)  loss_vfl_aux_0: 0.3525 (0.2562)  loss_vfl_aux_1: 0.3834 (0.2736)  loss_vfl_aux_2: 0.3197 (0.2299)  loss_vfl_dn_0: 0.3765 (0.3995)  loss_vfl_dn_1: 0.3911 (0.3908)  loss_vfl_dn_2: 0.4033 (0.3941)  time: 0.9286  data: 0.0364  max mem: 5566
Epoch: [0]  [300/809]  eta: 0:08:01  lr: 0.000100  loss: 13.9904 (15.5091)  loss_bbox: 0.2693 (0.3925)  loss_bbox_aux_0: 0.2791 (0.4097)  loss_bbox_aux_1: 0.2753 (0.3983)  loss_bbox_aux_2: 0.2989 (0.4322)  loss_bbox_dn_0: 0.1209 (0.1294)  loss_bbox_dn_1: 0.1128 (0.1256)  loss_bbox_dn_2: 0.1123 (0.1252)  loss_giou: 1.4626 (1.7448)  loss_giou_aux_0: 1.4956 (1.7685)  loss_giou_aux_1: 1.4726 (1.7507)  loss_giou_aux_2: 1.5988 (1.8100)  loss_giou_dn_0: 1.2717 (1.3365)  loss_giou_dn_1: 1.2026 (1.3165)  loss_giou_dn_2: 1.1881 (1.3169)  loss_vfl: 0.5385 (0.3481)  loss_vfl_aux_0: 0.4816 (0.3065)  loss_vfl_aux_1: 0.5198 (0.3335)  loss_vfl_aux_2: 0.4042 (0.2695)  loss_vfl_dn_0: 0.3900 (0.3942)  loss_vfl_dn_1: 0.4197 (0.3969)  loss_vfl_dn_2: 0.4345 (0.4035)  time: 0.8814  data: 0.0389  max mem: 5566
Epoch: [0]  [400/809]  eta: 0:06:24  lr: 0.000100  loss: 13.8743 (15.1789)  loss_bbox: 0.2232 (0.3580)  loss_bbox_aux_0: 0.2325 (0.3723)  loss_bbox_aux_1: 0.2183 (0.3627)  loss_bbox_aux_2: 0.2484 (0.3934)  loss_bbox_dn_0: 0.1062 (0.1257)  loss_bbox_dn_1: 0.1025 (0.1209)  loss_bbox_dn_2: 0.0997 (0.1203)  loss_giou: 1.4892 (1.6798)  loss_giou_aux_0: 1.5024 (1.7068)  loss_giou_aux_1: 1.4882 (1.6864)  loss_giou_aux_2: 1.6086 (1.7616)  loss_giou_dn_0: 1.2135 (1.3119)  loss_giou_dn_1: 1.1284 (1.2785)  loss_giou_dn_2: 1.1116 (1.2737)  loss_vfl: 0.5208 (0.3906)  loss_vfl_aux_0: 0.4814 (0.3457)  loss_vfl_aux_1: 0.5065 (0.3758)  loss_vfl_aux_2: 0.3871 (0.2980)  loss_vfl_dn_0: 0.4112 (0.3958)  loss_vfl_dn_1: 0.4329 (0.4057)  loss_vfl_dn_2: 0.4503 (0.4154)  time: 0.9249  data: 0.0364  max mem: 5659
Epoch: [0]  [500/809]  eta: 0:04:48  lr: 0.000100  loss: 13.8577 (14.9233)  loss_bbox: 0.2296 (0.3325)  loss_bbox_aux_0: 0.2340 (0.3447)  loss_bbox_aux_1: 0.2240 (0.3364)  loss_bbox_aux_2: 0.2320 (0.3645)  loss_bbox_dn_0: 0.1128 (0.1229)  loss_bbox_dn_1: 0.1063 (0.1177)  loss_bbox_dn_2: 0.1067 (0.1171)  loss_giou: 1.4531 (1.6308)  loss_giou_aux_0: 1.4944 (1.6583)  loss_giou_aux_1: 1.4602 (1.6372)  loss_giou_aux_2: 1.5741 (1.7197)  loss_giou_dn_0: 1.1720 (1.2907)  loss_giou_dn_1: 1.0963 (1.2487)  loss_giou_dn_2: 1.0811 (1.2404)  loss_vfl: 0.5338 (0.4211)  loss_vfl_aux_0: 0.4950 (0.3767)  loss_vfl_aux_1: 0.5333 (0.4069)  loss_vfl_aux_2: 0.4395 (0.3241)  loss_vfl_dn_0: 0.4207 (0.3983)  loss_vfl_dn_1: 0.4452 (0.4118)  loss_vfl_dn_2: 0.4563 (0.4228)  time: 0.8857  data: 0.0304  max mem: 5659
Epoch: [0]  [600/809]  eta: 0:03:13  lr: 0.000100  loss: 13.7589 (14.7388)  loss_bbox: 0.2159 (0.3148)  loss_bbox_aux_0: 0.2202 (0.3257)  loss_bbox_aux_1: 0.2198 (0.3183)  loss_bbox_aux_2: 0.2394 (0.3447)  loss_bbox_dn_0: 0.1108 (0.1202)  loss_bbox_dn_1: 0.0977 (0.1147)  loss_bbox_dn_2: 0.0950 (0.1139)  loss_giou: 1.4296 (1.5999)  loss_giou_aux_0: 1.4669 (1.6280)  loss_giou_aux_1: 1.4353 (1.6063)  loss_giou_aux_2: 1.5605 (1.6919)  loss_giou_dn_0: 1.1703 (1.2721)  loss_giou_dn_1: 1.0961 (1.2248)  loss_giou_dn_2: 1.0650 (1.2145)  loss_vfl: 0.5162 (0.4397)  loss_vfl_aux_0: 0.4856 (0.3961)  loss_vfl_aux_1: 0.5142 (0.4258)  loss_vfl_aux_2: 0.4001 (0.3412)  loss_vfl_dn_0: 0.4210 (0.4016)  loss_vfl_dn_1: 0.4364 (0.4166)  loss_vfl_dn_2: 0.4475 (0.4281)  time: 0.8770  data: 0.0400  max mem: 6177
Epoch: [0]  [700/809]  eta: 0:01:40  lr: 0.000100  loss: 13.6074 (14.5781)  loss_bbox: 0.2021 (0.3000)  loss_bbox_aux_0: 0.2123 (0.3100)  loss_bbox_aux_1: 0.2053 (0.3031)  loss_bbox_aux_2: 0.2379 (0.3283)  loss_bbox_dn_0: 0.1002 (0.1176)  loss_bbox_dn_1: 0.0888 (0.1117)  loss_bbox_dn_2: 0.0856 (0.1108)  loss_giou: 1.4082 (1.5727)  loss_giou_aux_0: 1.4542 (1.6015)  loss_giou_aux_1: 1.4224 (1.5794)  loss_giou_aux_2: 1.5548 (1.6690)  loss_giou_dn_0: 1.1519 (1.2565)  loss_giou_dn_1: 1.0765 (1.2056)  loss_giou_dn_2: 1.0517 (1.1939)  loss_vfl: 0.5303 (0.4548)  loss_vfl_aux_0: 0.5179 (0.4117)  loss_vfl_aux_1: 0.5238 (0.4408)  loss_vfl_aux_2: 0.4248 (0.3539)  loss_vfl_dn_0: 0.4303 (0.4047)  loss_vfl_dn_1: 0.4478 (0.4205)  loss_vfl_dn_2: 0.4535 (0.4317)  time: 0.9112  data: 0.0344  max mem: 6177
Epoch: [0]  [800/809]  eta: 0:00:08  lr: 0.000100  loss: 12.9841 (14.4455)  loss_bbox: 0.2041 (0.2888)  loss_bbox_aux_0: 0.2067 (0.2982)  loss_bbox_aux_1: 0.2025 (0.2917)  loss_bbox_aux_2: 0.2205 (0.3165)  loss_bbox_dn_0: 0.1224 (0.1169)  loss_bbox_dn_1: 0.1096 (0.1108)  loss_bbox_dn_2: 0.1054 (0.1097)  loss_giou: 1.2431 (1.5459)  loss_giou_aux_0: 1.2585 (1.5751)  loss_giou_aux_1: 1.2408 (1.5528)  loss_giou_aux_2: 1.3461 (1.6459)  loss_giou_dn_0: 1.1150 (1.2423)  loss_giou_dn_1: 1.0298 (1.1878)  loss_giou_dn_2: 1.0128 (1.1748)  loss_vfl: 0.5742 (0.4703)  loss_vfl_aux_0: 0.5123 (0.4278)  loss_vfl_aux_1: 0.5339 (0.4564)  loss_vfl_aux_2: 0.4805 (0.3677)  loss_vfl_dn_0: 0.4319 (0.4074)  loss_vfl_dn_1: 0.4568 (0.4238)  loss_vfl_dn_2: 0.4596 (0.4351)  time: 0.8720  data: 0.0367  max mem: 6177
Epoch: [0]  [808/809]  eta: 0:00:00  lr: 0.000100  loss: 13.2300 (14.4415)  loss_bbox: 0.2161 (0.2885)  loss_bbox_aux_0: 0.2161 (0.2978)  loss_bbox_aux_1: 0.2155 (0.2913)  loss_bbox_aux_2: 0.2263 (0.3160)  loss_bbox_dn_0: 0.1121 (0.1168)  loss_bbox_dn_1: 0.1010 (0.1107)  loss_bbox_dn_2: 0.0977 (0.1096)  loss_giou: 1.2162 (1.5450)  loss_giou_aux_0: 1.2585 (1.5742)  loss_giou_aux_1: 1.2205 (1.5518)  loss_giou_aux_2: 1.3343 (1.6450)  loss_giou_dn_0: 1.1142 (1.2413)  loss_giou_dn_1: 1.0113 (1.1866)  loss_giou_dn_2: 0.9834 (1.1734)  loss_vfl: 0.6183 (0.4715)  loss_vfl_aux_0: 0.5652 (0.4289)  loss_vfl_aux_1: 0.5883 (0.4576)  loss_vfl_aux_2: 0.4886 (0.3685)  loss_vfl_dn_0: 0.4360 (0.4077)  loss_vfl_dn_1: 0.4587 (0.4241)  loss_vfl_dn_2: 0.4664 (0.4353)  time: 0.7547  data: 0.0295  max mem: 6177
Epoch: [0] Total time: 0:12:23 (0.9191 s / it)
Averaged stats: lr: 0.000100  loss: 13.2300 (14.4415)  loss_bbox: 0.2161 (0.2885)  loss_bbox_aux_0: 0.2161 (0.2978)  loss_bbox_aux_1: 0.2155 (0.2913)  loss_bbox_aux_2: 0.2263 (0.3160)  loss_bbox_dn_0: 0.1121 (0.1168)  loss_bbox_dn_1: 0.1010 (0.1107)  loss_bbox_dn_2: 0.0977 (0.1096)  loss_giou: 1.2162 (1.5450)  loss_giou_aux_0: 1.2585 (1.5742)  loss_giou_aux_1: 1.2205 (1.5518)  loss_giou_aux_2: 1.3343 (1.6450)  loss_giou_dn_0: 1.1142 (1.2413)  loss_giou_dn_1: 1.0113 (1.1866)  loss_giou_dn_2: 0.9834 (1.1734)  loss_vfl: 0.6183 (0.4715)  loss_vfl_aux_0: 0.5652 (0.4289)  loss_vfl_aux_1: 0.5883 (0.4576)  loss_vfl_aux_2: 0.4886 (0.3685)  loss_vfl_dn_0: 0.4360 (0.4077)  loss_vfl_dn_1: 0.4587 (0.4241)  loss_vfl_dn_2: 0.4664 (0.4353)
Test:  [ 0/69]  eta: 0:01:45    time: 1.5301  data: 0.8146  max mem: 6177
Test:  [10/69]  eta: 0:00:41    time: 0.6986  data: 0.0903  max mem: 6177
Test:  [20/69]  eta: 0:00:32    time: 0.6180  data: 0.0188  max mem: 6177
Test:  [30/69]  eta: 0:00:24    time: 0.6009  data: 0.0200  max mem: 6177
Test:  [40/69]  eta: 0:00:18    time: 0.6109  data: 0.0199  max mem: 6177
Test:  [50/69]  eta: 0:00:11    time: 0.5680  data: 0.0201  max mem: 6177
Test:  [60/69]  eta: 0:00:05    time: 0.5130  data: 0.0211  max mem: 6177
Test:  [68/69]  eta: 0:00:00    time: 0.5238  data: 0.0193  max mem: 6177
Test: Total time: 0:00:40 (0.5899 s / it)
Averaged stats: 
Accumulating evaluation results...
DONE (t=1.89s).
IoU metric: bbox
 Average Precision  (AP) @[ IoU=0.50:0.95 | area=   all | maxDets=100 ] = 0.027
 Average Precision  (AP) @[ IoU=0.50      | area=   all | maxDets=100 ] = 0.054
 Average Precision  (AP) @[ IoU=0.75      | area=   all | maxDets=100 ] = 0.026
 Average Precision  (AP) @[ IoU=0.50:0.95 | area= small | maxDets=100 ] = 0.019
 Average Precision  (AP) @[ IoU=0.50:0.95 | area=medium | maxDets=100 ] = 0.038
 Average Precision  (AP) @[ IoU=0.50:0.95 | area= large | maxDets=100 ] = 0.051
 Average Recall     (AR) @[ IoU=0.50:0.95 | area=   all | maxDets=  1 ] = 0.019
 Average Recall     (AR) @[ IoU=0.50:0.95 | area=   all | maxDets= 10 ] = 0.063
 Average Recall     (AR) @[ IoU=0.50:0.95 | area=   all | maxDets=100 ] = 0.126
 Average Recall     (AR) @[ IoU=0.50:0.95 | area= small | maxDets=100 ] = 0.087
 Average Recall     (AR) @[ IoU=0.50:0.95 | area=medium | maxDets=100 ] = 0.189
 Average Recall     (AR) @[ IoU=0.50:0.95 | area= large | maxDets=100 ] = 0.143
best_stat:  {'epoch': 0, 'coco_eval_bbox': 0.02713249599365791}
Epoch: [1]  [  0/809]  eta: 0:52:26  lr: 0.000100  loss: 15.5002 (15.5002)  loss_bbox: 0.4017 (0.4017)  loss_bbox_aux_0: 0.4053 (0.4053)  loss_bbox_aux_1: 0.4009 (0.4009)  loss_bbox_aux_2: 0.4227 (0.4227)  loss_bbox_dn_0: 0.1101 (0.1101)  loss_bbox_dn_1: 0.1040 (0.1040)  loss_bbox_dn_2: 0.1030 (0.1030)  loss_giou: 1.7909 (1.7909)  loss_giou_aux_0: 1.8227 (1.8227)  loss_giou_aux_1: 1.7990 (1.7990)  loss_giou_aux_2: 1.8813 (1.8813)  loss_giou_dn_0: 1.1817 (1.1817)  loss_giou_dn_1: 1.1161 (1.1161)  loss_giou_dn_2: 1.0985 (1.0985)  loss_vfl: 0.4216 (0.4216)  loss_vfl_aux_0: 0.3964 (0.3964)  loss_vfl_aux_1: 0.4203 (0.4203)  loss_vfl_aux_2: 0.3539 (0.3539)  loss_vfl_dn_0: 0.4091 (0.4091)  loss_vfl_dn_1: 0.4285 (0.4285)  loss_vfl_dn_2: 0.4327 (0.4327)  time: 3.8893  data: 2.3594  max mem: 6177
Epoch: [1]  [100/809]  eta: 0:11:28  lr: 0.000100  loss: 13.2296 (13.6021)  loss_bbox: 0.1797 (0.2198)  loss_bbox_aux_0: 0.1831 (0.2241)  loss_bbox_aux_1: 0.1797 (0.2209)  loss_bbox_aux_2: 0.2111 (0.2410)  loss_bbox_dn_0: 0.0829 (0.0978)  loss_bbox_dn_1: 0.0756 (0.0897)  loss_bbox_dn_2: 0.0738 (0.0875)  loss_giou: 1.4132 (1.4243)  loss_giou_aux_0: 1.4507 (1.4597)  loss_giou_aux_1: 1.4263 (1.4345)  loss_giou_aux_2: 1.5167 (1.5518)  loss_giou_dn_0: 1.1288 (1.1316)  loss_giou_dn_1: 1.0509 (1.0586)  loss_giou_dn_2: 1.0323 (1.0372)  loss_vfl: 0.4781 (0.5353)  loss_vfl_aux_0: 0.4794 (0.4994)  loss_vfl_aux_1: 0.4858 (0.5229)  loss_vfl_aux_2: 0.4132 (0.4290)  loss_vfl_dn_0: 0.4325 (0.4305)  loss_vfl_dn_1: 0.4486 (0.4486)  loss_vfl_dn_2: 0.4561 (0.4579)  time: 0.9113  data: 0.0362  max mem: 6177
Epoch: [1]  [200/809]  eta: 0:09:41  lr: 0.000100  loss: 12.9242 (13.5555)  loss_bbox: 0.1880 (0.2221)  loss_bbox_aux_0: 0.1915 (0.2261)  loss_bbox_aux_1: 0.1857 (0.2230)  loss_bbox_aux_2: 0.2047 (0.2407)  loss_bbox_dn_0: 0.0847 (0.1010)  loss_bbox_dn_1: 0.0810 (0.0928)  loss_bbox_dn_2: 0.0795 (0.0908)  loss_giou: 1.2880 (1.4046)  loss_giou_aux_0: 1.3210 (1.4386)  loss_giou_aux_1: 1.2954 (1.4140)  loss_giou_aux_2: 1.4256 (1.5250)  loss_giou_dn_0: 1.1026 (1.1267)  loss_giou_dn_1: 1.0222 (1.0528)  loss_giou_dn_2: 1.0011 (1.0316)  loss_vfl: 0.5146 (0.5437)  loss_vfl_aux_0: 0.4822 (0.5085)  loss_vfl_aux_1: 0.5024 (0.5317)  loss_vfl_aux_2: 0.4109 (0.4425)  loss_vfl_dn_0: 0.4331 (0.4318)  loss_vfl_dn_1: 0.4531 (0.4498)  loss_vfl_dn_2: 0.4645 (0.4578)  time: 0.9434  data: 0.0370  max mem: 6177
Epoch: [1]  [300/809]  eta: 0:07:57  lr: 0.000100  loss: 12.8278 (13.4690)  loss_bbox: 0.1805 (0.2186)  loss_bbox_aux_0: 0.1868 (0.2230)  loss_bbox_aux_1: 0.1786 (0.2196)  loss_bbox_aux_2: 0.2074 (0.2384)  loss_bbox_dn_0: 0.0996 (0.0998)  loss_bbox_dn_1: 0.0899 (0.0913)  loss_bbox_dn_2: 0.0862 (0.0892)  loss_giou: 1.2965 (1.3901)  loss_giou_aux_0: 1.3357 (1.4250)  loss_giou_aux_1: 1.3088 (1.4006)  loss_giou_aux_2: 1.4298 (1.5137)  loss_giou_dn_0: 1.0894 (1.1199)  loss_giou_dn_1: 1.0003 (1.0443)  loss_giou_dn_2: 0.9788 (1.0228)  loss_vfl: 0.5430 (0.5445)  loss_vfl_aux_0: 0.5015 (0.5095)  loss_vfl_aux_1: 0.5203 (0.5327)  loss_vfl_aux_2: 0.4496 (0.4442)  loss_vfl_dn_0: 0.4270 (0.4328)  loss_vfl_dn_1: 0.4462 (0.4508)  loss_vfl_dn_2: 0.4534 (0.4585)  time: 0.8778  data: 0.0344  max mem: 6177
Epoch: [1]  [400/809]  eta: 0:06:22  lr: 0.000100  loss: 12.9964 (13.4315)  loss_bbox: 0.1845 (0.2177)  loss_bbox_aux_0: 0.1882 (0.2220)  loss_bbox_aux_1: 0.1818 (0.2186)  loss_bbox_aux_2: 0.1890 (0.2372)  loss_bbox_dn_0: 0.1007 (0.1007)  loss_bbox_dn_1: 0.0907 (0.0921)  loss_bbox_dn_2: 0.0869 (0.0899)  loss_giou: 1.3160 (1.3833)  loss_giou_aux_0: 1.3693 (1.4183)  loss_giou_aux_1: 1.3356 (1.3938)  loss_giou_aux_2: 1.4498 (1.5051)  loss_giou_dn_0: 1.0899 (1.1182)  loss_giou_dn_1: 1.0111 (1.0429)  loss_giou_dn_2: 0.9896 (1.0213)  loss_vfl: 0.5563 (0.5440)  loss_vfl_aux_0: 0.5305 (0.5085)  loss_vfl_aux_1: 0.5414 (0.5313)  loss_vfl_aux_2: 0.4725 (0.4456)  loss_vfl_dn_0: 0.4323 (0.4326)  loss_vfl_dn_1: 0.4625 (0.4505)  loss_vfl_dn_2: 0.4702 (0.4578)  time: 0.9108  data: 0.0359  max mem: 6177
Epoch: [1]  [500/809]  eta: 0:04:49  lr: 0.000100  loss: 12.9010 (13.4911)  loss_bbox: 0.1692 (0.2267)  loss_bbox_aux_0: 0.1709 (0.2312)  loss_bbox_aux_1: 0.1687 (0.2277)  loss_bbox_aux_2: 0.1842 (0.2465)  loss_bbox_dn_0: 0.0940 (0.1002)  loss_bbox_dn_1: 0.0849 (0.0914)  loss_bbox_dn_2: 0.0809 (0.0892)  loss_giou: 1.3393 (1.3959)  loss_giou_aux_0: 1.3777 (1.4305)  loss_giou_aux_1: 1.3459 (1.4061)  loss_giou_aux_2: 1.4264 (1.5157)  loss_giou_dn_0: 1.1029 (1.1175)  loss_giou_dn_1: 1.0362 (1.0420)  loss_giou_dn_2: 1.0167 (1.0208)  loss_vfl: 0.5212 (0.5381)  loss_vfl_aux_0: 0.4860 (0.5034)  loss_vfl_aux_1: 0.4993 (0.5261)  loss_vfl_aux_2: 0.4279 (0.4421)  loss_vfl_dn_0: 0.4287 (0.4322)  loss_vfl_dn_1: 0.4462 (0.4502)  loss_vfl_dn_2: 0.4567 (0.4573)  time: 0.9295  data: 0.0420  max mem: 6177
Epoch: [1]  [600/809]  eta: 0:03:14  lr: 0.000100  loss: 12.9454 (13.4245)  loss_bbox: 0.1593 (0.2232)  loss_bbox_aux_0: 0.1649 (0.2277)  loss_bbox_aux_1: 0.1617 (0.2243)  loss_bbox_aux_2: 0.1775 (0.2427)  loss_bbox_dn_0: 0.0894 (0.0999)  loss_bbox_dn_1: 0.0765 (0.0910)  loss_bbox_dn_2: 0.0731 (0.0888)  loss_giou: 1.2778 (1.3833)  loss_giou_aux_0: 1.3182 (1.4179)  loss_giou_aux_1: 1.2806 (1.3934)  loss_giou_aux_2: 1.3970 (1.5028)  loss_giou_dn_0: 1.0730 (1.1116)  loss_giou_dn_1: 0.9946 (1.0350)  loss_giou_dn_2: 0.9690 (1.0135)  loss_vfl: 0.5551 (0.5413)  loss_vfl_aux_0: 0.5438 (0.5076)  loss_vfl_aux_1: 0.5482 (0.5295)  loss_vfl_aux_2: 0.4984 (0.4480)  loss_vfl_dn_0: 0.4392 (0.4336)  loss_vfl_dn_1: 0.4573 (0.4513)  loss_vfl_dn_2: 0.4652 (0.4580)  time: 0.8951  data: 0.0377  max mem: 6177
Epoch: [1]  [700/809]  eta: 0:01:41  lr: 0.000100  loss: 12.7140 (13.3506)  loss_bbox: 0.1478 (0.2174)  loss_bbox_aux_0: 0.1577 (0.2220)  loss_bbox_aux_1: 0.1493 (0.2185)  loss_bbox_aux_2: 0.1859 (0.2370)  loss_bbox_dn_0: 0.0762 (0.0989)  loss_bbox_dn_1: 0.0687 (0.0898)  loss_bbox_dn_2: 0.0671 (0.0877)  loss_giou: 1.2967 (1.3757)  loss_giou_aux_0: 1.3378 (1.4102)  loss_giou_aux_1: 1.3087 (1.3857)  loss_giou_aux_2: 1.4316 (1.4959)  loss_giou_dn_0: 1.0688 (1.1074)  loss_giou_dn_1: 0.9849 (1.0305)  loss_giou_dn_2: 0.9641 (1.0092)  loss_vfl: 0.4860 (0.5385)  loss_vfl_aux_0: 0.4762 (0.5064)  loss_vfl_aux_1: 0.4885 (0.5274)  loss_vfl_aux_2: 0.4052 (0.4475)  loss_vfl_dn_0: 0.4413 (0.4346)  loss_vfl_dn_1: 0.4576 (0.4519)  loss_vfl_dn_2: 0.4557 (0.4582)  time: 0.9250  data: 0.0335  max mem: 6177
Epoch: [1]  [800/809]  eta: 0:00:08  lr: 0.000100  loss: 12.7473 (13.2998)  loss_bbox: 0.1710 (0.2146)  loss_bbox_aux_0: 0.1719 (0.2191)  loss_bbox_aux_1: 0.1695 (0.2156)  loss_bbox_aux_2: 0.1872 (0.2343)  loss_bbox_dn_0: 0.1007 (0.0989)  loss_bbox_dn_1: 0.0915 (0.0896)  loss_bbox_dn_2: 0.0879 (0.0874)  loss_giou: 1.2582 (1.3671)  loss_giou_aux_0: 1.2976 (1.4017)  loss_giou_aux_1: 1.2664 (1.3771)  loss_giou_aux_2: 1.4118 (1.4876)  loss_giou_dn_0: 1.0648 (1.1028)  loss_giou_dn_1: 0.9788 (1.0251)  loss_giou_dn_2: 0.9571 (1.0039)  loss_vfl: 0.5212 (0.5398)  loss_vfl_aux_0: 0.4983 (0.5085)  loss_vfl_aux_1: 0.5115 (0.5289)  loss_vfl_aux_2: 0.4591 (0.4510)  loss_vfl_dn_0: 0.4435 (0.4356)  loss_vfl_dn_1: 0.4597 (0.4527)  loss_vfl_dn_2: 0.4591 (0.4585)  time: 0.8697  data: 0.0349  max mem: 6177
Epoch: [1]  [808/809]  eta: 0:00:00  lr: 0.000100  loss: 12.8399 (13.2949)  loss_bbox: 0.1756 (0.2143)  loss_bbox_aux_0: 0.1814 (0.2188)  loss_bbox_aux_1: 0.1744 (0.2153)  loss_bbox_aux_2: 0.1973 (0.2340)  loss_bbox_dn_0: 0.1007 (0.0989)  loss_bbox_dn_1: 0.0921 (0.0896)  loss_bbox_dn_2: 0.0879 (0.0874)  loss_giou: 1.3116 (1.3661)  loss_giou_aux_0: 1.3326 (1.4007)  loss_giou_aux_1: 1.3134 (1.3761)  loss_giou_aux_2: 1.4201 (1.4866)  loss_giou_dn_0: 1.0759 (1.1024)  loss_giou_dn_1: 1.0115 (1.0246)  loss_giou_dn_2: 0.9960 (1.0033)  loss_vfl: 0.5212 (0.5402)  loss_vfl_aux_0: 0.4666 (0.5088)  loss_vfl_aux_1: 0.5072 (0.5293)  loss_vfl_aux_2: 0.4274 (0.4514)  loss_vfl_dn_0: 0.4421 (0.4357)  loss_vfl_dn_1: 0.4542 (0.4528)  loss_vfl_dn_2: 0.4590 (0.4586)  time: 0.7107  data: 0.0287  max mem: 6177
Epoch: [1] Total time: 0:12:26 (0.9229 s / it)
Averaged stats: lr: 0.000100  loss: 12.8399 (13.2949)  loss_bbox: 0.1756 (0.2143)  loss_bbox_aux_0: 0.1814 (0.2188)  loss_bbox_aux_1: 0.1744 (0.2153)  loss_bbox_aux_2: 0.1973 (0.2340)  loss_bbox_dn_0: 0.1007 (0.0989)  loss_bbox_dn_1: 0.0921 (0.0896)  loss_bbox_dn_2: 0.0879 (0.0874)  loss_giou: 1.3116 (1.3661)  loss_giou_aux_0: 1.3326 (1.4007)  loss_giou_aux_1: 1.3134 (1.3761)  loss_giou_aux_2: 1.4201 (1.4866)  loss_giou_dn_0: 1.0759 (1.1024)  loss_giou_dn_1: 1.0115 (1.0246)  loss_giou_dn_2: 0.9960 (1.0033)  loss_vfl: 0.5212 (0.5402)  loss_vfl_aux_0: 0.4666 (0.5088)  loss_vfl_aux_1: 0.5072 (0.5293)  loss_vfl_aux_2: 0.4274 (0.4514)  loss_vfl_dn_0: 0.4421 (0.4357)  loss_vfl_dn_1: 0.4542 (0.4528)  loss_vfl_dn_2: 0.4590 (0.4586)
Test:  [ 0/69]  eta: 0:01:26    time: 1.2485  data: 0.5862  max mem: 6177
Test:  [10/69]  eta: 0:00:41    time: 0.6973  data: 0.0705  max mem: 6177
Test:  [20/69]  eta: 0:00:33    time: 0.6644  data: 0.0191  max mem: 6177
Test:  [30/69]  eta: 0:00:25    time: 0.6415  data: 0.0196  max mem: 6177
Test:  [40/69]  eta: 0:00:19    time: 0.6170  data: 0.0196  max mem: 6177
Test:  [50/69]  eta: 0:00:11    time: 0.5724  data: 0.0201  max mem: 6177
Test:  [60/69]  eta: 0:00:05    time: 0.5097  data: 0.0204  max mem: 6177
Test:  [68/69]  eta: 0:00:00    time: 0.5303  data: 0.0195  max mem: 6177
Test: Total time: 0:00:41 (0.6040 s / it)
Averaged stats: 
Accumulating evaluation results...
DONE (t=1.87s).
IoU metric: bbox
 Average Precision  (AP) @[ IoU=0.50:0.95 | area=   all | maxDets=100 ] = 0.058
 Average Precision  (AP) @[ IoU=0.50      | area=   all | maxDets=100 ] = 0.103
 Average Precision  (AP) @[ IoU=0.75      | area=   all | maxDets=100 ] = 0.059
 Average Precision  (AP) @[ IoU=0.50:0.95 | area= small | maxDets=100 ] = 0.034
 Average Precision  (AP) @[ IoU=0.50:0.95 | area=medium | maxDets=100 ] = 0.086
 Average Precision  (AP) @[ IoU=0.50:0.95 | area= large | maxDets=100 ] = 0.110
 Average Recall     (AR) @[ IoU=0.50:0.95 | area=   all | maxDets=  1 ] = 0.043
 Average Recall     (AR) @[ IoU=0.50:0.95 | area=   all | maxDets= 10 ] = 0.119
 Average Recall     (AR) @[ IoU=0.50:0.95 | area=   all | maxDets=100 ] = 0.189
 Average Recall     (AR) @[ IoU=0.50:0.95 | area= small | maxDets=100 ] = 0.124
 Average Recall     (AR) @[ IoU=0.50:0.95 | area=medium | maxDets=100 ] = 0.263
 Average Recall     (AR) @[ IoU=0.50:0.95 | area= large | maxDets=100 ] = 0.327
best_stat:  {'epoch': 1, 'coco_eval_bbox': 0.057751412047693795}
Epoch: [2]  [  0/809]  eta: 0:53:37  lr: 0.000100  loss: 11.1680 (11.1680)  loss_bbox: 0.1472 (0.1472)  loss_bbox_aux_0: 0.1422 (0.1422)  loss_bbox_aux_1: 0.1494 (0.1494)  loss_bbox_aux_2: 0.1676 (0.1676)  loss_bbox_dn_0: 0.1217 (0.1217)  loss_bbox_dn_1: 0.1047 (0.1047)  loss_bbox_dn_2: 0.1002 (0.1002)  loss_giou: 0.7834 (0.7834)  loss_giou_aux_0: 0.7996 (0.7996)  loss_giou_aux_1: 0.7945 (0.7945)  loss_giou_aux_2: 0.8964 (0.8964)  loss_giou_dn_0: 0.8365 (0.8365)  loss_giou_dn_1: 0.6918 (0.6918)  loss_giou_dn_2: 0.6568 (0.6568)  loss_vfl: 0.8328 (0.8328)  loss_vfl_aux_0: 0.8115 (0.8115)  loss_vfl_aux_1: 0.8518 (0.8518)  loss_vfl_aux_2: 0.7507 (0.7507)  loss_vfl_dn_0: 0.4935 (0.4935)  loss_vfl_dn_1: 0.5140 (0.5140)  loss_vfl_dn_2: 0.5216 (0.5216)  time: 3.9767  data: 2.6189  max mem: 6177
Epoch: [2]  [100/809]  eta: 0:11:18  lr: 0.000100  loss: 12.9215 (12.8010)  loss_bbox: 0.1657 (0.1841)  loss_bbox_aux_0: 0.1710 (0.1886)  loss_bbox_aux_1: 0.1676 (0.1854)  loss_bbox_aux_2: 0.1828 (0.2037)  loss_bbox_dn_0: 0.0914 (0.0919)  loss_bbox_dn_1: 0.0814 (0.0817)  loss_bbox_dn_2: 0.0794 (0.0795)  loss_giou: 1.3192 (1.3083)  loss_giou_aux_0: 1.3644 (1.3430)  loss_giou_aux_1: 1.3308 (1.3194)  loss_giou_aux_2: 1.4194 (1.4297)  loss_giou_dn_0: 1.0487 (1.0629)  loss_giou_dn_1: 0.9572 (0.9779)  loss_giou_dn_2: 0.9325 (0.9573)  loss_vfl: 0.5134 (0.5344)  loss_vfl_aux_0: 0.4816 (0.5093)  loss_vfl_aux_1: 0.5100 (0.5247)  loss_vfl_aux_2: 0.4615 (0.4616)  loss_vfl_dn_0: 0.4445 (0.4426)  loss_vfl_dn_1: 0.4590 (0.4564)  loss_vfl_dn_2: 0.4556 (0.4586)  time: 0.9450  data: 0.0450  max mem: 6177
Epoch: [2]  [200/809]  eta: 0:09:30  lr: 0.000100  loss: 12.3567 (12.8339)  loss_bbox: 0.1742 (0.1879)  loss_bbox_aux_0: 0.1831 (0.1920)  loss_bbox_aux_1: 0.1758 (0.1889)  loss_bbox_aux_2: 0.1941 (0.2065)  loss_bbox_dn_0: 0.0771 (0.0919)  loss_bbox_dn_1: 0.0693 (0.0816)  loss_bbox_dn_2: 0.0688 (0.0794)  loss_giou: 1.2704 (1.3118)  loss_giou_aux_0: 1.3158 (1.3461)  loss_giou_aux_1: 1.2778 (1.3221)  loss_giou_aux_2: 1.3801 (1.4316)  loss_giou_dn_0: 1.0607 (1.0627)  loss_giou_dn_1: 0.9696 (0.9773)  loss_giou_dn_2: 0.9473 (0.9566)  loss_vfl: 0.4797 (0.5341)  loss_vfl_aux_0: 0.4835 (0.5107)  loss_vfl_aux_1: 0.4976 (0.5259)  loss_vfl_aux_2: 0.4431 (0.4648)  loss_vfl_dn_0: 0.4430 (0.4433)  loss_vfl_dn_1: 0.4562 (0.4582)  loss_vfl_dn_2: 0.4623 (0.4607)  time: 0.9540  data: 0.0360  max mem: 6177
Epoch: [2]  [300/809]  eta: 0:07:53  lr: 0.000100  loss: 12.9258 (12.8011)  loss_bbox: 0.1926 (0.1861)  loss_bbox_aux_0: 0.1976 (0.1900)  loss_bbox_aux_1: 0.1907 (0.1870)  loss_bbox_aux_2: 0.2007 (0.2047)  loss_bbox_dn_0: 0.0943 (0.0923)  loss_bbox_dn_1: 0.0848 (0.0818)  loss_bbox_dn_2: 0.0809 (0.0795)  loss_giou: 1.2292 (1.3038)  loss_giou_aux_0: 1.2635 (1.3380)  loss_giou_aux_1: 1.2381 (1.3142)  loss_giou_aux_2: 1.3803 (1.4238)  loss_giou_dn_0: 1.0414 (1.0594)  loss_giou_dn_1: 0.9613 (0.9735)  loss_giou_dn_2: 0.9378 (0.9528)  loss_vfl: 0.5461 (0.5355)  loss_vfl_aux_0: 0.5254 (0.5134)  loss_vfl_aux_1: 0.5370 (0.5281)  loss_vfl_aux_2: 0.4589 (0.4683)  loss_vfl_dn_0: 0.4594 (0.4453)  loss_vfl_dn_1: 0.4784 (0.4606)  loss_vfl_dn_2: 0.4796 (0.4629)  time: 0.8988  data: 0.0417  max mem: 6177
Epoch: [2]  [400/809]  eta: 0:06:18  lr: 0.000100  loss: 12.2744 (12.7486)  loss_bbox: 0.1598 (0.1829)  loss_bbox_aux_0: 0.1677 (0.1872)  loss_bbox_aux_1: 0.1644 (0.1840)  loss_bbox_aux_2: 0.1858 (0.2021)  loss_bbox_dn_0: 0.0797 (0.0919)  loss_bbox_dn_1: 0.0705 (0.0814)  loss_bbox_dn_2: 0.0690 (0.0791)  loss_giou: 1.2920 (1.2972)  loss_giou_aux_0: 1.3183 (1.3316)  loss_giou_aux_1: 1.3051 (1.3076)  loss_giou_aux_2: 1.4316 (1.4192)  loss_giou_dn_0: 1.0262 (1.0557)  loss_giou_dn_1: 0.9369 (0.9703)  loss_giou_dn_2: 0.9126 (0.9499)  loss_vfl: 0.4893 (0.5332)  loss_vfl_aux_0: 0.4835 (0.5122)  loss_vfl_aux_1: 0.4971 (0.5267)  loss_vfl_aux_2: 0.4574 (0.4665)  loss_vfl_dn_0: 0.4536 (0.4462)  loss_vfl_dn_1: 0.4608 (0.4608)  loss_vfl_dn_2: 0.4630 (0.4629)  time: 0.8994  data: 0.0351  max mem: 6177
Epoch: [2]  [500/809]  eta: 0:04:45  lr: 0.000100  loss: 12.2141 (12.6862)  loss_bbox: 0.1385 (0.1799)  loss_bbox_aux_0: 0.1439 (0.1843)  loss_bbox_aux_1: 0.1413 (0.1810)  loss_bbox_aux_2: 0.1565 (0.1994)  loss_bbox_dn_0: 0.0829 (0.0903)  loss_bbox_dn_1: 0.0729 (0.0797)  loss_bbox_dn_2: 0.0703 (0.0775)  loss_giou: 1.2735 (1.2897)  loss_giou_aux_0: 1.2921 (1.3238)  loss_giou_aux_1: 1.2727 (1.3001)  loss_giou_aux_2: 1.3828 (1.4118)  loss_giou_dn_0: 1.0437 (1.0501)  loss_giou_dn_1: 0.9616 (0.9647)  loss_giou_dn_2: 0.9312 (0.9445)  loss_vfl: 0.5115 (0.5326)  loss_vfl_aux_0: 0.4834 (0.5119)  loss_vfl_aux_1: 0.5028 (0.5262)  loss_vfl_aux_2: 0.4480 (0.4660)  loss_vfl_dn_0: 0.4529 (0.4479)  loss_vfl_dn_1: 0.4611 (0.4616)  loss_vfl_dn_2: 0.4656 (0.4634)  time: 0.9278  data: 0.0351  max mem: 6177
Epoch: [2]  [600/809]  eta: 0:03:12  lr: 0.000100  loss: 12.7440 (12.6701)  loss_bbox: 0.1736 (0.1794)  loss_bbox_aux_0: 0.1709 (0.1838)  loss_bbox_aux_1: 0.1711 (0.1804)  loss_bbox_aux_2: 0.1902 (0.1993)  loss_bbox_dn_0: 0.0815 (0.0904)  loss_bbox_dn_1: 0.0705 (0.0795)  loss_bbox_dn_2: 0.0678 (0.0772)  loss_giou: 1.2972 (1.2867)  loss_giou_aux_0: 1.3182 (1.3206)  loss_giou_aux_1: 1.2981 (1.2969)  loss_giou_aux_2: 1.4108 (1.4095)  loss_giou_dn_0: 1.0304 (1.0465)  loss_giou_dn_1: 0.9564 (0.9597)  loss_giou_dn_2: 0.9289 (0.9394)  loss_vfl: 0.5049 (0.5344)  loss_vfl_aux_0: 0.4806 (0.5141)  loss_vfl_aux_1: 0.5010 (0.5284)  loss_vfl_aux_2: 0.4515 (0.4677)  loss_vfl_dn_0: 0.4512 (0.4489)  loss_vfl_dn_1: 0.4583 (0.4628)  loss_vfl_dn_2: 0.4598 (0.4645)  time: 0.8668  data: 0.0365  max mem: 6177
Epoch: [2]  [700/809]  eta: 0:01:40  lr: 0.000100  loss: 12.0132 (12.6338)  loss_bbox: 0.1497 (0.1773)  loss_bbox_aux_0: 0.1489 (0.1816)  loss_bbox_aux_1: 0.1478 (0.1783)  loss_bbox_aux_2: 0.1664 (0.1973)  loss_bbox_dn_0: 0.0866 (0.0897)  loss_bbox_dn_1: 0.0712 (0.0788)  loss_bbox_dn_2: 0.0694 (0.0765)  loss_giou: 1.1329 (1.2820)  loss_giou_aux_0: 1.1633 (1.3160)  loss_giou_aux_1: 1.1481 (1.2922)  loss_giou_aux_2: 1.3155 (1.4059)  loss_giou_dn_0: 0.9869 (1.0428)  loss_giou_dn_1: 0.8816 (0.9556)  loss_giou_dn_2: 0.8650 (0.9354)  loss_vfl: 0.5874 (0.5344)  loss_vfl_aux_0: 0.5566 (0.5148)  loss_vfl_aux_1: 0.5850 (0.5286)  loss_vfl_aux_2: 0.5373 (0.4687)  loss_vfl_dn_0: 0.4585 (0.4497)  loss_vfl_dn_1: 0.4711 (0.4634)  loss_vfl_dn_2: 0.4720 (0.4649)  time: 0.8645  data: 0.0380  max mem: 6177
Epoch: [2]  [800/809]  eta: 0:00:08  lr: 0.000100  loss: 12.2232 (12.5939)  loss_bbox: 0.1515 (0.1756)  loss_bbox_aux_0: 0.1572 (0.1800)  loss_bbox_aux_1: 0.1551 (0.1766)  loss_bbox_aux_2: 0.1786 (0.1957)  loss_bbox_dn_0: 0.0772 (0.0891)  loss_bbox_dn_1: 0.0705 (0.0782)  loss_bbox_dn_2: 0.0694 (0.0759)  loss_giou: 1.3416 (1.2766)  loss_giou_aux_0: 1.3690 (1.3104)  loss_giou_aux_1: 1.3513 (1.2867)  loss_giou_aux_2: 1.4466 (1.4012)  loss_giou_dn_0: 1.0387 (1.0375)  loss_giou_dn_1: 0.9506 (0.9501)  loss_giou_dn_2: 0.9298 (0.9301)  loss_vfl: 0.4788 (0.5353)  loss_vfl_aux_0: 0.4567 (0.5159)  loss_vfl_aux_1: 0.4492 (0.5293)  loss_vfl_aux_2: 0.4708 (0.4702)  loss_vfl_dn_0: 0.4506 (0.4506)  loss_vfl_dn_1: 0.4574 (0.4638)  loss_vfl_dn_2: 0.4594 (0.4652)  time: 0.9355  data: 0.0435  max mem: 6177
Epoch: [2]  [808/809]  eta: 0:00:00  lr: 0.000100  loss: 12.4378 (12.5936)  loss_bbox: 0.1595 (0.1756)  loss_bbox_aux_0: 0.1655 (0.1800)  loss_bbox_aux_1: 0.1612 (0.1766)  loss_bbox_aux_2: 0.1851 (0.1958)  loss_bbox_dn_0: 0.0753 (0.0891)  loss_bbox_dn_1: 0.0686 (0.0782)  loss_bbox_dn_2: 0.0676 (0.0759)  loss_giou: 1.3472 (1.2768)  loss_giou_aux_0: 1.3690 (1.3105)  loss_giou_aux_1: 1.3513 (1.2870)  loss_giou_aux_2: 1.4770 (1.4015)  loss_giou_dn_0: 1.0448 (1.0377)  loss_giou_dn_1: 0.9645 (0.9503)  loss_giou_dn_2: 0.9511 (0.9303)  loss_vfl: 0.4694 (0.5347)  loss_vfl_aux_0: 0.4553 (0.5156)  loss_vfl_aux_1: 0.4468 (0.5289)  loss_vfl_aux_2: 0.4075 (0.4698)  loss_vfl_dn_0: 0.4496 (0.4505)  loss_vfl_dn_1: 0.4554 (0.4637)  loss_vfl_dn_2: 0.4579 (0.4651)  time: 0.8107  data: 0.0343  max mem: 6177
Epoch: [2] Total time: 0:12:20 (0.9157 s / it)
Averaged stats: lr: 0.000100  loss: 12.4378 (12.5936)  loss_bbox: 0.1595 (0.1756)  loss_bbox_aux_0: 0.1655 (0.1800)  loss_bbox_aux_1: 0.1612 (0.1766)  loss_bbox_aux_2: 0.1851 (0.1958)  loss_bbox_dn_0: 0.0753 (0.0891)  loss_bbox_dn_1: 0.0686 (0.0782)  loss_bbox_dn_2: 0.0676 (0.0759)  loss_giou: 1.3472 (1.2768)  loss_giou_aux_0: 1.3690 (1.3105)  loss_giou_aux_1: 1.3513 (1.2870)  loss_giou_aux_2: 1.4770 (1.4015)  loss_giou_dn_0: 1.0448 (1.0377)  loss_giou_dn_1: 0.9645 (0.9503)  loss_giou_dn_2: 0.9511 (0.9303)  loss_vfl: 0.4694 (0.5347)  loss_vfl_aux_0: 0.4553 (0.5156)  loss_vfl_aux_1: 0.4468 (0.5289)  loss_vfl_aux_2: 0.4075 (0.4698)  loss_vfl_dn_0: 0.4496 (0.4505)  loss_vfl_dn_1: 0.4554 (0.4637)  loss_vfl_dn_2: 0.4579 (0.4651)
Test:  [ 0/69]  eta: 0:01:45    time: 1.5252  data: 0.9651  max mem: 6177
Test:  [10/69]  eta: 0:00:41    time: 0.7086  data: 0.1051  max mem: 6177
Test:  [20/69]  eta: 0:00:33    time: 0.6426  data: 0.0203  max mem: 6177
Test:  [30/69]  eta: 0:00:25    time: 0.6380  data: 0.0201  max mem: 6177
Test:  [40/69]  eta: 0:00:18    time: 0.5918  data: 0.0197  max mem: 6177
Test:  [50/69]  eta: 0:00:11    time: 0.5808  data: 0.0214  max mem: 6177
Test:  [60/69]  eta: 0:00:05    time: 0.5674  data: 0.0205  max mem: 6177
Test:  [68/69]  eta: 0:00:00    time: 0.5399  data: 0.0196  max mem: 6177
Test: Total time: 0:00:42 (0.6104 s / it)
Averaged stats: 
Accumulating evaluation results...
DONE (t=1.84s).
IoU metric: bbox
 Average Precision  (AP) @[ IoU=0.50:0.95 | area=   all | maxDets=100 ] = 0.065
 Average Precision  (AP) @[ IoU=0.50      | area=   all | maxDets=100 ] = 0.117
 Average Precision  (AP) @[ IoU=0.75      | area=   all | maxDets=100 ] = 0.065
 Average Precision  (AP) @[ IoU=0.50:0.95 | area= small | maxDets=100 ] = 0.043
 Average Precision  (AP) @[ IoU=0.50:0.95 | area=medium | maxDets=100 ] = 0.091
 Average Precision  (AP) @[ IoU=0.50:0.95 | area= large | maxDets=100 ] = 0.124
 Average Recall     (AR) @[ IoU=0.50:0.95 | area=   all | maxDets=  1 ] = 0.032
 Average Recall     (AR) @[ IoU=0.50:0.95 | area=   all | maxDets= 10 ] = 0.118
 Average Recall     (AR) @[ IoU=0.50:0.95 | area=   all | maxDets=100 ] = 0.187
 Average Recall     (AR) @[ IoU=0.50:0.95 | area= small | maxDets=100 ] = 0.130
 Average Recall     (AR) @[ IoU=0.50:0.95 | area=medium | maxDets=100 ] = 0.265
 Average Recall     (AR) @[ IoU=0.50:0.95 | area= large | maxDets=100 ] = 0.385
best_stat:  {'epoch': 2, 'coco_eval_bbox': 0.06451707256057483}
Epoch: [3]  [  0/809]  eta: 1:11:59  lr: 0.000100  loss: 13.4769 (13.4769)  loss_bbox: 0.3212 (0.3212)  loss_bbox_aux_0: 0.3275 (0.3275)  loss_bbox_aux_1: 0.3211 (0.3211)  loss_bbox_aux_2: 0.3554 (0.3554)  loss_bbox_dn_0: 0.1115 (0.1115)  loss_bbox_dn_1: 0.0949 (0.0949)  loss_bbox_dn_2: 0.0902 (0.0902)  loss_giou: 1.3171 (1.3171)  loss_giou_aux_0: 1.3505 (1.3505)  loss_giou_aux_1: 1.3305 (1.3305)  loss_giou_aux_2: 1.4086 (1.4086)  loss_giou_dn_0: 0.9398 (0.9398)  loss_giou_dn_1: 0.8152 (0.8152)  loss_giou_dn_2: 0.7776 (0.7776)  loss_vfl: 0.6064 (0.6064)  loss_vfl_aux_0: 0.6150 (0.6150)  loss_vfl_aux_1: 0.6027 (0.6027)  loss_vfl_aux_2: 0.5764 (0.5764)  loss_vfl_dn_0: 0.4935 (0.4935)  loss_vfl_dn_1: 0.5072 (0.5072)  loss_vfl_dn_2: 0.5148 (0.5148)  time: 5.3399  data: 3.9424  max mem: 6177
Epoch: [3]  [100/809]  eta: 0:11:37  lr: 0.000100  loss: 12.1309 (12.4398)  loss_bbox: 0.1547 (0.1730)  loss_bbox_aux_0: 0.1616 (0.1792)  loss_bbox_aux_1: 0.1564 (0.1749)  loss_bbox_aux_2: 0.1675 (0.1950)  loss_bbox_dn_0: 0.0978 (0.0941)  loss_bbox_dn_1: 0.0807 (0.0810)  loss_bbox_dn_2: 0.0749 (0.0785)  loss_giou: 1.1761 (1.2387)  loss_giou_aux_0: 1.2099 (1.2750)  loss_giou_aux_1: 1.1832 (1.2490)  loss_giou_aux_2: 1.2930 (1.3715)  loss_giou_dn_0: 1.0221 (1.0174)  loss_giou_dn_1: 0.8808 (0.9232)  loss_giou_dn_2: 0.8515 (0.9029)  loss_vfl: 0.5732 (0.5468)  loss_vfl_aux_0: 0.5701 (0.5266)  loss_vfl_aux_1: 0.5671 (0.5389)  loss_vfl_aux_2: 0.5353 (0.4837)  loss_vfl_dn_0: 0.4612 (0.4542)  loss_vfl_dn_1: 0.4691 (0.4675)  loss_vfl_dn_2: 0.4678 (0.4684)  time: 0.9235  data: 0.0402  max mem: 6177
Epoch: [3]  [200/809]  eta: 0:09:37  lr: 0.000100  loss: 12.2524 (12.3814)  loss_bbox: 0.1600 (0.1669)  loss_bbox_aux_0: 0.1609 (0.1728)  loss_bbox_aux_1: 0.1589 (0.1684)  loss_bbox_aux_2: 0.1784 (0.1897)  loss_bbox_dn_0: 0.0812 (0.0891)  loss_bbox_dn_1: 0.0739 (0.0767)  loss_bbox_dn_2: 0.0734 (0.0743)  loss_giou: 1.2761 (1.2479)  loss_giou_aux_0: 1.2905 (1.2822)  loss_giou_aux_1: 1.2878 (1.2581)  loss_giou_aux_2: 1.3500 (1.3792)  loss_giou_dn_0: 1.0059 (1.0160)  loss_giou_dn_1: 0.9087 (0.9234)  loss_giou_dn_2: 0.8933 (0.9043)  loss_vfl: 0.5060 (0.5324)  loss_vfl_aux_0: 0.5106 (0.5152)  loss_vfl_aux_1: 0.5031 (0.5261)  loss_vfl_aux_2: 0.4691 (0.4720)  loss_vfl_dn_0: 0.4557 (0.4543)  loss_vfl_dn_1: 0.4672 (0.4664)  loss_vfl_dn_2: 0.4713 (0.4660)  time: 0.9205  data: 0.0520  max mem: 6177
Epoch: [3]  [300/809]  eta: 0:08:01  lr: 0.000100  loss: 12.4252 (12.4166)  loss_bbox: 0.1582 (0.1710)  loss_bbox_aux_0: 0.1641 (0.1767)  loss_bbox_aux_1: 0.1605 (0.1725)  loss_bbox_aux_2: 0.1819 (0.1932)  loss_bbox_dn_0: 0.0745 (0.0864)  loss_bbox_dn_1: 0.0612 (0.0745)  loss_bbox_dn_2: 0.0585 (0.0723)  loss_giou: 1.3262 (1.2575)  loss_giou_aux_0: 1.3521 (1.2920)  loss_giou_aux_1: 1.3325 (1.2679)  loss_giou_aux_2: 1.4302 (1.3897)  loss_giou_dn_0: 1.0216 (1.0145)  loss_giou_dn_1: 0.9650 (0.9230)  loss_giou_dn_2: 0.9451 (0.9047)  loss_vfl: 0.4767 (0.5302)  loss_vfl_aux_0: 0.4655 (0.5133)  loss_vfl_aux_1: 0.4773 (0.5244)  loss_vfl_aux_2: 0.4275 (0.4675)  loss_vfl_dn_0: 0.4454 (0.4543)  loss_vfl_dn_1: 0.4504 (0.4657)  loss_vfl_dn_2: 0.4486 (0.4655)  time: 0.9374  data: 0.0480  max mem: 6177
Epoch: [3]  [400/809]  eta: 0:06:25  lr: 0.000100  loss: 11.7509 (12.3642)  loss_bbox: 0.1318 (0.1679)  loss_bbox_aux_0: 0.1352 (0.1734)  loss_bbox_aux_1: 0.1311 (0.1691)  loss_bbox_aux_2: 0.1548 (0.1900)  loss_bbox_dn_0: 0.0739 (0.0857)  loss_bbox_dn_1: 0.0642 (0.0739)  loss_bbox_dn_2: 0.0626 (0.0717)  loss_giou: 1.1986 (1.2488)  loss_giou_aux_0: 1.2353 (1.2819)  loss_giou_aux_1: 1.2162 (1.2591)  loss_giou_aux_2: 1.3119 (1.3792)  loss_giou_dn_0: 0.9842 (1.0087)  loss_giou_dn_1: 0.9040 (0.9177)  loss_giou_dn_2: 0.8863 (0.8997)  loss_vfl: 0.5333 (0.5327)  loss_vfl_aux_0: 0.5034 (0.5176)  loss_vfl_aux_1: 0.5148 (0.5278)  loss_vfl_aux_2: 0.4468 (0.4708)  loss_vfl_dn_0: 0.4635 (0.4556)  loss_vfl_dn_1: 0.4781 (0.4668)  loss_vfl_dn_2: 0.4738 (0.4662)  time: 0.9324  data: 0.0392  max mem: 6177
Epoch: [3]  [500/809]  eta: 0:04:50  lr: 0.000100  loss: 11.9583 (12.3298)  loss_bbox: 0.1441 (0.1671)  loss_bbox_aux_0: 0.1502 (0.1725)  loss_bbox_aux_1: 0.1454 (0.1683)  loss_bbox_aux_2: 0.1677 (0.1892)  loss_bbox_dn_0: 0.0866 (0.0861)  loss_bbox_dn_1: 0.0730 (0.0741)  loss_bbox_dn_2: 0.0732 (0.0719)  loss_giou: 1.1805 (1.2419)  loss_giou_aux_0: 1.2143 (1.2756)  loss_giou_aux_1: 1.1822 (1.2523)  loss_giou_aux_2: 1.3065 (1.3739)  loss_giou_dn_0: 0.9833 (1.0042)  loss_giou_dn_1: 0.8826 (0.9119)  loss_giou_dn_2: 0.8550 (0.8938)  loss_vfl: 0.5103 (0.5344)  loss_vfl_aux_0: 0.5065 (0.5188)  loss_vfl_aux_1: 0.5117 (0.5293)  loss_vfl_aux_2: 0.4629 (0.4721)  loss_vfl_dn_0: 0.4545 (0.4570)  loss_vfl_dn_1: 0.4706 (0.4681)  loss_vfl_dn_2: 0.4692 (0.4673)  time: 0.9351  data: 0.0398  max mem: 6177
Epoch: [3]  [600/809]  eta: 0:03:15  lr: 0.000100  loss: 12.2151 (12.3217)  loss_bbox: 0.1432 (0.1663)  loss_bbox_aux_0: 0.1465 (0.1717)  loss_bbox_aux_1: 0.1428 (0.1675)  loss_bbox_aux_2: 0.1660 (0.1884)  loss_bbox_dn_0: 0.0754 (0.0852)  loss_bbox_dn_1: 0.0668 (0.0734)  loss_bbox_dn_2: 0.0655 (0.0712)  loss_giou: 1.2567 (1.2451)  loss_giou_aux_0: 1.2761 (1.2783)  loss_giou_aux_1: 1.2566 (1.2556)  loss_giou_aux_2: 1.3445 (1.3759)  loss_giou_dn_0: 0.9904 (1.0016)  loss_giou_dn_1: 0.9019 (0.9106)  loss_giou_dn_2: 0.8878 (0.8926)  loss_vfl: 0.4998 (0.5311)  loss_vfl_aux_0: 0.4845 (0.5164)  loss_vfl_aux_1: 0.4929 (0.5264)  loss_vfl_aux_2: 0.4604 (0.4708)  loss_vfl_dn_0: 0.4609 (0.4579)  loss_vfl_dn_1: 0.4706 (0.4683)  loss_vfl_dn_2: 0.4675 (0.4673)  time: 0.8993  data: 0.0323  max mem: 6177
Epoch: [3]  [700/809]  eta: 0:01:41  lr: 0.000100  loss: 11.5479 (12.3026)  loss_bbox: 0.1260 (0.1653)  loss_bbox_aux_0: 0.1357 (0.1707)  loss_bbox_aux_1: 0.1286 (0.1665)  loss_bbox_aux_2: 0.1630 (0.1876)  loss_bbox_dn_0: 0.0768 (0.0848)  loss_bbox_dn_1: 0.0654 (0.0730)  loss_bbox_dn_2: 0.0625 (0.0708)  loss_giou: 1.0896 (1.2437)  loss_giou_aux_0: 1.1185 (1.2764)  loss_giou_aux_1: 1.1043 (1.2542)  loss_giou_aux_2: 1.2511 (1.3742)  loss_giou_dn_0: 0.9457 (0.9987)  loss_giou_dn_1: 0.8530 (0.9078)  loss_giou_dn_2: 0.8314 (0.8900)  loss_vfl: 0.5350 (0.5304)  loss_vfl_aux_0: 0.5244 (0.5164)  loss_vfl_aux_1: 0.5303 (0.5259)  loss_vfl_aux_2: 0.4922 (0.4712)  loss_vfl_dn_0: 0.4702 (0.4588)  loss_vfl_dn_1: 0.4779 (0.4687)  loss_vfl_dn_2: 0.4697 (0.4676)  time: 0.9108  data: 0.0335  max mem: 6177
Epoch: [3]  [800/809]  eta: 0:00:08  lr: 0.000100  loss: 11.5511 (12.2801)  loss_bbox: 0.1292 (0.1647)  loss_bbox_aux_0: 0.1322 (0.1701)  loss_bbox_aux_1: 0.1284 (0.1658)  loss_bbox_aux_2: 0.1576 (0.1871)  loss_bbox_dn_0: 0.0737 (0.0847)  loss_bbox_dn_1: 0.0637 (0.0728)  loss_bbox_dn_2: 0.0620 (0.0706)  loss_giou: 1.1394 (1.2401)  loss_giou_aux_0: 1.1776 (1.2728)  loss_giou_aux_1: 1.1465 (1.2508)  loss_giou_aux_2: 1.3412 (1.3703)  loss_giou_dn_0: 0.9409 (0.9958)  loss_giou_dn_1: 0.8320 (0.9044)  loss_giou_dn_2: 0.8195 (0.8868)  loss_vfl: 0.5228 (0.5309)  loss_vfl_aux_0: 0.5181 (0.5173)  loss_vfl_aux_1: 0.5243 (0.5266)  loss_vfl_aux_2: 0.4698 (0.4728)  loss_vfl_dn_0: 0.4634 (0.4593)  loss_vfl_dn_1: 0.4764 (0.4690)  loss_vfl_dn_2: 0.4761 (0.4677)  time: 0.9444  data: 0.0368  max mem: 6177
Epoch: [3]  [808/809]  eta: 0:00:00  lr: 0.000100  loss: 11.6557 (12.2826)  loss_bbox: 0.1269 (0.1647)  loss_bbox_aux_0: 0.1322 (0.1701)  loss_bbox_aux_1: 0.1272 (0.1659)  loss_bbox_aux_2: 0.1574 (0.1871)  loss_bbox_dn_0: 0.0759 (0.0846)  loss_bbox_dn_1: 0.0648 (0.0728)  loss_bbox_dn_2: 0.0636 (0.0706)  loss_giou: 1.1777 (1.2410)  loss_giou_aux_0: 1.1983 (1.2737)  loss_giou_aux_1: 1.1882 (1.2516)  loss_giou_aux_2: 1.3467 (1.3709)  loss_giou_dn_0: 0.9751 (0.9960)  loss_giou_dn_1: 0.8827 (0.9046)  loss_giou_dn_2: 0.8612 (0.8871)  loss_vfl: 0.5013 (0.5305)  loss_vfl_aux_0: 0.4880 (0.5169)  loss_vfl_aux_1: 0.5018 (0.5261)  loss_vfl_aux_2: 0.4496 (0.4726)  loss_vfl_dn_0: 0.4627 (0.4592)  loss_vfl_dn_1: 0.4707 (0.4689)  loss_vfl_dn_2: 0.4685 (0.4676)  time: 0.8262  data: 0.0301  max mem: 6177
Epoch: [3] Total time: 0:12:36 (0.9357 s / it)
Averaged stats: lr: 0.000100  loss: 11.6557 (12.2826)  loss_bbox: 0.1269 (0.1647)  loss_bbox_aux_0: 0.1322 (0.1701)  loss_bbox_aux_1: 0.1272 (0.1659)  loss_bbox_aux_2: 0.1574 (0.1871)  loss_bbox_dn_0: 0.0759 (0.0846)  loss_bbox_dn_1: 0.0648 (0.0728)  loss_bbox_dn_2: 0.0636 (0.0706)  loss_giou: 1.1777 (1.2410)  loss_giou_aux_0: 1.1983 (1.2737)  loss_giou_aux_1: 1.1882 (1.2516)  loss_giou_aux_2: 1.3467 (1.3709)  loss_giou_dn_0: 0.9751 (0.9960)  loss_giou_dn_1: 0.8827 (0.9046)  loss_giou_dn_2: 0.8612 (0.8871)  loss_vfl: 0.5013 (0.5305)  loss_vfl_aux_0: 0.4880 (0.5169)  loss_vfl_aux_1: 0.5018 (0.5261)  loss_vfl_aux_2: 0.4496 (0.4726)  loss_vfl_dn_0: 0.4627 (0.4592)  loss_vfl_dn_1: 0.4707 (0.4689)  loss_vfl_dn_2: 0.4685 (0.4676)
Test:  [ 0/69]  eta: 0:01:31    time: 1.3273  data: 0.5840  max mem: 6177
Test:  [10/69]  eta: 0:00:41    time: 0.6989  data: 0.0712  max mem: 6177
Test:  [20/69]  eta: 0:00:33    time: 0.6423  data: 0.0201  max mem: 6177
Test:  [30/69]  eta: 0:00:25    time: 0.6202  data: 0.0211  max mem: 6177
Test:  [40/69]  eta: 0:00:18    time: 0.5847  data: 0.0216  max mem: 6177
Test:  [50/69]  eta: 0:00:11    time: 0.5551  data: 0.0211  max mem: 6177
Test:  [60/69]  eta: 0:00:05    time: 0.5651  data: 0.0199  max mem: 6177
Test:  [68/69]  eta: 0:00:00    time: 0.5908  data: 0.0183  max mem: 6177
Test: Total time: 0:00:42 (0.6097 s / it)
Averaged stats: 
Accumulating evaluation results...
DONE (t=1.87s).
IoU metric: bbox
 Average Precision  (AP) @[ IoU=0.50:0.95 | area=   all | maxDets=100 ] = 0.091
 Average Precision  (AP) @[ IoU=0.50      | area=   all | maxDets=100 ] = 0.163
 Average Precision  (AP) @[ IoU=0.75      | area=   all | maxDets=100 ] = 0.090
 Average Precision  (AP) @[ IoU=0.50:0.95 | area= small | maxDets=100 ] = 0.055
 Average Precision  (AP) @[ IoU=0.50:0.95 | area=medium | maxDets=100 ] = 0.133
 Average Precision  (AP) @[ IoU=0.50:0.95 | area= large | maxDets=100 ] = 0.179
 Average Recall     (AR) @[ IoU=0.50:0.95 | area=   all | maxDets=  1 ] = 0.056
 Average Recall     (AR) @[ IoU=0.50:0.95 | area=   all | maxDets= 10 ] = 0.160
 Average Recall     (AR) @[ IoU=0.50:0.95 | area=   all | maxDets=100 ] = 0.234
 Average Recall     (AR) @[ IoU=0.50:0.95 | area= small | maxDets=100 ] = 0.161
 Average Recall     (AR) @[ IoU=0.50:0.95 | area=medium | maxDets=100 ] = 0.320
 Average Recall     (AR) @[ IoU=0.50:0.95 | area= large | maxDets=100 ] = 0.447
best_stat:  {'epoch': 3, 'coco_eval_bbox': 0.09119708497432553}
Epoch: [4]  [  0/809]  eta: 1:03:51  lr: 0.000100  loss: 11.8253 (11.8253)  loss_bbox: 0.1097 (0.1097)  loss_bbox_aux_0: 0.1186 (0.1186)  loss_bbox_aux_1: 0.1109 (0.1109)  loss_bbox_aux_2: 0.1378 (0.1378)  loss_bbox_dn_0: 0.0802 (0.0802)  loss_bbox_dn_1: 0.0709 (0.0709)  loss_bbox_dn_2: 0.0694 (0.0694)  loss_giou: 1.0885 (1.0885)  loss_giou_aux_0: 1.1472 (1.1472)  loss_giou_aux_1: 1.1007 (1.1007)  loss_giou_aux_2: 1.3199 (1.3199)  loss_giou_dn_0: 0.9614 (0.9614)  loss_giou_dn_1: 0.8914 (0.8914)  loss_giou_dn_2: 0.8643 (0.8643)  loss_vfl: 0.6313 (0.6313)  loss_vfl_aux_0: 0.5825 (0.5825)  loss_vfl_aux_1: 0.6211 (0.6211)  loss_vfl_aux_2: 0.5110 (0.5110)  loss_vfl_dn_0: 0.4589 (0.4589)  loss_vfl_dn_1: 0.4702 (0.4702)  loss_vfl_dn_2: 0.4795 (0.4795)  time: 4.7359  data: 2.9840  max mem: 6177
Epoch: [4]  [100/809]  eta: 0:11:30  lr: 0.000100  loss: 11.8949 (11.9457)  loss_bbox: 0.1336 (0.1448)  loss_bbox_aux_0: 0.1409 (0.1506)  loss_bbox_aux_1: 0.1369 (0.1456)  loss_bbox_aux_2: 0.1689 (0.1712)  loss_bbox_dn_0: 0.0769 (0.0816)  loss_bbox_dn_1: 0.0671 (0.0691)  loss_bbox_dn_2: 0.0657 (0.0670)  loss_giou: 1.2040 (1.1974)  loss_giou_aux_0: 1.2429 (1.2306)  loss_giou_aux_1: 1.2187 (1.2085)  loss_giou_aux_2: 1.3346 (1.3327)  loss_giou_dn_0: 0.9551 (0.9738)  loss_giou_dn_1: 0.8735 (0.8750)  loss_giou_dn_2: 0.8573 (0.8574)  loss_vfl: 0.4825 (0.5255)  loss_vfl_aux_0: 0.4729 (0.5166)  loss_vfl_aux_1: 0.4879 (0.5250)  loss_vfl_aux_2: 0.4298 (0.4715)  loss_vfl_dn_0: 0.4619 (0.4629)  loss_vfl_dn_1: 0.4719 (0.4711)  loss_vfl_dn_2: 0.4705 (0.4677)  time: 0.9180  data: 0.0342  max mem: 6177
Epoch: [4]  [200/809]  eta: 0:09:38  lr: 0.000100  loss: 11.9982 (11.9837)  loss_bbox: 0.1579 (0.1488)  loss_bbox_aux_0: 0.1603 (0.1547)  loss_bbox_aux_1: 0.1552 (0.1496)  loss_bbox_aux_2: 0.1813 (0.1747)  loss_bbox_dn_0: 0.0726 (0.0829)  loss_bbox_dn_1: 0.0618 (0.0702)  loss_bbox_dn_2: 0.0591 (0.0681)  loss_giou: 1.1832 (1.1998)  loss_giou_aux_0: 1.2199 (1.2325)  loss_giou_aux_1: 1.2004 (1.2107)  loss_giou_aux_2: 1.3066 (1.3351)  loss_giou_dn_0: 0.9522 (0.9692)  loss_giou_dn_1: 0.8612 (0.8719)  loss_giou_dn_2: 0.8475 (0.8544)  loss_vfl: 0.5310 (0.5285)  loss_vfl_aux_0: 0.5076 (0.5200)  loss_vfl_aux_1: 0.5259 (0.5279)  loss_vfl_aux_2: 0.4735 (0.4763)  loss_vfl_dn_0: 0.4769 (0.4646)  loss_vfl_dn_1: 0.4723 (0.4735)  loss_vfl_dn_2: 0.4702 (0.4704)  time: 0.9179  data: 0.0444  max mem: 6177
Epoch: [4]  [300/809]  eta: 0:08:00  lr: 0.000100  loss: 11.9922 (12.0048)  loss_bbox: 0.1430 (0.1514)  loss_bbox_aux_0: 0.1474 (0.1569)  loss_bbox_aux_1: 0.1455 (0.1522)  loss_bbox_aux_2: 0.1656 (0.1756)  loss_bbox_dn_0: 0.0774 (0.0831)  loss_bbox_dn_1: 0.0662 (0.0705)  loss_bbox_dn_2: 0.0652 (0.0684)  loss_giou: 1.1728 (1.2028)  loss_giou_aux_0: 1.2032 (1.2343)  loss_giou_aux_1: 1.1859 (1.2133)  loss_giou_aux_2: 1.2867 (1.3346)  loss_giou_dn_0: 0.9600 (0.9717)  loss_giou_dn_1: 0.8553 (0.8747)  loss_giou_dn_2: 0.8378 (0.8575)  loss_vfl: 0.5637 (0.5285)  loss_vfl_aux_0: 0.5513 (0.5199)  loss_vfl_aux_1: 0.5649 (0.5269)  loss_vfl_aux_2: 0.5004 (0.4782)  loss_vfl_dn_0: 0.4672 (0.4635)  loss_vfl_dn_1: 0.4773 (0.4719)  loss_vfl_dn_2: 0.4709 (0.4691)  time: 0.9884  data: 0.0435  max mem: 8526
Epoch: [4]  [400/809]  eta: 0:06:25  lr: 0.000100  loss: 12.1897 (12.0277)  loss_bbox: 0.1375 (0.1511)  loss_bbox_aux_0: 0.1385 (0.1563)  loss_bbox_aux_1: 0.1382 (0.1519)  loss_bbox_aux_2: 0.1537 (0.1747)  loss_bbox_dn_0: 0.0780 (0.0818)  loss_bbox_dn_1: 0.0658 (0.0693)  loss_bbox_dn_2: 0.0638 (0.0673)  loss_giou: 1.2214 (1.2112)  loss_giou_aux_0: 1.2692 (1.2429)  loss_giou_aux_1: 1.2273 (1.2218)  loss_giou_aux_2: 1.3678 (1.3425)  loss_giou_dn_0: 0.9907 (0.9724)  loss_giou_dn_1: 0.8852 (0.8759)  loss_giou_dn_2: 0.8693 (0.8593)  loss_vfl: 0.5100 (0.5267)  loss_vfl_aux_0: 0.5026 (0.5181)  loss_vfl_aux_1: 0.5143 (0.5249)  loss_vfl_aux_2: 0.4421 (0.4754)  loss_vfl_dn_0: 0.4601 (0.4635)  loss_vfl_dn_1: 0.4744 (0.4717)  loss_vfl_dn_2: 0.4674 (0.4691)  time: 0.9303  data: 0.0378  max mem: 8526
Epoch: [4]  [500/809]  eta: 0:04:51  lr: 0.000100  loss: 12.0066 (12.0060)  loss_bbox: 0.1335 (0.1526)  loss_bbox_aux_0: 0.1410 (0.1577)  loss_bbox_aux_1: 0.1355 (0.1534)  loss_bbox_aux_2: 0.1511 (0.1759)  loss_bbox_dn_0: 0.0752 (0.0819)  loss_bbox_dn_1: 0.0634 (0.0693)  loss_bbox_dn_2: 0.0610 (0.0672)  loss_giou: 1.2313 (1.2052)  loss_giou_aux_0: 1.2453 (1.2366)  loss_giou_aux_1: 1.2452 (1.2156)  loss_giou_aux_2: 1.3423 (1.3364)  loss_giou_dn_0: 0.9663 (0.9672)  loss_giou_dn_1: 0.8774 (0.8713)  loss_giou_dn_2: 0.8637 (0.8547)  loss_vfl: 0.4999 (0.5288)  loss_vfl_aux_0: 0.4989 (0.5206)  loss_vfl_aux_1: 0.5006 (0.5271)  loss_vfl_aux_2: 0.4646 (0.4788)  loss_vfl_dn_0: 0.4613 (0.4644)  loss_vfl_dn_1: 0.4640 (0.4720)  loss_vfl_dn_2: 0.4618 (0.4693)  time: 0.9366  data: 0.0400  max mem: 8526
Epoch: [4]  [600/809]  eta: 0:03:16  lr: 0.000100  loss: 11.6810 (11.9929)  loss_bbox: 0.1252 (0.1510)  loss_bbox_aux_0: 0.1341 (0.1562)  loss_bbox_aux_1: 0.1273 (0.1519)  loss_bbox_aux_2: 0.1418 (0.1738)  loss_bbox_dn_0: 0.0728 (0.0816)  loss_bbox_dn_1: 0.0619 (0.0691)  loss_bbox_dn_2: 0.0614 (0.0671)  loss_giou: 1.1479 (1.2024)  loss_giou_aux_0: 1.1750 (1.2340)  loss_giou_aux_1: 1.1536 (1.2127)  loss_giou_aux_2: 1.2534 (1.3314)  loss_giou_dn_0: 0.9591 (0.9662)  loss_giou_dn_1: 0.8694 (0.8705)  loss_giou_dn_2: 0.8537 (0.8541)  loss_vfl: 0.5308 (0.5310)  loss_vfl_aux_0: 0.5149 (0.5220)  loss_vfl_aux_1: 0.5247 (0.5290)  loss_vfl_aux_2: 0.4779 (0.4820)  loss_vfl_dn_0: 0.4644 (0.4648)  loss_vfl_dn_1: 0.4713 (0.4723)  loss_vfl_dn_2: 0.4718 (0.4697)  time: 0.9109  data: 0.0339  max mem: 8526
Epoch: [4]  [700/809]  eta: 0:01:42  lr: 0.000100  loss: 12.0639 (11.9653)  loss_bbox: 0.1642 (0.1502)  loss_bbox_aux_0: 0.1703 (0.1556)  loss_bbox_aux_1: 0.1642 (0.1512)  loss_bbox_aux_2: 0.1961 (0.1733)  loss_bbox_dn_0: 0.0866 (0.0814)  loss_bbox_dn_1: 0.0713 (0.0688)  loss_bbox_dn_2: 0.0674 (0.0667)  loss_giou: 1.2243 (1.1974)  loss_giou_aux_0: 1.2507 (1.2292)  loss_giou_aux_1: 1.2297 (1.2079)  loss_giou_aux_2: 1.3632 (1.3263)  loss_giou_dn_0: 0.9757 (0.9632)  loss_giou_dn_1: 0.8654 (0.8669)  loss_giou_dn_2: 0.8532 (0.8503)  loss_vfl: 0.5199 (0.5324)  loss_vfl_aux_0: 0.5024 (0.5233)  loss_vfl_aux_1: 0.5168 (0.5304)  loss_vfl_aux_2: 0.4755 (0.4838)  loss_vfl_dn_0: 0.4569 (0.4651)  loss_vfl_dn_1: 0.4631 (0.4723)  loss_vfl_dn_2: 0.4656 (0.4696)  time: 0.9263  data: 0.0391  max mem: 8526
Epoch: [4]  [800/809]  eta: 0:00:08  lr: 0.000100  loss: 12.1247 (11.9701)  loss_bbox: 0.1387 (0.1501)  loss_bbox_aux_0: 0.1484 (0.1555)  loss_bbox_aux_1: 0.1404 (0.1510)  loss_bbox_aux_2: 0.1640 (0.1731)  loss_bbox_dn_0: 0.0689 (0.0810)  loss_bbox_dn_1: 0.0599 (0.0685)  loss_bbox_dn_2: 0.0585 (0.0664)  loss_giou: 1.2386 (1.1984)  loss_giou_aux_0: 1.2706 (1.2304)  loss_giou_aux_1: 1.2486 (1.2089)  loss_giou_aux_2: 1.3673 (1.3277)  loss_giou_dn_0: 0.9710 (0.9627)  loss_giou_dn_1: 0.8678 (0.8665)  loss_giou_dn_2: 0.8509 (0.8500)  loss_vfl: 0.5142 (0.5335)  loss_vfl_aux_0: 0.4939 (0.5237)  loss_vfl_aux_1: 0.5153 (0.5313)  loss_vfl_aux_2: 0.4557 (0.4842)  loss_vfl_dn_0: 0.4617 (0.4652)  loss_vfl_dn_1: 0.4731 (0.4722)  loss_vfl_dn_2: 0.4751 (0.4697)  time: 0.8982  data: 0.0391  max mem: 8526
Epoch: [4]  [808/809]  eta: 0:00:00  lr: 0.000100  loss: 11.7637 (11.9704)  loss_bbox: 0.1345 (0.1499)  loss_bbox_aux_0: 0.1423 (0.1553)  loss_bbox_aux_1: 0.1351 (0.1509)  loss_bbox_aux_2: 0.1595 (0.1729)  loss_bbox_dn_0: 0.0746 (0.0810)  loss_bbox_dn_1: 0.0635 (0.0685)  loss_bbox_dn_2: 0.0600 (0.0664)  loss_giou: 1.1578 (1.1984)  loss_giou_aux_0: 1.2133 (1.2304)  loss_giou_aux_1: 1.1681 (1.2090)  loss_giou_aux_2: 1.2836 (1.3278)  loss_giou_dn_0: 0.9547 (0.9628)  loss_giou_dn_1: 0.8574 (0.8666)  loss_giou_dn_2: 0.8488 (0.8502)  loss_vfl: 0.5182 (0.5337)  loss_vfl_aux_0: 0.4958 (0.5237)  loss_vfl_aux_1: 0.5077 (0.5314)  loss_vfl_aux_2: 0.4569 (0.4840)  loss_vfl_dn_0: 0.4633 (0.4652)  loss_vfl_dn_1: 0.4755 (0.4723)  loss_vfl_dn_2: 0.4780 (0.4699)  time: 0.7664  data: 0.0330  max mem: 8526
Epoch: [4] Total time: 0:12:33 (0.9319 s / it)
Averaged stats: lr: 0.000100  loss: 11.7637 (11.9704)  loss_bbox: 0.1345 (0.1499)  loss_bbox_aux_0: 0.1423 (0.1553)  loss_bbox_aux_1: 0.1351 (0.1509)  loss_bbox_aux_2: 0.1595 (0.1729)  loss_bbox_dn_0: 0.0746 (0.0810)  loss_bbox_dn_1: 0.0635 (0.0685)  loss_bbox_dn_2: 0.0600 (0.0664)  loss_giou: 1.1578 (1.1984)  loss_giou_aux_0: 1.2133 (1.2304)  loss_giou_aux_1: 1.1681 (1.2090)  loss_giou_aux_2: 1.2836 (1.3278)  loss_giou_dn_0: 0.9547 (0.9628)  loss_giou_dn_1: 0.8574 (0.8666)  loss_giou_dn_2: 0.8488 (0.8502)  loss_vfl: 0.5182 (0.5337)  loss_vfl_aux_0: 0.4958 (0.5237)  loss_vfl_aux_1: 0.5077 (0.5314)  loss_vfl_aux_2: 0.4569 (0.4840)  loss_vfl_dn_0: 0.4633 (0.4652)  loss_vfl_dn_1: 0.4755 (0.4723)  loss_vfl_dn_2: 0.4780 (0.4699)
Test:  [ 0/69]  eta: 0:01:17    time: 1.1182  data: 0.5939  max mem: 8526
Test:  [10/69]  eta: 0:00:43    time: 0.7326  data: 0.0784  max mem: 8526
Test:  [20/69]  eta: 0:00:35    time: 0.7028  data: 0.0241  max mem: 8526
Test:  [30/69]  eta: 0:00:26    time: 0.6530  data: 0.0213  max mem: 8526
Test:  [40/69]  eta: 0:00:19    time: 0.5863  data: 0.0203  max mem: 8526
Test:  [50/69]  eta: 0:00:11    time: 0.5517  data: 0.0199  max mem: 8526
Test:  [60/69]  eta: 0:00:05    time: 0.5401  data: 0.0200  max mem: 8526
Test:  [68/69]  eta: 0:00:00    time: 0.6081  data: 0.0190  max mem: 8526
Test: Total time: 0:00:43 (0.6287 s / it)
Averaged stats: 
Accumulating evaluation results...
DONE (t=1.86s).
IoU metric: bbox
 Average Precision  (AP) @[ IoU=0.50:0.95 | area=   all | maxDets=100 ] = 0.102
 Average Precision  (AP) @[ IoU=0.50      | area=   all | maxDets=100 ] = 0.180
 Average Precision  (AP) @[ IoU=0.75      | area=   all | maxDets=100 ] = 0.100
 Average Precision  (AP) @[ IoU=0.50:0.95 | area= small | maxDets=100 ] = 0.059
 Average Precision  (AP) @[ IoU=0.50:0.95 | area=medium | maxDets=100 ] = 0.151
 Average Precision  (AP) @[ IoU=0.50:0.95 | area= large | maxDets=100 ] = 0.188
 Average Recall     (AR) @[ IoU=0.50:0.95 | area=   all | maxDets=  1 ] = 0.060
 Average Recall     (AR) @[ IoU=0.50:0.95 | area=   all | maxDets= 10 ] = 0.165
 Average Recall     (AR) @[ IoU=0.50:0.95 | area=   all | maxDets=100 ] = 0.240
 Average Recall     (AR) @[ IoU=0.50:0.95 | area= small | maxDets=100 ] = 0.164
 Average Recall     (AR) @[ IoU=0.50:0.95 | area=medium | maxDets=100 ] = 0.330
 Average Recall     (AR) @[ IoU=0.50:0.95 | area= large | maxDets=100 ] = 0.346
best_stat:  {'epoch': 4, 'coco_eval_bbox': 0.10166855617042413}
Epoch: [5]  [  0/809]  eta: 1:12:30  lr: 0.000100  loss: 11.8578 (11.8578)  loss_bbox: 0.1422 (0.1422)  loss_bbox_aux_0: 0.1492 (0.1492)  loss_bbox_aux_1: 0.1434 (0.1434)  loss_bbox_aux_2: 0.1813 (0.1813)  loss_bbox_dn_0: 0.0670 (0.0670)  loss_bbox_dn_1: 0.0510 (0.0510)  loss_bbox_dn_2: 0.0483 (0.0483)  loss_giou: 1.1741 (1.1741)  loss_giou_aux_0: 1.2130 (1.2130)  loss_giou_aux_1: 1.1878 (1.1878)  loss_giou_aux_2: 1.3565 (1.3565)  loss_giou_dn_0: 0.8951 (0.8951)  loss_giou_dn_1: 0.7792 (0.7792)  loss_giou_dn_2: 0.7544 (0.7544)  loss_vfl: 0.5999 (0.5999)  loss_vfl_aux_0: 0.5903 (0.5903)  loss_vfl_aux_1: 0.5935 (0.5935)  loss_vfl_aux_2: 0.4885 (0.4885)  loss_vfl_dn_0: 0.4856 (0.4856)  loss_vfl_dn_1: 0.4867 (0.4867)  loss_vfl_dn_2: 0.4708 (0.4708)  time: 5.3777  data: 1.7503  max mem: 8526
Epoch: [5]  [100/809]  eta: 0:11:15  lr: 0.000100  loss: 11.6740 (11.7162)  loss_bbox: 0.1266 (0.1386)  loss_bbox_aux_0: 0.1329 (0.1447)  loss_bbox_aux_1: 0.1268 (0.1392)  loss_bbox_aux_2: 0.1511 (0.1626)  loss_bbox_dn_0: 0.0740 (0.0781)  loss_bbox_dn_1: 0.0621 (0.0653)  loss_bbox_dn_2: 0.0601 (0.0633)  loss_giou: 1.1630 (1.1581)  loss_giou_aux_0: 1.1858 (1.1927)  loss_giou_aux_1: 1.1706 (1.1709)  loss_giou_aux_2: 1.2787 (1.2901)  loss_giou_dn_0: 0.9259 (0.9400)  loss_giou_dn_1: 0.8240 (0.8410)  loss_giou_dn_2: 0.8178 (0.8251)  loss_vfl: 0.5099 (0.5392)  loss_vfl_aux_0: 0.5146 (0.5300)  loss_vfl_aux_1: 0.5145 (0.5365)  loss_vfl_aux_2: 0.4844 (0.4899)  loss_vfl_dn_0: 0.4695 (0.4689)  loss_vfl_dn_1: 0.4796 (0.4729)  loss_vfl_dn_2: 0.4720 (0.4690)  time: 0.9325  data: 0.0392  max mem: 8526
Epoch: [5]  [200/809]  eta: 0:09:32  lr: 0.000100  loss: 11.7772 (11.7302)  loss_bbox: 0.1376 (0.1385)  loss_bbox_aux_0: 0.1471 (0.1447)  loss_bbox_aux_1: 0.1401 (0.1394)  loss_bbox_aux_2: 0.1614 (0.1618)  loss_bbox_dn_0: 0.0810 (0.0796)  loss_bbox_dn_1: 0.0694 (0.0671)  loss_bbox_dn_2: 0.0683 (0.0650)  loss_giou: 1.1533 (1.1536)  loss_giou_aux_0: 1.1775 (1.1869)  loss_giou_aux_1: 1.1591 (1.1658)  loss_giou_aux_2: 1.2765 (1.2815)  loss_giou_dn_0: 0.9368 (0.9380)  loss_giou_dn_1: 0.8438 (0.8416)  loss_giou_dn_2: 0.8253 (0.8262)  loss_vfl: 0.5537 (0.5458)  loss_vfl_aux_0: 0.5306 (0.5374)  loss_vfl_aux_1: 0.5498 (0.5433)  loss_vfl_aux_2: 0.5107 (0.4994)  loss_vfl_dn_0: 0.4705 (0.4699)  loss_vfl_dn_1: 0.4716 (0.4740)  loss_vfl_dn_2: 0.4717 (0.4708)  time: 0.9157  data: 0.0297  max mem: 8526
Epoch: [5]  [300/809]  eta: 0:07:55  lr: 0.000100  loss: 11.6594 (11.7383)  loss_bbox: 0.1218 (0.1380)  loss_bbox_aux_0: 0.1247 (0.1442)  loss_bbox_aux_1: 0.1188 (0.1389)  loss_bbox_aux_2: 0.1465 (0.1618)  loss_bbox_dn_0: 0.0744 (0.0802)  loss_bbox_dn_1: 0.0610 (0.0674)  loss_bbox_dn_2: 0.0597 (0.0652)  loss_giou: 1.1078 (1.1584)  loss_giou_aux_0: 1.1550 (1.1922)  loss_giou_aux_1: 1.1179 (1.1706)  loss_giou_aux_2: 1.2499 (1.2858)  loss_giou_dn_0: 0.9299 (0.9434)  loss_giou_dn_1: 0.8207 (0.8465)  loss_giou_dn_2: 0.7980 (0.8308)  loss_vfl: 0.5687 (0.5401)  loss_vfl_aux_0: 0.5651 (0.5317)  loss_vfl_aux_1: 0.5747 (0.5381)  loss_vfl_aux_2: 0.5022 (0.4929)  loss_vfl_dn_0: 0.4684 (0.4685)  loss_vfl_dn_1: 0.4784 (0.4734)  loss_vfl_dn_2: 0.4753 (0.4702)  time: 0.9221  data: 0.0417  max mem: 8526
Epoch: [5]  [400/809]  eta: 0:06:23  lr: 0.000100  loss: 11.9228 (11.7944)  loss_bbox: 0.1325 (0.1445)  loss_bbox_aux_0: 0.1403 (0.1507)  loss_bbox_aux_1: 0.1335 (0.1455)  loss_bbox_aux_2: 0.1631 (0.1682)  loss_bbox_dn_0: 0.0650 (0.0790)  loss_bbox_dn_1: 0.0569 (0.0664)  loss_bbox_dn_2: 0.0554 (0.0643)  loss_giou: 1.1640 (1.1696)  loss_giou_aux_0: 1.2004 (1.2027)  loss_giou_aux_1: 1.1801 (1.1815)  loss_giou_aux_2: 1.3043 (1.2957)  loss_giou_dn_0: 0.9240 (0.9436)  loss_giou_dn_1: 0.8351 (0.8479)  loss_giou_dn_2: 0.8177 (0.8325)  loss_vfl: 0.5162 (0.5375)  loss_vfl_aux_0: 0.5204 (0.5296)  loss_vfl_aux_1: 0.5144 (0.5352)  loss_vfl_aux_2: 0.4856 (0.4906)  loss_vfl_dn_0: 0.4738 (0.4681)  loss_vfl_dn_1: 0.4658 (0.4722)  loss_vfl_dn_2: 0.4688 (0.4691)  time: 0.9256  data: 0.0336  max mem: 8526
Epoch: [5]  [500/809]  eta: 0:04:49  lr: 0.000100  loss: 11.6951 (11.8235)  loss_bbox: 0.1312 (0.1470)  loss_bbox_aux_0: 0.1390 (0.1529)  loss_bbox_aux_1: 0.1340 (0.1479)  loss_bbox_aux_2: 0.1566 (0.1701)  loss_bbox_dn_0: 0.0766 (0.0784)  loss_bbox_dn_1: 0.0642 (0.0659)  loss_bbox_dn_2: 0.0601 (0.0639)  loss_giou: 1.1197 (1.1795)  loss_giou_aux_0: 1.1610 (1.2123)  loss_giou_aux_1: 1.1399 (1.1913)  loss_giou_aux_2: 1.2450 (1.3037)  loss_giou_dn_0: 0.9245 (0.9453)  loss_giou_dn_1: 0.8403 (0.8499)  loss_giou_dn_2: 0.8183 (0.8347)  loss_vfl: 0.5343 (0.5321)  loss_vfl_aux_0: 0.5269 (0.5243)  loss_vfl_aux_1: 0.5215 (0.5298)  loss_vfl_aux_2: 0.4978 (0.4863)  loss_vfl_dn_0: 0.4739 (0.4676)  loss_vfl_dn_1: 0.4767 (0.4718)  loss_vfl_dn_2: 0.4718 (0.4687)  time: 0.9343  data: 0.0437  max mem: 8526
Epoch: [5]  [600/809]  eta: 0:03:14  lr: 0.000100  loss: 11.4551 (11.8109)  loss_bbox: 0.1169 (0.1460)  loss_bbox_aux_0: 0.1243 (0.1520)  loss_bbox_aux_1: 0.1166 (0.1470)  loss_bbox_aux_2: 0.1372 (0.1693)  loss_bbox_dn_0: 0.0749 (0.0788)  loss_bbox_dn_1: 0.0618 (0.0661)  loss_bbox_dn_2: 0.0604 (0.0640)  loss_giou: 1.0590 (1.1769)  loss_giou_aux_0: 1.0808 (1.2096)  loss_giou_aux_1: 1.0768 (1.1890)  loss_giou_aux_2: 1.1869 (1.3003)  loss_giou_dn_0: 0.9243 (0.9441)  loss_giou_dn_1: 0.8129 (0.8479)  loss_giou_dn_2: 0.8023 (0.8326)  loss_vfl: 0.5267 (0.5334)  loss_vfl_aux_0: 0.5305 (0.5256)  loss_vfl_aux_1: 0.5306 (0.5313)  loss_vfl_aux_2: 0.5023 (0.4879)  loss_vfl_dn_0: 0.4725 (0.4680)  loss_vfl_dn_1: 0.4748 (0.4721)  loss_vfl_dn_2: 0.4655 (0.4690)  time: 0.9335  data: 0.0393  max mem: 8526
Epoch: [5]  [700/809]  eta: 0:01:41  lr: 0.000100  loss: 11.8049 (11.8043)  loss_bbox: 0.1285 (0.1458)  loss_bbox_aux_0: 0.1333 (0.1517)  loss_bbox_aux_1: 0.1286 (0.1467)  loss_bbox_aux_2: 0.1456 (0.1687)  loss_bbox_dn_0: 0.0808 (0.0783)  loss_bbox_dn_1: 0.0665 (0.0659)  loss_bbox_dn_2: 0.0640 (0.0638)  loss_giou: 1.1158 (1.1768)  loss_giou_aux_0: 1.1498 (1.2089)  loss_giou_aux_1: 1.1233 (1.1885)  loss_giou_aux_2: 1.2374 (1.2992)  loss_giou_dn_0: 0.9351 (0.9432)  loss_giou_dn_1: 0.8309 (0.8475)  loss_giou_dn_2: 0.8110 (0.8323)  loss_vfl: 0.5609 (0.5328)  loss_vfl_aux_0: 0.5723 (0.5257)  loss_vfl_aux_1: 0.5653 (0.5312)  loss_vfl_aux_2: 0.5229 (0.4884)  loss_vfl_dn_0: 0.4733 (0.4682)  loss_vfl_dn_1: 0.4794 (0.4719)  loss_vfl_dn_2: 0.4778 (0.4690)  time: 0.9118  data: 0.0371  max mem: 8526
Epoch: [5]  [800/809]  eta: 0:00:08  lr: 0.000100  loss: 11.8889 (11.7931)  loss_bbox: 0.1341 (0.1454)  loss_bbox_aux_0: 0.1460 (0.1514)  loss_bbox_aux_1: 0.1348 (0.1464)  loss_bbox_aux_2: 0.1635 (0.1680)  loss_bbox_dn_0: 0.0661 (0.0779)  loss_bbox_dn_1: 0.0561 (0.0655)  loss_bbox_dn_2: 0.0553 (0.0635)  loss_giou: 1.2020 (1.1756)  loss_giou_aux_0: 1.2352 (1.2075)  loss_giou_aux_1: 1.2128 (1.1873)  loss_giou_aux_2: 1.3365 (1.2971)  loss_giou_dn_0: 0.9345 (0.9414)  loss_giou_dn_1: 0.8411 (0.8461)  loss_giou_dn_2: 0.8231 (0.8310)  loss_vfl: 0.5045 (0.5328)  loss_vfl_aux_0: 0.5065 (0.5261)  loss_vfl_aux_1: 0.4934 (0.5314)  loss_vfl_aux_2: 0.4711 (0.4900)  loss_vfl_dn_0: 0.4668 (0.4682)  loss_vfl_dn_1: 0.4703 (0.4717)  loss_vfl_dn_2: 0.4624 (0.4688)  time: 0.9613  data: 0.0418  max mem: 8526
Epoch: [5]  [808/809]  eta: 0:00:00  lr: 0.000100  loss: 12.0425 (11.7940)  loss_bbox: 0.1311 (0.1454)  loss_bbox_aux_0: 0.1330 (0.1513)  loss_bbox_aux_1: 0.1292 (0.1464)  loss_bbox_aux_2: 0.1640 (0.1680)  loss_bbox_dn_0: 0.0638 (0.0778)  loss_bbox_dn_1: 0.0544 (0.0654)  loss_bbox_dn_2: 0.0523 (0.0634)  loss_giou: 1.2693 (1.1764)  loss_giou_aux_0: 1.3033 (1.2082)  loss_giou_aux_1: 1.2832 (1.1880)  loss_giou_aux_2: 1.3532 (1.2977)  loss_giou_dn_0: 0.9432 (0.9416)  loss_giou_dn_1: 0.8725 (0.8462)  loss_giou_dn_2: 0.8579 (0.8311)  loss_vfl: 0.4644 (0.5322)  loss_vfl_aux_0: 0.4678 (0.5256)  loss_vfl_aux_1: 0.4689 (0.5309)  loss_vfl_aux_2: 0.4625 (0.4894)  loss_vfl_dn_0: 0.4708 (0.4683)  loss_vfl_dn_1: 0.4703 (0.4718)  loss_vfl_dn_2: 0.4659 (0.4688)  time: 0.8312  data: 0.0367  max mem: 8526
Epoch: [5] Total time: 0:12:32 (0.9298 s / it)
Averaged stats: lr: 0.000100  loss: 12.0425 (11.7940)  loss_bbox: 0.1311 (0.1454)  loss_bbox_aux_0: 0.1330 (0.1513)  loss_bbox_aux_1: 0.1292 (0.1464)  loss_bbox_aux_2: 0.1640 (0.1680)  loss_bbox_dn_0: 0.0638 (0.0778)  loss_bbox_dn_1: 0.0544 (0.0654)  loss_bbox_dn_2: 0.0523 (0.0634)  loss_giou: 1.2693 (1.1764)  loss_giou_aux_0: 1.3033 (1.2082)  loss_giou_aux_1: 1.2832 (1.1880)  loss_giou_aux_2: 1.3532 (1.2977)  loss_giou_dn_0: 0.9432 (0.9416)  loss_giou_dn_1: 0.8725 (0.8462)  loss_giou_dn_2: 0.8579 (0.8311)  loss_vfl: 0.4644 (0.5322)  loss_vfl_aux_0: 0.4678 (0.5256)  loss_vfl_aux_1: 0.4689 (0.5309)  loss_vfl_aux_2: 0.4625 (0.4894)  loss_vfl_dn_0: 0.4708 (0.4683)  loss_vfl_dn_1: 0.4703 (0.4718)  loss_vfl_dn_2: 0.4659 (0.4688)
Test:  [ 0/69]  eta: 0:01:18    time: 1.1316  data: 0.5600  max mem: 8526
Test:  [10/69]  eta: 0:00:40    time: 0.6860  data: 0.0703  max mem: 8526
Test:  [20/69]  eta: 0:00:32    time: 0.6445  data: 0.0216  max mem: 8526
Test:  [30/69]  eta: 0:00:25    time: 0.6323  data: 0.0211  max mem: 8526
Test:  [40/69]  eta: 0:00:18    time: 0.5981  data: 0.0211  max mem: 8526
Test:  [50/69]  eta: 0:00:11    time: 0.5601  data: 0.0218  max mem: 8526
Test:  [60/69]  eta: 0:00:05    time: 0.5324  data: 0.0207  max mem: 8526
Test:  [68/69]  eta: 0:00:00    time: 0.5526  data: 0.0185  max mem: 8526
Test: Total time: 0:00:41 (0.6006 s / it)
Averaged stats: 
Accumulating evaluation results...
DONE (t=2.45s).
IoU metric: bbox
 Average Precision  (AP) @[ IoU=0.50:0.95 | area=   all | maxDets=100 ] = 0.113
 Average Precision  (AP) @[ IoU=0.50      | area=   all | maxDets=100 ] = 0.199
 Average Precision  (AP) @[ IoU=0.75      | area=   all | maxDets=100 ] = 0.111
 Average Precision  (AP) @[ IoU=0.50:0.95 | area= small | maxDets=100 ] = 0.068
 Average Precision  (AP) @[ IoU=0.50:0.95 | area=medium | maxDets=100 ] = 0.165
 Average Precision  (AP) @[ IoU=0.50:0.95 | area= large | maxDets=100 ] = 0.205
 Average Recall     (AR) @[ IoU=0.50:0.95 | area=   all | maxDets=  1 ] = 0.063
 Average Recall     (AR) @[ IoU=0.50:0.95 | area=   all | maxDets= 10 ] = 0.188
 Average Recall     (AR) @[ IoU=0.50:0.95 | area=   all | maxDets=100 ] = 0.270
 Average Recall     (AR) @[ IoU=0.50:0.95 | area= small | maxDets=100 ] = 0.189
 Average Recall     (AR) @[ IoU=0.50:0.95 | area=medium | maxDets=100 ] = 0.365
 Average Recall     (AR) @[ IoU=0.50:0.95 | area= large | maxDets=100 ] = 0.425
best_stat:  {'epoch': 5, 'coco_eval_bbox': 0.11262887907430305}
Epoch: [6]  [  0/809]  eta: 1:09:11  lr: 0.000100  loss: 11.6988 (11.6988)  loss_bbox: 0.1238 (0.1238)  loss_bbox_aux_0: 0.1216 (0.1216)  loss_bbox_aux_1: 0.1234 (0.1234)  loss_bbox_aux_2: 0.1395 (0.1395)  loss_bbox_dn_0: 0.0663 (0.0663)  loss_bbox_dn_1: 0.0527 (0.0527)  loss_bbox_dn_2: 0.0505 (0.0505)  loss_giou: 1.2076 (1.2076)  loss_giou_aux_0: 1.2389 (1.2389)  loss_giou_aux_1: 1.2283 (1.2283)  loss_giou_aux_2: 1.3234 (1.3234)  loss_giou_dn_0: 0.9693 (0.9693)  loss_giou_dn_1: 0.8600 (0.8600)  loss_giou_dn_2: 0.8422 (0.8422)  loss_vfl: 0.4911 (0.4911)  loss_vfl_aux_0: 0.4886 (0.4886)  loss_vfl_aux_1: 0.4979 (0.4979)  loss_vfl_aux_2: 0.4481 (0.4481)  loss_vfl_dn_0: 0.4744 (0.4744)  loss_vfl_dn_1: 0.4790 (0.4790)  loss_vfl_dn_2: 0.4722 (0.4722)  time: 5.1319  data: 4.3393  max mem: 8526
Epoch: [6]  [100/809]  eta: 0:11:35  lr: 0.000100  loss: 11.7688 (11.7906)  loss_bbox: 0.1248 (0.1488)  loss_bbox_aux_0: 0.1247 (0.1548)  loss_bbox_aux_1: 0.1220 (0.1494)  loss_bbox_aux_2: 0.1403 (0.1690)  loss_bbox_dn_0: 0.0701 (0.0715)  loss_bbox_dn_1: 0.0607 (0.0601)  loss_bbox_dn_2: 0.0584 (0.0586)  loss_giou: 1.1566 (1.2053)  loss_giou_aux_0: 1.1983 (1.2336)  loss_giou_aux_1: 1.1756 (1.2161)  loss_giou_aux_2: 1.2817 (1.3097)  loss_giou_dn_0: 0.9182 (0.9339)  loss_giou_dn_1: 0.8322 (0.8423)  loss_giou_dn_2: 0.8223 (0.8288)  loss_vfl: 0.4810 (0.5098)  loss_vfl_aux_0: 0.4767 (0.5068)  loss_vfl_aux_1: 0.4827 (0.5100)  loss_vfl_aux_2: 0.4597 (0.4778)  loss_vfl_dn_0: 0.4767 (0.4696)  loss_vfl_dn_1: 0.4696 (0.4691)  loss_vfl_dn_2: 0.4667 (0.4658)  time: 0.9589  data: 0.0395  max mem: 8526
Epoch: [6]  [200/809]  eta: 0:09:37  lr: 0.000100  loss: 11.1864 (11.6513)  loss_bbox: 0.1033 (0.1403)  loss_bbox_aux_0: 0.1133 (0.1461)  loss_bbox_aux_1: 0.1041 (0.1410)  loss_bbox_aux_2: 0.1280 (0.1600)  loss_bbox_dn_0: 0.0718 (0.0742)  loss_bbox_dn_1: 0.0582 (0.0624)  loss_bbox_dn_2: 0.0554 (0.0607)  loss_giou: 1.1015 (1.1661)  loss_giou_aux_0: 1.1542 (1.1951)  loss_giou_aux_1: 1.1240 (1.1772)  loss_giou_aux_2: 1.2190 (1.2730)  loss_giou_dn_0: 0.8998 (0.9255)  loss_giou_dn_1: 0.8151 (0.8332)  loss_giou_dn_2: 0.8022 (0.8190)  loss_vfl: 0.5217 (0.5243)  loss_vfl_aux_0: 0.5260 (0.5222)  loss_vfl_aux_1: 0.5400 (0.5256)  loss_vfl_aux_2: 0.4775 (0.4938)  loss_vfl_dn_0: 0.4762 (0.4711)  loss_vfl_dn_1: 0.4678 (0.4720)  loss_vfl_dn_2: 0.4705 (0.4686)  time: 0.9223  data: 0.0415  max mem: 8526
Epoch: [6]  [300/809]  eta: 0:07:58  lr: 0.000100  loss: 11.5760 (11.6802)  loss_bbox: 0.1303 (0.1421)  loss_bbox_aux_0: 0.1365 (0.1479)  loss_bbox_aux_1: 0.1279 (0.1429)  loss_bbox_aux_2: 0.1483 (0.1618)  loss_bbox_dn_0: 0.0652 (0.0740)  loss_bbox_dn_1: 0.0564 (0.0623)  loss_bbox_dn_2: 0.0539 (0.0606)  loss_giou: 1.1785 (1.1758)  loss_giou_aux_0: 1.2064 (1.2045)  loss_giou_aux_1: 1.1920 (1.1872)  loss_giou_aux_2: 1.2866 (1.2826)  loss_giou_dn_0: 0.9226 (0.9296)  loss_giou_dn_1: 0.8373 (0.8376)  loss_giou_dn_2: 0.8275 (0.8239)  loss_vfl: 0.5133 (0.5182)  loss_vfl_aux_0: 0.5068 (0.5155)  loss_vfl_aux_1: 0.5173 (0.5193)  loss_vfl_aux_2: 0.4603 (0.4864)  loss_vfl_dn_0: 0.4655 (0.4697)  loss_vfl_dn_1: 0.4630 (0.4708)  loss_vfl_dn_2: 0.4572 (0.4674)  time: 0.9256  data: 0.0408  max mem: 8526
Epoch: [6]  [400/809]  eta: 0:06:22  lr: 0.000100  loss: 11.5355 (11.6391)  loss_bbox: 0.1215 (0.1388)  loss_bbox_aux_0: 0.1264 (0.1446)  loss_bbox_aux_1: 0.1200 (0.1397)  loss_bbox_aux_2: 0.1476 (0.1589)  loss_bbox_dn_0: 0.0656 (0.0744)  loss_bbox_dn_1: 0.0584 (0.0626)  loss_bbox_dn_2: 0.0573 (0.0609)  loss_giou: 1.1574 (1.1655)  loss_giou_aux_0: 1.1912 (1.1957)  loss_giou_aux_1: 1.1684 (1.1769)  loss_giou_aux_2: 1.2837 (1.2764)  loss_giou_dn_0: 0.9072 (0.9280)  loss_giou_dn_1: 0.8332 (0.8351)  loss_giou_dn_2: 0.8239 (0.8215)  loss_vfl: 0.4768 (0.5221)  loss_vfl_aux_0: 0.4811 (0.5183)  loss_vfl_aux_1: 0.4866 (0.5230)  loss_vfl_aux_2: 0.4583 (0.4880)  loss_vfl_dn_0: 0.4727 (0.4701)  loss_vfl_dn_1: 0.4728 (0.4713)  loss_vfl_dn_2: 0.4705 (0.4677)  time: 0.9317  data: 0.0380  max mem: 8526
Epoch: [6]  [500/809]  eta: 0:04:49  lr: 0.000100  loss: 11.4088 (11.6210)  loss_bbox: 0.1088 (0.1368)  loss_bbox_aux_0: 0.1221 (0.1427)  loss_bbox_aux_1: 0.1111 (0.1377)  loss_bbox_aux_2: 0.1292 (0.1570)  loss_bbox_dn_0: 0.0702 (0.0743)  loss_bbox_dn_1: 0.0572 (0.0624)  loss_bbox_dn_2: 0.0543 (0.0607)  loss_giou: 1.0526 (1.1623)  loss_giou_aux_0: 1.0992 (1.1926)  loss_giou_aux_1: 1.0687 (1.1739)  loss_giou_aux_2: 1.2120 (1.2729)  loss_giou_dn_0: 0.9059 (0.9279)  loss_giou_dn_1: 0.7898 (0.8343)  loss_giou_dn_2: 0.7752 (0.8205)  loss_vfl: 0.5510 (0.5234)  loss_vfl_aux_0: 0.5312 (0.5195)  loss_vfl_aux_1: 0.5461 (0.5240)  loss_vfl_aux_2: 0.4930 (0.4892)  loss_vfl_dn_0: 0.4717 (0.4700)  loss_vfl_dn_1: 0.4740 (0.4711)  loss_vfl_dn_2: 0.4703 (0.4676)  time: 0.8853  data: 0.0299  max mem: 8526
Epoch: [6]  [600/809]  eta: 0:03:15  lr: 0.000100  loss: 11.3068 (11.6023)  loss_bbox: 0.1139 (0.1366)  loss_bbox_aux_0: 0.1197 (0.1426)  loss_bbox_aux_1: 0.1146 (0.1376)  loss_bbox_aux_2: 0.1328 (0.1569)  loss_bbox_dn_0: 0.0638 (0.0739)  loss_bbox_dn_1: 0.0555 (0.0621)  loss_bbox_dn_2: 0.0547 (0.0603)  loss_giou: 1.0875 (1.1586)  loss_giou_aux_0: 1.1561 (1.1890)  loss_giou_aux_1: 1.1012 (1.1699)  loss_giou_aux_2: 1.2185 (1.2698)  loss_giou_dn_0: 0.9227 (0.9249)  loss_giou_dn_1: 0.8167 (0.8317)  loss_giou_dn_2: 0.8054 (0.8179)  loss_vfl: 0.5505 (0.5249)  loss_vfl_aux_0: 0.5576 (0.5211)  loss_vfl_aux_1: 0.5541 (0.5256)  loss_vfl_aux_2: 0.5088 (0.4905)  loss_vfl_dn_0: 0.4640 (0.4702)  loss_vfl_dn_1: 0.4635 (0.4710)  loss_vfl_dn_2: 0.4578 (0.4673)  time: 0.8816  data: 0.0348  max mem: 8526
Epoch: [6]  [700/809]  eta: 0:01:41  lr: 0.000100  loss: 11.2725 (11.6033)  loss_bbox: 0.1107 (0.1365)  loss_bbox_aux_0: 0.1148 (0.1425)  loss_bbox_aux_1: 0.1117 (0.1375)  loss_bbox_aux_2: 0.1295 (0.1569)  loss_bbox_dn_0: 0.0660 (0.0740)  loss_bbox_dn_1: 0.0553 (0.0621)  loss_bbox_dn_2: 0.0544 (0.0603)  loss_giou: 1.1548 (1.1594)  loss_giou_aux_0: 1.1766 (1.1899)  loss_giou_aux_1: 1.1645 (1.1705)  loss_giou_aux_2: 1.2331 (1.2709)  loss_giou_dn_0: 0.8930 (0.9236)  loss_giou_dn_1: 0.7960 (0.8304)  loss_giou_dn_2: 0.7799 (0.8166)  loss_vfl: 0.5533 (0.5251)  loss_vfl_aux_0: 0.5352 (0.5215)  loss_vfl_aux_1: 0.5457 (0.5259)  loss_vfl_aux_2: 0.4922 (0.4909)  loss_vfl_dn_0: 0.4824 (0.4705)  loss_vfl_dn_1: 0.4768 (0.4710)  loss_vfl_dn_2: 0.4758 (0.4673)  time: 0.9501  data: 0.0357  max mem: 8526
Epoch: [6]  [800/809]  eta: 0:00:08  lr: 0.000100  loss: 11.5697 (11.5954)  loss_bbox: 0.1192 (0.1361)  loss_bbox_aux_0: 0.1226 (0.1420)  loss_bbox_aux_1: 0.1189 (0.1370)  loss_bbox_aux_2: 0.1372 (0.1563)  loss_bbox_dn_0: 0.0678 (0.0740)  loss_bbox_dn_1: 0.0548 (0.0621)  loss_bbox_dn_2: 0.0529 (0.0603)  loss_giou: 1.1776 (1.1584)  loss_giou_aux_0: 1.1996 (1.1888)  loss_giou_aux_1: 1.1884 (1.1694)  loss_giou_aux_2: 1.2877 (1.2693)  loss_giou_dn_0: 0.9281 (0.9228)  loss_giou_dn_1: 0.8341 (0.8292)  loss_giou_dn_2: 0.8215 (0.8154)  loss_vfl: 0.4852 (0.5254)  loss_vfl_aux_0: 0.4799 (0.5218)  loss_vfl_aux_1: 0.4843 (0.5262)  loss_vfl_aux_2: 0.4413 (0.4914)  loss_vfl_dn_0: 0.4698 (0.4706)  loss_vfl_dn_1: 0.4674 (0.4712)  loss_vfl_dn_2: 0.4641 (0.4676)  time: 0.9231  data: 0.0409  max mem: 8526
Epoch: [6]  [808/809]  eta: 0:00:00  lr: 0.000100  loss: 11.4267 (11.5952)  loss_bbox: 0.1098 (0.1360)  loss_bbox_aux_0: 0.1177 (0.1419)  loss_bbox_aux_1: 0.1131 (0.1370)  loss_bbox_aux_2: 0.1343 (0.1563)  loss_bbox_dn_0: 0.0668 (0.0741)  loss_bbox_dn_1: 0.0532 (0.0622)  loss_bbox_dn_2: 0.0524 (0.0604)  loss_giou: 1.1056 (1.1581)  loss_giou_aux_0: 1.1442 (1.1886)  loss_giou_aux_1: 1.1162 (1.1691)  loss_giou_aux_2: 1.2316 (1.2690)  loss_giou_dn_0: 0.8859 (0.9228)  loss_giou_dn_1: 0.8010 (0.8292)  loss_giou_dn_2: 0.7930 (0.8154)  loss_vfl: 0.5198 (0.5257)  loss_vfl_aux_0: 0.5156 (0.5221)  loss_vfl_aux_1: 0.5172 (0.5265)  loss_vfl_aux_2: 0.5007 (0.4917)  loss_vfl_dn_0: 0.4698 (0.4705)  loss_vfl_dn_1: 0.4686 (0.4712)  loss_vfl_dn_2: 0.4655 (0.4675)  time: 0.7842  data: 0.0332  max mem: 8526
Epoch: [6] Total time: 0:12:32 (0.9307 s / it)
Averaged stats: lr: 0.000100  loss: 11.4267 (11.5952)  loss_bbox: 0.1098 (0.1360)  loss_bbox_aux_0: 0.1177 (0.1419)  loss_bbox_aux_1: 0.1131 (0.1370)  loss_bbox_aux_2: 0.1343 (0.1563)  loss_bbox_dn_0: 0.0668 (0.0741)  loss_bbox_dn_1: 0.0532 (0.0622)  loss_bbox_dn_2: 0.0524 (0.0604)  loss_giou: 1.1056 (1.1581)  loss_giou_aux_0: 1.1442 (1.1886)  loss_giou_aux_1: 1.1162 (1.1691)  loss_giou_aux_2: 1.2316 (1.2690)  loss_giou_dn_0: 0.8859 (0.9228)  loss_giou_dn_1: 0.8010 (0.8292)  loss_giou_dn_2: 0.7930 (0.8154)  loss_vfl: 0.5198 (0.5257)  loss_vfl_aux_0: 0.5156 (0.5221)  loss_vfl_aux_1: 0.5172 (0.5265)  loss_vfl_aux_2: 0.5007 (0.4917)  loss_vfl_dn_0: 0.4698 (0.4705)  loss_vfl_dn_1: 0.4686 (0.4712)  loss_vfl_dn_2: 0.4655 (0.4675)
Test:  [ 0/69]  eta: 0:01:46    time: 1.5441  data: 0.6551  max mem: 8526
Test:  [10/69]  eta: 0:00:47    time: 0.8054  data: 0.0766  max mem: 8526
Test:  [20/69]  eta: 0:00:36    time: 0.6995  data: 0.0197  max mem: 8526
Test:  [30/69]  eta: 0:00:27    time: 0.6464  data: 0.0209  max mem: 8526
Test:  [40/69]  eta: 0:00:19    time: 0.6085  data: 0.0211  max mem: 8526
Test:  [50/69]  eta: 0:00:12    time: 0.5637  data: 0.0206  max mem: 8526
Test:  [60/69]  eta: 0:00:05    time: 0.5302  data: 0.0207  max mem: 8526
Test:  [68/69]  eta: 0:00:00    time: 0.5460  data: 0.0193  max mem: 8526
Test: Total time: 0:00:43 (0.6250 s / it)
Averaged stats: 
Accumulating evaluation results...
DONE (t=1.93s).
IoU metric: bbox
 Average Precision  (AP) @[ IoU=0.50:0.95 | area=   all | maxDets=100 ] = 0.122
 Average Precision  (AP) @[ IoU=0.50      | area=   all | maxDets=100 ] = 0.215
 Average Precision  (AP) @[ IoU=0.75      | area=   all | maxDets=100 ] = 0.120
 Average Precision  (AP) @[ IoU=0.50:0.95 | area= small | maxDets=100 ] = 0.074
 Average Precision  (AP) @[ IoU=0.50:0.95 | area=medium | maxDets=100 ] = 0.179
 Average Precision  (AP) @[ IoU=0.50:0.95 | area= large | maxDets=100 ] = 0.234
 Average Recall     (AR) @[ IoU=0.50:0.95 | area=   all | maxDets=  1 ] = 0.065
 Average Recall     (AR) @[ IoU=0.50:0.95 | area=   all | maxDets= 10 ] = 0.190
 Average Recall     (AR) @[ IoU=0.50:0.95 | area=   all | maxDets=100 ] = 0.273
 Average Recall     (AR) @[ IoU=0.50:0.95 | area= small | maxDets=100 ] = 0.193
 Average Recall     (AR) @[ IoU=0.50:0.95 | area=medium | maxDets=100 ] = 0.367
 Average Recall     (AR) @[ IoU=0.50:0.95 | area= large | maxDets=100 ] = 0.436
best_stat:  {'epoch': 6, 'coco_eval_bbox': 0.12241857034680087}
Epoch: [7]  [  0/809]  eta: 1:06:55  lr: 0.000100  loss: 10.4209 (10.4209)  loss_bbox: 0.0917 (0.0917)  loss_bbox_aux_0: 0.0957 (0.0957)  loss_bbox_aux_1: 0.0940 (0.0940)  loss_bbox_aux_2: 0.1077 (0.1077)  loss_bbox_dn_0: 0.0781 (0.0781)  loss_bbox_dn_1: 0.0645 (0.0645)  loss_bbox_dn_2: 0.0631 (0.0631)  loss_giou: 0.8772 (0.8772)  loss_giou_aux_0: 0.9118 (0.9118)  loss_giou_aux_1: 0.8920 (0.8920)  loss_giou_aux_2: 0.9866 (0.9866)  loss_giou_dn_0: 0.8605 (0.8605)  loss_giou_dn_1: 0.7319 (0.7319)  loss_giou_dn_2: 0.7107 (0.7107)  loss_vfl: 0.6133 (0.6133)  loss_vfl_aux_0: 0.6047 (0.6047)  loss_vfl_aux_1: 0.5964 (0.5964)  loss_vfl_aux_2: 0.5820 (0.5820)  loss_vfl_dn_0: 0.4861 (0.4861)  loss_vfl_dn_1: 0.4884 (0.4884)  loss_vfl_dn_2: 0.4843 (0.4843)  time: 4.9633  data: 2.5577  max mem: 8526
Epoch: [7]  [100/809]  eta: 0:11:37  lr: 0.000100  loss: 11.4524 (11.4850)  loss_bbox: 0.1107 (0.1334)  loss_bbox_aux_0: 0.1154 (0.1396)  loss_bbox_aux_1: 0.1122 (0.1342)  loss_bbox_aux_2: 0.1328 (0.1551)  loss_bbox_dn_0: 0.0659 (0.0756)  loss_bbox_dn_1: 0.0547 (0.0618)  loss_bbox_dn_2: 0.0526 (0.0598)  loss_giou: 1.1361 (1.1371)  loss_giou_aux_0: 1.1563 (1.1661)  loss_giou_aux_1: 1.1500 (1.1484)  loss_giou_aux_2: 1.2477 (1.2480)  loss_giou_dn_0: 0.9210 (0.9254)  loss_giou_dn_1: 0.8204 (0.8218)  loss_giou_dn_2: 0.8044 (0.8078)  loss_vfl: 0.5380 (0.5241)  loss_vfl_aux_0: 0.5330 (0.5228)  loss_vfl_aux_1: 0.5309 (0.5243)  loss_vfl_aux_2: 0.5078 (0.4885)  loss_vfl_dn_0: 0.4766 (0.4702)  loss_vfl_dn_1: 0.4738 (0.4728)  loss_vfl_dn_2: 0.4679 (0.4684)  time: 0.8992  data: 0.0378  max mem: 8526
Epoch: [7]  [200/809]  eta: 0:09:46  lr: 0.000100  loss: 10.8255 (11.4496)  loss_bbox: 0.1015 (0.1319)  loss_bbox_aux_0: 0.1084 (0.1377)  loss_bbox_aux_1: 0.1018 (0.1328)  loss_bbox_aux_2: 0.1211 (0.1512)  loss_bbox_dn_0: 0.0637 (0.0750)  loss_bbox_dn_1: 0.0546 (0.0625)  loss_bbox_dn_2: 0.0535 (0.0607)  loss_giou: 1.0348 (1.1300)  loss_giou_aux_0: 1.0606 (1.1593)  loss_giou_aux_1: 1.0375 (1.1411)  loss_giou_aux_2: 1.1448 (1.2364)  loss_giou_dn_0: 0.9029 (0.9156)  loss_giou_dn_1: 0.7990 (0.8190)  loss_giou_dn_2: 0.7917 (0.8053)  loss_vfl: 0.5365 (0.5279)  loss_vfl_aux_0: 0.5280 (0.5266)  loss_vfl_aux_1: 0.5297 (0.5287)  loss_vfl_aux_2: 0.5060 (0.4966)  loss_vfl_dn_0: 0.4738 (0.4714)  loss_vfl_dn_1: 0.4696 (0.4718)  loss_vfl_dn_2: 0.4675 (0.4679)  time: 0.9017  data: 0.0393  max mem: 8526
Epoch: [7]  [300/809]  eta: 0:08:07  lr: 0.000100  loss: 11.2263 (11.4609)  loss_bbox: 0.1043 (0.1328)  loss_bbox_aux_0: 0.1086 (0.1385)  loss_bbox_aux_1: 0.1043 (0.1336)  loss_bbox_aux_2: 0.1257 (0.1519)  loss_bbox_dn_0: 0.0606 (0.0740)  loss_bbox_dn_1: 0.0515 (0.0617)  loss_bbox_dn_2: 0.0498 (0.0599)  loss_giou: 1.0865 (1.1350)  loss_giou_aux_0: 1.1101 (1.1655)  loss_giou_aux_1: 1.0914 (1.1468)  loss_giou_aux_2: 1.2178 (1.2418)  loss_giou_dn_0: 0.8925 (0.9126)  loss_giou_dn_1: 0.8065 (0.8178)  loss_giou_dn_2: 0.7839 (0.8043)  loss_vfl: 0.5314 (0.5273)  loss_vfl_aux_0: 0.5469 (0.5246)  loss_vfl_aux_1: 0.5314 (0.5276)  loss_vfl_aux_2: 0.4767 (0.4953)  loss_vfl_dn_0: 0.4725 (0.4715)  loss_vfl_dn_1: 0.4688 (0.4714)  loss_vfl_dn_2: 0.4641 (0.4671)  time: 0.9885  data: 0.0403  max mem: 8526
Epoch: [7]  [400/809]  eta: 0:06:29  lr: 0.000100  loss: 11.4420 (11.4956)  loss_bbox: 0.1251 (0.1343)  loss_bbox_aux_0: 0.1308 (0.1401)  loss_bbox_aux_1: 0.1278 (0.1350)  loss_bbox_aux_2: 0.1439 (0.1536)  loss_bbox_dn_0: 0.0656 (0.0737)  loss_bbox_dn_1: 0.0561 (0.0615)  loss_bbox_dn_2: 0.0549 (0.0598)  loss_giou: 1.1664 (1.1437)  loss_giou_aux_0: 1.2099 (1.1748)  loss_giou_aux_1: 1.1865 (1.1558)  loss_giou_aux_2: 1.2756 (1.2498)  loss_giou_dn_0: 0.9320 (0.9143)  loss_giou_dn_1: 0.8398 (0.8203)  loss_giou_dn_2: 0.8245 (0.8068)  loss_vfl: 0.4775 (0.5239)  loss_vfl_aux_0: 0.4657 (0.5213)  loss_vfl_aux_1: 0.4746 (0.5245)  loss_vfl_aux_2: 0.4293 (0.4918)  loss_vfl_dn_0: 0.4647 (0.4715)  loss_vfl_dn_1: 0.4680 (0.4715)  loss_vfl_dn_2: 0.4697 (0.4676)  time: 0.9025  data: 0.0382  max mem: 8526
Epoch: [7]  [500/809]  eta: 0:04:53  lr: 0.000100  loss: 11.2134 (11.4545)  loss_bbox: 0.1274 (0.1316)  loss_bbox_aux_0: 0.1385 (0.1375)  loss_bbox_aux_1: 0.1320 (0.1325)  loss_bbox_aux_2: 0.1451 (0.1512)  loss_bbox_dn_0: 0.0705 (0.0741)  loss_bbox_dn_1: 0.0592 (0.0619)  loss_bbox_dn_2: 0.0567 (0.0601)  loss_giou: 1.0748 (1.1336)  loss_giou_aux_0: 1.1007 (1.1646)  loss_giou_aux_1: 1.0838 (1.1458)  loss_giou_aux_2: 1.1568 (1.2398)  loss_giou_dn_0: 0.9213 (0.9112)  loss_giou_dn_1: 0.8177 (0.8170)  loss_giou_dn_2: 0.8035 (0.8033)  loss_vfl: 0.5427 (0.5282)  loss_vfl_aux_0: 0.5320 (0.5256)  loss_vfl_aux_1: 0.5425 (0.5291)  loss_vfl_aux_2: 0.4985 (0.4974)  loss_vfl_dn_0: 0.4626 (0.4717)  loss_vfl_dn_1: 0.4757 (0.4712)  loss_vfl_dn_2: 0.4702 (0.4672)  time: 0.9498  data: 0.0413  max mem: 8526
Epoch: [7]  [600/809]  eta: 0:03:17  lr: 0.000100  loss: 11.1684 (11.4542)  loss_bbox: 0.1131 (0.1310)  loss_bbox_aux_0: 0.1187 (0.1369)  loss_bbox_aux_1: 0.1128 (0.1319)  loss_bbox_aux_2: 0.1364 (0.1509)  loss_bbox_dn_0: 0.0683 (0.0742)  loss_bbox_dn_1: 0.0553 (0.0620)  loss_bbox_dn_2: 0.0545 (0.0602)  loss_giou: 1.0666 (1.1327)  loss_giou_aux_0: 1.0862 (1.1639)  loss_giou_aux_1: 1.0737 (1.1447)  loss_giou_aux_2: 1.1948 (1.2407)  loss_giou_dn_0: 0.8767 (0.9116)  loss_giou_dn_1: 0.7823 (0.8172)  loss_giou_dn_2: 0.7679 (0.8035)  loss_vfl: 0.5244 (0.5289)  loss_vfl_aux_0: 0.5239 (0.5262)  loss_vfl_aux_1: 0.5217 (0.5299)  loss_vfl_aux_2: 0.4739 (0.4972)  loss_vfl_dn_0: 0.4773 (0.4717)  loss_vfl_dn_1: 0.4728 (0.4714)  loss_vfl_dn_2: 0.4655 (0.4674)  time: 0.9281  data: 0.0447  max mem: 8526
Epoch: [7]  [700/809]  eta: 0:01:42  lr: 0.000100  loss: 11.1221 (11.4533)  loss_bbox: 0.1124 (0.1312)  loss_bbox_aux_0: 0.1196 (0.1371)  loss_bbox_aux_1: 0.1154 (0.1321)  loss_bbox_aux_2: 0.1328 (0.1512)  loss_bbox_dn_0: 0.0687 (0.0739)  loss_bbox_dn_1: 0.0587 (0.0618)  loss_bbox_dn_2: 0.0565 (0.0600)  loss_giou: 1.0695 (1.1345)  loss_giou_aux_0: 1.1056 (1.1659)  loss_giou_aux_1: 1.0818 (1.1465)  loss_giou_aux_2: 1.1662 (1.2421)  loss_giou_dn_0: 0.8710 (0.9116)  loss_giou_dn_1: 0.7870 (0.8174)  loss_giou_dn_2: 0.7702 (0.8037)  loss_vfl: 0.5211 (0.5268)  loss_vfl_aux_0: 0.5299 (0.5243)  loss_vfl_aux_1: 0.5337 (0.5279)  loss_vfl_aux_2: 0.5029 (0.4958)  loss_vfl_dn_0: 0.4789 (0.4715)  loss_vfl_dn_1: 0.4697 (0.4710)  loss_vfl_dn_2: 0.4678 (0.4671)  time: 0.9511  data: 0.0419  max mem: 8526
Epoch: [7]  [800/809]  eta: 0:00:08  lr: 0.000100  loss: 11.5716 (11.4544)  loss_bbox: 0.1267 (0.1315)  loss_bbox_aux_0: 0.1308 (0.1373)  loss_bbox_aux_1: 0.1275 (0.1323)  loss_bbox_aux_2: 0.1487 (0.1516)  loss_bbox_dn_0: 0.0720 (0.0737)  loss_bbox_dn_1: 0.0598 (0.0616)  loss_bbox_dn_2: 0.0564 (0.0598)  loss_giou: 1.1767 (1.1368)  loss_giou_aux_0: 1.2017 (1.1678)  loss_giou_aux_1: 1.1893 (1.1487)  loss_giou_aux_2: 1.2574 (1.2436)  loss_giou_dn_0: 0.8981 (0.9110)  loss_giou_dn_1: 0.8044 (0.8169)  loss_giou_dn_2: 0.7843 (0.8033)  loss_vfl: 0.5032 (0.5252)  loss_vfl_aux_0: 0.5024 (0.5230)  loss_vfl_aux_1: 0.5094 (0.5264)  loss_vfl_aux_2: 0.4834 (0.4948)  loss_vfl_dn_0: 0.4670 (0.4714)  loss_vfl_dn_1: 0.4626 (0.4709)  loss_vfl_dn_2: 0.4607 (0.4669)  time: 0.9304  data: 0.0366  max mem: 8526
Epoch: [7]  [808/809]  eta: 0:00:00  lr: 0.000100  loss: 11.6935 (11.4542)  loss_bbox: 0.1319 (0.1316)  loss_bbox_aux_0: 0.1467 (0.1375)  loss_bbox_aux_1: 0.1318 (0.1324)  loss_bbox_aux_2: 0.1564 (0.1517)  loss_bbox_dn_0: 0.0720 (0.0738)  loss_bbox_dn_1: 0.0598 (0.0616)  loss_bbox_dn_2: 0.0575 (0.0598)  loss_giou: 1.1767 (1.1365)  loss_giou_aux_0: 1.2017 (1.1675)  loss_giou_aux_1: 1.1893 (1.1484)  loss_giou_aux_2: 1.2629 (1.2435)  loss_giou_dn_0: 0.9139 (0.9107)  loss_giou_dn_1: 0.8128 (0.8165)  loss_giou_dn_2: 0.7973 (0.8029)  loss_vfl: 0.5223 (0.5255)  loss_vfl_aux_0: 0.5099 (0.5233)  loss_vfl_aux_1: 0.5138 (0.5266)  loss_vfl_aux_2: 0.4667 (0.4950)  loss_vfl_dn_0: 0.4703 (0.4715)  loss_vfl_dn_1: 0.4698 (0.4710)  loss_vfl_dn_2: 0.4647 (0.4670)  time: 0.7767  data: 0.0322  max mem: 8526
Epoch: [7] Total time: 0:12:37 (0.9368 s / it)
Averaged stats: lr: 0.000100  loss: 11.6935 (11.4542)  loss_bbox: 0.1319 (0.1316)  loss_bbox_aux_0: 0.1467 (0.1375)  loss_bbox_aux_1: 0.1318 (0.1324)  loss_bbox_aux_2: 0.1564 (0.1517)  loss_bbox_dn_0: 0.0720 (0.0738)  loss_bbox_dn_1: 0.0598 (0.0616)  loss_bbox_dn_2: 0.0575 (0.0598)  loss_giou: 1.1767 (1.1365)  loss_giou_aux_0: 1.2017 (1.1675)  loss_giou_aux_1: 1.1893 (1.1484)  loss_giou_aux_2: 1.2629 (1.2435)  loss_giou_dn_0: 0.9139 (0.9107)  loss_giou_dn_1: 0.8128 (0.8165)  loss_giou_dn_2: 0.7973 (0.8029)  loss_vfl: 0.5223 (0.5255)  loss_vfl_aux_0: 0.5099 (0.5233)  loss_vfl_aux_1: 0.5138 (0.5266)  loss_vfl_aux_2: 0.4667 (0.4950)  loss_vfl_dn_0: 0.4703 (0.4715)  loss_vfl_dn_1: 0.4698 (0.4710)  loss_vfl_dn_2: 0.4647 (0.4670)
Test:  [ 0/69]  eta: 0:01:31    time: 1.3252  data: 0.6682  max mem: 8526
Test:  [10/69]  eta: 0:00:44    time: 0.7553  data: 0.0777  max mem: 8526
Test:  [20/69]  eta: 0:00:35    time: 0.6898  data: 0.0200  max mem: 8526
Test:  [30/69]  eta: 0:00:26    time: 0.6539  data: 0.0213  max mem: 8526
Test:  [40/69]  eta: 0:00:19    time: 0.5975  data: 0.0209  max mem: 8526
Test:  [50/69]  eta: 0:00:12    time: 0.5620  data: 0.0211  max mem: 8526
Test:  [60/69]  eta: 0:00:05    time: 0.5437  data: 0.0212  max mem: 8526
Test:  [68/69]  eta: 0:00:00    time: 0.5427  data: 0.0196  max mem: 8526
Test: Total time: 0:00:42 (0.6169 s / it)
Averaged stats: 
Accumulating evaluation results...
DONE (t=1.86s).
IoU metric: bbox
 Average Precision  (AP) @[ IoU=0.50:0.95 | area=   all | maxDets=100 ] = 0.128
 Average Precision  (AP) @[ IoU=0.50      | area=   all | maxDets=100 ] = 0.222
 Average Precision  (AP) @[ IoU=0.75      | area=   all | maxDets=100 ] = 0.128
 Average Precision  (AP) @[ IoU=0.50:0.95 | area= small | maxDets=100 ] = 0.076
 Average Precision  (AP) @[ IoU=0.50:0.95 | area=medium | maxDets=100 ] = 0.186
 Average Precision  (AP) @[ IoU=0.50:0.95 | area= large | maxDets=100 ] = 0.248
 Average Recall     (AR) @[ IoU=0.50:0.95 | area=   all | maxDets=  1 ] = 0.066
 Average Recall     (AR) @[ IoU=0.50:0.95 | area=   all | maxDets= 10 ] = 0.189
 Average Recall     (AR) @[ IoU=0.50:0.95 | area=   all | maxDets=100 ] = 0.267
 Average Recall     (AR) @[ IoU=0.50:0.95 | area= small | maxDets=100 ] = 0.191
 Average Recall     (AR) @[ IoU=0.50:0.95 | area=medium | maxDets=100 ] = 0.362
 Average Recall     (AR) @[ IoU=0.50:0.95 | area= large | maxDets=100 ] = 0.415
best_stat:  {'epoch': 7, 'coco_eval_bbox': 0.12761669558558497}
Epoch: [8]  [  0/809]  eta: 1:13:51  lr: 0.000100  loss: 11.2947 (11.2947)  loss_bbox: 0.1005 (0.1005)  loss_bbox_aux_0: 0.1046 (0.1046)  loss_bbox_aux_1: 0.1016 (0.1016)  loss_bbox_aux_2: 0.1251 (0.1251)  loss_bbox_dn_0: 0.0811 (0.0811)  loss_bbox_dn_1: 0.0715 (0.0715)  loss_bbox_dn_2: 0.0695 (0.0695)  loss_giou: 1.0577 (1.0577)  loss_giou_aux_0: 1.0787 (1.0787)  loss_giou_aux_1: 1.0741 (1.0741)  loss_giou_aux_2: 1.1386 (1.1386)  loss_giou_dn_0: 0.9190 (0.9190)  loss_giou_dn_1: 0.8217 (0.8217)  loss_giou_dn_2: 0.8069 (0.8069)  loss_vfl: 0.5916 (0.5916)  loss_vfl_aux_0: 0.5710 (0.5710)  loss_vfl_aux_1: 0.5837 (0.5837)  loss_vfl_aux_2: 0.5386 (0.5386)  loss_vfl_dn_0: 0.4852 (0.4852)  loss_vfl_dn_1: 0.4890 (0.4890)  loss_vfl_dn_2: 0.4849 (0.4849)  time: 5.4780  data: 2.1587  max mem: 8526
Epoch: [8]  [100/809]  eta: 0:11:46  lr: 0.000100  loss: 11.2595 (11.2491)  loss_bbox: 0.1085 (0.1224)  loss_bbox_aux_0: 0.1125 (0.1280)  loss_bbox_aux_1: 0.1103 (0.1233)  loss_bbox_aux_2: 0.1285 (0.1430)  loss_bbox_dn_0: 0.0601 (0.0736)  loss_bbox_dn_1: 0.0505 (0.0613)  loss_bbox_dn_2: 0.0499 (0.0595)  loss_giou: 1.1388 (1.0971)  loss_giou_aux_0: 1.2004 (1.1276)  loss_giou_aux_1: 1.1545 (1.1087)  loss_giou_aux_2: 1.3024 (1.2114)  loss_giou_dn_0: 0.8869 (0.8971)  loss_giou_dn_1: 0.7921 (0.8008)  loss_giou_dn_2: 0.7788 (0.7875)  loss_vfl: 0.5099 (0.5300)  loss_vfl_aux_0: 0.5208 (0.5297)  loss_vfl_aux_1: 0.5110 (0.5312)  loss_vfl_aux_2: 0.4711 (0.4995)  loss_vfl_dn_0: 0.4749 (0.4751)  loss_vfl_dn_1: 0.4734 (0.4730)  loss_vfl_dn_2: 0.4695 (0.4692)  time: 0.9129  data: 0.0331  max mem: 8526
Epoch: [8]  [200/809]  eta: 0:09:55  lr: 0.000100  loss: 11.0077 (11.3460)  loss_bbox: 0.1233 (0.1273)  loss_bbox_aux_0: 0.1258 (0.1332)  loss_bbox_aux_1: 0.1262 (0.1284)  loss_bbox_aux_2: 0.1404 (0.1481)  loss_bbox_dn_0: 0.0631 (0.0731)  loss_bbox_dn_1: 0.0541 (0.0611)  loss_bbox_dn_2: 0.0519 (0.0592)  loss_giou: 1.0843 (1.1223)  loss_giou_aux_0: 1.1190 (1.1520)  loss_giou_aux_1: 1.0911 (1.1341)  loss_giou_aux_2: 1.2014 (1.2330)  loss_giou_dn_0: 0.9077 (0.9030)  loss_giou_dn_1: 0.8072 (0.8090)  loss_giou_dn_2: 0.7931 (0.7959)  loss_vfl: 0.5112 (0.5206)  loss_vfl_aux_0: 0.5159 (0.5203)  loss_vfl_aux_1: 0.5156 (0.5223)  loss_vfl_aux_2: 0.4679 (0.4906)  loss_vfl_dn_0: 0.4668 (0.4733)  loss_vfl_dn_1: 0.4691 (0.4715)  loss_vfl_dn_2: 0.4668 (0.4677)  time: 0.9253  data: 0.0387  max mem: 8526
Epoch: [8]  [300/809]  eta: 0:08:10  lr: 0.000100  loss: 11.2346 (11.4117)  loss_bbox: 0.1134 (0.1335)  loss_bbox_aux_0: 0.1189 (0.1395)  loss_bbox_aux_1: 0.1131 (0.1348)  loss_bbox_aux_2: 0.1361 (0.1545)  loss_bbox_dn_0: 0.0686 (0.0723)  loss_bbox_dn_1: 0.0565 (0.0603)  loss_bbox_dn_2: 0.0538 (0.0585)  loss_giou: 1.0962 (1.1351)  loss_giou_aux_0: 1.1452 (1.1636)  loss_giou_aux_1: 1.1157 (1.1469)  loss_giou_aux_2: 1.2121 (1.2431)  loss_giou_dn_0: 0.9021 (0.9041)  loss_giou_dn_1: 0.7834 (0.8094)  loss_giou_dn_2: 0.7678 (0.7964)  loss_vfl: 0.5243 (0.5201)  loss_vfl_aux_0: 0.5099 (0.5192)  loss_vfl_aux_1: 0.5308 (0.5211)  loss_vfl_aux_2: 0.4681 (0.4893)  loss_vfl_dn_0: 0.4712 (0.4722)  loss_vfl_dn_1: 0.4712 (0.4709)  loss_vfl_dn_2: 0.4669 (0.4669)  time: 0.9250  data: 0.0361  max mem: 8526
Epoch: [8]  [400/809]  eta: 0:06:30  lr: 0.000100  loss: 11.5345 (11.4046)  loss_bbox: 0.1259 (0.1333)  loss_bbox_aux_0: 0.1318 (0.1398)  loss_bbox_aux_1: 0.1270 (0.1347)  loss_bbox_aux_2: 0.1390 (0.1548)  loss_bbox_dn_0: 0.0717 (0.0725)  loss_bbox_dn_1: 0.0624 (0.0605)  loss_bbox_dn_2: 0.0590 (0.0587)  loss_giou: 1.1696 (1.1303)  loss_giou_aux_0: 1.1980 (1.1597)  loss_giou_aux_1: 1.1708 (1.1423)  loss_giou_aux_2: 1.2512 (1.2399)  loss_giou_dn_0: 0.9194 (0.9011)  loss_giou_dn_1: 0.8087 (0.8059)  loss_giou_dn_2: 0.7909 (0.7926)  loss_vfl: 0.5092 (0.5251)  loss_vfl_aux_0: 0.4882 (0.5232)  loss_vfl_aux_1: 0.4994 (0.5260)  loss_vfl_aux_2: 0.4686 (0.4926)  loss_vfl_dn_0: 0.4742 (0.4727)  loss_vfl_dn_1: 0.4689 (0.4714)  loss_vfl_dn_2: 0.4620 (0.4674)  time: 0.9492  data: 0.0347  max mem: 8526
Epoch: [8]  [500/809]  eta: 0:04:53  lr: 0.000100  loss: 11.3205 (11.4106)  loss_bbox: 0.1164 (0.1325)  loss_bbox_aux_0: 0.1229 (0.1389)  loss_bbox_aux_1: 0.1218 (0.1338)  loss_bbox_aux_2: 0.1404 (0.1538)  loss_bbox_dn_0: 0.0640 (0.0721)  loss_bbox_dn_1: 0.0558 (0.0602)  loss_bbox_dn_2: 0.0548 (0.0584)  loss_giou: 1.0843 (1.1325)  loss_giou_aux_0: 1.1212 (1.1620)  loss_giou_aux_1: 1.0926 (1.1440)  loss_giou_aux_2: 1.2112 (1.2415)  loss_giou_dn_0: 0.8938 (0.9014)  loss_giou_dn_1: 0.8120 (0.8068)  loss_giou_dn_2: 0.8075 (0.7937)  loss_vfl: 0.5326 (0.5250)  loss_vfl_aux_0: 0.5461 (0.5233)  loss_vfl_aux_1: 0.5464 (0.5263)  loss_vfl_aux_2: 0.4904 (0.4937)  loss_vfl_dn_0: 0.4736 (0.4725)  loss_vfl_dn_1: 0.4692 (0.4711)  loss_vfl_dn_2: 0.4648 (0.4672)  time: 0.9442  data: 0.0412  max mem: 8526
Epoch: [8]  [600/809]  eta: 0:03:17  lr: 0.000100  loss: 11.3633 (11.3979)  loss_bbox: 0.1232 (0.1310)  loss_bbox_aux_0: 0.1288 (0.1374)  loss_bbox_aux_1: 0.1198 (0.1322)  loss_bbox_aux_2: 0.1493 (0.1519)  loss_bbox_dn_0: 0.0649 (0.0722)  loss_bbox_dn_1: 0.0541 (0.0604)  loss_bbox_dn_2: 0.0526 (0.0586)  loss_giou: 1.1405 (1.1303)  loss_giou_aux_0: 1.1629 (1.1600)  loss_giou_aux_1: 1.1474 (1.1416)  loss_giou_aux_2: 1.2438 (1.2385)  loss_giou_dn_0: 0.9087 (0.9013)  loss_giou_dn_1: 0.8249 (0.8070)  loss_giou_dn_2: 0.8092 (0.7938)  loss_vfl: 0.5074 (0.5260)  loss_vfl_aux_0: 0.5126 (0.5237)  loss_vfl_aux_1: 0.5060 (0.5273)  loss_vfl_aux_2: 0.4725 (0.4942)  loss_vfl_dn_0: 0.4698 (0.4724)  loss_vfl_dn_1: 0.4717 (0.4710)  loss_vfl_dn_2: 0.4672 (0.4672)  time: 0.9134  data: 0.0417  max mem: 8526
Epoch: [8]  [700/809]  eta: 0:01:42  lr: 0.000100  loss: 11.1450 (11.3824)  loss_bbox: 0.1120 (0.1305)  loss_bbox_aux_0: 0.1170 (0.1369)  loss_bbox_aux_1: 0.1138 (0.1318)  loss_bbox_aux_2: 0.1356 (0.1513)  loss_bbox_dn_0: 0.0706 (0.0723)  loss_bbox_dn_1: 0.0603 (0.0604)  loss_bbox_dn_2: 0.0594 (0.0587)  loss_giou: 1.0878 (1.1267)  loss_giou_aux_0: 1.1128 (1.1566)  loss_giou_aux_1: 1.1044 (1.1380)  loss_giou_aux_2: 1.2028 (1.2348)  loss_giou_dn_0: 0.8798 (0.8988)  loss_giou_dn_1: 0.8037 (0.8047)  loss_giou_dn_2: 0.7870 (0.7917)  loss_vfl: 0.5093 (0.5274)  loss_vfl_aux_0: 0.5200 (0.5252)  loss_vfl_aux_1: 0.5149 (0.5287)  loss_vfl_aux_2: 0.5087 (0.4962)  loss_vfl_dn_0: 0.4703 (0.4731)  loss_vfl_dn_1: 0.4697 (0.4713)  loss_vfl_dn_2: 0.4642 (0.4674)  time: 0.9296  data: 0.0425  max mem: 8526
Epoch: [8]  [800/809]  eta: 0:00:08  lr: 0.000100  loss: 11.2415 (11.3657)  loss_bbox: 0.1141 (0.1292)  loss_bbox_aux_0: 0.1158 (0.1355)  loss_bbox_aux_1: 0.1130 (0.1304)  loss_bbox_aux_2: 0.1269 (0.1496)  loss_bbox_dn_0: 0.0669 (0.0719)  loss_bbox_dn_1: 0.0549 (0.0601)  loss_bbox_dn_2: 0.0538 (0.0584)  loss_giou: 1.0877 (1.1245)  loss_giou_aux_0: 1.1101 (1.1544)  loss_giou_aux_1: 1.0887 (1.1357)  loss_giou_aux_2: 1.1861 (1.2315)  loss_giou_dn_0: 0.9087 (0.8970)  loss_giou_dn_1: 0.8072 (0.8038)  loss_giou_dn_2: 0.7961 (0.7909)  loss_vfl: 0.5359 (0.5277)  loss_vfl_aux_0: 0.5281 (0.5256)  loss_vfl_aux_1: 0.5300 (0.5289)  loss_vfl_aux_2: 0.4856 (0.4972)  loss_vfl_dn_0: 0.4829 (0.4738)  loss_vfl_dn_1: 0.4768 (0.4717)  loss_vfl_dn_2: 0.4727 (0.4678)  time: 0.9165  data: 0.0314  max mem: 8526
Epoch: [8]  [808/809]  eta: 0:00:00  lr: 0.000100  loss: 11.2754 (11.3641)  loss_bbox: 0.1141 (0.1290)  loss_bbox_aux_0: 0.1158 (0.1353)  loss_bbox_aux_1: 0.1130 (0.1302)  loss_bbox_aux_2: 0.1269 (0.1494)  loss_bbox_dn_0: 0.0626 (0.0718)  loss_bbox_dn_1: 0.0504 (0.0600)  loss_bbox_dn_2: 0.0496 (0.0583)  loss_giou: 1.1358 (1.1246)  loss_giou_aux_0: 1.1636 (1.1545)  loss_giou_aux_1: 1.1407 (1.1359)  loss_giou_aux_2: 1.2297 (1.2316)  loss_giou_dn_0: 0.9152 (0.8969)  loss_giou_dn_1: 0.8269 (0.8037)  loss_giou_dn_2: 0.8104 (0.7908)  loss_vfl: 0.5168 (0.5276)  loss_vfl_aux_0: 0.5084 (0.5255)  loss_vfl_aux_1: 0.5148 (0.5288)  loss_vfl_aux_2: 0.4668 (0.4971)  loss_vfl_dn_0: 0.4712 (0.4738)  loss_vfl_dn_1: 0.4655 (0.4717)  loss_vfl_dn_2: 0.4625 (0.4678)  time: 0.7712  data: 0.0251  max mem: 8526
Epoch: [8] Total time: 0:12:40 (0.9395 s / it)
Averaged stats: lr: 0.000100  loss: 11.2754 (11.3641)  loss_bbox: 0.1141 (0.1290)  loss_bbox_aux_0: 0.1158 (0.1353)  loss_bbox_aux_1: 0.1130 (0.1302)  loss_bbox_aux_2: 0.1269 (0.1494)  loss_bbox_dn_0: 0.0626 (0.0718)  loss_bbox_dn_1: 0.0504 (0.0600)  loss_bbox_dn_2: 0.0496 (0.0583)  loss_giou: 1.1358 (1.1246)  loss_giou_aux_0: 1.1636 (1.1545)  loss_giou_aux_1: 1.1407 (1.1359)  loss_giou_aux_2: 1.2297 (1.2316)  loss_giou_dn_0: 0.9152 (0.8969)  loss_giou_dn_1: 0.8269 (0.8037)  loss_giou_dn_2: 0.8104 (0.7908)  loss_vfl: 0.5168 (0.5276)  loss_vfl_aux_0: 0.5084 (0.5255)  loss_vfl_aux_1: 0.5148 (0.5288)  loss_vfl_aux_2: 0.4668 (0.4971)  loss_vfl_dn_0: 0.4712 (0.4738)  loss_vfl_dn_1: 0.4655 (0.4717)  loss_vfl_dn_2: 0.4625 (0.4678)
Test:  [ 0/69]  eta: 0:01:42    time: 1.4795  data: 0.6682  max mem: 8526
Test:  [10/69]  eta: 0:00:41    time: 0.7114  data: 0.0806  max mem: 8526
Test:  [20/69]  eta: 0:00:35    time: 0.6884  data: 0.0221  max mem: 8526
Test:  [30/69]  eta: 0:00:27    time: 0.6828  data: 0.0227  max mem: 8526
Test:  [40/69]  eta: 0:00:19    time: 0.5999  data: 0.0225  max mem: 8526
Test:  [50/69]  eta: 0:00:12    time: 0.5549  data: 0.0210  max mem: 8526
Test:  [60/69]  eta: 0:00:05    time: 0.5363  data: 0.0205  max mem: 8526
Test:  [68/69]  eta: 0:00:00    time: 0.5600  data: 0.0197  max mem: 8526
Test: Total time: 0:00:42 (0.6202 s / it)
Averaged stats: 
Accumulating evaluation results...
DONE (t=1.85s).
IoU metric: bbox
 Average Precision  (AP) @[ IoU=0.50:0.95 | area=   all | maxDets=100 ] = 0.137
 Average Precision  (AP) @[ IoU=0.50      | area=   all | maxDets=100 ] = 0.236
 Average Precision  (AP) @[ IoU=0.75      | area=   all | maxDets=100 ] = 0.138
 Average Precision  (AP) @[ IoU=0.50:0.95 | area= small | maxDets=100 ] = 0.084
 Average Precision  (AP) @[ IoU=0.50:0.95 | area=medium | maxDets=100 ] = 0.197
 Average Precision  (AP) @[ IoU=0.50:0.95 | area= large | maxDets=100 ] = 0.265
 Average Recall     (AR) @[ IoU=0.50:0.95 | area=   all | maxDets=  1 ] = 0.071
 Average Recall     (AR) @[ IoU=0.50:0.95 | area=   all | maxDets= 10 ] = 0.202
 Average Recall     (AR) @[ IoU=0.50:0.95 | area=   all | maxDets=100 ] = 0.284
 Average Recall     (AR) @[ IoU=0.50:0.95 | area= small | maxDets=100 ] = 0.200
 Average Recall     (AR) @[ IoU=0.50:0.95 | area=medium | maxDets=100 ] = 0.386
 Average Recall     (AR) @[ IoU=0.50:0.95 | area= large | maxDets=100 ] = 0.440
best_stat:  {'epoch': 8, 'coco_eval_bbox': 0.13708460953737014}
Epoch: [9]  [  0/809]  eta: 1:29:09  lr: 0.000100  loss: 10.9931 (10.9931)  loss_bbox: 0.0867 (0.0867)  loss_bbox_aux_0: 0.0928 (0.0928)  loss_bbox_aux_1: 0.0869 (0.0869)  loss_bbox_aux_2: 0.1072 (0.1072)  loss_bbox_dn_0: 0.0584 (0.0584)  loss_bbox_dn_1: 0.0462 (0.0462)  loss_bbox_dn_2: 0.0443 (0.0443)  loss_giou: 1.0918 (1.0918)  loss_giou_aux_0: 1.1376 (1.1376)  loss_giou_aux_1: 1.1110 (1.1110)  loss_giou_aux_2: 1.2304 (1.2304)  loss_giou_dn_0: 0.9386 (0.9386)  loss_giou_dn_1: 0.8190 (0.8190)  loss_giou_dn_2: 0.8045 (0.8045)  loss_vfl: 0.5009 (0.5009)  loss_vfl_aux_0: 0.4923 (0.4923)  loss_vfl_aux_1: 0.5066 (0.5066)  loss_vfl_aux_2: 0.4695 (0.4695)  loss_vfl_dn_0: 0.4528 (0.4528)  loss_vfl_dn_1: 0.4606 (0.4606)  loss_vfl_dn_2: 0.4551 (0.4551)  time: 6.6122  data: 5.4619  max mem: 8526
Epoch: [9]  [100/809]  eta: 0:11:36  lr: 0.000100  loss: 11.0632 (11.1227)  loss_bbox: 0.1149 (0.1166)  loss_bbox_aux_0: 0.1208 (0.1228)  loss_bbox_aux_1: 0.1148 (0.1180)  loss_bbox_aux_2: 0.1307 (0.1368)  loss_bbox_dn_0: 0.0677 (0.0701)  loss_bbox_dn_1: 0.0541 (0.0582)  loss_bbox_dn_2: 0.0499 (0.0563)  loss_giou: 1.0877 (1.0832)  loss_giou_aux_0: 1.1006 (1.1132)  loss_giou_aux_1: 1.0971 (1.0962)  loss_giou_aux_2: 1.2326 (1.1889)  loss_giou_dn_0: 0.8770 (0.8778)  loss_giou_dn_1: 0.7717 (0.7861)  loss_giou_dn_2: 0.7530 (0.7725)  loss_vfl: 0.5266 (0.5335)  loss_vfl_aux_0: 0.5408 (0.5343)  loss_vfl_aux_1: 0.5325 (0.5355)  loss_vfl_aux_2: 0.4962 (0.5092)  loss_vfl_dn_0: 0.4773 (0.4756)  loss_vfl_dn_1: 0.4688 (0.4714)  loss_vfl_dn_2: 0.4652 (0.4666)  time: 0.9171  data: 0.0435  max mem: 8526
Epoch: [9]  [200/809]  eta: 0:09:45  lr: 0.000100  loss: 11.3027 (11.2371)  loss_bbox: 0.1054 (0.1221)  loss_bbox_aux_0: 0.1139 (0.1286)  loss_bbox_aux_1: 0.1104 (0.1234)  loss_bbox_aux_2: 0.1326 (0.1422)  loss_bbox_dn_0: 0.0692 (0.0689)  loss_bbox_dn_1: 0.0553 (0.0576)  loss_bbox_dn_2: 0.0537 (0.0559)  loss_giou: 1.1466 (1.1095)  loss_giou_aux_0: 1.1848 (1.1398)  loss_giou_aux_1: 1.1572 (1.1214)  loss_giou_aux_2: 1.2299 (1.2143)  loss_giou_dn_0: 0.8849 (0.8820)  loss_giou_dn_1: 0.8104 (0.7919)  loss_giou_dn_2: 0.7966 (0.7789)  loss_vfl: 0.5457 (0.5291)  loss_vfl_aux_0: 0.5283 (0.5268)  loss_vfl_aux_1: 0.5421 (0.5301)  loss_vfl_aux_2: 0.4954 (0.5002)  loss_vfl_dn_0: 0.4785 (0.4759)  loss_vfl_dn_1: 0.4705 (0.4714)  loss_vfl_dn_2: 0.4680 (0.4672)  time: 0.8885  data: 0.0335  max mem: 8526
Epoch: [9]  [300/809]  eta: 0:08:02  lr: 0.000100  loss: 11.3289 (11.2838)  loss_bbox: 0.1185 (0.1249)  loss_bbox_aux_0: 0.1189 (0.1314)  loss_bbox_aux_1: 0.1168 (0.1263)  loss_bbox_aux_2: 0.1362 (0.1451)  loss_bbox_dn_0: 0.0617 (0.0704)  loss_bbox_dn_1: 0.0499 (0.0591)  loss_bbox_dn_2: 0.0484 (0.0574)  loss_giou: 1.1520 (1.1155)  loss_giou_aux_0: 1.1781 (1.1460)  loss_giou_aux_1: 1.1640 (1.1279)  loss_giou_aux_2: 1.2224 (1.2205)  loss_giou_dn_0: 0.9133 (0.8875)  loss_giou_dn_1: 0.8182 (0.7979)  loss_giou_dn_2: 0.8015 (0.7850)  loss_vfl: 0.4713 (0.5268)  loss_vfl_aux_0: 0.4623 (0.5246)  loss_vfl_aux_1: 0.4614 (0.5279)  loss_vfl_aux_2: 0.4437 (0.4972)  loss_vfl_dn_0: 0.4717 (0.4747)  loss_vfl_dn_1: 0.4679 (0.4709)  loss_vfl_dn_2: 0.4629 (0.4670)  time: 0.9735  data: 0.0354  max mem: 8526
Epoch: [9]  [400/809]  eta: 0:06:24  lr: 0.000100  loss: 11.2041 (11.2691)  loss_bbox: 0.1027 (0.1246)  loss_bbox_aux_0: 0.1073 (0.1309)  loss_bbox_aux_1: 0.1041 (0.1259)  loss_bbox_aux_2: 0.1224 (0.1446)  loss_bbox_dn_0: 0.0656 (0.0707)  loss_bbox_dn_1: 0.0535 (0.0594)  loss_bbox_dn_2: 0.0514 (0.0577)  loss_giou: 1.0274 (1.1136)  loss_giou_aux_0: 1.0386 (1.1436)  loss_giou_aux_1: 1.0331 (1.1258)  loss_giou_aux_2: 1.1406 (1.2189)  loss_giou_dn_0: 0.8825 (0.8870)  loss_giou_dn_1: 0.7923 (0.7978)  loss_giou_dn_2: 0.7825 (0.7852)  loss_vfl: 0.5464 (0.5260)  loss_vfl_aux_0: 0.5344 (0.5241)  loss_vfl_aux_1: 0.5441 (0.5270)  loss_vfl_aux_2: 0.5042 (0.4966)  loss_vfl_dn_0: 0.4791 (0.4739)  loss_vfl_dn_1: 0.4760 (0.4699)  loss_vfl_dn_2: 0.4723 (0.4660)  time: 0.9108  data: 0.0431  max mem: 8526
Epoch: [9]  [500/809]  eta: 0:04:51  lr: 0.000100  loss: 11.3264 (11.2665)  loss_bbox: 0.1121 (0.1240)  loss_bbox_aux_0: 0.1186 (0.1304)  loss_bbox_aux_1: 0.1135 (0.1251)  loss_bbox_aux_2: 0.1312 (0.1441)  loss_bbox_dn_0: 0.0624 (0.0699)  loss_bbox_dn_1: 0.0541 (0.0586)  loss_bbox_dn_2: 0.0513 (0.0569)  loss_giou: 1.1562 (1.1174)  loss_giou_aux_0: 1.1890 (1.1478)  loss_giou_aux_1: 1.1590 (1.1296)  loss_giou_aux_2: 1.2722 (1.2227)  loss_giou_dn_0: 0.9144 (0.8871)  loss_giou_dn_1: 0.8186 (0.7977)  loss_giou_dn_2: 0.8135 (0.7852)  loss_vfl: 0.4978 (0.5227)  loss_vfl_aux_0: 0.4934 (0.5207)  loss_vfl_aux_1: 0.5017 (0.5240)  loss_vfl_aux_2: 0.4534 (0.4942)  loss_vfl_dn_0: 0.4662 (0.4736)  loss_vfl_dn_1: 0.4672 (0.4695)  loss_vfl_dn_2: 0.4622 (0.4654)  time: 0.9728  data: 0.0420  max mem: 8526
Epoch: [9]  [600/809]  eta: 0:03:16  lr: 0.000100  loss: 11.1390 (11.2645)  loss_bbox: 0.1175 (0.1238)  loss_bbox_aux_0: 0.1255 (0.1302)  loss_bbox_aux_1: 0.1195 (0.1249)  loss_bbox_aux_2: 0.1402 (0.1439)  loss_bbox_dn_0: 0.0628 (0.0697)  loss_bbox_dn_1: 0.0522 (0.0584)  loss_bbox_dn_2: 0.0508 (0.0568)  loss_giou: 1.0754 (1.1171)  loss_giou_aux_0: 1.1146 (1.1477)  loss_giou_aux_1: 1.0814 (1.1289)  loss_giou_aux_2: 1.1868 (1.2219)  loss_giou_dn_0: 0.8386 (0.8864)  loss_giou_dn_1: 0.7594 (0.7972)  loss_giou_dn_2: 0.7426 (0.7846)  loss_vfl: 0.5667 (0.5233)  loss_vfl_aux_0: 0.5554 (0.5212)  loss_vfl_aux_1: 0.5724 (0.5246)  loss_vfl_aux_2: 0.5386 (0.4946)  loss_vfl_dn_0: 0.4830 (0.4738)  loss_vfl_dn_1: 0.4761 (0.4697)  loss_vfl_dn_2: 0.4703 (0.4656)  time: 0.8774  data: 0.0323  max mem: 8526
Epoch: [9]  [700/809]  eta: 0:01:42  lr: 0.000100  loss: 10.9933 (11.2502)  loss_bbox: 0.1052 (0.1230)  loss_bbox_aux_0: 0.1123 (0.1295)  loss_bbox_aux_1: 0.1060 (0.1241)  loss_bbox_aux_2: 0.1266 (0.1434)  loss_bbox_dn_0: 0.0675 (0.0698)  loss_bbox_dn_1: 0.0541 (0.0585)  loss_bbox_dn_2: 0.0527 (0.0568)  loss_giou: 1.0131 (1.1148)  loss_giou_aux_0: 1.0125 (1.1457)  loss_giou_aux_1: 1.0228 (1.1264)  loss_giou_aux_2: 1.0954 (1.2204)  loss_giou_dn_0: 0.8936 (0.8848)  loss_giou_dn_1: 0.8039 (0.7956)  loss_giou_dn_2: 0.7871 (0.7832)  loss_vfl: 0.5391 (0.5237)  loss_vfl_aux_0: 0.5166 (0.5211)  loss_vfl_aux_1: 0.5253 (0.5250)  loss_vfl_aux_2: 0.5017 (0.4946)  loss_vfl_dn_0: 0.4708 (0.4741)  loss_vfl_dn_1: 0.4712 (0.4698)  loss_vfl_dn_2: 0.4662 (0.4658)  time: 0.9420  data: 0.0460  max mem: 8526
Epoch: [9]  [800/809]  eta: 0:00:08  lr: 0.000100  loss: 10.8154 (11.2347)  loss_bbox: 0.1115 (0.1224)  loss_bbox_aux_0: 0.1193 (0.1289)  loss_bbox_aux_1: 0.1124 (0.1236)  loss_bbox_aux_2: 0.1396 (0.1428)  loss_bbox_dn_0: 0.0653 (0.0699)  loss_bbox_dn_1: 0.0550 (0.0586)  loss_bbox_dn_2: 0.0544 (0.0569)  loss_giou: 0.9726 (1.1107)  loss_giou_aux_0: 0.9890 (1.1417)  loss_giou_aux_1: 0.9747 (1.1223)  loss_giou_aux_2: 1.0813 (1.2163)  loss_giou_dn_0: 0.8424 (0.8833)  loss_giou_dn_1: 0.7640 (0.7941)  loss_giou_dn_2: 0.7550 (0.7817)  loss_vfl: 0.5525 (0.5251)  loss_vfl_aux_0: 0.5466 (0.5229)  loss_vfl_aux_1: 0.5441 (0.5264)  loss_vfl_aux_2: 0.5276 (0.4963)  loss_vfl_dn_0: 0.4740 (0.4744)  loss_vfl_dn_1: 0.4668 (0.4702)  loss_vfl_dn_2: 0.4608 (0.4662)  time: 0.8982  data: 0.0392  max mem: 8526
Epoch: [9]  [808/809]  eta: 0:00:00  lr: 0.000100  loss: 10.8353 (11.2329)  loss_bbox: 0.0953 (0.1222)  loss_bbox_aux_0: 0.1039 (0.1287)  loss_bbox_aux_1: 0.0970 (0.1234)  loss_bbox_aux_2: 0.1130 (0.1426)  loss_bbox_dn_0: 0.0666 (0.0699)  loss_bbox_dn_1: 0.0550 (0.0585)  loss_bbox_dn_2: 0.0544 (0.0569)  loss_giou: 1.0054 (1.1102)  loss_giou_aux_0: 1.0355 (1.1412)  loss_giou_aux_1: 1.0236 (1.1218)  loss_giou_aux_2: 1.1228 (1.2158)  loss_giou_dn_0: 0.8665 (0.8835)  loss_giou_dn_1: 0.7708 (0.7942)  loss_giou_dn_2: 0.7550 (0.7818)  loss_vfl: 0.5361 (0.5253)  loss_vfl_aux_0: 0.5328 (0.5232)  loss_vfl_aux_1: 0.5319 (0.5267)  loss_vfl_aux_2: 0.5118 (0.4964)  loss_vfl_dn_0: 0.4741 (0.4745)  loss_vfl_dn_1: 0.4669 (0.4701)  loss_vfl_dn_2: 0.4636 (0.4661)  time: 0.8084  data: 0.0382  max mem: 8526
Epoch: [9] Total time: 0:12:36 (0.9352 s / it)
Averaged stats: lr: 0.000100  loss: 10.8353 (11.2329)  loss_bbox: 0.0953 (0.1222)  loss_bbox_aux_0: 0.1039 (0.1287)  loss_bbox_aux_1: 0.0970 (0.1234)  loss_bbox_aux_2: 0.1130 (0.1426)  loss_bbox_dn_0: 0.0666 (0.0699)  loss_bbox_dn_1: 0.0550 (0.0585)  loss_bbox_dn_2: 0.0544 (0.0569)  loss_giou: 1.0054 (1.1102)  loss_giou_aux_0: 1.0355 (1.1412)  loss_giou_aux_1: 1.0236 (1.1218)  loss_giou_aux_2: 1.1228 (1.2158)  loss_giou_dn_0: 0.8665 (0.8835)  loss_giou_dn_1: 0.7708 (0.7942)  loss_giou_dn_2: 0.7550 (0.7818)  loss_vfl: 0.5361 (0.5253)  loss_vfl_aux_0: 0.5328 (0.5232)  loss_vfl_aux_1: 0.5319 (0.5267)  loss_vfl_aux_2: 0.5118 (0.4964)  loss_vfl_dn_0: 0.4741 (0.4745)  loss_vfl_dn_1: 0.4669 (0.4701)  loss_vfl_dn_2: 0.4636 (0.4661)
Test:  [ 0/69]  eta: 0:01:23    time: 1.2064  data: 0.5766  max mem: 8526
Test:  [10/69]  eta: 0:00:40    time: 0.6789  data: 0.0713  max mem: 8526
Test:  [20/69]  eta: 0:00:33    time: 0.6498  data: 0.0209  max mem: 8526
Test:  [30/69]  eta: 0:00:26    time: 0.6830  data: 0.0213  max mem: 8526
Test:  [40/69]  eta: 0:00:19    time: 0.6410  data: 0.0210  max mem: 8526
Test:  [50/69]  eta: 0:00:12    time: 0.5654  data: 0.0204  max mem: 8526
Test:  [60/69]  eta: 0:00:05    time: 0.5373  data: 0.0201  max mem: 8526
Test:  [68/69]  eta: 0:00:00    time: 0.5576  data: 0.0185  max mem: 8526
Test: Total time: 0:00:42 (0.6186 s / it)
Averaged stats: 
Accumulating evaluation results...
DONE (t=1.86s).
IoU metric: bbox
 Average Precision  (AP) @[ IoU=0.50:0.95 | area=   all | maxDets=100 ] = 0.143
 Average Precision  (AP) @[ IoU=0.50      | area=   all | maxDets=100 ] = 0.243
 Average Precision  (AP) @[ IoU=0.75      | area=   all | maxDets=100 ] = 0.144
 Average Precision  (AP) @[ IoU=0.50:0.95 | area= small | maxDets=100 ] = 0.087
 Average Precision  (AP) @[ IoU=0.50:0.95 | area=medium | maxDets=100 ] = 0.210
 Average Precision  (AP) @[ IoU=0.50:0.95 | area= large | maxDets=100 ] = 0.293
 Average Recall     (AR) @[ IoU=0.50:0.95 | area=   all | maxDets=  1 ] = 0.072
 Average Recall     (AR) @[ IoU=0.50:0.95 | area=   all | maxDets= 10 ] = 0.206
 Average Recall     (AR) @[ IoU=0.50:0.95 | area=   all | maxDets=100 ] = 0.291
 Average Recall     (AR) @[ IoU=0.50:0.95 | area= small | maxDets=100 ] = 0.207
 Average Recall     (AR) @[ IoU=0.50:0.95 | area=medium | maxDets=100 ] = 0.397
 Average Recall     (AR) @[ IoU=0.50:0.95 | area= large | maxDets=100 ] = 0.457
best_stat:  {'epoch': 9, 'coco_eval_bbox': 0.14288031029081233}
Epoch: [10]  [  0/809]  eta: 1:32:40  lr: 0.000100  loss: 11.6078 (11.6078)  loss_bbox: 0.1440 (0.1440)  loss_bbox_aux_0: 0.1560 (0.1560)  loss_bbox_aux_1: 0.1496 (0.1496)  loss_bbox_aux_2: 0.1782 (0.1782)  loss_bbox_dn_0: 0.0580 (0.0580)  loss_bbox_dn_1: 0.0479 (0.0479)  loss_bbox_dn_2: 0.0467 (0.0467)  loss_giou: 1.1457 (1.1457)  loss_giou_aux_0: 1.2059 (1.2059)  loss_giou_aux_1: 1.1685 (1.1685)  loss_giou_aux_2: 1.3019 (1.3019)  loss_giou_dn_0: 0.8600 (0.8600)  loss_giou_dn_1: 0.7564 (0.7564)  loss_giou_dn_2: 0.7527 (0.7527)  loss_vfl: 0.5659 (0.5659)  loss_vfl_aux_0: 0.5461 (0.5461)  loss_vfl_aux_1: 0.5610 (0.5610)  loss_vfl_aux_2: 0.4954 (0.4954)  loss_vfl_dn_0: 0.4894 (0.4894)  loss_vfl_dn_1: 0.4915 (0.4915)  loss_vfl_dn_2: 0.4871 (0.4871)  time: 6.8730  data: 2.3130  max mem: 8526
Epoch: [10]  [100/809]  eta: 0:11:49  lr: 0.000100  loss: 10.6973 (11.2260)  loss_bbox: 0.1120 (0.1224)  loss_bbox_aux_0: 0.1164 (0.1278)  loss_bbox_aux_1: 0.1140 (0.1236)  loss_bbox_aux_2: 0.1384 (0.1423)  loss_bbox_dn_0: 0.0614 (0.0692)  loss_bbox_dn_1: 0.0513 (0.0581)  loss_bbox_dn_2: 0.0495 (0.0566)  loss_giou: 1.0168 (1.1110)  loss_giou_aux_0: 1.0619 (1.1418)  loss_giou_aux_1: 1.0358 (1.1222)  loss_giou_aux_2: 1.1137 (1.2138)  loss_giou_dn_0: 0.8506 (0.8783)  loss_giou_dn_1: 0.7626 (0.7907)  loss_giou_dn_2: 0.7471 (0.7783)  loss_vfl: 0.5117 (0.5253)  loss_vfl_aux_0: 0.5094 (0.5254)  loss_vfl_aux_1: 0.5149 (0.5266)  loss_vfl_aux_2: 0.5082 (0.4980)  loss_vfl_dn_0: 0.4728 (0.4757)  loss_vfl_dn_1: 0.4675 (0.4713)  loss_vfl_dn_2: 0.4633 (0.4678)  time: 0.9323  data: 0.0314  max mem: 8526
Epoch: [10]  [200/809]  eta: 0:09:41  lr: 0.000100  loss: 10.8717 (11.1332)  loss_bbox: 0.1006 (0.1188)  loss_bbox_aux_0: 0.1050 (0.1251)  loss_bbox_aux_1: 0.0968 (0.1201)  loss_bbox_aux_2: 0.1200 (0.1394)  loss_bbox_dn_0: 0.0664 (0.0695)  loss_bbox_dn_1: 0.0554 (0.0578)  loss_bbox_dn_2: 0.0533 (0.0561)  loss_giou: 1.0653 (1.0921)  loss_giou_aux_0: 1.1029 (1.1236)  loss_giou_aux_1: 1.0772 (1.1039)  loss_giou_aux_2: 1.1786 (1.1978)  loss_giou_dn_0: 0.8543 (0.8756)  loss_giou_dn_1: 0.7684 (0.7847)  loss_giou_dn_2: 0.7573 (0.7721)  loss_vfl: 0.5188 (0.5278)  loss_vfl_aux_0: 0.5088 (0.5269)  loss_vfl_aux_1: 0.5166 (0.5288)  loss_vfl_aux_2: 0.4796 (0.5014)  loss_vfl_dn_0: 0.4769 (0.4752)  loss_vfl_dn_1: 0.4664 (0.4703)  loss_vfl_dn_2: 0.4607 (0.4663)  time: 0.9040  data: 0.0335  max mem: 8526
Epoch: [10]  [300/809]  eta: 0:08:00  lr: 0.000100  loss: 11.3014 (11.2172)  loss_bbox: 0.1307 (0.1240)  loss_bbox_aux_0: 0.1364 (0.1304)  loss_bbox_aux_1: 0.1291 (0.1253)  loss_bbox_aux_2: 0.1562 (0.1445)  loss_bbox_dn_0: 0.0801 (0.0700)  loss_bbox_dn_1: 0.0659 (0.0583)  loss_bbox_dn_2: 0.0644 (0.0566)  loss_giou: 1.1164 (1.1086)  loss_giou_aux_0: 1.1539 (1.1398)  loss_giou_aux_1: 1.1304 (1.1204)  loss_giou_aux_2: 1.2023 (1.2129)  loss_giou_dn_0: 0.8827 (0.8823)  loss_giou_dn_1: 0.7867 (0.7897)  loss_giou_dn_2: 0.7755 (0.7773)  loss_vfl: 0.5347 (0.5236)  loss_vfl_aux_0: 0.5349 (0.5221)  loss_vfl_aux_1: 0.5377 (0.5247)  loss_vfl_aux_2: 0.4965 (0.4966)  loss_vfl_dn_0: 0.4774 (0.4737)  loss_vfl_dn_1: 0.4756 (0.4702)  loss_vfl_dn_2: 0.4738 (0.4662)  time: 0.9000  data: 0.0316  max mem: 8526
Epoch: [10]  [400/809]  eta: 0:06:25  lr: 0.000100  loss: 11.3028 (11.2127)  loss_bbox: 0.1127 (0.1239)  loss_bbox_aux_0: 0.1200 (0.1304)  loss_bbox_aux_1: 0.1161 (0.1252)  loss_bbox_aux_2: 0.1314 (0.1447)  loss_bbox_dn_0: 0.0708 (0.0709)  loss_bbox_dn_1: 0.0601 (0.0590)  loss_bbox_dn_2: 0.0588 (0.0573)  loss_giou: 1.1149 (1.1049)  loss_giou_aux_0: 1.1488 (1.1365)  loss_giou_aux_1: 1.1249 (1.1165)  loss_giou_aux_2: 1.1940 (1.2106)  loss_giou_dn_0: 0.9089 (0.8838)  loss_giou_dn_1: 0.8240 (0.7917)  loss_giou_dn_2: 0.8101 (0.7793)  loss_vfl: 0.5027 (0.5246)  loss_vfl_aux_0: 0.4987 (0.5230)  loss_vfl_aux_1: 0.5093 (0.5258)  loss_vfl_aux_2: 0.4926 (0.4967)  loss_vfl_dn_0: 0.4663 (0.4730)  loss_vfl_dn_1: 0.4640 (0.4695)  loss_vfl_dn_2: 0.4603 (0.4656)  time: 0.9350  data: 0.0401  max mem: 8526
Epoch: [10]  [500/809]  eta: 0:04:50  lr: 0.000100  loss: 10.8957 (11.1920)  loss_bbox: 0.1028 (0.1228)  loss_bbox_aux_0: 0.1085 (0.1294)  loss_bbox_aux_1: 0.1032 (0.1241)  loss_bbox_aux_2: 0.1229 (0.1437)  loss_bbox_dn_0: 0.0661 (0.0709)  loss_bbox_dn_1: 0.0555 (0.0591)  loss_bbox_dn_2: 0.0547 (0.0574)  loss_giou: 1.0049 (1.0980)  loss_giou_aux_0: 1.0727 (1.1303)  loss_giou_aux_1: 1.0282 (1.1094)  loss_giou_aux_2: 1.1700 (1.2055)  loss_giou_dn_0: 0.8622 (0.8808)  loss_giou_dn_1: 0.7713 (0.7889)  loss_giou_dn_2: 0.7601 (0.7761)  loss_vfl: 0.5635 (0.5287)  loss_vfl_aux_0: 0.5447 (0.5268)  loss_vfl_aux_1: 0.5570 (0.5302)  loss_vfl_aux_2: 0.5199 (0.4997)  loss_vfl_dn_0: 0.4774 (0.4740)  loss_vfl_dn_1: 0.4701 (0.4700)  loss_vfl_dn_2: 0.4697 (0.4662)  time: 0.9471  data: 0.0380  max mem: 8526
Epoch: [10]  [600/809]  eta: 0:03:16  lr: 0.000100  loss: 11.4739 (11.1977)  loss_bbox: 0.1237 (0.1231)  loss_bbox_aux_0: 0.1252 (0.1296)  loss_bbox_aux_1: 0.1245 (0.1244)  loss_bbox_aux_2: 0.1380 (0.1437)  loss_bbox_dn_0: 0.0556 (0.0702)  loss_bbox_dn_1: 0.0492 (0.0585)  loss_bbox_dn_2: 0.0486 (0.0568)  loss_giou: 1.1460 (1.1012)  loss_giou_aux_0: 1.1881 (1.1334)  loss_giou_aux_1: 1.1675 (1.1123)  loss_giou_aux_2: 1.2746 (1.2078)  loss_giou_dn_0: 0.9083 (0.8808)  loss_giou_dn_1: 0.8243 (0.7894)  loss_giou_dn_2: 0.8148 (0.7768)  loss_vfl: 0.4795 (0.5270)  loss_vfl_aux_0: 0.4827 (0.5251)  loss_vfl_aux_1: 0.4751 (0.5287)  loss_vfl_aux_2: 0.4470 (0.4985)  loss_vfl_dn_0: 0.4672 (0.4741)  loss_vfl_dn_1: 0.4661 (0.4700)  loss_vfl_dn_2: 0.4634 (0.4662)  time: 0.9083  data: 0.0325  max mem: 8526
Epoch: [10]  [700/809]  eta: 0:01:42  lr: 0.000100  loss: 10.9186 (11.1674)  loss_bbox: 0.1098 (0.1218)  loss_bbox_aux_0: 0.1170 (0.1282)  loss_bbox_aux_1: 0.1118 (0.1230)  loss_bbox_aux_2: 0.1311 (0.1420)  loss_bbox_dn_0: 0.0605 (0.0699)  loss_bbox_dn_1: 0.0495 (0.0582)  loss_bbox_dn_2: 0.0477 (0.0565)  loss_giou: 1.0795 (1.0968)  loss_giou_aux_0: 1.1030 (1.1287)  loss_giou_aux_1: 1.0816 (1.1078)  loss_giou_aux_2: 1.1744 (1.2028)  loss_giou_dn_0: 0.8610 (0.8788)  loss_giou_dn_1: 0.7801 (0.7875)  loss_giou_dn_2: 0.7714 (0.7750)  loss_vfl: 0.4843 (0.5268)  loss_vfl_aux_0: 0.4797 (0.5256)  loss_vfl_aux_1: 0.4905 (0.5287)  loss_vfl_aux_2: 0.4572 (0.4996)  loss_vfl_dn_0: 0.4729 (0.4742)  loss_vfl_dn_1: 0.4650 (0.4697)  loss_vfl_dn_2: 0.4609 (0.4658)  time: 0.9209  data: 0.0405  max mem: 8526
Epoch: [10]  [800/809]  eta: 0:00:08  lr: 0.000100  loss: 10.8010 (11.1636)  loss_bbox: 0.1059 (0.1218)  loss_bbox_aux_0: 0.1128 (0.1282)  loss_bbox_aux_1: 0.1113 (0.1230)  loss_bbox_aux_2: 0.1347 (0.1418)  loss_bbox_dn_0: 0.0649 (0.0697)  loss_bbox_dn_1: 0.0540 (0.0581)  loss_bbox_dn_2: 0.0524 (0.0564)  loss_giou: 1.0101 (1.0980)  loss_giou_aux_0: 1.0634 (1.1297)  loss_giou_aux_1: 1.0295 (1.1090)  loss_giou_aux_2: 1.1411 (1.2035)  loss_giou_dn_0: 0.8609 (0.8792)  loss_giou_dn_1: 0.7560 (0.7882)  loss_giou_dn_2: 0.7371 (0.7756)  loss_vfl: 0.5355 (0.5246)  loss_vfl_aux_0: 0.5355 (0.5240)  loss_vfl_aux_1: 0.5382 (0.5267)  loss_vfl_aux_2: 0.5167 (0.4987)  loss_vfl_dn_0: 0.4740 (0.4737)  loss_vfl_dn_1: 0.4658 (0.4689)  loss_vfl_dn_2: 0.4564 (0.4649)  time: 0.9524  data: 0.0389  max mem: 8526
Epoch: [10]  [808/809]  eta: 0:00:00  lr: 0.000100  loss: 10.8010 (11.1637)  loss_bbox: 0.1166 (0.1218)  loss_bbox_aux_0: 0.1231 (0.1281)  loss_bbox_aux_1: 0.1188 (0.1230)  loss_bbox_aux_2: 0.1326 (0.1418)  loss_bbox_dn_0: 0.0666 (0.0697)  loss_bbox_dn_1: 0.0550 (0.0581)  loss_bbox_dn_2: 0.0543 (0.0565)  loss_giou: 1.0121 (1.0979)  loss_giou_aux_0: 1.0618 (1.1296)  loss_giou_aux_1: 1.0155 (1.1088)  loss_giou_aux_2: 1.1384 (1.2035)  loss_giou_dn_0: 0.8467 (0.8792)  loss_giou_dn_1: 0.7590 (0.7882)  loss_giou_dn_2: 0.7492 (0.7756)  loss_vfl: 0.5400 (0.5249)  loss_vfl_aux_0: 0.5288 (0.5241)  loss_vfl_aux_1: 0.5382 (0.5269)  loss_vfl_aux_2: 0.4938 (0.4987)  loss_vfl_dn_0: 0.4701 (0.4737)  loss_vfl_dn_1: 0.4658 (0.4689)  loss_vfl_dn_2: 0.4618 (0.4648)  time: 0.7907  data: 0.0323  max mem: 8526
Epoch: [10] Total time: 0:12:37 (0.9365 s / it)
Averaged stats: lr: 0.000100  loss: 10.8010 (11.1637)  loss_bbox: 0.1166 (0.1218)  loss_bbox_aux_0: 0.1231 (0.1281)  loss_bbox_aux_1: 0.1188 (0.1230)  loss_bbox_aux_2: 0.1326 (0.1418)  loss_bbox_dn_0: 0.0666 (0.0697)  loss_bbox_dn_1: 0.0550 (0.0581)  loss_bbox_dn_2: 0.0543 (0.0565)  loss_giou: 1.0121 (1.0979)  loss_giou_aux_0: 1.0618 (1.1296)  loss_giou_aux_1: 1.0155 (1.1088)  loss_giou_aux_2: 1.1384 (1.2035)  loss_giou_dn_0: 0.8467 (0.8792)  loss_giou_dn_1: 0.7590 (0.7882)  loss_giou_dn_2: 0.7492 (0.7756)  loss_vfl: 0.5400 (0.5249)  loss_vfl_aux_0: 0.5288 (0.5241)  loss_vfl_aux_1: 0.5382 (0.5269)  loss_vfl_aux_2: 0.4938 (0.4987)  loss_vfl_dn_0: 0.4701 (0.4737)  loss_vfl_dn_1: 0.4658 (0.4689)  loss_vfl_dn_2: 0.4618 (0.4648)
Test:  [ 0/69]  eta: 0:01:41    time: 1.4689  data: 0.8005  max mem: 8526
Test:  [10/69]  eta: 0:00:43    time: 0.7311  data: 0.0916  max mem: 8526
Test:  [20/69]  eta: 0:00:34    time: 0.6590  data: 0.0212  max mem: 8526
Test:  [30/69]  eta: 0:00:25    time: 0.6285  data: 0.0218  max mem: 8526
Test:  [40/69]  eta: 0:00:19    time: 0.6206  data: 0.0213  max mem: 8526
Test:  [50/69]  eta: 0:00:12    time: 0.5895  data: 0.0211  max mem: 8526
Test:  [60/69]  eta: 0:00:05    time: 0.5314  data: 0.0217  max mem: 8526
Test:  [68/69]  eta: 0:00:00    time: 0.5448  data: 0.0201  max mem: 8526
Test: Total time: 0:00:42 (0.6149 s / it)
Averaged stats: 
Accumulating evaluation results...
DONE (t=2.01s).
IoU metric: bbox
 Average Precision  (AP) @[ IoU=0.50:0.95 | area=   all | maxDets=100 ] = 0.148
 Average Precision  (AP) @[ IoU=0.50      | area=   all | maxDets=100 ] = 0.254
 Average Precision  (AP) @[ IoU=0.75      | area=   all | maxDets=100 ] = 0.151
 Average Precision  (AP) @[ IoU=0.50:0.95 | area= small | maxDets=100 ] = 0.092
 Average Precision  (AP) @[ IoU=0.50:0.95 | area=medium | maxDets=100 ] = 0.216
 Average Precision  (AP) @[ IoU=0.50:0.95 | area= large | maxDets=100 ] = 0.278
 Average Recall     (AR) @[ IoU=0.50:0.95 | area=   all | maxDets=  1 ] = 0.073
 Average Recall     (AR) @[ IoU=0.50:0.95 | area=   all | maxDets= 10 ] = 0.216
 Average Recall     (AR) @[ IoU=0.50:0.95 | area=   all | maxDets=100 ] = 0.303
 Average Recall     (AR) @[ IoU=0.50:0.95 | area= small | maxDets=100 ] = 0.220
 Average Recall     (AR) @[ IoU=0.50:0.95 | area=medium | maxDets=100 ] = 0.405
 Average Recall     (AR) @[ IoU=0.50:0.95 | area= large | maxDets=100 ] = 0.440
best_stat:  {'epoch': 10, 'coco_eval_bbox': 0.14848604341212582}
Epoch: [11]  [  0/809]  eta: 1:14:12  lr: 0.000100  loss: 11.8428 (11.8428)  loss_bbox: 0.1219 (0.1219)  loss_bbox_aux_0: 0.1258 (0.1258)  loss_bbox_aux_1: 0.1223 (0.1223)  loss_bbox_aux_2: 0.1308 (0.1308)  loss_bbox_dn_0: 0.0620 (0.0620)  loss_bbox_dn_1: 0.0510 (0.0510)  loss_bbox_dn_2: 0.0496 (0.0496)  loss_giou: 1.3284 (1.3284)  loss_giou_aux_0: 1.3343 (1.3343)  loss_giou_aux_1: 1.3522 (1.3522)  loss_giou_aux_2: 1.4049 (1.4049)  loss_giou_dn_0: 0.9342 (0.9342)  loss_giou_dn_1: 0.8532 (0.8532)  loss_giou_dn_2: 0.8393 (0.8393)  loss_vfl: 0.4443 (0.4443)  loss_vfl_aux_0: 0.4539 (0.4539)  loss_vfl_aux_1: 0.4556 (0.4556)  loss_vfl_aux_2: 0.4232 (0.4232)  loss_vfl_dn_0: 0.4474 (0.4474)  loss_vfl_dn_1: 0.4589 (0.4589)  loss_vfl_dn_2: 0.4498 (0.4498)  time: 5.5031  data: 2.6479  max mem: 8526
Epoch: [11]  [100/809]  eta: 0:11:46  lr: 0.000100  loss: 11.1450 (11.1286)  loss_bbox: 0.1068 (0.1149)  loss_bbox_aux_0: 0.1156 (0.1218)  loss_bbox_aux_1: 0.1075 (0.1165)  loss_bbox_aux_2: 0.1302 (0.1354)  loss_bbox_dn_0: 0.0600 (0.0690)  loss_bbox_dn_1: 0.0511 (0.0575)  loss_bbox_dn_2: 0.0498 (0.0557)  loss_giou: 1.1166 (1.0939)  loss_giou_aux_0: 1.1452 (1.1251)  loss_giou_aux_1: 1.1205 (1.1050)  loss_giou_aux_2: 1.2114 (1.2040)  loss_giou_dn_0: 0.8741 (0.8747)  loss_giou_dn_1: 0.7820 (0.7840)  loss_giou_dn_2: 0.7733 (0.7709)  loss_vfl: 0.5129 (0.5310)  loss_vfl_aux_0: 0.5094 (0.5288)  loss_vfl_aux_1: 0.5115 (0.5332)  loss_vfl_aux_2: 0.4655 (0.4979)  loss_vfl_dn_0: 0.4760 (0.4743)  loss_vfl_dn_1: 0.4657 (0.4697)  loss_vfl_dn_2: 0.4675 (0.4654)  time: 0.8997  data: 0.0385  max mem: 8526
Epoch: [11]  [200/809]  eta: 0:09:41  lr: 0.000100  loss: 11.1139 (11.0832)  loss_bbox: 0.1084 (0.1156)  loss_bbox_aux_0: 0.1125 (0.1223)  loss_bbox_aux_1: 0.1103 (0.1170)  loss_bbox_aux_2: 0.1233 (0.1363)  loss_bbox_dn_0: 0.0694 (0.0711)  loss_bbox_dn_1: 0.0558 (0.0591)  loss_bbox_dn_2: 0.0548 (0.0573)  loss_giou: 1.0414 (1.0780)  loss_giou_aux_0: 1.0724 (1.1101)  loss_giou_aux_1: 1.0635 (1.0896)  loss_giou_aux_2: 1.1520 (1.1859)  loss_giou_dn_0: 0.8712 (0.8725)  loss_giou_dn_1: 0.7928 (0.7808)  loss_giou_dn_2: 0.7777 (0.7677)  loss_vfl: 0.5566 (0.5353)  loss_vfl_aux_0: 0.5422 (0.5330)  loss_vfl_aux_1: 0.5566 (0.5359)  loss_vfl_aux_2: 0.5073 (0.5054)  loss_vfl_dn_0: 0.4735 (0.4750)  loss_vfl_dn_1: 0.4662 (0.4696)  loss_vfl_dn_2: 0.4625 (0.4658)  time: 0.8790  data: 0.0432  max mem: 8526
Epoch: [11]  [300/809]  eta: 0:08:02  lr: 0.000100  loss: 11.0673 (11.1062)  loss_bbox: 0.1117 (0.1176)  loss_bbox_aux_0: 0.1157 (0.1244)  loss_bbox_aux_1: 0.1112 (0.1190)  loss_bbox_aux_2: 0.1312 (0.1389)  loss_bbox_dn_0: 0.0680 (0.0706)  loss_bbox_dn_1: 0.0585 (0.0588)  loss_bbox_dn_2: 0.0573 (0.0570)  loss_giou: 1.0975 (1.0833)  loss_giou_aux_0: 1.1461 (1.1151)  loss_giou_aux_1: 1.1158 (1.0946)  loss_giou_aux_2: 1.2085 (1.1933)  loss_giou_dn_0: 0.8635 (0.8731)  loss_giou_dn_1: 0.7668 (0.7820)  loss_giou_dn_2: 0.7538 (0.7693)  loss_vfl: 0.4877 (0.5326)  loss_vfl_aux_0: 0.4918 (0.5313)  loss_vfl_aux_1: 0.4929 (0.5334)  loss_vfl_aux_2: 0.4791 (0.5027)  loss_vfl_dn_0: 0.4691 (0.4747)  loss_vfl_dn_1: 0.4548 (0.4691)  loss_vfl_dn_2: 0.4517 (0.4654)  time: 0.9292  data: 0.0318  max mem: 8526
Epoch: [11]  [400/809]  eta: 0:06:26  lr: 0.000100  loss: 11.0837 (11.1306)  loss_bbox: 0.1093 (0.1172)  loss_bbox_aux_0: 0.1161 (0.1237)  loss_bbox_aux_1: 0.1106 (0.1184)  loss_bbox_aux_2: 0.1252 (0.1382)  loss_bbox_dn_0: 0.0612 (0.0694)  loss_bbox_dn_1: 0.0519 (0.0578)  loss_bbox_dn_2: 0.0502 (0.0561)  loss_giou: 1.0953 (1.0933)  loss_giou_aux_0: 1.1567 (1.1256)  loss_giou_aux_1: 1.1299 (1.1049)  loss_giou_aux_2: 1.1916 (1.2013)  loss_giou_dn_0: 0.8862 (0.8771)  loss_giou_dn_1: 0.7892 (0.7861)  loss_giou_dn_2: 0.7734 (0.7735)  loss_vfl: 0.5365 (0.5281)  loss_vfl_aux_0: 0.5245 (0.5264)  loss_vfl_aux_1: 0.5293 (0.5289)  loss_vfl_aux_2: 0.4994 (0.4974)  loss_vfl_dn_0: 0.4772 (0.4740)  loss_vfl_dn_1: 0.4730 (0.4685)  loss_vfl_dn_2: 0.4692 (0.4647)  time: 0.9312  data: 0.0379  max mem: 8526
Epoch: [11]  [500/809]  eta: 0:04:50  lr: 0.000100  loss: 11.3345 (11.1282)  loss_bbox: 0.1236 (0.1195)  loss_bbox_aux_0: 0.1229 (0.1261)  loss_bbox_aux_1: 0.1241 (0.1207)  loss_bbox_aux_2: 0.1444 (0.1405)  loss_bbox_dn_0: 0.0638 (0.0687)  loss_bbox_dn_1: 0.0559 (0.0573)  loss_bbox_dn_2: 0.0547 (0.0557)  loss_giou: 1.1338 (1.0947)  loss_giou_aux_0: 1.1673 (1.1274)  loss_giou_aux_1: 1.1456 (1.1064)  loss_giou_aux_2: 1.2629 (1.2019)  loss_giou_dn_0: 0.8890 (0.8740)  loss_giou_dn_1: 0.7909 (0.7840)  loss_giou_dn_2: 0.7793 (0.7717)  loss_vfl: 0.4924 (0.5256)  loss_vfl_aux_0: 0.5006 (0.5242)  loss_vfl_aux_1: 0.5016 (0.5271)  loss_vfl_aux_2: 0.4650 (0.4963)  loss_vfl_dn_0: 0.4736 (0.4741)  loss_vfl_dn_1: 0.4670 (0.4682)  loss_vfl_dn_2: 0.4625 (0.4641)  time: 0.9553  data: 0.0370  max mem: 8526
Epoch: [11]  [600/809]  eta: 0:03:16  lr: 0.000100  loss: 11.2815 (11.1155)  loss_bbox: 0.1163 (0.1190)  loss_bbox_aux_0: 0.1204 (0.1257)  loss_bbox_aux_1: 0.1175 (0.1204)  loss_bbox_aux_2: 0.1354 (0.1402)  loss_bbox_dn_0: 0.0730 (0.0682)  loss_bbox_dn_1: 0.0593 (0.0569)  loss_bbox_dn_2: 0.0582 (0.0553)  loss_giou: 1.1222 (1.0954)  loss_giou_aux_0: 1.1761 (1.1280)  loss_giou_aux_1: 1.1311 (1.1071)  loss_giou_aux_2: 1.2604 (1.2012)  loss_giou_dn_0: 0.8849 (0.8726)  loss_giou_dn_1: 0.8114 (0.7829)  loss_giou_dn_2: 0.7902 (0.7707)  loss_vfl: 0.4847 (0.5232)  loss_vfl_aux_0: 0.4714 (0.5222)  loss_vfl_aux_1: 0.4847 (0.5249)  loss_vfl_aux_2: 0.4680 (0.4957)  loss_vfl_dn_0: 0.4669 (0.4741)  loss_vfl_dn_1: 0.4622 (0.4679)  loss_vfl_dn_2: 0.4615 (0.4639)  time: 0.9466  data: 0.0417  max mem: 8526
Epoch: [11]  [700/809]  eta: 0:01:42  lr: 0.000100  loss: 11.0214 (11.1151)  loss_bbox: 0.1018 (0.1190)  loss_bbox_aux_0: 0.1125 (0.1257)  loss_bbox_aux_1: 0.1029 (0.1204)  loss_bbox_aux_2: 0.1429 (0.1403)  loss_bbox_dn_0: 0.0631 (0.0681)  loss_bbox_dn_1: 0.0533 (0.0569)  loss_bbox_dn_2: 0.0529 (0.0552)  loss_giou: 1.1148 (1.0959)  loss_giou_aux_0: 1.1669 (1.1290)  loss_giou_aux_1: 1.1362 (1.1078)  loss_giou_aux_2: 1.1958 (1.2020)  loss_giou_dn_0: 0.8785 (0.8730)  loss_giou_dn_1: 0.8036 (0.7829)  loss_giou_dn_2: 0.7876 (0.7707)  loss_vfl: 0.4950 (0.5223)  loss_vfl_aux_0: 0.5048 (0.5211)  loss_vfl_aux_1: 0.4921 (0.5241)  loss_vfl_aux_2: 0.4889 (0.4945)  loss_vfl_dn_0: 0.4691 (0.4740)  loss_vfl_dn_1: 0.4668 (0.4680)  loss_vfl_dn_2: 0.4641 (0.4641)  time: 0.9516  data: 0.0415  max mem: 8526
Epoch: [11]  [800/809]  eta: 0:00:08  lr: 0.000100  loss: 10.8723 (11.1044)  loss_bbox: 0.1081 (0.1186)  loss_bbox_aux_0: 0.1155 (0.1251)  loss_bbox_aux_1: 0.1113 (0.1200)  loss_bbox_aux_2: 0.1242 (0.1396)  loss_bbox_dn_0: 0.0661 (0.0678)  loss_bbox_dn_1: 0.0554 (0.0566)  loss_bbox_dn_2: 0.0535 (0.0550)  loss_giou: 1.0342 (1.0947)  loss_giou_aux_0: 1.0753 (1.1277)  loss_giou_aux_1: 1.0473 (1.1068)  loss_giou_aux_2: 1.1341 (1.2005)  loss_giou_dn_0: 0.8727 (0.8715)  loss_giou_dn_1: 0.7828 (0.7819)  loss_giou_dn_2: 0.7657 (0.7698)  loss_vfl: 0.5356 (0.5222)  loss_vfl_aux_0: 0.5315 (0.5212)  loss_vfl_aux_1: 0.5295 (0.5240)  loss_vfl_aux_2: 0.4771 (0.4945)  loss_vfl_dn_0: 0.4728 (0.4744)  loss_vfl_dn_1: 0.4634 (0.4681)  loss_vfl_dn_2: 0.4603 (0.4642)  time: 0.9328  data: 0.0357  max mem: 8526
Epoch: [11]  [808/809]  eta: 0:00:00  lr: 0.000100  loss: 11.0984 (11.1036)  loss_bbox: 0.1128 (0.1185)  loss_bbox_aux_0: 0.1152 (0.1250)  loss_bbox_aux_1: 0.1142 (0.1199)  loss_bbox_aux_2: 0.1272 (0.1395)  loss_bbox_dn_0: 0.0620 (0.0678)  loss_bbox_dn_1: 0.0518 (0.0566)  loss_bbox_dn_2: 0.0499 (0.0550)  loss_giou: 1.1204 (1.0949)  loss_giou_aux_0: 1.1469 (1.1279)  loss_giou_aux_1: 1.1386 (1.1070)  loss_giou_aux_2: 1.2068 (1.2008)  loss_giou_dn_0: 0.8641 (0.8714)  loss_giou_dn_1: 0.7664 (0.7819)  loss_giou_dn_2: 0.7587 (0.7698)  loss_vfl: 0.4978 (0.5220)  loss_vfl_aux_0: 0.4991 (0.5210)  loss_vfl_aux_1: 0.4988 (0.5238)  loss_vfl_aux_2: 0.4563 (0.4943)  loss_vfl_dn_0: 0.4719 (0.4743)  loss_vfl_dn_1: 0.4668 (0.4681)  loss_vfl_dn_2: 0.4612 (0.4642)  time: 0.7802  data: 0.0306  max mem: 8526
Epoch: [11] Total time: 0:12:36 (0.9345 s / it)
Averaged stats: lr: 0.000100  loss: 11.0984 (11.1036)  loss_bbox: 0.1128 (0.1185)  loss_bbox_aux_0: 0.1152 (0.1250)  loss_bbox_aux_1: 0.1142 (0.1199)  loss_bbox_aux_2: 0.1272 (0.1395)  loss_bbox_dn_0: 0.0620 (0.0678)  loss_bbox_dn_1: 0.0518 (0.0566)  loss_bbox_dn_2: 0.0499 (0.0550)  loss_giou: 1.1204 (1.0949)  loss_giou_aux_0: 1.1469 (1.1279)  loss_giou_aux_1: 1.1386 (1.1070)  loss_giou_aux_2: 1.2068 (1.2008)  loss_giou_dn_0: 0.8641 (0.8714)  loss_giou_dn_1: 0.7664 (0.7819)  loss_giou_dn_2: 0.7587 (0.7698)  loss_vfl: 0.4978 (0.5220)  loss_vfl_aux_0: 0.4991 (0.5210)  loss_vfl_aux_1: 0.4988 (0.5238)  loss_vfl_aux_2: 0.4563 (0.4943)  loss_vfl_dn_0: 0.4719 (0.4743)  loss_vfl_dn_1: 0.4668 (0.4681)  loss_vfl_dn_2: 0.4612 (0.4642)
Test:  [ 0/69]  eta: 0:01:27    time: 1.2700  data: 0.6727  max mem: 8526
Test:  [10/69]  eta: 0:00:42    time: 0.7194  data: 0.0808  max mem: 8526
Test:  [20/69]  eta: 0:00:39    time: 0.7821  data: 0.0265  max mem: 8526
Test:  [30/69]  eta: 0:00:29    time: 0.7858  data: 0.0288  max mem: 8526
Test:  [40/69]  eta: 0:00:21    time: 0.6738  data: 0.0244  max mem: 8526
Test:  [50/69]  eta: 0:00:13    time: 0.6191  data: 0.0218  max mem: 8526
Test:  [60/69]  eta: 0:00:06    time: 0.5413  data: 0.0212  max mem: 8526
Test:  [68/69]  eta: 0:00:00    time: 0.5419  data: 0.0198  max mem: 8526
Test: Total time: 0:00:45 (0.6653 s / it)
Averaged stats: 
Accumulating evaluation results...
DONE (t=1.90s).
IoU metric: bbox
 Average Precision  (AP) @[ IoU=0.50:0.95 | area=   all | maxDets=100 ] = 0.153
 Average Precision  (AP) @[ IoU=0.50      | area=   all | maxDets=100 ] = 0.263
 Average Precision  (AP) @[ IoU=0.75      | area=   all | maxDets=100 ] = 0.154
 Average Precision  (AP) @[ IoU=0.50:0.95 | area= small | maxDets=100 ] = 0.095
 Average Precision  (AP) @[ IoU=0.50:0.95 | area=medium | maxDets=100 ] = 0.220
 Average Precision  (AP) @[ IoU=0.50:0.95 | area= large | maxDets=100 ] = 0.305
 Average Recall     (AR) @[ IoU=0.50:0.95 | area=   all | maxDets=  1 ] = 0.076
 Average Recall     (AR) @[ IoU=0.50:0.95 | area=   all | maxDets= 10 ] = 0.220
 Average Recall     (AR) @[ IoU=0.50:0.95 | area=   all | maxDets=100 ] = 0.306
 Average Recall     (AR) @[ IoU=0.50:0.95 | area= small | maxDets=100 ] = 0.221
 Average Recall     (AR) @[ IoU=0.50:0.95 | area=medium | maxDets=100 ] = 0.410
 Average Recall     (AR) @[ IoU=0.50:0.95 | area= large | maxDets=100 ] = 0.508
best_stat:  {'epoch': 11, 'coco_eval_bbox': 0.1529858325988561}
Epoch: [12]  [  0/809]  eta: 1:15:16  lr: 0.000100  loss: 11.2338 (11.2338)  loss_bbox: 0.1118 (0.1118)  loss_bbox_aux_0: 0.1126 (0.1126)  loss_bbox_aux_1: 0.1127 (0.1127)  loss_bbox_aux_2: 0.1223 (0.1223)  loss_bbox_dn_0: 0.0451 (0.0451)  loss_bbox_dn_1: 0.0404 (0.0404)  loss_bbox_dn_2: 0.0402 (0.0402)  loss_giou: 1.2167 (1.2167)  loss_giou_aux_0: 1.2588 (1.2588)  loss_giou_aux_1: 1.2277 (1.2277)  loss_giou_aux_2: 1.3139 (1.3139)  loss_giou_dn_0: 0.9179 (0.9179)  loss_giou_dn_1: 0.8450 (0.8450)  loss_giou_dn_2: 0.8384 (0.8384)  loss_vfl: 0.4254 (0.4254)  loss_vfl_aux_0: 0.4149 (0.4149)  loss_vfl_aux_1: 0.4275 (0.4275)  loss_vfl_aux_2: 0.3951 (0.3951)  loss_vfl_dn_0: 0.4642 (0.4642)  loss_vfl_dn_1: 0.4523 (0.4523)  loss_vfl_dn_2: 0.4507 (0.4507)  time: 5.5832  data: 2.9254  max mem: 8526
Epoch: [12]  [100/809]  eta: 0:11:48  lr: 0.000100  loss: 10.9534 (11.0987)  loss_bbox: 0.1217 (0.1206)  loss_bbox_aux_0: 0.1301 (0.1279)  loss_bbox_aux_1: 0.1235 (0.1222)  loss_bbox_aux_2: 0.1444 (0.1409)  loss_bbox_dn_0: 0.0688 (0.0682)  loss_bbox_dn_1: 0.0572 (0.0570)  loss_bbox_dn_2: 0.0561 (0.0554)  loss_giou: 1.0010 (1.0988)  loss_giou_aux_0: 1.0501 (1.1324)  loss_giou_aux_1: 1.0212 (1.1107)  loss_giou_aux_2: 1.1515 (1.2016)  loss_giou_dn_0: 0.8331 (0.8644)  loss_giou_dn_1: 0.7385 (0.7770)  loss_giou_dn_2: 0.7255 (0.7658)  loss_vfl: 0.5562 (0.5156)  loss_vfl_aux_0: 0.5570 (0.5164)  loss_vfl_aux_1: 0.5563 (0.5176)  loss_vfl_aux_2: 0.5325 (0.4947)  loss_vfl_dn_0: 0.4845 (0.4772)  loss_vfl_dn_1: 0.4752 (0.4694)  loss_vfl_dn_2: 0.4663 (0.4647)  time: 0.9598  data: 0.0394  max mem: 8526
Epoch: [12]  [200/809]  eta: 0:09:50  lr: 0.000100  loss: 11.0298 (11.1275)  loss_bbox: 0.1150 (0.1213)  loss_bbox_aux_0: 0.1217 (0.1281)  loss_bbox_aux_1: 0.1154 (0.1225)  loss_bbox_aux_2: 0.1324 (0.1413)  loss_bbox_dn_0: 0.0541 (0.0668)  loss_bbox_dn_1: 0.0434 (0.0556)  loss_bbox_dn_2: 0.0427 (0.0541)  loss_giou: 1.0971 (1.1110)  loss_giou_aux_0: 1.1321 (1.1430)  loss_giou_aux_1: 1.1058 (1.1229)  loss_giou_aux_2: 1.1704 (1.2116)  loss_giou_dn_0: 0.8569 (0.8695)  loss_giou_dn_1: 0.7820 (0.7812)  loss_giou_dn_2: 0.7727 (0.7699)  loss_vfl: 0.5098 (0.5096)  loss_vfl_aux_0: 0.5038 (0.5102)  loss_vfl_aux_1: 0.5140 (0.5124)  loss_vfl_aux_2: 0.4855 (0.4887)  loss_vfl_dn_0: 0.4716 (0.4761)  loss_vfl_dn_1: 0.4679 (0.4682)  loss_vfl_dn_2: 0.4608 (0.4635)  time: 0.9926  data: 0.0452  max mem: 8526
Epoch: [12]  [300/809]  eta: 0:08:07  lr: 0.000100  loss: 11.0825 (11.1084)  loss_bbox: 0.1032 (0.1209)  loss_bbox_aux_0: 0.1094 (0.1277)  loss_bbox_aux_1: 0.1022 (0.1221)  loss_bbox_aux_2: 0.1219 (0.1406)  loss_bbox_dn_0: 0.0555 (0.0657)  loss_bbox_dn_1: 0.0465 (0.0548)  loss_bbox_dn_2: 0.0456 (0.0533)  loss_giou: 1.1170 (1.1093)  loss_giou_aux_0: 1.1501 (1.1417)  loss_giou_aux_1: 1.1361 (1.1215)  loss_giou_aux_2: 1.2359 (1.2096)  loss_giou_dn_0: 0.8930 (0.8680)  loss_giou_dn_1: 0.8041 (0.7805)  loss_giou_dn_2: 0.7945 (0.7693)  loss_vfl: 0.4885 (0.5093)  loss_vfl_aux_0: 0.4932 (0.5098)  loss_vfl_aux_1: 0.4897 (0.5116)  loss_vfl_aux_2: 0.4644 (0.4874)  loss_vfl_dn_0: 0.4691 (0.4755)  loss_vfl_dn_1: 0.4622 (0.4673)  loss_vfl_dn_2: 0.4577 (0.4627)  time: 0.9529  data: 0.0383  max mem: 8526
Epoch: [12]  [400/809]  eta: 0:06:27  lr: 0.000100  loss: 10.5690 (11.0576)  loss_bbox: 0.0956 (0.1183)  loss_bbox_aux_0: 0.1084 (0.1247)  loss_bbox_aux_1: 0.1020 (0.1194)  loss_bbox_aux_2: 0.1185 (0.1376)  loss_bbox_dn_0: 0.0599 (0.0659)  loss_bbox_dn_1: 0.0504 (0.0550)  loss_bbox_dn_2: 0.0496 (0.0534)  loss_giou: 0.9625 (1.0963)  loss_giou_aux_0: 1.0112 (1.1286)  loss_giou_aux_1: 0.9770 (1.1078)  loss_giou_aux_2: 1.0715 (1.1984)  loss_giou_dn_0: 0.8449 (0.8652)  loss_giou_dn_1: 0.7455 (0.7771)  loss_giou_dn_2: 0.7336 (0.7658)  loss_vfl: 0.5527 (0.5139)  loss_vfl_aux_0: 0.5540 (0.5145)  loss_vfl_aux_1: 0.5520 (0.5165)  loss_vfl_aux_2: 0.5175 (0.4921)  loss_vfl_dn_0: 0.4740 (0.4758)  loss_vfl_dn_1: 0.4688 (0.4678)  loss_vfl_dn_2: 0.4624 (0.4633)  time: 0.9274  data: 0.0390  max mem: 8526
Epoch: [12]  [500/809]  eta: 0:04:51  lr: 0.000100  loss: 10.9585 (11.0560)  loss_bbox: 0.1078 (0.1189)  loss_bbox_aux_0: 0.1125 (0.1254)  loss_bbox_aux_1: 0.1096 (0.1200)  loss_bbox_aux_2: 0.1285 (0.1382)  loss_bbox_dn_0: 0.0685 (0.0663)  loss_bbox_dn_1: 0.0569 (0.0553)  loss_bbox_dn_2: 0.0564 (0.0538)  loss_giou: 1.0364 (1.0955)  loss_giou_aux_0: 1.1035 (1.1288)  loss_giou_aux_1: 1.0549 (1.1071)  loss_giou_aux_2: 1.1607 (1.1986)  loss_giou_dn_0: 0.8642 (0.8648)  loss_giou_dn_1: 0.7651 (0.7773)  loss_giou_dn_2: 0.7529 (0.7660)  loss_vfl: 0.5342 (0.5134)  loss_vfl_aux_0: 0.5374 (0.5140)  loss_vfl_aux_1: 0.5371 (0.5162)  loss_vfl_aux_2: 0.5057 (0.4910)  loss_vfl_dn_0: 0.4720 (0.4754)  loss_vfl_dn_1: 0.4631 (0.4673)  loss_vfl_dn_2: 0.4561 (0.4628)  time: 0.9479  data: 0.0438  max mem: 8526
Epoch: [12]  [600/809]  eta: 0:03:16  lr: 0.000100  loss: 11.0304 (11.0042)  loss_bbox: 0.1011 (0.1167)  loss_bbox_aux_0: 0.1060 (0.1232)  loss_bbox_aux_1: 0.1031 (0.1179)  loss_bbox_aux_2: 0.1204 (0.1360)  loss_bbox_dn_0: 0.0686 (0.0667)  loss_bbox_dn_1: 0.0565 (0.0556)  loss_bbox_dn_2: 0.0537 (0.0540)  loss_giou: 1.0229 (1.0825)  loss_giou_aux_0: 1.0694 (1.1157)  loss_giou_aux_1: 1.0433 (1.0941)  loss_giou_aux_2: 1.1447 (1.1863)  loss_giou_dn_0: 0.8485 (0.8617)  loss_giou_dn_1: 0.7544 (0.7739)  loss_giou_dn_2: 0.7384 (0.7623)  loss_vfl: 0.5155 (0.5178)  loss_vfl_aux_0: 0.5110 (0.5185)  loss_vfl_aux_1: 0.5137 (0.5205)  loss_vfl_aux_2: 0.4905 (0.4953)  loss_vfl_dn_0: 0.4747 (0.4755)  loss_vfl_dn_1: 0.4633 (0.4672)  loss_vfl_dn_2: 0.4590 (0.4628)  time: 0.9598  data: 0.0337  max mem: 8526
Epoch: [12]  [700/809]  eta: 0:01:42  lr: 0.000100  loss: 11.0131 (10.9983)  loss_bbox: 0.1146 (0.1157)  loss_bbox_aux_0: 0.1176 (0.1221)  loss_bbox_aux_1: 0.1119 (0.1169)  loss_bbox_aux_2: 0.1261 (0.1349)  loss_bbox_dn_0: 0.0596 (0.0663)  loss_bbox_dn_1: 0.0493 (0.0553)  loss_bbox_dn_2: 0.0478 (0.0537)  loss_giou: 1.1122 (1.0824)  loss_giou_aux_0: 1.1332 (1.1158)  loss_giou_aux_1: 1.1124 (1.0940)  loss_giou_aux_2: 1.2165 (1.1866)  loss_giou_dn_0: 0.8468 (0.8610)  loss_giou_dn_1: 0.7618 (0.7736)  loss_giou_dn_2: 0.7434 (0.7619)  loss_vfl: 0.5145 (0.5181)  loss_vfl_aux_0: 0.5082 (0.5186)  loss_vfl_aux_1: 0.5154 (0.5210)  loss_vfl_aux_2: 0.4902 (0.4956)  loss_vfl_dn_0: 0.4718 (0.4754)  loss_vfl_dn_1: 0.4574 (0.4668)  loss_vfl_dn_2: 0.4536 (0.4624)  time: 0.9687  data: 0.0470  max mem: 8526
Epoch: [12]  [800/809]  eta: 0:00:08  lr: 0.000100  loss: 11.2089 (10.9961)  loss_bbox: 0.1049 (0.1154)  loss_bbox_aux_0: 0.1139 (0.1219)  loss_bbox_aux_1: 0.1093 (0.1165)  loss_bbox_aux_2: 0.1310 (0.1349)  loss_bbox_dn_0: 0.0645 (0.0661)  loss_bbox_dn_1: 0.0534 (0.0550)  loss_bbox_dn_2: 0.0515 (0.0535)  loss_giou: 1.0659 (1.0817)  loss_giou_aux_0: 1.1005 (1.1158)  loss_giou_aux_1: 1.0857 (1.0936)  loss_giou_aux_2: 1.1923 (1.1868)  loss_giou_dn_0: 0.8792 (0.8612)  loss_giou_dn_1: 0.7943 (0.7737)  loss_giou_dn_2: 0.7819 (0.7619)  loss_vfl: 0.5005 (0.5185)  loss_vfl_aux_0: 0.5155 (0.5186)  loss_vfl_aux_1: 0.5079 (0.5214)  loss_vfl_aux_2: 0.4685 (0.4950)  loss_vfl_dn_0: 0.4664 (0.4752)  loss_vfl_dn_1: 0.4633 (0.4668)  loss_vfl_dn_2: 0.4618 (0.4626)  time: 0.9682  data: 0.0434  max mem: 8526
Epoch: [12]  [808/809]  eta: 0:00:00  lr: 0.000100  loss: 11.2393 (10.9989)  loss_bbox: 0.1099 (0.1155)  loss_bbox_aux_0: 0.1192 (0.1220)  loss_bbox_aux_1: 0.1117 (0.1166)  loss_bbox_aux_2: 0.1362 (0.1350)  loss_bbox_dn_0: 0.0676 (0.0661)  loss_bbox_dn_1: 0.0534 (0.0550)  loss_bbox_dn_2: 0.0515 (0.0534)  loss_giou: 1.1487 (1.0825)  loss_giou_aux_0: 1.2145 (1.1166)  loss_giou_aux_1: 1.1669 (1.0944)  loss_giou_aux_2: 1.2614 (1.1875)  loss_giou_dn_0: 0.8926 (0.8616)  loss_giou_dn_1: 0.8023 (0.7740)  loss_giou_dn_2: 0.7932 (0.7622)  loss_vfl: 0.4780 (0.5181)  loss_vfl_aux_0: 0.4635 (0.5182)  loss_vfl_aux_1: 0.4813 (0.5210)  loss_vfl_aux_2: 0.4471 (0.4946)  loss_vfl_dn_0: 0.4657 (0.4751)  loss_vfl_dn_1: 0.4633 (0.4668)  loss_vfl_dn_2: 0.4625 (0.4626)  time: 0.8122  data: 0.0364  max mem: 8526
Epoch: [12] Total time: 0:12:41 (0.9410 s / it)
Averaged stats: lr: 0.000100  loss: 11.2393 (10.9989)  loss_bbox: 0.1099 (0.1155)  loss_bbox_aux_0: 0.1192 (0.1220)  loss_bbox_aux_1: 0.1117 (0.1166)  loss_bbox_aux_2: 0.1362 (0.1350)  loss_bbox_dn_0: 0.0676 (0.0661)  loss_bbox_dn_1: 0.0534 (0.0550)  loss_bbox_dn_2: 0.0515 (0.0534)  loss_giou: 1.1487 (1.0825)  loss_giou_aux_0: 1.2145 (1.1166)  loss_giou_aux_1: 1.1669 (1.0944)  loss_giou_aux_2: 1.2614 (1.1875)  loss_giou_dn_0: 0.8926 (0.8616)  loss_giou_dn_1: 0.8023 (0.7740)  loss_giou_dn_2: 0.7932 (0.7622)  loss_vfl: 0.4780 (0.5181)  loss_vfl_aux_0: 0.4635 (0.5182)  loss_vfl_aux_1: 0.4813 (0.5210)  loss_vfl_aux_2: 0.4471 (0.4946)  loss_vfl_dn_0: 0.4657 (0.4751)  loss_vfl_dn_1: 0.4633 (0.4668)  loss_vfl_dn_2: 0.4625 (0.4626)
Test:  [ 0/69]  eta: 0:01:22    time: 1.1924  data: 0.6620  max mem: 8526
Test:  [10/69]  eta: 0:00:41    time: 0.7056  data: 0.0797  max mem: 8526
Test:  [20/69]  eta: 0:00:33    time: 0.6658  data: 0.0213  max mem: 8526
Test:  [30/69]  eta: 0:00:26    time: 0.6504  data: 0.0211  max mem: 8526
Test:  [40/69]  eta: 0:00:18    time: 0.6061  data: 0.0220  max mem: 8526
Test:  [50/69]  eta: 0:00:11    time: 0.5551  data: 0.0222  max mem: 8526
Test:  [60/69]  eta: 0:00:05    time: 0.5667  data: 0.0212  max mem: 8526
Test:  [68/69]  eta: 0:00:00    time: 0.5876  data: 0.0195  max mem: 8526
Test: Total time: 0:00:42 (0.6196 s / it)
Averaged stats: 
Accumulating evaluation results...
DONE (t=1.93s).
IoU metric: bbox
 Average Precision  (AP) @[ IoU=0.50:0.95 | area=   all | maxDets=100 ] = 0.159
 Average Precision  (AP) @[ IoU=0.50      | area=   all | maxDets=100 ] = 0.272
 Average Precision  (AP) @[ IoU=0.75      | area=   all | maxDets=100 ] = 0.162
 Average Precision  (AP) @[ IoU=0.50:0.95 | area= small | maxDets=100 ] = 0.098
 Average Precision  (AP) @[ IoU=0.50:0.95 | area=medium | maxDets=100 ] = 0.233
 Average Precision  (AP) @[ IoU=0.50:0.95 | area= large | maxDets=100 ] = 0.281
 Average Recall     (AR) @[ IoU=0.50:0.95 | area=   all | maxDets=  1 ] = 0.077
 Average Recall     (AR) @[ IoU=0.50:0.95 | area=   all | maxDets= 10 ] = 0.224
 Average Recall     (AR) @[ IoU=0.50:0.95 | area=   all | maxDets=100 ] = 0.313
 Average Recall     (AR) @[ IoU=0.50:0.95 | area= small | maxDets=100 ] = 0.227
 Average Recall     (AR) @[ IoU=0.50:0.95 | area=medium | maxDets=100 ] = 0.422
 Average Recall     (AR) @[ IoU=0.50:0.95 | area= large | maxDets=100 ] = 0.473
best_stat:  {'epoch': 12, 'coco_eval_bbox': 0.1592415723828939}
Epoch: [13]  [  0/809]  eta: 1:23:14  lr: 0.000100  loss: 9.6314 (9.6314)  loss_bbox: 0.0771 (0.0771)  loss_bbox_aux_0: 0.0794 (0.0794)  loss_bbox_aux_1: 0.0773 (0.0773)  loss_bbox_aux_2: 0.0920 (0.0920)  loss_bbox_dn_0: 0.0645 (0.0645)  loss_bbox_dn_1: 0.0549 (0.0549)  loss_bbox_dn_2: 0.0527 (0.0527)  loss_giou: 0.7661 (0.7661)  loss_giou_aux_0: 0.7993 (0.7993)  loss_giou_aux_1: 0.7827 (0.7827)  loss_giou_aux_2: 0.8912 (0.8912)  loss_giou_dn_0: 0.7553 (0.7553)  loss_giou_dn_1: 0.6632 (0.6632)  loss_giou_dn_2: 0.6491 (0.6491)  loss_vfl: 0.5985 (0.5985)  loss_vfl_aux_0: 0.6096 (0.6096)  loss_vfl_aux_1: 0.6058 (0.6058)  loss_vfl_aux_2: 0.5602 (0.5602)  loss_vfl_dn_0: 0.4965 (0.4965)  loss_vfl_dn_1: 0.4847 (0.4847)  loss_vfl_dn_2: 0.4711 (0.4711)  time: 6.1742  data: 2.1882  max mem: 8526
Epoch: [13]  [100/809]  eta: 0:11:42  lr: 0.000100  loss: 10.7471 (11.0229)  loss_bbox: 0.1042 (0.1216)  loss_bbox_aux_0: 0.1062 (0.1277)  loss_bbox_aux_1: 0.1052 (0.1227)  loss_bbox_aux_2: 0.1168 (0.1410)  loss_bbox_dn_0: 0.0653 (0.0639)  loss_bbox_dn_1: 0.0540 (0.0532)  loss_bbox_dn_2: 0.0527 (0.0517)  loss_giou: 1.0234 (1.0932)  loss_giou_aux_0: 1.0731 (1.1275)  loss_giou_aux_1: 1.0448 (1.1063)  loss_giou_aux_2: 1.1262 (1.1996)  loss_giou_dn_0: 0.8474 (0.8601)  loss_giou_dn_1: 0.7774 (0.7712)  loss_giou_dn_2: 0.7689 (0.7594)  loss_vfl: 0.5099 (0.5099)  loss_vfl_aux_0: 0.5068 (0.5111)  loss_vfl_aux_1: 0.5057 (0.5134)  loss_vfl_aux_2: 0.4931 (0.4874)  loss_vfl_dn_0: 0.4685 (0.4744)  loss_vfl_dn_1: 0.4580 (0.4659)  loss_vfl_dn_2: 0.4541 (0.4617)  time: 0.9339  data: 0.0430  max mem: 8526
Epoch: [13]  [200/809]  eta: 0:09:44  lr: 0.000100  loss: 11.1444 (10.9927)  loss_bbox: 0.1029 (0.1171)  loss_bbox_aux_0: 0.1070 (0.1233)  loss_bbox_aux_1: 0.1028 (0.1183)  loss_bbox_aux_2: 0.1217 (0.1365)  loss_bbox_dn_0: 0.0622 (0.0650)  loss_bbox_dn_1: 0.0536 (0.0544)  loss_bbox_dn_2: 0.0514 (0.0529)  loss_giou: 1.0574 (1.0814)  loss_giou_aux_0: 1.0881 (1.1152)  loss_giou_aux_1: 1.0573 (1.0936)  loss_giou_aux_2: 1.1544 (1.1853)  loss_giou_dn_0: 0.8606 (0.8614)  loss_giou_dn_1: 0.7780 (0.7735)  loss_giou_dn_2: 0.7656 (0.7622)  loss_vfl: 0.5537 (0.5180)  loss_vfl_aux_0: 0.5408 (0.5192)  loss_vfl_aux_1: 0.5415 (0.5216)  loss_vfl_aux_2: 0.5095 (0.4948)  loss_vfl_dn_0: 0.4729 (0.4731)  loss_vfl_dn_1: 0.4623 (0.4650)  loss_vfl_dn_2: 0.4589 (0.4608)  time: 0.9255  data: 0.0312  max mem: 8526
Epoch: [13]  [300/809]  eta: 0:08:01  lr: 0.000100  loss: 10.9550 (10.9883)  loss_bbox: 0.1131 (0.1165)  loss_bbox_aux_0: 0.1173 (0.1230)  loss_bbox_aux_1: 0.1054 (0.1177)  loss_bbox_aux_2: 0.1374 (0.1372)  loss_bbox_dn_0: 0.0734 (0.0672)  loss_bbox_dn_1: 0.0614 (0.0561)  loss_bbox_dn_2: 0.0591 (0.0546)  loss_giou: 1.0443 (1.0760)  loss_giou_aux_0: 1.0744 (1.1116)  loss_giou_aux_1: 1.0474 (1.0888)  loss_giou_aux_2: 1.1311 (1.1824)  loss_giou_dn_0: 0.8708 (0.8643)  loss_giou_dn_1: 0.7885 (0.7748)  loss_giou_dn_2: 0.7826 (0.7631)  loss_vfl: 0.5099 (0.5192)  loss_vfl_aux_0: 0.5145 (0.5191)  loss_vfl_aux_1: 0.5123 (0.5218)  loss_vfl_aux_2: 0.4813 (0.4940)  loss_vfl_dn_0: 0.4745 (0.4730)  loss_vfl_dn_1: 0.4670 (0.4660)  loss_vfl_dn_2: 0.4596 (0.4618)  time: 0.9629  data: 0.0403  max mem: 8526
Epoch: [13]  [400/809]  eta: 0:06:24  lr: 0.000100  loss: 10.8431 (10.9812)  loss_bbox: 0.0970 (0.1169)  loss_bbox_aux_0: 0.1113 (0.1232)  loss_bbox_aux_1: 0.1051 (0.1181)  loss_bbox_aux_2: 0.1213 (0.1379)  loss_bbox_dn_0: 0.0580 (0.0668)  loss_bbox_dn_1: 0.0503 (0.0558)  loss_bbox_dn_2: 0.0471 (0.0542)  loss_giou: 1.0389 (1.0753)  loss_giou_aux_0: 1.0758 (1.1107)  loss_giou_aux_1: 1.0510 (1.0874)  loss_giou_aux_2: 1.1508 (1.1832)  loss_giou_dn_0: 0.8468 (0.8600)  loss_giou_dn_1: 0.7564 (0.7713)  loss_giou_dn_2: 0.7398 (0.7598)  loss_vfl: 0.5115 (0.5199)  loss_vfl_aux_0: 0.5046 (0.5195)  loss_vfl_aux_1: 0.5100 (0.5227)  loss_vfl_aux_2: 0.4877 (0.4943)  loss_vfl_dn_0: 0.4733 (0.4747)  loss_vfl_dn_1: 0.4675 (0.4669)  loss_vfl_dn_2: 0.4648 (0.4627)  time: 0.9466  data: 0.0387  max mem: 8526
Epoch: [13]  [500/809]  eta: 0:04:48  lr: 0.000100  loss: 11.0781 (10.9632)  loss_bbox: 0.1140 (0.1155)  loss_bbox_aux_0: 0.1253 (0.1219)  loss_bbox_aux_1: 0.1149 (0.1167)  loss_bbox_aux_2: 0.1398 (0.1363)  loss_bbox_dn_0: 0.0576 (0.0662)  loss_bbox_dn_1: 0.0475 (0.0552)  loss_bbox_dn_2: 0.0453 (0.0536)  loss_giou: 1.1030 (1.0728)  loss_giou_aux_0: 1.1184 (1.1081)  loss_giou_aux_1: 1.1152 (1.0851)  loss_giou_aux_2: 1.1729 (1.1805)  loss_giou_dn_0: 0.8715 (0.8568)  loss_giou_dn_1: 0.7854 (0.7687)  loss_giou_dn_2: 0.7730 (0.7572)  loss_vfl: 0.4921 (0.5211)  loss_vfl_aux_0: 0.4814 (0.5213)  loss_vfl_aux_1: 0.4958 (0.5239)  loss_vfl_aux_2: 0.4424 (0.4967)  loss_vfl_dn_0: 0.4685 (0.4755)  loss_vfl_dn_1: 0.4650 (0.4672)  loss_vfl_dn_2: 0.4576 (0.4629)  time: 0.8953  data: 0.0376  max mem: 8526
Epoch: [13]  [600/809]  eta: 0:03:14  lr: 0.000100  loss: 10.6537 (10.9691)  loss_bbox: 0.1029 (0.1162)  loss_bbox_aux_0: 0.1103 (0.1225)  loss_bbox_aux_1: 0.1046 (0.1174)  loss_bbox_aux_2: 0.1244 (0.1366)  loss_bbox_dn_0: 0.0622 (0.0663)  loss_bbox_dn_1: 0.0524 (0.0553)  loss_bbox_dn_2: 0.0524 (0.0537)  loss_giou: 1.0288 (1.0742)  loss_giou_aux_0: 1.0373 (1.1090)  loss_giou_aux_1: 1.0341 (1.0864)  loss_giou_aux_2: 1.1158 (1.1801)  loss_giou_dn_0: 0.8292 (0.8575)  loss_giou_dn_1: 0.7525 (0.7694)  loss_giou_dn_2: 0.7419 (0.7579)  loss_vfl: 0.5214 (0.5207)  loss_vfl_aux_0: 0.5308 (0.5209)  loss_vfl_aux_1: 0.5292 (0.5234)  loss_vfl_aux_2: 0.5327 (0.4972)  loss_vfl_dn_0: 0.4749 (0.4751)  loss_vfl_dn_1: 0.4657 (0.4667)  loss_vfl_dn_2: 0.4598 (0.4625)  time: 0.9109  data: 0.0373  max mem: 8526
Epoch: [13]  [700/809]  eta: 0:01:40  lr: 0.000100  loss: 10.7880 (10.9307)  loss_bbox: 0.1009 (0.1147)  loss_bbox_aux_0: 0.1046 (0.1210)  loss_bbox_aux_1: 0.1038 (0.1159)  loss_bbox_aux_2: 0.1260 (0.1347)  loss_bbox_dn_0: 0.0631 (0.0667)  loss_bbox_dn_1: 0.0535 (0.0556)  loss_bbox_dn_2: 0.0509 (0.0541)  loss_giou: 1.0295 (1.0646)  loss_giou_aux_0: 1.0713 (1.0991)  loss_giou_aux_1: 1.0412 (1.0765)  loss_giou_aux_2: 1.1628 (1.1707)  loss_giou_dn_0: 0.8423 (0.8543)  loss_giou_dn_1: 0.7456 (0.7664)  loss_giou_dn_2: 0.7326 (0.7549)  loss_vfl: 0.5195 (0.5241)  loss_vfl_aux_0: 0.5223 (0.5245)  loss_vfl_aux_1: 0.5228 (0.5267)  loss_vfl_aux_2: 0.4917 (0.5010)  loss_vfl_dn_0: 0.4714 (0.4756)  loss_vfl_dn_1: 0.4632 (0.4670)  loss_vfl_dn_2: 0.4595 (0.4627)  time: 0.8841  data: 0.0361  max mem: 8526
Epoch: [13]  [800/809]  eta: 0:00:08  lr: 0.000100  loss: 11.2193 (10.9489)  loss_bbox: 0.1055 (0.1152)  loss_bbox_aux_0: 0.1104 (0.1216)  loss_bbox_aux_1: 0.1077 (0.1164)  loss_bbox_aux_2: 0.1303 (0.1352)  loss_bbox_dn_0: 0.0582 (0.0667)  loss_bbox_dn_1: 0.0495 (0.0557)  loss_bbox_dn_2: 0.0469 (0.0541)  loss_giou: 1.1288 (1.0691)  loss_giou_aux_0: 1.1675 (1.1036)  loss_giou_aux_1: 1.1400 (1.0810)  loss_giou_aux_2: 1.2344 (1.1751)  loss_giou_dn_0: 0.8987 (0.8563)  loss_giou_dn_1: 0.8056 (0.7679)  loss_giou_dn_2: 0.7947 (0.7563)  loss_vfl: 0.5021 (0.5230)  loss_vfl_aux_0: 0.5052 (0.5227)  loss_vfl_aux_1: 0.4983 (0.5254)  loss_vfl_aux_2: 0.4834 (0.4992)  loss_vfl_dn_0: 0.4706 (0.4752)  loss_vfl_dn_1: 0.4624 (0.4667)  loss_vfl_dn_2: 0.4591 (0.4624)  time: 0.9263  data: 0.0460  max mem: 8526
Epoch: [13]  [808/809]  eta: 0:00:00  lr: 0.000100  loss: 10.7730 (10.9481)  loss_bbox: 0.0958 (0.1154)  loss_bbox_aux_0: 0.1094 (0.1218)  loss_bbox_aux_1: 0.1001 (0.1167)  loss_bbox_aux_2: 0.1248 (0.1355)  loss_bbox_dn_0: 0.0618 (0.0668)  loss_bbox_dn_1: 0.0520 (0.0557)  loss_bbox_dn_2: 0.0515 (0.0542)  loss_giou: 1.0131 (1.0685)  loss_giou_aux_0: 1.0389 (1.1030)  loss_giou_aux_1: 1.0116 (1.0805)  loss_giou_aux_2: 1.1576 (1.1747)  loss_giou_dn_0: 0.8637 (0.8563)  loss_giou_dn_1: 0.7606 (0.7676)  loss_giou_dn_2: 0.7497 (0.7560)  loss_vfl: 0.5215 (0.5231)  loss_vfl_aux_0: 0.5198 (0.5229)  loss_vfl_aux_1: 0.5264 (0.5256)  loss_vfl_aux_2: 0.5107 (0.4995)  loss_vfl_dn_0: 0.4706 (0.4752)  loss_vfl_dn_1: 0.4595 (0.4666)  loss_vfl_dn_2: 0.4585 (0.4624)  time: 0.7538  data: 0.0376  max mem: 8526
Epoch: [13] Total time: 0:12:27 (0.9246 s / it)
Averaged stats: lr: 0.000100  loss: 10.7730 (10.9481)  loss_bbox: 0.0958 (0.1154)  loss_bbox_aux_0: 0.1094 (0.1218)  loss_bbox_aux_1: 0.1001 (0.1167)  loss_bbox_aux_2: 0.1248 (0.1355)  loss_bbox_dn_0: 0.0618 (0.0668)  loss_bbox_dn_1: 0.0520 (0.0557)  loss_bbox_dn_2: 0.0515 (0.0542)  loss_giou: 1.0131 (1.0685)  loss_giou_aux_0: 1.0389 (1.1030)  loss_giou_aux_1: 1.0116 (1.0805)  loss_giou_aux_2: 1.1576 (1.1747)  loss_giou_dn_0: 0.8637 (0.8563)  loss_giou_dn_1: 0.7606 (0.7676)  loss_giou_dn_2: 0.7497 (0.7560)  loss_vfl: 0.5215 (0.5231)  loss_vfl_aux_0: 0.5198 (0.5229)  loss_vfl_aux_1: 0.5264 (0.5256)  loss_vfl_aux_2: 0.5107 (0.4995)  loss_vfl_dn_0: 0.4706 (0.4752)  loss_vfl_dn_1: 0.4595 (0.4666)  loss_vfl_dn_2: 0.4585 (0.4624)
Test:  [ 0/69]  eta: 0:01:28    time: 1.2756  data: 0.7172  max mem: 8526
Test:  [10/69]  eta: 0:00:42    time: 0.7244  data: 0.0795  max mem: 8526
Test:  [20/69]  eta: 0:00:34    time: 0.6691  data: 0.0177  max mem: 8526
Test:  [30/69]  eta: 0:00:25    time: 0.6299  data: 0.0201  max mem: 8526
Test:  [40/69]  eta: 0:00:18    time: 0.5891  data: 0.0208  max mem: 8526
Test:  [50/69]  eta: 0:00:11    time: 0.5593  data: 0.0215  max mem: 8526
Test:  [60/69]  eta: 0:00:05    time: 0.5875  data: 0.0220  max mem: 8526
Test:  [68/69]  eta: 0:00:00    time: 0.6033  data: 0.0203  max mem: 8526
Test: Total time: 0:00:42 (0.6222 s / it)
Averaged stats: 
Accumulating evaluation results...
DONE (t=1.96s).
IoU metric: bbox
 Average Precision  (AP) @[ IoU=0.50:0.95 | area=   all | maxDets=100 ] = 0.162
 Average Precision  (AP) @[ IoU=0.50      | area=   all | maxDets=100 ] = 0.276
 Average Precision  (AP) @[ IoU=0.75      | area=   all | maxDets=100 ] = 0.164
 Average Precision  (AP) @[ IoU=0.50:0.95 | area= small | maxDets=100 ] = 0.101
 Average Precision  (AP) @[ IoU=0.50:0.95 | area=medium | maxDets=100 ] = 0.236
 Average Precision  (AP) @[ IoU=0.50:0.95 | area= large | maxDets=100 ] = 0.293
 Average Recall     (AR) @[ IoU=0.50:0.95 | area=   all | maxDets=  1 ] = 0.079
 Average Recall     (AR) @[ IoU=0.50:0.95 | area=   all | maxDets= 10 ] = 0.229
 Average Recall     (AR) @[ IoU=0.50:0.95 | area=   all | maxDets=100 ] = 0.317
 Average Recall     (AR) @[ IoU=0.50:0.95 | area= small | maxDets=100 ] = 0.231
 Average Recall     (AR) @[ IoU=0.50:0.95 | area=medium | maxDets=100 ] = 0.424
 Average Recall     (AR) @[ IoU=0.50:0.95 | area= large | maxDets=100 ] = 0.510
best_stat:  {'epoch': 13, 'coco_eval_bbox': 0.16240288931686175}
Epoch: [14]  [  0/809]  eta: 1:01:57  lr: 0.000100  loss: 10.5640 (10.5640)  loss_bbox: 0.1142 (0.1142)  loss_bbox_aux_0: 0.1194 (0.1194)  loss_bbox_aux_1: 0.1148 (0.1148)  loss_bbox_aux_2: 0.1383 (0.1383)  loss_bbox_dn_0: 0.0763 (0.0763)  loss_bbox_dn_1: 0.0597 (0.0597)  loss_bbox_dn_2: 0.0569 (0.0569)  loss_giou: 0.9304 (0.9304)  loss_giou_aux_0: 0.9662 (0.9662)  loss_giou_aux_1: 0.9354 (0.9354)  loss_giou_aux_2: 1.0648 (1.0648)  loss_giou_dn_0: 0.8145 (0.8145)  loss_giou_dn_1: 0.7038 (0.7038)  loss_giou_dn_2: 0.6816 (0.6816)  loss_vfl: 0.6091 (0.6091)  loss_vfl_aux_0: 0.5789 (0.5789)  loss_vfl_aux_1: 0.6040 (0.6040)  loss_vfl_aux_2: 0.5474 (0.5474)  loss_vfl_dn_0: 0.4856 (0.4856)  loss_vfl_dn_1: 0.4805 (0.4805)  loss_vfl_dn_2: 0.4822 (0.4822)  time: 4.5948  data: 2.7361  max mem: 8526
Epoch: [14]  [100/809]  eta: 0:11:49  lr: 0.000100  loss: 10.6697 (11.0187)  loss_bbox: 0.0935 (0.1176)  loss_bbox_aux_0: 0.0975 (0.1239)  loss_bbox_aux_1: 0.0954 (0.1191)  loss_bbox_aux_2: 0.1125 (0.1375)  loss_bbox_dn_0: 0.0710 (0.0663)  loss_bbox_dn_1: 0.0587 (0.0550)  loss_bbox_dn_2: 0.0570 (0.0533)  loss_giou: 0.9980 (1.0816)  loss_giou_aux_0: 1.0344 (1.1175)  loss_giou_aux_1: 1.0133 (1.0949)  loss_giou_aux_2: 1.0790 (1.1895)  loss_giou_dn_0: 0.8520 (0.8611)  loss_giou_dn_1: 0.7616 (0.7684)  loss_giou_dn_2: 0.7504 (0.7560)  loss_vfl: 0.5328 (0.5233)  loss_vfl_aux_0: 0.5410 (0.5245)  loss_vfl_aux_1: 0.5356 (0.5256)  loss_vfl_aux_2: 0.5146 (0.4980)  loss_vfl_dn_0: 0.4832 (0.4750)  loss_vfl_dn_1: 0.4666 (0.4673)  loss_vfl_dn_2: 0.4679 (0.4634)  time: 0.9689  data: 0.0439  max mem: 8526
Epoch: [14]  [200/809]  eta: 0:09:47  lr: 0.000100  loss: 10.9145 (10.9793)  loss_bbox: 0.0998 (0.1184)  loss_bbox_aux_0: 0.1138 (0.1251)  loss_bbox_aux_1: 0.1046 (0.1199)  loss_bbox_aux_2: 0.1324 (0.1391)  loss_bbox_dn_0: 0.0657 (0.0683)  loss_bbox_dn_1: 0.0546 (0.0565)  loss_bbox_dn_2: 0.0534 (0.0548)  loss_giou: 1.0746 (1.0715)  loss_giou_aux_0: 1.1394 (1.1082)  loss_giou_aux_1: 1.1147 (1.0850)  loss_giou_aux_2: 1.2136 (1.1852)  loss_giou_dn_0: 0.8436 (0.8579)  loss_giou_dn_1: 0.7592 (0.7641)  loss_giou_dn_2: 0.7537 (0.7516)  loss_vfl: 0.5457 (0.5239)  loss_vfl_aux_0: 0.5337 (0.5223)  loss_vfl_aux_1: 0.5500 (0.5266)  loss_vfl_aux_2: 0.4983 (0.4956)  loss_vfl_dn_0: 0.4709 (0.4741)  loss_vfl_dn_1: 0.4672 (0.4676)  loss_vfl_dn_2: 0.4681 (0.4638)  time: 0.9129  data: 0.0365  max mem: 8526
Epoch: [14]  [300/809]  eta: 0:08:09  lr: 0.000100  loss: 10.9161 (10.9910)  loss_bbox: 0.1047 (0.1191)  loss_bbox_aux_0: 0.1102 (0.1258)  loss_bbox_aux_1: 0.1044 (0.1205)  loss_bbox_aux_2: 0.1212 (0.1393)  loss_bbox_dn_0: 0.0610 (0.0674)  loss_bbox_dn_1: 0.0497 (0.0559)  loss_bbox_dn_2: 0.0484 (0.0542)  loss_giou: 1.0897 (1.0764)  loss_giou_aux_0: 1.1090 (1.1119)  loss_giou_aux_1: 1.1044 (1.0898)  loss_giou_aux_2: 1.1820 (1.1877)  loss_giou_dn_0: 0.8134 (0.8565)  loss_giou_dn_1: 0.7538 (0.7642)  loss_giou_dn_2: 0.7375 (0.7516)  loss_vfl: 0.4963 (0.5228)  loss_vfl_aux_0: 0.5045 (0.5218)  loss_vfl_aux_1: 0.4957 (0.5253)  loss_vfl_aux_2: 0.4918 (0.4966)  loss_vfl_dn_0: 0.4773 (0.4740)  loss_vfl_dn_1: 0.4706 (0.4672)  loss_vfl_dn_2: 0.4622 (0.4630)  time: 0.9253  data: 0.0364  max mem: 8526
Epoch: [14]  [400/809]  eta: 0:06:34  lr: 0.000100  loss: 10.5315 (10.9812)  loss_bbox: 0.1036 (0.1186)  loss_bbox_aux_0: 0.1098 (0.1253)  loss_bbox_aux_1: 0.1040 (0.1200)  loss_bbox_aux_2: 0.1204 (0.1386)  loss_bbox_dn_0: 0.0608 (0.0667)  loss_bbox_dn_1: 0.0473 (0.0553)  loss_bbox_dn_2: 0.0459 (0.0537)  loss_giou: 1.0093 (1.0775)  loss_giou_aux_0: 1.0311 (1.1131)  loss_giou_aux_1: 1.0158 (1.0910)  loss_giou_aux_2: 1.0992 (1.1874)  loss_giou_dn_0: 0.8356 (0.8553)  loss_giou_dn_1: 0.7595 (0.7647)  loss_giou_dn_2: 0.7439 (0.7524)  loss_vfl: 0.4913 (0.5204)  loss_vfl_aux_0: 0.5205 (0.5199)  loss_vfl_aux_1: 0.5153 (0.5230)  loss_vfl_aux_2: 0.5052 (0.4958)  loss_vfl_dn_0: 0.4728 (0.4740)  loss_vfl_dn_1: 0.4646 (0.4663)  loss_vfl_dn_2: 0.4599 (0.4621)  time: 0.9467  data: 0.0405  max mem: 8526
Epoch: [14]  [500/809]  eta: 0:04:56  lr: 0.000100  loss: 11.1787 (10.9960)  loss_bbox: 0.1141 (0.1191)  loss_bbox_aux_0: 0.1187 (0.1257)  loss_bbox_aux_1: 0.1149 (0.1204)  loss_bbox_aux_2: 0.1342 (0.1393)  loss_bbox_dn_0: 0.0608 (0.0665)  loss_bbox_dn_1: 0.0496 (0.0553)  loss_bbox_dn_2: 0.0485 (0.0537)  loss_giou: 1.1178 (1.0816)  loss_giou_aux_0: 1.1588 (1.1173)  loss_giou_aux_1: 1.1347 (1.0952)  loss_giou_aux_2: 1.2238 (1.1906)  loss_giou_dn_0: 0.8704 (0.8569)  loss_giou_dn_1: 0.7915 (0.7667)  loss_giou_dn_2: 0.7778 (0.7545)  loss_vfl: 0.4790 (0.5183)  loss_vfl_aux_0: 0.4843 (0.5178)  loss_vfl_aux_1: 0.4883 (0.5212)  loss_vfl_aux_2: 0.4608 (0.4940)  loss_vfl_dn_0: 0.4747 (0.4737)  loss_vfl_dn_1: 0.4672 (0.4661)  loss_vfl_dn_2: 0.4642 (0.4620)  time: 0.9646  data: 0.0355  max mem: 8526
Epoch: [14]  [600/809]  eta: 0:03:19  lr: 0.000100  loss: 11.0644 (10.9638)  loss_bbox: 0.1102 (0.1178)  loss_bbox_aux_0: 0.1145 (0.1244)  loss_bbox_aux_1: 0.1085 (0.1191)  loss_bbox_aux_2: 0.1305 (0.1378)  loss_bbox_dn_0: 0.0652 (0.0670)  loss_bbox_dn_1: 0.0555 (0.0556)  loss_bbox_dn_2: 0.0541 (0.0540)  loss_giou: 1.0617 (1.0726)  loss_giou_aux_0: 1.0947 (1.1084)  loss_giou_aux_1: 1.0757 (1.0862)  loss_giou_aux_2: 1.1616 (1.1811)  loss_giou_dn_0: 0.8582 (0.8550)  loss_giou_dn_1: 0.7674 (0.7643)  loss_giou_dn_2: 0.7475 (0.7519)  loss_vfl: 0.4966 (0.5214)  loss_vfl_aux_0: 0.4946 (0.5216)  loss_vfl_aux_1: 0.4967 (0.5245)  loss_vfl_aux_2: 0.4866 (0.4982)  loss_vfl_dn_0: 0.4702 (0.4742)  loss_vfl_dn_1: 0.4614 (0.4665)  loss_vfl_dn_2: 0.4587 (0.4623)  time: 0.9155  data: 0.0392  max mem: 8526
Epoch: [14]  [700/809]  eta: 0:01:43  lr: 0.000100  loss: 10.6426 (10.9495)  loss_bbox: 0.0992 (0.1169)  loss_bbox_aux_0: 0.1059 (0.1236)  loss_bbox_aux_1: 0.0994 (0.1183)  loss_bbox_aux_2: 0.1217 (0.1372)  loss_bbox_dn_0: 0.0668 (0.0672)  loss_bbox_dn_1: 0.0547 (0.0559)  loss_bbox_dn_2: 0.0523 (0.0543)  loss_giou: 1.0167 (1.0694)  loss_giou_aux_0: 1.0587 (1.1048)  loss_giou_aux_1: 1.0297 (1.0830)  loss_giou_aux_2: 1.1277 (1.1769)  loss_giou_dn_0: 0.8594 (0.8537)  loss_giou_dn_1: 0.7503 (0.7632)  loss_giou_dn_2: 0.7417 (0.7509)  loss_vfl: 0.5035 (0.5228)  loss_vfl_aux_0: 0.4993 (0.5227)  loss_vfl_aux_1: 0.5078 (0.5259)  loss_vfl_aux_2: 0.4734 (0.4994)  loss_vfl_dn_0: 0.4735 (0.4746)  loss_vfl_dn_1: 0.4636 (0.4664)  loss_vfl_dn_2: 0.4554 (0.4623)  time: 0.9220  data: 0.0390  max mem: 8526
Epoch: [14]  [800/809]  eta: 0:00:08  lr: 0.000100  loss: 10.5698 (10.9386)  loss_bbox: 0.0919 (0.1186)  loss_bbox_aux_0: 0.0903 (0.1251)  loss_bbox_aux_1: 0.0903 (0.1199)  loss_bbox_aux_2: 0.1075 (0.1387)  loss_bbox_dn_0: 0.0603 (0.0669)  loss_bbox_dn_1: 0.0484 (0.0555)  loss_bbox_dn_2: 0.0474 (0.0539)  loss_giou: 0.9736 (1.0673)  loss_giou_aux_0: 1.0264 (1.1026)  loss_giou_aux_1: 0.9918 (1.0808)  loss_giou_aux_2: 1.0752 (1.1747)  loss_giou_dn_0: 0.8091 (0.8521)  loss_giou_dn_1: 0.7318 (0.7619)  loss_giou_dn_2: 0.7228 (0.7497)  loss_vfl: 0.5269 (0.5221)  loss_vfl_aux_0: 0.5403 (0.5222)  loss_vfl_aux_1: 0.5325 (0.5251)  loss_vfl_aux_2: 0.5140 (0.4993)  loss_vfl_dn_0: 0.4681 (0.4744)  loss_vfl_dn_1: 0.4594 (0.4660)  loss_vfl_dn_2: 0.4563 (0.4618)  time: 0.9375  data: 0.0338  max mem: 8526
Epoch: [14]  [808/809]  eta: 0:00:00  lr: 0.000100  loss: 10.7881 (10.9426)  loss_bbox: 0.1067 (0.1187)  loss_bbox_aux_0: 0.1051 (0.1253)  loss_bbox_aux_1: 0.1018 (0.1200)  loss_bbox_aux_2: 0.1244 (0.1388)  loss_bbox_dn_0: 0.0550 (0.0668)  loss_bbox_dn_1: 0.0480 (0.0554)  loss_bbox_dn_2: 0.0467 (0.0538)  loss_giou: 1.0977 (1.0688)  loss_giou_aux_0: 1.1093 (1.1040)  loss_giou_aux_1: 1.1178 (1.0823)  loss_giou_aux_2: 1.1624 (1.1760)  loss_giou_dn_0: 0.8453 (0.8523)  loss_giou_dn_1: 0.7650 (0.7623)  loss_giou_dn_2: 0.7527 (0.7502)  loss_vfl: 0.5077 (0.5213)  loss_vfl_aux_0: 0.5067 (0.5214)  loss_vfl_aux_1: 0.5065 (0.5244)  loss_vfl_aux_2: 0.4706 (0.4986)  loss_vfl_dn_0: 0.4750 (0.4744)  loss_vfl_dn_1: 0.4666 (0.4659)  loss_vfl_dn_2: 0.4600 (0.4618)  time: 0.8149  data: 0.0286  max mem: 8526
Epoch: [14] Total time: 0:12:45 (0.9461 s / it)
Averaged stats: lr: 0.000100  loss: 10.7881 (10.9426)  loss_bbox: 0.1067 (0.1187)  loss_bbox_aux_0: 0.1051 (0.1253)  loss_bbox_aux_1: 0.1018 (0.1200)  loss_bbox_aux_2: 0.1244 (0.1388)  loss_bbox_dn_0: 0.0550 (0.0668)  loss_bbox_dn_1: 0.0480 (0.0554)  loss_bbox_dn_2: 0.0467 (0.0538)  loss_giou: 1.0977 (1.0688)  loss_giou_aux_0: 1.1093 (1.1040)  loss_giou_aux_1: 1.1178 (1.0823)  loss_giou_aux_2: 1.1624 (1.1760)  loss_giou_dn_0: 0.8453 (0.8523)  loss_giou_dn_1: 0.7650 (0.7623)  loss_giou_dn_2: 0.7527 (0.7502)  loss_vfl: 0.5077 (0.5213)  loss_vfl_aux_0: 0.5067 (0.5214)  loss_vfl_aux_1: 0.5065 (0.5244)  loss_vfl_aux_2: 0.4706 (0.4986)  loss_vfl_dn_0: 0.4750 (0.4744)  loss_vfl_dn_1: 0.4666 (0.4659)  loss_vfl_dn_2: 0.4600 (0.4618)
Test:  [ 0/69]  eta: 0:01:45    time: 1.5337  data: 0.8712  max mem: 8526
Test:  [10/69]  eta: 0:00:44    time: 0.7583  data: 0.0980  max mem: 8526
Test:  [20/69]  eta: 0:00:34    time: 0.6702  data: 0.0207  max mem: 8526
Test:  [30/69]  eta: 0:00:26    time: 0.6550  data: 0.0208  max mem: 8526
Test:  [40/69]  eta: 0:00:19    time: 0.6277  data: 0.0210  max mem: 8526
Test:  [50/69]  eta: 0:00:12    time: 0.5657  data: 0.0216  max mem: 8526
Test:  [60/69]  eta: 0:00:05    time: 0.5371  data: 0.0219  max mem: 8526
Test:  [68/69]  eta: 0:00:00    time: 0.5604  data: 0.0206  max mem: 8526
Test: Total time: 0:00:43 (0.6234 s / it)
Averaged stats: 
Accumulating evaluation results...
DONE (t=2.56s).
IoU metric: bbox
 Average Precision  (AP) @[ IoU=0.50:0.95 | area=   all | maxDets=100 ] = 0.165
 Average Precision  (AP) @[ IoU=0.50      | area=   all | maxDets=100 ] = 0.280
 Average Precision  (AP) @[ IoU=0.75      | area=   all | maxDets=100 ] = 0.167
 Average Precision  (AP) @[ IoU=0.50:0.95 | area= small | maxDets=100 ] = 0.103
 Average Precision  (AP) @[ IoU=0.50:0.95 | area=medium | maxDets=100 ] = 0.236
 Average Precision  (AP) @[ IoU=0.50:0.95 | area= large | maxDets=100 ] = 0.307
 Average Recall     (AR) @[ IoU=0.50:0.95 | area=   all | maxDets=  1 ] = 0.078
 Average Recall     (AR) @[ IoU=0.50:0.95 | area=   all | maxDets= 10 ] = 0.228
 Average Recall     (AR) @[ IoU=0.50:0.95 | area=   all | maxDets=100 ] = 0.317
 Average Recall     (AR) @[ IoU=0.50:0.95 | area= small | maxDets=100 ] = 0.230
 Average Recall     (AR) @[ IoU=0.50:0.95 | area=medium | maxDets=100 ] = 0.424
 Average Recall     (AR) @[ IoU=0.50:0.95 | area= large | maxDets=100 ] = 0.538
best_stat:  {'epoch': 14, 'coco_eval_bbox': 0.1646866942874106}
Epoch: [15]  [  0/809]  eta: 1:10:51  lr: 0.000100  loss: 11.1702 (11.1702)  loss_bbox: 0.0956 (0.0956)  loss_bbox_aux_0: 0.0983 (0.0983)  loss_bbox_aux_1: 0.0975 (0.0975)  loss_bbox_aux_2: 0.1135 (0.1135)  loss_bbox_dn_0: 0.0632 (0.0632)  loss_bbox_dn_1: 0.0494 (0.0494)  loss_bbox_dn_2: 0.0467 (0.0467)  loss_giou: 1.1197 (1.1197)  loss_giou_aux_0: 1.1548 (1.1548)  loss_giou_aux_1: 1.1257 (1.1257)  loss_giou_aux_2: 1.1886 (1.1886)  loss_giou_dn_0: 0.9004 (0.9004)  loss_giou_dn_1: 0.8340 (0.8340)  loss_giou_dn_2: 0.8207 (0.8207)  loss_vfl: 0.5271 (0.5271)  loss_vfl_aux_0: 0.5365 (0.5365)  loss_vfl_aux_1: 0.5273 (0.5273)  loss_vfl_aux_2: 0.4962 (0.4962)  loss_vfl_dn_0: 0.4720 (0.4720)  loss_vfl_dn_1: 0.4553 (0.4553)  loss_vfl_dn_2: 0.4475 (0.4475)  time: 5.2547  data: 4.0564  max mem: 8526
Epoch: [15]  [100/809]  eta: 0:11:35  lr: 0.000100  loss: 10.5372 (10.8619)  loss_bbox: 0.0885 (0.1075)  loss_bbox_aux_0: 0.0955 (0.1144)  loss_bbox_aux_1: 0.0901 (0.1093)  loss_bbox_aux_2: 0.1054 (0.1285)  loss_bbox_dn_0: 0.0627 (0.0657)  loss_bbox_dn_1: 0.0504 (0.0548)  loss_bbox_dn_2: 0.0498 (0.0532)  loss_giou: 0.9941 (1.0591)  loss_giou_aux_0: 1.0381 (1.0951)  loss_giou_aux_1: 1.0090 (1.0701)  loss_giou_aux_2: 1.1152 (1.1693)  loss_giou_dn_0: 0.8225 (0.8461)  loss_giou_dn_1: 0.7343 (0.7603)  loss_giou_dn_2: 0.7265 (0.7484)  loss_vfl: 0.5393 (0.5250)  loss_vfl_aux_0: 0.5239 (0.5252)  loss_vfl_aux_1: 0.5416 (0.5265)  loss_vfl_aux_2: 0.4944 (0.5003)  loss_vfl_dn_0: 0.4832 (0.4752)  loss_vfl_dn_1: 0.4733 (0.4658)  loss_vfl_dn_2: 0.4691 (0.4622)  time: 0.8832  data: 0.0318  max mem: 8526
Epoch: [15]  [200/809]  eta: 0:09:43  lr: 0.000100  loss: 10.8298 (10.8534)  loss_bbox: 0.1113 (0.1117)  loss_bbox_aux_0: 0.1155 (0.1191)  loss_bbox_aux_1: 0.1093 (0.1133)  loss_bbox_aux_2: 0.1293 (0.1330)  loss_bbox_dn_0: 0.0670 (0.0661)  loss_bbox_dn_1: 0.0532 (0.0550)  loss_bbox_dn_2: 0.0510 (0.0533)  loss_giou: 1.0567 (1.0630)  loss_giou_aux_0: 1.0866 (1.0993)  loss_giou_aux_1: 1.0813 (1.0749)  loss_giou_aux_2: 1.1869 (1.1720)  loss_giou_dn_0: 0.8667 (0.8459)  loss_giou_dn_1: 0.7740 (0.7588)  loss_giou_dn_2: 0.7625 (0.7470)  loss_vfl: 0.4977 (0.5162)  loss_vfl_aux_0: 0.4917 (0.5163)  loss_vfl_aux_1: 0.5033 (0.5191)  loss_vfl_aux_2: 0.4674 (0.4927)  loss_vfl_dn_0: 0.4689 (0.4734)  loss_vfl_dn_1: 0.4619 (0.4637)  loss_vfl_dn_2: 0.4573 (0.4596)  time: 0.9320  data: 0.0361  max mem: 8526
Epoch: [15]  [300/809]  eta: 0:08:07  lr: 0.000100  loss: 10.9585 (10.8527)  loss_bbox: 0.1057 (0.1109)  loss_bbox_aux_0: 0.1130 (0.1181)  loss_bbox_aux_1: 0.1083 (0.1124)  loss_bbox_aux_2: 0.1228 (0.1320)  loss_bbox_dn_0: 0.0658 (0.0650)  loss_bbox_dn_1: 0.0532 (0.0542)  loss_bbox_dn_2: 0.0518 (0.0526)  loss_giou: 1.0689 (1.0635)  loss_giou_aux_0: 1.1019 (1.1010)  loss_giou_aux_1: 1.0716 (1.0761)  loss_giou_aux_2: 1.1760 (1.1716)  loss_giou_dn_0: 0.8644 (0.8480)  loss_giou_dn_1: 0.7795 (0.7619)  loss_giou_dn_2: 0.7663 (0.7503)  loss_vfl: 0.5065 (0.5154)  loss_vfl_aux_0: 0.5121 (0.5151)  loss_vfl_aux_1: 0.5051 (0.5178)  loss_vfl_aux_2: 0.4956 (0.4921)  loss_vfl_dn_0: 0.4709 (0.4731)  loss_vfl_dn_1: 0.4593 (0.4629)  loss_vfl_dn_2: 0.4557 (0.4587)  time: 0.9749  data: 0.0336  max mem: 8526
Epoch: [15]  [400/809]  eta: 0:06:31  lr: 0.000100  loss: 10.9512 (10.8836)  loss_bbox: 0.1032 (0.1145)  loss_bbox_aux_0: 0.1129 (0.1213)  loss_bbox_aux_1: 0.1053 (0.1158)  loss_bbox_aux_2: 0.1240 (0.1347)  loss_bbox_dn_0: 0.0571 (0.0642)  loss_bbox_dn_1: 0.0460 (0.0535)  loss_bbox_dn_2: 0.0447 (0.0520)  loss_giou: 1.0948 (1.0706)  loss_giou_aux_0: 1.0992 (1.1071)  loss_giou_aux_1: 1.1055 (1.0833)  loss_giou_aux_2: 1.1963 (1.1766)  loss_giou_dn_0: 0.8293 (0.8503)  loss_giou_dn_1: 0.7272 (0.7646)  loss_giou_dn_2: 0.7204 (0.7530)  loss_vfl: 0.5089 (0.5118)  loss_vfl_aux_0: 0.5305 (0.5123)  loss_vfl_aux_1: 0.5164 (0.5144)  loss_vfl_aux_2: 0.5106 (0.4899)  loss_vfl_dn_0: 0.4807 (0.4728)  loss_vfl_dn_1: 0.4663 (0.4623)  loss_vfl_dn_2: 0.4637 (0.4584)  time: 0.9409  data: 0.0409  max mem: 8526
Epoch: [15]  [500/809]  eta: 0:04:55  lr: 0.000100  loss: 10.7692 (10.8518)  loss_bbox: 0.0973 (0.1132)  loss_bbox_aux_0: 0.0999 (0.1200)  loss_bbox_aux_1: 0.0954 (0.1145)  loss_bbox_aux_2: 0.1202 (0.1331)  loss_bbox_dn_0: 0.0594 (0.0639)  loss_bbox_dn_1: 0.0504 (0.0533)  loss_bbox_dn_2: 0.0492 (0.0518)  loss_giou: 1.0088 (1.0658)  loss_giou_aux_0: 1.0591 (1.1016)  loss_giou_aux_1: 1.0207 (1.0783)  loss_giou_aux_2: 1.1324 (1.1707)  loss_giou_dn_0: 0.8524 (0.8482)  loss_giou_dn_1: 0.7706 (0.7623)  loss_giou_dn_2: 0.7607 (0.7507)  loss_vfl: 0.5196 (0.5119)  loss_vfl_aux_0: 0.5173 (0.5132)  loss_vfl_aux_1: 0.5187 (0.5146)  loss_vfl_aux_2: 0.4874 (0.4911)  loss_vfl_dn_0: 0.4749 (0.4731)  loss_vfl_dn_1: 0.4669 (0.4623)  loss_vfl_dn_2: 0.4619 (0.4582)  time: 0.9669  data: 0.0477  max mem: 8526
Epoch: [15]  [600/809]  eta: 0:03:19  lr: 0.000100  loss: 11.0005 (10.8535)  loss_bbox: 0.1082 (0.1119)  loss_bbox_aux_0: 0.1170 (0.1187)  loss_bbox_aux_1: 0.1098 (0.1133)  loss_bbox_aux_2: 0.1373 (0.1320)  loss_bbox_dn_0: 0.0634 (0.0637)  loss_bbox_dn_1: 0.0487 (0.0530)  loss_bbox_dn_2: 0.0478 (0.0515)  loss_giou: 1.0887 (1.0649)  loss_giou_aux_0: 1.1255 (1.1006)  loss_giou_aux_1: 1.1087 (1.0776)  loss_giou_aux_2: 1.2152 (1.1711)  loss_giou_dn_0: 0.8530 (0.8488)  loss_giou_dn_1: 0.7557 (0.7620)  loss_giou_dn_2: 0.7428 (0.7503)  loss_vfl: 0.4781 (0.5142)  loss_vfl_aux_0: 0.4781 (0.5152)  loss_vfl_aux_1: 0.4781 (0.5169)  loss_vfl_aux_2: 0.4558 (0.4923)  loss_vfl_dn_0: 0.4708 (0.4736)  loss_vfl_dn_1: 0.4626 (0.4630)  loss_vfl_dn_2: 0.4535 (0.4588)  time: 0.9505  data: 0.0383  max mem: 8526
Epoch: [15]  [700/809]  eta: 0:01:43  lr: 0.000100  loss: 10.5872 (10.8654)  loss_bbox: 0.1006 (0.1126)  loss_bbox_aux_0: 0.1103 (0.1193)  loss_bbox_aux_1: 0.1006 (0.1139)  loss_bbox_aux_2: 0.1189 (0.1324)  loss_bbox_dn_0: 0.0680 (0.0639)  loss_bbox_dn_1: 0.0566 (0.0532)  loss_bbox_dn_2: 0.0548 (0.0517)  loss_giou: 0.9985 (1.0661)  loss_giou_aux_0: 1.0204 (1.1015)  loss_giou_aux_1: 1.0159 (1.0789)  loss_giou_aux_2: 1.0835 (1.1714)  loss_giou_dn_0: 0.8336 (0.8487)  loss_giou_dn_1: 0.7487 (0.7624)  loss_giou_dn_2: 0.7426 (0.7508)  loss_vfl: 0.5461 (0.5150)  loss_vfl_aux_0: 0.5479 (0.5159)  loss_vfl_aux_1: 0.5500 (0.5176)  loss_vfl_aux_2: 0.5448 (0.4939)  loss_vfl_dn_0: 0.4733 (0.4738)  loss_vfl_dn_1: 0.4676 (0.4633)  loss_vfl_dn_2: 0.4590 (0.4591)  time: 0.9538  data: 0.0344  max mem: 8526
Epoch: [15]  [800/809]  eta: 0:00:08  lr: 0.000100  loss: 11.0850 (10.8729)  loss_bbox: 0.1176 (0.1132)  loss_bbox_aux_0: 0.1170 (0.1198)  loss_bbox_aux_1: 0.1141 (0.1145)  loss_bbox_aux_2: 0.1311 (0.1327)  loss_bbox_dn_0: 0.0625 (0.0640)  loss_bbox_dn_1: 0.0474 (0.0533)  loss_bbox_dn_2: 0.0457 (0.0518)  loss_giou: 1.1690 (1.0673)  loss_giou_aux_0: 1.2000 (1.1022)  loss_giou_aux_1: 1.1847 (1.0800)  loss_giou_aux_2: 1.2665 (1.1721)  loss_giou_dn_0: 0.8746 (0.8486)  loss_giou_dn_1: 0.7956 (0.7619)  loss_giou_dn_2: 0.7807 (0.7504)  loss_vfl: 0.4731 (0.5158)  loss_vfl_aux_0: 0.4767 (0.5166)  loss_vfl_aux_1: 0.4706 (0.5182)  loss_vfl_aux_2: 0.4333 (0.4943)  loss_vfl_dn_0: 0.4627 (0.4737)  loss_vfl_dn_1: 0.4562 (0.4633)  loss_vfl_dn_2: 0.4550 (0.4591)  time: 0.9126  data: 0.0363  max mem: 8526
Epoch: [15]  [808/809]  eta: 0:00:00  lr: 0.000100  loss: 10.6544 (10.8674)  loss_bbox: 0.1028 (0.1130)  loss_bbox_aux_0: 0.1093 (0.1196)  loss_bbox_aux_1: 0.1035 (0.1144)  loss_bbox_aux_2: 0.1206 (0.1326)  loss_bbox_dn_0: 0.0626 (0.0640)  loss_bbox_dn_1: 0.0476 (0.0533)  loss_bbox_dn_2: 0.0463 (0.0518)  loss_giou: 0.9762 (1.0662)  loss_giou_aux_0: 1.0043 (1.1011)  loss_giou_aux_1: 0.9995 (1.0788)  loss_giou_aux_2: 1.0861 (1.1711)  loss_giou_dn_0: 0.8272 (0.8481)  loss_giou_dn_1: 0.7404 (0.7615)  loss_giou_dn_2: 0.7249 (0.7499)  loss_vfl: 0.5140 (0.5160)  loss_vfl_aux_0: 0.5253 (0.5169)  loss_vfl_aux_1: 0.5195 (0.5185)  loss_vfl_aux_2: 0.5049 (0.4946)  loss_vfl_dn_0: 0.4666 (0.4737)  loss_vfl_dn_1: 0.4540 (0.4632)  loss_vfl_dn_2: 0.4482 (0.4590)  time: 0.7945  data: 0.0297  max mem: 8526
Epoch: [15] Total time: 0:12:46 (0.9477 s / it)
Averaged stats: lr: 0.000100  loss: 10.6544 (10.8674)  loss_bbox: 0.1028 (0.1130)  loss_bbox_aux_0: 0.1093 (0.1196)  loss_bbox_aux_1: 0.1035 (0.1144)  loss_bbox_aux_2: 0.1206 (0.1326)  loss_bbox_dn_0: 0.0626 (0.0640)  loss_bbox_dn_1: 0.0476 (0.0533)  loss_bbox_dn_2: 0.0463 (0.0518)  loss_giou: 0.9762 (1.0662)  loss_giou_aux_0: 1.0043 (1.1011)  loss_giou_aux_1: 0.9995 (1.0788)  loss_giou_aux_2: 1.0861 (1.1711)  loss_giou_dn_0: 0.8272 (0.8481)  loss_giou_dn_1: 0.7404 (0.7615)  loss_giou_dn_2: 0.7249 (0.7499)  loss_vfl: 0.5140 (0.5160)  loss_vfl_aux_0: 0.5253 (0.5169)  loss_vfl_aux_1: 0.5195 (0.5185)  loss_vfl_aux_2: 0.5049 (0.4946)  loss_vfl_dn_0: 0.4666 (0.4737)  loss_vfl_dn_1: 0.4540 (0.4632)  loss_vfl_dn_2: 0.4482 (0.4590)
Test:  [ 0/69]  eta: 0:01:27    time: 1.2641  data: 0.7257  max mem: 8526
Test:  [10/69]  eta: 0:00:41    time: 0.7088  data: 0.0827  max mem: 8526
Test:  [20/69]  eta: 0:00:33    time: 0.6587  data: 0.0201  max mem: 8526
Test:  [30/69]  eta: 0:00:25    time: 0.6311  data: 0.0210  max mem: 8526
Test:  [40/69]  eta: 0:00:18    time: 0.5886  data: 0.0204  max mem: 8526
Test:  [50/69]  eta: 0:00:11    time: 0.5836  data: 0.0214  max mem: 8526
Test:  [60/69]  eta: 0:00:05    time: 0.5572  data: 0.0216  max mem: 8526
Test:  [68/69]  eta: 0:00:00    time: 0.5535  data: 0.0194  max mem: 8526
Test: Total time: 0:00:42 (0.6107 s / it)
Averaged stats: 
Accumulating evaluation results...
DONE (t=2.55s).
IoU metric: bbox
 Average Precision  (AP) @[ IoU=0.50:0.95 | area=   all | maxDets=100 ] = 0.169
 Average Precision  (AP) @[ IoU=0.50      | area=   all | maxDets=100 ] = 0.287
 Average Precision  (AP) @[ IoU=0.75      | area=   all | maxDets=100 ] = 0.171
 Average Precision  (AP) @[ IoU=0.50:0.95 | area= small | maxDets=100 ] = 0.106
 Average Precision  (AP) @[ IoU=0.50:0.95 | area=medium | maxDets=100 ] = 0.241
 Average Precision  (AP) @[ IoU=0.50:0.95 | area= large | maxDets=100 ] = 0.316
 Average Recall     (AR) @[ IoU=0.50:0.95 | area=   all | maxDets=  1 ] = 0.078
 Average Recall     (AR) @[ IoU=0.50:0.95 | area=   all | maxDets= 10 ] = 0.232
 Average Recall     (AR) @[ IoU=0.50:0.95 | area=   all | maxDets=100 ] = 0.323
 Average Recall     (AR) @[ IoU=0.50:0.95 | area= small | maxDets=100 ] = 0.234
 Average Recall     (AR) @[ IoU=0.50:0.95 | area=medium | maxDets=100 ] = 0.431
 Average Recall     (AR) @[ IoU=0.50:0.95 | area= large | maxDets=100 ] = 0.518
best_stat:  {'epoch': 15, 'coco_eval_bbox': 0.1691544025087834}
Epoch: [16]  [  0/809]  eta: 1:03:11  lr: 0.000100  loss: 10.5859 (10.5859)  loss_bbox: 0.1064 (0.1064)  loss_bbox_aux_0: 0.1213 (0.1213)  loss_bbox_aux_1: 0.1118 (0.1118)  loss_bbox_aux_2: 0.1389 (0.1389)  loss_bbox_dn_0: 0.0920 (0.0920)  loss_bbox_dn_1: 0.0789 (0.0789)  loss_bbox_dn_2: 0.0751 (0.0751)  loss_giou: 0.9300 (0.9300)  loss_giou_aux_0: 0.9698 (0.9698)  loss_giou_aux_1: 0.9431 (0.9431)  loss_giou_aux_2: 1.0459 (1.0459)  loss_giou_dn_0: 0.7910 (0.7910)  loss_giou_dn_1: 0.7126 (0.7126)  loss_giou_dn_2: 0.6944 (0.6944)  loss_vfl: 0.5740 (0.5740)  loss_vfl_aux_0: 0.5989 (0.5989)  loss_vfl_aux_1: 0.5857 (0.5857)  loss_vfl_aux_2: 0.5798 (0.5798)  loss_vfl_dn_0: 0.4855 (0.4855)  loss_vfl_dn_1: 0.4790 (0.4790)  loss_vfl_dn_2: 0.4718 (0.4718)  time: 4.6864  data: 2.2077  max mem: 8526
Epoch: [16]  [100/809]  eta: 0:12:04  lr: 0.000100  loss: 10.6070 (10.9589)  loss_bbox: 0.0997 (0.1229)  loss_bbox_aux_0: 0.1039 (0.1292)  loss_bbox_aux_1: 0.1025 (0.1246)  loss_bbox_aux_2: 0.1181 (0.1433)  loss_bbox_dn_0: 0.0596 (0.0628)  loss_bbox_dn_1: 0.0521 (0.0523)  loss_bbox_dn_2: 0.0500 (0.0509)  loss_giou: 0.9866 (1.0963)  loss_giou_aux_0: 1.0104 (1.1300)  loss_giou_aux_1: 1.0002 (1.1092)  loss_giou_aux_2: 1.0911 (1.1930)  loss_giou_dn_0: 0.8289 (0.8493)  loss_giou_dn_1: 0.7375 (0.7638)  loss_giou_dn_2: 0.7260 (0.7531)  loss_vfl: 0.5167 (0.4977)  loss_vfl_aux_0: 0.5187 (0.5022)  loss_vfl_aux_1: 0.5298 (0.5015)  loss_vfl_aux_2: 0.4953 (0.4844)  loss_vfl_dn_0: 0.4698 (0.4721)  loss_vfl_dn_1: 0.4603 (0.4622)  loss_vfl_dn_2: 0.4570 (0.4580)  time: 0.9379  data: 0.0366  max mem: 8526
Epoch: [16]  [200/809]  eta: 0:09:50  lr: 0.000100  loss: 10.7041 (10.9387)  loss_bbox: 0.0996 (0.1183)  loss_bbox_aux_0: 0.1133 (0.1245)  loss_bbox_aux_1: 0.1040 (0.1200)  loss_bbox_aux_2: 0.1223 (0.1380)  loss_bbox_dn_0: 0.0635 (0.0639)  loss_bbox_dn_1: 0.0536 (0.0531)  loss_bbox_dn_2: 0.0519 (0.0515)  loss_giou: 0.9899 (1.0845)  loss_giou_aux_0: 1.0168 (1.1169)  loss_giou_aux_1: 0.9930 (1.0963)  loss_giou_aux_2: 1.0742 (1.1823)  loss_giou_dn_0: 0.8399 (0.8498)  loss_giou_dn_1: 0.7503 (0.7606)  loss_giou_dn_2: 0.7394 (0.7494)  loss_vfl: 0.5625 (0.5107)  loss_vfl_aux_0: 0.5546 (0.5130)  loss_vfl_aux_1: 0.5569 (0.5139)  loss_vfl_aux_2: 0.5386 (0.4936)  loss_vfl_dn_0: 0.4834 (0.4733)  loss_vfl_dn_1: 0.4686 (0.4646)  loss_vfl_dn_2: 0.4620 (0.4603)  time: 0.9186  data: 0.0389  max mem: 8526
Epoch: [16]  [300/809]  eta: 0:08:10  lr: 0.000100  loss: 10.4968 (10.8912)  loss_bbox: 0.1000 (0.1147)  loss_bbox_aux_0: 0.1055 (0.1214)  loss_bbox_aux_1: 0.1020 (0.1165)  loss_bbox_aux_2: 0.1173 (0.1349)  loss_bbox_dn_0: 0.0614 (0.0640)  loss_bbox_dn_1: 0.0527 (0.0532)  loss_bbox_dn_2: 0.0513 (0.0515)  loss_giou: 1.0237 (1.0756)  loss_giou_aux_0: 1.0427 (1.1082)  loss_giou_aux_1: 1.0326 (1.0874)  loss_giou_aux_2: 1.1208 (1.1762)  loss_giou_dn_0: 0.8164 (0.8473)  loss_giou_dn_1: 0.7524 (0.7595)  loss_giou_dn_2: 0.7397 (0.7479)  loss_vfl: 0.5105 (0.5128)  loss_vfl_aux_0: 0.5039 (0.5136)  loss_vfl_aux_1: 0.4984 (0.5153)  loss_vfl_aux_2: 0.4790 (0.4930)  loss_vfl_dn_0: 0.4741 (0.4736)  loss_vfl_dn_1: 0.4629 (0.4643)  loss_vfl_dn_2: 0.4559 (0.4604)  time: 0.9379  data: 0.0370  max mem: 8526
Epoch: [16]  [400/809]  eta: 0:06:29  lr: 0.000100  loss: 10.9333 (10.8766)  loss_bbox: 0.1105 (0.1137)  loss_bbox_aux_0: 0.1162 (0.1203)  loss_bbox_aux_1: 0.1104 (0.1153)  loss_bbox_aux_2: 0.1317 (0.1334)  loss_bbox_dn_0: 0.0631 (0.0642)  loss_bbox_dn_1: 0.0505 (0.0533)  loss_bbox_dn_2: 0.0487 (0.0517)  loss_giou: 1.0769 (1.0724)  loss_giou_aux_0: 1.1001 (1.1049)  loss_giou_aux_1: 1.0817 (1.0841)  loss_giou_aux_2: 1.1637 (1.1716)  loss_giou_dn_0: 0.8632 (0.8469)  loss_giou_dn_1: 0.7679 (0.7597)  loss_giou_dn_2: 0.7511 (0.7480)  loss_vfl: 0.5050 (0.5139)  loss_vfl_aux_0: 0.5055 (0.5153)  loss_vfl_aux_1: 0.5087 (0.5164)  loss_vfl_aux_2: 0.4868 (0.4946)  loss_vfl_dn_0: 0.4683 (0.4735)  loss_vfl_dn_1: 0.4570 (0.4637)  loss_vfl_dn_2: 0.4508 (0.4597)  time: 0.9101  data: 0.0429  max mem: 8526
Epoch: [16]  [500/809]  eta: 0:04:53  lr: 0.000100  loss: 10.3322 (10.8792)  loss_bbox: 0.0900 (0.1143)  loss_bbox_aux_0: 0.0989 (0.1208)  loss_bbox_aux_1: 0.0929 (0.1159)  loss_bbox_aux_2: 0.1125 (0.1337)  loss_bbox_dn_0: 0.0554 (0.0639)  loss_bbox_dn_1: 0.0447 (0.0531)  loss_bbox_dn_2: 0.0436 (0.0515)  loss_giou: 0.9359 (1.0737)  loss_giou_aux_0: 0.9652 (1.1065)  loss_giou_aux_1: 0.9534 (1.0854)  loss_giou_aux_2: 1.0452 (1.1741)  loss_giou_dn_0: 0.8154 (0.8453)  loss_giou_dn_1: 0.7297 (0.7588)  loss_giou_dn_2: 0.7182 (0.7471)  loss_vfl: 0.5225 (0.5138)  loss_vfl_aux_0: 0.5314 (0.5148)  loss_vfl_aux_1: 0.5258 (0.5159)  loss_vfl_aux_2: 0.5101 (0.4939)  loss_vfl_dn_0: 0.4731 (0.4737)  loss_vfl_dn_1: 0.4591 (0.4635)  loss_vfl_dn_2: 0.4551 (0.4596)  time: 0.9576  data: 0.0345  max mem: 8526
Epoch: [16]  [600/809]  eta: 0:03:18  lr: 0.000100  loss: 10.6587 (10.8680)  loss_bbox: 0.0943 (0.1137)  loss_bbox_aux_0: 0.1015 (0.1202)  loss_bbox_aux_1: 0.0964 (0.1152)  loss_bbox_aux_2: 0.1111 (0.1332)  loss_bbox_dn_0: 0.0611 (0.0642)  loss_bbox_dn_1: 0.0510 (0.0534)  loss_bbox_dn_2: 0.0499 (0.0518)  loss_giou: 0.9943 (1.0698)  loss_giou_aux_0: 1.0142 (1.1027)  loss_giou_aux_1: 1.0013 (1.0813)  loss_giou_aux_2: 1.0843 (1.1709)  loss_giou_dn_0: 0.8357 (0.8444)  loss_giou_dn_1: 0.7528 (0.7581)  loss_giou_dn_2: 0.7403 (0.7464)  loss_vfl: 0.5131 (0.5154)  loss_vfl_aux_0: 0.5276 (0.5166)  loss_vfl_aux_1: 0.5225 (0.5177)  loss_vfl_aux_2: 0.5026 (0.4955)  loss_vfl_dn_0: 0.4790 (0.4742)  loss_vfl_dn_1: 0.4656 (0.4637)  loss_vfl_dn_2: 0.4613 (0.4597)  time: 0.9427  data: 0.0409  max mem: 8526
Epoch: [16]  [700/809]  eta: 0:01:43  lr: 0.000100  loss: 10.6868 (10.8488)  loss_bbox: 0.1074 (0.1133)  loss_bbox_aux_0: 0.1186 (0.1196)  loss_bbox_aux_1: 0.1122 (0.1147)  loss_bbox_aux_2: 0.1282 (0.1324)  loss_bbox_dn_0: 0.0648 (0.0641)  loss_bbox_dn_1: 0.0531 (0.0533)  loss_bbox_dn_2: 0.0514 (0.0517)  loss_giou: 1.0603 (1.0669)  loss_giou_aux_0: 1.0769 (1.0999)  loss_giou_aux_1: 1.0683 (1.0783)  loss_giou_aux_2: 1.1439 (1.1674)  loss_giou_dn_0: 0.8556 (0.8439)  loss_giou_dn_1: 0.7578 (0.7573)  loss_giou_dn_2: 0.7465 (0.7456)  loss_vfl: 0.5083 (0.5145)  loss_vfl_aux_0: 0.5082 (0.5160)  loss_vfl_aux_1: 0.5026 (0.5170)  loss_vfl_aux_2: 0.4835 (0.4957)  loss_vfl_dn_0: 0.4695 (0.4742)  loss_vfl_dn_1: 0.4671 (0.4636)  loss_vfl_dn_2: 0.4617 (0.4596)  time: 0.9578  data: 0.0390  max mem: 8526
Epoch: [16]  [800/809]  eta: 0:00:08  lr: 0.000100  loss: 10.8294 (10.8355)  loss_bbox: 0.1029 (0.1123)  loss_bbox_aux_0: 0.1051 (0.1186)  loss_bbox_aux_1: 0.1015 (0.1137)  loss_bbox_aux_2: 0.1230 (0.1315)  loss_bbox_dn_0: 0.0644 (0.0640)  loss_bbox_dn_1: 0.0513 (0.0533)  loss_bbox_dn_2: 0.0494 (0.0517)  loss_giou: 1.0200 (1.0639)  loss_giou_aux_0: 1.0443 (1.0969)  loss_giou_aux_1: 1.0245 (1.0751)  loss_giou_aux_2: 1.1237 (1.1649)  loss_giou_dn_0: 0.8354 (0.8437)  loss_giou_dn_1: 0.7684 (0.7569)  loss_giou_dn_2: 0.7632 (0.7452)  loss_vfl: 0.4962 (0.5154)  loss_vfl_aux_0: 0.5117 (0.5169)  loss_vfl_aux_1: 0.5050 (0.5181)  loss_vfl_aux_2: 0.4917 (0.4961)  loss_vfl_dn_0: 0.4795 (0.4742)  loss_vfl_dn_1: 0.4626 (0.4635)  loss_vfl_dn_2: 0.4611 (0.4596)  time: 0.9077  data: 0.0424  max mem: 8526
Epoch: [16]  [808/809]  eta: 0:00:00  lr: 0.000100  loss: 10.6557 (10.8341)  loss_bbox: 0.1056 (0.1123)  loss_bbox_aux_0: 0.1113 (0.1186)  loss_bbox_aux_1: 0.1075 (0.1137)  loss_bbox_aux_2: 0.1220 (0.1314)  loss_bbox_dn_0: 0.0620 (0.0641)  loss_bbox_dn_1: 0.0521 (0.0533)  loss_bbox_dn_2: 0.0510 (0.0517)  loss_giou: 1.0005 (1.0633)  loss_giou_aux_0: 1.0257 (1.0963)  loss_giou_aux_1: 1.0075 (1.0745)  loss_giou_aux_2: 1.0906 (1.1643)  loss_giou_dn_0: 0.8345 (0.8434)  loss_giou_dn_1: 0.7383 (0.7566)  loss_giou_dn_2: 0.7296 (0.7450)  loss_vfl: 0.5281 (0.5157)  loss_vfl_aux_0: 0.5376 (0.5173)  loss_vfl_aux_1: 0.5336 (0.5184)  loss_vfl_aux_2: 0.5165 (0.4965)  loss_vfl_dn_0: 0.4785 (0.4742)  loss_vfl_dn_1: 0.4584 (0.4636)  loss_vfl_dn_2: 0.4567 (0.4596)  time: 0.7751  data: 0.0342  max mem: 8526
Epoch: [16] Total time: 0:12:43 (0.9436 s / it)
Averaged stats: lr: 0.000100  loss: 10.6557 (10.8341)  loss_bbox: 0.1056 (0.1123)  loss_bbox_aux_0: 0.1113 (0.1186)  loss_bbox_aux_1: 0.1075 (0.1137)  loss_bbox_aux_2: 0.1220 (0.1314)  loss_bbox_dn_0: 0.0620 (0.0641)  loss_bbox_dn_1: 0.0521 (0.0533)  loss_bbox_dn_2: 0.0510 (0.0517)  loss_giou: 1.0005 (1.0633)  loss_giou_aux_0: 1.0257 (1.0963)  loss_giou_aux_1: 1.0075 (1.0745)  loss_giou_aux_2: 1.0906 (1.1643)  loss_giou_dn_0: 0.8345 (0.8434)  loss_giou_dn_1: 0.7383 (0.7566)  loss_giou_dn_2: 0.7296 (0.7450)  loss_vfl: 0.5281 (0.5157)  loss_vfl_aux_0: 0.5376 (0.5173)  loss_vfl_aux_1: 0.5336 (0.5184)  loss_vfl_aux_2: 0.5165 (0.4965)  loss_vfl_dn_0: 0.4785 (0.4742)  loss_vfl_dn_1: 0.4584 (0.4636)  loss_vfl_dn_2: 0.4567 (0.4596)
Test:  [ 0/69]  eta: 0:01:43    time: 1.5053  data: 0.9226  max mem: 8526
Test:  [10/69]  eta: 0:00:48    time: 0.8204  data: 0.1033  max mem: 8526
Test:  [20/69]  eta: 0:00:36    time: 0.7067  data: 0.0220  max mem: 8526
Test:  [30/69]  eta: 0:00:27    time: 0.6322  data: 0.0223  max mem: 8526
Test:  [40/69]  eta: 0:00:19    time: 0.5934  data: 0.0221  max mem: 8526
Test:  [50/69]  eta: 0:00:12    time: 0.5606  data: 0.0210  max mem: 8526
Test:  [60/69]  eta: 0:00:05    time: 0.5386  data: 0.0210  max mem: 8526
Test:  [68/69]  eta: 0:00:00    time: 0.5537  data: 0.0197  max mem: 8526
Test: Total time: 0:00:43 (0.6240 s / it)
Averaged stats: 
Accumulating evaluation results...
DONE (t=1.97s).
IoU metric: bbox
 Average Precision  (AP) @[ IoU=0.50:0.95 | area=   all | maxDets=100 ] = 0.171
 Average Precision  (AP) @[ IoU=0.50      | area=   all | maxDets=100 ] = 0.292
 Average Precision  (AP) @[ IoU=0.75      | area=   all | maxDets=100 ] = 0.173
 Average Precision  (AP) @[ IoU=0.50:0.95 | area= small | maxDets=100 ] = 0.107
 Average Precision  (AP) @[ IoU=0.50:0.95 | area=medium | maxDets=100 ] = 0.246
 Average Precision  (AP) @[ IoU=0.50:0.95 | area= large | maxDets=100 ] = 0.336
 Average Recall     (AR) @[ IoU=0.50:0.95 | area=   all | maxDets=  1 ] = 0.080
 Average Recall     (AR) @[ IoU=0.50:0.95 | area=   all | maxDets= 10 ] = 0.235
 Average Recall     (AR) @[ IoU=0.50:0.95 | area=   all | maxDets=100 ] = 0.328
 Average Recall     (AR) @[ IoU=0.50:0.95 | area= small | maxDets=100 ] = 0.240
 Average Recall     (AR) @[ IoU=0.50:0.95 | area=medium | maxDets=100 ] = 0.439
 Average Recall     (AR) @[ IoU=0.50:0.95 | area= large | maxDets=100 ] = 0.518
best_stat:  {'epoch': 16, 'coco_eval_bbox': 0.17145597478656857}
Epoch: [17]  [  0/809]  eta: 1:03:21  lr: 0.000100  loss: 9.5458 (9.5458)  loss_bbox: 0.0792 (0.0792)  loss_bbox_aux_0: 0.0855 (0.0855)  loss_bbox_aux_1: 0.0831 (0.0831)  loss_bbox_aux_2: 0.0985 (0.0985)  loss_bbox_dn_0: 0.0704 (0.0704)  loss_bbox_dn_1: 0.0546 (0.0546)  loss_bbox_dn_2: 0.0524 (0.0524)  loss_giou: 0.8455 (0.8455)  loss_giou_aux_0: 0.8548 (0.8548)  loss_giou_aux_1: 0.8591 (0.8591)  loss_giou_aux_2: 0.9240 (0.9240)  loss_giou_dn_0: 0.7664 (0.7664)  loss_giou_dn_1: 0.6591 (0.6591)  loss_giou_dn_2: 0.6408 (0.6408)  loss_vfl: 0.5063 (0.5063)  loss_vfl_aux_0: 0.5233 (0.5233)  loss_vfl_aux_1: 0.5085 (0.5085)  loss_vfl_aux_2: 0.5216 (0.5216)  loss_vfl_dn_0: 0.4800 (0.4800)  loss_vfl_dn_1: 0.4697 (0.4697)  loss_vfl_dn_2: 0.4630 (0.4630)  time: 4.6991  data: 3.1612  max mem: 8526
Epoch: [17]  [100/809]  eta: 0:11:40  lr: 0.000100  loss: 10.1083 (10.8159)  loss_bbox: 0.0851 (0.1126)  loss_bbox_aux_0: 0.0903 (0.1188)  loss_bbox_aux_1: 0.0883 (0.1142)  loss_bbox_aux_2: 0.1076 (0.1311)  loss_bbox_dn_0: 0.0666 (0.0618)  loss_bbox_dn_1: 0.0537 (0.0508)  loss_bbox_dn_2: 0.0538 (0.0492)  loss_giou: 0.8852 (1.0721)  loss_giou_aux_0: 0.9052 (1.1063)  loss_giou_aux_1: 0.8970 (1.0843)  loss_giou_aux_2: 1.0150 (1.1706)  loss_giou_dn_0: 0.8004 (0.8502)  loss_giou_dn_1: 0.7149 (0.7593)  loss_giou_dn_2: 0.7114 (0.7471)  loss_vfl: 0.5363 (0.5027)  loss_vfl_aux_0: 0.5212 (0.5054)  loss_vfl_aux_1: 0.5383 (0.5067)  loss_vfl_aux_2: 0.5056 (0.4841)  loss_vfl_dn_0: 0.4817 (0.4709)  loss_vfl_dn_1: 0.4686 (0.4611)  loss_vfl_dn_2: 0.4612 (0.4566)  time: 0.9002  data: 0.0347  max mem: 8526
Epoch: [17]  [200/809]  eta: 0:09:44  lr: 0.000100  loss: 10.7549 (10.7712)  loss_bbox: 0.1102 (0.1082)  loss_bbox_aux_0: 0.1197 (0.1142)  loss_bbox_aux_1: 0.1122 (0.1096)  loss_bbox_aux_2: 0.1297 (0.1266)  loss_bbox_dn_0: 0.0651 (0.0626)  loss_bbox_dn_1: 0.0556 (0.0517)  loss_bbox_dn_2: 0.0549 (0.0501)  loss_giou: 1.0460 (1.0561)  loss_giou_aux_0: 1.0591 (1.0894)  loss_giou_aux_1: 1.0615 (1.0678)  loss_giou_aux_2: 1.1352 (1.1552)  loss_giou_dn_0: 0.8412 (0.8448)  loss_giou_dn_1: 0.7412 (0.7547)  loss_giou_dn_2: 0.7333 (0.7429)  loss_vfl: 0.5256 (0.5128)  loss_vfl_aux_0: 0.5259 (0.5164)  loss_vfl_aux_1: 0.5308 (0.5167)  loss_vfl_aux_2: 0.5045 (0.4946)  loss_vfl_dn_0: 0.4761 (0.4737)  loss_vfl_dn_1: 0.4644 (0.4638)  loss_vfl_dn_2: 0.4613 (0.4594)  time: 0.9448  data: 0.0339  max mem: 8526
Epoch: [17]  [300/809]  eta: 0:08:03  lr: 0.000100  loss: 10.6659 (10.7610)  loss_bbox: 0.0891 (0.1071)  loss_bbox_aux_0: 0.0952 (0.1133)  loss_bbox_aux_1: 0.0911 (0.1084)  loss_bbox_aux_2: 0.1065 (0.1265)  loss_bbox_dn_0: 0.0560 (0.0626)  loss_bbox_dn_1: 0.0461 (0.0518)  loss_bbox_dn_2: 0.0449 (0.0502)  loss_giou: 0.9950 (1.0565)  loss_giou_aux_0: 1.0539 (1.0896)  loss_giou_aux_1: 1.0112 (1.0678)  loss_giou_aux_2: 1.1211 (1.1567)  loss_giou_dn_0: 0.8264 (0.8411)  loss_giou_dn_1: 0.7506 (0.7526)  loss_giou_dn_2: 0.7349 (0.7408)  loss_vfl: 0.5275 (0.5122)  loss_vfl_aux_0: 0.5450 (0.5157)  loss_vfl_aux_1: 0.5410 (0.5163)  loss_vfl_aux_2: 0.5007 (0.4937)  loss_vfl_dn_0: 0.4779 (0.4747)  loss_vfl_dn_1: 0.4680 (0.4639)  loss_vfl_dn_2: 0.4611 (0.4596)  time: 0.9304  data: 0.0344  max mem: 8526
Epoch: [17]  [400/809]  eta: 0:06:26  lr: 0.000100  loss: 10.7729 (10.8033)  loss_bbox: 0.1121 (0.1084)  loss_bbox_aux_0: 0.1161 (0.1144)  loss_bbox_aux_1: 0.1104 (0.1098)  loss_bbox_aux_2: 0.1330 (0.1278)  loss_bbox_dn_0: 0.0694 (0.0623)  loss_bbox_dn_1: 0.0580 (0.0517)  loss_bbox_dn_2: 0.0571 (0.0502)  loss_giou: 1.0060 (1.0676)  loss_giou_aux_0: 1.0339 (1.1001)  loss_giou_aux_1: 1.0048 (1.0785)  loss_giou_aux_2: 1.0899 (1.1669)  loss_giou_dn_0: 0.8440 (0.8428)  loss_giou_dn_1: 0.7566 (0.7551)  loss_giou_dn_2: 0.7416 (0.7434)  loss_vfl: 0.4944 (0.5090)  loss_vfl_aux_0: 0.4777 (0.5139)  loss_vfl_aux_1: 0.4982 (0.5136)  loss_vfl_aux_2: 0.4645 (0.4914)  loss_vfl_dn_0: 0.4655 (0.4743)  loss_vfl_dn_1: 0.4565 (0.4632)  loss_vfl_dn_2: 0.4500 (0.4590)  time: 0.9415  data: 0.0402  max mem: 8526
Epoch: [17]  [500/809]  eta: 0:04:51  lr: 0.000100  loss: 10.8633 (10.7928)  loss_bbox: 0.0964 (0.1086)  loss_bbox_aux_0: 0.1054 (0.1149)  loss_bbox_aux_1: 0.0988 (0.1101)  loss_bbox_aux_2: 0.1234 (0.1284)  loss_bbox_dn_0: 0.0617 (0.0631)  loss_bbox_dn_1: 0.0514 (0.0522)  loss_bbox_dn_2: 0.0499 (0.0507)  loss_giou: 1.0934 (1.0627)  loss_giou_aux_0: 1.1458 (1.0953)  loss_giou_aux_1: 1.0987 (1.0734)  loss_giou_aux_2: 1.2084 (1.1627)  loss_giou_dn_0: 0.8889 (0.8423)  loss_giou_dn_1: 0.7799 (0.7533)  loss_giou_dn_2: 0.7707 (0.7418)  loss_vfl: 0.4778 (0.5116)  loss_vfl_aux_0: 0.4720 (0.5158)  loss_vfl_aux_1: 0.4829 (0.5159)  loss_vfl_aux_2: 0.4390 (0.4930)  loss_vfl_dn_0: 0.4628 (0.4743)  loss_vfl_dn_1: 0.4607 (0.4633)  loss_vfl_dn_2: 0.4600 (0.4592)  time: 0.9292  data: 0.0441  max mem: 8526
Epoch: [17]  [600/809]  eta: 0:03:16  lr: 0.000100  loss: 10.7780 (10.7701)  loss_bbox: 0.1024 (0.1083)  loss_bbox_aux_0: 0.1056 (0.1146)  loss_bbox_aux_1: 0.1038 (0.1098)  loss_bbox_aux_2: 0.1303 (0.1280)  loss_bbox_dn_0: 0.0577 (0.0637)  loss_bbox_dn_1: 0.0489 (0.0526)  loss_bbox_dn_2: 0.0484 (0.0511)  loss_giou: 1.0164 (1.0561)  loss_giou_aux_0: 1.0530 (1.0881)  loss_giou_aux_1: 1.0316 (1.0666)  loss_giou_aux_2: 1.1158 (1.1568)  loss_giou_dn_0: 0.8215 (0.8396)  loss_giou_dn_1: 0.7402 (0.7509)  loss_giou_dn_2: 0.7302 (0.7393)  loss_vfl: 0.5162 (0.5144)  loss_vfl_aux_0: 0.5103 (0.5184)  loss_vfl_aux_1: 0.5154 (0.5185)  loss_vfl_aux_2: 0.4821 (0.4957)  loss_vfl_dn_0: 0.4712 (0.4749)  loss_vfl_dn_1: 0.4631 (0.4633)  loss_vfl_dn_2: 0.4606 (0.4592)  time: 0.9370  data: 0.0395  max mem: 8526
Epoch: [17]  [700/809]  eta: 0:01:42  lr: 0.000100  loss: 10.2794 (10.7653)  loss_bbox: 0.0918 (0.1083)  loss_bbox_aux_0: 0.0969 (0.1145)  loss_bbox_aux_1: 0.0938 (0.1099)  loss_bbox_aux_2: 0.1141 (0.1276)  loss_bbox_dn_0: 0.0597 (0.0637)  loss_bbox_dn_1: 0.0520 (0.0527)  loss_bbox_dn_2: 0.0504 (0.0511)  loss_giou: 0.9102 (1.0544)  loss_giou_aux_0: 0.9418 (1.0862)  loss_giou_aux_1: 0.9321 (1.0651)  loss_giou_aux_2: 1.0190 (1.1554)  loss_giou_dn_0: 0.7745 (0.8382)  loss_giou_dn_1: 0.6991 (0.7497)  loss_giou_dn_2: 0.6859 (0.7381)  loss_vfl: 0.5234 (0.5159)  loss_vfl_aux_0: 0.5397 (0.5198)  loss_vfl_aux_1: 0.5352 (0.5197)  loss_vfl_aux_2: 0.5342 (0.4973)  loss_vfl_dn_0: 0.4741 (0.4751)  loss_vfl_dn_1: 0.4574 (0.4634)  loss_vfl_dn_2: 0.4523 (0.4593)  time: 0.9018  data: 0.0343  max mem: 8526
Epoch: [17]  [800/809]  eta: 0:00:08  lr: 0.000100  loss: 10.6106 (10.7606)  loss_bbox: 0.1002 (0.1085)  loss_bbox_aux_0: 0.1076 (0.1146)  loss_bbox_aux_1: 0.1008 (0.1100)  loss_bbox_aux_2: 0.1233 (0.1277)  loss_bbox_dn_0: 0.0681 (0.0635)  loss_bbox_dn_1: 0.0555 (0.0525)  loss_bbox_dn_2: 0.0544 (0.0510)  loss_giou: 0.9944 (1.0531)  loss_giou_aux_0: 1.0316 (1.0854)  loss_giou_aux_1: 1.0020 (1.0639)  loss_giou_aux_2: 1.0749 (1.1550)  loss_giou_dn_0: 0.8245 (0.8383)  loss_giou_dn_1: 0.7246 (0.7497)  loss_giou_dn_2: 0.7159 (0.7381)  loss_vfl: 0.5244 (0.5159)  loss_vfl_aux_0: 0.5266 (0.5195)  loss_vfl_aux_1: 0.5231 (0.5195)  loss_vfl_aux_2: 0.5126 (0.4967)  loss_vfl_dn_0: 0.4761 (0.4750)  loss_vfl_dn_1: 0.4634 (0.4634)  loss_vfl_dn_2: 0.4584 (0.4592)  time: 0.9328  data: 0.0371  max mem: 8526
Epoch: [17]  [808/809]  eta: 0:00:00  lr: 0.000100  loss: 10.6681 (10.7645)  loss_bbox: 0.1044 (0.1087)  loss_bbox_aux_0: 0.1154 (0.1148)  loss_bbox_aux_1: 0.1070 (0.1102)  loss_bbox_aux_2: 0.1241 (0.1278)  loss_bbox_dn_0: 0.0599 (0.0634)  loss_bbox_dn_1: 0.0486 (0.0525)  loss_bbox_dn_2: 0.0467 (0.0509)  loss_giou: 0.9976 (1.0541)  loss_giou_aux_0: 1.0591 (1.0863)  loss_giou_aux_1: 1.0322 (1.0648)  loss_giou_aux_2: 1.1023 (1.1559)  loss_giou_dn_0: 0.8489 (0.8385)  loss_giou_dn_1: 0.7326 (0.7499)  loss_giou_dn_2: 0.7223 (0.7383)  loss_vfl: 0.5029 (0.5157)  loss_vfl_aux_0: 0.5132 (0.5193)  loss_vfl_aux_1: 0.5084 (0.5192)  loss_vfl_aux_2: 0.4941 (0.4966)  loss_vfl_dn_0: 0.4698 (0.4749)  loss_vfl_dn_1: 0.4557 (0.4633)  loss_vfl_dn_2: 0.4530 (0.4592)  time: 0.8479  data: 0.0314  max mem: 8526
Epoch: [17] Total time: 0:12:35 (0.9340 s / it)
Averaged stats: lr: 0.000100  loss: 10.6681 (10.7645)  loss_bbox: 0.1044 (0.1087)  loss_bbox_aux_0: 0.1154 (0.1148)  loss_bbox_aux_1: 0.1070 (0.1102)  loss_bbox_aux_2: 0.1241 (0.1278)  loss_bbox_dn_0: 0.0599 (0.0634)  loss_bbox_dn_1: 0.0486 (0.0525)  loss_bbox_dn_2: 0.0467 (0.0509)  loss_giou: 0.9976 (1.0541)  loss_giou_aux_0: 1.0591 (1.0863)  loss_giou_aux_1: 1.0322 (1.0648)  loss_giou_aux_2: 1.1023 (1.1559)  loss_giou_dn_0: 0.8489 (0.8385)  loss_giou_dn_1: 0.7326 (0.7499)  loss_giou_dn_2: 0.7223 (0.7383)  loss_vfl: 0.5029 (0.5157)  loss_vfl_aux_0: 0.5132 (0.5193)  loss_vfl_aux_1: 0.5084 (0.5192)  loss_vfl_aux_2: 0.4941 (0.4966)  loss_vfl_dn_0: 0.4698 (0.4749)  loss_vfl_dn_1: 0.4557 (0.4633)  loss_vfl_dn_2: 0.4530 (0.4592)
Test:  [ 0/69]  eta: 0:01:30    time: 1.3083  data: 0.6635  max mem: 8526
Test:  [10/69]  eta: 0:00:45    time: 0.7795  data: 0.0812  max mem: 8526
Test:  [20/69]  eta: 0:00:36    time: 0.7092  data: 0.0219  max mem: 8526
Test:  [30/69]  eta: 0:00:27    time: 0.6571  data: 0.0208  max mem: 8526
Test:  [40/69]  eta: 0:00:19    time: 0.6044  data: 0.0215  max mem: 8526
Test:  [50/69]  eta: 0:00:12    time: 0.5721  data: 0.0223  max mem: 8526
Test:  [60/69]  eta: 0:00:05    time: 0.5421  data: 0.0220  max mem: 8526
Test:  [68/69]  eta: 0:00:00    time: 0.5476  data: 0.0202  max mem: 8526
Test: Total time: 0:00:43 (0.6257 s / it)
Averaged stats: 
Accumulating evaluation results...
DONE (t=1.96s).
IoU metric: bbox
 Average Precision  (AP) @[ IoU=0.50:0.95 | area=   all | maxDets=100 ] = 0.175
 Average Precision  (AP) @[ IoU=0.50      | area=   all | maxDets=100 ] = 0.297
 Average Precision  (AP) @[ IoU=0.75      | area=   all | maxDets=100 ] = 0.177
 Average Precision  (AP) @[ IoU=0.50:0.95 | area= small | maxDets=100 ] = 0.109
 Average Precision  (AP) @[ IoU=0.50:0.95 | area=medium | maxDets=100 ] = 0.249
 Average Precision  (AP) @[ IoU=0.50:0.95 | area= large | maxDets=100 ] = 0.345
 Average Recall     (AR) @[ IoU=0.50:0.95 | area=   all | maxDets=  1 ] = 0.081
 Average Recall     (AR) @[ IoU=0.50:0.95 | area=   all | maxDets= 10 ] = 0.240
 Average Recall     (AR) @[ IoU=0.50:0.95 | area=   all | maxDets=100 ] = 0.331
 Average Recall     (AR) @[ IoU=0.50:0.95 | area= small | maxDets=100 ] = 0.243
 Average Recall     (AR) @[ IoU=0.50:0.95 | area=medium | maxDets=100 ] = 0.442
 Average Recall     (AR) @[ IoU=0.50:0.95 | area= large | maxDets=100 ] = 0.548
best_stat:  {'epoch': 17, 'coco_eval_bbox': 0.17473929181450948}
Epoch: [18]  [  0/809]  eta: 1:28:58  lr: 0.000100  loss: 10.4913 (10.4913)  loss_bbox: 0.0918 (0.0918)  loss_bbox_aux_0: 0.0953 (0.0953)  loss_bbox_aux_1: 0.0931 (0.0931)  loss_bbox_aux_2: 0.1034 (0.1034)  loss_bbox_dn_0: 0.0464 (0.0464)  loss_bbox_dn_1: 0.0411 (0.0411)  loss_bbox_dn_2: 0.0400 (0.0400)  loss_giou: 1.0532 (1.0532)  loss_giou_aux_0: 1.0938 (1.0938)  loss_giou_aux_1: 1.0681 (1.0681)  loss_giou_aux_2: 1.1411 (1.1411)  loss_giou_dn_0: 0.8250 (0.8250)  loss_giou_dn_1: 0.7528 (0.7528)  loss_giou_dn_2: 0.7452 (0.7452)  loss_vfl: 0.4698 (0.4698)  loss_vfl_aux_0: 0.4774 (0.4774)  loss_vfl_aux_1: 0.4792 (0.4792)  loss_vfl_aux_2: 0.4829 (0.4829)  loss_vfl_dn_0: 0.4728 (0.4728)  loss_vfl_dn_1: 0.4644 (0.4644)  loss_vfl_dn_2: 0.4546 (0.4546)  time: 6.5984  data: 2.4735  max mem: 8526
Epoch: [18]  [100/809]  eta: 0:11:50  lr: 0.000100  loss: 10.9996 (10.6857)  loss_bbox: 0.0958 (0.1045)  loss_bbox_aux_0: 0.1013 (0.1112)  loss_bbox_aux_1: 0.0980 (0.1066)  loss_bbox_aux_2: 0.1173 (0.1246)  loss_bbox_dn_0: 0.0530 (0.0635)  loss_bbox_dn_1: 0.0456 (0.0527)  loss_bbox_dn_2: 0.0454 (0.0511)  loss_giou: 1.0789 (1.0400)  loss_giou_aux_0: 1.0979 (1.0756)  loss_giou_aux_1: 1.0949 (1.0542)  loss_giou_aux_2: 1.1595 (1.1425)  loss_giou_dn_0: 0.8332 (0.8381)  loss_giou_dn_1: 0.7506 (0.7498)  loss_giou_dn_2: 0.7365 (0.7382)  loss_vfl: 0.5155 (0.5135)  loss_vfl_aux_0: 0.5029 (0.5161)  loss_vfl_aux_1: 0.5088 (0.5154)  loss_vfl_aux_2: 0.4746 (0.4945)  loss_vfl_dn_0: 0.4767 (0.4742)  loss_vfl_dn_1: 0.4647 (0.4616)  loss_vfl_dn_2: 0.4619 (0.4577)  time: 0.9425  data: 0.0411  max mem: 8526
Epoch: [18]  [200/809]  eta: 0:09:44  lr: 0.000100  loss: 10.7083 (10.6578)  loss_bbox: 0.1081 (0.1034)  loss_bbox_aux_0: 0.1161 (0.1099)  loss_bbox_aux_1: 0.1091 (0.1053)  loss_bbox_aux_2: 0.1271 (0.1233)  loss_bbox_dn_0: 0.0558 (0.0636)  loss_bbox_dn_1: 0.0450 (0.0528)  loss_bbox_dn_2: 0.0437 (0.0513)  loss_giou: 1.0491 (1.0304)  loss_giou_aux_0: 1.0882 (1.0659)  loss_giou_aux_1: 1.0572 (1.0445)  loss_giou_aux_2: 1.1619 (1.1306)  loss_giou_dn_0: 0.8037 (0.8320)  loss_giou_dn_1: 0.7195 (0.7451)  loss_giou_dn_2: 0.7066 (0.7334)  loss_vfl: 0.5256 (0.5216)  loss_vfl_aux_0: 0.5354 (0.5229)  loss_vfl_aux_1: 0.5222 (0.5238)  loss_vfl_aux_2: 0.5125 (0.5009)  loss_vfl_dn_0: 0.4816 (0.4756)  loss_vfl_dn_1: 0.4718 (0.4626)  loss_vfl_dn_2: 0.4661 (0.4589)  time: 0.8930  data: 0.0366  max mem: 8526
Epoch: [18]  [300/809]  eta: 0:08:02  lr: 0.000100  loss: 10.5989 (10.7209)  loss_bbox: 0.1113 (0.1064)  loss_bbox_aux_0: 0.1160 (0.1126)  loss_bbox_aux_1: 0.1154 (0.1082)  loss_bbox_aux_2: 0.1270 (0.1256)  loss_bbox_dn_0: 0.0682 (0.0638)  loss_bbox_dn_1: 0.0566 (0.0529)  loss_bbox_dn_2: 0.0541 (0.0513)  loss_giou: 0.9806 (1.0427)  loss_giou_aux_0: 1.0151 (1.0786)  loss_giou_aux_1: 0.9857 (1.0560)  loss_giou_aux_2: 1.0817 (1.1436)  loss_giou_dn_0: 0.8015 (0.8350)  loss_giou_dn_1: 0.7044 (0.7478)  loss_giou_dn_2: 0.6954 (0.7361)  loss_vfl: 0.5149 (0.5191)  loss_vfl_aux_0: 0.5171 (0.5210)  loss_vfl_aux_1: 0.5236 (0.5221)  loss_vfl_aux_2: 0.5092 (0.4999)  loss_vfl_dn_0: 0.4729 (0.4759)  loss_vfl_dn_1: 0.4611 (0.4630)  loss_vfl_dn_2: 0.4580 (0.4593)  time: 0.9368  data: 0.0363  max mem: 8526
Epoch: [18]  [400/809]  eta: 0:06:28  lr: 0.000100  loss: 10.4726 (10.6950)  loss_bbox: 0.0816 (0.1050)  loss_bbox_aux_0: 0.0873 (0.1112)  loss_bbox_aux_1: 0.0828 (0.1068)  loss_bbox_aux_2: 0.1001 (0.1242)  loss_bbox_dn_0: 0.0582 (0.0635)  loss_bbox_dn_1: 0.0482 (0.0526)  loss_bbox_dn_2: 0.0466 (0.0511)  loss_giou: 0.9954 (1.0376)  loss_giou_aux_0: 1.0250 (1.0731)  loss_giou_aux_1: 1.0136 (1.0503)  loss_giou_aux_2: 1.1004 (1.1407)  loss_giou_dn_0: 0.8109 (0.8339)  loss_giou_dn_1: 0.7289 (0.7468)  loss_giou_dn_2: 0.7219 (0.7352)  loss_vfl: 0.5327 (0.5203)  loss_vfl_aux_0: 0.5242 (0.5221)  loss_vfl_aux_1: 0.5295 (0.5232)  loss_vfl_aux_2: 0.4994 (0.4998)  loss_vfl_dn_0: 0.4739 (0.4758)  loss_vfl_dn_1: 0.4647 (0.4629)  loss_vfl_dn_2: 0.4598 (0.4590)  time: 0.9084  data: 0.0357  max mem: 8526
Epoch: [18]  [500/809]  eta: 0:04:51  lr: 0.000100  loss: 10.5331 (10.7524)  loss_bbox: 0.0915 (0.1079)  loss_bbox_aux_0: 0.0975 (0.1141)  loss_bbox_aux_1: 0.0936 (0.1097)  loss_bbox_aux_2: 0.1086 (0.1272)  loss_bbox_dn_0: 0.0568 (0.0634)  loss_bbox_dn_1: 0.0491 (0.0527)  loss_bbox_dn_2: 0.0486 (0.0512)  loss_giou: 0.9974 (1.0487)  loss_giou_aux_0: 1.0157 (1.0839)  loss_giou_aux_1: 0.9929 (1.0614)  loss_giou_aux_2: 1.0713 (1.1513)  loss_giou_dn_0: 0.8463 (0.8372)  loss_giou_dn_1: 0.7500 (0.7505)  loss_giou_dn_2: 0.7416 (0.7390)  loss_vfl: 0.5050 (0.5186)  loss_vfl_aux_0: 0.5214 (0.5205)  loss_vfl_aux_1: 0.5078 (0.5213)  loss_vfl_aux_2: 0.4991 (0.4975)  loss_vfl_dn_0: 0.4735 (0.4753)  loss_vfl_dn_1: 0.4603 (0.4626)  loss_vfl_dn_2: 0.4553 (0.4586)  time: 0.9013  data: 0.0343  max mem: 8526
Epoch: [18]  [600/809]  eta: 0:03:16  lr: 0.000100  loss: 10.7508 (10.7458)  loss_bbox: 0.1028 (0.1078)  loss_bbox_aux_0: 0.1078 (0.1139)  loss_bbox_aux_1: 0.1031 (0.1096)  loss_bbox_aux_2: 0.1221 (0.1270)  loss_bbox_dn_0: 0.0583 (0.0634)  loss_bbox_dn_1: 0.0473 (0.0527)  loss_bbox_dn_2: 0.0463 (0.0512)  loss_giou: 0.9930 (1.0459)  loss_giou_aux_0: 1.0241 (1.0809)  loss_giou_aux_1: 0.9991 (1.0584)  loss_giou_aux_2: 1.0986 (1.1486)  loss_giou_dn_0: 0.8457 (0.8359)  loss_giou_dn_1: 0.7352 (0.7494)  loss_giou_dn_2: 0.7227 (0.7379)  loss_vfl: 0.5198 (0.5204)  loss_vfl_aux_0: 0.5355 (0.5230)  loss_vfl_aux_1: 0.5284 (0.5236)  loss_vfl_aux_2: 0.5059 (0.4995)  loss_vfl_dn_0: 0.4775 (0.4755)  loss_vfl_dn_1: 0.4591 (0.4626)  loss_vfl_dn_2: 0.4574 (0.4586)  time: 0.9476  data: 0.0400  max mem: 8526
Epoch: [18]  [700/809]  eta: 0:01:42  lr: 0.000100  loss: 10.1815 (10.7123)  loss_bbox: 0.0914 (0.1068)  loss_bbox_aux_0: 0.0996 (0.1129)  loss_bbox_aux_1: 0.0948 (0.1085)  loss_bbox_aux_2: 0.1093 (0.1258)  loss_bbox_dn_0: 0.0587 (0.0632)  loss_bbox_dn_1: 0.0482 (0.0525)  loss_bbox_dn_2: 0.0474 (0.0510)  loss_giou: 0.9318 (1.0393)  loss_giou_aux_0: 0.9737 (1.0743)  loss_giou_aux_1: 0.9404 (1.0517)  loss_giou_aux_2: 1.0376 (1.1422)  loss_giou_dn_0: 0.7870 (0.8328)  loss_giou_dn_1: 0.7015 (0.7467)  loss_giou_dn_2: 0.6905 (0.7354)  loss_vfl: 0.5323 (0.5216)  loss_vfl_aux_0: 0.5315 (0.5239)  loss_vfl_aux_1: 0.5278 (0.5247)  loss_vfl_aux_2: 0.5336 (0.5012)  loss_vfl_dn_0: 0.4828 (0.4762)  loss_vfl_dn_1: 0.4640 (0.4628)  loss_vfl_dn_2: 0.4626 (0.4588)  time: 0.9435  data: 0.0439  max mem: 8526
Epoch: [18]  [800/809]  eta: 0:00:08  lr: 0.000100  loss: 10.9730 (10.7252)  loss_bbox: 0.1115 (0.1080)  loss_bbox_aux_0: 0.1145 (0.1143)  loss_bbox_aux_1: 0.1132 (0.1098)  loss_bbox_aux_2: 0.1243 (0.1271)  loss_bbox_dn_0: 0.0641 (0.0634)  loss_bbox_dn_1: 0.0523 (0.0527)  loss_bbox_dn_2: 0.0524 (0.0511)  loss_giou: 1.1007 (1.0417)  loss_giou_aux_0: 1.1020 (1.0766)  loss_giou_aux_1: 1.1002 (1.0540)  loss_giou_aux_2: 1.1490 (1.1443)  loss_giou_dn_0: 0.8663 (0.8328)  loss_giou_dn_1: 0.7900 (0.7466)  loss_giou_dn_2: 0.7774 (0.7350)  loss_vfl: 0.4979 (0.5210)  loss_vfl_aux_0: 0.4874 (0.5234)  loss_vfl_aux_1: 0.4940 (0.5243)  loss_vfl_aux_2: 0.4645 (0.5010)  loss_vfl_dn_0: 0.4724 (0.4763)  loss_vfl_dn_1: 0.4648 (0.4628)  loss_vfl_dn_2: 0.4603 (0.4589)  time: 0.9053  data: 0.0395  max mem: 8526
Epoch: [18]  [808/809]  eta: 0:00:00  lr: 0.000100  loss: 10.8650 (10.7293)  loss_bbox: 0.1210 (0.1082)  loss_bbox_aux_0: 0.1219 (0.1145)  loss_bbox_aux_1: 0.1204 (0.1101)  loss_bbox_aux_2: 0.1351 (0.1274)  loss_bbox_dn_0: 0.0654 (0.0633)  loss_bbox_dn_1: 0.0516 (0.0526)  loss_bbox_dn_2: 0.0512 (0.0511)  loss_giou: 1.0637 (1.0428)  loss_giou_aux_0: 1.0752 (1.0778)  loss_giou_aux_1: 1.0590 (1.0551)  loss_giou_aux_2: 1.1476 (1.1454)  loss_giou_dn_0: 0.8472 (0.8332)  loss_giou_dn_1: 0.7412 (0.7469)  loss_giou_dn_2: 0.7290 (0.7354)  loss_vfl: 0.5031 (0.5205)  loss_vfl_aux_0: 0.5225 (0.5229)  loss_vfl_aux_1: 0.5200 (0.5238)  loss_vfl_aux_2: 0.4944 (0.5005)  loss_vfl_dn_0: 0.4720 (0.4761)  loss_vfl_dn_1: 0.4569 (0.4627)  loss_vfl_dn_2: 0.4558 (0.4588)  time: 0.7637  data: 0.0322  max mem: 8526
Epoch: [18] Total time: 0:12:37 (0.9363 s / it)
Averaged stats: lr: 0.000100  loss: 10.8650 (10.7293)  loss_bbox: 0.1210 (0.1082)  loss_bbox_aux_0: 0.1219 (0.1145)  loss_bbox_aux_1: 0.1204 (0.1101)  loss_bbox_aux_2: 0.1351 (0.1274)  loss_bbox_dn_0: 0.0654 (0.0633)  loss_bbox_dn_1: 0.0516 (0.0526)  loss_bbox_dn_2: 0.0512 (0.0511)  loss_giou: 1.0637 (1.0428)  loss_giou_aux_0: 1.0752 (1.0778)  loss_giou_aux_1: 1.0590 (1.0551)  loss_giou_aux_2: 1.1476 (1.1454)  loss_giou_dn_0: 0.8472 (0.8332)  loss_giou_dn_1: 0.7412 (0.7469)  loss_giou_dn_2: 0.7290 (0.7354)  loss_vfl: 0.5031 (0.5205)  loss_vfl_aux_0: 0.5225 (0.5229)  loss_vfl_aux_1: 0.5200 (0.5238)  loss_vfl_aux_2: 0.4944 (0.5005)  loss_vfl_dn_0: 0.4720 (0.4761)  loss_vfl_dn_1: 0.4569 (0.4627)  loss_vfl_dn_2: 0.4558 (0.4588)
Test:  [ 0/69]  eta: 0:01:42    time: 1.4870  data: 0.7868  max mem: 8526
Test:  [10/69]  eta: 0:00:42    time: 0.7185  data: 0.0917  max mem: 8526
Test:  [20/69]  eta: 0:00:36    time: 0.7013  data: 0.0656  max mem: 8526
Test:  [30/69]  eta: 0:00:27    time: 0.6922  data: 0.0660  max mem: 8526
Test:  [40/69]  eta: 0:00:19    time: 0.5919  data: 0.0221  max mem: 8526
Test:  [50/69]  eta: 0:00:12    time: 0.5505  data: 0.0221  max mem: 8526
Test:  [60/69]  eta: 0:00:05    time: 0.5365  data: 0.0221  max mem: 8526
Test:  [68/69]  eta: 0:00:00    time: 0.5562  data: 0.0206  max mem: 8526
Test: Total time: 0:00:42 (0.6213 s / it)
Averaged stats: 
Accumulating evaluation results...
DONE (t=1.92s).
IoU metric: bbox
 Average Precision  (AP) @[ IoU=0.50:0.95 | area=   all | maxDets=100 ] = 0.178
 Average Precision  (AP) @[ IoU=0.50      | area=   all | maxDets=100 ] = 0.301
 Average Precision  (AP) @[ IoU=0.75      | area=   all | maxDets=100 ] = 0.181
 Average Precision  (AP) @[ IoU=0.50:0.95 | area= small | maxDets=100 ] = 0.111
 Average Precision  (AP) @[ IoU=0.50:0.95 | area=medium | maxDets=100 ] = 0.253
 Average Precision  (AP) @[ IoU=0.50:0.95 | area= large | maxDets=100 ] = 0.342
 Average Recall     (AR) @[ IoU=0.50:0.95 | area=   all | maxDets=  1 ] = 0.082
 Average Recall     (AR) @[ IoU=0.50:0.95 | area=   all | maxDets= 10 ] = 0.241
 Average Recall     (AR) @[ IoU=0.50:0.95 | area=   all | maxDets=100 ] = 0.333
 Average Recall     (AR) @[ IoU=0.50:0.95 | area= small | maxDets=100 ] = 0.244
 Average Recall     (AR) @[ IoU=0.50:0.95 | area=medium | maxDets=100 ] = 0.445
 Average Recall     (AR) @[ IoU=0.50:0.95 | area= large | maxDets=100 ] = 0.526
best_stat:  {'epoch': 18, 'coco_eval_bbox': 0.17791405356894036}
Epoch: [19]  [  0/809]  eta: 1:11:25  lr: 0.000100  loss: 10.6633 (10.6633)  loss_bbox: 0.1146 (0.1146)  loss_bbox_aux_0: 0.1227 (0.1227)  loss_bbox_aux_1: 0.1127 (0.1127)  loss_bbox_aux_2: 0.1380 (0.1380)  loss_bbox_dn_0: 0.0842 (0.0842)  loss_bbox_dn_1: 0.0697 (0.0697)  loss_bbox_dn_2: 0.0664 (0.0664)  loss_giou: 0.9640 (0.9640)  loss_giou_aux_0: 0.9923 (0.9923)  loss_giou_aux_1: 0.9681 (0.9681)  loss_giou_aux_2: 1.0601 (1.0601)  loss_giou_dn_0: 0.8416 (0.8416)  loss_giou_dn_1: 0.7488 (0.7488)  loss_giou_dn_2: 0.7335 (0.7335)  loss_vfl: 0.5535 (0.5535)  loss_vfl_aux_0: 0.5677 (0.5677)  loss_vfl_aux_1: 0.5682 (0.5682)  loss_vfl_aux_2: 0.5760 (0.5760)  loss_vfl_dn_0: 0.4679 (0.4679)  loss_vfl_dn_1: 0.4569 (0.4569)  loss_vfl_dn_2: 0.4564 (0.4564)  time: 5.2969  data: 2.4236  max mem: 8526
Epoch: [19]  [100/809]  eta: 0:11:44  lr: 0.000100  loss: 10.9177 (10.6800)  loss_bbox: 0.1037 (0.1078)  loss_bbox_aux_0: 0.1047 (0.1140)  loss_bbox_aux_1: 0.1053 (0.1096)  loss_bbox_aux_2: 0.1198 (0.1304)  loss_bbox_dn_0: 0.0615 (0.0650)  loss_bbox_dn_1: 0.0489 (0.0534)  loss_bbox_dn_2: 0.0478 (0.0519)  loss_giou: 1.1058 (1.0279)  loss_giou_aux_0: 1.1153 (1.0647)  loss_giou_aux_1: 1.1107 (1.0396)  loss_giou_aux_2: 1.1794 (1.1469)  loss_giou_dn_0: 0.8594 (0.8257)  loss_giou_dn_1: 0.7544 (0.7352)  loss_giou_dn_2: 0.7440 (0.7233)  loss_vfl: 0.4910 (0.5257)  loss_vfl_aux_0: 0.4873 (0.5278)  loss_vfl_aux_1: 0.4967 (0.5286)  loss_vfl_aux_2: 0.4801 (0.5007)  loss_vfl_dn_0: 0.4767 (0.4777)  loss_vfl_dn_1: 0.4646 (0.4639)  loss_vfl_dn_2: 0.4607 (0.4601)  time: 0.9737  data: 0.0493  max mem: 8526
Epoch: [19]  [200/809]  eta: 0:09:49  lr: 0.000100  loss: 10.4051 (10.6755)  loss_bbox: 0.0936 (0.1066)  loss_bbox_aux_0: 0.0995 (0.1128)  loss_bbox_aux_1: 0.0961 (0.1081)  loss_bbox_aux_2: 0.1126 (0.1275)  loss_bbox_dn_0: 0.0600 (0.0646)  loss_bbox_dn_1: 0.0485 (0.0532)  loss_bbox_dn_2: 0.0471 (0.0516)  loss_giou: 0.9203 (1.0275)  loss_giou_aux_0: 0.9722 (1.0641)  loss_giou_aux_1: 0.9450 (1.0393)  loss_giou_aux_2: 1.0572 (1.1398)  loss_giou_dn_0: 0.8043 (0.8261)  loss_giou_dn_1: 0.7070 (0.7358)  loss_giou_dn_2: 0.7001 (0.7239)  loss_vfl: 0.5652 (0.5264)  loss_vfl_aux_0: 0.5645 (0.5302)  loss_vfl_aux_1: 0.5632 (0.5298)  loss_vfl_aux_2: 0.5576 (0.5070)  loss_vfl_dn_0: 0.4774 (0.4775)  loss_vfl_dn_1: 0.4586 (0.4639)  loss_vfl_dn_2: 0.4569 (0.4597)  time: 0.9378  data: 0.0361  max mem: 8526
Epoch: [19]  [300/809]  eta: 0:08:05  lr: 0.000100  loss: 11.3787 (10.7007)  loss_bbox: 0.1295 (0.1075)  loss_bbox_aux_0: 0.1349 (0.1138)  loss_bbox_aux_1: 0.1304 (0.1090)  loss_bbox_aux_2: 0.1483 (0.1282)  loss_bbox_dn_0: 0.0621 (0.0644)  loss_bbox_dn_1: 0.0514 (0.0531)  loss_bbox_dn_2: 0.0521 (0.0515)  loss_giou: 1.1517 (1.0361)  loss_giou_aux_0: 1.1917 (1.0711)  loss_giou_aux_1: 1.1725 (1.0468)  loss_giou_aux_2: 1.2683 (1.1442)  loss_giou_dn_0: 0.8811 (0.8323)  loss_giou_dn_1: 0.7819 (0.7419)  loss_giou_dn_2: 0.7703 (0.7302)  loss_vfl: 0.4744 (0.5214)  loss_vfl_aux_0: 0.4667 (0.5255)  loss_vfl_aux_1: 0.4766 (0.5253)  loss_vfl_aux_2: 0.4557 (0.5019)  loss_vfl_dn_0: 0.4664 (0.4754)  loss_vfl_dn_1: 0.4591 (0.4627)  loss_vfl_dn_2: 0.4519 (0.4585)  time: 0.9583  data: 0.0430  max mem: 8526
Epoch: [19]  [400/809]  eta: 0:06:28  lr: 0.000100  loss: 10.4621 (10.6596)  loss_bbox: 0.0904 (0.1063)  loss_bbox_aux_0: 0.0949 (0.1125)  loss_bbox_aux_1: 0.0906 (0.1077)  loss_bbox_aux_2: 0.1134 (0.1265)  loss_bbox_dn_0: 0.0595 (0.0641)  loss_bbox_dn_1: 0.0500 (0.0529)  loss_bbox_dn_2: 0.0494 (0.0513)  loss_giou: 1.0126 (1.0306)  loss_giou_aux_0: 1.0300 (1.0647)  loss_giou_aux_1: 1.0159 (1.0408)  loss_giou_aux_2: 1.1374 (1.1374)  loss_giou_dn_0: 0.8158 (0.8290)  loss_giou_dn_1: 0.7295 (0.7396)  loss_giou_dn_2: 0.7166 (0.7277)  loss_vfl: 0.5029 (0.5208)  loss_vfl_aux_0: 0.5160 (0.5243)  loss_vfl_aux_1: 0.5151 (0.5245)  loss_vfl_aux_2: 0.4782 (0.5016)  loss_vfl_dn_0: 0.4730 (0.4756)  loss_vfl_dn_1: 0.4589 (0.4627)  loss_vfl_dn_2: 0.4550 (0.4588)  time: 0.9651  data: 0.0385  max mem: 8526
Epoch: [19]  [500/809]  eta: 0:04:53  lr: 0.000100  loss: 10.4383 (10.6554)  loss_bbox: 0.1035 (0.1062)  loss_bbox_aux_0: 0.1040 (0.1122)  loss_bbox_aux_1: 0.1012 (0.1076)  loss_bbox_aux_2: 0.1189 (0.1262)  loss_bbox_dn_0: 0.0661 (0.0640)  loss_bbox_dn_1: 0.0540 (0.0528)  loss_bbox_dn_2: 0.0529 (0.0512)  loss_giou: 0.9581 (1.0292)  loss_giou_aux_0: 0.9923 (1.0636)  loss_giou_aux_1: 0.9597 (1.0394)  loss_giou_aux_2: 1.0735 (1.1357)  loss_giou_dn_0: 0.7934 (0.8284)  loss_giou_dn_1: 0.7070 (0.7398)  loss_giou_dn_2: 0.6914 (0.7279)  loss_vfl: 0.5334 (0.5219)  loss_vfl_aux_0: 0.5305 (0.5250)  loss_vfl_aux_1: 0.5383 (0.5255)  loss_vfl_aux_2: 0.5133 (0.5029)  loss_vfl_dn_0: 0.4716 (0.4751)  loss_vfl_dn_1: 0.4634 (0.4624)  loss_vfl_dn_2: 0.4606 (0.4585)  time: 0.9500  data: 0.0410  max mem: 8526
Epoch: [19]  [600/809]  eta: 0:03:18  lr: 0.000100  loss: 10.5761 (10.6628)  loss_bbox: 0.0915 (0.1072)  loss_bbox_aux_0: 0.0994 (0.1132)  loss_bbox_aux_1: 0.0937 (0.1087)  loss_bbox_aux_2: 0.1158 (0.1272)  loss_bbox_dn_0: 0.0574 (0.0635)  loss_bbox_dn_1: 0.0481 (0.0524)  loss_bbox_dn_2: 0.0458 (0.0508)  loss_giou: 1.0890 (1.0325)  loss_giou_aux_0: 1.0934 (1.0672)  loss_giou_aux_1: 1.0894 (1.0431)  loss_giou_aux_2: 1.1578 (1.1387)  loss_giou_dn_0: 0.8189 (0.8278)  loss_giou_dn_1: 0.7327 (0.7394)  loss_giou_dn_2: 0.7240 (0.7275)  loss_vfl: 0.5024 (0.5200)  loss_vfl_aux_0: 0.5051 (0.5231)  loss_vfl_aux_1: 0.4991 (0.5235)  loss_vfl_aux_2: 0.4781 (0.5015)  loss_vfl_dn_0: 0.4757 (0.4751)  loss_vfl_dn_1: 0.4519 (0.4622)  loss_vfl_dn_2: 0.4489 (0.4583)  time: 0.9865  data: 0.0457  max mem: 8526
Epoch: [19]  [700/809]  eta: 0:01:43  lr: 0.000100  loss: 10.5360 (10.6699)  loss_bbox: 0.0926 (0.1066)  loss_bbox_aux_0: 0.1019 (0.1127)  loss_bbox_aux_1: 0.0956 (0.1081)  loss_bbox_aux_2: 0.1137 (0.1267)  loss_bbox_dn_0: 0.0565 (0.0630)  loss_bbox_dn_1: 0.0478 (0.0521)  loss_bbox_dn_2: 0.0473 (0.0505)  loss_giou: 1.0471 (1.0348)  loss_giou_aux_0: 1.0758 (1.0697)  loss_giou_aux_1: 1.0610 (1.0457)  loss_giou_aux_2: 1.1632 (1.1399)  loss_giou_dn_0: 0.8242 (0.8283)  loss_giou_dn_1: 0.7422 (0.7406)  loss_giou_dn_2: 0.7359 (0.7289)  loss_vfl: 0.5237 (0.5197)  loss_vfl_aux_0: 0.5137 (0.5229)  loss_vfl_aux_1: 0.5276 (0.5231)  loss_vfl_aux_2: 0.4912 (0.5017)  loss_vfl_dn_0: 0.4680 (0.4750)  loss_vfl_dn_1: 0.4512 (0.4620)  loss_vfl_dn_2: 0.4485 (0.4578)  time: 0.9641  data: 0.0329  max mem: 8526
Epoch: [19]  [800/809]  eta: 0:00:08  lr: 0.000100  loss: 10.4765 (10.6756)  loss_bbox: 0.0895 (0.1069)  loss_bbox_aux_0: 0.0920 (0.1130)  loss_bbox_aux_1: 0.0914 (0.1084)  loss_bbox_aux_2: 0.1059 (0.1271)  loss_bbox_dn_0: 0.0574 (0.0627)  loss_bbox_dn_1: 0.0462 (0.0519)  loss_bbox_dn_2: 0.0443 (0.0504)  loss_giou: 1.0665 (1.0366)  loss_giou_aux_0: 1.1161 (1.0716)  loss_giou_aux_1: 1.0823 (1.0477)  loss_giou_aux_2: 1.1689 (1.1412)  loss_giou_dn_0: 0.7975 (0.8279)  loss_giou_dn_1: 0.7248 (0.7406)  loss_giou_dn_2: 0.7131 (0.7289)  loss_vfl: 0.5192 (0.5194)  loss_vfl_aux_0: 0.5398 (0.5223)  loss_vfl_aux_1: 0.5126 (0.5228)  loss_vfl_aux_2: 0.4962 (0.5010)  loss_vfl_dn_0: 0.4766 (0.4751)  loss_vfl_dn_1: 0.4613 (0.4620)  loss_vfl_dn_2: 0.4551 (0.4579)  time: 0.9055  data: 0.0363  max mem: 8526
Epoch: [19]  [808/809]  eta: 0:00:00  lr: 0.000100  loss: 10.7744 (10.6789)  loss_bbox: 0.1068 (0.1070)  loss_bbox_aux_0: 0.1120 (0.1131)  loss_bbox_aux_1: 0.1053 (0.1085)  loss_bbox_aux_2: 0.1257 (0.1271)  loss_bbox_dn_0: 0.0612 (0.0627)  loss_bbox_dn_1: 0.0483 (0.0519)  loss_bbox_dn_2: 0.0455 (0.0504)  loss_giou: 1.0959 (1.0374)  loss_giou_aux_0: 1.1303 (1.0725)  loss_giou_aux_1: 1.1066 (1.0486)  loss_giou_aux_2: 1.1959 (1.1420)  loss_giou_dn_0: 0.8212 (0.8282)  loss_giou_dn_1: 0.7338 (0.7409)  loss_giou_dn_2: 0.7280 (0.7292)  loss_vfl: 0.4600 (0.5191)  loss_vfl_aux_0: 0.4642 (0.5220)  loss_vfl_aux_1: 0.4712 (0.5226)  loss_vfl_aux_2: 0.4623 (0.5008)  loss_vfl_dn_0: 0.4709 (0.4750)  loss_vfl_dn_1: 0.4613 (0.4620)  loss_vfl_dn_2: 0.4581 (0.4579)  time: 0.7691  data: 0.0306  max mem: 8526
Epoch: [19] Total time: 0:12:42 (0.9425 s / it)
Averaged stats: lr: 0.000100  loss: 10.7744 (10.6789)  loss_bbox: 0.1068 (0.1070)  loss_bbox_aux_0: 0.1120 (0.1131)  loss_bbox_aux_1: 0.1053 (0.1085)  loss_bbox_aux_2: 0.1257 (0.1271)  loss_bbox_dn_0: 0.0612 (0.0627)  loss_bbox_dn_1: 0.0483 (0.0519)  loss_bbox_dn_2: 0.0455 (0.0504)  loss_giou: 1.0959 (1.0374)  loss_giou_aux_0: 1.1303 (1.0725)  loss_giou_aux_1: 1.1066 (1.0486)  loss_giou_aux_2: 1.1959 (1.1420)  loss_giou_dn_0: 0.8212 (0.8282)  loss_giou_dn_1: 0.7338 (0.7409)  loss_giou_dn_2: 0.7280 (0.7292)  loss_vfl: 0.4600 (0.5191)  loss_vfl_aux_0: 0.4642 (0.5220)  loss_vfl_aux_1: 0.4712 (0.5226)  loss_vfl_aux_2: 0.4623 (0.5008)  loss_vfl_dn_0: 0.4709 (0.4750)  loss_vfl_dn_1: 0.4613 (0.4620)  loss_vfl_dn_2: 0.4581 (0.4579)
Test:  [ 0/69]  eta: 0:01:23    time: 1.2166  data: 0.5786  max mem: 8526
Test:  [10/69]  eta: 0:00:43    time: 0.7293  data: 0.0720  max mem: 8526
Test:  [20/69]  eta: 0:00:33    time: 0.6637  data: 0.0218  max mem: 8526
Test:  [30/69]  eta: 0:00:27    time: 0.6740  data: 0.0215  max mem: 8526
Test:  [40/69]  eta: 0:00:19    time: 0.6386  data: 0.0215  max mem: 8526
Test:  [50/69]  eta: 0:00:12    time: 0.5634  data: 0.0227  max mem: 8526
Test:  [60/69]  eta: 0:00:05    time: 0.5455  data: 0.0224  max mem: 8526
Test:  [68/69]  eta: 0:00:00    time: 0.5568  data: 0.0202  max mem: 8526
Test: Total time: 0:00:43 (0.6233 s / it)
Averaged stats: 
Accumulating evaluation results...
DONE (t=2.06s).
IoU metric: bbox
 Average Precision  (AP) @[ IoU=0.50:0.95 | area=   all | maxDets=100 ] = 0.181
 Average Precision  (AP) @[ IoU=0.50      | area=   all | maxDets=100 ] = 0.305
 Average Precision  (AP) @[ IoU=0.75      | area=   all | maxDets=100 ] = 0.184
 Average Precision  (AP) @[ IoU=0.50:0.95 | area= small | maxDets=100 ] = 0.113
 Average Precision  (AP) @[ IoU=0.50:0.95 | area=medium | maxDets=100 ] = 0.257
 Average Precision  (AP) @[ IoU=0.50:0.95 | area= large | maxDets=100 ] = 0.350
 Average Recall     (AR) @[ IoU=0.50:0.95 | area=   all | maxDets=  1 ] = 0.084
 Average Recall     (AR) @[ IoU=0.50:0.95 | area=   all | maxDets= 10 ] = 0.244
 Average Recall     (AR) @[ IoU=0.50:0.95 | area=   all | maxDets=100 ] = 0.336
 Average Recall     (AR) @[ IoU=0.50:0.95 | area= small | maxDets=100 ] = 0.246
 Average Recall     (AR) @[ IoU=0.50:0.95 | area=medium | maxDets=100 ] = 0.447
 Average Recall     (AR) @[ IoU=0.50:0.95 | area= large | maxDets=100 ] = 0.529
best_stat:  {'epoch': 19, 'coco_eval_bbox': 0.18074521623968967}
Epoch: [20]  [  0/809]  eta: 1:23:51  lr: 0.000100  loss: 10.2366 (10.2366)  loss_bbox: 0.0776 (0.0776)  loss_bbox_aux_0: 0.0844 (0.0844)  loss_bbox_aux_1: 0.0768 (0.0768)  loss_bbox_aux_2: 0.0983 (0.0983)  loss_bbox_dn_0: 0.0415 (0.0415)  loss_bbox_dn_1: 0.0349 (0.0349)  loss_bbox_dn_2: 0.0328 (0.0328)  loss_giou: 1.0413 (1.0413)  loss_giou_aux_0: 1.0679 (1.0679)  loss_giou_aux_1: 1.0553 (1.0553)  loss_giou_aux_2: 1.1612 (1.1612)  loss_giou_dn_0: 0.8216 (0.8216)  loss_giou_dn_1: 0.7354 (0.7354)  loss_giou_dn_2: 0.7226 (0.7226)  loss_vfl: 0.4668 (0.4668)  loss_vfl_aux_0: 0.4619 (0.4619)  loss_vfl_aux_1: 0.4714 (0.4714)  loss_vfl_aux_2: 0.4410 (0.4410)  loss_vfl_dn_0: 0.4613 (0.4613)  loss_vfl_dn_1: 0.4430 (0.4430)  loss_vfl_dn_2: 0.4396 (0.4396)  time: 6.2197  data: 3.3865  max mem: 8526
Epoch: [20]  [100/809]  eta: 0:11:39  lr: 0.000100  loss: 10.3357 (10.6886)  loss_bbox: 0.0935 (0.1109)  loss_bbox_aux_0: 0.1059 (0.1185)  loss_bbox_aux_1: 0.0938 (0.1129)  loss_bbox_aux_2: 0.1158 (0.1316)  loss_bbox_dn_0: 0.0652 (0.0622)  loss_bbox_dn_1: 0.0524 (0.0517)  loss_bbox_dn_2: 0.0503 (0.0503)  loss_giou: 0.9633 (1.0489)  loss_giou_aux_0: 0.9979 (1.0814)  loss_giou_aux_1: 0.9727 (1.0599)  loss_giou_aux_2: 1.0851 (1.1493)  loss_giou_dn_0: 0.8139 (0.8224)  loss_giou_dn_1: 0.7158 (0.7386)  loss_giou_dn_2: 0.7066 (0.7273)  loss_vfl: 0.5310 (0.5101)  loss_vfl_aux_0: 0.5476 (0.5117)  loss_vfl_aux_1: 0.5439 (0.5138)  loss_vfl_aux_2: 0.5146 (0.4921)  loss_vfl_dn_0: 0.4712 (0.4764)  loss_vfl_dn_1: 0.4594 (0.4611)  loss_vfl_dn_2: 0.4569 (0.4574)  time: 0.9201  data: 0.0371  max mem: 8526
Epoch: [20]  [200/809]  eta: 0:09:44  lr: 0.000100  loss: 10.7395 (10.6050)  loss_bbox: 0.1089 (0.1074)  loss_bbox_aux_0: 0.1180 (0.1142)  loss_bbox_aux_1: 0.1138 (0.1091)  loss_bbox_aux_2: 0.1287 (0.1268)  loss_bbox_dn_0: 0.0593 (0.0625)  loss_bbox_dn_1: 0.0474 (0.0518)  loss_bbox_dn_2: 0.0445 (0.0503)  loss_giou: 1.0511 (1.0275)  loss_giou_aux_0: 1.0802 (1.0635)  loss_giou_aux_1: 1.0667 (1.0397)  loss_giou_aux_2: 1.1276 (1.1321)  loss_giou_dn_0: 0.8371 (0.8204)  loss_giou_dn_1: 0.7518 (0.7349)  loss_giou_dn_2: 0.7388 (0.7232)  loss_vfl: 0.5205 (0.5156)  loss_vfl_aux_0: 0.5192 (0.5177)  loss_vfl_aux_1: 0.5269 (0.5188)  loss_vfl_aux_2: 0.5052 (0.4987)  loss_vfl_dn_0: 0.4720 (0.4747)  loss_vfl_dn_1: 0.4552 (0.4600)  loss_vfl_dn_2: 0.4534 (0.4562)  time: 0.9407  data: 0.0380  max mem: 8526
Epoch: [20]  [300/809]  eta: 0:08:04  lr: 0.000100  loss: 10.5197 (10.5718)  loss_bbox: 0.1029 (0.1059)  loss_bbox_aux_0: 0.1085 (0.1125)  loss_bbox_aux_1: 0.1058 (0.1074)  loss_bbox_aux_2: 0.1212 (0.1245)  loss_bbox_dn_0: 0.0564 (0.0625)  loss_bbox_dn_1: 0.0488 (0.0518)  loss_bbox_dn_2: 0.0472 (0.0503)  loss_giou: 0.9931 (1.0165)  loss_giou_aux_0: 1.0239 (1.0522)  loss_giou_aux_1: 1.0017 (1.0282)  loss_giou_aux_2: 1.0864 (1.1211)  loss_giou_dn_0: 0.8390 (0.8193)  loss_giou_dn_1: 0.7475 (0.7326)  loss_giou_dn_2: 0.7317 (0.7211)  loss_vfl: 0.4963 (0.5203)  loss_vfl_aux_0: 0.4834 (0.5233)  loss_vfl_aux_1: 0.4976 (0.5242)  loss_vfl_aux_2: 0.4807 (0.5053)  loss_vfl_dn_0: 0.4698 (0.4752)  loss_vfl_dn_1: 0.4564 (0.4607)  loss_vfl_dn_2: 0.4501 (0.4569)  time: 0.9726  data: 0.0445  max mem: 8526
Epoch: [20]  [400/809]  eta: 0:06:27  lr: 0.000100  loss: 10.4797 (10.5937)  loss_bbox: 0.0951 (0.1057)  loss_bbox_aux_0: 0.1058 (0.1121)  loss_bbox_aux_1: 0.1000 (0.1072)  loss_bbox_aux_2: 0.1122 (0.1242)  loss_bbox_dn_0: 0.0598 (0.0625)  loss_bbox_dn_1: 0.0507 (0.0519)  loss_bbox_dn_2: 0.0494 (0.0504)  loss_giou: 1.0111 (1.0201)  loss_giou_aux_0: 1.0492 (1.0562)  loss_giou_aux_1: 1.0267 (1.0320)  loss_giou_aux_2: 1.1116 (1.1244)  loss_giou_dn_0: 0.8110 (0.8209)  loss_giou_dn_1: 0.7325 (0.7346)  loss_giou_dn_2: 0.7190 (0.7233)  loss_vfl: 0.5299 (0.5212)  loss_vfl_aux_0: 0.5404 (0.5236)  loss_vfl_aux_1: 0.5367 (0.5251)  loss_vfl_aux_2: 0.5133 (0.5049)  loss_vfl_dn_0: 0.4779 (0.4754)  loss_vfl_dn_1: 0.4672 (0.4611)  loss_vfl_dn_2: 0.4618 (0.4571)  time: 0.9774  data: 0.0463  max mem: 8526
Epoch: [20]  [500/809]  eta: 0:04:52  lr: 0.000100  loss: 10.1180 (10.5861)  loss_bbox: 0.0889 (0.1049)  loss_bbox_aux_0: 0.0962 (0.1113)  loss_bbox_aux_1: 0.0891 (0.1063)  loss_bbox_aux_2: 0.1046 (0.1237)  loss_bbox_dn_0: 0.0568 (0.0623)  loss_bbox_dn_1: 0.0471 (0.0518)  loss_bbox_dn_2: 0.0456 (0.0504)  loss_giou: 0.8863 (1.0196)  loss_giou_aux_0: 0.9366 (1.0555)  loss_giou_aux_1: 0.9030 (1.0312)  loss_giou_aux_2: 1.0260 (1.1257)  loss_giou_dn_0: 0.7852 (0.8204)  loss_giou_dn_1: 0.6895 (0.7340)  loss_giou_dn_2: 0.6754 (0.7228)  loss_vfl: 0.5378 (0.5205)  loss_vfl_aux_0: 0.5378 (0.5237)  loss_vfl_aux_1: 0.5446 (0.5247)  loss_vfl_aux_2: 0.5060 (0.5044)  loss_vfl_dn_0: 0.4800 (0.4753)  loss_vfl_dn_1: 0.4617 (0.4610)  loss_vfl_dn_2: 0.4548 (0.4568)  time: 0.9540  data: 0.0440  max mem: 8526
Epoch: [20]  [600/809]  eta: 0:03:17  lr: 0.000100  loss: 10.8641 (10.6032)  loss_bbox: 0.1054 (0.1059)  loss_bbox_aux_0: 0.1086 (0.1123)  loss_bbox_aux_1: 0.1069 (0.1074)  loss_bbox_aux_2: 0.1216 (0.1250)  loss_bbox_dn_0: 0.0593 (0.0622)  loss_bbox_dn_1: 0.0497 (0.0517)  loss_bbox_dn_2: 0.0471 (0.0503)  loss_giou: 1.0758 (1.0259)  loss_giou_aux_0: 1.1068 (1.0613)  loss_giou_aux_1: 1.1052 (1.0377)  loss_giou_aux_2: 1.1542 (1.1304)  loss_giou_dn_0: 0.8431 (0.8224)  loss_giou_dn_1: 0.7699 (0.7361)  loss_giou_dn_2: 0.7577 (0.7250)  loss_vfl: 0.4672 (0.5169)  loss_vfl_aux_0: 0.4720 (0.5198)  loss_vfl_aux_1: 0.4817 (0.5211)  loss_vfl_aux_2: 0.4563 (0.5008)  loss_vfl_dn_0: 0.4691 (0.4745)  loss_vfl_dn_1: 0.4540 (0.4603)  loss_vfl_dn_2: 0.4486 (0.4561)  time: 0.8987  data: 0.0332  max mem: 8526
Epoch: [20]  [700/809]  eta: 0:01:42  lr: 0.000100  loss: 10.2484 (10.6062)  loss_bbox: 0.0902 (0.1054)  loss_bbox_aux_0: 0.0966 (0.1119)  loss_bbox_aux_1: 0.0902 (0.1069)  loss_bbox_aux_2: 0.1106 (0.1247)  loss_bbox_dn_0: 0.0576 (0.0623)  loss_bbox_dn_1: 0.0466 (0.0519)  loss_bbox_dn_2: 0.0462 (0.0504)  loss_giou: 0.9810 (1.0262)  loss_giou_aux_0: 1.0185 (1.0616)  loss_giou_aux_1: 0.9910 (1.0387)  loss_giou_aux_2: 1.0655 (1.1298)  loss_giou_dn_0: 0.7896 (0.8229)  loss_giou_dn_1: 0.7156 (0.7369)  loss_giou_dn_2: 0.6941 (0.7257)  loss_vfl: 0.5435 (0.5176)  loss_vfl_aux_0: 0.5411 (0.5200)  loss_vfl_aux_1: 0.5359 (0.5215)  loss_vfl_aux_2: 0.5219 (0.5013)  loss_vfl_dn_0: 0.4742 (0.4745)  loss_vfl_dn_1: 0.4580 (0.4601)  loss_vfl_dn_2: 0.4529 (0.4558)  time: 0.9380  data: 0.0351  max mem: 8526
Epoch: [20]  [800/809]  eta: 0:00:08  lr: 0.000100  loss: 10.4618 (10.6303)  loss_bbox: 0.0848 (0.1065)  loss_bbox_aux_0: 0.0907 (0.1130)  loss_bbox_aux_1: 0.0853 (0.1079)  loss_bbox_aux_2: 0.1075 (0.1259)  loss_bbox_dn_0: 0.0568 (0.0620)  loss_bbox_dn_1: 0.0454 (0.0516)  loss_bbox_dn_2: 0.0444 (0.0502)  loss_giou: 1.0117 (1.0326)  loss_giou_aux_0: 1.0464 (1.0680)  loss_giou_aux_1: 1.0223 (1.0451)  loss_giou_aux_2: 1.1185 (1.1360)  loss_giou_dn_0: 0.8265 (0.8249)  loss_giou_dn_1: 0.7349 (0.7389)  loss_giou_dn_2: 0.7278 (0.7277)  loss_vfl: 0.5135 (0.5154)  loss_vfl_aux_0: 0.5067 (0.5176)  loss_vfl_aux_1: 0.5082 (0.5192)  loss_vfl_aux_2: 0.4736 (0.4987)  loss_vfl_dn_0: 0.4749 (0.4740)  loss_vfl_dn_1: 0.4569 (0.4598)  loss_vfl_dn_2: 0.4547 (0.4555)  time: 0.9558  data: 0.0389  max mem: 8526
Epoch: [20]  [808/809]  eta: 0:00:00  lr: 0.000100  loss: 10.4618 (10.6283)  loss_bbox: 0.0880 (0.1063)  loss_bbox_aux_0: 0.0915 (0.1128)  loss_bbox_aux_1: 0.0884 (0.1078)  loss_bbox_aux_2: 0.1079 (0.1257)  loss_bbox_dn_0: 0.0585 (0.0619)  loss_bbox_dn_1: 0.0502 (0.0516)  loss_bbox_dn_2: 0.0477 (0.0501)  loss_giou: 1.0183 (1.0325)  loss_giou_aux_0: 1.0468 (1.0678)  loss_giou_aux_1: 1.0402 (1.0449)  loss_giou_aux_2: 1.1327 (1.1358)  loss_giou_dn_0: 0.8171 (0.8249)  loss_giou_dn_1: 0.7474 (0.7390)  loss_giou_dn_2: 0.7323 (0.7278)  loss_vfl: 0.4900 (0.5152)  loss_vfl_aux_0: 0.4841 (0.5174)  loss_vfl_aux_1: 0.4978 (0.5190)  loss_vfl_aux_2: 0.4688 (0.4985)  loss_vfl_dn_0: 0.4734 (0.4740)  loss_vfl_dn_1: 0.4569 (0.4598)  loss_vfl_dn_2: 0.4557 (0.4555)  time: 0.7963  data: 0.0322  max mem: 8526
Epoch: [20] Total time: 0:12:36 (0.9347 s / it)
Averaged stats: lr: 0.000100  loss: 10.4618 (10.6283)  loss_bbox: 0.0880 (0.1063)  loss_bbox_aux_0: 0.0915 (0.1128)  loss_bbox_aux_1: 0.0884 (0.1078)  loss_bbox_aux_2: 0.1079 (0.1257)  loss_bbox_dn_0: 0.0585 (0.0619)  loss_bbox_dn_1: 0.0502 (0.0516)  loss_bbox_dn_2: 0.0477 (0.0501)  loss_giou: 1.0183 (1.0325)  loss_giou_aux_0: 1.0468 (1.0678)  loss_giou_aux_1: 1.0402 (1.0449)  loss_giou_aux_2: 1.1327 (1.1358)  loss_giou_dn_0: 0.8171 (0.8249)  loss_giou_dn_1: 0.7474 (0.7390)  loss_giou_dn_2: 0.7323 (0.7278)  loss_vfl: 0.4900 (0.5152)  loss_vfl_aux_0: 0.4841 (0.5174)  loss_vfl_aux_1: 0.4978 (0.5190)  loss_vfl_aux_2: 0.4688 (0.4985)  loss_vfl_dn_0: 0.4734 (0.4740)  loss_vfl_dn_1: 0.4569 (0.4598)  loss_vfl_dn_2: 0.4557 (0.4555)
Test:  [ 0/69]  eta: 0:01:19    time: 1.1545  data: 0.5641  max mem: 8526
Test:  [10/69]  eta: 0:00:41    time: 0.6955  data: 0.0690  max mem: 8526
Test:  [20/69]  eta: 0:00:33    time: 0.6704  data: 0.0203  max mem: 8526
Test:  [30/69]  eta: 0:00:25    time: 0.6507  data: 0.0218  max mem: 8526
Test:  [40/69]  eta: 0:00:19    time: 0.6354  data: 0.0216  max mem: 8526
Test:  [50/69]  eta: 0:00:12    time: 0.5876  data: 0.0221  max mem: 8526
Test:  [60/69]  eta: 0:00:05    time: 0.5233  data: 0.0229  max mem: 8526
Test:  [68/69]  eta: 0:00:00    time: 0.5501  data: 0.0211  max mem: 8526
Test: Total time: 0:00:42 (0.6164 s / it)
Averaged stats: 
Accumulating evaluation results...
DONE (t=1.94s).
IoU metric: bbox
 Average Precision  (AP) @[ IoU=0.50:0.95 | area=   all | maxDets=100 ] = 0.182
 Average Precision  (AP) @[ IoU=0.50      | area=   all | maxDets=100 ] = 0.307
 Average Precision  (AP) @[ IoU=0.75      | area=   all | maxDets=100 ] = 0.185
 Average Precision  (AP) @[ IoU=0.50:0.95 | area= small | maxDets=100 ] = 0.115
 Average Precision  (AP) @[ IoU=0.50:0.95 | area=medium | maxDets=100 ] = 0.259
 Average Precision  (AP) @[ IoU=0.50:0.95 | area= large | maxDets=100 ] = 0.343
 Average Recall     (AR) @[ IoU=0.50:0.95 | area=   all | maxDets=  1 ] = 0.085
 Average Recall     (AR) @[ IoU=0.50:0.95 | area=   all | maxDets= 10 ] = 0.246
 Average Recall     (AR) @[ IoU=0.50:0.95 | area=   all | maxDets=100 ] = 0.338
 Average Recall     (AR) @[ IoU=0.50:0.95 | area= small | maxDets=100 ] = 0.248
 Average Recall     (AR) @[ IoU=0.50:0.95 | area=medium | maxDets=100 ] = 0.450
 Average Recall     (AR) @[ IoU=0.50:0.95 | area= large | maxDets=100 ] = 0.532
best_stat:  {'epoch': 20, 'coco_eval_bbox': 0.18248031736190476}
Epoch: [21]  [  0/809]  eta: 1:26:15  lr: 0.000100  loss: 9.5571 (9.5571)  loss_bbox: 0.0874 (0.0874)  loss_bbox_aux_0: 0.0857 (0.0857)  loss_bbox_aux_1: 0.0846 (0.0846)  loss_bbox_aux_2: 0.0947 (0.0947)  loss_bbox_dn_0: 0.0662 (0.0662)  loss_bbox_dn_1: 0.0534 (0.0534)  loss_bbox_dn_2: 0.0512 (0.0512)  loss_giou: 0.8067 (0.8067)  loss_giou_aux_0: 0.8368 (0.8368)  loss_giou_aux_1: 0.8156 (0.8156)  loss_giou_aux_2: 0.9130 (0.9130)  loss_giou_dn_0: 0.7320 (0.7320)  loss_giou_dn_1: 0.6403 (0.6403)  loss_giou_dn_2: 0.6313 (0.6313)  loss_vfl: 0.5540 (0.5540)  loss_vfl_aux_0: 0.5786 (0.5786)  loss_vfl_aux_1: 0.5625 (0.5625)  loss_vfl_aux_2: 0.5745 (0.5745)  loss_vfl_dn_0: 0.4779 (0.4779)  loss_vfl_dn_1: 0.4580 (0.4580)  loss_vfl_dn_2: 0.4529 (0.4529)  time: 6.3974  data: 2.5665  max mem: 8526
Epoch: [21]  [100/809]  eta: 0:11:57  lr: 0.000100  loss: 10.3359 (10.7042)  loss_bbox: 0.1069 (0.1074)  loss_bbox_aux_0: 0.1091 (0.1141)  loss_bbox_aux_1: 0.1057 (0.1089)  loss_bbox_aux_2: 0.1228 (0.1297)  loss_bbox_dn_0: 0.0638 (0.0611)  loss_bbox_dn_1: 0.0523 (0.0508)  loss_bbox_dn_2: 0.0519 (0.0492)  loss_giou: 0.9872 (1.0548)  loss_giou_aux_0: 1.0097 (1.0903)  loss_giou_aux_1: 1.0005 (1.0679)  loss_giou_aux_2: 1.0732 (1.1587)  loss_giou_dn_0: 0.8038 (0.8298)  loss_giou_dn_1: 0.7147 (0.7436)  loss_giou_dn_2: 0.6979 (0.7316)  loss_vfl: 0.5249 (0.5069)  loss_vfl_aux_0: 0.5232 (0.5098)  loss_vfl_aux_1: 0.5310 (0.5103)  loss_vfl_aux_2: 0.5016 (0.4870)  loss_vfl_dn_0: 0.4797 (0.4756)  loss_vfl_dn_1: 0.4639 (0.4603)  loss_vfl_dn_2: 0.4589 (0.4566)  time: 0.9315  data: 0.0351  max mem: 8526
Epoch: [21]  [200/809]  eta: 0:09:52  lr: 0.000100  loss: 10.6561 (10.6904)  loss_bbox: 0.0995 (0.1076)  loss_bbox_aux_0: 0.1036 (0.1139)  loss_bbox_aux_1: 0.1008 (0.1090)  loss_bbox_aux_2: 0.1176 (0.1282)  loss_bbox_dn_0: 0.0563 (0.0615)  loss_bbox_dn_1: 0.0474 (0.0510)  loss_bbox_dn_2: 0.0450 (0.0495)  loss_giou: 1.0020 (1.0500)  loss_giou_aux_0: 1.0652 (1.0842)  loss_giou_aux_1: 1.0201 (1.0626)  loss_giou_aux_2: 1.1222 (1.1540)  loss_giou_dn_0: 0.8131 (0.8276)  loss_giou_dn_1: 0.7305 (0.7417)  loss_giou_dn_2: 0.7178 (0.7303)  loss_vfl: 0.4884 (0.5093)  loss_vfl_aux_0: 0.4923 (0.5126)  loss_vfl_aux_1: 0.4934 (0.5126)  loss_vfl_aux_2: 0.4650 (0.4913)  loss_vfl_dn_0: 0.4780 (0.4758)  loss_vfl_dn_1: 0.4591 (0.4610)  loss_vfl_dn_2: 0.4551 (0.4568)  time: 0.9267  data: 0.0349  max mem: 8526
Epoch: [21]  [300/809]  eta: 0:08:08  lr: 0.000100  loss: 10.3240 (10.6137)  loss_bbox: 0.0869 (0.1059)  loss_bbox_aux_0: 0.0930 (0.1121)  loss_bbox_aux_1: 0.0913 (0.1073)  loss_bbox_aux_2: 0.1156 (0.1268)  loss_bbox_dn_0: 0.0647 (0.0619)  loss_bbox_dn_1: 0.0540 (0.0513)  loss_bbox_dn_2: 0.0539 (0.0498)  loss_giou: 0.8632 (1.0314)  loss_giou_aux_0: 0.8925 (1.0658)  loss_giou_aux_1: 0.8740 (1.0442)  loss_giou_aux_2: 0.9688 (1.1367)  loss_giou_dn_0: 0.7801 (0.8194)  loss_giou_dn_1: 0.7095 (0.7340)  loss_giou_dn_2: 0.6995 (0.7224)  loss_vfl: 0.5337 (0.5150)  loss_vfl_aux_0: 0.5413 (0.5179)  loss_vfl_aux_1: 0.5396 (0.5186)  loss_vfl_aux_2: 0.5254 (0.4975)  loss_vfl_dn_0: 0.4863 (0.4772)  loss_vfl_dn_1: 0.4657 (0.4614)  loss_vfl_dn_2: 0.4600 (0.4573)  time: 0.9123  data: 0.0361  max mem: 8526
Epoch: [21]  [400/809]  eta: 0:06:30  lr: 0.000100  loss: 10.5113 (10.6481)  loss_bbox: 0.0964 (0.1070)  loss_bbox_aux_0: 0.1032 (0.1135)  loss_bbox_aux_1: 0.0976 (0.1086)  loss_bbox_aux_2: 0.1162 (0.1283)  loss_bbox_dn_0: 0.0564 (0.0617)  loss_bbox_dn_1: 0.0475 (0.0512)  loss_bbox_dn_2: 0.0465 (0.0497)  loss_giou: 1.0233 (1.0400)  loss_giou_aux_0: 1.0618 (1.0748)  loss_giou_aux_1: 1.0376 (1.0528)  loss_giou_aux_2: 1.1499 (1.1447)  loss_giou_dn_0: 0.8072 (0.8216)  loss_giou_dn_1: 0.7288 (0.7368)  loss_giou_dn_2: 0.7267 (0.7254)  loss_vfl: 0.5151 (0.5124)  loss_vfl_aux_0: 0.5132 (0.5152)  loss_vfl_aux_1: 0.5209 (0.5156)  loss_vfl_aux_2: 0.4795 (0.4945)  loss_vfl_dn_0: 0.4785 (0.4765)  loss_vfl_dn_1: 0.4623 (0.4609)  loss_vfl_dn_2: 0.4552 (0.4567)  time: 0.9347  data: 0.0384  max mem: 8526
Epoch: [21]  [500/809]  eta: 0:04:53  lr: 0.000100  loss: 10.2599 (10.6227)  loss_bbox: 0.0870 (0.1057)  loss_bbox_aux_0: 0.0896 (0.1120)  loss_bbox_aux_1: 0.0863 (0.1072)  loss_bbox_aux_2: 0.1022 (0.1266)  loss_bbox_dn_0: 0.0602 (0.0617)  loss_bbox_dn_1: 0.0489 (0.0511)  loss_bbox_dn_2: 0.0482 (0.0496)  loss_giou: 0.9697 (1.0361)  loss_giou_aux_0: 1.0028 (1.0702)  loss_giou_aux_1: 0.9819 (1.0483)  loss_giou_aux_2: 1.0814 (1.1397)  loss_giou_dn_0: 0.8221 (0.8221)  loss_giou_dn_1: 0.7421 (0.7373)  loss_giou_dn_2: 0.7282 (0.7260)  loss_vfl: 0.5148 (0.5117)  loss_vfl_aux_0: 0.5073 (0.5151)  loss_vfl_aux_1: 0.5134 (0.5152)  loss_vfl_aux_2: 0.4921 (0.4952)  loss_vfl_dn_0: 0.4797 (0.4758)  loss_vfl_dn_1: 0.4595 (0.4602)  loss_vfl_dn_2: 0.4518 (0.4559)  time: 0.9519  data: 0.0376  max mem: 8526
Epoch: [21]  [600/809]  eta: 0:03:17  lr: 0.000100  loss: 10.3949 (10.6394)  loss_bbox: 0.0987 (0.1066)  loss_bbox_aux_0: 0.1094 (0.1129)  loss_bbox_aux_1: 0.1034 (0.1081)  loss_bbox_aux_2: 0.1207 (0.1270)  loss_bbox_dn_0: 0.0598 (0.0617)  loss_bbox_dn_1: 0.0482 (0.0511)  loss_bbox_dn_2: 0.0469 (0.0497)  loss_giou: 0.9973 (1.0391)  loss_giou_aux_0: 1.0139 (1.0731)  loss_giou_aux_1: 0.9959 (1.0511)  loss_giou_aux_2: 1.1114 (1.1422)  loss_giou_dn_0: 0.8168 (0.8245)  loss_giou_dn_1: 0.7487 (0.7393)  loss_giou_dn_2: 0.7377 (0.7281)  loss_vfl: 0.4718 (0.5115)  loss_vfl_aux_0: 0.5049 (0.5146)  loss_vfl_aux_1: 0.4829 (0.5151)  loss_vfl_aux_2: 0.4839 (0.4944)  loss_vfl_dn_0: 0.4683 (0.4748)  loss_vfl_dn_1: 0.4493 (0.4594)  loss_vfl_dn_2: 0.4459 (0.4553)  time: 0.9404  data: 0.0364  max mem: 8526
Epoch: [21]  [700/809]  eta: 0:01:43  lr: 0.000100  loss: 10.4419 (10.6391)  loss_bbox: 0.0883 (0.1065)  loss_bbox_aux_0: 0.0931 (0.1128)  loss_bbox_aux_1: 0.0890 (0.1080)  loss_bbox_aux_2: 0.1134 (0.1269)  loss_bbox_dn_0: 0.0517 (0.0615)  loss_bbox_dn_1: 0.0424 (0.0510)  loss_bbox_dn_2: 0.0409 (0.0495)  loss_giou: 0.9953 (1.0397)  loss_giou_aux_0: 1.0446 (1.0740)  loss_giou_aux_1: 1.0171 (1.0516)  loss_giou_aux_2: 1.1166 (1.1432)  loss_giou_dn_0: 0.8127 (0.8238)  loss_giou_dn_1: 0.7432 (0.7389)  loss_giou_dn_2: 0.7251 (0.7278)  loss_vfl: 0.5111 (0.5112)  loss_vfl_aux_0: 0.5114 (0.5145)  loss_vfl_aux_1: 0.5160 (0.5148)  loss_vfl_aux_2: 0.4995 (0.4940)  loss_vfl_dn_0: 0.4720 (0.4746)  loss_vfl_dn_1: 0.4562 (0.4593)  loss_vfl_dn_2: 0.4491 (0.4552)  time: 0.9813  data: 0.0384  max mem: 8526
Epoch: [21]  [800/809]  eta: 0:00:08  lr: 0.000100  loss: 10.3445 (10.6444)  loss_bbox: 0.0979 (0.1067)  loss_bbox_aux_0: 0.1098 (0.1131)  loss_bbox_aux_1: 0.1020 (0.1083)  loss_bbox_aux_2: 0.1268 (0.1272)  loss_bbox_dn_0: 0.0529 (0.0611)  loss_bbox_dn_1: 0.0460 (0.0507)  loss_bbox_dn_2: 0.0451 (0.0493)  loss_giou: 1.0170 (1.0420)  loss_giou_aux_0: 1.0264 (1.0759)  loss_giou_aux_1: 1.0210 (1.0540)  loss_giou_aux_2: 1.0910 (1.1449)  loss_giou_dn_0: 0.8174 (0.8248)  loss_giou_dn_1: 0.7190 (0.7397)  loss_giou_dn_2: 0.7049 (0.7286)  loss_vfl: 0.5100 (0.5098)  loss_vfl_aux_0: 0.4854 (0.5132)  loss_vfl_aux_1: 0.4995 (0.5133)  loss_vfl_aux_2: 0.4675 (0.4927)  loss_vfl_dn_0: 0.4675 (0.4745)  loss_vfl_dn_1: 0.4564 (0.4594)  loss_vfl_dn_2: 0.4532 (0.4553)  time: 0.9278  data: 0.0387  max mem: 8526
Epoch: [21]  [808/809]  eta: 0:00:00  lr: 0.000100  loss: 10.6900 (10.6493)  loss_bbox: 0.1105 (0.1071)  loss_bbox_aux_0: 0.1197 (0.1135)  loss_bbox_aux_1: 0.1089 (0.1087)  loss_bbox_aux_2: 0.1348 (0.1276)  loss_bbox_dn_0: 0.0600 (0.0612)  loss_bbox_dn_1: 0.0511 (0.0508)  loss_bbox_dn_2: 0.0489 (0.0494)  loss_giou: 1.0575 (1.0429)  loss_giou_aux_0: 1.1008 (1.0768)  loss_giou_aux_1: 1.0840 (1.0550)  loss_giou_aux_2: 1.1711 (1.1457)  loss_giou_dn_0: 0.8233 (0.8250)  loss_giou_dn_1: 0.7260 (0.7400)  loss_giou_dn_2: 0.7092 (0.7288)  loss_vfl: 0.4778 (0.5095)  loss_vfl_aux_0: 0.4843 (0.5129)  loss_vfl_aux_1: 0.4868 (0.5130)  loss_vfl_aux_2: 0.4852 (0.4926)  loss_vfl_dn_0: 0.4675 (0.4744)  loss_vfl_dn_1: 0.4548 (0.4593)  loss_vfl_dn_2: 0.4476 (0.4553)  time: 0.7747  data: 0.0327  max mem: 8526
Epoch: [21] Total time: 0:12:39 (0.9391 s / it)
Averaged stats: lr: 0.000100  loss: 10.6900 (10.6493)  loss_bbox: 0.1105 (0.1071)  loss_bbox_aux_0: 0.1197 (0.1135)  loss_bbox_aux_1: 0.1089 (0.1087)  loss_bbox_aux_2: 0.1348 (0.1276)  loss_bbox_dn_0: 0.0600 (0.0612)  loss_bbox_dn_1: 0.0511 (0.0508)  loss_bbox_dn_2: 0.0489 (0.0494)  loss_giou: 1.0575 (1.0429)  loss_giou_aux_0: 1.1008 (1.0768)  loss_giou_aux_1: 1.0840 (1.0550)  loss_giou_aux_2: 1.1711 (1.1457)  loss_giou_dn_0: 0.8233 (0.8250)  loss_giou_dn_1: 0.7260 (0.7400)  loss_giou_dn_2: 0.7092 (0.7288)  loss_vfl: 0.4778 (0.5095)  loss_vfl_aux_0: 0.4843 (0.5129)  loss_vfl_aux_1: 0.4868 (0.5130)  loss_vfl_aux_2: 0.4852 (0.4926)  loss_vfl_dn_0: 0.4675 (0.4744)  loss_vfl_dn_1: 0.4548 (0.4593)  loss_vfl_dn_2: 0.4476 (0.4553)
Test:  [ 0/69]  eta: 0:01:24    time: 1.2200  data: 0.6298  max mem: 8526
Test:  [10/69]  eta: 0:00:40    time: 0.6844  data: 0.0754  max mem: 8526
Test:  [20/69]  eta: 0:00:33    time: 0.6513  data: 0.0200  max mem: 8526
Test:  [30/69]  eta: 0:00:25    time: 0.6404  data: 0.0206  max mem: 8526
Test:  [40/69]  eta: 0:00:18    time: 0.5881  data: 0.0210  max mem: 8526
Test:  [50/69]  eta: 0:00:11    time: 0.5834  data: 0.0206  max mem: 8526
Test:  [60/69]  eta: 0:00:05    time: 0.5724  data: 0.0207  max mem: 8526
Test:  [68/69]  eta: 0:00:00    time: 0.5514  data: 0.0195  max mem: 8526
Test: Total time: 0:00:42 (0.6110 s / it)
Averaged stats: 
Accumulating evaluation results...
DONE (t=1.98s).
IoU metric: bbox
 Average Precision  (AP) @[ IoU=0.50:0.95 | area=   all | maxDets=100 ] = 0.183
 Average Precision  (AP) @[ IoU=0.50      | area=   all | maxDets=100 ] = 0.308
 Average Precision  (AP) @[ IoU=0.75      | area=   all | maxDets=100 ] = 0.186
 Average Precision  (AP) @[ IoU=0.50:0.95 | area= small | maxDets=100 ] = 0.115
 Average Precision  (AP) @[ IoU=0.50:0.95 | area=medium | maxDets=100 ] = 0.260
 Average Precision  (AP) @[ IoU=0.50:0.95 | area= large | maxDets=100 ] = 0.353
 Average Recall     (AR) @[ IoU=0.50:0.95 | area=   all | maxDets=  1 ] = 0.085
 Average Recall     (AR) @[ IoU=0.50:0.95 | area=   all | maxDets= 10 ] = 0.247
 Average Recall     (AR) @[ IoU=0.50:0.95 | area=   all | maxDets=100 ] = 0.339
 Average Recall     (AR) @[ IoU=0.50:0.95 | area= small | maxDets=100 ] = 0.250
 Average Recall     (AR) @[ IoU=0.50:0.95 | area=medium | maxDets=100 ] = 0.453
 Average Recall     (AR) @[ IoU=0.50:0.95 | area= large | maxDets=100 ] = 0.549
best_stat:  {'epoch': 21, 'coco_eval_bbox': 0.1832462612842527}
Epoch: [22]  [  0/809]  eta: 1:15:20  lr: 0.000100  loss: 10.0537 (10.0537)  loss_bbox: 0.0944 (0.0944)  loss_bbox_aux_0: 0.0995 (0.0995)  loss_bbox_aux_1: 0.0966 (0.0966)  loss_bbox_aux_2: 0.1175 (0.1175)  loss_bbox_dn_0: 0.0680 (0.0680)  loss_bbox_dn_1: 0.0559 (0.0559)  loss_bbox_dn_2: 0.0544 (0.0544)  loss_giou: 0.9157 (0.9157)  loss_giou_aux_0: 0.9454 (0.9454)  loss_giou_aux_1: 0.9268 (0.9268)  loss_giou_aux_2: 1.0375 (1.0375)  loss_giou_dn_0: 0.7912 (0.7912)  loss_giou_dn_1: 0.7017 (0.7017)  loss_giou_dn_2: 0.6875 (0.6875)  loss_vfl: 0.5116 (0.5116)  loss_vfl_aux_0: 0.5172 (0.5172)  loss_vfl_aux_1: 0.5172 (0.5172)  loss_vfl_aux_2: 0.4843 (0.4843)  loss_vfl_dn_0: 0.4918 (0.4918)  loss_vfl_dn_1: 0.4718 (0.4718)  loss_vfl_dn_2: 0.4677 (0.4677)  time: 5.5874  data: 2.7751  max mem: 8526
Epoch: [22]  [100/809]  eta: 0:11:45  lr: 0.000100  loss: 10.4638 (10.6698)  loss_bbox: 0.0939 (0.1046)  loss_bbox_aux_0: 0.1021 (0.1111)  loss_bbox_aux_1: 0.0937 (0.1058)  loss_bbox_aux_2: 0.1140 (0.1253)  loss_bbox_dn_0: 0.0572 (0.0591)  loss_bbox_dn_1: 0.0473 (0.0491)  loss_bbox_dn_2: 0.0466 (0.0478)  loss_giou: 1.0118 (1.0573)  loss_giou_aux_0: 1.0476 (1.0930)  loss_giou_aux_1: 1.0249 (1.0696)  loss_giou_aux_2: 1.1169 (1.1631)  loss_giou_dn_0: 0.8236 (0.8308)  loss_giou_dn_1: 0.7296 (0.7469)  loss_giou_dn_2: 0.7125 (0.7357)  loss_vfl: 0.5114 (0.4981)  loss_vfl_aux_0: 0.5181 (0.4997)  loss_vfl_aux_1: 0.5179 (0.5018)  loss_vfl_aux_2: 0.5037 (0.4826)  loss_vfl_dn_0: 0.4698 (0.4739)  loss_vfl_dn_1: 0.4559 (0.4588)  loss_vfl_dn_2: 0.4531 (0.4557)  time: 0.9451  data: 0.0367  max mem: 8526
Epoch: [22]  [200/809]  eta: 0:09:49  lr: 0.000100  loss: 10.4270 (10.5824)  loss_bbox: 0.0891 (0.1033)  loss_bbox_aux_0: 0.0926 (0.1092)  loss_bbox_aux_1: 0.0914 (0.1046)  loss_bbox_aux_2: 0.1097 (0.1227)  loss_bbox_dn_0: 0.0555 (0.0599)  loss_bbox_dn_1: 0.0423 (0.0498)  loss_bbox_dn_2: 0.0405 (0.0485)  loss_giou: 0.9380 (1.0335)  loss_giou_aux_0: 0.9691 (1.0667)  loss_giou_aux_1: 0.9503 (1.0451)  loss_giou_aux_2: 1.0668 (1.1351)  loss_giou_dn_0: 0.7758 (0.8225)  loss_giou_dn_1: 0.6987 (0.7384)  loss_giou_dn_2: 0.6812 (0.7273)  loss_vfl: 0.5330 (0.5067)  loss_vfl_aux_0: 0.5537 (0.5123)  loss_vfl_aux_1: 0.5418 (0.5114)  loss_vfl_aux_2: 0.5212 (0.4959)  loss_vfl_dn_0: 0.4824 (0.4747)  loss_vfl_dn_1: 0.4628 (0.4592)  loss_vfl_dn_2: 0.4561 (0.4554)  time: 0.9997  data: 0.0408  max mem: 8526
Epoch: [22]  [300/809]  eta: 0:08:07  lr: 0.000100  loss: 10.5572 (10.5622)  loss_bbox: 0.0964 (0.1034)  loss_bbox_aux_0: 0.1070 (0.1093)  loss_bbox_aux_1: 0.0976 (0.1048)  loss_bbox_aux_2: 0.1261 (0.1236)  loss_bbox_dn_0: 0.0620 (0.0612)  loss_bbox_dn_1: 0.0538 (0.0508)  loss_bbox_dn_2: 0.0524 (0.0494)  loss_giou: 0.9064 (1.0260)  loss_giou_aux_0: 0.9630 (1.0610)  loss_giou_aux_1: 0.9157 (1.0375)  loss_giou_aux_2: 1.1081 (1.1333)  loss_giou_dn_0: 0.8190 (0.8210)  loss_giou_dn_1: 0.7298 (0.7356)  loss_giou_dn_2: 0.7083 (0.7242)  loss_vfl: 0.5660 (0.5092)  loss_vfl_aux_0: 0.5581 (0.5138)  loss_vfl_aux_1: 0.5837 (0.5139)  loss_vfl_aux_2: 0.5183 (0.4950)  loss_vfl_dn_0: 0.4780 (0.4746)  loss_vfl_dn_1: 0.4668 (0.4594)  loss_vfl_dn_2: 0.4604 (0.4554)  time: 0.9396  data: 0.0404  max mem: 8526
Epoch: [22]  [400/809]  eta: 0:06:30  lr: 0.000100  loss: 10.5152 (10.5780)  loss_bbox: 0.0950 (0.1031)  loss_bbox_aux_0: 0.1000 (0.1092)  loss_bbox_aux_1: 0.0973 (0.1045)  loss_bbox_aux_2: 0.1131 (0.1234)  loss_bbox_dn_0: 0.0559 (0.0607)  loss_bbox_dn_1: 0.0456 (0.0505)  loss_bbox_dn_2: 0.0450 (0.0491)  loss_giou: 1.0379 (1.0316)  loss_giou_aux_0: 1.0558 (1.0667)  loss_giou_aux_1: 1.0532 (1.0427)  loss_giou_aux_2: 1.1055 (1.1387)  loss_giou_dn_0: 0.8362 (0.8220)  loss_giou_dn_1: 0.7587 (0.7372)  loss_giou_dn_2: 0.7522 (0.7260)  loss_vfl: 0.4957 (0.5077)  loss_vfl_aux_0: 0.4926 (0.5124)  loss_vfl_aux_1: 0.5092 (0.5124)  loss_vfl_aux_2: 0.4583 (0.4929)  loss_vfl_dn_0: 0.4653 (0.4740)  loss_vfl_dn_1: 0.4512 (0.4586)  loss_vfl_dn_2: 0.4430 (0.4545)  time: 0.9825  data: 0.0358  max mem: 8526
Epoch: [22]  [500/809]  eta: 0:04:53  lr: 0.000100  loss: 10.8262 (10.5959)  loss_bbox: 0.1125 (0.1044)  loss_bbox_aux_0: 0.1243 (0.1104)  loss_bbox_aux_1: 0.1139 (0.1057)  loss_bbox_aux_2: 0.1398 (0.1247)  loss_bbox_dn_0: 0.0619 (0.0611)  loss_bbox_dn_1: 0.0528 (0.0507)  loss_bbox_dn_2: 0.0512 (0.0493)  loss_giou: 1.0795 (1.0338)  loss_giou_aux_0: 1.1033 (1.0691)  loss_giou_aux_1: 1.0827 (1.0452)  loss_giou_aux_2: 1.1791 (1.1395)  loss_giou_dn_0: 0.8455 (0.8225)  loss_giou_dn_1: 0.7632 (0.7366)  loss_giou_dn_2: 0.7533 (0.7255)  loss_vfl: 0.4670 (0.5089)  loss_vfl_aux_0: 0.4671 (0.5134)  loss_vfl_aux_1: 0.4659 (0.5131)  loss_vfl_aux_2: 0.4618 (0.4937)  loss_vfl_dn_0: 0.4769 (0.4743)  loss_vfl_dn_1: 0.4559 (0.4590)  loss_vfl_dn_2: 0.4485 (0.4549)  time: 0.9145  data: 0.0414  max mem: 8526
Epoch: [22]  [600/809]  eta: 0:03:16  lr: 0.000100  loss: 10.7426 (10.6075)  loss_bbox: 0.1075 (0.1045)  loss_bbox_aux_0: 0.1094 (0.1106)  loss_bbox_aux_1: 0.1089 (0.1059)  loss_bbox_aux_2: 0.1140 (0.1248)  loss_bbox_dn_0: 0.0494 (0.0608)  loss_bbox_dn_1: 0.0406 (0.0505)  loss_bbox_dn_2: 0.0403 (0.0491)  loss_giou: 1.0923 (1.0368)  loss_giou_aux_0: 1.1001 (1.0727)  loss_giou_aux_1: 1.0987 (1.0482)  loss_giou_aux_2: 1.1575 (1.1425)  loss_giou_dn_0: 0.8609 (0.8231)  loss_giou_dn_1: 0.7848 (0.7373)  loss_giou_dn_2: 0.7892 (0.7263)  loss_vfl: 0.4386 (0.5085)  loss_vfl_aux_0: 0.4338 (0.5125)  loss_vfl_aux_1: 0.4291 (0.5126)  loss_vfl_aux_2: 0.4314 (0.4930)  loss_vfl_dn_0: 0.4672 (0.4741)  loss_vfl_dn_1: 0.4536 (0.4589)  loss_vfl_dn_2: 0.4489 (0.4548)  time: 0.9283  data: 0.0358  max mem: 8526
Epoch: [22]  [700/809]  eta: 0:01:42  lr: 0.000100  loss: 10.3935 (10.6026)  loss_bbox: 0.0984 (0.1046)  loss_bbox_aux_0: 0.1032 (0.1106)  loss_bbox_aux_1: 0.1000 (0.1060)  loss_bbox_aux_2: 0.1208 (0.1247)  loss_bbox_dn_0: 0.0577 (0.0606)  loss_bbox_dn_1: 0.0479 (0.0503)  loss_bbox_dn_2: 0.0468 (0.0489)  loss_giou: 0.9863 (1.0378)  loss_giou_aux_0: 1.0182 (1.0733)  loss_giou_aux_1: 0.9962 (1.0491)  loss_giou_aux_2: 1.0623 (1.1429)  loss_giou_dn_0: 0.7969 (0.8217)  loss_giou_dn_1: 0.7174 (0.7363)  loss_giou_dn_2: 0.7042 (0.7253)  loss_vfl: 0.5066 (0.5075)  loss_vfl_aux_0: 0.5417 (0.5118)  loss_vfl_aux_1: 0.5286 (0.5118)  loss_vfl_aux_2: 0.5070 (0.4923)  loss_vfl_dn_0: 0.4714 (0.4740)  loss_vfl_dn_1: 0.4589 (0.4587)  loss_vfl_dn_2: 0.4543 (0.4546)  time: 0.9263  data: 0.0354  max mem: 8526
Epoch: [22]  [800/809]  eta: 0:00:08  lr: 0.000100  loss: 10.3723 (10.5961)  loss_bbox: 0.1012 (0.1050)  loss_bbox_aux_0: 0.1053 (0.1110)  loss_bbox_aux_1: 0.1014 (0.1063)  loss_bbox_aux_2: 0.1180 (0.1251)  loss_bbox_dn_0: 0.0538 (0.0607)  loss_bbox_dn_1: 0.0455 (0.0503)  loss_bbox_dn_2: 0.0449 (0.0489)  loss_giou: 0.9819 (1.0371)  loss_giou_aux_0: 1.0157 (1.0726)  loss_giou_aux_1: 0.9997 (1.0485)  loss_giou_aux_2: 1.0988 (1.1417)  loss_giou_dn_0: 0.8144 (0.8209)  loss_giou_dn_1: 0.7279 (0.7354)  loss_giou_dn_2: 0.7241 (0.7243)  loss_vfl: 0.5048 (0.5070)  loss_vfl_aux_0: 0.5000 (0.5112)  loss_vfl_aux_1: 0.5032 (0.5111)  loss_vfl_aux_2: 0.4838 (0.4920)  loss_vfl_dn_0: 0.4730 (0.4740)  loss_vfl_dn_1: 0.4579 (0.4586)  loss_vfl_dn_2: 0.4567 (0.4544)  time: 0.9429  data: 0.0381  max mem: 8526
Epoch: [22]  [808/809]  eta: 0:00:00  lr: 0.000100  loss: 10.3382 (10.5928)  loss_bbox: 0.0911 (0.1049)  loss_bbox_aux_0: 0.0978 (0.1108)  loss_bbox_aux_1: 0.0918 (0.1061)  loss_bbox_aux_2: 0.1087 (0.1249)  loss_bbox_dn_0: 0.0588 (0.0607)  loss_bbox_dn_1: 0.0459 (0.0503)  loss_bbox_dn_2: 0.0452 (0.0489)  loss_giou: 0.9807 (1.0363)  loss_giou_aux_0: 1.0157 (1.0719)  loss_giou_aux_1: 0.9997 (1.0477)  loss_giou_aux_2: 1.0988 (1.1410)  loss_giou_dn_0: 0.8027 (0.8206)  loss_giou_dn_1: 0.7141 (0.7351)  loss_giou_dn_2: 0.7038 (0.7241)  loss_vfl: 0.5052 (0.5073)  loss_vfl_aux_0: 0.5157 (0.5114)  loss_vfl_aux_1: 0.5131 (0.5114)  loss_vfl_aux_2: 0.4980 (0.4922)  loss_vfl_dn_0: 0.4722 (0.4741)  loss_vfl_dn_1: 0.4579 (0.4587)  loss_vfl_dn_2: 0.4557 (0.4545)  time: 0.8016  data: 0.0268  max mem: 8526
Epoch: [22] Total time: 0:12:39 (0.9392 s / it)
Averaged stats: lr: 0.000100  loss: 10.3382 (10.5928)  loss_bbox: 0.0911 (0.1049)  loss_bbox_aux_0: 0.0978 (0.1108)  loss_bbox_aux_1: 0.0918 (0.1061)  loss_bbox_aux_2: 0.1087 (0.1249)  loss_bbox_dn_0: 0.0588 (0.0607)  loss_bbox_dn_1: 0.0459 (0.0503)  loss_bbox_dn_2: 0.0452 (0.0489)  loss_giou: 0.9807 (1.0363)  loss_giou_aux_0: 1.0157 (1.0719)  loss_giou_aux_1: 0.9997 (1.0477)  loss_giou_aux_2: 1.0988 (1.1410)  loss_giou_dn_0: 0.8027 (0.8206)  loss_giou_dn_1: 0.7141 (0.7351)  loss_giou_dn_2: 0.7038 (0.7241)  loss_vfl: 0.5052 (0.5073)  loss_vfl_aux_0: 0.5157 (0.5114)  loss_vfl_aux_1: 0.5131 (0.5114)  loss_vfl_aux_2: 0.4980 (0.4922)  loss_vfl_dn_0: 0.4722 (0.4741)  loss_vfl_dn_1: 0.4579 (0.4587)  loss_vfl_dn_2: 0.4557 (0.4545)
Test:  [ 0/69]  eta: 0:01:41    time: 1.4763  data: 0.8239  max mem: 8526
Test:  [10/69]  eta: 0:00:41    time: 0.7088  data: 0.0926  max mem: 8526
Test:  [20/69]  eta: 0:00:33    time: 0.6484  data: 0.0206  max mem: 8526
Test:  [30/69]  eta: 0:00:25    time: 0.6281  data: 0.0209  max mem: 8526
Test:  [40/69]  eta: 0:00:18    time: 0.5974  data: 0.0217  max mem: 8526
Test:  [50/69]  eta: 0:00:11    time: 0.5598  data: 0.0224  max mem: 8526
Test:  [60/69]  eta: 0:00:05    time: 0.5712  data: 0.0212  max mem: 8526
Test:  [68/69]  eta: 0:00:00    time: 0.5975  data: 0.0191  max mem: 8526
Test: Total time: 0:00:42 (0.6177 s / it)
Averaged stats: 
Accumulating evaluation results...
DONE (t=1.93s).
IoU metric: bbox
 Average Precision  (AP) @[ IoU=0.50:0.95 | area=   all | maxDets=100 ] = 0.185
 Average Precision  (AP) @[ IoU=0.50      | area=   all | maxDets=100 ] = 0.311
 Average Precision  (AP) @[ IoU=0.75      | area=   all | maxDets=100 ] = 0.187
 Average Precision  (AP) @[ IoU=0.50:0.95 | area= small | maxDets=100 ] = 0.116
 Average Precision  (AP) @[ IoU=0.50:0.95 | area=medium | maxDets=100 ] = 0.261
 Average Precision  (AP) @[ IoU=0.50:0.95 | area= large | maxDets=100 ] = 0.359
 Average Recall     (AR) @[ IoU=0.50:0.95 | area=   all | maxDets=  1 ] = 0.086
 Average Recall     (AR) @[ IoU=0.50:0.95 | area=   all | maxDets= 10 ] = 0.249
 Average Recall     (AR) @[ IoU=0.50:0.95 | area=   all | maxDets=100 ] = 0.341
 Average Recall     (AR) @[ IoU=0.50:0.95 | area= small | maxDets=100 ] = 0.251
 Average Recall     (AR) @[ IoU=0.50:0.95 | area=medium | maxDets=100 ] = 0.453
 Average Recall     (AR) @[ IoU=0.50:0.95 | area= large | maxDets=100 ] = 0.572
best_stat:  {'epoch': 22, 'coco_eval_bbox': 0.18473932712481458}
Epoch: [23]  [  0/809]  eta: 1:10:33  lr: 0.000100  loss: 11.4142 (11.4142)  loss_bbox: 0.1391 (0.1391)  loss_bbox_aux_0: 0.1437 (0.1437)  loss_bbox_aux_1: 0.1433 (0.1433)  loss_bbox_aux_2: 0.1561 (0.1561)  loss_bbox_dn_0: 0.0647 (0.0647)  loss_bbox_dn_1: 0.0546 (0.0546)  loss_bbox_dn_2: 0.0527 (0.0527)  loss_giou: 1.2087 (1.2087)  loss_giou_aux_0: 1.2217 (1.2217)  loss_giou_aux_1: 1.2090 (1.2090)  loss_giou_aux_2: 1.2852 (1.2852)  loss_giou_dn_0: 0.8081 (0.8081)  loss_giou_dn_1: 0.7264 (0.7264)  loss_giou_dn_2: 0.7222 (0.7222)  loss_vfl: 0.5103 (0.5103)  loss_vfl_aux_0: 0.5144 (0.5144)  loss_vfl_aux_1: 0.5239 (0.5239)  loss_vfl_aux_2: 0.4829 (0.4829)  loss_vfl_dn_0: 0.4945 (0.4945)  loss_vfl_dn_1: 0.4814 (0.4814)  loss_vfl_dn_2: 0.4713 (0.4713)  time: 5.2336  data: 3.0463  max mem: 8526
Epoch: [23]  [100/809]  eta: 0:11:36  lr: 0.000100  loss: 10.1351 (10.4493)  loss_bbox: 0.0844 (0.1046)  loss_bbox_aux_0: 0.0896 (0.1109)  loss_bbox_aux_1: 0.0858 (0.1062)  loss_bbox_aux_2: 0.1002 (0.1254)  loss_bbox_dn_0: 0.0570 (0.0630)  loss_bbox_dn_1: 0.0464 (0.0517)  loss_bbox_dn_2: 0.0451 (0.0499)  loss_giou: 0.9305 (0.9932)  loss_giou_aux_0: 0.9576 (1.0310)  loss_giou_aux_1: 0.9491 (1.0042)  loss_giou_aux_2: 1.0295 (1.1074)  loss_giou_dn_0: 0.8018 (0.8082)  loss_giou_dn_1: 0.7033 (0.7208)  loss_giou_dn_2: 0.6897 (0.7088)  loss_vfl: 0.5044 (0.5221)  loss_vfl_aux_0: 0.5187 (0.5258)  loss_vfl_aux_1: 0.5098 (0.5260)  loss_vfl_aux_2: 0.4930 (0.5052)  loss_vfl_dn_0: 0.4766 (0.4747)  loss_vfl_dn_1: 0.4606 (0.4573)  loss_vfl_dn_2: 0.4575 (0.4529)  time: 0.9207  data: 0.0424  max mem: 8526
Epoch: [23]  [200/809]  eta: 0:09:46  lr: 0.000100  loss: 10.5245 (10.4635)  loss_bbox: 0.0934 (0.1013)  loss_bbox_aux_0: 0.0982 (0.1067)  loss_bbox_aux_1: 0.0940 (0.1026)  loss_bbox_aux_2: 0.1142 (0.1204)  loss_bbox_dn_0: 0.0597 (0.0615)  loss_bbox_dn_1: 0.0520 (0.0507)  loss_bbox_dn_2: 0.0510 (0.0491)  loss_giou: 1.0009 (0.9935)  loss_giou_aux_0: 1.0371 (1.0287)  loss_giou_aux_1: 1.0113 (1.0047)  loss_giou_aux_2: 1.1050 (1.1018)  loss_giou_dn_0: 0.8168 (0.8098)  loss_giou_dn_1: 0.7309 (0.7231)  loss_giou_dn_2: 0.7227 (0.7114)  loss_vfl: 0.5574 (0.5289)  loss_vfl_aux_0: 0.5533 (0.5330)  loss_vfl_aux_1: 0.5618 (0.5329)  loss_vfl_aux_2: 0.5199 (0.5112)  loss_vfl_dn_0: 0.4822 (0.4773)  loss_vfl_dn_1: 0.4674 (0.4597)  loss_vfl_dn_2: 0.4661 (0.4552)  time: 0.9461  data: 0.0438  max mem: 8526
Epoch: [23]  [300/809]  eta: 0:08:09  lr: 0.000100  loss: 10.6889 (10.5257)  loss_bbox: 0.1000 (0.1034)  loss_bbox_aux_0: 0.1032 (0.1092)  loss_bbox_aux_1: 0.1020 (0.1049)  loss_bbox_aux_2: 0.1151 (0.1225)  loss_bbox_dn_0: 0.0620 (0.0610)  loss_bbox_dn_1: 0.0522 (0.0505)  loss_bbox_dn_2: 0.0507 (0.0490)  loss_giou: 1.0214 (1.0114)  loss_giou_aux_0: 1.0553 (1.0460)  loss_giou_aux_1: 1.0267 (1.0220)  loss_giou_aux_2: 1.1207 (1.1171)  loss_giou_dn_0: 0.8527 (0.8187)  loss_giou_dn_1: 0.7670 (0.7330)  loss_giou_dn_2: 0.7566 (0.7215)  loss_vfl: 0.5289 (0.5193)  loss_vfl_aux_0: 0.5342 (0.5231)  loss_vfl_aux_1: 0.5294 (0.5230)  loss_vfl_aux_2: 0.5088 (0.5017)  loss_vfl_dn_0: 0.4698 (0.4753)  loss_vfl_dn_1: 0.4570 (0.4588)  loss_vfl_dn_2: 0.4557 (0.4545)  time: 0.9762  data: 0.0429  max mem: 8526
Epoch: [23]  [400/809]  eta: 0:06:28  lr: 0.000100  loss: 10.0030 (10.5355)  loss_bbox: 0.0966 (0.1039)  loss_bbox_aux_0: 0.1034 (0.1100)  loss_bbox_aux_1: 0.0996 (0.1055)  loss_bbox_aux_2: 0.1181 (0.1235)  loss_bbox_dn_0: 0.0634 (0.0613)  loss_bbox_dn_1: 0.0507 (0.0507)  loss_bbox_dn_2: 0.0508 (0.0492)  loss_giou: 0.8734 (1.0144)  loss_giou_aux_0: 0.9009 (1.0488)  loss_giou_aux_1: 0.8909 (1.0249)  loss_giou_aux_2: 0.9826 (1.1194)  loss_giou_dn_0: 0.7711 (0.8176)  loss_giou_dn_1: 0.6810 (0.7313)  loss_giou_dn_2: 0.6710 (0.7200)  loss_vfl: 0.5413 (0.5186)  loss_vfl_aux_0: 0.5359 (0.5226)  loss_vfl_aux_1: 0.5461 (0.5223)  loss_vfl_aux_2: 0.5435 (0.5015)  loss_vfl_dn_0: 0.4724 (0.4756)  loss_vfl_dn_1: 0.4618 (0.4594)  loss_vfl_dn_2: 0.4554 (0.4551)  time: 0.9021  data: 0.0298  max mem: 8526
Epoch: [23]  [500/809]  eta: 0:04:52  lr: 0.000100  loss: 10.3008 (10.5262)  loss_bbox: 0.0936 (0.1040)  loss_bbox_aux_0: 0.0998 (0.1102)  loss_bbox_aux_1: 0.0950 (0.1057)  loss_bbox_aux_2: 0.1139 (0.1236)  loss_bbox_dn_0: 0.0610 (0.0615)  loss_bbox_dn_1: 0.0529 (0.0509)  loss_bbox_dn_2: 0.0523 (0.0495)  loss_giou: 1.0035 (1.0137)  loss_giou_aux_0: 1.0317 (1.0479)  loss_giou_aux_1: 1.0151 (1.0244)  loss_giou_aux_2: 1.1056 (1.1182)  loss_giou_dn_0: 0.8081 (0.8151)  loss_giou_dn_1: 0.7270 (0.7295)  loss_giou_dn_2: 0.7158 (0.7184)  loss_vfl: 0.5320 (0.5184)  loss_vfl_aux_0: 0.5051 (0.5228)  loss_vfl_aux_1: 0.5200 (0.5220)  loss_vfl_aux_2: 0.4785 (0.5015)  loss_vfl_dn_0: 0.4738 (0.4752)  loss_vfl_dn_1: 0.4587 (0.4591)  loss_vfl_dn_2: 0.4521 (0.4547)  time: 0.8879  data: 0.0339  max mem: 8526
Epoch: [23]  [600/809]  eta: 0:03:16  lr: 0.000100  loss: 10.5360 (10.5404)  loss_bbox: 0.1001 (0.1057)  loss_bbox_aux_0: 0.1041 (0.1121)  loss_bbox_aux_1: 0.0994 (0.1074)  loss_bbox_aux_2: 0.1232 (0.1255)  loss_bbox_dn_0: 0.0581 (0.0617)  loss_bbox_dn_1: 0.0488 (0.0511)  loss_bbox_dn_2: 0.0466 (0.0497)  loss_giou: 0.9976 (1.0171)  loss_giou_aux_0: 1.0590 (1.0520)  loss_giou_aux_1: 1.0216 (1.0286)  loss_giou_aux_2: 1.1103 (1.1210)  loss_giou_dn_0: 0.8190 (0.8151)  loss_giou_dn_1: 0.7481 (0.7293)  loss_giou_dn_2: 0.7395 (0.7182)  loss_vfl: 0.5148 (0.5167)  loss_vfl_aux_0: 0.5118 (0.5206)  loss_vfl_aux_1: 0.5189 (0.5202)  loss_vfl_aux_2: 0.4763 (0.4999)  loss_vfl_dn_0: 0.4707 (0.4749)  loss_vfl_dn_1: 0.4584 (0.4589)  loss_vfl_dn_2: 0.4547 (0.4546)  time: 0.9099  data: 0.0397  max mem: 8526
Epoch: [23]  [700/809]  eta: 0:01:42  lr: 0.000100  loss: 10.4606 (10.5118)  loss_bbox: 0.0958 (0.1046)  loss_bbox_aux_0: 0.1010 (0.1111)  loss_bbox_aux_1: 0.0968 (0.1064)  loss_bbox_aux_2: 0.1194 (0.1247)  loss_bbox_dn_0: 0.0573 (0.0617)  loss_bbox_dn_1: 0.0470 (0.0510)  loss_bbox_dn_2: 0.0442 (0.0496)  loss_giou: 1.0195 (1.0110)  loss_giou_aux_0: 1.0794 (1.0467)  loss_giou_aux_1: 1.0475 (1.0226)  loss_giou_aux_2: 1.1420 (1.1160)  loss_giou_dn_0: 0.8316 (0.8130)  loss_giou_dn_1: 0.7504 (0.7266)  loss_giou_dn_2: 0.7362 (0.7154)  loss_vfl: 0.5005 (0.5182)  loss_vfl_aux_0: 0.4913 (0.5216)  loss_vfl_aux_1: 0.5022 (0.5217)  loss_vfl_aux_2: 0.4623 (0.5011)  loss_vfl_dn_0: 0.4708 (0.4752)  loss_vfl_dn_1: 0.4574 (0.4590)  loss_vfl_dn_2: 0.4548 (0.4547)  time: 0.9107  data: 0.0416  max mem: 8526
Epoch: [23]  [800/809]  eta: 0:00:08  lr: 0.000100  loss: 10.9347 (10.5380)  loss_bbox: 0.1189 (0.1060)  loss_bbox_aux_0: 0.1277 (0.1127)  loss_bbox_aux_1: 0.1216 (0.1078)  loss_bbox_aux_2: 0.1380 (0.1262)  loss_bbox_dn_0: 0.0580 (0.0615)  loss_bbox_dn_1: 0.0492 (0.0510)  loss_bbox_dn_2: 0.0475 (0.0495)  loss_giou: 1.1052 (1.0182)  loss_giou_aux_0: 1.1300 (1.0537)  loss_giou_aux_1: 1.1098 (1.0294)  loss_giou_aux_2: 1.2112 (1.1230)  loss_giou_dn_0: 0.8092 (0.8141)  loss_giou_dn_1: 0.7316 (0.7280)  loss_giou_dn_2: 0.7145 (0.7168)  loss_vfl: 0.4788 (0.5153)  loss_vfl_aux_0: 0.4778 (0.5188)  loss_vfl_aux_1: 0.4802 (0.5190)  loss_vfl_aux_2: 0.4684 (0.4985)  loss_vfl_dn_0: 0.4712 (0.4750)  loss_vfl_dn_1: 0.4604 (0.4588)  loss_vfl_dn_2: 0.4523 (0.4546)  time: 0.9254  data: 0.0363  max mem: 8526
Epoch: [23]  [808/809]  eta: 0:00:00  lr: 0.000100  loss: 10.5322 (10.5344)  loss_bbox: 0.1033 (0.1058)  loss_bbox_aux_0: 0.1104 (0.1125)  loss_bbox_aux_1: 0.1061 (0.1076)  loss_bbox_aux_2: 0.1303 (0.1261)  loss_bbox_dn_0: 0.0634 (0.0615)  loss_bbox_dn_1: 0.0492 (0.0510)  loss_bbox_dn_2: 0.0468 (0.0495)  loss_giou: 0.9887 (1.0171)  loss_giou_aux_0: 1.0347 (1.0528)  loss_giou_aux_1: 0.9934 (1.0283)  loss_giou_aux_2: 1.1367 (1.1223)  loss_giou_dn_0: 0.8093 (0.8139)  loss_giou_dn_1: 0.7219 (0.7277)  loss_giou_dn_2: 0.7113 (0.7164)  loss_vfl: 0.5187 (0.5156)  loss_vfl_aux_0: 0.5332 (0.5193)  loss_vfl_aux_1: 0.5309 (0.5195)  loss_vfl_aux_2: 0.4764 (0.4989)  loss_vfl_dn_0: 0.4742 (0.4751)  loss_vfl_dn_1: 0.4606 (0.4589)  loss_vfl_dn_2: 0.4523 (0.4546)  time: 0.8141  data: 0.0340  max mem: 8526
Epoch: [23] Total time: 0:12:34 (0.9329 s / it)
Averaged stats: lr: 0.000100  loss: 10.5322 (10.5344)  loss_bbox: 0.1033 (0.1058)  loss_bbox_aux_0: 0.1104 (0.1125)  loss_bbox_aux_1: 0.1061 (0.1076)  loss_bbox_aux_2: 0.1303 (0.1261)  loss_bbox_dn_0: 0.0634 (0.0615)  loss_bbox_dn_1: 0.0492 (0.0510)  loss_bbox_dn_2: 0.0468 (0.0495)  loss_giou: 0.9887 (1.0171)  loss_giou_aux_0: 1.0347 (1.0528)  loss_giou_aux_1: 0.9934 (1.0283)  loss_giou_aux_2: 1.1367 (1.1223)  loss_giou_dn_0: 0.8093 (0.8139)  loss_giou_dn_1: 0.7219 (0.7277)  loss_giou_dn_2: 0.7113 (0.7164)  loss_vfl: 0.5187 (0.5156)  loss_vfl_aux_0: 0.5332 (0.5193)  loss_vfl_aux_1: 0.5309 (0.5195)  loss_vfl_aux_2: 0.4764 (0.4989)  loss_vfl_dn_0: 0.4742 (0.4751)  loss_vfl_dn_1: 0.4606 (0.4589)  loss_vfl_dn_2: 0.4523 (0.4546)
Test:  [ 0/69]  eta: 0:01:32    time: 1.3462  data: 0.7084  max mem: 8526
Test:  [10/69]  eta: 0:00:41    time: 0.7071  data: 0.0810  max mem: 8526
Test:  [20/69]  eta: 0:00:34    time: 0.6613  data: 0.0199  max mem: 8526
Test:  [30/69]  eta: 0:00:25    time: 0.6403  data: 0.0215  max mem: 8526
Test:  [40/69]  eta: 0:00:18    time: 0.5917  data: 0.0216  max mem: 8526
Test:  [50/69]  eta: 0:00:11    time: 0.5674  data: 0.0215  max mem: 8526
Test:  [60/69]  eta: 0:00:05    time: 0.5335  data: 0.0211  max mem: 8526
Test:  [68/69]  eta: 0:00:00    time: 0.5867  data: 0.0199  max mem: 8526
Test: Total time: 0:00:42 (0.6185 s / it)
Averaged stats: 
Accumulating evaluation results...
DONE (t=1.99s).
IoU metric: bbox
 Average Precision  (AP) @[ IoU=0.50:0.95 | area=   all | maxDets=100 ] = 0.187
 Average Precision  (AP) @[ IoU=0.50      | area=   all | maxDets=100 ] = 0.313
 Average Precision  (AP) @[ IoU=0.75      | area=   all | maxDets=100 ] = 0.188
 Average Precision  (AP) @[ IoU=0.50:0.95 | area= small | maxDets=100 ] = 0.117
 Average Precision  (AP) @[ IoU=0.50:0.95 | area=medium | maxDets=100 ] = 0.263
 Average Precision  (AP) @[ IoU=0.50:0.95 | area= large | maxDets=100 ] = 0.364
 Average Recall     (AR) @[ IoU=0.50:0.95 | area=   all | maxDets=  1 ] = 0.086
 Average Recall     (AR) @[ IoU=0.50:0.95 | area=   all | maxDets= 10 ] = 0.249
 Average Recall     (AR) @[ IoU=0.50:0.95 | area=   all | maxDets=100 ] = 0.342
 Average Recall     (AR) @[ IoU=0.50:0.95 | area= small | maxDets=100 ] = 0.251
 Average Recall     (AR) @[ IoU=0.50:0.95 | area=medium | maxDets=100 ] = 0.456
 Average Recall     (AR) @[ IoU=0.50:0.95 | area= large | maxDets=100 ] = 0.575
best_stat:  {'epoch': 23, 'coco_eval_bbox': 0.18656271258516746}
Epoch: [24]  [  0/809]  eta: 1:07:10  lr: 0.000100  loss: 10.4598 (10.4598)  loss_bbox: 0.1131 (0.1131)  loss_bbox_aux_0: 0.1182 (0.1182)  loss_bbox_aux_1: 0.1140 (0.1140)  loss_bbox_aux_2: 0.1354 (0.1354)  loss_bbox_dn_0: 0.0643 (0.0643)  loss_bbox_dn_1: 0.0546 (0.0546)  loss_bbox_dn_2: 0.0518 (0.0518)  loss_giou: 1.0644 (1.0644)  loss_giou_aux_0: 1.0981 (1.0981)  loss_giou_aux_1: 1.0789 (1.0789)  loss_giou_aux_2: 1.1455 (1.1455)  loss_giou_dn_0: 0.8249 (0.8249)  loss_giou_dn_1: 0.7425 (0.7425)  loss_giou_dn_2: 0.7310 (0.7310)  loss_vfl: 0.4407 (0.4407)  loss_vfl_aux_0: 0.4425 (0.4425)  loss_vfl_aux_1: 0.4469 (0.4469)  loss_vfl_aux_2: 0.4271 (0.4271)  loss_vfl_dn_0: 0.4622 (0.4622)  loss_vfl_dn_1: 0.4561 (0.4561)  loss_vfl_dn_2: 0.4476 (0.4476)  time: 4.9818  data: 3.4227  max mem: 8526
Epoch: [24]  [100/809]  eta: 0:11:55  lr: 0.000100  loss: 10.4422 (10.4647)  loss_bbox: 0.0998 (0.1008)  loss_bbox_aux_0: 0.1031 (0.1073)  loss_bbox_aux_1: 0.1022 (0.1025)  loss_bbox_aux_2: 0.1143 (0.1209)  loss_bbox_dn_0: 0.0572 (0.0617)  loss_bbox_dn_1: 0.0473 (0.0508)  loss_bbox_dn_2: 0.0448 (0.0492)  loss_giou: 1.0223 (1.0129)  loss_giou_aux_0: 1.0608 (1.0467)  loss_giou_aux_1: 1.0289 (1.0203)  loss_giou_aux_2: 1.1398 (1.1136)  loss_giou_dn_0: 0.8347 (0.8126)  loss_giou_dn_1: 0.7422 (0.7257)  loss_giou_dn_2: 0.7358 (0.7146)  loss_vfl: 0.5172 (0.5089)  loss_vfl_aux_0: 0.5239 (0.5148)  loss_vfl_aux_1: 0.5204 (0.5144)  loss_vfl_aux_2: 0.5074 (0.4970)  loss_vfl_dn_0: 0.4706 (0.4758)  loss_vfl_dn_1: 0.4574 (0.4595)  loss_vfl_dn_2: 0.4528 (0.4545)  time: 0.9399  data: 0.0398  max mem: 8526
Epoch: [24]  [200/809]  eta: 0:09:56  lr: 0.000100  loss: 10.6693 (10.4902)  loss_bbox: 0.1015 (0.1018)  loss_bbox_aux_0: 0.1069 (0.1079)  loss_bbox_aux_1: 0.1000 (0.1033)  loss_bbox_aux_2: 0.1216 (0.1213)  loss_bbox_dn_0: 0.0661 (0.0612)  loss_bbox_dn_1: 0.0520 (0.0504)  loss_bbox_dn_2: 0.0498 (0.0489)  loss_giou: 1.0302 (1.0186)  loss_giou_aux_0: 1.0726 (1.0507)  loss_giou_aux_1: 1.0524 (1.0267)  loss_giou_aux_2: 1.1029 (1.1166)  loss_giou_dn_0: 0.8217 (0.8140)  loss_giou_dn_1: 0.7482 (0.7282)  loss_giou_dn_2: 0.7479 (0.7169)  loss_vfl: 0.5242 (0.5087)  loss_vfl_aux_0: 0.5312 (0.5143)  loss_vfl_aux_1: 0.5184 (0.5138)  loss_vfl_aux_2: 0.5240 (0.4966)  loss_vfl_dn_0: 0.4772 (0.4755)  loss_vfl_dn_1: 0.4561 (0.4597)  loss_vfl_dn_2: 0.4551 (0.4551)  time: 0.9416  data: 0.0413  max mem: 8526
Epoch: [24]  [300/809]  eta: 0:08:13  lr: 0.000100  loss: 11.0268 (10.4870)  loss_bbox: 0.1020 (0.1003)  loss_bbox_aux_0: 0.1119 (0.1066)  loss_bbox_aux_1: 0.1086 (0.1019)  loss_bbox_aux_2: 0.1278 (0.1199)  loss_bbox_dn_0: 0.0576 (0.0608)  loss_bbox_dn_1: 0.0486 (0.0502)  loss_bbox_dn_2: 0.0478 (0.0488)  loss_giou: 1.1198 (1.0179)  loss_giou_aux_0: 1.1580 (1.0503)  loss_giou_aux_1: 1.1265 (1.0266)  loss_giou_aux_2: 1.2270 (1.1172)  loss_giou_dn_0: 0.8699 (0.8159)  loss_giou_dn_1: 0.7864 (0.7304)  loss_giou_dn_2: 0.7751 (0.7193)  loss_vfl: 0.4707 (0.5101)  loss_vfl_aux_0: 0.4606 (0.5142)  loss_vfl_aux_1: 0.4723 (0.5143)  loss_vfl_aux_2: 0.4392 (0.4960)  loss_vfl_dn_0: 0.4661 (0.4744)  loss_vfl_dn_1: 0.4535 (0.4581)  loss_vfl_dn_2: 0.4492 (0.4537)  time: 0.9774  data: 0.0495  max mem: 8526
Epoch: [24]  [400/809]  eta: 0:06:33  lr: 0.000100  loss: 10.3151 (10.5071)  loss_bbox: 0.0851 (0.1015)  loss_bbox_aux_0: 0.0909 (0.1081)  loss_bbox_aux_1: 0.0864 (0.1032)  loss_bbox_aux_2: 0.1008 (0.1218)  loss_bbox_dn_0: 0.0582 (0.0606)  loss_bbox_dn_1: 0.0454 (0.0500)  loss_bbox_dn_2: 0.0444 (0.0486)  loss_giou: 0.9754 (1.0223)  loss_giou_aux_0: 1.0139 (1.0553)  loss_giou_aux_1: 0.9955 (1.0316)  loss_giou_aux_2: 1.0791 (1.1230)  loss_giou_dn_0: 0.8139 (0.8170)  loss_giou_dn_1: 0.7286 (0.7308)  loss_giou_dn_2: 0.7120 (0.7196)  loss_vfl: 0.5197 (0.5090)  loss_vfl_aux_0: 0.5184 (0.5132)  loss_vfl_aux_1: 0.5190 (0.5129)  loss_vfl_aux_2: 0.5012 (0.4944)  loss_vfl_dn_0: 0.4723 (0.4736)  loss_vfl_dn_1: 0.4596 (0.4574)  loss_vfl_dn_2: 0.4550 (0.4531)  time: 0.9578  data: 0.0453  max mem: 8526
Epoch: [24]  [500/809]  eta: 0:04:57  lr: 0.000100  loss: 10.5552 (10.5321)  loss_bbox: 0.0890 (0.1021)  loss_bbox_aux_0: 0.0961 (0.1088)  loss_bbox_aux_1: 0.0909 (0.1038)  loss_bbox_aux_2: 0.1104 (0.1224)  loss_bbox_dn_0: 0.0611 (0.0605)  loss_bbox_dn_1: 0.0485 (0.0498)  loss_bbox_dn_2: 0.0466 (0.0484)  loss_giou: 0.9929 (1.0269)  loss_giou_aux_0: 1.0479 (1.0606)  loss_giou_aux_1: 1.0165 (1.0366)  loss_giou_aux_2: 1.0895 (1.1282)  loss_giou_dn_0: 0.8074 (0.8184)  loss_giou_dn_1: 0.7217 (0.7313)  loss_giou_dn_2: 0.7087 (0.7201)  loss_vfl: 0.5280 (0.5093)  loss_vfl_aux_0: 0.5382 (0.5138)  loss_vfl_aux_1: 0.5245 (0.5132)  loss_vfl_aux_2: 0.5100 (0.4944)  loss_vfl_dn_0: 0.4821 (0.4731)  loss_vfl_dn_1: 0.4592 (0.4574)  loss_vfl_dn_2: 0.4565 (0.4530)  time: 0.9313  data: 0.0362  max mem: 8526
Epoch: [24]  [600/809]  eta: 0:03:20  lr: 0.000100  loss: 10.2265 (10.5018)  loss_bbox: 0.0936 (0.1012)  loss_bbox_aux_0: 0.0994 (0.1078)  loss_bbox_aux_1: 0.0947 (0.1029)  loss_bbox_aux_2: 0.1229 (0.1214)  loss_bbox_dn_0: 0.0621 (0.0609)  loss_bbox_dn_1: 0.0525 (0.0502)  loss_bbox_dn_2: 0.0497 (0.0488)  loss_giou: 0.9182 (1.0191)  loss_giou_aux_0: 0.9704 (1.0526)  loss_giou_aux_1: 0.9368 (1.0291)  loss_giou_aux_2: 1.0419 (1.1214)  loss_giou_dn_0: 0.7720 (0.8147)  loss_giou_dn_1: 0.6877 (0.7280)  loss_giou_dn_2: 0.6776 (0.7167)  loss_vfl: 0.5232 (0.5123)  loss_vfl_aux_0: 0.5234 (0.5169)  loss_vfl_aux_1: 0.5288 (0.5161)  loss_vfl_aux_2: 0.5100 (0.4975)  loss_vfl_dn_0: 0.4785 (0.4738)  loss_vfl_dn_1: 0.4575 (0.4575)  loss_vfl_dn_2: 0.4531 (0.4530)  time: 0.9424  data: 0.0399  max mem: 8526
Epoch: [24]  [700/809]  eta: 0:01:43  lr: 0.000100  loss: 10.6387 (10.5110)  loss_bbox: 0.0951 (0.1021)  loss_bbox_aux_0: 0.1051 (0.1086)  loss_bbox_aux_1: 0.0971 (0.1038)  loss_bbox_aux_2: 0.1186 (0.1225)  loss_bbox_dn_0: 0.0547 (0.0607)  loss_bbox_dn_1: 0.0471 (0.0501)  loss_bbox_dn_2: 0.0448 (0.0486)  loss_giou: 1.0724 (1.0212)  loss_giou_aux_0: 1.1137 (1.0554)  loss_giou_aux_1: 1.0827 (1.0314)  loss_giou_aux_2: 1.1702 (1.1228)  loss_giou_dn_0: 0.8275 (0.8146)  loss_giou_dn_1: 0.7474 (0.7282)  loss_giou_dn_2: 0.7354 (0.7169)  loss_vfl: 0.5028 (0.5116)  loss_vfl_aux_0: 0.4990 (0.5159)  loss_vfl_aux_1: 0.5007 (0.5153)  loss_vfl_aux_2: 0.4823 (0.4969)  loss_vfl_dn_0: 0.4763 (0.4738)  loss_vfl_dn_1: 0.4592 (0.4574)  loss_vfl_dn_2: 0.4546 (0.4530)  time: 0.8969  data: 0.0391  max mem: 8526
Epoch: [24]  [800/809]  eta: 0:00:08  lr: 0.000100  loss: 10.5048 (10.5059)  loss_bbox: 0.1034 (0.1024)  loss_bbox_aux_0: 0.1109 (0.1090)  loss_bbox_aux_1: 0.1037 (0.1041)  loss_bbox_aux_2: 0.1170 (0.1228)  loss_bbox_dn_0: 0.0556 (0.0612)  loss_bbox_dn_1: 0.0464 (0.0505)  loss_bbox_dn_2: 0.0444 (0.0489)  loss_giou: 1.0368 (1.0177)  loss_giou_aux_0: 1.0734 (1.0523)  loss_giou_aux_1: 1.0494 (1.0283)  loss_giou_aux_2: 1.1393 (1.1203)  loss_giou_dn_0: 0.8155 (0.8140)  loss_giou_dn_1: 0.7333 (0.7272)  loss_giou_dn_2: 0.7169 (0.7158)  loss_vfl: 0.4767 (0.5132)  loss_vfl_aux_0: 0.4733 (0.5175)  loss_vfl_aux_1: 0.4814 (0.5170)  loss_vfl_aux_2: 0.4603 (0.4985)  loss_vfl_dn_0: 0.4681 (0.4740)  loss_vfl_dn_1: 0.4620 (0.4577)  loss_vfl_dn_2: 0.4600 (0.4534)  time: 0.8992  data: 0.0398  max mem: 8526
Epoch: [24]  [808/809]  eta: 0:00:00  lr: 0.000100  loss: 10.5407 (10.5062)  loss_bbox: 0.1034 (0.1024)  loss_bbox_aux_0: 0.1115 (0.1089)  loss_bbox_aux_1: 0.1045 (0.1041)  loss_bbox_aux_2: 0.1205 (0.1227)  loss_bbox_dn_0: 0.0569 (0.0612)  loss_bbox_dn_1: 0.0464 (0.0505)  loss_bbox_dn_2: 0.0444 (0.0490)  loss_giou: 1.0368 (1.0177)  loss_giou_aux_0: 1.0734 (1.0523)  loss_giou_aux_1: 1.0494 (1.0283)  loss_giou_aux_2: 1.1393 (1.1202)  loss_giou_dn_0: 0.8155 (0.8141)  loss_giou_dn_1: 0.7333 (0.7273)  loss_giou_dn_2: 0.7169 (0.7158)  loss_vfl: 0.5033 (0.5132)  loss_vfl_aux_0: 0.5031 (0.5176)  loss_vfl_aux_1: 0.5013 (0.5171)  loss_vfl_aux_2: 0.4868 (0.4987)  loss_vfl_dn_0: 0.4681 (0.4740)  loss_vfl_dn_1: 0.4610 (0.4577)  loss_vfl_dn_2: 0.4567 (0.4534)  time: 0.7693  data: 0.0350  max mem: 8526
Epoch: [24] Total time: 0:12:47 (0.9485 s / it)
Averaged stats: lr: 0.000100  loss: 10.5407 (10.5062)  loss_bbox: 0.1034 (0.1024)  loss_bbox_aux_0: 0.1115 (0.1089)  loss_bbox_aux_1: 0.1045 (0.1041)  loss_bbox_aux_2: 0.1205 (0.1227)  loss_bbox_dn_0: 0.0569 (0.0612)  loss_bbox_dn_1: 0.0464 (0.0505)  loss_bbox_dn_2: 0.0444 (0.0490)  loss_giou: 1.0368 (1.0177)  loss_giou_aux_0: 1.0734 (1.0523)  loss_giou_aux_1: 1.0494 (1.0283)  loss_giou_aux_2: 1.1393 (1.1202)  loss_giou_dn_0: 0.8155 (0.8141)  loss_giou_dn_1: 0.7333 (0.7273)  loss_giou_dn_2: 0.7169 (0.7158)  loss_vfl: 0.5033 (0.5132)  loss_vfl_aux_0: 0.5031 (0.5176)  loss_vfl_aux_1: 0.5013 (0.5171)  loss_vfl_aux_2: 0.4868 (0.4987)  loss_vfl_dn_0: 0.4681 (0.4740)  loss_vfl_dn_1: 0.4610 (0.4577)  loss_vfl_dn_2: 0.4567 (0.4534)
Test:  [ 0/69]  eta: 0:01:29    time: 1.2955  data: 0.6518  max mem: 8526
Test:  [10/69]  eta: 0:00:41    time: 0.6977  data: 0.0789  max mem: 8526
Test:  [20/69]  eta: 0:00:33    time: 0.6462  data: 0.0216  max mem: 8526
Test:  [30/69]  eta: 0:00:25    time: 0.6263  data: 0.0207  max mem: 8526
Test:  [40/69]  eta: 0:00:18    time: 0.5772  data: 0.0217  max mem: 8526
Test:  [50/69]  eta: 0:00:11    time: 0.5420  data: 0.0232  max mem: 8526
Test:  [60/69]  eta: 0:00:05    time: 0.5375  data: 0.0222  max mem: 8526
Test:  [68/69]  eta: 0:00:00    time: 0.5624  data: 0.0196  max mem: 8526
Test: Total time: 0:00:41 (0.5980 s / it)
Averaged stats: 
Accumulating evaluation results...
DONE (t=2.46s).
IoU metric: bbox
 Average Precision  (AP) @[ IoU=0.50:0.95 | area=   all | maxDets=100 ] = 0.189
 Average Precision  (AP) @[ IoU=0.50      | area=   all | maxDets=100 ] = 0.317
 Average Precision  (AP) @[ IoU=0.75      | area=   all | maxDets=100 ] = 0.191
 Average Precision  (AP) @[ IoU=0.50:0.95 | area= small | maxDets=100 ] = 0.119
 Average Precision  (AP) @[ IoU=0.50:0.95 | area=medium | maxDets=100 ] = 0.266
 Average Precision  (AP) @[ IoU=0.50:0.95 | area= large | maxDets=100 ] = 0.371
 Average Recall     (AR) @[ IoU=0.50:0.95 | area=   all | maxDets=  1 ] = 0.087
 Average Recall     (AR) @[ IoU=0.50:0.95 | area=   all | maxDets= 10 ] = 0.252
 Average Recall     (AR) @[ IoU=0.50:0.95 | area=   all | maxDets=100 ] = 0.345
 Average Recall     (AR) @[ IoU=0.50:0.95 | area= small | maxDets=100 ] = 0.253
 Average Recall     (AR) @[ IoU=0.50:0.95 | area=medium | maxDets=100 ] = 0.458
 Average Recall     (AR) @[ IoU=0.50:0.95 | area= large | maxDets=100 ] = 0.575
best_stat:  {'epoch': 24, 'coco_eval_bbox': 0.18877606172627065}
Epoch: [25]  [  0/809]  eta: 1:06:36  lr: 0.000100  loss: 10.2555 (10.2555)  loss_bbox: 0.0670 (0.0670)  loss_bbox_aux_0: 0.0759 (0.0759)  loss_bbox_aux_1: 0.0699 (0.0699)  loss_bbox_aux_2: 0.0899 (0.0899)  loss_bbox_dn_0: 0.0503 (0.0503)  loss_bbox_dn_1: 0.0398 (0.0398)  loss_bbox_dn_2: 0.0386 (0.0386)  loss_giou: 0.9907 (0.9907)  loss_giou_aux_0: 1.0317 (1.0317)  loss_giou_aux_1: 1.0134 (1.0134)  loss_giou_aux_2: 1.0802 (1.0802)  loss_giou_dn_0: 0.8195 (0.8195)  loss_giou_dn_1: 0.7356 (0.7356)  loss_giou_dn_2: 0.7173 (0.7173)  loss_vfl: 0.5198 (0.5198)  loss_vfl_aux_0: 0.5194 (0.5194)  loss_vfl_aux_1: 0.5116 (0.5116)  loss_vfl_aux_2: 0.5144 (0.5144)  loss_vfl_dn_0: 0.4612 (0.4612)  loss_vfl_dn_1: 0.4547 (0.4547)  loss_vfl_dn_2: 0.4546 (0.4546)  time: 4.9396  data: 3.5472  max mem: 8526
Epoch: [25]  [100/809]  eta: 0:11:41  lr: 0.000100  loss: 10.5215 (10.5566)  loss_bbox: 0.0971 (0.1033)  loss_bbox_aux_0: 0.1040 (0.1095)  loss_bbox_aux_1: 0.1009 (0.1053)  loss_bbox_aux_2: 0.1155 (0.1242)  loss_bbox_dn_0: 0.0592 (0.0595)  loss_bbox_dn_1: 0.0479 (0.0494)  loss_bbox_dn_2: 0.0478 (0.0479)  loss_giou: 1.0138 (1.0360)  loss_giou_aux_0: 1.0560 (1.0715)  loss_giou_aux_1: 1.0263 (1.0470)  loss_giou_aux_2: 1.1425 (1.1362)  loss_giou_dn_0: 0.8057 (0.8144)  loss_giou_dn_1: 0.7244 (0.7290)  loss_giou_dn_2: 0.7066 (0.7177)  loss_vfl: 0.5262 (0.5074)  loss_vfl_aux_0: 0.5181 (0.5109)  loss_vfl_aux_1: 0.5306 (0.5116)  loss_vfl_aux_2: 0.5007 (0.4919)  loss_vfl_dn_0: 0.4701 (0.4735)  loss_vfl_dn_1: 0.4545 (0.4572)  loss_vfl_dn_2: 0.4514 (0.4531)  time: 0.9676  data: 0.0372  max mem: 8526
Epoch: [25]  [200/809]  eta: 0:09:44  lr: 0.000100  loss: 10.1984 (10.5299)  loss_bbox: 0.0949 (0.1024)  loss_bbox_aux_0: 0.0956 (0.1082)  loss_bbox_aux_1: 0.0940 (0.1040)  loss_bbox_aux_2: 0.1073 (0.1226)  loss_bbox_dn_0: 0.0571 (0.0584)  loss_bbox_dn_1: 0.0484 (0.0484)  loss_bbox_dn_2: 0.0482 (0.0471)  loss_giou: 0.9282 (1.0327)  loss_giou_aux_0: 0.9576 (1.0677)  loss_giou_aux_1: 0.9372 (1.0428)  loss_giou_aux_2: 1.0267 (1.1333)  loss_giou_dn_0: 0.7904 (0.8118)  loss_giou_dn_1: 0.7097 (0.7268)  loss_giou_dn_2: 0.6998 (0.7161)  loss_vfl: 0.5122 (0.5067)  loss_vfl_aux_0: 0.5120 (0.5109)  loss_vfl_aux_1: 0.5206 (0.5107)  loss_vfl_aux_2: 0.5055 (0.4926)  loss_vfl_dn_0: 0.4740 (0.4746)  loss_vfl_dn_1: 0.4512 (0.4581)  loss_vfl_dn_2: 0.4480 (0.4539)  time: 0.9017  data: 0.0347  max mem: 8526
Epoch: [25]  [300/809]  eta: 0:08:03  lr: 0.000100  loss: 9.8750 (10.5323)  loss_bbox: 0.0923 (0.1037)  loss_bbox_aux_0: 0.0995 (0.1098)  loss_bbox_aux_1: 0.0930 (0.1053)  loss_bbox_aux_2: 0.1145 (0.1242)  loss_bbox_dn_0: 0.0571 (0.0588)  loss_bbox_dn_1: 0.0449 (0.0487)  loss_bbox_dn_2: 0.0440 (0.0473)  loss_giou: 0.9343 (1.0311)  loss_giou_aux_0: 0.9569 (1.0669)  loss_giou_aux_1: 0.9603 (1.0411)  loss_giou_aux_2: 1.0071 (1.1348)  loss_giou_dn_0: 0.7705 (0.8133)  loss_giou_dn_1: 0.6901 (0.7278)  loss_giou_dn_2: 0.6802 (0.7168)  loss_vfl: 0.5270 (0.5063)  loss_vfl_aux_0: 0.5293 (0.5109)  loss_vfl_aux_1: 0.5293 (0.5104)  loss_vfl_aux_2: 0.5055 (0.4921)  loss_vfl_dn_0: 0.4787 (0.4736)  loss_vfl_dn_1: 0.4536 (0.4569)  loss_vfl_dn_2: 0.4462 (0.4526)  time: 0.9315  data: 0.0446  max mem: 8526
Epoch: [25]  [400/809]  eta: 0:06:27  lr: 0.000100  loss: 10.6428 (10.5085)  loss_bbox: 0.1059 (0.1032)  loss_bbox_aux_0: 0.1131 (0.1092)  loss_bbox_aux_1: 0.1045 (0.1047)  loss_bbox_aux_2: 0.1273 (0.1233)  loss_bbox_dn_0: 0.0583 (0.0595)  loss_bbox_dn_1: 0.0471 (0.0491)  loss_bbox_dn_2: 0.0461 (0.0477)  loss_giou: 1.0020 (1.0252)  loss_giou_aux_0: 1.0396 (1.0610)  loss_giou_aux_1: 1.0128 (1.0354)  loss_giou_aux_2: 1.1275 (1.1294)  loss_giou_dn_0: 0.8237 (0.8120)  loss_giou_dn_1: 0.7177 (0.7259)  loss_giou_dn_2: 0.7025 (0.7147)  loss_vfl: 0.4941 (0.5076)  loss_vfl_aux_0: 0.5094 (0.5122)  loss_vfl_aux_1: 0.5074 (0.5115)  loss_vfl_aux_2: 0.4871 (0.4934)  loss_vfl_dn_0: 0.4694 (0.4735)  loss_vfl_dn_1: 0.4570 (0.4571)  loss_vfl_dn_2: 0.4568 (0.4528)  time: 0.9056  data: 0.0351  max mem: 8526
Epoch: [25]  [500/809]  eta: 0:04:51  lr: 0.000100  loss: 10.5765 (10.5299)  loss_bbox: 0.0981 (0.1046)  loss_bbox_aux_0: 0.1069 (0.1105)  loss_bbox_aux_1: 0.1002 (0.1062)  loss_bbox_aux_2: 0.1224 (0.1248)  loss_bbox_dn_0: 0.0590 (0.0600)  loss_bbox_dn_1: 0.0474 (0.0495)  loss_bbox_dn_2: 0.0457 (0.0480)  loss_giou: 1.0015 (1.0282)  loss_giou_aux_0: 1.0391 (1.0644)  loss_giou_aux_1: 1.0113 (1.0383)  loss_giou_aux_2: 1.1380 (1.1326)  loss_giou_dn_0: 0.8300 (0.8137)  loss_giou_dn_1: 0.7488 (0.7275)  loss_giou_dn_2: 0.7353 (0.7161)  loss_vfl: 0.5079 (0.5071)  loss_vfl_aux_0: 0.5173 (0.5113)  loss_vfl_aux_1: 0.5061 (0.5108)  loss_vfl_aux_2: 0.4899 (0.4928)  loss_vfl_dn_0: 0.4680 (0.4734)  loss_vfl_dn_1: 0.4565 (0.4572)  loss_vfl_dn_2: 0.4525 (0.4528)  time: 0.9655  data: 0.0446  max mem: 8526
Epoch: [25]  [600/809]  eta: 0:03:17  lr: 0.000100  loss: 10.3581 (10.5220)  loss_bbox: 0.0965 (0.1038)  loss_bbox_aux_0: 0.1005 (0.1096)  loss_bbox_aux_1: 0.0969 (0.1054)  loss_bbox_aux_2: 0.1100 (0.1235)  loss_bbox_dn_0: 0.0643 (0.0600)  loss_bbox_dn_1: 0.0513 (0.0496)  loss_bbox_dn_2: 0.0515 (0.0481)  loss_giou: 0.9601 (1.0251)  loss_giou_aux_0: 1.0093 (1.0608)  loss_giou_aux_1: 0.9783 (1.0350)  loss_giou_aux_2: 1.0778 (1.1281)  loss_giou_dn_0: 0.7969 (0.8144)  loss_giou_dn_1: 0.7089 (0.7285)  loss_giou_dn_2: 0.6995 (0.7173)  loss_vfl: 0.5181 (0.5088)  loss_vfl_aux_0: 0.5172 (0.5134)  loss_vfl_aux_1: 0.5243 (0.5125)  loss_vfl_aux_2: 0.5021 (0.4947)  loss_vfl_dn_0: 0.4751 (0.4733)  loss_vfl_dn_1: 0.4534 (0.4571)  loss_vfl_dn_2: 0.4478 (0.4528)  time: 0.8994  data: 0.0365  max mem: 8526
Epoch: [25]  [700/809]  eta: 0:01:42  lr: 0.000100  loss: 10.8025 (10.5162)  loss_bbox: 0.1027 (0.1039)  loss_bbox_aux_0: 0.1073 (0.1097)  loss_bbox_aux_1: 0.1020 (0.1056)  loss_bbox_aux_2: 0.1200 (0.1235)  loss_bbox_dn_0: 0.0547 (0.0599)  loss_bbox_dn_1: 0.0437 (0.0494)  loss_bbox_dn_2: 0.0425 (0.0480)  loss_giou: 1.0950 (1.0237)  loss_giou_aux_0: 1.1318 (1.0593)  loss_giou_aux_1: 1.1125 (1.0335)  loss_giou_aux_2: 1.1784 (1.1260)  loss_giou_dn_0: 0.8421 (0.8133)  loss_giou_dn_1: 0.7609 (0.7275)  loss_giou_dn_2: 0.7514 (0.7162)  loss_vfl: 0.4360 (0.5097)  loss_vfl_aux_0: 0.4572 (0.5144)  loss_vfl_aux_1: 0.4369 (0.5136)  loss_vfl_aux_2: 0.4373 (0.4957)  loss_vfl_dn_0: 0.4697 (0.4736)  loss_vfl_dn_1: 0.4540 (0.4570)  loss_vfl_dn_2: 0.4518 (0.4528)  time: 0.9534  data: 0.0394  max mem: 8526
Epoch: [25]  [800/809]  eta: 0:00:08  lr: 0.000100  loss: 10.0654 (10.5052)  loss_bbox: 0.0819 (0.1041)  loss_bbox_aux_0: 0.0915 (0.1097)  loss_bbox_aux_1: 0.0833 (0.1056)  loss_bbox_aux_2: 0.1042 (0.1233)  loss_bbox_dn_0: 0.0572 (0.0597)  loss_bbox_dn_1: 0.0466 (0.0493)  loss_bbox_dn_2: 0.0445 (0.0479)  loss_giou: 0.9377 (1.0216)  loss_giou_aux_0: 0.9669 (1.0570)  loss_giou_aux_1: 0.9432 (1.0317)  loss_giou_aux_2: 1.0450 (1.1237)  loss_giou_dn_0: 0.7932 (0.8113)  loss_giou_dn_1: 0.7025 (0.7258)  loss_giou_dn_2: 0.6965 (0.7145)  loss_vfl: 0.5177 (0.5103)  loss_vfl_aux_0: 0.5319 (0.5149)  loss_vfl_aux_1: 0.5209 (0.5142)  loss_vfl_aux_2: 0.5321 (0.4964)  loss_vfl_dn_0: 0.4717 (0.4739)  loss_vfl_dn_1: 0.4531 (0.4573)  loss_vfl_dn_2: 0.4504 (0.4531)  time: 0.9770  data: 0.0413  max mem: 8526
Epoch: [25]  [808/809]  eta: 0:00:00  lr: 0.000100  loss: 10.0654 (10.5045)  loss_bbox: 0.0875 (0.1041)  loss_bbox_aux_0: 0.0985 (0.1098)  loss_bbox_aux_1: 0.0911 (0.1057)  loss_bbox_aux_2: 0.1074 (0.1234)  loss_bbox_dn_0: 0.0566 (0.0597)  loss_bbox_dn_1: 0.0461 (0.0493)  loss_bbox_dn_2: 0.0445 (0.0479)  loss_giou: 0.9377 (1.0212)  loss_giou_aux_0: 0.9669 (1.0566)  loss_giou_aux_1: 0.9432 (1.0313)  loss_giou_aux_2: 1.0450 (1.1234)  loss_giou_dn_0: 0.8044 (0.8111)  loss_giou_dn_1: 0.7025 (0.7255)  loss_giou_dn_2: 0.6965 (0.7143)  loss_vfl: 0.5177 (0.5106)  loss_vfl_aux_0: 0.5225 (0.5152)  loss_vfl_aux_1: 0.5251 (0.5145)  loss_vfl_aux_2: 0.5220 (0.4966)  loss_vfl_dn_0: 0.4747 (0.4740)  loss_vfl_dn_1: 0.4574 (0.4573)  loss_vfl_dn_2: 0.4530 (0.4531)  time: 0.8389  data: 0.0337  max mem: 8526
Epoch: [25] Total time: 0:12:40 (0.9401 s / it)
Averaged stats: lr: 0.000100  loss: 10.0654 (10.5045)  loss_bbox: 0.0875 (0.1041)  loss_bbox_aux_0: 0.0985 (0.1098)  loss_bbox_aux_1: 0.0911 (0.1057)  loss_bbox_aux_2: 0.1074 (0.1234)  loss_bbox_dn_0: 0.0566 (0.0597)  loss_bbox_dn_1: 0.0461 (0.0493)  loss_bbox_dn_2: 0.0445 (0.0479)  loss_giou: 0.9377 (1.0212)  loss_giou_aux_0: 0.9669 (1.0566)  loss_giou_aux_1: 0.9432 (1.0313)  loss_giou_aux_2: 1.0450 (1.1234)  loss_giou_dn_0: 0.8044 (0.8111)  loss_giou_dn_1: 0.7025 (0.7255)  loss_giou_dn_2: 0.6965 (0.7143)  loss_vfl: 0.5177 (0.5106)  loss_vfl_aux_0: 0.5225 (0.5152)  loss_vfl_aux_1: 0.5251 (0.5145)  loss_vfl_aux_2: 0.5220 (0.4966)  loss_vfl_dn_0: 0.4747 (0.4740)  loss_vfl_dn_1: 0.4574 (0.4573)  loss_vfl_dn_2: 0.4530 (0.4531)
Test:  [ 0/69]  eta: 0:01:30    time: 1.3058  data: 0.6539  max mem: 8526
Test:  [10/69]  eta: 0:00:41    time: 0.7046  data: 0.0797  max mem: 8526
Test:  [20/69]  eta: 0:00:32    time: 0.6405  data: 0.0218  max mem: 8526
Test:  [30/69]  eta: 0:00:25    time: 0.6167  data: 0.0215  max mem: 8526
Test:  [40/69]  eta: 0:00:18    time: 0.5841  data: 0.0212  max mem: 8526
Test:  [50/69]  eta: 0:00:11    time: 0.5558  data: 0.0212  max mem: 8526
Test:  [60/69]  eta: 0:00:05    time: 0.5340  data: 0.0210  max mem: 8526
Test:  [68/69]  eta: 0:00:00    time: 0.5490  data: 0.0197  max mem: 8526
Test: Total time: 0:00:41 (0.5968 s / it)
Averaged stats: 
Accumulating evaluation results...
DONE (t=1.91s).
IoU metric: bbox
 Average Precision  (AP) @[ IoU=0.50:0.95 | area=   all | maxDets=100 ] = 0.190
 Average Precision  (AP) @[ IoU=0.50      | area=   all | maxDets=100 ] = 0.319
 Average Precision  (AP) @[ IoU=0.75      | area=   all | maxDets=100 ] = 0.193
 Average Precision  (AP) @[ IoU=0.50:0.95 | area= small | maxDets=100 ] = 0.119
 Average Precision  (AP) @[ IoU=0.50:0.95 | area=medium | maxDets=100 ] = 0.268
 Average Precision  (AP) @[ IoU=0.50:0.95 | area= large | maxDets=100 ] = 0.371
 Average Recall     (AR) @[ IoU=0.50:0.95 | area=   all | maxDets=  1 ] = 0.088
 Average Recall     (AR) @[ IoU=0.50:0.95 | area=   all | maxDets= 10 ] = 0.254
 Average Recall     (AR) @[ IoU=0.50:0.95 | area=   all | maxDets=100 ] = 0.346
 Average Recall     (AR) @[ IoU=0.50:0.95 | area= small | maxDets=100 ] = 0.254
 Average Recall     (AR) @[ IoU=0.50:0.95 | area=medium | maxDets=100 ] = 0.461
 Average Recall     (AR) @[ IoU=0.50:0.95 | area= large | maxDets=100 ] = 0.569
best_stat:  {'epoch': 25, 'coco_eval_bbox': 0.18975321251546998}
Epoch: [26]  [  0/809]  eta: 1:22:07  lr: 0.000100  loss: 10.0481 (10.0481)  loss_bbox: 0.0729 (0.0729)  loss_bbox_aux_0: 0.0799 (0.0799)  loss_bbox_aux_1: 0.0751 (0.0751)  loss_bbox_aux_2: 0.0967 (0.0967)  loss_bbox_dn_0: 0.0542 (0.0542)  loss_bbox_dn_1: 0.0473 (0.0473)  loss_bbox_dn_2: 0.0454 (0.0454)  loss_giou: 0.9233 (0.9233)  loss_giou_aux_0: 0.9647 (0.9647)  loss_giou_aux_1: 0.9438 (0.9438)  loss_giou_aux_2: 1.0610 (1.0610)  loss_giou_dn_0: 0.7989 (0.7989)  loss_giou_dn_1: 0.7148 (0.7148)  loss_giou_dn_2: 0.6999 (0.6999)  loss_vfl: 0.5321 (0.5321)  loss_vfl_aux_0: 0.5325 (0.5325)  loss_vfl_aux_1: 0.5311 (0.5311)  loss_vfl_aux_2: 0.4972 (0.4972)  loss_vfl_dn_0: 0.4718 (0.4718)  loss_vfl_dn_1: 0.4562 (0.4562)  loss_vfl_dn_2: 0.4493 (0.4493)  time: 6.0914  data: 4.7433  max mem: 8526
Epoch: [26]  [100/809]  eta: 0:11:47  lr: 0.000100  loss: 10.8186 (10.5360)  loss_bbox: 0.1179 (0.1021)  loss_bbox_aux_0: 0.1242 (0.1082)  loss_bbox_aux_1: 0.1189 (0.1037)  loss_bbox_aux_2: 0.1427 (0.1210)  loss_bbox_dn_0: 0.0535 (0.0574)  loss_bbox_dn_1: 0.0450 (0.0477)  loss_bbox_dn_2: 0.0439 (0.0463)  loss_giou: 1.1318 (1.0354)  loss_giou_aux_0: 1.1646 (1.0725)  loss_giou_aux_1: 1.1477 (1.0477)  loss_giou_aux_2: 1.2351 (1.1338)  loss_giou_dn_0: 0.8484 (0.8163)  loss_giou_dn_1: 0.7622 (0.7329)  loss_giou_dn_2: 0.7531 (0.7223)  loss_vfl: 0.4520 (0.5046)  loss_vfl_aux_0: 0.4617 (0.5074)  loss_vfl_aux_1: 0.4587 (0.5074)  loss_vfl_aux_2: 0.4355 (0.4873)  loss_vfl_dn_0: 0.4641 (0.4741)  loss_vfl_dn_1: 0.4520 (0.4562)  loss_vfl_dn_2: 0.4456 (0.4518)  time: 0.9695  data: 0.0420  max mem: 8872
Epoch: [26]  [200/809]  eta: 0:09:48  lr: 0.000100  loss: 10.4392 (10.5621)  loss_bbox: 0.0911 (0.1082)  loss_bbox_aux_0: 0.0949 (0.1149)  loss_bbox_aux_1: 0.0936 (0.1100)  loss_bbox_aux_2: 0.1173 (0.1294)  loss_bbox_dn_0: 0.0637 (0.0596)  loss_bbox_dn_1: 0.0523 (0.0492)  loss_bbox_dn_2: 0.0493 (0.0477)  loss_giou: 1.0059 (1.0351)  loss_giou_aux_0: 1.0481 (1.0739)  loss_giou_aux_1: 1.0152 (1.0458)  loss_giou_aux_2: 1.1013 (1.1362)  loss_giou_dn_0: 0.8417 (0.8146)  loss_giou_dn_1: 0.7322 (0.7292)  loss_giou_dn_2: 0.7162 (0.7181)  loss_vfl: 0.5288 (0.5045)  loss_vfl_aux_0: 0.5208 (0.5075)  loss_vfl_aux_1: 0.5405 (0.5081)  loss_vfl_aux_2: 0.5131 (0.4888)  loss_vfl_dn_0: 0.4720 (0.4734)  loss_vfl_dn_1: 0.4569 (0.4560)  loss_vfl_dn_2: 0.4487 (0.4519)  time: 0.9031  data: 0.0351  max mem: 8872
Epoch: [26]  [300/809]  eta: 0:08:07  lr: 0.000100  loss: 10.1804 (10.5254)  loss_bbox: 0.0901 (0.1060)  loss_bbox_aux_0: 0.0939 (0.1123)  loss_bbox_aux_1: 0.0911 (0.1076)  loss_bbox_aux_2: 0.1083 (0.1268)  loss_bbox_dn_0: 0.0556 (0.0601)  loss_bbox_dn_1: 0.0446 (0.0495)  loss_bbox_dn_2: 0.0432 (0.0480)  loss_giou: 0.9412 (1.0265)  loss_giou_aux_0: 0.9729 (1.0651)  loss_giou_aux_1: 0.9492 (1.0365)  loss_giou_aux_2: 1.0439 (1.1281)  loss_giou_dn_0: 0.7958 (0.8141)  loss_giou_dn_1: 0.7143 (0.7274)  loss_giou_dn_2: 0.7007 (0.7160)  loss_vfl: 0.5178 (0.5070)  loss_vfl_aux_0: 0.5411 (0.5106)  loss_vfl_aux_1: 0.5276 (0.5111)  loss_vfl_aux_2: 0.5095 (0.4914)  loss_vfl_dn_0: 0.4789 (0.4739)  loss_vfl_dn_1: 0.4607 (0.4558)  loss_vfl_dn_2: 0.4583 (0.4518)  time: 0.9281  data: 0.0387  max mem: 8872
Epoch: [26]  [400/809]  eta: 0:06:26  lr: 0.000100  loss: 10.0065 (10.4888)  loss_bbox: 0.0816 (0.1032)  loss_bbox_aux_0: 0.0854 (0.1093)  loss_bbox_aux_1: 0.0825 (0.1048)  loss_bbox_aux_2: 0.1026 (0.1236)  loss_bbox_dn_0: 0.0624 (0.0601)  loss_bbox_dn_1: 0.0502 (0.0496)  loss_bbox_dn_2: 0.0491 (0.0480)  loss_giou: 0.9170 (1.0213)  loss_giou_aux_0: 0.9559 (1.0595)  loss_giou_aux_1: 0.9272 (1.0311)  loss_giou_aux_2: 1.0081 (1.1232)  loss_giou_dn_0: 0.7659 (0.8136)  loss_giou_dn_1: 0.6932 (0.7262)  loss_giou_dn_2: 0.6840 (0.7148)  loss_vfl: 0.5159 (0.5070)  loss_vfl_aux_0: 0.5201 (0.5109)  loss_vfl_aux_1: 0.5242 (0.5112)  loss_vfl_aux_2: 0.4962 (0.4912)  loss_vfl_dn_0: 0.4756 (0.4731)  loss_vfl_dn_1: 0.4554 (0.4555)  loss_vfl_dn_2: 0.4496 (0.4514)  time: 0.9028  data: 0.0347  max mem: 8872
Epoch: [26]  [500/809]  eta: 0:04:51  lr: 0.000100  loss: 10.2320 (10.4866)  loss_bbox: 0.0841 (0.1037)  loss_bbox_aux_0: 0.0911 (0.1098)  loss_bbox_aux_1: 0.0857 (0.1054)  loss_bbox_aux_2: 0.1176 (0.1244)  loss_bbox_dn_0: 0.0534 (0.0598)  loss_bbox_dn_1: 0.0428 (0.0492)  loss_bbox_dn_2: 0.0412 (0.0477)  loss_giou: 0.9457 (1.0208)  loss_giou_aux_0: 0.9909 (1.0592)  loss_giou_aux_1: 0.9503 (1.0307)  loss_giou_aux_2: 1.0863 (1.1230)  loss_giou_dn_0: 0.7998 (0.8115)  loss_giou_dn_1: 0.7159 (0.7246)  loss_giou_dn_2: 0.6996 (0.7131)  loss_vfl: 0.5162 (0.5081)  loss_vfl_aux_0: 0.5066 (0.5115)  loss_vfl_aux_1: 0.5195 (0.5120)  loss_vfl_aux_2: 0.4734 (0.4921)  loss_vfl_dn_0: 0.4689 (0.4732)  loss_vfl_dn_1: 0.4498 (0.4555)  loss_vfl_dn_2: 0.4453 (0.4514)  time: 0.9456  data: 0.0440  max mem: 8872
Epoch: [26]  [600/809]  eta: 0:03:16  lr: 0.000100  loss: 10.6556 (10.4679)  loss_bbox: 0.0887 (0.1023)  loss_bbox_aux_0: 0.0920 (0.1083)  loss_bbox_aux_1: 0.0898 (0.1039)  loss_bbox_aux_2: 0.1094 (0.1228)  loss_bbox_dn_0: 0.0501 (0.0597)  loss_bbox_dn_1: 0.0442 (0.0491)  loss_bbox_dn_2: 0.0435 (0.0476)  loss_giou: 1.1006 (1.0169)  loss_giou_aux_0: 1.1282 (1.0550)  loss_giou_aux_1: 1.1072 (1.0268)  loss_giou_aux_2: 1.1872 (1.1193)  loss_giou_dn_0: 0.8182 (0.8101)  loss_giou_dn_1: 0.7392 (0.7231)  loss_giou_dn_2: 0.7266 (0.7116)  loss_vfl: 0.4778 (0.5093)  loss_vfl_aux_0: 0.4854 (0.5136)  loss_vfl_aux_1: 0.4957 (0.5134)  loss_vfl_aux_2: 0.4623 (0.4942)  loss_vfl_dn_0: 0.4739 (0.4737)  loss_vfl_dn_1: 0.4539 (0.4558)  loss_vfl_dn_2: 0.4503 (0.4515)  time: 0.9161  data: 0.0372  max mem: 8872
Epoch: [26]  [700/809]  eta: 0:01:42  lr: 0.000100  loss: 10.3601 (10.4702)  loss_bbox: 0.0959 (0.1022)  loss_bbox_aux_0: 0.1015 (0.1082)  loss_bbox_aux_1: 0.1014 (0.1038)  loss_bbox_aux_2: 0.1102 (0.1228)  loss_bbox_dn_0: 0.0550 (0.0599)  loss_bbox_dn_1: 0.0460 (0.0494)  loss_bbox_dn_2: 0.0447 (0.0479)  loss_giou: 0.9644 (1.0167)  loss_giou_aux_0: 0.9957 (1.0552)  loss_giou_aux_1: 0.9763 (1.0269)  loss_giou_aux_2: 1.0603 (1.1194)  loss_giou_dn_0: 0.8065 (0.8105)  loss_giou_dn_1: 0.7191 (0.7236)  loss_giou_dn_2: 0.7056 (0.7121)  loss_vfl: 0.5195 (0.5096)  loss_vfl_aux_0: 0.5144 (0.5135)  loss_vfl_aux_1: 0.5227 (0.5136)  loss_vfl_aux_2: 0.5021 (0.4945)  loss_vfl_dn_0: 0.4775 (0.4734)  loss_vfl_dn_1: 0.4608 (0.4556)  loss_vfl_dn_2: 0.4525 (0.4513)  time: 0.9128  data: 0.0364  max mem: 8872
Epoch: [26]  [800/809]  eta: 0:00:08  lr: 0.000100  loss: 10.2395 (10.4749)  loss_bbox: 0.0858 (0.1028)  loss_bbox_aux_0: 0.0883 (0.1088)  loss_bbox_aux_1: 0.0876 (0.1045)  loss_bbox_aux_2: 0.1103 (0.1235)  loss_bbox_dn_0: 0.0573 (0.0598)  loss_bbox_dn_1: 0.0474 (0.0493)  loss_bbox_dn_2: 0.0462 (0.0478)  loss_giou: 0.9705 (1.0182)  loss_giou_aux_0: 0.9966 (1.0562)  loss_giou_aux_1: 0.9832 (1.0283)  loss_giou_aux_2: 1.0553 (1.1207)  loss_giou_dn_0: 0.7936 (0.8099)  loss_giou_dn_1: 0.7107 (0.7236)  loss_giou_dn_2: 0.6944 (0.7120)  loss_vfl: 0.4924 (0.5091)  loss_vfl_aux_0: 0.5210 (0.5131)  loss_vfl_aux_1: 0.4972 (0.5129)  loss_vfl_aux_2: 0.4885 (0.4941)  loss_vfl_dn_0: 0.4728 (0.4735)  loss_vfl_dn_1: 0.4541 (0.4555)  loss_vfl_dn_2: 0.4495 (0.4513)  time: 0.9197  data: 0.0384  max mem: 8872
Epoch: [26]  [808/809]  eta: 0:00:00  lr: 0.000100  loss: 10.0458 (10.4697)  loss_bbox: 0.0731 (0.1025)  loss_bbox_aux_0: 0.0770 (0.1085)  loss_bbox_aux_1: 0.0743 (0.1042)  loss_bbox_aux_2: 0.0877 (0.1232)  loss_bbox_dn_0: 0.0580 (0.0597)  loss_bbox_dn_1: 0.0474 (0.0493)  loss_bbox_dn_2: 0.0462 (0.0478)  loss_giou: 0.9165 (1.0170)  loss_giou_aux_0: 0.9331 (1.0549)  loss_giou_aux_1: 0.9150 (1.0271)  loss_giou_aux_2: 1.0102 (1.1195)  loss_giou_dn_0: 0.7657 (0.8095)  loss_giou_dn_1: 0.6741 (0.7232)  loss_giou_dn_2: 0.6569 (0.7117)  loss_vfl: 0.5515 (0.5095)  loss_vfl_aux_0: 0.5626 (0.5136)  loss_vfl_aux_1: 0.5568 (0.5133)  loss_vfl_aux_2: 0.5500 (0.4946)  loss_vfl_dn_0: 0.4808 (0.4736)  loss_vfl_dn_1: 0.4506 (0.4555)  loss_vfl_dn_2: 0.4459 (0.4513)  time: 0.7807  data: 0.0308  max mem: 8872
Epoch: [26] Total time: 0:12:37 (0.9359 s / it)
Averaged stats: lr: 0.000100  loss: 10.0458 (10.4697)  loss_bbox: 0.0731 (0.1025)  loss_bbox_aux_0: 0.0770 (0.1085)  loss_bbox_aux_1: 0.0743 (0.1042)  loss_bbox_aux_2: 0.0877 (0.1232)  loss_bbox_dn_0: 0.0580 (0.0597)  loss_bbox_dn_1: 0.0474 (0.0493)  loss_bbox_dn_2: 0.0462 (0.0478)  loss_giou: 0.9165 (1.0170)  loss_giou_aux_0: 0.9331 (1.0549)  loss_giou_aux_1: 0.9150 (1.0271)  loss_giou_aux_2: 1.0102 (1.1195)  loss_giou_dn_0: 0.7657 (0.8095)  loss_giou_dn_1: 0.6741 (0.7232)  loss_giou_dn_2: 0.6569 (0.7117)  loss_vfl: 0.5515 (0.5095)  loss_vfl_aux_0: 0.5626 (0.5136)  loss_vfl_aux_1: 0.5568 (0.5133)  loss_vfl_aux_2: 0.5500 (0.4946)  loss_vfl_dn_0: 0.4808 (0.4736)  loss_vfl_dn_1: 0.4506 (0.4555)  loss_vfl_dn_2: 0.4459 (0.4513)
Test:  [ 0/69]  eta: 0:01:23    time: 1.2130  data: 0.6202  max mem: 8872
Test:  [10/69]  eta: 0:00:39    time: 0.6759  data: 0.0758  max mem: 8872
Test:  [20/69]  eta: 0:00:32    time: 0.6380  data: 0.0212  max mem: 8872
Test:  [30/69]  eta: 0:00:25    time: 0.6295  data: 0.0206  max mem: 8872
Test:  [40/69]  eta: 0:00:18    time: 0.5853  data: 0.0211  max mem: 8872
Test:  [50/69]  eta: 0:00:11    time: 0.5489  data: 0.0222  max mem: 8872
Test:  [60/69]  eta: 0:00:05    time: 0.5283  data: 0.0215  max mem: 8872
Test:  [68/69]  eta: 0:00:00    time: 0.5416  data: 0.0197  max mem: 8872
Test: Total time: 0:00:40 (0.5935 s / it)
Averaged stats: 
Accumulating evaluation results...
DONE (t=1.90s).
IoU metric: bbox
 Average Precision  (AP) @[ IoU=0.50:0.95 | area=   all | maxDets=100 ] = 0.192
 Average Precision  (AP) @[ IoU=0.50      | area=   all | maxDets=100 ] = 0.322
 Average Precision  (AP) @[ IoU=0.75      | area=   all | maxDets=100 ] = 0.195
 Average Precision  (AP) @[ IoU=0.50:0.95 | area= small | maxDets=100 ] = 0.120
 Average Precision  (AP) @[ IoU=0.50:0.95 | area=medium | maxDets=100 ] = 0.271
 Average Precision  (AP) @[ IoU=0.50:0.95 | area= large | maxDets=100 ] = 0.371
 Average Recall     (AR) @[ IoU=0.50:0.95 | area=   all | maxDets=  1 ] = 0.089
 Average Recall     (AR) @[ IoU=0.50:0.95 | area=   all | maxDets= 10 ] = 0.256
 Average Recall     (AR) @[ IoU=0.50:0.95 | area=   all | maxDets=100 ] = 0.348
 Average Recall     (AR) @[ IoU=0.50:0.95 | area= small | maxDets=100 ] = 0.257
 Average Recall     (AR) @[ IoU=0.50:0.95 | area=medium | maxDets=100 ] = 0.462
 Average Recall     (AR) @[ IoU=0.50:0.95 | area= large | maxDets=100 ] = 0.576
best_stat:  {'epoch': 26, 'coco_eval_bbox': 0.19188410867954162}
Epoch: [27]  [  0/809]  eta: 1:21:38  lr: 0.000100  loss: 9.2629 (9.2629)  loss_bbox: 0.0607 (0.0607)  loss_bbox_aux_0: 0.0657 (0.0657)  loss_bbox_aux_1: 0.0619 (0.0619)  loss_bbox_aux_2: 0.0791 (0.0791)  loss_bbox_dn_0: 0.0550 (0.0550)  loss_bbox_dn_1: 0.0418 (0.0418)  loss_bbox_dn_2: 0.0406 (0.0406)  loss_giou: 0.7089 (0.7089)  loss_giou_aux_0: 0.7356 (0.7356)  loss_giou_aux_1: 0.7239 (0.7239)  loss_giou_aux_2: 0.8345 (0.8345)  loss_giou_dn_0: 0.6847 (0.6847)  loss_giou_dn_1: 0.5831 (0.5831)  loss_giou_dn_2: 0.5779 (0.5779)  loss_vfl: 0.6405 (0.6405)  loss_vfl_aux_0: 0.6631 (0.6631)  loss_vfl_aux_1: 0.6499 (0.6499)  loss_vfl_aux_2: 0.6647 (0.6647)  loss_vfl_dn_0: 0.4924 (0.4924)  loss_vfl_dn_1: 0.4532 (0.4532)  loss_vfl_dn_2: 0.4457 (0.4457)  time: 6.0549  data: 1.9186  max mem: 8872
Epoch: [27]  [100/809]  eta: 0:11:34  lr: 0.000100  loss: 10.0863 (10.3524)  loss_bbox: 0.0857 (0.0990)  loss_bbox_aux_0: 0.0846 (0.1049)  loss_bbox_aux_1: 0.0861 (0.1007)  loss_bbox_aux_2: 0.0987 (0.1178)  loss_bbox_dn_0: 0.0605 (0.0596)  loss_bbox_dn_1: 0.0498 (0.0490)  loss_bbox_dn_2: 0.0472 (0.0475)  loss_giou: 0.9108 (0.9902)  loss_giou_aux_0: 0.9491 (1.0259)  loss_giou_aux_1: 0.9187 (1.0005)  loss_giou_aux_2: 1.0175 (1.0927)  loss_giou_dn_0: 0.7899 (0.7969)  loss_giou_dn_1: 0.7091 (0.7114)  loss_giou_dn_2: 0.6946 (0.7000)  loss_vfl: 0.5238 (0.5171)  loss_vfl_aux_0: 0.5328 (0.5234)  loss_vfl_aux_1: 0.5403 (0.5221)  loss_vfl_aux_2: 0.5056 (0.5074)  loss_vfl_dn_0: 0.4757 (0.4761)  loss_vfl_dn_1: 0.4579 (0.4569)  loss_vfl_dn_2: 0.4539 (0.4531)  time: 0.9599  data: 0.0354  max mem: 8872
Epoch: [27]  [200/809]  eta: 0:09:37  lr: 0.000100  loss: 10.5603 (10.5237)  loss_bbox: 0.1123 (0.1095)  loss_bbox_aux_0: 0.1149 (0.1157)  loss_bbox_aux_1: 0.1132 (0.1113)  loss_bbox_aux_2: 0.1342 (0.1299)  loss_bbox_dn_0: 0.0569 (0.0599)  loss_bbox_dn_1: 0.0464 (0.0494)  loss_bbox_dn_2: 0.0453 (0.0479)  loss_giou: 1.0231 (1.0284)  loss_giou_aux_0: 1.0684 (1.0655)  loss_giou_aux_1: 1.0414 (1.0394)  loss_giou_aux_2: 1.1186 (1.1293)  loss_giou_dn_0: 0.8062 (0.8068)  loss_giou_dn_1: 0.7260 (0.7204)  loss_giou_dn_2: 0.7177 (0.7096)  loss_vfl: 0.4875 (0.5047)  loss_vfl_aux_0: 0.4966 (0.5098)  loss_vfl_aux_1: 0.4934 (0.5094)  loss_vfl_aux_2: 0.4598 (0.4931)  loss_vfl_dn_0: 0.4735 (0.4744)  loss_vfl_dn_1: 0.4618 (0.4565)  loss_vfl_dn_2: 0.4597 (0.4527)  time: 0.9134  data: 0.0423  max mem: 8872
Epoch: [27]  [300/809]  eta: 0:08:00  lr: 0.000100  loss: 10.2001 (10.5207)  loss_bbox: 0.0907 (0.1096)  loss_bbox_aux_0: 0.0981 (0.1162)  loss_bbox_aux_1: 0.0948 (0.1114)  loss_bbox_aux_2: 0.1105 (0.1309)  loss_bbox_dn_0: 0.0606 (0.0595)  loss_bbox_dn_1: 0.0489 (0.0489)  loss_bbox_dn_2: 0.0474 (0.0475)  loss_giou: 0.9413 (1.0280)  loss_giou_aux_0: 0.9683 (1.0639)  loss_giou_aux_1: 0.9536 (1.0387)  loss_giou_aux_2: 1.0407 (1.1292)  loss_giou_dn_0: 0.7754 (0.8062)  loss_giou_dn_1: 0.6913 (0.7201)  loss_giou_dn_2: 0.6801 (0.7092)  loss_vfl: 0.5222 (0.5045)  loss_vfl_aux_0: 0.5264 (0.5105)  loss_vfl_aux_1: 0.5342 (0.5096)  loss_vfl_aux_2: 0.5028 (0.4937)  loss_vfl_dn_0: 0.4719 (0.4744)  loss_vfl_dn_1: 0.4536 (0.4564)  loss_vfl_dn_2: 0.4543 (0.4524)  time: 0.9375  data: 0.0315  max mem: 8872
Epoch: [27]  [400/809]  eta: 0:06:27  lr: 0.000100  loss: 10.0784 (10.5007)  loss_bbox: 0.0834 (0.1082)  loss_bbox_aux_0: 0.0901 (0.1146)  loss_bbox_aux_1: 0.0851 (0.1098)  loss_bbox_aux_2: 0.0997 (0.1296)  loss_bbox_dn_0: 0.0602 (0.0597)  loss_bbox_dn_1: 0.0497 (0.0491)  loss_bbox_dn_2: 0.0471 (0.0476)  loss_giou: 0.9127 (1.0229)  loss_giou_aux_0: 0.9491 (1.0601)  loss_giou_aux_1: 0.9271 (1.0343)  loss_giou_aux_2: 1.0092 (1.1254)  loss_giou_dn_0: 0.7726 (0.8062)  loss_giou_dn_1: 0.6831 (0.7204)  loss_giou_dn_2: 0.6683 (0.7092)  loss_vfl: 0.5326 (0.5054)  loss_vfl_aux_0: 0.5361 (0.5109)  loss_vfl_aux_1: 0.5356 (0.5101)  loss_vfl_aux_2: 0.5323 (0.4948)  loss_vfl_dn_0: 0.4740 (0.4744)  loss_vfl_dn_1: 0.4502 (0.4561)  loss_vfl_dn_2: 0.4481 (0.4519)  time: 0.9306  data: 0.0388  max mem: 8872
Epoch: [27]  [500/809]  eta: 0:04:53  lr: 0.000100  loss: 10.5597 (10.4919)  loss_bbox: 0.0934 (0.1069)  loss_bbox_aux_0: 0.0983 (0.1130)  loss_bbox_aux_1: 0.0966 (0.1083)  loss_bbox_aux_2: 0.1089 (0.1277)  loss_bbox_dn_0: 0.0539 (0.0596)  loss_bbox_dn_1: 0.0435 (0.0491)  loss_bbox_dn_2: 0.0415 (0.0476)  loss_giou: 0.9807 (1.0215)  loss_giou_aux_0: 1.0127 (1.0591)  loss_giou_aux_1: 0.9923 (1.0327)  loss_giou_aux_2: 1.1008 (1.1235)  loss_giou_dn_0: 0.7979 (0.8056)  loss_giou_dn_1: 0.7066 (0.7196)  loss_giou_dn_2: 0.6901 (0.7085)  loss_vfl: 0.4910 (0.5069)  loss_vfl_aux_0: 0.5055 (0.5123)  loss_vfl_aux_1: 0.5054 (0.5114)  loss_vfl_aux_2: 0.4912 (0.4958)  loss_vfl_dn_0: 0.4722 (0.4746)  loss_vfl_dn_1: 0.4586 (0.4561)  loss_vfl_dn_2: 0.4531 (0.4519)  time: 1.0035  data: 0.0532  max mem: 8872
Epoch: [27]  [600/809]  eta: 0:03:17  lr: 0.000100  loss: 10.3935 (10.4905)  loss_bbox: 0.0900 (0.1062)  loss_bbox_aux_0: 0.0934 (0.1122)  loss_bbox_aux_1: 0.0911 (0.1076)  loss_bbox_aux_2: 0.1009 (0.1265)  loss_bbox_dn_0: 0.0544 (0.0593)  loss_bbox_dn_1: 0.0427 (0.0488)  loss_bbox_dn_2: 0.0416 (0.0473)  loss_giou: 0.9676 (1.0224)  loss_giou_aux_0: 1.0050 (1.0602)  loss_giou_aux_1: 0.9809 (1.0334)  loss_giou_aux_2: 1.0702 (1.1246)  loss_giou_dn_0: 0.8139 (0.8061)  loss_giou_dn_1: 0.7176 (0.7198)  loss_giou_dn_2: 0.7065 (0.7089)  loss_vfl: 0.4825 (0.5067)  loss_vfl_aux_0: 0.4784 (0.5123)  loss_vfl_aux_1: 0.4816 (0.5113)  loss_vfl_aux_2: 0.4631 (0.4957)  loss_vfl_dn_0: 0.4670 (0.4742)  loss_vfl_dn_1: 0.4479 (0.4557)  loss_vfl_dn_2: 0.4435 (0.4513)  time: 0.9518  data: 0.0365  max mem: 8872
Epoch: [27]  [700/809]  eta: 0:01:42  lr: 0.000100  loss: 10.7099 (10.4948)  loss_bbox: 0.1146 (0.1064)  loss_bbox_aux_0: 0.1187 (0.1123)  loss_bbox_aux_1: 0.1171 (0.1078)  loss_bbox_aux_2: 0.1293 (0.1265)  loss_bbox_dn_0: 0.0582 (0.0593)  loss_bbox_dn_1: 0.0492 (0.0489)  loss_bbox_dn_2: 0.0476 (0.0474)  loss_giou: 1.1137 (1.0236)  loss_giou_aux_0: 1.1476 (1.0609)  loss_giou_aux_1: 1.1210 (1.0346)  loss_giou_aux_2: 1.1928 (1.1261)  loss_giou_dn_0: 0.8199 (0.8070)  loss_giou_dn_1: 0.7326 (0.7211)  loss_giou_dn_2: 0.7225 (0.7101)  loss_vfl: 0.4982 (0.5060)  loss_vfl_aux_0: 0.5015 (0.5121)  loss_vfl_aux_1: 0.5056 (0.5110)  loss_vfl_aux_2: 0.4882 (0.4946)  loss_vfl_dn_0: 0.4692 (0.4734)  loss_vfl_dn_1: 0.4530 (0.4551)  loss_vfl_dn_2: 0.4481 (0.4507)  time: 0.9594  data: 0.0414  max mem: 8872
Epoch: [27]  [800/809]  eta: 0:00:08  lr: 0.000100  loss: 10.3012 (10.4659)  loss_bbox: 0.0888 (0.1052)  loss_bbox_aux_0: 0.0922 (0.1112)  loss_bbox_aux_1: 0.0925 (0.1067)  loss_bbox_aux_2: 0.1118 (0.1252)  loss_bbox_dn_0: 0.0595 (0.0595)  loss_bbox_dn_1: 0.0495 (0.0490)  loss_bbox_dn_2: 0.0482 (0.0475)  loss_giou: 0.9473 (1.0174)  loss_giou_aux_0: 0.9852 (1.0551)  loss_giou_aux_1: 0.9583 (1.0287)  loss_giou_aux_2: 1.0651 (1.1204)  loss_giou_dn_0: 0.8026 (0.8055)  loss_giou_dn_1: 0.7190 (0.7195)  loss_giou_dn_2: 0.7045 (0.7085)  loss_vfl: 0.5020 (0.5070)  loss_vfl_aux_0: 0.4922 (0.5131)  loss_vfl_aux_1: 0.5062 (0.5119)  loss_vfl_aux_2: 0.4796 (0.4957)  loss_vfl_dn_0: 0.4726 (0.4735)  loss_vfl_dn_1: 0.4525 (0.4549)  loss_vfl_dn_2: 0.4476 (0.4504)  time: 0.9155  data: 0.0364  max mem: 8872
Epoch: [27]  [808/809]  eta: 0:00:00  lr: 0.000100  loss: 10.1599 (10.4628)  loss_bbox: 0.0873 (0.1050)  loss_bbox_aux_0: 0.0889 (0.1109)  loss_bbox_aux_1: 0.0883 (0.1065)  loss_bbox_aux_2: 0.1033 (0.1250)  loss_bbox_dn_0: 0.0595 (0.0594)  loss_bbox_dn_1: 0.0496 (0.0489)  loss_bbox_dn_2: 0.0484 (0.0474)  loss_giou: 0.9266 (1.0165)  loss_giou_aux_0: 0.9781 (1.0542)  loss_giou_aux_1: 0.9378 (1.0278)  loss_giou_aux_2: 1.0425 (1.1196)  loss_giou_dn_0: 0.8029 (0.8052)  loss_giou_dn_1: 0.7197 (0.7192)  loss_giou_dn_2: 0.7051 (0.7082)  loss_vfl: 0.5131 (0.5076)  loss_vfl_aux_0: 0.5061 (0.5137)  loss_vfl_aux_1: 0.5157 (0.5124)  loss_vfl_aux_2: 0.4796 (0.4962)  loss_vfl_dn_0: 0.4752 (0.4735)  loss_vfl_dn_1: 0.4558 (0.4549)  loss_vfl_dn_2: 0.4480 (0.4504)  time: 0.7768  data: 0.0300  max mem: 8872
Epoch: [27] Total time: 0:12:38 (0.9375 s / it)
Averaged stats: lr: 0.000100  loss: 10.1599 (10.4628)  loss_bbox: 0.0873 (0.1050)  loss_bbox_aux_0: 0.0889 (0.1109)  loss_bbox_aux_1: 0.0883 (0.1065)  loss_bbox_aux_2: 0.1033 (0.1250)  loss_bbox_dn_0: 0.0595 (0.0594)  loss_bbox_dn_1: 0.0496 (0.0489)  loss_bbox_dn_2: 0.0484 (0.0474)  loss_giou: 0.9266 (1.0165)  loss_giou_aux_0: 0.9781 (1.0542)  loss_giou_aux_1: 0.9378 (1.0278)  loss_giou_aux_2: 1.0425 (1.1196)  loss_giou_dn_0: 0.8029 (0.8052)  loss_giou_dn_1: 0.7197 (0.7192)  loss_giou_dn_2: 0.7051 (0.7082)  loss_vfl: 0.5131 (0.5076)  loss_vfl_aux_0: 0.5061 (0.5137)  loss_vfl_aux_1: 0.5157 (0.5124)  loss_vfl_aux_2: 0.4796 (0.4962)  loss_vfl_dn_0: 0.4752 (0.4735)  loss_vfl_dn_1: 0.4558 (0.4549)  loss_vfl_dn_2: 0.4480 (0.4504)
Test:  [ 0/69]  eta: 0:01:29    time: 1.3029  data: 0.7465  max mem: 8872
Test:  [10/69]  eta: 0:00:45    time: 0.7713  data: 0.0824  max mem: 8872
Test:  [20/69]  eta: 0:00:35    time: 0.6862  data: 0.0178  max mem: 8872
Test:  [30/69]  eta: 0:00:26    time: 0.6223  data: 0.0208  max mem: 8872
Test:  [40/69]  eta: 0:00:18    time: 0.5833  data: 0.0215  max mem: 8872
Test:  [50/69]  eta: 0:00:11    time: 0.5521  data: 0.0214  max mem: 8872
Test:  [60/69]  eta: 0:00:05    time: 0.5295  data: 0.0216  max mem: 8872
Test:  [68/69]  eta: 0:00:00    time: 0.5444  data: 0.0198  max mem: 8872
Test: Total time: 0:00:41 (0.6083 s / it)
Averaged stats: 
Accumulating evaluation results...
DONE (t=1.97s).
IoU metric: bbox
 Average Precision  (AP) @[ IoU=0.50:0.95 | area=   all | maxDets=100 ] = 0.193
 Average Precision  (AP) @[ IoU=0.50      | area=   all | maxDets=100 ] = 0.323
 Average Precision  (AP) @[ IoU=0.75      | area=   all | maxDets=100 ] = 0.195
 Average Precision  (AP) @[ IoU=0.50:0.95 | area= small | maxDets=100 ] = 0.121
 Average Precision  (AP) @[ IoU=0.50:0.95 | area=medium | maxDets=100 ] = 0.273
 Average Precision  (AP) @[ IoU=0.50:0.95 | area= large | maxDets=100 ] = 0.376
 Average Recall     (AR) @[ IoU=0.50:0.95 | area=   all | maxDets=  1 ] = 0.089
 Average Recall     (AR) @[ IoU=0.50:0.95 | area=   all | maxDets= 10 ] = 0.258
 Average Recall     (AR) @[ IoU=0.50:0.95 | area=   all | maxDets=100 ] = 0.350
 Average Recall     (AR) @[ IoU=0.50:0.95 | area= small | maxDets=100 ] = 0.258
 Average Recall     (AR) @[ IoU=0.50:0.95 | area=medium | maxDets=100 ] = 0.465
 Average Recall     (AR) @[ IoU=0.50:0.95 | area= large | maxDets=100 ] = 0.579
best_stat:  {'epoch': 27, 'coco_eval_bbox': 0.19308314962652207}
Epoch: [28]  [  0/809]  eta: 1:04:04  lr: 0.000100  loss: 10.0404 (10.0404)  loss_bbox: 0.1078 (0.1078)  loss_bbox_aux_0: 0.1154 (0.1154)  loss_bbox_aux_1: 0.1099 (0.1099)  loss_bbox_aux_2: 0.1262 (0.1262)  loss_bbox_dn_0: 0.0715 (0.0715)  loss_bbox_dn_1: 0.0573 (0.0573)  loss_bbox_dn_2: 0.0562 (0.0562)  loss_giou: 0.9310 (0.9310)  loss_giou_aux_0: 0.9735 (0.9735)  loss_giou_aux_1: 0.9382 (0.9382)  loss_giou_aux_2: 1.0399 (1.0399)  loss_giou_dn_0: 0.8082 (0.8082)  loss_giou_dn_1: 0.7077 (0.7077)  loss_giou_dn_2: 0.6944 (0.6944)  loss_vfl: 0.4810 (0.4810)  loss_vfl_aux_0: 0.4874 (0.4874)  loss_vfl_aux_1: 0.4874 (0.4874)  loss_vfl_aux_2: 0.5020 (0.5020)  loss_vfl_dn_0: 0.4581 (0.4581)  loss_vfl_dn_1: 0.4454 (0.4454)  loss_vfl_dn_2: 0.4418 (0.4418)  time: 4.7524  data: 2.2629  max mem: 8872
Epoch: [28]  [100/809]  eta: 0:11:46  lr: 0.000100  loss: 10.4795 (10.5270)  loss_bbox: 0.0903 (0.1033)  loss_bbox_aux_0: 0.1010 (0.1088)  loss_bbox_aux_1: 0.0948 (0.1049)  loss_bbox_aux_2: 0.1157 (0.1240)  loss_bbox_dn_0: 0.0548 (0.0572)  loss_bbox_dn_1: 0.0467 (0.0467)  loss_bbox_dn_2: 0.0458 (0.0454)  loss_giou: 0.9941 (1.0394)  loss_giou_aux_0: 1.0368 (1.0754)  loss_giou_aux_1: 1.0128 (1.0509)  loss_giou_aux_2: 1.1025 (1.1482)  loss_giou_dn_0: 0.7802 (0.8131)  loss_giou_dn_1: 0.6918 (0.7268)  loss_giou_dn_2: 0.6745 (0.7161)  loss_vfl: 0.5114 (0.5006)  loss_vfl_aux_0: 0.5051 (0.5050)  loss_vfl_aux_1: 0.5064 (0.5039)  loss_vfl_aux_2: 0.4834 (0.4795)  loss_vfl_dn_0: 0.4767 (0.4729)  loss_vfl_dn_1: 0.4607 (0.4546)  loss_vfl_dn_2: 0.4565 (0.4503)  time: 0.9257  data: 0.0339  max mem: 8872
Epoch: [28]  [200/809]  eta: 0:09:43  lr: 0.000100  loss: 9.9290 (10.3734)  loss_bbox: 0.0845 (0.1000)  loss_bbox_aux_0: 0.0902 (0.1058)  loss_bbox_aux_1: 0.0843 (0.1016)  loss_bbox_aux_2: 0.1017 (0.1199)  loss_bbox_dn_0: 0.0530 (0.0593)  loss_bbox_dn_1: 0.0428 (0.0486)  loss_bbox_dn_2: 0.0420 (0.0470)  loss_giou: 0.8740 (1.0007)  loss_giou_aux_0: 0.9149 (1.0381)  loss_giou_aux_1: 0.8869 (1.0107)  loss_giou_aux_2: 0.9911 (1.1065)  loss_giou_dn_0: 0.7647 (0.8000)  loss_giou_dn_1: 0.6856 (0.7140)  loss_giou_dn_2: 0.6768 (0.7025)  loss_vfl: 0.5337 (0.5095)  loss_vfl_aux_0: 0.5498 (0.5159)  loss_vfl_aux_1: 0.5463 (0.5148)  loss_vfl_aux_2: 0.5159 (0.4966)  loss_vfl_dn_0: 0.4728 (0.4744)  loss_vfl_dn_1: 0.4589 (0.4561)  loss_vfl_dn_2: 0.4528 (0.4513)  time: 0.9094  data: 0.0368  max mem: 8872
Epoch: [28]  [300/809]  eta: 0:08:06  lr: 0.000100  loss: 10.2803 (10.4108)  loss_bbox: 0.1000 (0.1021)  loss_bbox_aux_0: 0.1050 (0.1081)  loss_bbox_aux_1: 0.1010 (0.1038)  loss_bbox_aux_2: 0.1141 (0.1228)  loss_bbox_dn_0: 0.0614 (0.0593)  loss_bbox_dn_1: 0.0488 (0.0487)  loss_bbox_dn_2: 0.0476 (0.0471)  loss_giou: 0.9871 (1.0118)  loss_giou_aux_0: 1.0302 (1.0501)  loss_giou_aux_1: 1.0116 (1.0229)  loss_giou_aux_2: 1.0685 (1.1153)  loss_giou_dn_0: 0.7995 (0.8016)  loss_giou_dn_1: 0.7240 (0.7169)  loss_giou_dn_2: 0.7001 (0.7055)  loss_vfl: 0.4969 (0.5040)  loss_vfl_aux_0: 0.5125 (0.5101)  loss_vfl_aux_1: 0.5048 (0.5091)  loss_vfl_aux_2: 0.5079 (0.4918)  loss_vfl_dn_0: 0.4751 (0.4738)  loss_vfl_dn_1: 0.4523 (0.4552)  loss_vfl_dn_2: 0.4488 (0.4507)  time: 0.9755  data: 0.0431  max mem: 8872
Epoch: [28]  [400/809]  eta: 0:06:29  lr: 0.000100  loss: 10.3134 (10.4180)  loss_bbox: 0.0951 (0.1029)  loss_bbox_aux_0: 0.1021 (0.1092)  loss_bbox_aux_1: 0.0953 (0.1048)  loss_bbox_aux_2: 0.1191 (0.1239)  loss_bbox_dn_0: 0.0562 (0.0601)  loss_bbox_dn_1: 0.0434 (0.0494)  loss_bbox_dn_2: 0.0414 (0.0478)  loss_giou: 0.8839 (1.0087)  loss_giou_aux_0: 0.9579 (1.0472)  loss_giou_aux_1: 0.9100 (1.0198)  loss_giou_aux_2: 1.0080 (1.1129)  loss_giou_dn_0: 0.8060 (0.8027)  loss_giou_dn_1: 0.7281 (0.7172)  loss_giou_dn_2: 0.7175 (0.7058)  loss_vfl: 0.4965 (0.5070)  loss_vfl_aux_0: 0.5049 (0.5125)  loss_vfl_aux_1: 0.4965 (0.5116)  loss_vfl_aux_2: 0.4681 (0.4939)  loss_vfl_dn_0: 0.4694 (0.4741)  loss_vfl_dn_1: 0.4465 (0.4555)  loss_vfl_dn_2: 0.4454 (0.4510)  time: 0.9455  data: 0.0368  max mem: 8872
Epoch: [28]  [500/809]  eta: 0:04:53  lr: 0.000100  loss: 10.4203 (10.4338)  loss_bbox: 0.0887 (0.1029)  loss_bbox_aux_0: 0.0912 (0.1091)  loss_bbox_aux_1: 0.0886 (0.1046)  loss_bbox_aux_2: 0.1008 (0.1235)  loss_bbox_dn_0: 0.0591 (0.0597)  loss_bbox_dn_1: 0.0500 (0.0491)  loss_bbox_dn_2: 0.0475 (0.0475)  loss_giou: 1.0038 (1.0117)  loss_giou_aux_0: 1.0242 (1.0497)  loss_giou_aux_1: 1.0049 (1.0226)  loss_giou_aux_2: 1.0977 (1.1153)  loss_giou_dn_0: 0.8345 (0.8043)  loss_giou_dn_1: 0.7437 (0.7189)  loss_giou_dn_2: 0.7342 (0.7077)  loss_vfl: 0.5123 (0.5072)  loss_vfl_aux_0: 0.5114 (0.5131)  loss_vfl_aux_1: 0.5144 (0.5119)  loss_vfl_aux_2: 0.4966 (0.4947)  loss_vfl_dn_0: 0.4656 (0.4741)  loss_vfl_dn_1: 0.4512 (0.4554)  loss_vfl_dn_2: 0.4464 (0.4508)  time: 0.9061  data: 0.0322  max mem: 8872
Epoch: [28]  [600/809]  eta: 0:03:19  lr: 0.000100  loss: 10.2808 (10.4274)  loss_bbox: 0.0968 (0.1027)  loss_bbox_aux_0: 0.0989 (0.1089)  loss_bbox_aux_1: 0.0997 (0.1043)  loss_bbox_aux_2: 0.1131 (0.1231)  loss_bbox_dn_0: 0.0608 (0.0598)  loss_bbox_dn_1: 0.0510 (0.0492)  loss_bbox_dn_2: 0.0502 (0.0477)  loss_giou: 0.9677 (1.0096)  loss_giou_aux_0: 1.0083 (1.0473)  loss_giou_aux_1: 0.9824 (1.0202)  loss_giou_aux_2: 1.0838 (1.1133)  loss_giou_dn_0: 0.8022 (0.8031)  loss_giou_dn_1: 0.7182 (0.7175)  loss_giou_dn_2: 0.7100 (0.7064)  loss_vfl: 0.5140 (0.5090)  loss_vfl_aux_0: 0.5265 (0.5152)  loss_vfl_aux_1: 0.5220 (0.5139)  loss_vfl_aux_2: 0.5020 (0.4963)  loss_vfl_dn_0: 0.4729 (0.4741)  loss_vfl_dn_1: 0.4548 (0.4552)  loss_vfl_dn_2: 0.4503 (0.4507)  time: 0.9905  data: 0.0349  max mem: 8872
Epoch: [28]  [700/809]  eta: 0:01:43  lr: 0.000100  loss: 10.1416 (10.4266)  loss_bbox: 0.0926 (0.1029)  loss_bbox_aux_0: 0.0984 (0.1091)  loss_bbox_aux_1: 0.0955 (0.1045)  loss_bbox_aux_2: 0.1070 (0.1228)  loss_bbox_dn_0: 0.0624 (0.0600)  loss_bbox_dn_1: 0.0518 (0.0494)  loss_bbox_dn_2: 0.0506 (0.0478)  loss_giou: 0.9386 (1.0085)  loss_giou_aux_0: 0.9850 (1.0458)  loss_giou_aux_1: 0.9587 (1.0192)  loss_giou_aux_2: 1.0553 (1.1117)  loss_giou_dn_0: 0.7633 (0.8022)  loss_giou_dn_1: 0.6764 (0.7167)  loss_giou_dn_2: 0.6660 (0.7055)  loss_vfl: 0.5068 (0.5101)  loss_vfl_aux_0: 0.5122 (0.5165)  loss_vfl_aux_1: 0.5110 (0.5154)  loss_vfl_aux_2: 0.5068 (0.4979)  loss_vfl_dn_0: 0.4791 (0.4743)  loss_vfl_dn_1: 0.4581 (0.4554)  loss_vfl_dn_2: 0.4526 (0.4508)  time: 0.9331  data: 0.0369  max mem: 8872
Epoch: [28]  [800/809]  eta: 0:00:08  lr: 0.000100  loss: 9.9961 (10.4280)  loss_bbox: 0.0822 (0.1029)  loss_bbox_aux_0: 0.0866 (0.1091)  loss_bbox_aux_1: 0.0824 (0.1045)  loss_bbox_aux_2: 0.1048 (0.1229)  loss_bbox_dn_0: 0.0611 (0.0597)  loss_bbox_dn_1: 0.0520 (0.0493)  loss_bbox_dn_2: 0.0502 (0.0477)  loss_giou: 0.8932 (1.0102)  loss_giou_aux_0: 0.9392 (1.0479)  loss_giou_aux_1: 0.9039 (1.0209)  loss_giou_aux_2: 1.0517 (1.1136)  loss_giou_dn_0: 0.7918 (0.8028)  loss_giou_dn_1: 0.6908 (0.7176)  loss_giou_dn_2: 0.6728 (0.7065)  loss_vfl: 0.5240 (0.5084)  loss_vfl_aux_0: 0.5311 (0.5146)  loss_vfl_aux_1: 0.5343 (0.5137)  loss_vfl_aux_2: 0.5063 (0.4963)  loss_vfl_dn_0: 0.4734 (0.4741)  loss_vfl_dn_1: 0.4504 (0.4551)  loss_vfl_dn_2: 0.4430 (0.4505)  time: 0.9344  data: 0.0387  max mem: 8872
Epoch: [28]  [808/809]  eta: 0:00:00  lr: 0.000100  loss: 10.1696 (10.4257)  loss_bbox: 0.0822 (0.1028)  loss_bbox_aux_0: 0.0866 (0.1090)  loss_bbox_aux_1: 0.0837 (0.1044)  loss_bbox_aux_2: 0.1026 (0.1227)  loss_bbox_dn_0: 0.0590 (0.0597)  loss_bbox_dn_1: 0.0472 (0.0492)  loss_bbox_dn_2: 0.0456 (0.0477)  loss_giou: 0.9534 (1.0097)  loss_giou_aux_0: 0.9843 (1.0475)  loss_giou_aux_1: 0.9526 (1.0204)  loss_giou_aux_2: 1.0699 (1.1132)  loss_giou_dn_0: 0.7846 (0.8026)  loss_giou_dn_1: 0.6908 (0.7174)  loss_giou_dn_2: 0.6738 (0.7062)  loss_vfl: 0.5305 (0.5086)  loss_vfl_aux_0: 0.5251 (0.5147)  loss_vfl_aux_1: 0.5294 (0.5138)  loss_vfl_aux_2: 0.5001 (0.4964)  loss_vfl_dn_0: 0.4708 (0.4742)  loss_vfl_dn_1: 0.4521 (0.4551)  loss_vfl_dn_2: 0.4449 (0.4505)  time: 0.7779  data: 0.0304  max mem: 8872
Epoch: [28] Total time: 0:12:41 (0.9419 s / it)
Averaged stats: lr: 0.000100  loss: 10.1696 (10.4257)  loss_bbox: 0.0822 (0.1028)  loss_bbox_aux_0: 0.0866 (0.1090)  loss_bbox_aux_1: 0.0837 (0.1044)  loss_bbox_aux_2: 0.1026 (0.1227)  loss_bbox_dn_0: 0.0590 (0.0597)  loss_bbox_dn_1: 0.0472 (0.0492)  loss_bbox_dn_2: 0.0456 (0.0477)  loss_giou: 0.9534 (1.0097)  loss_giou_aux_0: 0.9843 (1.0475)  loss_giou_aux_1: 0.9526 (1.0204)  loss_giou_aux_2: 1.0699 (1.1132)  loss_giou_dn_0: 0.7846 (0.8026)  loss_giou_dn_1: 0.6908 (0.7174)  loss_giou_dn_2: 0.6738 (0.7062)  loss_vfl: 0.5305 (0.5086)  loss_vfl_aux_0: 0.5251 (0.5147)  loss_vfl_aux_1: 0.5294 (0.5138)  loss_vfl_aux_2: 0.5001 (0.4964)  loss_vfl_dn_0: 0.4708 (0.4742)  loss_vfl_dn_1: 0.4521 (0.4551)  loss_vfl_dn_2: 0.4449 (0.4505)
Test:  [ 0/69]  eta: 0:01:20    time: 1.1612  data: 0.5741  max mem: 8872
Test:  [10/69]  eta: 0:00:41    time: 0.7048  data: 0.0732  max mem: 8872
Test:  [20/69]  eta: 0:00:35    time: 0.7012  data: 0.0228  max mem: 8872
Test:  [30/69]  eta: 0:00:26    time: 0.6709  data: 0.0216  max mem: 8872
Test:  [40/69]  eta: 0:00:18    time: 0.5798  data: 0.0212  max mem: 8872
Test:  [50/69]  eta: 0:00:11    time: 0.5415  data: 0.0216  max mem: 8872
Test:  [60/69]  eta: 0:00:05    time: 0.5400  data: 0.0213  max mem: 8872
Test:  [68/69]  eta: 0:00:00    time: 0.5639  data: 0.0196  max mem: 8872
Test: Total time: 0:00:42 (0.6132 s / it)
Averaged stats: 
Accumulating evaluation results...
DONE (t=1.94s).
IoU metric: bbox
 Average Precision  (AP) @[ IoU=0.50:0.95 | area=   all | maxDets=100 ] = 0.195
 Average Precision  (AP) @[ IoU=0.50      | area=   all | maxDets=100 ] = 0.325
 Average Precision  (AP) @[ IoU=0.75      | area=   all | maxDets=100 ] = 0.197
 Average Precision  (AP) @[ IoU=0.50:0.95 | area= small | maxDets=100 ] = 0.122
 Average Precision  (AP) @[ IoU=0.50:0.95 | area=medium | maxDets=100 ] = 0.276
 Average Precision  (AP) @[ IoU=0.50:0.95 | area= large | maxDets=100 ] = 0.375
 Average Recall     (AR) @[ IoU=0.50:0.95 | area=   all | maxDets=  1 ] = 0.090
 Average Recall     (AR) @[ IoU=0.50:0.95 | area=   all | maxDets= 10 ] = 0.258
 Average Recall     (AR) @[ IoU=0.50:0.95 | area=   all | maxDets=100 ] = 0.351
 Average Recall     (AR) @[ IoU=0.50:0.95 | area= small | maxDets=100 ] = 0.259
 Average Recall     (AR) @[ IoU=0.50:0.95 | area=medium | maxDets=100 ] = 0.467
 Average Recall     (AR) @[ IoU=0.50:0.95 | area= large | maxDets=100 ] = 0.573
best_stat:  {'epoch': 28, 'coco_eval_bbox': 0.19451541130414055}
Epoch: [29]  [  0/809]  eta: 1:18:09  lr: 0.000100  loss: 9.8895 (9.8895)  loss_bbox: 0.0780 (0.0780)  loss_bbox_aux_0: 0.0824 (0.0824)  loss_bbox_aux_1: 0.0785 (0.0785)  loss_bbox_aux_2: 0.0920 (0.0920)  loss_bbox_dn_0: 0.0475 (0.0475)  loss_bbox_dn_1: 0.0406 (0.0406)  loss_bbox_dn_2: 0.0397 (0.0397)  loss_giou: 0.9885 (0.9885)  loss_giou_aux_0: 1.0258 (1.0258)  loss_giou_aux_1: 1.0069 (1.0069)  loss_giou_aux_2: 1.1211 (1.1211)  loss_giou_dn_0: 0.7617 (0.7617)  loss_giou_dn_1: 0.6880 (0.6880)  loss_giou_dn_2: 0.6779 (0.6779)  loss_vfl: 0.4359 (0.4359)  loss_vfl_aux_0: 0.4663 (0.4663)  loss_vfl_aux_1: 0.4457 (0.4457)  loss_vfl_aux_2: 0.4315 (0.4315)  loss_vfl_dn_0: 0.4792 (0.4792)  loss_vfl_dn_1: 0.4526 (0.4526)  loss_vfl_dn_2: 0.4497 (0.4497)  time: 5.7970  data: 2.0566  max mem: 8872
Epoch: [29]  [100/809]  eta: 0:11:37  lr: 0.000100  loss: 10.5538 (10.4701)  loss_bbox: 0.0965 (0.1034)  loss_bbox_aux_0: 0.1071 (0.1092)  loss_bbox_aux_1: 0.0977 (0.1049)  loss_bbox_aux_2: 0.1159 (0.1221)  loss_bbox_dn_0: 0.0577 (0.0565)  loss_bbox_dn_1: 0.0476 (0.0464)  loss_bbox_dn_2: 0.0461 (0.0452)  loss_giou: 1.0442 (1.0309)  loss_giou_aux_0: 1.1044 (1.0683)  loss_giou_aux_1: 1.0634 (1.0396)  loss_giou_aux_2: 1.1477 (1.1321)  loss_giou_dn_0: 0.8339 (0.8048)  loss_giou_dn_1: 0.7500 (0.7204)  loss_giou_dn_2: 0.7351 (0.7096)  loss_vfl: 0.4867 (0.4995)  loss_vfl_aux_0: 0.4960 (0.5056)  loss_vfl_aux_1: 0.4941 (0.5035)  loss_vfl_aux_2: 0.4670 (0.4883)  loss_vfl_dn_0: 0.4757 (0.4742)  loss_vfl_dn_1: 0.4592 (0.4548)  loss_vfl_dn_2: 0.4574 (0.4506)  time: 0.9055  data: 0.0392  max mem: 8872
Epoch: [29]  [200/809]  eta: 0:09:43  lr: 0.000100  loss: 10.2175 (10.4277)  loss_bbox: 0.0898 (0.1037)  loss_bbox_aux_0: 0.0962 (0.1094)  loss_bbox_aux_1: 0.0910 (0.1051)  loss_bbox_aux_2: 0.1094 (0.1226)  loss_bbox_dn_0: 0.0566 (0.0585)  loss_bbox_dn_1: 0.0462 (0.0482)  loss_bbox_dn_2: 0.0453 (0.0468)  loss_giou: 0.9126 (1.0146)  loss_giou_aux_0: 0.9682 (1.0515)  loss_giou_aux_1: 0.9184 (1.0239)  loss_giou_aux_2: 1.0872 (1.1173)  loss_giou_dn_0: 0.8043 (0.8034)  loss_giou_dn_1: 0.7060 (0.7182)  loss_giou_dn_2: 0.6870 (0.7071)  loss_vfl: 0.5198 (0.5057)  loss_vfl_aux_0: 0.5199 (0.5106)  loss_vfl_aux_1: 0.5188 (0.5089)  loss_vfl_aux_2: 0.4944 (0.4929)  loss_vfl_dn_0: 0.4672 (0.4744)  loss_vfl_dn_1: 0.4492 (0.4545)  loss_vfl_dn_2: 0.4463 (0.4502)  time: 0.9345  data: 0.0440  max mem: 8872
Epoch: [29]  [300/809]  eta: 0:08:04  lr: 0.000100  loss: 10.5138 (10.4216)  loss_bbox: 0.0934 (0.1032)  loss_bbox_aux_0: 0.0982 (0.1088)  loss_bbox_aux_1: 0.0948 (0.1045)  loss_bbox_aux_2: 0.1127 (0.1221)  loss_bbox_dn_0: 0.0525 (0.0584)  loss_bbox_dn_1: 0.0443 (0.0480)  loss_bbox_dn_2: 0.0438 (0.0466)  loss_giou: 1.0351 (1.0149)  loss_giou_aux_0: 1.0371 (1.0516)  loss_giou_aux_1: 1.0209 (1.0241)  loss_giou_aux_2: 1.1213 (1.1163)  loss_giou_dn_0: 0.7877 (0.8047)  loss_giou_dn_1: 0.7137 (0.7185)  loss_giou_dn_2: 0.7124 (0.7073)  loss_vfl: 0.4706 (0.5042)  loss_vfl_aux_0: 0.4829 (0.5102)  loss_vfl_aux_1: 0.4832 (0.5083)  loss_vfl_aux_2: 0.4635 (0.4927)  loss_vfl_dn_0: 0.4725 (0.4730)  loss_vfl_dn_1: 0.4547 (0.4541)  loss_vfl_dn_2: 0.4530 (0.4501)  time: 0.9646  data: 0.0496  max mem: 8872
Epoch: [29]  [400/809]  eta: 0:06:28  lr: 0.000100  loss: 10.2358 (10.4221)  loss_bbox: 0.0927 (0.1029)  loss_bbox_aux_0: 0.0974 (0.1087)  loss_bbox_aux_1: 0.0942 (0.1043)  loss_bbox_aux_2: 0.1118 (0.1221)  loss_bbox_dn_0: 0.0545 (0.0585)  loss_bbox_dn_1: 0.0450 (0.0483)  loss_bbox_dn_2: 0.0443 (0.0468)  loss_giou: 1.0169 (1.0158)  loss_giou_aux_0: 1.0312 (1.0524)  loss_giou_aux_1: 1.0276 (1.0249)  loss_giou_aux_2: 1.1285 (1.1173)  loss_giou_dn_0: 0.7942 (0.8047)  loss_giou_dn_1: 0.7257 (0.7189)  loss_giou_dn_2: 0.7070 (0.7077)  loss_vfl: 0.4802 (0.5036)  loss_vfl_aux_0: 0.5140 (0.5096)  loss_vfl_aux_1: 0.4915 (0.5079)  loss_vfl_aux_2: 0.5031 (0.4922)  loss_vfl_dn_0: 0.4651 (0.4725)  loss_vfl_dn_1: 0.4484 (0.4536)  loss_vfl_dn_2: 0.4453 (0.4494)  time: 0.9166  data: 0.0352  max mem: 8872
Epoch: [29]  [500/809]  eta: 0:04:52  lr: 0.000100  loss: 10.0727 (10.4037)  loss_bbox: 0.0820 (0.1024)  loss_bbox_aux_0: 0.0873 (0.1083)  loss_bbox_aux_1: 0.0859 (0.1038)  loss_bbox_aux_2: 0.0982 (0.1214)  loss_bbox_dn_0: 0.0559 (0.0582)  loss_bbox_dn_1: 0.0449 (0.0480)  loss_bbox_dn_2: 0.0441 (0.0467)  loss_giou: 0.9617 (1.0124)  loss_giou_aux_0: 0.9930 (1.0488)  loss_giou_aux_1: 0.9719 (1.0212)  loss_giou_aux_2: 1.0388 (1.1140)  loss_giou_dn_0: 0.7689 (0.8025)  loss_giou_dn_1: 0.6812 (0.7172)  loss_giou_dn_2: 0.6764 (0.7063)  loss_vfl: 0.5200 (0.5046)  loss_vfl_aux_0: 0.5179 (0.5104)  loss_vfl_aux_1: 0.5198 (0.5088)  loss_vfl_aux_2: 0.4952 (0.4928)  loss_vfl_dn_0: 0.4700 (0.4728)  loss_vfl_dn_1: 0.4486 (0.4537)  loss_vfl_dn_2: 0.4474 (0.4495)  time: 0.9125  data: 0.0346  max mem: 8872
Epoch: [29]  [600/809]  eta: 0:03:17  lr: 0.000100  loss: 10.4180 (10.4206)  loss_bbox: 0.0946 (0.1030)  loss_bbox_aux_0: 0.1038 (0.1090)  loss_bbox_aux_1: 0.0978 (0.1045)  loss_bbox_aux_2: 0.1165 (0.1225)  loss_bbox_dn_0: 0.0563 (0.0586)  loss_bbox_dn_1: 0.0461 (0.0482)  loss_bbox_dn_2: 0.0443 (0.0468)  loss_giou: 0.9691 (1.0160)  loss_giou_aux_0: 1.0301 (1.0524)  loss_giou_aux_1: 0.9782 (1.0247)  loss_giou_aux_2: 1.0922 (1.1172)  loss_giou_dn_0: 0.7904 (0.8027)  loss_giou_dn_1: 0.7202 (0.7172)  loss_giou_dn_2: 0.7030 (0.7062)  loss_vfl: 0.5016 (0.5044)  loss_vfl_aux_0: 0.5083 (0.5100)  loss_vfl_aux_1: 0.5114 (0.5086)  loss_vfl_aux_2: 0.4852 (0.4922)  loss_vfl_dn_0: 0.4744 (0.4732)  loss_vfl_dn_1: 0.4509 (0.4537)  loss_vfl_dn_2: 0.4515 (0.4494)  time: 0.9215  data: 0.0342  max mem: 8872
Epoch: [29]  [700/809]  eta: 0:01:42  lr: 0.000100  loss: 9.9372 (10.4187)  loss_bbox: 0.0840 (0.1027)  loss_bbox_aux_0: 0.0941 (0.1088)  loss_bbox_aux_1: 0.0846 (0.1042)  loss_bbox_aux_2: 0.1098 (0.1226)  loss_bbox_dn_0: 0.0605 (0.0590)  loss_bbox_dn_1: 0.0502 (0.0485)  loss_bbox_dn_2: 0.0481 (0.0471)  loss_giou: 0.8398 (1.0135)  loss_giou_aux_0: 0.8794 (1.0500)  loss_giou_aux_1: 0.8513 (1.0226)  loss_giou_aux_2: 0.9726 (1.1150)  loss_giou_dn_0: 0.7747 (0.8033)  loss_giou_dn_1: 0.6711 (0.7173)  loss_giou_dn_2: 0.6578 (0.7062)  loss_vfl: 0.5465 (0.5058)  loss_vfl_aux_0: 0.5595 (0.5116)  loss_vfl_aux_1: 0.5416 (0.5101)  loss_vfl_aux_2: 0.5292 (0.4940)  loss_vfl_dn_0: 0.4810 (0.4732)  loss_vfl_dn_1: 0.4602 (0.4539)  loss_vfl_dn_2: 0.4562 (0.4495)  time: 0.9047  data: 0.0387  max mem: 8872
Epoch: [29]  [800/809]  eta: 0:00:08  lr: 0.000100  loss: 10.3404 (10.4191)  loss_bbox: 0.0930 (0.1021)  loss_bbox_aux_0: 0.0991 (0.1083)  loss_bbox_aux_1: 0.0968 (0.1037)  loss_bbox_aux_2: 0.1083 (0.1219)  loss_bbox_dn_0: 0.0564 (0.0592)  loss_bbox_dn_1: 0.0465 (0.0487)  loss_bbox_dn_2: 0.0437 (0.0473)  loss_giou: 0.9907 (1.0131)  loss_giou_aux_0: 1.0421 (1.0497)  loss_giou_aux_1: 1.0000 (1.0225)  loss_giou_aux_2: 1.1016 (1.1140)  loss_giou_dn_0: 0.7993 (0.8035)  loss_giou_dn_1: 0.7154 (0.7176)  loss_giou_dn_2: 0.7036 (0.7064)  loss_vfl: 0.5051 (0.5068)  loss_vfl_aux_0: 0.5031 (0.5120)  loss_vfl_aux_1: 0.5000 (0.5110)  loss_vfl_aux_2: 0.4807 (0.4949)  loss_vfl_dn_0: 0.4720 (0.4732)  loss_vfl_dn_1: 0.4539 (0.4538)  loss_vfl_dn_2: 0.4496 (0.4495)  time: 0.9161  data: 0.0390  max mem: 8872
Epoch: [29]  [808/809]  eta: 0:00:00  lr: 0.000100  loss: 10.3966 (10.4209)  loss_bbox: 0.0841 (0.1022)  loss_bbox_aux_0: 0.0920 (0.1084)  loss_bbox_aux_1: 0.0856 (0.1038)  loss_bbox_aux_2: 0.1040 (0.1221)  loss_bbox_dn_0: 0.0564 (0.0592)  loss_bbox_dn_1: 0.0463 (0.0487)  loss_bbox_dn_2: 0.0437 (0.0473)  loss_giou: 1.0054 (1.0132)  loss_giou_aux_0: 1.0515 (1.0499)  loss_giou_aux_1: 1.0251 (1.0227)  loss_giou_aux_2: 1.1293 (1.1142)  loss_giou_dn_0: 0.8290 (0.8037)  loss_giou_dn_1: 0.7352 (0.7177)  loss_giou_dn_2: 0.7203 (0.7066)  loss_vfl: 0.4919 (0.5068)  loss_vfl_aux_0: 0.4824 (0.5120)  loss_vfl_aux_1: 0.4911 (0.5111)  loss_vfl_aux_2: 0.4590 (0.4950)  loss_vfl_dn_0: 0.4692 (0.4732)  loss_vfl_dn_1: 0.4521 (0.4538)  loss_vfl_dn_2: 0.4496 (0.4494)  time: 0.8120  data: 0.0313  max mem: 8872
Epoch: [29] Total time: 0:12:36 (0.9347 s / it)
Averaged stats: lr: 0.000100  loss: 10.3966 (10.4209)  loss_bbox: 0.0841 (0.1022)  loss_bbox_aux_0: 0.0920 (0.1084)  loss_bbox_aux_1: 0.0856 (0.1038)  loss_bbox_aux_2: 0.1040 (0.1221)  loss_bbox_dn_0: 0.0564 (0.0592)  loss_bbox_dn_1: 0.0463 (0.0487)  loss_bbox_dn_2: 0.0437 (0.0473)  loss_giou: 1.0054 (1.0132)  loss_giou_aux_0: 1.0515 (1.0499)  loss_giou_aux_1: 1.0251 (1.0227)  loss_giou_aux_2: 1.1293 (1.1142)  loss_giou_dn_0: 0.8290 (0.8037)  loss_giou_dn_1: 0.7352 (0.7177)  loss_giou_dn_2: 0.7203 (0.7066)  loss_vfl: 0.4919 (0.5068)  loss_vfl_aux_0: 0.4824 (0.5120)  loss_vfl_aux_1: 0.4911 (0.5111)  loss_vfl_aux_2: 0.4590 (0.4950)  loss_vfl_dn_0: 0.4692 (0.4732)  loss_vfl_dn_1: 0.4521 (0.4538)  loss_vfl_dn_2: 0.4496 (0.4494)
Test:  [ 0/69]  eta: 0:01:45    time: 1.5335  data: 0.8980  max mem: 8872
Test:  [10/69]  eta: 0:00:41    time: 0.7098  data: 0.0962  max mem: 8872
Test:  [20/69]  eta: 0:00:33    time: 0.6440  data: 0.0182  max mem: 8872
Test:  [30/69]  eta: 0:00:26    time: 0.6645  data: 0.0198  max mem: 8872
Test:  [40/69]  eta: 0:00:19    time: 0.6235  data: 0.0202  max mem: 8872
Test:  [50/69]  eta: 0:00:11    time: 0.5506  data: 0.0218  max mem: 8872
Test:  [60/69]  eta: 0:00:05    time: 0.5244  data: 0.0215  max mem: 8872
Test:  [68/69]  eta: 0:00:00    time: 0.5521  data: 0.0197  max mem: 8872
Test: Total time: 0:00:42 (0.6111 s / it)
Averaged stats: 
Accumulating evaluation results...
DONE (t=1.95s).
IoU metric: bbox
 Average Precision  (AP) @[ IoU=0.50:0.95 | area=   all | maxDets=100 ] = 0.195
 Average Precision  (AP) @[ IoU=0.50      | area=   all | maxDets=100 ] = 0.327
 Average Precision  (AP) @[ IoU=0.75      | area=   all | maxDets=100 ] = 0.198
 Average Precision  (AP) @[ IoU=0.50:0.95 | area= small | maxDets=100 ] = 0.123
 Average Precision  (AP) @[ IoU=0.50:0.95 | area=medium | maxDets=100 ] = 0.278
 Average Precision  (AP) @[ IoU=0.50:0.95 | area= large | maxDets=100 ] = 0.369
 Average Recall     (AR) @[ IoU=0.50:0.95 | area=   all | maxDets=  1 ] = 0.089
 Average Recall     (AR) @[ IoU=0.50:0.95 | area=   all | maxDets= 10 ] = 0.259
 Average Recall     (AR) @[ IoU=0.50:0.95 | area=   all | maxDets=100 ] = 0.352
 Average Recall     (AR) @[ IoU=0.50:0.95 | area= small | maxDets=100 ] = 0.260
 Average Recall     (AR) @[ IoU=0.50:0.95 | area=medium | maxDets=100 ] = 0.468
 Average Recall     (AR) @[ IoU=0.50:0.95 | area= large | maxDets=100 ] = 0.567
best_stat:  {'epoch': 29, 'coco_eval_bbox': 0.19530704454443434}
Epoch: [30]  [  0/809]  eta: 1:25:37  lr: 0.000100  loss: 10.1588 (10.1588)  loss_bbox: 0.1034 (0.1034)  loss_bbox_aux_0: 0.1064 (0.1064)  loss_bbox_aux_1: 0.1039 (0.1039)  loss_bbox_aux_2: 0.1141 (0.1141)  loss_bbox_dn_0: 0.0696 (0.0696)  loss_bbox_dn_1: 0.0564 (0.0564)  loss_bbox_dn_2: 0.0537 (0.0537)  loss_giou: 1.0024 (1.0024)  loss_giou_aux_0: 1.0235 (1.0235)  loss_giou_aux_1: 1.0057 (1.0057)  loss_giou_aux_2: 1.0833 (1.0833)  loss_giou_dn_0: 0.8263 (0.8263)  loss_giou_dn_1: 0.7366 (0.7366)  loss_giou_dn_2: 0.7237 (0.7237)  loss_vfl: 0.4521 (0.4521)  loss_vfl_aux_0: 0.4623 (0.4623)  loss_vfl_aux_1: 0.4569 (0.4569)  loss_vfl_aux_2: 0.4661 (0.4661)  loss_vfl_dn_0: 0.4540 (0.4540)  loss_vfl_dn_1: 0.4306 (0.4306)  loss_vfl_dn_2: 0.4277 (0.4277)  time: 6.3501  data: 3.0432  max mem: 8872
Epoch: [30]  [100/809]  eta: 0:11:45  lr: 0.000100  loss: 9.9436 (10.2641)  loss_bbox: 0.0787 (0.0965)  loss_bbox_aux_0: 0.0840 (0.1022)  loss_bbox_aux_1: 0.0797 (0.0979)  loss_bbox_aux_2: 0.0938 (0.1144)  loss_bbox_dn_0: 0.0547 (0.0594)  loss_bbox_dn_1: 0.0466 (0.0488)  loss_bbox_dn_2: 0.0459 (0.0470)  loss_giou: 0.8941 (0.9808)  loss_giou_aux_0: 0.9265 (1.0179)  loss_giou_aux_1: 0.9040 (0.9927)  loss_giou_aux_2: 0.9923 (1.0835)  loss_giou_dn_0: 0.7886 (0.7924)  loss_giou_dn_1: 0.7177 (0.7047)  loss_giou_dn_2: 0.7088 (0.6929)  loss_vfl: 0.5458 (0.5129)  loss_vfl_aux_0: 0.5447 (0.5199)  loss_vfl_aux_1: 0.5509 (0.5169)  loss_vfl_aux_2: 0.5392 (0.5059)  loss_vfl_dn_0: 0.4768 (0.4736)  loss_vfl_dn_1: 0.4528 (0.4537)  loss_vfl_dn_2: 0.4510 (0.4499)  time: 0.9973  data: 0.0374  max mem: 8872
Epoch: [30]  [200/809]  eta: 0:09:47  lr: 0.000100  loss: 10.2217 (10.3289)  loss_bbox: 0.1014 (0.1009)  loss_bbox_aux_0: 0.1078 (0.1071)  loss_bbox_aux_1: 0.1023 (0.1021)  loss_bbox_aux_2: 0.1314 (0.1204)  loss_bbox_dn_0: 0.0549 (0.0597)  loss_bbox_dn_1: 0.0446 (0.0490)  loss_bbox_dn_2: 0.0435 (0.0474)  loss_giou: 0.9616 (0.9933)  loss_giou_aux_0: 1.0135 (1.0301)  loss_giou_aux_1: 0.9739 (1.0047)  loss_giou_aux_2: 1.1137 (1.0975)  loss_giou_dn_0: 0.7719 (0.7940)  loss_giou_dn_1: 0.6851 (0.7070)  loss_giou_dn_2: 0.6644 (0.6955)  loss_vfl: 0.5165 (0.5102)  loss_vfl_aux_0: 0.5208 (0.5182)  loss_vfl_aux_1: 0.5242 (0.5145)  loss_vfl_aux_2: 0.4808 (0.5015)  loss_vfl_dn_0: 0.4725 (0.4730)  loss_vfl_dn_1: 0.4507 (0.4533)  loss_vfl_dn_2: 0.4502 (0.4494)  time: 0.9424  data: 0.0366  max mem: 8872
Epoch: [30]  [300/809]  eta: 0:08:05  lr: 0.000100  loss: 10.1633 (10.3681)  loss_bbox: 0.0971 (0.1018)  loss_bbox_aux_0: 0.1023 (0.1079)  loss_bbox_aux_1: 0.0989 (0.1031)  loss_bbox_aux_2: 0.1163 (0.1215)  loss_bbox_dn_0: 0.0559 (0.0591)  loss_bbox_dn_1: 0.0473 (0.0486)  loss_bbox_dn_2: 0.0468 (0.0471)  loss_giou: 0.9599 (1.0050)  loss_giou_aux_0: 1.0155 (1.0423)  loss_giou_aux_1: 0.9641 (1.0168)  loss_giou_aux_2: 1.1052 (1.1079)  loss_giou_dn_0: 0.8192 (0.7990)  loss_giou_dn_1: 0.7140 (0.7120)  loss_giou_dn_2: 0.7072 (0.7009)  loss_vfl: 0.4871 (0.5041)  loss_vfl_aux_0: 0.4937 (0.5117)  loss_vfl_aux_1: 0.4928 (0.5087)  loss_vfl_aux_2: 0.4731 (0.4950)  loss_vfl_dn_0: 0.4731 (0.4726)  loss_vfl_dn_1: 0.4530 (0.4536)  loss_vfl_dn_2: 0.4485 (0.4497)  time: 0.9586  data: 0.0410  max mem: 8872
Epoch: [30]  [400/809]  eta: 0:06:28  lr: 0.000100  loss: 10.1165 (10.3642)  loss_bbox: 0.0805 (0.1013)  loss_bbox_aux_0: 0.0871 (0.1074)  loss_bbox_aux_1: 0.0830 (0.1028)  loss_bbox_aux_2: 0.1025 (0.1208)  loss_bbox_dn_0: 0.0579 (0.0587)  loss_bbox_dn_1: 0.0475 (0.0483)  loss_bbox_dn_2: 0.0454 (0.0469)  loss_giou: 0.9641 (1.0051)  loss_giou_aux_0: 0.9997 (1.0418)  loss_giou_aux_1: 0.9820 (1.0161)  loss_giou_aux_2: 1.0402 (1.1069)  loss_giou_dn_0: 0.7757 (0.7969)  loss_giou_dn_1: 0.6983 (0.7115)  loss_giou_dn_2: 0.6911 (0.7006)  loss_vfl: 0.5061 (0.5048)  loss_vfl_aux_0: 0.5175 (0.5121)  loss_vfl_aux_1: 0.5066 (0.5094)  loss_vfl_aux_2: 0.5083 (0.4957)  loss_vfl_dn_0: 0.4718 (0.4734)  loss_vfl_dn_1: 0.4528 (0.4539)  loss_vfl_dn_2: 0.4500 (0.4499)  time: 0.9525  data: 0.0342  max mem: 8872
Epoch: [30]  [500/809]  eta: 0:04:52  lr: 0.000100  loss: 10.0606 (10.3641)  loss_bbox: 0.0899 (0.1014)  loss_bbox_aux_0: 0.0926 (0.1074)  loss_bbox_aux_1: 0.0909 (0.1028)  loss_bbox_aux_2: 0.1052 (0.1208)  loss_bbox_dn_0: 0.0586 (0.0592)  loss_bbox_dn_1: 0.0485 (0.0488)  loss_bbox_dn_2: 0.0465 (0.0473)  loss_giou: 0.9063 (1.0034)  loss_giou_aux_0: 0.9577 (1.0399)  loss_giou_aux_1: 0.9229 (1.0144)  loss_giou_aux_2: 1.0249 (1.1051)  loss_giou_dn_0: 0.7752 (0.7975)  loss_giou_dn_1: 0.6948 (0.7120)  loss_giou_dn_2: 0.6856 (0.7011)  loss_vfl: 0.5281 (0.5058)  loss_vfl_aux_0: 0.5219 (0.5131)  loss_vfl_aux_1: 0.5304 (0.5105)  loss_vfl_aux_2: 0.5023 (0.4968)  loss_vfl_dn_0: 0.4697 (0.4735)  loss_vfl_dn_1: 0.4500 (0.4538)  loss_vfl_dn_2: 0.4481 (0.4497)  time: 0.9462  data: 0.0400  max mem: 8872
Epoch: [30]  [600/809]  eta: 0:03:17  lr: 0.000100  loss: 10.3187 (10.3683)  loss_bbox: 0.0979 (0.1014)  loss_bbox_aux_0: 0.1060 (0.1073)  loss_bbox_aux_1: 0.0998 (0.1029)  loss_bbox_aux_2: 0.1145 (0.1207)  loss_bbox_dn_0: 0.0553 (0.0590)  loss_bbox_dn_1: 0.0456 (0.0487)  loss_bbox_dn_2: 0.0448 (0.0472)  loss_giou: 1.0121 (1.0055)  loss_giou_aux_0: 1.0431 (1.0423)  loss_giou_aux_1: 1.0301 (1.0165)  loss_giou_aux_2: 1.0973 (1.1067)  loss_giou_dn_0: 0.8103 (0.7994)  loss_giou_dn_1: 0.7345 (0.7143)  loss_giou_dn_2: 0.7268 (0.7033)  loss_vfl: 0.4905 (0.5036)  loss_vfl_aux_0: 0.4780 (0.5106)  loss_vfl_aux_1: 0.4702 (0.5082)  loss_vfl_aux_2: 0.4651 (0.4944)  loss_vfl_dn_0: 0.4675 (0.4732)  loss_vfl_dn_1: 0.4489 (0.4536)  loss_vfl_dn_2: 0.4475 (0.4495)  time: 0.9034  data: 0.0357  max mem: 8872
Epoch: [30]  [700/809]  eta: 0:01:42  lr: 0.000100  loss: 10.5752 (10.3680)  loss_bbox: 0.0981 (0.1020)  loss_bbox_aux_0: 0.1029 (0.1081)  loss_bbox_aux_1: 0.0989 (0.1036)  loss_bbox_aux_2: 0.1156 (0.1215)  loss_bbox_dn_0: 0.0632 (0.0596)  loss_bbox_dn_1: 0.0522 (0.0491)  loss_bbox_dn_2: 0.0514 (0.0476)  loss_giou: 1.0269 (1.0034)  loss_giou_aux_0: 1.0605 (1.0397)  loss_giou_aux_1: 1.0306 (1.0140)  loss_giou_aux_2: 1.0995 (1.1044)  loss_giou_dn_0: 0.8241 (0.7998)  loss_giou_dn_1: 0.7538 (0.7139)  loss_giou_dn_2: 0.7438 (0.7027)  loss_vfl: 0.4984 (0.5050)  loss_vfl_aux_0: 0.5055 (0.5119)  loss_vfl_aux_1: 0.5042 (0.5098)  loss_vfl_aux_2: 0.4933 (0.4957)  loss_vfl_dn_0: 0.4733 (0.4732)  loss_vfl_dn_1: 0.4524 (0.4536)  loss_vfl_dn_2: 0.4470 (0.4494)  time: 0.9339  data: 0.0385  max mem: 8872
Epoch: [30]  [800/809]  eta: 0:00:08  lr: 0.000100  loss: 10.5179 (10.3871)  loss_bbox: 0.1048 (0.1037)  loss_bbox_aux_0: 0.1107 (0.1099)  loss_bbox_aux_1: 0.1066 (0.1053)  loss_bbox_aux_2: 0.1271 (0.1236)  loss_bbox_dn_0: 0.0582 (0.0595)  loss_bbox_dn_1: 0.0484 (0.0490)  loss_bbox_dn_2: 0.0460 (0.0476)  loss_giou: 1.0263 (1.0063)  loss_giou_aux_0: 1.0615 (1.0428)  loss_giou_aux_1: 1.0251 (1.0170)  loss_giou_aux_2: 1.1490 (1.1074)  loss_giou_dn_0: 0.7700 (0.7999)  loss_giou_dn_1: 0.6879 (0.7142)  loss_giou_dn_2: 0.6694 (0.7031)  loss_vfl: 0.4994 (0.5050)  loss_vfl_aux_0: 0.5052 (0.5117)  loss_vfl_aux_1: 0.5034 (0.5096)  loss_vfl_aux_2: 0.4767 (0.4955)  loss_vfl_dn_0: 0.4785 (0.4734)  loss_vfl_dn_1: 0.4579 (0.4535)  loss_vfl_dn_2: 0.4525 (0.4493)  time: 0.8964  data: 0.0364  max mem: 8872
Epoch: [30]  [808/809]  eta: 0:00:00  lr: 0.000100  loss: 10.4605 (10.3937)  loss_bbox: 0.0943 (0.1050)  loss_bbox_aux_0: 0.0993 (0.1112)  loss_bbox_aux_1: 0.0950 (0.1066)  loss_bbox_aux_2: 0.1140 (0.1250)  loss_bbox_dn_0: 0.0553 (0.0594)  loss_bbox_dn_1: 0.0426 (0.0490)  loss_bbox_dn_2: 0.0400 (0.0475)  loss_giou: 1.0263 (1.0072)  loss_giou_aux_0: 1.0597 (1.0437)  loss_giou_aux_1: 1.0262 (1.0179)  loss_giou_aux_2: 1.1218 (1.1083)  loss_giou_dn_0: 0.8134 (0.8000)  loss_giou_dn_1: 0.7296 (0.7142)  loss_giou_dn_2: 0.7161 (0.7031)  loss_vfl: 0.4838 (0.5045)  loss_vfl_aux_0: 0.4913 (0.5111)  loss_vfl_aux_1: 0.4875 (0.5091)  loss_vfl_aux_2: 0.4774 (0.4950)  loss_vfl_dn_0: 0.4734 (0.4733)  loss_vfl_dn_1: 0.4474 (0.4535)  loss_vfl_dn_2: 0.4442 (0.4493)  time: 0.7930  data: 0.0317  max mem: 8872
Epoch: [30] Total time: 0:12:40 (0.9401 s / it)
Averaged stats: lr: 0.000100  loss: 10.4605 (10.3937)  loss_bbox: 0.0943 (0.1050)  loss_bbox_aux_0: 0.0993 (0.1112)  loss_bbox_aux_1: 0.0950 (0.1066)  loss_bbox_aux_2: 0.1140 (0.1250)  loss_bbox_dn_0: 0.0553 (0.0594)  loss_bbox_dn_1: 0.0426 (0.0490)  loss_bbox_dn_2: 0.0400 (0.0475)  loss_giou: 1.0263 (1.0072)  loss_giou_aux_0: 1.0597 (1.0437)  loss_giou_aux_1: 1.0262 (1.0179)  loss_giou_aux_2: 1.1218 (1.1083)  loss_giou_dn_0: 0.8134 (0.8000)  loss_giou_dn_1: 0.7296 (0.7142)  loss_giou_dn_2: 0.7161 (0.7031)  loss_vfl: 0.4838 (0.5045)  loss_vfl_aux_0: 0.4913 (0.5111)  loss_vfl_aux_1: 0.4875 (0.5091)  loss_vfl_aux_2: 0.4774 (0.4950)  loss_vfl_dn_0: 0.4734 (0.4733)  loss_vfl_dn_1: 0.4474 (0.4535)  loss_vfl_dn_2: 0.4442 (0.4493)
Test:  [ 0/69]  eta: 0:01:53    time: 1.6388  data: 1.0725  max mem: 8872
Test:  [10/69]  eta: 0:00:42    time: 0.7152  data: 0.1132  max mem: 8872
Test:  [20/69]  eta: 0:00:33    time: 0.6408  data: 0.0183  max mem: 8872
Test:  [30/69]  eta: 0:00:25    time: 0.6400  data: 0.0200  max mem: 8872
Test:  [40/69]  eta: 0:00:19    time: 0.6311  data: 0.0204  max mem: 8872
Test:  [50/69]  eta: 0:00:12    time: 0.5839  data: 0.0207  max mem: 8872
Test:  [60/69]  eta: 0:00:05    time: 0.5331  data: 0.0214  max mem: 8872
Test:  [68/69]  eta: 0:00:00    time: 0.5497  data: 0.0201  max mem: 8872
Test: Total time: 0:00:42 (0.6143 s / it)
Averaged stats: 
Accumulating evaluation results...
DONE (t=1.98s).
IoU metric: bbox
 Average Precision  (AP) @[ IoU=0.50:0.95 | area=   all | maxDets=100 ] = 0.197
 Average Precision  (AP) @[ IoU=0.50      | area=   all | maxDets=100 ] = 0.330
 Average Precision  (AP) @[ IoU=0.75      | area=   all | maxDets=100 ] = 0.200
 Average Precision  (AP) @[ IoU=0.50:0.95 | area= small | maxDets=100 ] = 0.124
 Average Precision  (AP) @[ IoU=0.50:0.95 | area=medium | maxDets=100 ] = 0.281
 Average Precision  (AP) @[ IoU=0.50:0.95 | area= large | maxDets=100 ] = 0.376
 Average Recall     (AR) @[ IoU=0.50:0.95 | area=   all | maxDets=  1 ] = 0.090
 Average Recall     (AR) @[ IoU=0.50:0.95 | area=   all | maxDets= 10 ] = 0.260
 Average Recall     (AR) @[ IoU=0.50:0.95 | area=   all | maxDets=100 ] = 0.353
 Average Recall     (AR) @[ IoU=0.50:0.95 | area= small | maxDets=100 ] = 0.261
 Average Recall     (AR) @[ IoU=0.50:0.95 | area=medium | maxDets=100 ] = 0.469
 Average Recall     (AR) @[ IoU=0.50:0.95 | area= large | maxDets=100 ] = 0.573
best_stat:  {'epoch': 30, 'coco_eval_bbox': 0.19747676867399175}
Epoch: [31]  [  0/809]  eta: 1:09:26  lr: 0.000100  loss: 10.2009 (10.2009)  loss_bbox: 0.0730 (0.0730)  loss_bbox_aux_0: 0.0762 (0.0762)  loss_bbox_aux_1: 0.0740 (0.0740)  loss_bbox_aux_2: 0.0852 (0.0852)  loss_bbox_dn_0: 0.0467 (0.0467)  loss_bbox_dn_1: 0.0376 (0.0376)  loss_bbox_dn_2: 0.0376 (0.0376)  loss_giou: 0.9772 (0.9772)  loss_giou_aux_0: 1.0179 (1.0179)  loss_giou_aux_1: 0.9872 (0.9872)  loss_giou_aux_2: 1.0415 (1.0415)  loss_giou_dn_0: 0.8331 (0.8331)  loss_giou_dn_1: 0.7259 (0.7259)  loss_giou_dn_2: 0.7079 (0.7079)  loss_vfl: 0.5336 (0.5336)  loss_vfl_aux_0: 0.5299 (0.5299)  loss_vfl_aux_1: 0.5265 (0.5265)  loss_vfl_aux_2: 0.5332 (0.5332)  loss_vfl_dn_0: 0.4634 (0.4634)  loss_vfl_dn_1: 0.4513 (0.4513)  loss_vfl_dn_2: 0.4420 (0.4420)  time: 5.1496  data: 3.6527  max mem: 8872
Epoch: [31]  [100/809]  eta: 0:11:30  lr: 0.000100  loss: 10.2671 (10.3184)  loss_bbox: 0.0989 (0.1049)  loss_bbox_aux_0: 0.0979 (0.1124)  loss_bbox_aux_1: 0.0987 (0.1066)  loss_bbox_aux_2: 0.1059 (0.1275)  loss_bbox_dn_0: 0.0523 (0.0605)  loss_bbox_dn_1: 0.0415 (0.0495)  loss_bbox_dn_2: 0.0410 (0.0479)  loss_giou: 0.9693 (0.9869)  loss_giou_aux_0: 1.0046 (1.0225)  loss_giou_aux_1: 0.9767 (0.9982)  loss_giou_aux_2: 1.0698 (1.0893)  loss_giou_dn_0: 0.7707 (0.7836)  loss_giou_dn_1: 0.6925 (0.6978)  loss_giou_dn_2: 0.6773 (0.6858)  loss_vfl: 0.4969 (0.5161)  loss_vfl_aux_0: 0.4963 (0.5226)  loss_vfl_aux_1: 0.4962 (0.5211)  loss_vfl_aux_2: 0.4923 (0.5046)  loss_vfl_dn_0: 0.4725 (0.4759)  loss_vfl_dn_1: 0.4521 (0.4546)  loss_vfl_dn_2: 0.4459 (0.4501)  time: 0.9209  data: 0.0354  max mem: 8872
Epoch: [31]  [200/809]  eta: 0:09:44  lr: 0.000100  loss: 10.3047 (10.3511)  loss_bbox: 0.0855 (0.1042)  loss_bbox_aux_0: 0.0909 (0.1109)  loss_bbox_aux_1: 0.0855 (0.1058)  loss_bbox_aux_2: 0.1055 (0.1250)  loss_bbox_dn_0: 0.0584 (0.0594)  loss_bbox_dn_1: 0.0488 (0.0490)  loss_bbox_dn_2: 0.0470 (0.0475)  loss_giou: 0.9884 (0.9988)  loss_giou_aux_0: 1.0340 (1.0332)  loss_giou_aux_1: 1.0027 (1.0096)  loss_giou_aux_2: 1.0808 (1.1005)  loss_giou_dn_0: 0.7990 (0.7901)  loss_giou_dn_1: 0.7118 (0.7062)  loss_giou_dn_2: 0.6957 (0.6945)  loss_vfl: 0.5083 (0.5096)  loss_vfl_aux_0: 0.5051 (0.5156)  loss_vfl_aux_1: 0.5125 (0.5144)  loss_vfl_aux_2: 0.4961 (0.4984)  loss_vfl_dn_0: 0.4735 (0.4743)  loss_vfl_dn_1: 0.4525 (0.4541)  loss_vfl_dn_2: 0.4525 (0.4500)  time: 0.9315  data: 0.0350  max mem: 8872
Epoch: [31]  [300/809]  eta: 0:08:02  lr: 0.000100  loss: 10.6336 (10.3901)  loss_bbox: 0.0903 (0.1035)  loss_bbox_aux_0: 0.0918 (0.1099)  loss_bbox_aux_1: 0.0925 (0.1050)  loss_bbox_aux_2: 0.1061 (0.1243)  loss_bbox_dn_0: 0.0584 (0.0589)  loss_bbox_dn_1: 0.0480 (0.0488)  loss_bbox_dn_2: 0.0451 (0.0473)  loss_giou: 1.0725 (1.0070)  loss_giou_aux_0: 1.0874 (1.0426)  loss_giou_aux_1: 1.0849 (1.0181)  loss_giou_aux_2: 1.1271 (1.1102)  loss_giou_dn_0: 0.8344 (0.7957)  loss_giou_dn_1: 0.7447 (0.7127)  loss_giou_dn_2: 0.7368 (0.7009)  loss_vfl: 0.4868 (0.5072)  loss_vfl_aux_0: 0.4894 (0.5128)  loss_vfl_aux_1: 0.4844 (0.5118)  loss_vfl_aux_2: 0.4802 (0.4955)  loss_vfl_dn_0: 0.4720 (0.4740)  loss_vfl_dn_1: 0.4545 (0.4540)  loss_vfl_dn_2: 0.4537 (0.4498)  time: 0.9052  data: 0.0370  max mem: 8872
Epoch: [31]  [400/809]  eta: 0:06:25  lr: 0.000100  loss: 10.5885 (10.3894)  loss_bbox: 0.1031 (0.1031)  loss_bbox_aux_0: 0.1104 (0.1091)  loss_bbox_aux_1: 0.1051 (0.1046)  loss_bbox_aux_2: 0.1257 (0.1237)  loss_bbox_dn_0: 0.0566 (0.0588)  loss_bbox_dn_1: 0.0467 (0.0487)  loss_bbox_dn_2: 0.0454 (0.0472)  loss_giou: 1.0030 (1.0074)  loss_giou_aux_0: 1.0779 (1.0440)  loss_giou_aux_1: 1.0168 (1.0188)  loss_giou_aux_2: 1.1107 (1.1104)  loss_giou_dn_0: 0.7700 (0.7968)  loss_giou_dn_1: 0.6999 (0.7138)  loss_giou_dn_2: 0.6938 (0.7024)  loss_vfl: 0.5049 (0.5065)  loss_vfl_aux_0: 0.5034 (0.5123)  loss_vfl_aux_1: 0.5103 (0.5111)  loss_vfl_aux_2: 0.4669 (0.4950)  loss_vfl_dn_0: 0.4692 (0.4732)  loss_vfl_dn_1: 0.4468 (0.4531)  loss_vfl_dn_2: 0.4445 (0.4493)  time: 0.9372  data: 0.0336  max mem: 8872
Epoch: [31]  [500/809]  eta: 0:04:50  lr: 0.000100  loss: 10.4187 (10.3733)  loss_bbox: 0.0818 (0.1015)  loss_bbox_aux_0: 0.0855 (0.1073)  loss_bbox_aux_1: 0.0821 (0.1028)  loss_bbox_aux_2: 0.0983 (0.1216)  loss_bbox_dn_0: 0.0535 (0.0587)  loss_bbox_dn_1: 0.0433 (0.0485)  loss_bbox_dn_2: 0.0419 (0.0471)  loss_giou: 0.9785 (1.0042)  loss_giou_aux_0: 1.0238 (1.0415)  loss_giou_aux_1: 0.9936 (1.0156)  loss_giou_aux_2: 1.1138 (1.1077)  loss_giou_dn_0: 0.8197 (0.7964)  loss_giou_dn_1: 0.7298 (0.7128)  loss_giou_dn_2: 0.7154 (0.7014)  loss_vfl: 0.5104 (0.5078)  loss_vfl_aux_0: 0.5195 (0.5135)  loss_vfl_aux_1: 0.5085 (0.5125)  loss_vfl_aux_2: 0.4839 (0.4955)  loss_vfl_dn_0: 0.4729 (0.4738)  loss_vfl_dn_1: 0.4525 (0.4537)  loss_vfl_dn_2: 0.4487 (0.4496)  time: 0.9356  data: 0.0406  max mem: 8872
Epoch: [31]  [600/809]  eta: 0:03:16  lr: 0.000100  loss: 10.1985 (10.3555)  loss_bbox: 0.0881 (0.1006)  loss_bbox_aux_0: 0.0921 (0.1063)  loss_bbox_aux_1: 0.0879 (0.1019)  loss_bbox_aux_2: 0.1036 (0.1205)  loss_bbox_dn_0: 0.0500 (0.0586)  loss_bbox_dn_1: 0.0423 (0.0484)  loss_bbox_dn_2: 0.0420 (0.0470)  loss_giou: 1.0104 (1.0012)  loss_giou_aux_0: 1.0370 (1.0383)  loss_giou_aux_1: 1.0235 (1.0124)  loss_giou_aux_2: 1.1047 (1.1066)  loss_giou_dn_0: 0.7859 (0.7959)  loss_giou_dn_1: 0.7101 (0.7120)  loss_giou_dn_2: 0.7012 (0.7008)  loss_vfl: 0.5073 (0.5078)  loss_vfl_aux_0: 0.5049 (0.5132)  loss_vfl_aux_1: 0.5074 (0.5122)  loss_vfl_aux_2: 0.4851 (0.4950)  loss_vfl_dn_0: 0.4719 (0.4736)  loss_vfl_dn_1: 0.4580 (0.4536)  loss_vfl_dn_2: 0.4564 (0.4496)  time: 0.9162  data: 0.0448  max mem: 8872
Epoch: [31]  [700/809]  eta: 0:01:42  lr: 0.000100  loss: 10.3865 (10.3532)  loss_bbox: 0.0811 (0.0998)  loss_bbox_aux_0: 0.0848 (0.1055)  loss_bbox_aux_1: 0.0796 (0.1011)  loss_bbox_aux_2: 0.0951 (0.1193)  loss_bbox_dn_0: 0.0535 (0.0587)  loss_bbox_dn_1: 0.0430 (0.0484)  loss_bbox_dn_2: 0.0416 (0.0470)  loss_giou: 0.9861 (1.0005)  loss_giou_aux_0: 1.0198 (1.0376)  loss_giou_aux_1: 0.9972 (1.0115)  loss_giou_aux_2: 1.0996 (1.1060)  loss_giou_dn_0: 0.8159 (0.7977)  loss_giou_dn_1: 0.7234 (0.7128)  loss_giou_dn_2: 0.7050 (0.7015)  loss_vfl: 0.5104 (0.5081)  loss_vfl_aux_0: 0.5261 (0.5134)  loss_vfl_aux_1: 0.5221 (0.5127)  loss_vfl_aux_2: 0.5078 (0.4955)  loss_vfl_dn_0: 0.4773 (0.4735)  loss_vfl_dn_1: 0.4518 (0.4535)  loss_vfl_dn_2: 0.4495 (0.4494)  time: 0.9633  data: 0.0474  max mem: 8872
Epoch: [31]  [800/809]  eta: 0:00:08  lr: 0.000100  loss: 10.1532 (10.3246)  loss_bbox: 0.0828 (0.0985)  loss_bbox_aux_0: 0.0924 (0.1041)  loss_bbox_aux_1: 0.0863 (0.0998)  loss_bbox_aux_2: 0.1020 (0.1175)  loss_bbox_dn_0: 0.0565 (0.0584)  loss_bbox_dn_1: 0.0439 (0.0481)  loss_bbox_dn_2: 0.0412 (0.0467)  loss_giou: 0.9040 (0.9953)  loss_giou_aux_0: 0.9586 (1.0321)  loss_giou_aux_1: 0.9216 (1.0064)  loss_giou_aux_2: 1.0998 (1.1008)  loss_giou_dn_0: 0.8174 (0.7968)  loss_giou_dn_1: 0.7235 (0.7113)  loss_giou_dn_2: 0.7051 (0.7001)  loss_vfl: 0.5264 (0.5088)  loss_vfl_aux_0: 0.5199 (0.5142)  loss_vfl_aux_1: 0.5238 (0.5133)  loss_vfl_aux_2: 0.4957 (0.4963)  loss_vfl_dn_0: 0.4741 (0.4735)  loss_vfl_dn_1: 0.4536 (0.4534)  loss_vfl_dn_2: 0.4501 (0.4493)  time: 0.9173  data: 0.0370  max mem: 8872
Epoch: [31]  [808/809]  eta: 0:00:00  lr: 0.000100  loss: 10.0412 (10.3256)  loss_bbox: 0.0868 (0.0986)  loss_bbox_aux_0: 0.0957 (0.1042)  loss_bbox_aux_1: 0.0879 (0.0999)  loss_bbox_aux_2: 0.1053 (0.1176)  loss_bbox_dn_0: 0.0565 (0.0584)  loss_bbox_dn_1: 0.0421 (0.0482)  loss_bbox_dn_2: 0.0400 (0.0468)  loss_giou: 0.9040 (0.9950)  loss_giou_aux_0: 0.9481 (1.0318)  loss_giou_aux_1: 0.9216 (1.0061)  loss_giou_aux_2: 1.0440 (1.1007)  loss_giou_dn_0: 0.8122 (0.7965)  loss_giou_dn_1: 0.7206 (0.7110)  loss_giou_dn_2: 0.7008 (0.6998)  loss_vfl: 0.5387 (0.5093)  loss_vfl_aux_0: 0.5309 (0.5147)  loss_vfl_aux_1: 0.5393 (0.5138)  loss_vfl_aux_2: 0.5074 (0.4967)  loss_vfl_dn_0: 0.4741 (0.4736)  loss_vfl_dn_1: 0.4561 (0.4536)  loss_vfl_dn_2: 0.4523 (0.4494)  time: 0.7866  data: 0.0277  max mem: 8872
Epoch: [31] Total time: 0:12:39 (0.9392 s / it)
Averaged stats: lr: 0.000100  loss: 10.0412 (10.3256)  loss_bbox: 0.0868 (0.0986)  loss_bbox_aux_0: 0.0957 (0.1042)  loss_bbox_aux_1: 0.0879 (0.0999)  loss_bbox_aux_2: 0.1053 (0.1176)  loss_bbox_dn_0: 0.0565 (0.0584)  loss_bbox_dn_1: 0.0421 (0.0482)  loss_bbox_dn_2: 0.0400 (0.0468)  loss_giou: 0.9040 (0.9950)  loss_giou_aux_0: 0.9481 (1.0318)  loss_giou_aux_1: 0.9216 (1.0061)  loss_giou_aux_2: 1.0440 (1.1007)  loss_giou_dn_0: 0.8122 (0.7965)  loss_giou_dn_1: 0.7206 (0.7110)  loss_giou_dn_2: 0.7008 (0.6998)  loss_vfl: 0.5387 (0.5093)  loss_vfl_aux_0: 0.5309 (0.5147)  loss_vfl_aux_1: 0.5393 (0.5138)  loss_vfl_aux_2: 0.5074 (0.4967)  loss_vfl_dn_0: 0.4741 (0.4736)  loss_vfl_dn_1: 0.4561 (0.4536)  loss_vfl_dn_2: 0.4523 (0.4494)
Test:  [ 0/69]  eta: 0:01:22    time: 1.2014  data: 0.6145  max mem: 8872
Test:  [10/69]  eta: 0:00:39    time: 0.6772  data: 0.0762  max mem: 8872
Test:  [20/69]  eta: 0:00:32    time: 0.6330  data: 0.0221  max mem: 8872
Test:  [30/69]  eta: 0:00:24    time: 0.6136  data: 0.0219  max mem: 8872
Test:  [40/69]  eta: 0:00:18    time: 0.6284  data: 0.0222  max mem: 8872
Test:  [50/69]  eta: 0:00:11    time: 0.5976  data: 0.0226  max mem: 8872
Test:  [60/69]  eta: 0:00:05    time: 0.5248  data: 0.0213  max mem: 8872
Test:  [68/69]  eta: 0:00:00    time: 0.5437  data: 0.0191  max mem: 8872
Test: Total time: 0:00:41 (0.6037 s / it)
Averaged stats: 
Accumulating evaluation results...
DONE (t=1.93s).
IoU metric: bbox
 Average Precision  (AP) @[ IoU=0.50:0.95 | area=   all | maxDets=100 ] = 0.199
 Average Precision  (AP) @[ IoU=0.50      | area=   all | maxDets=100 ] = 0.333
 Average Precision  (AP) @[ IoU=0.75      | area=   all | maxDets=100 ] = 0.203
 Average Precision  (AP) @[ IoU=0.50:0.95 | area= small | maxDets=100 ] = 0.125
 Average Precision  (AP) @[ IoU=0.50:0.95 | area=medium | maxDets=100 ] = 0.283
 Average Precision  (AP) @[ IoU=0.50:0.95 | area= large | maxDets=100 ] = 0.377
 Average Recall     (AR) @[ IoU=0.50:0.95 | area=   all | maxDets=  1 ] = 0.090
 Average Recall     (AR) @[ IoU=0.50:0.95 | area=   all | maxDets= 10 ] = 0.261
 Average Recall     (AR) @[ IoU=0.50:0.95 | area=   all | maxDets=100 ] = 0.355
 Average Recall     (AR) @[ IoU=0.50:0.95 | area= small | maxDets=100 ] = 0.263
 Average Recall     (AR) @[ IoU=0.50:0.95 | area=medium | maxDets=100 ] = 0.471
 Average Recall     (AR) @[ IoU=0.50:0.95 | area= large | maxDets=100 ] = 0.572
best_stat:  {'epoch': 31, 'coco_eval_bbox': 0.19894622690627636}
Epoch: [32]  [  0/809]  eta: 1:26:27  lr: 0.000100  loss: 9.0498 (9.0498)  loss_bbox: 0.0867 (0.0867)  loss_bbox_aux_0: 0.0876 (0.0876)  loss_bbox_aux_1: 0.0859 (0.0859)  loss_bbox_aux_2: 0.1017 (0.1017)  loss_bbox_dn_0: 0.0887 (0.0887)  loss_bbox_dn_1: 0.0748 (0.0748)  loss_bbox_dn_2: 0.0719 (0.0719)  loss_giou: 0.6310 (0.6310)  loss_giou_aux_0: 0.6882 (0.6882)  loss_giou_aux_1: 0.6475 (0.6475)  loss_giou_aux_2: 0.7981 (0.7981)  loss_giou_dn_0: 0.6708 (0.6708)  loss_giou_dn_1: 0.5732 (0.5732)  loss_giou_dn_2: 0.5593 (0.5593)  loss_vfl: 0.6018 (0.6018)  loss_vfl_aux_0: 0.6333 (0.6333)  loss_vfl_aux_1: 0.6143 (0.6143)  loss_vfl_aux_2: 0.6101 (0.6101)  loss_vfl_dn_0: 0.4937 (0.4937)  loss_vfl_dn_1: 0.4657 (0.4657)  loss_vfl_dn_2: 0.4657 (0.4657)  time: 6.4121  data: 2.9915  max mem: 8872
Epoch: [32]  [100/809]  eta: 0:11:44  lr: 0.000100  loss: 10.1010 (10.2385)  loss_bbox: 0.0859 (0.0923)  loss_bbox_aux_0: 0.0936 (0.0983)  loss_bbox_aux_1: 0.0871 (0.0938)  loss_bbox_aux_2: 0.1122 (0.1122)  loss_bbox_dn_0: 0.0564 (0.0604)  loss_bbox_dn_1: 0.0442 (0.0495)  loss_bbox_dn_2: 0.0425 (0.0479)  loss_giou: 0.9349 (0.9750)  loss_giou_aux_0: 0.9846 (1.0118)  loss_giou_aux_1: 0.9461 (0.9851)  loss_giou_aux_2: 1.0535 (1.0846)  loss_giou_dn_0: 0.7863 (0.7926)  loss_giou_dn_1: 0.7096 (0.7079)  loss_giou_dn_2: 0.7020 (0.6964)  loss_vfl: 0.5234 (0.5141)  loss_vfl_aux_0: 0.5291 (0.5206)  loss_vfl_aux_1: 0.5287 (0.5198)  loss_vfl_aux_2: 0.5045 (0.5004)  loss_vfl_dn_0: 0.4725 (0.4740)  loss_vfl_dn_1: 0.4506 (0.4531)  loss_vfl_dn_2: 0.4414 (0.4485)  time: 0.9282  data: 0.0364  max mem: 8872
Epoch: [32]  [200/809]  eta: 0:09:45  lr: 0.000100  loss: 10.1027 (10.3253)  loss_bbox: 0.0916 (0.0975)  loss_bbox_aux_0: 0.0975 (0.1033)  loss_bbox_aux_1: 0.0939 (0.0989)  loss_bbox_aux_2: 0.1128 (0.1172)  loss_bbox_dn_0: 0.0556 (0.0590)  loss_bbox_dn_1: 0.0460 (0.0488)  loss_bbox_dn_2: 0.0441 (0.0472)  loss_giou: 0.9707 (0.9988)  loss_giou_aux_0: 1.0002 (1.0348)  loss_giou_aux_1: 0.9848 (1.0083)  loss_giou_aux_2: 1.0801 (1.1072)  loss_giou_dn_0: 0.7758 (0.7953)  loss_giou_dn_1: 0.6991 (0.7118)  loss_giou_dn_2: 0.6852 (0.7007)  loss_vfl: 0.5083 (0.5061)  loss_vfl_aux_0: 0.5083 (0.5128)  loss_vfl_aux_1: 0.5051 (0.5121)  loss_vfl_aux_2: 0.5056 (0.4937)  loss_vfl_dn_0: 0.4723 (0.4730)  loss_vfl_dn_1: 0.4454 (0.4516)  loss_vfl_dn_2: 0.4409 (0.4471)  time: 0.9332  data: 0.0377  max mem: 8872
Epoch: [32]  [300/809]  eta: 0:08:07  lr: 0.000100  loss: 10.2766 (10.3271)  loss_bbox: 0.0891 (0.0983)  loss_bbox_aux_0: 0.0876 (0.1037)  loss_bbox_aux_1: 0.0849 (0.0994)  loss_bbox_aux_2: 0.1030 (0.1180)  loss_bbox_dn_0: 0.0425 (0.0578)  loss_bbox_dn_1: 0.0349 (0.0478)  loss_bbox_dn_2: 0.0343 (0.0463)  loss_giou: 0.9942 (1.0026)  loss_giou_aux_0: 1.0386 (1.0384)  loss_giou_aux_1: 1.0113 (1.0123)  loss_giou_aux_2: 1.1131 (1.1102)  loss_giou_dn_0: 0.7846 (0.7955)  loss_giou_dn_1: 0.7080 (0.7126)  loss_giou_dn_2: 0.6974 (0.7015)  loss_vfl: 0.4741 (0.5026)  loss_vfl_aux_0: 0.4811 (0.5103)  loss_vfl_aux_1: 0.4795 (0.5089)  loss_vfl_aux_2: 0.4561 (0.4909)  loss_vfl_dn_0: 0.4639 (0.4722)  loss_vfl_dn_1: 0.4419 (0.4511)  loss_vfl_dn_2: 0.4366 (0.4467)  time: 0.9642  data: 0.0400  max mem: 8872
Epoch: [32]  [400/809]  eta: 0:06:29  lr: 0.000100  loss: 9.8505 (10.2734)  loss_bbox: 0.0820 (0.0966)  loss_bbox_aux_0: 0.0874 (0.1021)  loss_bbox_aux_1: 0.0830 (0.0977)  loss_bbox_aux_2: 0.1044 (0.1163)  loss_bbox_dn_0: 0.0531 (0.0576)  loss_bbox_dn_1: 0.0439 (0.0475)  loss_bbox_dn_2: 0.0429 (0.0460)  loss_giou: 0.8604 (0.9909)  loss_giou_aux_0: 0.8952 (1.0262)  loss_giou_aux_1: 0.8795 (1.0000)  loss_giou_aux_2: 0.9664 (1.0978)  loss_giou_dn_0: 0.7436 (0.7920)  loss_giou_dn_1: 0.6646 (0.7084)  loss_giou_dn_2: 0.6596 (0.6973)  loss_vfl: 0.5334 (0.5056)  loss_vfl_aux_0: 0.5343 (0.5131)  loss_vfl_aux_1: 0.5269 (0.5119)  loss_vfl_aux_2: 0.5244 (0.4946)  loss_vfl_dn_0: 0.4764 (0.4729)  loss_vfl_dn_1: 0.4484 (0.4517)  loss_vfl_dn_2: 0.4423 (0.4471)  time: 0.9380  data: 0.0415  max mem: 8872
Epoch: [32]  [500/809]  eta: 0:04:53  lr: 0.000100  loss: 10.5468 (10.2835)  loss_bbox: 0.1099 (0.0969)  loss_bbox_aux_0: 0.1167 (0.1024)  loss_bbox_aux_1: 0.1102 (0.0981)  loss_bbox_aux_2: 0.1320 (0.1166)  loss_bbox_dn_0: 0.0513 (0.0572)  loss_bbox_dn_1: 0.0418 (0.0471)  loss_bbox_dn_2: 0.0404 (0.0457)  loss_giou: 1.0905 (0.9953)  loss_giou_aux_0: 1.1533 (1.0299)  loss_giou_aux_1: 1.0969 (1.0043)  loss_giou_aux_2: 1.1952 (1.1011)  loss_giou_dn_0: 0.8122 (0.7934)  loss_giou_dn_1: 0.7309 (0.7099)  loss_giou_dn_2: 0.7229 (0.6989)  loss_vfl: 0.4365 (0.5034)  loss_vfl_aux_0: 0.4387 (0.5108)  loss_vfl_aux_1: 0.4490 (0.5093)  loss_vfl_aux_2: 0.4413 (0.4924)  loss_vfl_dn_0: 0.4678 (0.4727)  loss_vfl_dn_1: 0.4404 (0.4515)  loss_vfl_dn_2: 0.4369 (0.4469)  time: 0.9170  data: 0.0321  max mem: 8872
Epoch: [32]  [600/809]  eta: 0:03:18  lr: 0.000100  loss: 10.6001 (10.2928)  loss_bbox: 0.1012 (0.0979)  loss_bbox_aux_0: 0.1086 (0.1034)  loss_bbox_aux_1: 0.1000 (0.0991)  loss_bbox_aux_2: 0.1254 (0.1180)  loss_bbox_dn_0: 0.0594 (0.0578)  loss_bbox_dn_1: 0.0488 (0.0476)  loss_bbox_dn_2: 0.0466 (0.0462)  loss_giou: 1.0662 (0.9948)  loss_giou_aux_0: 1.0803 (1.0302)  loss_giou_aux_1: 1.0800 (1.0037)  loss_giou_aux_2: 1.1373 (1.1015)  loss_giou_dn_0: 0.8228 (0.7937)  loss_giou_dn_1: 0.7385 (0.7094)  loss_giou_dn_2: 0.7257 (0.6984)  loss_vfl: 0.4983 (0.5044)  loss_vfl_aux_0: 0.5024 (0.5118)  loss_vfl_aux_1: 0.5042 (0.5102)  loss_vfl_aux_2: 0.4725 (0.4930)  loss_vfl_dn_0: 0.4625 (0.4729)  loss_vfl_dn_1: 0.4523 (0.4518)  loss_vfl_dn_2: 0.4487 (0.4471)  time: 0.9428  data: 0.0392  max mem: 8872
Epoch: [32]  [700/809]  eta: 0:01:43  lr: 0.000100  loss: 10.2942 (10.2975)  loss_bbox: 0.0854 (0.0978)  loss_bbox_aux_0: 0.0877 (0.1032)  loss_bbox_aux_1: 0.0855 (0.0990)  loss_bbox_aux_2: 0.0967 (0.1177)  loss_bbox_dn_0: 0.0612 (0.0578)  loss_bbox_dn_1: 0.0506 (0.0477)  loss_bbox_dn_2: 0.0492 (0.0462)  loss_giou: 0.9847 (0.9950)  loss_giou_aux_0: 1.0077 (1.0305)  loss_giou_aux_1: 0.9808 (1.0036)  loss_giou_aux_2: 1.0572 (1.1019)  loss_giou_dn_0: 0.8126 (0.7938)  loss_giou_dn_1: 0.7243 (0.7095)  loss_giou_dn_2: 0.7149 (0.6985)  loss_vfl: 0.5198 (0.5051)  loss_vfl_aux_0: 0.5333 (0.5128)  loss_vfl_aux_1: 0.5260 (0.5111)  loss_vfl_aux_2: 0.5074 (0.4939)  loss_vfl_dn_0: 0.4669 (0.4730)  loss_vfl_dn_1: 0.4485 (0.4521)  loss_vfl_dn_2: 0.4456 (0.4475)  time: 0.9361  data: 0.0435  max mem: 8872
Epoch: [32]  [800/809]  eta: 0:00:08  lr: 0.000100  loss: 10.3850 (10.2978)  loss_bbox: 0.0912 (0.0976)  loss_bbox_aux_0: 0.0956 (0.1030)  loss_bbox_aux_1: 0.0938 (0.0988)  loss_bbox_aux_2: 0.1201 (0.1176)  loss_bbox_dn_0: 0.0525 (0.0578)  loss_bbox_dn_1: 0.0428 (0.0477)  loss_bbox_dn_2: 0.0418 (0.0462)  loss_giou: 1.0209 (0.9948)  loss_giou_aux_0: 1.0565 (1.0302)  loss_giou_aux_1: 1.0244 (1.0034)  loss_giou_aux_2: 1.1288 (1.1013)  loss_giou_dn_0: 0.8054 (0.7936)  loss_giou_dn_1: 0.7204 (0.7093)  loss_giou_dn_2: 0.7161 (0.6983)  loss_vfl: 0.4758 (0.5058)  loss_vfl_aux_0: 0.4846 (0.5134)  loss_vfl_aux_1: 0.4849 (0.5116)  loss_vfl_aux_2: 0.4550 (0.4944)  loss_vfl_dn_0: 0.4760 (0.4732)  loss_vfl_dn_1: 0.4561 (0.4522)  loss_vfl_dn_2: 0.4519 (0.4476)  time: 0.9683  data: 0.0388  max mem: 8872
Epoch: [32]  [808/809]  eta: 0:00:00  lr: 0.000100  loss: 10.4966 (10.2966)  loss_bbox: 0.0935 (0.0975)  loss_bbox_aux_0: 0.0993 (0.1030)  loss_bbox_aux_1: 0.0964 (0.0988)  loss_bbox_aux_2: 0.1201 (0.1175)  loss_bbox_dn_0: 0.0555 (0.0578)  loss_bbox_dn_1: 0.0454 (0.0477)  loss_bbox_dn_2: 0.0448 (0.0463)  loss_giou: 1.0482 (0.9945)  loss_giou_aux_0: 1.0782 (1.0301)  loss_giou_aux_1: 1.0585 (1.0031)  loss_giou_aux_2: 1.1522 (1.1011)  loss_giou_dn_0: 0.8054 (0.7935)  loss_giou_dn_1: 0.7204 (0.7092)  loss_giou_dn_2: 0.7161 (0.6982)  loss_vfl: 0.4932 (0.5059)  loss_vfl_aux_0: 0.4971 (0.5135)  loss_vfl_aux_1: 0.5040 (0.5117)  loss_vfl_aux_2: 0.4686 (0.4945)  loss_vfl_dn_0: 0.4757 (0.4732)  loss_vfl_dn_1: 0.4531 (0.4521)  loss_vfl_dn_2: 0.4506 (0.4476)  time: 0.8001  data: 0.0360  max mem: 8872
Epoch: [32] Total time: 0:12:41 (0.9412 s / it)
Averaged stats: lr: 0.000100  loss: 10.4966 (10.2966)  loss_bbox: 0.0935 (0.0975)  loss_bbox_aux_0: 0.0993 (0.1030)  loss_bbox_aux_1: 0.0964 (0.0988)  loss_bbox_aux_2: 0.1201 (0.1175)  loss_bbox_dn_0: 0.0555 (0.0578)  loss_bbox_dn_1: 0.0454 (0.0477)  loss_bbox_dn_2: 0.0448 (0.0463)  loss_giou: 1.0482 (0.9945)  loss_giou_aux_0: 1.0782 (1.0301)  loss_giou_aux_1: 1.0585 (1.0031)  loss_giou_aux_2: 1.1522 (1.1011)  loss_giou_dn_0: 0.8054 (0.7935)  loss_giou_dn_1: 0.7204 (0.7092)  loss_giou_dn_2: 0.7161 (0.6982)  loss_vfl: 0.4932 (0.5059)  loss_vfl_aux_0: 0.4971 (0.5135)  loss_vfl_aux_1: 0.5040 (0.5117)  loss_vfl_aux_2: 0.4686 (0.4945)  loss_vfl_dn_0: 0.4757 (0.4732)  loss_vfl_dn_1: 0.4531 (0.4521)  loss_vfl_dn_2: 0.4506 (0.4476)
Test:  [ 0/69]  eta: 0:01:48    time: 1.5743  data: 0.9420  max mem: 8872
Test:  [10/69]  eta: 0:00:41    time: 0.7072  data: 0.1031  max mem: 8872
Test:  [20/69]  eta: 0:00:34    time: 0.6501  data: 0.0197  max mem: 8872
Test:  [30/69]  eta: 0:00:25    time: 0.6279  data: 0.0209  max mem: 8872
Test:  [40/69]  eta: 0:00:18    time: 0.5696  data: 0.0217  max mem: 8872
Test:  [50/69]  eta: 0:00:11    time: 0.5831  data: 0.0213  max mem: 8872
Test:  [60/69]  eta: 0:00:05    time: 0.5650  data: 0.0218  max mem: 8872
Test:  [68/69]  eta: 0:00:00    time: 0.5434  data: 0.0210  max mem: 8872
Test: Total time: 0:00:42 (0.6088 s / it)
Averaged stats: 
Accumulating evaluation results...
DONE (t=1.90s).
IoU metric: bbox
 Average Precision  (AP) @[ IoU=0.50:0.95 | area=   all | maxDets=100 ] = 0.200
 Average Precision  (AP) @[ IoU=0.50      | area=   all | maxDets=100 ] = 0.334
 Average Precision  (AP) @[ IoU=0.75      | area=   all | maxDets=100 ] = 0.204
 Average Precision  (AP) @[ IoU=0.50:0.95 | area= small | maxDets=100 ] = 0.126
 Average Precision  (AP) @[ IoU=0.50:0.95 | area=medium | maxDets=100 ] = 0.285
 Average Precision  (AP) @[ IoU=0.50:0.95 | area= large | maxDets=100 ] = 0.378
 Average Recall     (AR) @[ IoU=0.50:0.95 | area=   all | maxDets=  1 ] = 0.091
 Average Recall     (AR) @[ IoU=0.50:0.95 | area=   all | maxDets= 10 ] = 0.262
 Average Recall     (AR) @[ IoU=0.50:0.95 | area=   all | maxDets=100 ] = 0.356
 Average Recall     (AR) @[ IoU=0.50:0.95 | area= small | maxDets=100 ] = 0.264
 Average Recall     (AR) @[ IoU=0.50:0.95 | area=medium | maxDets=100 ] = 0.473
 Average Recall     (AR) @[ IoU=0.50:0.95 | area= large | maxDets=100 ] = 0.572
best_stat:  {'epoch': 32, 'coco_eval_bbox': 0.20013273632099374}
Epoch: [33]  [  0/809]  eta: 1:20:47  lr: 0.000100  loss: 12.2278 (12.2278)  loss_bbox: 0.1757 (0.1757)  loss_bbox_aux_0: 0.1878 (0.1878)  loss_bbox_aux_1: 0.1771 (0.1771)  loss_bbox_aux_2: 0.2033 (0.2033)  loss_bbox_dn_0: 0.0550 (0.0550)  loss_bbox_dn_1: 0.0425 (0.0425)  loss_bbox_dn_2: 0.0412 (0.0412)  loss_giou: 1.4733 (1.4733)  loss_giou_aux_0: 1.5027 (1.5027)  loss_giou_aux_1: 1.4802 (1.4802)  loss_giou_aux_2: 1.5577 (1.5577)  loss_giou_dn_0: 0.8908 (0.8908)  loss_giou_dn_1: 0.7942 (0.7942)  loss_giou_dn_2: 0.7847 (0.7847)  loss_vfl: 0.3662 (0.3662)  loss_vfl_aux_0: 0.3859 (0.3859)  loss_vfl_aux_1: 0.3820 (0.3820)  loss_vfl_aux_2: 0.3978 (0.3978)  loss_vfl_dn_0: 0.4583 (0.4583)  loss_vfl_dn_1: 0.4351 (0.4351)  loss_vfl_dn_2: 0.4364 (0.4364)  time: 5.9920  data: 3.1300  max mem: 8872
Epoch: [33]  [100/809]  eta: 0:11:37  lr: 0.000100  loss: 10.3719 (10.3899)  loss_bbox: 0.0924 (0.1030)  loss_bbox_aux_0: 0.1001 (0.1094)  loss_bbox_aux_1: 0.0949 (0.1045)  loss_bbox_aux_2: 0.1082 (0.1246)  loss_bbox_dn_0: 0.0589 (0.0590)  loss_bbox_dn_1: 0.0516 (0.0488)  loss_bbox_dn_2: 0.0509 (0.0474)  loss_giou: 1.0093 (1.0140)  loss_giou_aux_0: 1.0270 (1.0477)  loss_giou_aux_1: 1.0101 (1.0234)  loss_giou_aux_2: 1.0730 (1.1186)  loss_giou_dn_0: 0.8007 (0.7992)  loss_giou_dn_1: 0.7280 (0.7123)  loss_giou_dn_2: 0.7120 (0.7012)  loss_vfl: 0.5236 (0.5014)  loss_vfl_aux_0: 0.5139 (0.5072)  loss_vfl_aux_1: 0.5214 (0.5052)  loss_vfl_aux_2: 0.4927 (0.4887)  loss_vfl_dn_0: 0.4702 (0.4733)  loss_vfl_dn_1: 0.4497 (0.4531)  loss_vfl_dn_2: 0.4448 (0.4481)  time: 0.9393  data: 0.0374  max mem: 8872
Epoch: [33]  [200/809]  eta: 0:09:40  lr: 0.000100  loss: 10.2592 (10.3883)  loss_bbox: 0.1025 (0.1045)  loss_bbox_aux_0: 0.1031 (0.1108)  loss_bbox_aux_1: 0.1015 (0.1059)  loss_bbox_aux_2: 0.1168 (0.1255)  loss_bbox_dn_0: 0.0521 (0.0593)  loss_bbox_dn_1: 0.0431 (0.0489)  loss_bbox_dn_2: 0.0420 (0.0475)  loss_giou: 0.9952 (1.0077)  loss_giou_aux_0: 1.0210 (1.0430)  loss_giou_aux_1: 1.0133 (1.0173)  loss_giou_aux_2: 1.0764 (1.1114)  loss_giou_dn_0: 0.7926 (0.7951)  loss_giou_dn_1: 0.7119 (0.7092)  loss_giou_dn_2: 0.7003 (0.6978)  loss_vfl: 0.4949 (0.5073)  loss_vfl_aux_0: 0.5123 (0.5139)  loss_vfl_aux_1: 0.5002 (0.5115)  loss_vfl_aux_2: 0.4890 (0.4962)  loss_vfl_dn_0: 0.4716 (0.4742)  loss_vfl_dn_1: 0.4537 (0.4530)  loss_vfl_dn_2: 0.4490 (0.4481)  time: 0.9294  data: 0.0378  max mem: 8872
Epoch: [33]  [300/809]  eta: 0:07:59  lr: 0.000100  loss: 10.3954 (10.3290)  loss_bbox: 0.0858 (0.1010)  loss_bbox_aux_0: 0.0947 (0.1072)  loss_bbox_aux_1: 0.0896 (0.1026)  loss_bbox_aux_2: 0.1085 (0.1212)  loss_bbox_dn_0: 0.0560 (0.0590)  loss_bbox_dn_1: 0.0472 (0.0485)  loss_bbox_dn_2: 0.0452 (0.0470)  loss_giou: 0.9405 (0.9969)  loss_giou_aux_0: 0.9875 (1.0327)  loss_giou_aux_1: 0.9665 (1.0072)  loss_giou_aux_2: 1.0415 (1.0998)  loss_giou_dn_0: 0.7970 (0.7938)  loss_giou_dn_1: 0.7023 (0.7080)  loss_giou_dn_2: 0.6850 (0.6966)  loss_vfl: 0.5176 (0.5084)  loss_vfl_aux_0: 0.5248 (0.5156)  loss_vfl_aux_1: 0.5247 (0.5126)  loss_vfl_aux_2: 0.5145 (0.4982)  loss_vfl_dn_0: 0.4664 (0.4738)  loss_vfl_dn_1: 0.4460 (0.4520)  loss_vfl_dn_2: 0.4398 (0.4470)  time: 0.9380  data: 0.0408  max mem: 8872
Epoch: [33]  [400/809]  eta: 0:06:25  lr: 0.000100  loss: 10.3101 (10.3367)  loss_bbox: 0.0844 (0.0999)  loss_bbox_aux_0: 0.0921 (0.1061)  loss_bbox_aux_1: 0.0900 (0.1015)  loss_bbox_aux_2: 0.1107 (0.1203)  loss_bbox_dn_0: 0.0485 (0.0588)  loss_bbox_dn_1: 0.0421 (0.0483)  loss_bbox_dn_2: 0.0413 (0.0469)  loss_giou: 0.9966 (1.0020)  loss_giou_aux_0: 1.0256 (1.0370)  loss_giou_aux_1: 0.9976 (1.0115)  loss_giou_aux_2: 1.1208 (1.1044)  loss_giou_dn_0: 0.7845 (0.7964)  loss_giou_dn_1: 0.7135 (0.7106)  loss_giou_dn_2: 0.7041 (0.6996)  loss_vfl: 0.5127 (0.5050)  loss_vfl_aux_0: 0.5039 (0.5120)  loss_vfl_aux_1: 0.5109 (0.5095)  loss_vfl_aux_2: 0.4889 (0.4949)  loss_vfl_dn_0: 0.4709 (0.4734)  loss_vfl_dn_1: 0.4498 (0.4518)  loss_vfl_dn_2: 0.4435 (0.4468)  time: 0.9819  data: 0.0391  max mem: 8872
Epoch: [33]  [500/809]  eta: 0:04:50  lr: 0.000100  loss: 9.7419 (10.2818)  loss_bbox: 0.0780 (0.0982)  loss_bbox_aux_0: 0.0828 (0.1043)  loss_bbox_aux_1: 0.0785 (0.0996)  loss_bbox_aux_2: 0.0952 (0.1187)  loss_bbox_dn_0: 0.0520 (0.0586)  loss_bbox_dn_1: 0.0416 (0.0481)  loss_bbox_dn_2: 0.0409 (0.0467)  loss_giou: 0.8218 (0.9919)  loss_giou_aux_0: 0.8398 (1.0269)  loss_giou_aux_1: 0.8294 (1.0013)  loss_giou_aux_2: 0.9164 (1.0951)  loss_giou_dn_0: 0.7761 (0.7934)  loss_giou_dn_1: 0.6816 (0.7076)  loss_giou_dn_2: 0.6654 (0.6965)  loss_vfl: 0.5323 (0.5055)  loss_vfl_aux_0: 0.5492 (0.5127)  loss_vfl_aux_1: 0.5347 (0.5102)  loss_vfl_aux_2: 0.5214 (0.4952)  loss_vfl_dn_0: 0.4703 (0.4733)  loss_vfl_dn_1: 0.4462 (0.4514)  loss_vfl_dn_2: 0.4410 (0.4465)  time: 0.9245  data: 0.0351  max mem: 8872
Epoch: [33]  [600/809]  eta: 0:03:15  lr: 0.000100  loss: 10.0337 (10.2693)  loss_bbox: 0.0820 (0.0977)  loss_bbox_aux_0: 0.0848 (0.1039)  loss_bbox_aux_1: 0.0817 (0.0991)  loss_bbox_aux_2: 0.0981 (0.1181)  loss_bbox_dn_0: 0.0525 (0.0587)  loss_bbox_dn_1: 0.0428 (0.0481)  loss_bbox_dn_2: 0.0423 (0.0466)  loss_giou: 0.9246 (0.9891)  loss_giou_aux_0: 0.9605 (1.0245)  loss_giou_aux_1: 0.9275 (0.9983)  loss_giou_aux_2: 1.0123 (1.0923)  loss_giou_dn_0: 0.7850 (0.7920)  loss_giou_dn_1: 0.6758 (0.7061)  loss_giou_dn_2: 0.6676 (0.6949)  loss_vfl: 0.5386 (0.5067)  loss_vfl_aux_0: 0.5261 (0.5135)  loss_vfl_aux_1: 0.5372 (0.5113)  loss_vfl_aux_2: 0.5184 (0.4965)  loss_vfl_dn_0: 0.4730 (0.4734)  loss_vfl_dn_1: 0.4514 (0.4516)  loss_vfl_dn_2: 0.4502 (0.4467)  time: 0.9417  data: 0.0360  max mem: 8872
Epoch: [33]  [700/809]  eta: 0:01:41  lr: 0.000100  loss: 9.9125 (10.2603)  loss_bbox: 0.0854 (0.0978)  loss_bbox_aux_0: 0.0916 (0.1040)  loss_bbox_aux_1: 0.0867 (0.0992)  loss_bbox_aux_2: 0.1079 (0.1181)  loss_bbox_dn_0: 0.0521 (0.0588)  loss_bbox_dn_1: 0.0427 (0.0482)  loss_bbox_dn_2: 0.0409 (0.0467)  loss_giou: 0.9049 (0.9873)  loss_giou_aux_0: 0.9624 (1.0225)  loss_giou_aux_1: 0.9234 (0.9965)  loss_giou_aux_2: 1.0385 (1.0918)  loss_giou_dn_0: 0.7535 (0.7911)  loss_giou_dn_1: 0.6700 (0.7052)  loss_giou_dn_2: 0.6563 (0.6941)  loss_vfl: 0.5038 (0.5068)  loss_vfl_aux_0: 0.5090 (0.5136)  loss_vfl_aux_1: 0.5023 (0.5113)  loss_vfl_aux_2: 0.5071 (0.4967)  loss_vfl_dn_0: 0.4690 (0.4734)  loss_vfl_dn_1: 0.4468 (0.4511)  loss_vfl_dn_2: 0.4398 (0.4463)  time: 0.9315  data: 0.0325  max mem: 8872
Epoch: [33]  [800/809]  eta: 0:00:08  lr: 0.000100  loss: 9.9488 (10.2639)  loss_bbox: 0.0836 (0.0976)  loss_bbox_aux_0: 0.0898 (0.1038)  loss_bbox_aux_1: 0.0850 (0.0991)  loss_bbox_aux_2: 0.1036 (0.1177)  loss_bbox_dn_0: 0.0547 (0.0585)  loss_bbox_dn_1: 0.0452 (0.0480)  loss_bbox_dn_2: 0.0442 (0.0466)  loss_giou: 0.9347 (0.9879)  loss_giou_aux_0: 0.9647 (1.0229)  loss_giou_aux_1: 0.9435 (0.9971)  loss_giou_aux_2: 1.0436 (1.0930)  loss_giou_dn_0: 0.7633 (0.7910)  loss_giou_dn_1: 0.6856 (0.7055)  loss_giou_dn_2: 0.6786 (0.6944)  loss_vfl: 0.5018 (0.5075)  loss_vfl_aux_0: 0.5010 (0.5140)  loss_vfl_aux_1: 0.5042 (0.5119)  loss_vfl_aux_2: 0.4838 (0.4965)  loss_vfl_dn_0: 0.4684 (0.4734)  loss_vfl_dn_1: 0.4465 (0.4511)  loss_vfl_dn_2: 0.4434 (0.4465)  time: 0.9396  data: 0.0441  max mem: 8872
Epoch: [33]  [808/809]  eta: 0:00:00  lr: 0.000100  loss: 10.0409 (10.2609)  loss_bbox: 0.0887 (0.0977)  loss_bbox_aux_0: 0.0965 (0.1039)  loss_bbox_aux_1: 0.0898 (0.0992)  loss_bbox_aux_2: 0.1102 (0.1177)  loss_bbox_dn_0: 0.0558 (0.0585)  loss_bbox_dn_1: 0.0460 (0.0480)  loss_bbox_dn_2: 0.0448 (0.0466)  loss_giou: 0.9347 (0.9873)  loss_giou_aux_0: 0.9647 (1.0224)  loss_giou_aux_1: 0.9435 (0.9965)  loss_giou_aux_2: 1.0358 (1.0924)  loss_giou_dn_0: 0.7633 (0.7905)  loss_giou_dn_1: 0.6792 (0.7051)  loss_giou_dn_2: 0.6786 (0.6939)  loss_vfl: 0.4967 (0.5075)  loss_vfl_aux_0: 0.4932 (0.5140)  loss_vfl_aux_1: 0.5026 (0.5119)  loss_vfl_aux_2: 0.4844 (0.4966)  loss_vfl_dn_0: 0.4736 (0.4734)  loss_vfl_dn_1: 0.4473 (0.4511)  loss_vfl_dn_2: 0.4436 (0.4465)  time: 0.7913  data: 0.0368  max mem: 8872
Epoch: [33] Total time: 0:12:34 (0.9322 s / it)
Averaged stats: lr: 0.000100  loss: 10.0409 (10.2609)  loss_bbox: 0.0887 (0.0977)  loss_bbox_aux_0: 0.0965 (0.1039)  loss_bbox_aux_1: 0.0898 (0.0992)  loss_bbox_aux_2: 0.1102 (0.1177)  loss_bbox_dn_0: 0.0558 (0.0585)  loss_bbox_dn_1: 0.0460 (0.0480)  loss_bbox_dn_2: 0.0448 (0.0466)  loss_giou: 0.9347 (0.9873)  loss_giou_aux_0: 0.9647 (1.0224)  loss_giou_aux_1: 0.9435 (0.9965)  loss_giou_aux_2: 1.0358 (1.0924)  loss_giou_dn_0: 0.7633 (0.7905)  loss_giou_dn_1: 0.6792 (0.7051)  loss_giou_dn_2: 0.6786 (0.6939)  loss_vfl: 0.4967 (0.5075)  loss_vfl_aux_0: 0.4932 (0.5140)  loss_vfl_aux_1: 0.5026 (0.5119)  loss_vfl_aux_2: 0.4844 (0.4966)  loss_vfl_dn_0: 0.4736 (0.4734)  loss_vfl_dn_1: 0.4473 (0.4511)  loss_vfl_dn_2: 0.4436 (0.4465)
Test:  [ 0/69]  eta: 0:01:26    time: 1.2592  data: 0.6505  max mem: 8872
Test:  [10/69]  eta: 0:00:40    time: 0.6824  data: 0.0798  max mem: 8872
Test:  [20/69]  eta: 0:00:33    time: 0.6460  data: 0.0224  max mem: 8872
Test:  [30/69]  eta: 0:00:25    time: 0.6342  data: 0.0219  max mem: 8872
Test:  [40/69]  eta: 0:00:18    time: 0.5776  data: 0.0214  max mem: 8872
Test:  [50/69]  eta: 0:00:11    time: 0.5405  data: 0.0208  max mem: 8872
Test:  [60/69]  eta: 0:00:05    time: 0.5695  data: 0.0210  max mem: 8872
Test:  [68/69]  eta: 0:00:00    time: 0.5884  data: 0.0194  max mem: 8872
Test: Total time: 0:00:41 (0.6064 s / it)
Averaged stats: 
Accumulating evaluation results...
DONE (t=1.94s).
IoU metric: bbox
 Average Precision  (AP) @[ IoU=0.50:0.95 | area=   all | maxDets=100 ] = 0.201
 Average Precision  (AP) @[ IoU=0.50      | area=   all | maxDets=100 ] = 0.336
 Average Precision  (AP) @[ IoU=0.75      | area=   all | maxDets=100 ] = 0.205
 Average Precision  (AP) @[ IoU=0.50:0.95 | area= small | maxDets=100 ] = 0.127
 Average Precision  (AP) @[ IoU=0.50:0.95 | area=medium | maxDets=100 ] = 0.287
 Average Precision  (AP) @[ IoU=0.50:0.95 | area= large | maxDets=100 ] = 0.378
 Average Recall     (AR) @[ IoU=0.50:0.95 | area=   all | maxDets=  1 ] = 0.091
 Average Recall     (AR) @[ IoU=0.50:0.95 | area=   all | maxDets= 10 ] = 0.264
 Average Recall     (AR) @[ IoU=0.50:0.95 | area=   all | maxDets=100 ] = 0.357
 Average Recall     (AR) @[ IoU=0.50:0.95 | area= small | maxDets=100 ] = 0.265
 Average Recall     (AR) @[ IoU=0.50:0.95 | area=medium | maxDets=100 ] = 0.473
 Average Recall     (AR) @[ IoU=0.50:0.95 | area= large | maxDets=100 ] = 0.574
best_stat:  {'epoch': 33, 'coco_eval_bbox': 0.20130054894397717}
Epoch: [34]  [  0/809]  eta: 1:28:53  lr: 0.000100  loss: 10.0634 (10.0634)  loss_bbox: 0.0842 (0.0842)  loss_bbox_aux_0: 0.0951 (0.0951)  loss_bbox_aux_1: 0.0860 (0.0860)  loss_bbox_aux_2: 0.1125 (0.1125)  loss_bbox_dn_0: 0.0530 (0.0530)  loss_bbox_dn_1: 0.0395 (0.0395)  loss_bbox_dn_2: 0.0385 (0.0385)  loss_giou: 1.0014 (1.0014)  loss_giou_aux_0: 1.0393 (1.0393)  loss_giou_aux_1: 1.0100 (1.0100)  loss_giou_aux_2: 1.1190 (1.1190)  loss_giou_dn_0: 0.7448 (0.7448)  loss_giou_dn_1: 0.6695 (0.6695)  loss_giou_dn_2: 0.6583 (0.6583)  loss_vfl: 0.4723 (0.4723)  loss_vfl_aux_0: 0.4810 (0.4810)  loss_vfl_aux_1: 0.4745 (0.4745)  loss_vfl_aux_2: 0.4521 (0.4521)  loss_vfl_dn_0: 0.4998 (0.4998)  loss_vfl_dn_1: 0.4706 (0.4706)  loss_vfl_dn_2: 0.4623 (0.4623)  time: 6.5928  data: 2.5668  max mem: 8872
Epoch: [34]  [100/809]  eta: 0:11:37  lr: 0.000100  loss: 10.4039 (10.3458)  loss_bbox: 0.1049 (0.1020)  loss_bbox_aux_0: 0.1103 (0.1086)  loss_bbox_aux_1: 0.1052 (0.1034)  loss_bbox_aux_2: 0.1228 (0.1222)  loss_bbox_dn_0: 0.0535 (0.0571)  loss_bbox_dn_1: 0.0448 (0.0470)  loss_bbox_dn_2: 0.0432 (0.0457)  loss_giou: 1.0063 (1.0095)  loss_giou_aux_0: 1.0439 (1.0423)  loss_giou_aux_1: 1.0111 (1.0186)  loss_giou_aux_2: 1.1505 (1.1137)  loss_giou_dn_0: 0.8343 (0.7920)  loss_giou_dn_1: 0.7456 (0.7052)  loss_giou_dn_2: 0.7364 (0.6953)  loss_vfl: 0.4988 (0.5017)  loss_vfl_aux_0: 0.4968 (0.5105)  loss_vfl_aux_1: 0.5083 (0.5076)  loss_vfl_aux_2: 0.4645 (0.4927)  loss_vfl_dn_0: 0.4640 (0.4735)  loss_vfl_dn_1: 0.4475 (0.4506)  loss_vfl_dn_2: 0.4464 (0.4467)  time: 0.9439  data: 0.0391  max mem: 8872
Epoch: [34]  [200/809]  eta: 0:09:51  lr: 0.000100  loss: 9.9545 (10.3368)  loss_bbox: 0.0802 (0.1004)  loss_bbox_aux_0: 0.0844 (0.1067)  loss_bbox_aux_1: 0.0826 (0.1017)  loss_bbox_aux_2: 0.0970 (0.1197)  loss_bbox_dn_0: 0.0554 (0.0575)  loss_bbox_dn_1: 0.0447 (0.0472)  loss_bbox_dn_2: 0.0434 (0.0459)  loss_giou: 0.9818 (1.0040)  loss_giou_aux_0: 1.0255 (1.0375)  loss_giou_aux_1: 1.0036 (1.0131)  loss_giou_aux_2: 1.0984 (1.1074)  loss_giou_dn_0: 0.7806 (0.7938)  loss_giou_dn_1: 0.6794 (0.7064)  loss_giou_dn_2: 0.6702 (0.6960)  loss_vfl: 0.4780 (0.5059)  loss_vfl_aux_0: 0.4911 (0.5131)  loss_vfl_aux_1: 0.4880 (0.5114)  loss_vfl_aux_2: 0.4810 (0.4959)  loss_vfl_dn_0: 0.4661 (0.4743)  loss_vfl_dn_1: 0.4453 (0.4517)  loss_vfl_dn_2: 0.4398 (0.4473)  time: 0.9346  data: 0.0404  max mem: 8872
Epoch: [34]  [300/809]  eta: 0:08:05  lr: 0.000100  loss: 10.0963 (10.2966)  loss_bbox: 0.0947 (0.1000)  loss_bbox_aux_0: 0.1029 (0.1058)  loss_bbox_aux_1: 0.0955 (0.1013)  loss_bbox_aux_2: 0.1209 (0.1191)  loss_bbox_dn_0: 0.0577 (0.0574)  loss_bbox_dn_1: 0.0495 (0.0473)  loss_bbox_dn_2: 0.0480 (0.0460)  loss_giou: 0.9169 (0.9967)  loss_giou_aux_0: 0.9443 (1.0303)  loss_giou_aux_1: 0.9315 (1.0059)  loss_giou_aux_2: 1.0477 (1.0996)  loss_giou_dn_0: 0.7946 (0.7895)  loss_giou_dn_1: 0.7041 (0.7029)  loss_giou_dn_2: 0.6842 (0.6922)  loss_vfl: 0.4944 (0.5061)  loss_vfl_aux_0: 0.5027 (0.5133)  loss_vfl_aux_1: 0.4966 (0.5113)  loss_vfl_aux_2: 0.4948 (0.4967)  loss_vfl_dn_0: 0.4698 (0.4750)  loss_vfl_dn_1: 0.4482 (0.4524)  loss_vfl_dn_2: 0.4442 (0.4478)  time: 0.9464  data: 0.0396  max mem: 8872
Epoch: [34]  [400/809]  eta: 0:06:26  lr: 0.000100  loss: 10.0239 (10.3075)  loss_bbox: 0.0876 (0.0997)  loss_bbox_aux_0: 0.0921 (0.1059)  loss_bbox_aux_1: 0.0878 (0.1012)  loss_bbox_aux_2: 0.1125 (0.1195)  loss_bbox_dn_0: 0.0559 (0.0575)  loss_bbox_dn_1: 0.0466 (0.0472)  loss_bbox_dn_2: 0.0446 (0.0459)  loss_giou: 0.9486 (0.9995)  loss_giou_aux_0: 0.9906 (1.0331)  loss_giou_aux_1: 0.9573 (1.0085)  loss_giou_aux_2: 1.0878 (1.1029)  loss_giou_dn_0: 0.7643 (0.7906)  loss_giou_dn_1: 0.6841 (0.7046)  loss_giou_dn_2: 0.6702 (0.6938)  loss_vfl: 0.4890 (0.5052)  loss_vfl_aux_0: 0.4991 (0.5125)  loss_vfl_aux_1: 0.5045 (0.5105)  loss_vfl_aux_2: 0.4856 (0.4950)  loss_vfl_dn_0: 0.4767 (0.4745)  loss_vfl_dn_1: 0.4541 (0.4522)  loss_vfl_dn_2: 0.4491 (0.4477)  time: 0.9376  data: 0.0319  max mem: 8872
Epoch: [34]  [500/809]  eta: 0:04:51  lr: 0.000100  loss: 10.4516 (10.3050)  loss_bbox: 0.0962 (0.0996)  loss_bbox_aux_0: 0.1000 (0.1057)  loss_bbox_aux_1: 0.0992 (0.1011)  loss_bbox_aux_2: 0.1170 (0.1194)  loss_bbox_dn_0: 0.0507 (0.0570)  loss_bbox_dn_1: 0.0428 (0.0470)  loss_bbox_dn_2: 0.0417 (0.0457)  loss_giou: 1.0026 (1.0008)  loss_giou_aux_0: 1.0701 (1.0347)  loss_giou_aux_1: 1.0144 (1.0098)  loss_giou_aux_2: 1.1268 (1.1036)  loss_giou_dn_0: 0.7916 (0.7916)  loss_giou_dn_1: 0.7276 (0.7063)  loss_giou_dn_2: 0.7147 (0.6957)  loss_vfl: 0.4967 (0.5031)  loss_vfl_aux_0: 0.4993 (0.5100)  loss_vfl_aux_1: 0.4962 (0.5082)  loss_vfl_aux_2: 0.4867 (0.4931)  loss_vfl_dn_0: 0.4719 (0.4738)  loss_vfl_dn_1: 0.4517 (0.4516)  loss_vfl_dn_2: 0.4468 (0.4473)  time: 0.9541  data: 0.0401  max mem: 8872
Epoch: [34]  [600/809]  eta: 0:03:16  lr: 0.000100  loss: 10.0220 (10.3124)  loss_bbox: 0.0855 (0.0998)  loss_bbox_aux_0: 0.0923 (0.1059)  loss_bbox_aux_1: 0.0882 (0.1013)  loss_bbox_aux_2: 0.1059 (0.1199)  loss_bbox_dn_0: 0.0550 (0.0568)  loss_bbox_dn_1: 0.0474 (0.0467)  loss_bbox_dn_2: 0.0462 (0.0454)  loss_giou: 0.9108 (1.0037)  loss_giou_aux_0: 0.9444 (1.0384)  loss_giou_aux_1: 0.9170 (1.0128)  loss_giou_aux_2: 1.0287 (1.1063)  loss_giou_dn_0: 0.7755 (0.7933)  loss_giou_dn_1: 0.6994 (0.7080)  loss_giou_dn_2: 0.6886 (0.6974)  loss_vfl: 0.4923 (0.5012)  loss_vfl_aux_0: 0.5015 (0.5078)  loss_vfl_aux_1: 0.4950 (0.5061)  loss_vfl_aux_2: 0.4879 (0.4905)  loss_vfl_dn_0: 0.4641 (0.4732)  loss_vfl_dn_1: 0.4429 (0.4512)  loss_vfl_dn_2: 0.4393 (0.4467)  time: 0.9371  data: 0.0382  max mem: 8872
Epoch: [34]  [700/809]  eta: 0:01:42  lr: 0.000100  loss: 10.2185 (10.3083)  loss_bbox: 0.0766 (0.0997)  loss_bbox_aux_0: 0.0821 (0.1057)  loss_bbox_aux_1: 0.0786 (0.1012)  loss_bbox_aux_2: 0.0969 (0.1198)  loss_bbox_dn_0: 0.0555 (0.0573)  loss_bbox_dn_1: 0.0453 (0.0471)  loss_bbox_dn_2: 0.0448 (0.0458)  loss_giou: 0.9306 (1.0023)  loss_giou_aux_0: 0.9822 (1.0371)  loss_giou_aux_1: 0.9414 (1.0112)  loss_giou_aux_2: 1.0962 (1.1057)  loss_giou_dn_0: 0.7870 (0.7925)  loss_giou_dn_1: 0.6868 (0.7071)  loss_giou_dn_2: 0.6795 (0.6964)  loss_vfl: 0.4934 (0.5021)  loss_vfl_aux_0: 0.4944 (0.5088)  loss_vfl_aux_1: 0.5018 (0.5070)  loss_vfl_aux_2: 0.4957 (0.4914)  loss_vfl_dn_0: 0.4691 (0.4731)  loss_vfl_dn_1: 0.4510 (0.4509)  loss_vfl_dn_2: 0.4480 (0.4464)  time: 0.9500  data: 0.0452  max mem: 8872
Epoch: [34]  [800/809]  eta: 0:00:08  lr: 0.000100  loss: 10.0300 (10.3055)  loss_bbox: 0.0903 (0.0998)  loss_bbox_aux_0: 0.0962 (0.1059)  loss_bbox_aux_1: 0.0891 (0.1013)  loss_bbox_aux_2: 0.1138 (0.1199)  loss_bbox_dn_0: 0.0553 (0.0575)  loss_bbox_dn_1: 0.0459 (0.0472)  loss_bbox_dn_2: 0.0443 (0.0458)  loss_giou: 0.9363 (1.0011)  loss_giou_aux_0: 1.0008 (1.0361)  loss_giou_aux_1: 0.9607 (1.0100)  loss_giou_aux_2: 1.0459 (1.1048)  loss_giou_dn_0: 0.7943 (0.7929)  loss_giou_dn_1: 0.7404 (0.7070)  loss_giou_dn_2: 0.7337 (0.6962)  loss_vfl: 0.4972 (0.5024)  loss_vfl_aux_0: 0.5073 (0.5087)  loss_vfl_aux_1: 0.5095 (0.5073)  loss_vfl_aux_2: 0.4819 (0.4916)  loss_vfl_dn_0: 0.4745 (0.4729)  loss_vfl_dn_1: 0.4540 (0.4508)  loss_vfl_dn_2: 0.4467 (0.4463)  time: 0.9354  data: 0.0316  max mem: 8872
Epoch: [34]  [808/809]  eta: 0:00:00  lr: 0.000100  loss: 10.7072 (10.3131)  loss_bbox: 0.0968 (0.0999)  loss_bbox_aux_0: 0.1036 (0.1060)  loss_bbox_aux_1: 0.0981 (0.1014)  loss_bbox_aux_2: 0.1150 (0.1200)  loss_bbox_dn_0: 0.0527 (0.0574)  loss_bbox_dn_1: 0.0450 (0.0471)  loss_bbox_dn_2: 0.0440 (0.0458)  loss_giou: 1.0998 (1.0030)  loss_giou_aux_0: 1.1055 (1.0379)  loss_giou_aux_1: 1.1032 (1.0119)  loss_giou_aux_2: 1.1697 (1.1066)  loss_giou_dn_0: 0.8352 (0.7935)  loss_giou_dn_1: 0.7536 (0.7077)  loss_giou_dn_2: 0.7437 (0.6969)  loss_vfl: 0.4574 (0.5019)  loss_vfl_aux_0: 0.4697 (0.5082)  loss_vfl_aux_1: 0.4648 (0.5069)  loss_vfl_aux_2: 0.4448 (0.4910)  loss_vfl_dn_0: 0.4727 (0.4728)  loss_vfl_dn_1: 0.4489 (0.4508)  loss_vfl_dn_2: 0.4481 (0.4463)  time: 0.8318  data: 0.0304  max mem: 8872
Epoch: [34] Total time: 0:12:39 (0.9386 s / it)
Averaged stats: lr: 0.000100  loss: 10.7072 (10.3131)  loss_bbox: 0.0968 (0.0999)  loss_bbox_aux_0: 0.1036 (0.1060)  loss_bbox_aux_1: 0.0981 (0.1014)  loss_bbox_aux_2: 0.1150 (0.1200)  loss_bbox_dn_0: 0.0527 (0.0574)  loss_bbox_dn_1: 0.0450 (0.0471)  loss_bbox_dn_2: 0.0440 (0.0458)  loss_giou: 1.0998 (1.0030)  loss_giou_aux_0: 1.1055 (1.0379)  loss_giou_aux_1: 1.1032 (1.0119)  loss_giou_aux_2: 1.1697 (1.1066)  loss_giou_dn_0: 0.8352 (0.7935)  loss_giou_dn_1: 0.7536 (0.7077)  loss_giou_dn_2: 0.7437 (0.6969)  loss_vfl: 0.4574 (0.5019)  loss_vfl_aux_0: 0.4697 (0.5082)  loss_vfl_aux_1: 0.4648 (0.5069)  loss_vfl_aux_2: 0.4448 (0.4910)  loss_vfl_dn_0: 0.4727 (0.4728)  loss_vfl_dn_1: 0.4489 (0.4508)  loss_vfl_dn_2: 0.4481 (0.4463)
Test:  [ 0/69]  eta: 0:01:44    time: 1.5083  data: 0.8788  max mem: 8872
Test:  [10/69]  eta: 0:00:41    time: 0.7014  data: 0.0981  max mem: 8872
Test:  [20/69]  eta: 0:00:33    time: 0.6396  data: 0.0213  max mem: 8872
Test:  [30/69]  eta: 0:00:26    time: 0.6551  data: 0.0220  max mem: 8872
Test:  [40/69]  eta: 0:00:18    time: 0.6126  data: 0.0218  max mem: 8872
Test:  [50/69]  eta: 0:00:11    time: 0.5527  data: 0.0218  max mem: 8872
Test:  [60/69]  eta: 0:00:05    time: 0.5283  data: 0.0213  max mem: 8872
Test:  [68/69]  eta: 0:00:00    time: 0.5805  data: 0.0200  max mem: 8872
Test: Total time: 0:00:42 (0.6168 s / it)
Averaged stats: 
Accumulating evaluation results...
DONE (t=1.98s).
IoU metric: bbox
 Average Precision  (AP) @[ IoU=0.50:0.95 | area=   all | maxDets=100 ] = 0.203
 Average Precision  (AP) @[ IoU=0.50      | area=   all | maxDets=100 ] = 0.338
 Average Precision  (AP) @[ IoU=0.75      | area=   all | maxDets=100 ] = 0.207
 Average Precision  (AP) @[ IoU=0.50:0.95 | area= small | maxDets=100 ] = 0.128
 Average Precision  (AP) @[ IoU=0.50:0.95 | area=medium | maxDets=100 ] = 0.288
 Average Precision  (AP) @[ IoU=0.50:0.95 | area= large | maxDets=100 ] = 0.382
 Average Recall     (AR) @[ IoU=0.50:0.95 | area=   all | maxDets=  1 ] = 0.091
 Average Recall     (AR) @[ IoU=0.50:0.95 | area=   all | maxDets= 10 ] = 0.264
 Average Recall     (AR) @[ IoU=0.50:0.95 | area=   all | maxDets=100 ] = 0.358
 Average Recall     (AR) @[ IoU=0.50:0.95 | area= small | maxDets=100 ] = 0.266
 Average Recall     (AR) @[ IoU=0.50:0.95 | area=medium | maxDets=100 ] = 0.473
 Average Recall     (AR) @[ IoU=0.50:0.95 | area= large | maxDets=100 ] = 0.573
best_stat:  {'epoch': 34, 'coco_eval_bbox': 0.20319462407218633}
Epoch: [35]  [  0/809]  eta: 1:14:09  lr: 0.000100  loss: 10.2593 (10.2593)  loss_bbox: 0.0847 (0.0847)  loss_bbox_aux_0: 0.0933 (0.0933)  loss_bbox_aux_1: 0.0900 (0.0900)  loss_bbox_aux_2: 0.1119 (0.1119)  loss_bbox_dn_0: 0.0596 (0.0596)  loss_bbox_dn_1: 0.0471 (0.0471)  loss_bbox_dn_2: 0.0447 (0.0447)  loss_giou: 1.0173 (1.0173)  loss_giou_aux_0: 1.0239 (1.0239)  loss_giou_aux_1: 1.0231 (1.0231)  loss_giou_aux_2: 1.0871 (1.0871)  loss_giou_dn_0: 0.8085 (0.8085)  loss_giou_dn_1: 0.7171 (0.7171)  loss_giou_dn_2: 0.7081 (0.7081)  loss_vfl: 0.5150 (0.5150)  loss_vfl_aux_0: 0.5182 (0.5182)  loss_vfl_aux_1: 0.5083 (0.5083)  loss_vfl_aux_2: 0.4946 (0.4946)  loss_vfl_dn_0: 0.4537 (0.4537)  loss_vfl_dn_1: 0.4277 (0.4277)  loss_vfl_dn_2: 0.4253 (0.4253)  time: 5.4998  data: 2.5980  max mem: 8872
Epoch: [35]  [100/809]  eta: 0:11:47  lr: 0.000100  loss: 10.2217 (10.1638)  loss_bbox: 0.0868 (0.0948)  loss_bbox_aux_0: 0.0918 (0.1004)  loss_bbox_aux_1: 0.0892 (0.0963)  loss_bbox_aux_2: 0.1035 (0.1137)  loss_bbox_dn_0: 0.0543 (0.0567)  loss_bbox_dn_1: 0.0457 (0.0466)  loss_bbox_dn_2: 0.0446 (0.0451)  loss_giou: 0.9425 (0.9718)  loss_giou_aux_0: 0.9740 (1.0043)  loss_giou_aux_1: 0.9480 (0.9800)  loss_giou_aux_2: 1.0142 (1.0724)  loss_giou_dn_0: 0.7463 (0.7814)  loss_giou_dn_1: 0.6587 (0.6968)  loss_giou_dn_2: 0.6439 (0.6853)  loss_vfl: 0.5112 (0.5104)  loss_vfl_aux_0: 0.5417 (0.5194)  loss_vfl_aux_1: 0.5261 (0.5161)  loss_vfl_aux_2: 0.5354 (0.5018)  loss_vfl_dn_0: 0.4753 (0.4743)  loss_vfl_dn_1: 0.4485 (0.4505)  loss_vfl_dn_2: 0.4437 (0.4457)  time: 0.9547  data: 0.0370  max mem: 8872
Epoch: [35]  [200/809]  eta: 0:09:49  lr: 0.000100  loss: 10.0278 (10.2365)  loss_bbox: 0.0870 (0.0961)  loss_bbox_aux_0: 0.0919 (0.1016)  loss_bbox_aux_1: 0.0904 (0.0975)  loss_bbox_aux_2: 0.1002 (0.1156)  loss_bbox_dn_0: 0.0514 (0.0579)  loss_bbox_dn_1: 0.0433 (0.0477)  loss_bbox_dn_2: 0.0424 (0.0463)  loss_giou: 0.9504 (0.9846)  loss_giou_aux_0: 0.9601 (1.0180)  loss_giou_aux_1: 0.9511 (0.9927)  loss_giou_aux_2: 1.0545 (1.0854)  loss_giou_dn_0: 0.7876 (0.7881)  loss_giou_dn_1: 0.6971 (0.7034)  loss_giou_dn_2: 0.6843 (0.6919)  loss_vfl: 0.4949 (0.5091)  loss_vfl_aux_0: 0.5135 (0.5170)  loss_vfl_aux_1: 0.5070 (0.5139)  loss_vfl_aux_2: 0.4814 (0.5001)  loss_vfl_dn_0: 0.4731 (0.4733)  loss_vfl_dn_1: 0.4547 (0.4504)  loss_vfl_dn_2: 0.4440 (0.4459)  time: 0.9393  data: 0.0442  max mem: 8872
Epoch: [35]  [300/809]  eta: 0:08:05  lr: 0.000100  loss: 10.3572 (10.2025)  loss_bbox: 0.0968 (0.0955)  loss_bbox_aux_0: 0.1042 (0.1011)  loss_bbox_aux_1: 0.1013 (0.0970)  loss_bbox_aux_2: 0.1174 (0.1148)  loss_bbox_dn_0: 0.0532 (0.0585)  loss_bbox_dn_1: 0.0447 (0.0481)  loss_bbox_dn_2: 0.0443 (0.0466)  loss_giou: 1.0187 (0.9756)  loss_giou_aux_0: 1.0600 (1.0097)  loss_giou_aux_1: 1.0322 (0.9836)  loss_giou_aux_2: 1.1119 (1.0801)  loss_giou_dn_0: 0.7976 (0.7879)  loss_giou_dn_1: 0.7212 (0.7020)  loss_giou_dn_2: 0.7152 (0.6906)  loss_vfl: 0.4738 (0.5100)  loss_vfl_aux_0: 0.4989 (0.5177)  loss_vfl_aux_1: 0.4929 (0.5152)  loss_vfl_aux_2: 0.4657 (0.5003)  loss_vfl_dn_0: 0.4678 (0.4728)  loss_vfl_dn_1: 0.4515 (0.4501)  loss_vfl_dn_2: 0.4463 (0.4454)  time: 0.9152  data: 0.0352  max mem: 8872
Epoch: [35]  [400/809]  eta: 0:06:26  lr: 0.000100  loss: 10.1831 (10.1772)  loss_bbox: 0.0793 (0.0937)  loss_bbox_aux_0: 0.0883 (0.0994)  loss_bbox_aux_1: 0.0835 (0.0953)  loss_bbox_aux_2: 0.0968 (0.1130)  loss_bbox_dn_0: 0.0539 (0.0587)  loss_bbox_dn_1: 0.0437 (0.0481)  loss_bbox_dn_2: 0.0433 (0.0467)  loss_giou: 0.9653 (0.9699)  loss_giou_aux_0: 1.0102 (1.0035)  loss_giou_aux_1: 0.9754 (0.9779)  loss_giou_aux_2: 1.1008 (1.0749)  loss_giou_dn_0: 0.7767 (0.7862)  loss_giou_dn_1: 0.6952 (0.7008)  loss_giou_dn_2: 0.6889 (0.6894)  loss_vfl: 0.5165 (0.5119)  loss_vfl_aux_0: 0.5305 (0.5196)  loss_vfl_aux_1: 0.5271 (0.5169)  loss_vfl_aux_2: 0.5129 (0.5023)  loss_vfl_dn_0: 0.4775 (0.4731)  loss_vfl_dn_1: 0.4529 (0.4502)  loss_vfl_dn_2: 0.4482 (0.4456)  time: 0.9577  data: 0.0383  max mem: 8872
Epoch: [35]  [500/809]  eta: 0:04:52  lr: 0.000100  loss: 10.5599 (10.1856)  loss_bbox: 0.1005 (0.0935)  loss_bbox_aux_0: 0.1051 (0.0992)  loss_bbox_aux_1: 0.1020 (0.0951)  loss_bbox_aux_2: 0.1203 (0.1127)  loss_bbox_dn_0: 0.0540 (0.0583)  loss_bbox_dn_1: 0.0423 (0.0479)  loss_bbox_dn_2: 0.0409 (0.0465)  loss_giou: 1.1374 (0.9733)  loss_giou_aux_0: 1.1800 (1.0072)  loss_giou_aux_1: 1.1356 (0.9810)  loss_giou_aux_2: 1.2128 (1.0763)  loss_giou_dn_0: 0.8044 (0.7874)  loss_giou_dn_1: 0.7198 (0.7021)  loss_giou_dn_2: 0.7131 (0.6910)  loss_vfl: 0.4580 (0.5104)  loss_vfl_aux_0: 0.4741 (0.5181)  loss_vfl_aux_1: 0.4623 (0.5158)  loss_vfl_aux_2: 0.4502 (0.5009)  loss_vfl_dn_0: 0.4695 (0.4732)  loss_vfl_dn_1: 0.4508 (0.4503)  loss_vfl_dn_2: 0.4465 (0.4457)  time: 0.9499  data: 0.0417  max mem: 8872
Epoch: [35]  [600/809]  eta: 0:03:17  lr: 0.000100  loss: 10.0943 (10.1810)  loss_bbox: 0.0837 (0.0937)  loss_bbox_aux_0: 0.0914 (0.0995)  loss_bbox_aux_1: 0.0880 (0.0954)  loss_bbox_aux_2: 0.1077 (0.1134)  loss_bbox_dn_0: 0.0592 (0.0579)  loss_bbox_dn_1: 0.0514 (0.0476)  loss_bbox_dn_2: 0.0493 (0.0462)  loss_giou: 0.9433 (0.9745)  loss_giou_aux_0: 0.9640 (1.0085)  loss_giou_aux_1: 0.9478 (0.9821)  loss_giou_aux_2: 0.9936 (1.0782)  loss_giou_dn_0: 0.7725 (0.7858)  loss_giou_dn_1: 0.6865 (0.7008)  loss_giou_dn_2: 0.6719 (0.6898)  loss_vfl: 0.5063 (0.5091)  loss_vfl_aux_0: 0.5223 (0.5168)  loss_vfl_aux_1: 0.5243 (0.5146)  loss_vfl_aux_2: 0.5145 (0.4986)  loss_vfl_dn_0: 0.4751 (0.4730)  loss_vfl_dn_1: 0.4506 (0.4499)  loss_vfl_dn_2: 0.4467 (0.4454)  time: 0.9401  data: 0.0415  max mem: 8872
Epoch: [35]  [700/809]  eta: 0:01:42  lr: 0.000100  loss: 9.8165 (10.1999)  loss_bbox: 0.0788 (0.0956)  loss_bbox_aux_0: 0.0851 (0.1017)  loss_bbox_aux_1: 0.0812 (0.0974)  loss_bbox_aux_2: 0.0979 (0.1156)  loss_bbox_dn_0: 0.0548 (0.0579)  loss_bbox_dn_1: 0.0458 (0.0477)  loss_bbox_dn_2: 0.0449 (0.0462)  loss_giou: 0.8883 (0.9768)  loss_giou_aux_0: 0.9440 (1.0106)  loss_giou_aux_1: 0.9071 (0.9844)  loss_giou_aux_2: 1.0246 (1.0807)  loss_giou_dn_0: 0.7572 (0.7862)  loss_giou_dn_1: 0.6773 (0.7017)  loss_giou_dn_2: 0.6711 (0.6907)  loss_vfl: 0.5181 (0.5090)  loss_vfl_aux_0: 0.5165 (0.5161)  loss_vfl_aux_1: 0.5205 (0.5142)  loss_vfl_aux_2: 0.4860 (0.4981)  loss_vfl_dn_0: 0.4761 (0.4732)  loss_vfl_dn_1: 0.4506 (0.4502)  loss_vfl_dn_2: 0.4452 (0.4457)  time: 0.9202  data: 0.0349  max mem: 8872
Epoch: [35]  [800/809]  eta: 0:00:08  lr: 0.000100  loss: 9.8731 (10.1856)  loss_bbox: 0.0782 (0.0952)  loss_bbox_aux_0: 0.0797 (0.1012)  loss_bbox_aux_1: 0.0808 (0.0969)  loss_bbox_aux_2: 0.0935 (0.1149)  loss_bbox_dn_0: 0.0493 (0.0579)  loss_bbox_dn_1: 0.0404 (0.0476)  loss_bbox_dn_2: 0.0404 (0.0462)  loss_giou: 0.8652 (0.9744)  loss_giou_aux_0: 0.9015 (1.0081)  loss_giou_aux_1: 0.8759 (0.9821)  loss_giou_aux_2: 0.9852 (1.0785)  loss_giou_dn_0: 0.7594 (0.7848)  loss_giou_dn_1: 0.6698 (0.7005)  loss_giou_dn_2: 0.6549 (0.6894)  loss_vfl: 0.5509 (0.5095)  loss_vfl_aux_0: 0.5430 (0.5163)  loss_vfl_aux_1: 0.5491 (0.5146)  loss_vfl_aux_2: 0.5211 (0.4981)  loss_vfl_dn_0: 0.4833 (0.4734)  loss_vfl_dn_1: 0.4506 (0.4503)  loss_vfl_dn_2: 0.4443 (0.4458)  time: 0.9572  data: 0.0411  max mem: 8872
Epoch: [35]  [808/809]  eta: 0:00:00  lr: 0.000100  loss: 9.6286 (10.1849)  loss_bbox: 0.0782 (0.0952)  loss_bbox_aux_0: 0.0777 (0.1012)  loss_bbox_aux_1: 0.0792 (0.0969)  loss_bbox_aux_2: 0.0961 (0.1150)  loss_bbox_dn_0: 0.0507 (0.0578)  loss_bbox_dn_1: 0.0423 (0.0475)  loss_bbox_dn_2: 0.0416 (0.0461)  loss_giou: 0.8469 (0.9746)  loss_giou_aux_0: 0.8840 (1.0082)  loss_giou_aux_1: 0.8595 (0.9823)  loss_giou_aux_2: 0.9979 (1.0787)  loss_giou_dn_0: 0.7594 (0.7848)  loss_giou_dn_1: 0.6698 (0.7004)  loss_giou_dn_2: 0.6549 (0.6894)  loss_vfl: 0.5066 (0.5093)  loss_vfl_aux_0: 0.5012 (0.5161)  loss_vfl_aux_1: 0.5079 (0.5143)  loss_vfl_aux_2: 0.4853 (0.4977)  loss_vfl_dn_0: 0.4833 (0.4734)  loss_vfl_dn_1: 0.4442 (0.4502)  loss_vfl_dn_2: 0.4387 (0.4457)  time: 0.8072  data: 0.0316  max mem: 8872
Epoch: [35] Total time: 0:12:41 (0.9407 s / it)
Averaged stats: lr: 0.000100  loss: 9.6286 (10.1849)  loss_bbox: 0.0782 (0.0952)  loss_bbox_aux_0: 0.0777 (0.1012)  loss_bbox_aux_1: 0.0792 (0.0969)  loss_bbox_aux_2: 0.0961 (0.1150)  loss_bbox_dn_0: 0.0507 (0.0578)  loss_bbox_dn_1: 0.0423 (0.0475)  loss_bbox_dn_2: 0.0416 (0.0461)  loss_giou: 0.8469 (0.9746)  loss_giou_aux_0: 0.8840 (1.0082)  loss_giou_aux_1: 0.8595 (0.9823)  loss_giou_aux_2: 0.9979 (1.0787)  loss_giou_dn_0: 0.7594 (0.7848)  loss_giou_dn_1: 0.6698 (0.7004)  loss_giou_dn_2: 0.6549 (0.6894)  loss_vfl: 0.5066 (0.5093)  loss_vfl_aux_0: 0.5012 (0.5161)  loss_vfl_aux_1: 0.5079 (0.5143)  loss_vfl_aux_2: 0.4853 (0.4977)  loss_vfl_dn_0: 0.4833 (0.4734)  loss_vfl_dn_1: 0.4442 (0.4502)  loss_vfl_dn_2: 0.4387 (0.4457)
Test:  [ 0/69]  eta: 0:01:22    time: 1.1989  data: 0.6463  max mem: 8872
Test:  [10/69]  eta: 0:00:39    time: 0.6687  data: 0.0769  max mem: 8872
Test:  [20/69]  eta: 0:00:33    time: 0.6485  data: 0.0202  max mem: 8872
Test:  [30/69]  eta: 0:00:25    time: 0.6377  data: 0.0211  max mem: 8872
Test:  [40/69]  eta: 0:00:18    time: 0.5888  data: 0.0220  max mem: 8872
Test:  [50/69]  eta: 0:00:11    time: 0.5664  data: 0.0216  max mem: 8872
Test:  [60/69]  eta: 0:00:05    time: 0.5383  data: 0.0215  max mem: 8872
Test:  [68/69]  eta: 0:00:00    time: 0.5867  data: 0.0202  max mem: 8872
Test: Total time: 0:00:42 (0.6123 s / it)
Averaged stats: 
Accumulating evaluation results...
DONE (t=1.95s).
IoU metric: bbox
 Average Precision  (AP) @[ IoU=0.50:0.95 | area=   all | maxDets=100 ] = 0.205
 Average Precision  (AP) @[ IoU=0.50      | area=   all | maxDets=100 ] = 0.341
 Average Precision  (AP) @[ IoU=0.75      | area=   all | maxDets=100 ] = 0.209
 Average Precision  (AP) @[ IoU=0.50:0.95 | area= small | maxDets=100 ] = 0.128
 Average Precision  (AP) @[ IoU=0.50:0.95 | area=medium | maxDets=100 ] = 0.291
 Average Precision  (AP) @[ IoU=0.50:0.95 | area= large | maxDets=100 ] = 0.380
 Average Recall     (AR) @[ IoU=0.50:0.95 | area=   all | maxDets=  1 ] = 0.092
 Average Recall     (AR) @[ IoU=0.50:0.95 | area=   all | maxDets= 10 ] = 0.265
 Average Recall     (AR) @[ IoU=0.50:0.95 | area=   all | maxDets=100 ] = 0.360
 Average Recall     (AR) @[ IoU=0.50:0.95 | area= small | maxDets=100 ] = 0.267
 Average Recall     (AR) @[ IoU=0.50:0.95 | area=medium | maxDets=100 ] = 0.475
 Average Recall     (AR) @[ IoU=0.50:0.95 | area= large | maxDets=100 ] = 0.579
best_stat:  {'epoch': 35, 'coco_eval_bbox': 0.20481266206462045}
Epoch: [36]  [  0/809]  eta: 1:19:41  lr: 0.000100  loss: 11.4018 (11.4018)  loss_bbox: 0.1071 (0.1071)  loss_bbox_aux_0: 0.1199 (0.1199)  loss_bbox_aux_1: 0.1123 (0.1123)  loss_bbox_aux_2: 0.1353 (0.1353)  loss_bbox_dn_0: 0.0586 (0.0586)  loss_bbox_dn_1: 0.0476 (0.0476)  loss_bbox_dn_2: 0.0470 (0.0470)  loss_giou: 1.2510 (1.2510)  loss_giou_aux_0: 1.2676 (1.2676)  loss_giou_aux_1: 1.2594 (1.2594)  loss_giou_aux_2: 1.3342 (1.3342)  loss_giou_dn_0: 0.8752 (0.8752)  loss_giou_dn_1: 0.7989 (0.7989)  loss_giou_dn_2: 0.7916 (0.7916)  loss_vfl: 0.4618 (0.4618)  loss_vfl_aux_0: 0.4824 (0.4824)  loss_vfl_aux_1: 0.4700 (0.4700)  loss_vfl_aux_2: 0.4351 (0.4351)  loss_vfl_dn_0: 0.4667 (0.4667)  loss_vfl_dn_1: 0.4426 (0.4426)  loss_vfl_dn_2: 0.4376 (0.4376)  time: 5.9099  data: 3.0535  max mem: 8872
Epoch: [36]  [100/809]  eta: 0:11:43  lr: 0.000100  loss: 10.1913 (10.2174)  loss_bbox: 0.0964 (0.0939)  loss_bbox_aux_0: 0.0993 (0.1009)  loss_bbox_aux_1: 0.0953 (0.0956)  loss_bbox_aux_2: 0.1162 (0.1161)  loss_bbox_dn_0: 0.0583 (0.0573)  loss_bbox_dn_1: 0.0490 (0.0473)  loss_bbox_dn_2: 0.0470 (0.0461)  loss_giou: 0.9641 (0.9912)  loss_giou_aux_0: 0.9941 (1.0257)  loss_giou_aux_1: 0.9731 (1.0013)  loss_giou_aux_2: 1.0746 (1.0980)  loss_giou_dn_0: 0.7633 (0.7888)  loss_giou_dn_1: 0.6798 (0.7050)  loss_giou_dn_2: 0.6702 (0.6944)  loss_vfl: 0.5256 (0.4989)  loss_vfl_aux_0: 0.5291 (0.5043)  loss_vfl_aux_1: 0.5283 (0.5034)  loss_vfl_aux_2: 0.5012 (0.4860)  loss_vfl_dn_0: 0.4685 (0.4715)  loss_vfl_dn_1: 0.4471 (0.4484)  loss_vfl_dn_2: 0.4410 (0.4434)  time: 0.9231  data: 0.0368  max mem: 8872
Epoch: [36]  [200/809]  eta: 0:09:52  lr: 0.000100  loss: 10.2834 (10.2427)  loss_bbox: 0.0861 (0.0952)  loss_bbox_aux_0: 0.0967 (0.1015)  loss_bbox_aux_1: 0.0861 (0.0968)  loss_bbox_aux_2: 0.1073 (0.1167)  loss_bbox_dn_0: 0.0569 (0.0581)  loss_bbox_dn_1: 0.0480 (0.0476)  loss_bbox_dn_2: 0.0476 (0.0463)  loss_giou: 1.0183 (0.9899)  loss_giou_aux_0: 1.0670 (1.0255)  loss_giou_aux_1: 1.0378 (0.9987)  loss_giou_aux_2: 1.1316 (1.0984)  loss_giou_dn_0: 0.8241 (0.7903)  loss_giou_dn_1: 0.7423 (0.7043)  loss_giou_dn_2: 0.7317 (0.6938)  loss_vfl: 0.5039 (0.5042)  loss_vfl_aux_0: 0.5249 (0.5099)  loss_vfl_aux_1: 0.5111 (0.5094)  loss_vfl_aux_2: 0.5068 (0.4918)  loss_vfl_dn_0: 0.4664 (0.4715)  loss_vfl_dn_1: 0.4475 (0.4487)  loss_vfl_dn_2: 0.4455 (0.4440)  time: 0.9661  data: 0.0411  max mem: 8872
Epoch: [36]  [300/809]  eta: 0:08:07  lr: 0.000100  loss: 9.9671 (10.2032)  loss_bbox: 0.0739 (0.0940)  loss_bbox_aux_0: 0.0767 (0.1000)  loss_bbox_aux_1: 0.0749 (0.0956)  loss_bbox_aux_2: 0.0866 (0.1147)  loss_bbox_dn_0: 0.0526 (0.0573)  loss_bbox_dn_1: 0.0415 (0.0471)  loss_bbox_dn_2: 0.0412 (0.0458)  loss_giou: 0.9203 (0.9818)  loss_giou_aux_0: 0.9396 (1.0172)  loss_giou_aux_1: 0.9236 (0.9903)  loss_giou_aux_2: 0.9952 (1.0885)  loss_giou_dn_0: 0.7679 (0.7876)  loss_giou_dn_1: 0.6847 (0.7025)  loss_giou_dn_2: 0.6794 (0.6919)  loss_vfl: 0.5228 (0.5063)  loss_vfl_aux_0: 0.5222 (0.5122)  loss_vfl_aux_1: 0.5261 (0.5112)  loss_vfl_aux_2: 0.5149 (0.4943)  loss_vfl_dn_0: 0.4742 (0.4720)  loss_vfl_dn_1: 0.4517 (0.4487)  loss_vfl_dn_2: 0.4448 (0.4441)  time: 0.8956  data: 0.0360  max mem: 8872
Epoch: [36]  [400/809]  eta: 0:06:29  lr: 0.000100  loss: 10.0143 (10.2198)  loss_bbox: 0.0866 (0.0942)  loss_bbox_aux_0: 0.0934 (0.1003)  loss_bbox_aux_1: 0.0877 (0.0958)  loss_bbox_aux_2: 0.1007 (0.1150)  loss_bbox_dn_0: 0.0553 (0.0574)  loss_bbox_dn_1: 0.0448 (0.0471)  loss_bbox_dn_2: 0.0420 (0.0457)  loss_giou: 0.9360 (0.9841)  loss_giou_aux_0: 0.9946 (1.0203)  loss_giou_aux_1: 0.9528 (0.9928)  loss_giou_aux_2: 1.0683 (1.0911)  loss_giou_dn_0: 0.7927 (0.7900)  loss_giou_dn_1: 0.7098 (0.7041)  loss_giou_dn_2: 0.6901 (0.6930)  loss_vfl: 0.4909 (0.5061)  loss_vfl_aux_0: 0.4924 (0.5120)  loss_vfl_aux_1: 0.4962 (0.5110)  loss_vfl_aux_2: 0.4731 (0.4939)  loss_vfl_dn_0: 0.4662 (0.4721)  loss_vfl_dn_1: 0.4492 (0.4493)  loss_vfl_dn_2: 0.4471 (0.4447)  time: 0.9587  data: 0.0542  max mem: 8872
Epoch: [36]  [500/809]  eta: 0:04:53  lr: 0.000100  loss: 10.2084 (10.2058)  loss_bbox: 0.0966 (0.0937)  loss_bbox_aux_0: 0.0956 (0.0996)  loss_bbox_aux_1: 0.0943 (0.0952)  loss_bbox_aux_2: 0.1036 (0.1143)  loss_bbox_dn_0: 0.0511 (0.0576)  loss_bbox_dn_1: 0.0417 (0.0473)  loss_bbox_dn_2: 0.0405 (0.0458)  loss_giou: 1.0017 (0.9802)  loss_giou_aux_0: 1.0472 (1.0158)  loss_giou_aux_1: 1.0178 (0.9889)  loss_giou_aux_2: 1.1241 (1.0880)  loss_giou_dn_0: 0.7981 (0.7888)  loss_giou_dn_1: 0.7330 (0.7028)  loss_giou_dn_2: 0.7242 (0.6917)  loss_vfl: 0.4719 (0.5082)  loss_vfl_aux_0: 0.4624 (0.5137)  loss_vfl_aux_1: 0.4735 (0.5128)  loss_vfl_aux_2: 0.4336 (0.4954)  loss_vfl_dn_0: 0.4641 (0.4721)  loss_vfl_dn_1: 0.4440 (0.4492)  loss_vfl_dn_2: 0.4395 (0.4446)  time: 0.9128  data: 0.0372  max mem: 8872
Epoch: [36]  [600/809]  eta: 0:03:17  lr: 0.000100  loss: 9.9172 (10.1794)  loss_bbox: 0.0787 (0.0926)  loss_bbox_aux_0: 0.0860 (0.0985)  loss_bbox_aux_1: 0.0818 (0.0940)  loss_bbox_aux_2: 0.1009 (0.1132)  loss_bbox_dn_0: 0.0552 (0.0571)  loss_bbox_dn_1: 0.0452 (0.0468)  loss_bbox_dn_2: 0.0439 (0.0454)  loss_giou: 0.9410 (0.9759)  loss_giou_aux_0: 0.9795 (1.0121)  loss_giou_aux_1: 0.9442 (0.9848)  loss_giou_aux_2: 1.0383 (1.0839)  loss_giou_dn_0: 0.7680 (0.7864)  loss_giou_dn_1: 0.6717 (0.7006)  loss_giou_dn_2: 0.6581 (0.6896)  loss_vfl: 0.4966 (0.5086)  loss_vfl_aux_0: 0.4991 (0.5141)  loss_vfl_aux_1: 0.5046 (0.5131)  loss_vfl_aux_2: 0.4741 (0.4960)  loss_vfl_dn_0: 0.4657 (0.4723)  loss_vfl_dn_1: 0.4468 (0.4494)  loss_vfl_dn_2: 0.4440 (0.4448)  time: 0.9625  data: 0.0404  max mem: 8872
Epoch: [36]  [700/809]  eta: 0:01:43  lr: 0.000100  loss: 9.6190 (10.1741)  loss_bbox: 0.0786 (0.0923)  loss_bbox_aux_0: 0.0828 (0.0981)  loss_bbox_aux_1: 0.0799 (0.0937)  loss_bbox_aux_2: 0.0966 (0.1129)  loss_bbox_dn_0: 0.0526 (0.0569)  loss_bbox_dn_1: 0.0429 (0.0468)  loss_bbox_dn_2: 0.0422 (0.0454)  loss_giou: 0.8617 (0.9750)  loss_giou_aux_0: 0.9057 (1.0113)  loss_giou_aux_1: 0.8693 (0.9839)  loss_giou_aux_2: 0.9774 (1.0820)  loss_giou_dn_0: 0.7556 (0.7869)  loss_giou_dn_1: 0.6639 (0.7015)  loss_giou_dn_2: 0.6457 (0.6905)  loss_vfl: 0.5222 (0.5080)  loss_vfl_aux_0: 0.5272 (0.5136)  loss_vfl_aux_1: 0.5349 (0.5126)  loss_vfl_aux_2: 0.5127 (0.4958)  loss_vfl_dn_0: 0.4635 (0.4723)  loss_vfl_dn_1: 0.4436 (0.4496)  loss_vfl_dn_2: 0.4332 (0.4449)  time: 0.9259  data: 0.0429  max mem: 8872
Epoch: [36]  [800/809]  eta: 0:00:08  lr: 0.000100  loss: 10.3263 (10.1789)  loss_bbox: 0.0856 (0.0927)  loss_bbox_aux_0: 0.0888 (0.0987)  loss_bbox_aux_1: 0.0884 (0.0941)  loss_bbox_aux_2: 0.0988 (0.1135)  loss_bbox_dn_0: 0.0502 (0.0567)  loss_bbox_dn_1: 0.0418 (0.0467)  loss_bbox_dn_2: 0.0414 (0.0452)  loss_giou: 1.0146 (0.9776)  loss_giou_aux_0: 1.0523 (1.0137)  loss_giou_aux_1: 1.0171 (0.9865)  loss_giou_aux_2: 1.1551 (1.0845)  loss_giou_dn_0: 0.7944 (0.7864)  loss_giou_dn_1: 0.7027 (0.7011)  loss_giou_dn_2: 0.6993 (0.6902)  loss_vfl: 0.4965 (0.5066)  loss_vfl_aux_0: 0.5065 (0.5123)  loss_vfl_aux_1: 0.5083 (0.5112)  loss_vfl_aux_2: 0.4821 (0.4946)  loss_vfl_dn_0: 0.4762 (0.4723)  loss_vfl_dn_1: 0.4539 (0.4495)  loss_vfl_dn_2: 0.4481 (0.4449)  time: 0.9066  data: 0.0388  max mem: 8872
Epoch: [36]  [808/809]  eta: 0:00:00  lr: 0.000100  loss: 10.2416 (10.1770)  loss_bbox: 0.0809 (0.0926)  loss_bbox_aux_0: 0.0863 (0.0986)  loss_bbox_aux_1: 0.0825 (0.0940)  loss_bbox_aux_2: 0.0988 (0.1134)  loss_bbox_dn_0: 0.0512 (0.0568)  loss_bbox_dn_1: 0.0440 (0.0467)  loss_bbox_dn_2: 0.0418 (0.0452)  loss_giou: 0.9963 (0.9771)  loss_giou_aux_0: 1.0207 (1.0133)  loss_giou_aux_1: 1.0025 (0.9860)  loss_giou_aux_2: 1.0913 (1.0841)  loss_giou_dn_0: 0.7933 (0.7863)  loss_giou_dn_1: 0.7027 (0.7009)  loss_giou_dn_2: 0.6993 (0.6901)  loss_vfl: 0.4993 (0.5067)  loss_vfl_aux_0: 0.5106 (0.5123)  loss_vfl_aux_1: 0.5088 (0.5113)  loss_vfl_aux_2: 0.4843 (0.4949)  loss_vfl_dn_0: 0.4713 (0.4723)  loss_vfl_dn_1: 0.4462 (0.4495)  loss_vfl_dn_2: 0.4427 (0.4449)  time: 0.7740  data: 0.0339  max mem: 8872
Epoch: [36] Total time: 0:12:42 (0.9421 s / it)
Averaged stats: lr: 0.000100  loss: 10.2416 (10.1770)  loss_bbox: 0.0809 (0.0926)  loss_bbox_aux_0: 0.0863 (0.0986)  loss_bbox_aux_1: 0.0825 (0.0940)  loss_bbox_aux_2: 0.0988 (0.1134)  loss_bbox_dn_0: 0.0512 (0.0568)  loss_bbox_dn_1: 0.0440 (0.0467)  loss_bbox_dn_2: 0.0418 (0.0452)  loss_giou: 0.9963 (0.9771)  loss_giou_aux_0: 1.0207 (1.0133)  loss_giou_aux_1: 1.0025 (0.9860)  loss_giou_aux_2: 1.0913 (1.0841)  loss_giou_dn_0: 0.7933 (0.7863)  loss_giou_dn_1: 0.7027 (0.7009)  loss_giou_dn_2: 0.6993 (0.6901)  loss_vfl: 0.4993 (0.5067)  loss_vfl_aux_0: 0.5106 (0.5123)  loss_vfl_aux_1: 0.5088 (0.5113)  loss_vfl_aux_2: 0.4843 (0.4949)  loss_vfl_dn_0: 0.4713 (0.4723)  loss_vfl_dn_1: 0.4462 (0.4495)  loss_vfl_dn_2: 0.4427 (0.4449)
Test:  [ 0/69]  eta: 0:01:42    time: 1.4824  data: 0.7560  max mem: 8872
Test:  [10/69]  eta: 0:00:41    time: 0.6972  data: 0.0887  max mem: 8872
Test:  [20/69]  eta: 0:00:33    time: 0.6502  data: 0.0215  max mem: 8872
Test:  [30/69]  eta: 0:00:25    time: 0.6462  data: 0.0214  max mem: 8872
Test:  [40/69]  eta: 0:00:18    time: 0.5897  data: 0.0222  max mem: 8872
Test:  [50/69]  eta: 0:00:11    time: 0.5492  data: 0.0215  max mem: 8872
Test:  [60/69]  eta: 0:00:05    time: 0.5276  data: 0.0214  max mem: 8872
Test:  [68/69]  eta: 0:00:00    time: 0.5426  data: 0.0202  max mem: 8872
Test: Total time: 0:00:41 (0.6016 s / it)
Averaged stats: 
Accumulating evaluation results...
DONE (t=1.92s).
IoU metric: bbox
 Average Precision  (AP) @[ IoU=0.50:0.95 | area=   all | maxDets=100 ] = 0.206
 Average Precision  (AP) @[ IoU=0.50      | area=   all | maxDets=100 ] = 0.343
 Average Precision  (AP) @[ IoU=0.75      | area=   all | maxDets=100 ] = 0.211
 Average Precision  (AP) @[ IoU=0.50:0.95 | area= small | maxDets=100 ] = 0.129
 Average Precision  (AP) @[ IoU=0.50:0.95 | area=medium | maxDets=100 ] = 0.293
 Average Precision  (AP) @[ IoU=0.50:0.95 | area= large | maxDets=100 ] = 0.378
 Average Recall     (AR) @[ IoU=0.50:0.95 | area=   all | maxDets=  1 ] = 0.092
 Average Recall     (AR) @[ IoU=0.50:0.95 | area=   all | maxDets= 10 ] = 0.266
 Average Recall     (AR) @[ IoU=0.50:0.95 | area=   all | maxDets=100 ] = 0.361
 Average Recall     (AR) @[ IoU=0.50:0.95 | area= small | maxDets=100 ] = 0.269
 Average Recall     (AR) @[ IoU=0.50:0.95 | area=medium | maxDets=100 ] = 0.479
 Average Recall     (AR) @[ IoU=0.50:0.95 | area= large | maxDets=100 ] = 0.576
best_stat:  {'epoch': 36, 'coco_eval_bbox': 0.2064817103578477}
Epoch: [37]  [  0/809]  eta: 1:30:00  lr: 0.000100  loss: 10.0251 (10.0251)  loss_bbox: 0.1056 (0.1056)  loss_bbox_aux_0: 0.1072 (0.1072)  loss_bbox_aux_1: 0.1085 (0.1085)  loss_bbox_aux_2: 0.1216 (0.1216)  loss_bbox_dn_0: 0.0444 (0.0444)  loss_bbox_dn_1: 0.0371 (0.0371)  loss_bbox_dn_2: 0.0361 (0.0361)  loss_giou: 0.9738 (0.9738)  loss_giou_aux_0: 1.0254 (1.0254)  loss_giou_aux_1: 0.9966 (0.9966)  loss_giou_aux_2: 1.1035 (1.1035)  loss_giou_dn_0: 0.7495 (0.7495)  loss_giou_dn_1: 0.6713 (0.6713)  loss_giou_dn_2: 0.6580 (0.6580)  loss_vfl: 0.4819 (0.4819)  loss_vfl_aux_0: 0.4897 (0.4897)  loss_vfl_aux_1: 0.4835 (0.4835)  loss_vfl_aux_2: 0.4711 (0.4711)  loss_vfl_dn_0: 0.4738 (0.4738)  loss_vfl_dn_1: 0.4468 (0.4468)  loss_vfl_dn_2: 0.4397 (0.4397)  time: 6.6755  data: 2.7613  max mem: 8872
Epoch: [37]  [100/809]  eta: 0:11:35  lr: 0.000100  loss: 10.0368 (10.0918)  loss_bbox: 0.0817 (0.0874)  loss_bbox_aux_0: 0.0897 (0.0936)  loss_bbox_aux_1: 0.0846 (0.0892)  loss_bbox_aux_2: 0.1050 (0.1074)  loss_bbox_dn_0: 0.0558 (0.0576)  loss_bbox_dn_1: 0.0472 (0.0473)  loss_bbox_dn_2: 0.0460 (0.0459)  loss_giou: 0.9649 (0.9603)  loss_giou_aux_0: 0.9841 (0.9979)  loss_giou_aux_1: 0.9594 (0.9699)  loss_giou_aux_2: 1.0690 (1.0695)  loss_giou_dn_0: 0.7781 (0.7833)  loss_giou_dn_1: 0.7128 (0.6981)  loss_giou_dn_2: 0.6990 (0.6874)  loss_vfl: 0.5060 (0.5093)  loss_vfl_aux_0: 0.5154 (0.5135)  loss_vfl_aux_1: 0.5166 (0.5136)  loss_vfl_aux_2: 0.4901 (0.4963)  loss_vfl_dn_0: 0.4672 (0.4712)  loss_vfl_dn_1: 0.4431 (0.4490)  loss_vfl_dn_2: 0.4380 (0.4443)  time: 0.8986  data: 0.0365  max mem: 8872
Epoch: [37]  [200/809]  eta: 0:09:42  lr: 0.000100  loss: 10.1952 (10.1288)  loss_bbox: 0.0832 (0.0889)  loss_bbox_aux_0: 0.0908 (0.0946)  loss_bbox_aux_1: 0.0854 (0.0905)  loss_bbox_aux_2: 0.0982 (0.1090)  loss_bbox_dn_0: 0.0476 (0.0573)  loss_bbox_dn_1: 0.0384 (0.0468)  loss_bbox_dn_2: 0.0373 (0.0455)  loss_giou: 0.9806 (0.9692)  loss_giou_aux_0: 1.0009 (1.0066)  loss_giou_aux_1: 0.9938 (0.9782)  loss_giou_aux_2: 1.0873 (1.0816)  loss_giou_dn_0: 0.7830 (0.7858)  loss_giou_dn_1: 0.7013 (0.6976)  loss_giou_dn_2: 0.6928 (0.6871)  loss_vfl: 0.5055 (0.5064)  loss_vfl_aux_0: 0.5103 (0.5118)  loss_vfl_aux_1: 0.5005 (0.5112)  loss_vfl_aux_2: 0.4922 (0.4930)  loss_vfl_dn_0: 0.4706 (0.4722)  loss_vfl_dn_1: 0.4476 (0.4500)  loss_vfl_dn_2: 0.4442 (0.4453)  time: 0.9355  data: 0.0388  max mem: 8872
Epoch: [37]  [300/809]  eta: 0:08:06  lr: 0.000100  loss: 10.0969 (10.2143)  loss_bbox: 0.0843 (0.0915)  loss_bbox_aux_0: 0.0872 (0.0974)  loss_bbox_aux_1: 0.0854 (0.0932)  loss_bbox_aux_2: 0.1011 (0.1120)  loss_bbox_dn_0: 0.0501 (0.0564)  loss_bbox_dn_1: 0.0428 (0.0461)  loss_bbox_dn_2: 0.0394 (0.0448)  loss_giou: 0.9614 (0.9885)  loss_giou_aux_0: 0.9828 (1.0255)  loss_giou_aux_1: 0.9622 (0.9974)  loss_giou_aux_2: 1.0602 (1.0970)  loss_giou_dn_0: 0.7902 (0.7908)  loss_giou_dn_1: 0.6942 (0.7033)  loss_giou_dn_2: 0.6874 (0.6929)  loss_vfl: 0.5323 (0.5030)  loss_vfl_aux_0: 0.5463 (0.5094)  loss_vfl_aux_1: 0.5281 (0.5078)  loss_vfl_aux_2: 0.5104 (0.4889)  loss_vfl_dn_0: 0.4725 (0.4724)  loss_vfl_dn_1: 0.4487 (0.4505)  loss_vfl_dn_2: 0.4419 (0.4457)  time: 0.9845  data: 0.0405  max mem: 8872
Epoch: [37]  [400/809]  eta: 0:06:28  lr: 0.000100  loss: 9.9749 (10.2513)  loss_bbox: 0.1002 (0.0938)  loss_bbox_aux_0: 0.1048 (0.0994)  loss_bbox_aux_1: 0.1029 (0.0954)  loss_bbox_aux_2: 0.1257 (0.1142)  loss_bbox_dn_0: 0.0562 (0.0566)  loss_bbox_dn_1: 0.0487 (0.0462)  loss_bbox_dn_2: 0.0475 (0.0449)  loss_giou: 0.9561 (0.9958)  loss_giou_aux_0: 1.0153 (1.0323)  loss_giou_aux_1: 0.9614 (1.0048)  loss_giou_aux_2: 1.0608 (1.1043)  loss_giou_dn_0: 0.7764 (0.7934)  loss_giou_dn_1: 0.6894 (0.7060)  loss_giou_dn_2: 0.6735 (0.6955)  loss_vfl: 0.5033 (0.5008)  loss_vfl_aux_0: 0.5098 (0.5074)  loss_vfl_aux_1: 0.5093 (0.5057)  loss_vfl_aux_2: 0.4921 (0.4872)  loss_vfl_dn_0: 0.4724 (0.4720)  loss_vfl_dn_1: 0.4492 (0.4500)  loss_vfl_dn_2: 0.4467 (0.4456)  time: 0.9390  data: 0.0336  max mem: 8872
Epoch: [37]  [500/809]  eta: 0:04:51  lr: 0.000100  loss: 10.0802 (10.2378)  loss_bbox: 0.0882 (0.0941)  loss_bbox_aux_0: 0.0923 (0.0999)  loss_bbox_aux_1: 0.0866 (0.0957)  loss_bbox_aux_2: 0.1055 (0.1146)  loss_bbox_dn_0: 0.0539 (0.0567)  loss_bbox_dn_1: 0.0421 (0.0463)  loss_bbox_dn_2: 0.0413 (0.0450)  loss_giou: 0.9735 (0.9929)  loss_giou_aux_0: 0.9991 (1.0287)  loss_giou_aux_1: 0.9791 (1.0018)  loss_giou_aux_2: 1.0988 (1.1010)  loss_giou_dn_0: 0.7692 (0.7909)  loss_giou_dn_1: 0.6892 (0.7044)  loss_giou_dn_2: 0.6757 (0.6937)  loss_vfl: 0.4843 (0.5011)  loss_vfl_aux_0: 0.4987 (0.5085)  loss_vfl_aux_1: 0.4810 (0.5061)  loss_vfl_aux_2: 0.4794 (0.4883)  loss_vfl_dn_0: 0.4719 (0.4722)  loss_vfl_dn_1: 0.4468 (0.4500)  loss_vfl_dn_2: 0.4412 (0.4457)  time: 0.9410  data: 0.0384  max mem: 8872
Epoch: [37]  [600/809]  eta: 0:03:17  lr: 0.000100  loss: 10.1315 (10.2242)  loss_bbox: 0.0771 (0.0937)  loss_bbox_aux_0: 0.0847 (0.0993)  loss_bbox_aux_1: 0.0800 (0.0953)  loss_bbox_aux_2: 0.0968 (0.1137)  loss_bbox_dn_0: 0.0601 (0.0570)  loss_bbox_dn_1: 0.0495 (0.0466)  loss_bbox_dn_2: 0.0475 (0.0452)  loss_giou: 0.8938 (0.9876)  loss_giou_aux_0: 0.9309 (1.0233)  loss_giou_aux_1: 0.8989 (0.9965)  loss_giou_aux_2: 1.0110 (1.0957)  loss_giou_dn_0: 0.7702 (0.7894)  loss_giou_dn_1: 0.6837 (0.7028)  loss_giou_dn_2: 0.6686 (0.6919)  loss_vfl: 0.5370 (0.5043)  loss_vfl_aux_0: 0.5471 (0.5117)  loss_vfl_aux_1: 0.5435 (0.5093)  loss_vfl_aux_2: 0.5237 (0.4912)  loss_vfl_dn_0: 0.4789 (0.4728)  loss_vfl_dn_1: 0.4579 (0.4506)  loss_vfl_dn_2: 0.4515 (0.4461)  time: 0.9557  data: 0.0449  max mem: 8872
Epoch: [37]  [700/809]  eta: 0:01:42  lr: 0.000100  loss: 10.3816 (10.2068)  loss_bbox: 0.0840 (0.0930)  loss_bbox_aux_0: 0.0871 (0.0986)  loss_bbox_aux_1: 0.0840 (0.0946)  loss_bbox_aux_2: 0.1007 (0.1128)  loss_bbox_dn_0: 0.0495 (0.0570)  loss_bbox_dn_1: 0.0407 (0.0465)  loss_bbox_dn_2: 0.0394 (0.0452)  loss_giou: 0.9956 (0.9843)  loss_giou_aux_0: 1.0326 (1.0203)  loss_giou_aux_1: 0.9931 (0.9933)  loss_giou_aux_2: 1.0741 (1.0932)  loss_giou_dn_0: 0.8066 (0.7897)  loss_giou_dn_1: 0.7211 (0.7028)  loss_giou_dn_2: 0.7019 (0.6920)  loss_vfl: 0.5096 (0.5041)  loss_vfl_aux_0: 0.5232 (0.5115)  loss_vfl_aux_1: 0.5145 (0.5090)  loss_vfl_aux_2: 0.4709 (0.4909)  loss_vfl_dn_0: 0.4701 (0.4724)  loss_vfl_dn_1: 0.4542 (0.4501)  loss_vfl_dn_2: 0.4514 (0.4455)  time: 0.9512  data: 0.0384  max mem: 8872
Epoch: [37]  [800/809]  eta: 0:00:08  lr: 0.000100  loss: 10.7819 (10.2196)  loss_bbox: 0.0971 (0.0937)  loss_bbox_aux_0: 0.1001 (0.0992)  loss_bbox_aux_1: 0.0987 (0.0953)  loss_bbox_aux_2: 0.1144 (0.1134)  loss_bbox_dn_0: 0.0569 (0.0571)  loss_bbox_dn_1: 0.0482 (0.0467)  loss_bbox_dn_2: 0.0471 (0.0454)  loss_giou: 1.0939 (0.9865)  loss_giou_aux_0: 1.1204 (1.0225)  loss_giou_aux_1: 1.1069 (0.9952)  loss_giou_aux_2: 1.1899 (1.0955)  loss_giou_dn_0: 0.8398 (0.7904)  loss_giou_dn_1: 0.7568 (0.7038)  loss_giou_dn_2: 0.7405 (0.6931)  loss_vfl: 0.4624 (0.5038)  loss_vfl_aux_0: 0.4503 (0.5112)  loss_vfl_aux_1: 0.4659 (0.5089)  loss_vfl_aux_2: 0.4376 (0.4906)  loss_vfl_dn_0: 0.4652 (0.4722)  loss_vfl_dn_1: 0.4447 (0.4499)  loss_vfl_dn_2: 0.4398 (0.4454)  time: 0.9068  data: 0.0335  max mem: 8872
Epoch: [37]  [808/809]  eta: 0:00:00  lr: 0.000100  loss: 10.3347 (10.2167)  loss_bbox: 0.0961 (0.0936)  loss_bbox_aux_0: 0.0991 (0.0991)  loss_bbox_aux_1: 0.0970 (0.0952)  loss_bbox_aux_2: 0.1101 (0.1133)  loss_bbox_dn_0: 0.0557 (0.0571)  loss_bbox_dn_1: 0.0470 (0.0467)  loss_bbox_dn_2: 0.0461 (0.0454)  loss_giou: 1.0095 (0.9860)  loss_giou_aux_0: 1.0296 (1.0220)  loss_giou_aux_1: 1.0147 (0.9947)  loss_giou_aux_2: 1.0905 (1.0949)  loss_giou_dn_0: 0.8137 (0.7902)  loss_giou_dn_1: 0.7299 (0.7037)  loss_giou_dn_2: 0.7156 (0.6929)  loss_vfl: 0.4874 (0.5038)  loss_vfl_aux_0: 0.4856 (0.5112)  loss_vfl_aux_1: 0.4950 (0.5089)  loss_vfl_aux_2: 0.4716 (0.4906)  loss_vfl_dn_0: 0.4697 (0.4722)  loss_vfl_dn_1: 0.4482 (0.4499)  loss_vfl_dn_2: 0.4437 (0.4453)  time: 0.7595  data: 0.0278  max mem: 8872
Epoch: [37] Total time: 0:12:38 (0.9373 s / it)
Averaged stats: lr: 0.000100  loss: 10.3347 (10.2167)  loss_bbox: 0.0961 (0.0936)  loss_bbox_aux_0: 0.0991 (0.0991)  loss_bbox_aux_1: 0.0970 (0.0952)  loss_bbox_aux_2: 0.1101 (0.1133)  loss_bbox_dn_0: 0.0557 (0.0571)  loss_bbox_dn_1: 0.0470 (0.0467)  loss_bbox_dn_2: 0.0461 (0.0454)  loss_giou: 1.0095 (0.9860)  loss_giou_aux_0: 1.0296 (1.0220)  loss_giou_aux_1: 1.0147 (0.9947)  loss_giou_aux_2: 1.0905 (1.0949)  loss_giou_dn_0: 0.8137 (0.7902)  loss_giou_dn_1: 0.7299 (0.7037)  loss_giou_dn_2: 0.7156 (0.6929)  loss_vfl: 0.4874 (0.5038)  loss_vfl_aux_0: 0.4856 (0.5112)  loss_vfl_aux_1: 0.4950 (0.5089)  loss_vfl_aux_2: 0.4716 (0.4906)  loss_vfl_dn_0: 0.4697 (0.4722)  loss_vfl_dn_1: 0.4482 (0.4499)  loss_vfl_dn_2: 0.4437 (0.4453)
Test:  [ 0/69]  eta: 0:01:21    time: 1.1814  data: 0.6412  max mem: 8872
Test:  [10/69]  eta: 0:00:38    time: 0.6604  data: 0.0741  max mem: 8872
Test:  [20/69]  eta: 0:00:31    time: 0.6255  data: 0.0196  max mem: 8872
Test:  [30/69]  eta: 0:00:24    time: 0.6113  data: 0.0216  max mem: 8872
Test:  [40/69]  eta: 0:00:17    time: 0.5728  data: 0.0204  max mem: 8872
Test:  [50/69]  eta: 0:00:11    time: 0.5471  data: 0.0193  max mem: 8872
Test:  [60/69]  eta: 0:00:05    time: 0.5274  data: 0.0204  max mem: 8872
Test:  [68/69]  eta: 0:00:00    time: 0.5450  data: 0.0208  max mem: 8872
Test: Total time: 0:00:40 (0.5859 s / it)
Averaged stats: 
Accumulating evaluation results...
DONE (t=1.96s).
IoU metric: bbox
 Average Precision  (AP) @[ IoU=0.50:0.95 | area=   all | maxDets=100 ] = 0.208
 Average Precision  (AP) @[ IoU=0.50      | area=   all | maxDets=100 ] = 0.345
 Average Precision  (AP) @[ IoU=0.75      | area=   all | maxDets=100 ] = 0.213
 Average Precision  (AP) @[ IoU=0.50:0.95 | area= small | maxDets=100 ] = 0.130
 Average Precision  (AP) @[ IoU=0.50:0.95 | area=medium | maxDets=100 ] = 0.296
 Average Precision  (AP) @[ IoU=0.50:0.95 | area= large | maxDets=100 ] = 0.382
 Average Recall     (AR) @[ IoU=0.50:0.95 | area=   all | maxDets=  1 ] = 0.093
 Average Recall     (AR) @[ IoU=0.50:0.95 | area=   all | maxDets= 10 ] = 0.268
 Average Recall     (AR) @[ IoU=0.50:0.95 | area=   all | maxDets=100 ] = 0.364
 Average Recall     (AR) @[ IoU=0.50:0.95 | area= small | maxDets=100 ] = 0.270
 Average Recall     (AR) @[ IoU=0.50:0.95 | area=medium | maxDets=100 ] = 0.481
 Average Recall     (AR) @[ IoU=0.50:0.95 | area= large | maxDets=100 ] = 0.592
best_stat:  {'epoch': 37, 'coco_eval_bbox': 0.20788645973571587}
Epoch: [38]  [  0/809]  eta: 1:15:37  lr: 0.000100  loss: 9.6128 (9.6128)  loss_bbox: 0.0627 (0.0627)  loss_bbox_aux_0: 0.0684 (0.0684)  loss_bbox_aux_1: 0.0653 (0.0653)  loss_bbox_aux_2: 0.0727 (0.0727)  loss_bbox_dn_0: 0.0450 (0.0450)  loss_bbox_dn_1: 0.0364 (0.0364)  loss_bbox_dn_2: 0.0353 (0.0353)  loss_giou: 0.8622 (0.8622)  loss_giou_aux_0: 0.8928 (0.8928)  loss_giou_aux_1: 0.8736 (0.8736)  loss_giou_aux_2: 0.9493 (0.9493)  loss_giou_dn_0: 0.7408 (0.7408)  loss_giou_dn_1: 0.6692 (0.6692)  loss_giou_dn_2: 0.6570 (0.6570)  loss_vfl: 0.5597 (0.5597)  loss_vfl_aux_0: 0.5718 (0.5718)  loss_vfl_aux_1: 0.5640 (0.5640)  loss_vfl_aux_2: 0.5620 (0.5620)  loss_vfl_dn_0: 0.4672 (0.4672)  loss_vfl_dn_1: 0.4315 (0.4315)  loss_vfl_dn_2: 0.4260 (0.4260)  time: 5.6083  data: 4.2402  max mem: 8872
Epoch: [38]  [100/809]  eta: 0:11:35  lr: 0.000100  loss: 10.2242 (10.1456)  loss_bbox: 0.0841 (0.0932)  loss_bbox_aux_0: 0.0874 (0.0976)  loss_bbox_aux_1: 0.0838 (0.0944)  loss_bbox_aux_2: 0.1008 (0.1115)  loss_bbox_dn_0: 0.0516 (0.0565)  loss_bbox_dn_1: 0.0422 (0.0460)  loss_bbox_dn_2: 0.0404 (0.0447)  loss_giou: 0.9277 (0.9764)  loss_giou_aux_0: 0.9512 (1.0063)  loss_giou_aux_1: 0.9289 (0.9822)  loss_giou_aux_2: 1.0425 (1.0758)  loss_giou_dn_0: 0.7870 (0.7815)  loss_giou_dn_1: 0.7165 (0.6966)  loss_giou_dn_2: 0.7007 (0.6857)  loss_vfl: 0.5198 (0.5052)  loss_vfl_aux_0: 0.5398 (0.5164)  loss_vfl_aux_1: 0.5286 (0.5126)  loss_vfl_aux_2: 0.5061 (0.4977)  loss_vfl_dn_0: 0.4685 (0.4718)  loss_vfl_dn_1: 0.4540 (0.4491)  loss_vfl_dn_2: 0.4481 (0.4443)  time: 0.9334  data: 0.0332  max mem: 8872
Epoch: [38]  [200/809]  eta: 0:09:42  lr: 0.000100  loss: 10.3256 (10.2057)  loss_bbox: 0.0831 (0.0949)  loss_bbox_aux_0: 0.0891 (0.1000)  loss_bbox_aux_1: 0.0850 (0.0962)  loss_bbox_aux_2: 0.1067 (0.1146)  loss_bbox_dn_0: 0.0557 (0.0561)  loss_bbox_dn_1: 0.0454 (0.0461)  loss_bbox_dn_2: 0.0449 (0.0449)  loss_giou: 1.0465 (0.9891)  loss_giou_aux_0: 1.0699 (1.0210)  loss_giou_aux_1: 1.0528 (0.9963)  loss_giou_aux_2: 1.1509 (1.0918)  loss_giou_dn_0: 0.8087 (0.7852)  loss_giou_dn_1: 0.7216 (0.7021)  loss_giou_dn_2: 0.7054 (0.6919)  loss_vfl: 0.4730 (0.5009)  loss_vfl_aux_0: 0.4893 (0.5098)  loss_vfl_aux_1: 0.4821 (0.5072)  loss_vfl_aux_2: 0.4557 (0.4899)  loss_vfl_dn_0: 0.4730 (0.4729)  loss_vfl_dn_1: 0.4503 (0.4497)  loss_vfl_dn_2: 0.4449 (0.4451)  time: 0.9212  data: 0.0435  max mem: 8872
Epoch: [38]  [300/809]  eta: 0:08:05  lr: 0.000100  loss: 10.2508 (10.2421)  loss_bbox: 0.0872 (0.0951)  loss_bbox_aux_0: 0.0927 (0.1008)  loss_bbox_aux_1: 0.0880 (0.0966)  loss_bbox_aux_2: 0.1081 (0.1153)  loss_bbox_dn_0: 0.0566 (0.0564)  loss_bbox_dn_1: 0.0427 (0.0463)  loss_bbox_dn_2: 0.0405 (0.0451)  loss_giou: 0.9940 (0.9955)  loss_giou_aux_0: 1.0539 (1.0284)  loss_giou_aux_1: 1.0076 (1.0031)  loss_giou_aux_2: 1.1180 (1.0991)  loss_giou_dn_0: 0.8145 (0.7889)  loss_giou_dn_1: 0.7354 (0.7048)  loss_giou_dn_2: 0.7158 (0.6946)  loss_vfl: 0.5062 (0.5009)  loss_vfl_aux_0: 0.5165 (0.5089)  loss_vfl_aux_1: 0.5123 (0.5067)  loss_vfl_aux_2: 0.4847 (0.4893)  loss_vfl_dn_0: 0.4692 (0.4723)  loss_vfl_dn_1: 0.4489 (0.4494)  loss_vfl_dn_2: 0.4465 (0.4448)  time: 0.9474  data: 0.0346  max mem: 8872
Epoch: [38]  [400/809]  eta: 0:06:26  lr: 0.000100  loss: 9.7850 (10.2460)  loss_bbox: 0.0823 (0.0952)  loss_bbox_aux_0: 0.0850 (0.1011)  loss_bbox_aux_1: 0.0805 (0.0965)  loss_bbox_aux_2: 0.1039 (0.1160)  loss_bbox_dn_0: 0.0545 (0.0567)  loss_bbox_dn_1: 0.0468 (0.0467)  loss_bbox_dn_2: 0.0456 (0.0454)  loss_giou: 0.9156 (0.9964)  loss_giou_aux_0: 0.9456 (1.0303)  loss_giou_aux_1: 0.9194 (1.0042)  loss_giou_aux_2: 1.0176 (1.1009)  loss_giou_dn_0: 0.7627 (0.7899)  loss_giou_dn_1: 0.6777 (0.7056)  loss_giou_dn_2: 0.6680 (0.6951)  loss_vfl: 0.5035 (0.4998)  loss_vfl_aux_0: 0.5098 (0.5074)  loss_vfl_aux_1: 0.5048 (0.5054)  loss_vfl_aux_2: 0.4995 (0.4884)  loss_vfl_dn_0: 0.4727 (0.4717)  loss_vfl_dn_1: 0.4487 (0.4490)  loss_vfl_dn_2: 0.4420 (0.4443)  time: 0.8646  data: 0.0380  max mem: 8872
Epoch: [38]  [500/809]  eta: 0:04:52  lr: 0.000100  loss: 9.9328 (10.2464)  loss_bbox: 0.0818 (0.0961)  loss_bbox_aux_0: 0.0851 (0.1021)  loss_bbox_aux_1: 0.0821 (0.0976)  loss_bbox_aux_2: 0.0981 (0.1173)  loss_bbox_dn_0: 0.0533 (0.0566)  loss_bbox_dn_1: 0.0446 (0.0465)  loss_bbox_dn_2: 0.0429 (0.0452)  loss_giou: 0.9533 (0.9971)  loss_giou_aux_0: 0.9798 (1.0317)  loss_giou_aux_1: 0.9496 (1.0050)  loss_giou_aux_2: 1.0393 (1.1015)  loss_giou_dn_0: 0.7688 (0.7887)  loss_giou_dn_1: 0.6803 (0.7032)  loss_giou_dn_2: 0.6736 (0.6925)  loss_vfl: 0.5024 (0.4995)  loss_vfl_aux_0: 0.5214 (0.5073)  loss_vfl_aux_1: 0.5176 (0.5051)  loss_vfl_aux_2: 0.4958 (0.4892)  loss_vfl_dn_0: 0.4747 (0.4715)  loss_vfl_dn_1: 0.4473 (0.4486)  loss_vfl_dn_2: 0.4409 (0.4440)  time: 0.9583  data: 0.0450  max mem: 8872
Epoch: [38]  [600/809]  eta: 0:03:16  lr: 0.000100  loss: 10.0382 (10.2559)  loss_bbox: 0.0840 (0.0970)  loss_bbox_aux_0: 0.0894 (0.1030)  loss_bbox_aux_1: 0.0846 (0.0985)  loss_bbox_aux_2: 0.1043 (0.1183)  loss_bbox_dn_0: 0.0536 (0.0565)  loss_bbox_dn_1: 0.0439 (0.0464)  loss_bbox_dn_2: 0.0426 (0.0451)  loss_giou: 0.9380 (0.9989)  loss_giou_aux_0: 0.9588 (1.0336)  loss_giou_aux_1: 0.9356 (1.0068)  loss_giou_aux_2: 1.0427 (1.1038)  loss_giou_dn_0: 0.7703 (0.7884)  loss_giou_dn_1: 0.6931 (0.7028)  loss_giou_dn_2: 0.6851 (0.6923)  loss_vfl: 0.5420 (0.4996)  loss_vfl_aux_0: 0.5490 (0.5075)  loss_vfl_aux_1: 0.5425 (0.5051)  loss_vfl_aux_2: 0.5238 (0.4890)  loss_vfl_dn_0: 0.4735 (0.4714)  loss_vfl_dn_1: 0.4479 (0.4484)  loss_vfl_dn_2: 0.4408 (0.4437)  time: 0.9193  data: 0.0357  max mem: 8872
Epoch: [38]  [700/809]  eta: 0:01:42  lr: 0.000100  loss: 9.8388 (10.2450)  loss_bbox: 0.0825 (0.0964)  loss_bbox_aux_0: 0.0907 (0.1025)  loss_bbox_aux_1: 0.0840 (0.0979)  loss_bbox_aux_2: 0.1029 (0.1177)  loss_bbox_dn_0: 0.0512 (0.0569)  loss_bbox_dn_1: 0.0431 (0.0467)  loss_bbox_dn_2: 0.0417 (0.0453)  loss_giou: 0.8878 (0.9949)  loss_giou_aux_0: 0.9273 (1.0298)  loss_giou_aux_1: 0.8884 (1.0029)  loss_giou_aux_2: 1.0068 (1.1005)  loss_giou_dn_0: 0.7757 (0.7876)  loss_giou_dn_1: 0.6748 (0.7022)  loss_giou_dn_2: 0.6540 (0.6915)  loss_vfl: 0.4788 (0.5015)  loss_vfl_aux_0: 0.4890 (0.5088)  loss_vfl_aux_1: 0.4897 (0.5069)  loss_vfl_aux_2: 0.4823 (0.4906)  loss_vfl_dn_0: 0.4718 (0.4718)  loss_vfl_dn_1: 0.4437 (0.4487)  loss_vfl_dn_2: 0.4391 (0.4440)  time: 0.8876  data: 0.0341  max mem: 8872
Epoch: [38]  [800/809]  eta: 0:00:08  lr: 0.000100  loss: 9.9462 (10.2232)  loss_bbox: 0.0923 (0.0961)  loss_bbox_aux_0: 0.0964 (0.1022)  loss_bbox_aux_1: 0.0930 (0.0976)  loss_bbox_aux_2: 0.1133 (0.1173)  loss_bbox_dn_0: 0.0568 (0.0573)  loss_bbox_dn_1: 0.0465 (0.0469)  loss_bbox_dn_2: 0.0444 (0.0456)  loss_giou: 0.9267 (0.9889)  loss_giou_aux_0: 0.9601 (1.0235)  loss_giou_aux_1: 0.9393 (0.9971)  loss_giou_aux_2: 1.0234 (1.0948)  loss_giou_dn_0: 0.7559 (0.7863)  loss_giou_dn_1: 0.6606 (0.7001)  loss_giou_dn_2: 0.6440 (0.6892)  loss_vfl: 0.5298 (0.5031)  loss_vfl_aux_0: 0.5331 (0.5106)  loss_vfl_aux_1: 0.5382 (0.5084)  loss_vfl_aux_2: 0.5210 (0.4927)  loss_vfl_dn_0: 0.4724 (0.4721)  loss_vfl_dn_1: 0.4546 (0.4492)  loss_vfl_dn_2: 0.4485 (0.4444)  time: 0.9297  data: 0.0329  max mem: 8872
Epoch: [38]  [808/809]  eta: 0:00:00  lr: 0.000100  loss: 10.0370 (10.2219)  loss_bbox: 0.0919 (0.0960)  loss_bbox_aux_0: 0.0947 (0.1020)  loss_bbox_aux_1: 0.0903 (0.0974)  loss_bbox_aux_2: 0.1073 (0.1171)  loss_bbox_dn_0: 0.0529 (0.0572)  loss_bbox_dn_1: 0.0426 (0.0469)  loss_bbox_dn_2: 0.0414 (0.0456)  loss_giou: 0.9437 (0.9889)  loss_giou_aux_0: 0.9796 (1.0234)  loss_giou_aux_1: 0.9530 (0.9971)  loss_giou_aux_2: 1.0344 (1.0946)  loss_giou_dn_0: 0.7827 (0.7863)  loss_giou_dn_1: 0.6938 (0.7001)  loss_giou_dn_2: 0.6753 (0.6892)  loss_vfl: 0.5027 (0.5030)  loss_vfl_aux_0: 0.5223 (0.5105)  loss_vfl_aux_1: 0.5183 (0.5083)  loss_vfl_aux_2: 0.5087 (0.4926)  loss_vfl_dn_0: 0.4718 (0.4722)  loss_vfl_dn_1: 0.4506 (0.4492)  loss_vfl_dn_2: 0.4409 (0.4445)  time: 0.7723  data: 0.0291  max mem: 8872
Epoch: [38] Total time: 0:12:32 (0.9306 s / it)
Averaged stats: lr: 0.000100  loss: 10.0370 (10.2219)  loss_bbox: 0.0919 (0.0960)  loss_bbox_aux_0: 0.0947 (0.1020)  loss_bbox_aux_1: 0.0903 (0.0974)  loss_bbox_aux_2: 0.1073 (0.1171)  loss_bbox_dn_0: 0.0529 (0.0572)  loss_bbox_dn_1: 0.0426 (0.0469)  loss_bbox_dn_2: 0.0414 (0.0456)  loss_giou: 0.9437 (0.9889)  loss_giou_aux_0: 0.9796 (1.0234)  loss_giou_aux_1: 0.9530 (0.9971)  loss_giou_aux_2: 1.0344 (1.0946)  loss_giou_dn_0: 0.7827 (0.7863)  loss_giou_dn_1: 0.6938 (0.7001)  loss_giou_dn_2: 0.6753 (0.6892)  loss_vfl: 0.5027 (0.5030)  loss_vfl_aux_0: 0.5223 (0.5105)  loss_vfl_aux_1: 0.5183 (0.5083)  loss_vfl_aux_2: 0.5087 (0.4926)  loss_vfl_dn_0: 0.4718 (0.4722)  loss_vfl_dn_1: 0.4506 (0.4492)  loss_vfl_dn_2: 0.4409 (0.4445)
Test:  [ 0/69]  eta: 0:01:41    time: 1.4641  data: 0.8583  max mem: 8872
Test:  [10/69]  eta: 0:00:45    time: 0.7704  data: 0.0966  max mem: 8872
Test:  [20/69]  eta: 0:00:34    time: 0.6734  data: 0.0210  max mem: 8872
Test:  [30/69]  eta: 0:00:26    time: 0.6267  data: 0.0212  max mem: 8872
Test:  [40/69]  eta: 0:00:19    time: 0.6041  data: 0.0210  max mem: 8872
Test:  [50/69]  eta: 0:00:11    time: 0.5576  data: 0.0211  max mem: 8872
Test:  [60/69]  eta: 0:00:05    time: 0.5267  data: 0.0209  max mem: 8872
Test:  [68/69]  eta: 0:00:00    time: 0.5540  data: 0.0202  max mem: 8872
Test: Total time: 0:00:42 (0.6127 s / it)
Averaged stats: 
Accumulating evaluation results...
DONE (t=1.93s).
IoU metric: bbox
 Average Precision  (AP) @[ IoU=0.50:0.95 | area=   all | maxDets=100 ] = 0.210
 Average Precision  (AP) @[ IoU=0.50      | area=   all | maxDets=100 ] = 0.348
 Average Precision  (AP) @[ IoU=0.75      | area=   all | maxDets=100 ] = 0.215
 Average Precision  (AP) @[ IoU=0.50:0.95 | area= small | maxDets=100 ] = 0.131
 Average Precision  (AP) @[ IoU=0.50:0.95 | area=medium | maxDets=100 ] = 0.298
 Average Precision  (AP) @[ IoU=0.50:0.95 | area= large | maxDets=100 ] = 0.373
 Average Recall     (AR) @[ IoU=0.50:0.95 | area=   all | maxDets=  1 ] = 0.094
 Average Recall     (AR) @[ IoU=0.50:0.95 | area=   all | maxDets= 10 ] = 0.269
 Average Recall     (AR) @[ IoU=0.50:0.95 | area=   all | maxDets=100 ] = 0.365
 Average Recall     (AR) @[ IoU=0.50:0.95 | area= small | maxDets=100 ] = 0.272
 Average Recall     (AR) @[ IoU=0.50:0.95 | area=medium | maxDets=100 ] = 0.484
 Average Recall     (AR) @[ IoU=0.50:0.95 | area= large | maxDets=100 ] = 0.610
best_stat:  {'epoch': 38, 'coco_eval_bbox': 0.2098131683193045}
Epoch: [39]  [  0/809]  eta: 1:11:44  lr: 0.000100  loss: 12.4790 (12.4790)  loss_bbox: 0.1741 (0.1741)  loss_bbox_aux_0: 0.1860 (0.1860)  loss_bbox_aux_1: 0.1748 (0.1748)  loss_bbox_aux_2: 0.2062 (0.2062)  loss_bbox_dn_0: 0.0350 (0.0350)  loss_bbox_dn_1: 0.0300 (0.0300)  loss_bbox_dn_2: 0.0295 (0.0295)  loss_giou: 1.5337 (1.5337)  loss_giou_aux_0: 1.5900 (1.5900)  loss_giou_aux_1: 1.5496 (1.5496)  loss_giou_aux_2: 1.6773 (1.6773)  loss_giou_dn_0: 0.9227 (0.9227)  loss_giou_dn_1: 0.8584 (0.8584)  loss_giou_dn_2: 0.8508 (0.8508)  loss_vfl: 0.3309 (0.3309)  loss_vfl_aux_0: 0.3362 (0.3362)  loss_vfl_aux_1: 0.3351 (0.3351)  loss_vfl_aux_2: 0.3113 (0.3113)  loss_vfl_dn_0: 0.4556 (0.4556)  loss_vfl_dn_1: 0.4468 (0.4468)  loss_vfl_dn_2: 0.4452 (0.4452)  time: 5.3213  data: 3.6809  max mem: 8872
Epoch: [39]  [100/809]  eta: 0:11:31  lr: 0.000100  loss: 10.0071 (10.3057)  loss_bbox: 0.0867 (0.1002)  loss_bbox_aux_0: 0.0871 (0.1060)  loss_bbox_aux_1: 0.0837 (0.1014)  loss_bbox_aux_2: 0.0979 (0.1211)  loss_bbox_dn_0: 0.0511 (0.0562)  loss_bbox_dn_1: 0.0418 (0.0462)  loss_bbox_dn_2: 0.0401 (0.0450)  loss_giou: 0.9615 (1.0136)  loss_giou_aux_0: 1.0046 (1.0448)  loss_giou_aux_1: 0.9773 (1.0224)  loss_giou_aux_2: 1.0458 (1.1164)  loss_giou_dn_0: 0.7809 (0.7921)  loss_giou_dn_1: 0.7011 (0.7065)  loss_giou_dn_2: 0.6937 (0.6966)  loss_vfl: 0.5068 (0.4910)  loss_vfl_aux_0: 0.5085 (0.4999)  loss_vfl_aux_1: 0.5023 (0.4957)  loss_vfl_aux_2: 0.5031 (0.4858)  loss_vfl_dn_0: 0.4725 (0.4722)  loss_vfl_dn_1: 0.4504 (0.4484)  loss_vfl_dn_2: 0.4462 (0.4442)  time: 0.9284  data: 0.0410  max mem: 8872
Epoch: [39]  [200/809]  eta: 0:09:44  lr: 0.000100  loss: 9.9374 (10.2924)  loss_bbox: 0.0758 (0.1010)  loss_bbox_aux_0: 0.0811 (0.1062)  loss_bbox_aux_1: 0.0777 (0.1022)  loss_bbox_aux_2: 0.0991 (0.1215)  loss_bbox_dn_0: 0.0579 (0.0584)  loss_bbox_dn_1: 0.0464 (0.0480)  loss_bbox_dn_2: 0.0459 (0.0467)  loss_giou: 0.8992 (1.0019)  loss_giou_aux_0: 0.9424 (1.0365)  loss_giou_aux_1: 0.9013 (1.0120)  loss_giou_aux_2: 1.0129 (1.1094)  loss_giou_dn_0: 0.7633 (0.7906)  loss_giou_dn_1: 0.6758 (0.7053)  loss_giou_dn_2: 0.6618 (0.6944)  loss_vfl: 0.5007 (0.4975)  loss_vfl_aux_0: 0.5073 (0.5050)  loss_vfl_aux_1: 0.5112 (0.5023)  loss_vfl_aux_2: 0.4934 (0.4895)  loss_vfl_dn_0: 0.4670 (0.4710)  loss_vfl_dn_1: 0.4502 (0.4486)  loss_vfl_dn_2: 0.4449 (0.4444)  time: 0.9766  data: 0.0419  max mem: 8872
Epoch: [39]  [300/809]  eta: 0:08:05  lr: 0.000100  loss: 9.9867 (10.2532)  loss_bbox: 0.0826 (0.0999)  loss_bbox_aux_0: 0.0886 (0.1059)  loss_bbox_aux_1: 0.0838 (0.1014)  loss_bbox_aux_2: 0.1047 (0.1212)  loss_bbox_dn_0: 0.0535 (0.0582)  loss_bbox_dn_1: 0.0437 (0.0479)  loss_bbox_dn_2: 0.0424 (0.0465)  loss_giou: 0.9181 (0.9953)  loss_giou_aux_0: 0.9515 (1.0303)  loss_giou_aux_1: 0.9189 (1.0048)  loss_giou_aux_2: 1.0276 (1.1022)  loss_giou_dn_0: 0.7815 (0.7878)  loss_giou_dn_1: 0.6747 (0.7023)  loss_giou_dn_2: 0.6625 (0.6911)  loss_vfl: 0.4733 (0.4977)  loss_vfl_aux_0: 0.4858 (0.5055)  loss_vfl_aux_1: 0.4780 (0.5027)  loss_vfl_aux_2: 0.5013 (0.4900)  loss_vfl_dn_0: 0.4662 (0.4707)  loss_vfl_dn_1: 0.4408 (0.4480)  loss_vfl_dn_2: 0.4373 (0.4437)  time: 0.9418  data: 0.0473  max mem: 8872
Epoch: [39]  [400/809]  eta: 0:06:26  lr: 0.000100  loss: 10.0243 (10.2273)  loss_bbox: 0.0842 (0.0990)  loss_bbox_aux_0: 0.0886 (0.1051)  loss_bbox_aux_1: 0.0840 (0.1005)  loss_bbox_aux_2: 0.1073 (0.1198)  loss_bbox_dn_0: 0.0509 (0.0573)  loss_bbox_dn_1: 0.0390 (0.0471)  loss_bbox_dn_2: 0.0382 (0.0458)  loss_giou: 0.9802 (0.9923)  loss_giou_aux_0: 1.0042 (1.0265)  loss_giou_aux_1: 0.9863 (1.0019)  loss_giou_aux_2: 1.1003 (1.0980)  loss_giou_dn_0: 0.7948 (0.7843)  loss_giou_dn_1: 0.7218 (0.6995)  loss_giou_dn_2: 0.7113 (0.6885)  loss_vfl: 0.4823 (0.4983)  loss_vfl_aux_0: 0.4756 (0.5060)  loss_vfl_aux_1: 0.4836 (0.5035)  loss_vfl_aux_2: 0.4562 (0.4904)  loss_vfl_dn_0: 0.4681 (0.4712)  loss_vfl_dn_1: 0.4427 (0.4483)  loss_vfl_dn_2: 0.4385 (0.4438)  time: 0.8957  data: 0.0359  max mem: 8872
Epoch: [39]  [500/809]  eta: 0:04:57  lr: 0.000100  loss: 10.5118 (10.1938)  loss_bbox: 0.0983 (0.0977)  loss_bbox_aux_0: 0.1011 (0.1037)  loss_bbox_aux_1: 0.1020 (0.0992)  loss_bbox_aux_2: 0.1114 (0.1180)  loss_bbox_dn_0: 0.0541 (0.0573)  loss_bbox_dn_1: 0.0467 (0.0471)  loss_bbox_dn_2: 0.0447 (0.0458)  loss_giou: 1.0345 (0.9846)  loss_giou_aux_0: 1.0777 (1.0187)  loss_giou_aux_1: 1.0518 (0.9944)  loss_giou_aux_2: 1.1620 (1.0898)  loss_giou_dn_0: 0.8051 (0.7821)  loss_giou_dn_1: 0.7247 (0.6973)  loss_giou_dn_2: 0.7153 (0.6862)  loss_vfl: 0.4901 (0.5005)  loss_vfl_aux_0: 0.4930 (0.5083)  loss_vfl_aux_1: 0.4895 (0.5055)  loss_vfl_aux_2: 0.4725 (0.4929)  loss_vfl_dn_0: 0.4727 (0.4720)  loss_vfl_dn_1: 0.4487 (0.4487)  loss_vfl_dn_2: 0.4430 (0.4440)  time: 0.9014  data: 0.0445  max mem: 8872
Epoch: [39]  [600/809]  eta: 0:03:20  lr: 0.000100  loss: 9.9713 (10.2008)  loss_bbox: 0.0762 (0.0979)  loss_bbox_aux_0: 0.0838 (0.1038)  loss_bbox_aux_1: 0.0779 (0.0994)  loss_bbox_aux_2: 0.0982 (0.1179)  loss_bbox_dn_0: 0.0530 (0.0572)  loss_bbox_dn_1: 0.0435 (0.0470)  loss_bbox_dn_2: 0.0421 (0.0457)  loss_giou: 0.9355 (0.9852)  loss_giou_aux_0: 0.9970 (1.0190)  loss_giou_aux_1: 0.9508 (0.9949)  loss_giou_aux_2: 1.0555 (1.0897)  loss_giou_dn_0: 0.7759 (0.7826)  loss_giou_dn_1: 0.6963 (0.6976)  loss_giou_dn_2: 0.6819 (0.6866)  loss_vfl: 0.5123 (0.5016)  loss_vfl_aux_0: 0.5088 (0.5094)  loss_vfl_aux_1: 0.5128 (0.5065)  loss_vfl_aux_2: 0.5032 (0.4940)  loss_vfl_dn_0: 0.4720 (0.4720)  loss_vfl_dn_1: 0.4489 (0.4486)  loss_vfl_dn_2: 0.4409 (0.4441)  time: 0.9561  data: 0.0425  max mem: 8872
Epoch: [39]  [700/809]  eta: 0:01:44  lr: 0.000100  loss: 10.2372 (10.2152)  loss_bbox: 0.0901 (0.0982)  loss_bbox_aux_0: 0.0956 (0.1043)  loss_bbox_aux_1: 0.0918 (0.0999)  loss_bbox_aux_2: 0.1145 (0.1187)  loss_bbox_dn_0: 0.0557 (0.0570)  loss_bbox_dn_1: 0.0444 (0.0469)  loss_bbox_dn_2: 0.0432 (0.0455)  loss_giou: 0.9971 (0.9883)  loss_giou_aux_0: 1.0515 (1.0228)  loss_giou_aux_1: 1.0154 (0.9979)  loss_giou_aux_2: 1.1184 (1.0933)  loss_giou_dn_0: 0.8138 (0.7835)  loss_giou_dn_1: 0.7266 (0.6984)  loss_giou_dn_2: 0.7106 (0.6873)  loss_vfl: 0.4789 (0.5011)  loss_vfl_aux_0: 0.4832 (0.5086)  loss_vfl_aux_1: 0.4823 (0.5060)  loss_vfl_aux_2: 0.4655 (0.4929)  loss_vfl_dn_0: 0.4678 (0.4720)  loss_vfl_dn_1: 0.4457 (0.4485)  loss_vfl_dn_2: 0.4432 (0.4440)  time: 0.9585  data: 0.0404  max mem: 8872
Epoch: [39]  [800/809]  eta: 0:00:08  lr: 0.000100  loss: 9.7082 (10.1969)  loss_bbox: 0.0813 (0.0968)  loss_bbox_aux_0: 0.0816 (0.1030)  loss_bbox_aux_1: 0.0784 (0.0985)  loss_bbox_aux_2: 0.0964 (0.1175)  loss_bbox_dn_0: 0.0518 (0.0568)  loss_bbox_dn_1: 0.0454 (0.0467)  loss_bbox_dn_2: 0.0448 (0.0453)  loss_giou: 0.8813 (0.9848)  loss_giou_aux_0: 0.8975 (1.0196)  loss_giou_aux_1: 0.8806 (0.9942)  loss_giou_aux_2: 0.9627 (1.0899)  loss_giou_dn_0: 0.7345 (0.7830)  loss_giou_dn_1: 0.6610 (0.6981)  loss_giou_dn_2: 0.6489 (0.6870)  loss_vfl: 0.5195 (0.5016)  loss_vfl_aux_0: 0.5404 (0.5094)  loss_vfl_aux_1: 0.5319 (0.5067)  loss_vfl_aux_2: 0.5292 (0.4937)  loss_vfl_dn_0: 0.4705 (0.4721)  loss_vfl_dn_1: 0.4460 (0.4484)  loss_vfl_dn_2: 0.4418 (0.4438)  time: 0.9258  data: 0.0386  max mem: 8872
Epoch: [39]  [808/809]  eta: 0:00:00  lr: 0.000100  loss: 9.7706 (10.1917)  loss_bbox: 0.0749 (0.0966)  loss_bbox_aux_0: 0.0773 (0.1027)  loss_bbox_aux_1: 0.0748 (0.0982)  loss_bbox_aux_2: 0.0875 (0.1172)  loss_bbox_dn_0: 0.0489 (0.0567)  loss_bbox_dn_1: 0.0419 (0.0466)  loss_bbox_dn_2: 0.0409 (0.0453)  loss_giou: 0.8874 (0.9837)  loss_giou_aux_0: 0.9202 (1.0185)  loss_giou_aux_1: 0.8884 (0.9931)  loss_giou_aux_2: 0.9925 (1.0887)  loss_giou_dn_0: 0.7411 (0.7827)  loss_giou_dn_1: 0.6610 (0.6978)  loss_giou_dn_2: 0.6489 (0.6867)  loss_vfl: 0.5264 (0.5019)  loss_vfl_aux_0: 0.5577 (0.5098)  loss_vfl_aux_1: 0.5397 (0.5070)  loss_vfl_aux_2: 0.5372 (0.4941)  loss_vfl_dn_0: 0.4741 (0.4722)  loss_vfl_dn_1: 0.4481 (0.4485)  loss_vfl_dn_2: 0.4418 (0.4439)  time: 0.7948  data: 0.0340  max mem: 8872
Epoch: [39] Total time: 0:12:47 (0.9482 s / it)
Averaged stats: lr: 0.000100  loss: 9.7706 (10.1917)  loss_bbox: 0.0749 (0.0966)  loss_bbox_aux_0: 0.0773 (0.1027)  loss_bbox_aux_1: 0.0748 (0.0982)  loss_bbox_aux_2: 0.0875 (0.1172)  loss_bbox_dn_0: 0.0489 (0.0567)  loss_bbox_dn_1: 0.0419 (0.0466)  loss_bbox_dn_2: 0.0409 (0.0453)  loss_giou: 0.8874 (0.9837)  loss_giou_aux_0: 0.9202 (1.0185)  loss_giou_aux_1: 0.8884 (0.9931)  loss_giou_aux_2: 0.9925 (1.0887)  loss_giou_dn_0: 0.7411 (0.7827)  loss_giou_dn_1: 0.6610 (0.6978)  loss_giou_dn_2: 0.6489 (0.6867)  loss_vfl: 0.5264 (0.5019)  loss_vfl_aux_0: 0.5577 (0.5098)  loss_vfl_aux_1: 0.5397 (0.5070)  loss_vfl_aux_2: 0.5372 (0.4941)  loss_vfl_dn_0: 0.4741 (0.4722)  loss_vfl_dn_1: 0.4481 (0.4485)  loss_vfl_dn_2: 0.4418 (0.4439)
Test:  [ 0/69]  eta: 0:01:28    time: 1.2833  data: 0.6999  max mem: 8872
Test:  [10/69]  eta: 0:00:40    time: 0.6900  data: 0.0813  max mem: 8872
Test:  [20/69]  eta: 0:00:34    time: 0.6808  data: 0.0639  max mem: 8872
Test:  [30/69]  eta: 0:00:26    time: 0.6660  data: 0.0652  max mem: 8872
Test:  [40/69]  eta: 0:00:18    time: 0.5849  data: 0.0220  max mem: 8872
Test:  [50/69]  eta: 0:00:11    time: 0.5514  data: 0.0225  max mem: 8872
Test:  [60/69]  eta: 0:00:05    time: 0.5285  data: 0.0228  max mem: 8872
Test:  [68/69]  eta: 0:00:00    time: 0.5380  data: 0.0211  max mem: 8872
Test: Total time: 0:00:41 (0.6063 s / it)
Averaged stats: 
Accumulating evaluation results...
DONE (t=1.99s).
IoU metric: bbox
 Average Precision  (AP) @[ IoU=0.50:0.95 | area=   all | maxDets=100 ] = 0.211
 Average Precision  (AP) @[ IoU=0.50      | area=   all | maxDets=100 ] = 0.351
 Average Precision  (AP) @[ IoU=0.75      | area=   all | maxDets=100 ] = 0.216
 Average Precision  (AP) @[ IoU=0.50:0.95 | area= small | maxDets=100 ] = 0.132
 Average Precision  (AP) @[ IoU=0.50:0.95 | area=medium | maxDets=100 ] = 0.301
 Average Precision  (AP) @[ IoU=0.50:0.95 | area= large | maxDets=100 ] = 0.376
 Average Recall     (AR) @[ IoU=0.50:0.95 | area=   all | maxDets=  1 ] = 0.095
 Average Recall     (AR) @[ IoU=0.50:0.95 | area=   all | maxDets= 10 ] = 0.271
 Average Recall     (AR) @[ IoU=0.50:0.95 | area=   all | maxDets=100 ] = 0.367
 Average Recall     (AR) @[ IoU=0.50:0.95 | area= small | maxDets=100 ] = 0.273
 Average Recall     (AR) @[ IoU=0.50:0.95 | area=medium | maxDets=100 ] = 0.486
 Average Recall     (AR) @[ IoU=0.50:0.95 | area= large | maxDets=100 ] = 0.606
best_stat:  {'epoch': 39, 'coco_eval_bbox': 0.21138056120636903}
Epoch: [40]  [  0/809]  eta: 1:16:06  lr: 0.000100  loss: 9.8511 (9.8511)  loss_bbox: 0.0758 (0.0758)  loss_bbox_aux_0: 0.0786 (0.0786)  loss_bbox_aux_1: 0.0777 (0.0777)  loss_bbox_aux_2: 0.0898 (0.0898)  loss_bbox_dn_0: 0.0461 (0.0461)  loss_bbox_dn_1: 0.0370 (0.0370)  loss_bbox_dn_2: 0.0355 (0.0355)  loss_giou: 1.0000 (1.0000)  loss_giou_aux_0: 1.0379 (1.0379)  loss_giou_aux_1: 1.0136 (1.0136)  loss_giou_aux_2: 1.0884 (1.0884)  loss_giou_dn_0: 0.8082 (0.8082)  loss_giou_dn_1: 0.7206 (0.7206)  loss_giou_dn_2: 0.7080 (0.7080)  loss_vfl: 0.4449 (0.4449)  loss_vfl_aux_0: 0.4413 (0.4413)  loss_vfl_aux_1: 0.4415 (0.4415)  loss_vfl_aux_2: 0.4273 (0.4273)  loss_vfl_dn_0: 0.4469 (0.4469)  loss_vfl_dn_1: 0.4187 (0.4187)  loss_vfl_dn_2: 0.4133 (0.4133)  time: 5.6447  data: 3.8466  max mem: 8872
Epoch: [40]  [100/809]  eta: 0:11:25  lr: 0.000100  loss: 10.1881 (9.9678)  loss_bbox: 0.0791 (0.0881)  loss_bbox_aux_0: 0.0905 (0.0936)  loss_bbox_aux_1: 0.0827 (0.0901)  loss_bbox_aux_2: 0.0998 (0.1085)  loss_bbox_dn_0: 0.0555 (0.0563)  loss_bbox_dn_1: 0.0470 (0.0461)  loss_bbox_dn_2: 0.0457 (0.0448)  loss_giou: 0.9321 (0.9463)  loss_giou_aux_0: 0.9751 (0.9779)  loss_giou_aux_1: 0.9442 (0.9533)  loss_giou_aux_2: 1.0602 (1.0530)  loss_giou_dn_0: 0.7389 (0.7705)  loss_giou_dn_1: 0.6531 (0.6845)  loss_giou_dn_2: 0.6413 (0.6739)  loss_vfl: 0.5072 (0.5070)  loss_vfl_aux_0: 0.5189 (0.5132)  loss_vfl_aux_1: 0.5123 (0.5106)  loss_vfl_aux_2: 0.4890 (0.4963)  loss_vfl_dn_0: 0.4706 (0.4696)  loss_vfl_dn_1: 0.4381 (0.4444)  loss_vfl_dn_2: 0.4366 (0.4396)  time: 0.9373  data: 0.0402  max mem: 8872
Epoch: [40]  [200/809]  eta: 0:09:37  lr: 0.000100  loss: 10.3358 (10.0838)  loss_bbox: 0.0880 (0.0915)  loss_bbox_aux_0: 0.0957 (0.0980)  loss_bbox_aux_1: 0.0885 (0.0935)  loss_bbox_aux_2: 0.1091 (0.1136)  loss_bbox_dn_0: 0.0502 (0.0561)  loss_bbox_dn_1: 0.0414 (0.0458)  loss_bbox_dn_2: 0.0411 (0.0445)  loss_giou: 1.0108 (0.9670)  loss_giou_aux_0: 1.0493 (1.0004)  loss_giou_aux_1: 1.0199 (0.9756)  loss_giou_aux_2: 1.1150 (1.0717)  loss_giou_dn_0: 0.8052 (0.7763)  loss_giou_dn_1: 0.7111 (0.6896)  loss_giou_dn_2: 0.6945 (0.6787)  loss_vfl: 0.5049 (0.5047)  loss_vfl_aux_0: 0.5144 (0.5107)  loss_vfl_aux_1: 0.5111 (0.5086)  loss_vfl_aux_2: 0.5133 (0.4953)  loss_vfl_dn_0: 0.4808 (0.4722)  loss_vfl_dn_1: 0.4524 (0.4476)  loss_vfl_dn_2: 0.4543 (0.4424)  time: 0.9485  data: 0.0366  max mem: 8872
Epoch: [40]  [300/809]  eta: 0:08:03  lr: 0.000100  loss: 10.0270 (10.0766)  loss_bbox: 0.0825 (0.0914)  loss_bbox_aux_0: 0.0860 (0.0976)  loss_bbox_aux_1: 0.0842 (0.0932)  loss_bbox_aux_2: 0.1036 (0.1131)  loss_bbox_dn_0: 0.0545 (0.0563)  loss_bbox_dn_1: 0.0452 (0.0460)  loss_bbox_dn_2: 0.0436 (0.0446)  loss_giou: 0.8774 (0.9640)  loss_giou_aux_0: 0.9188 (0.9981)  loss_giou_aux_1: 0.8876 (0.9721)  loss_giou_aux_2: 0.9810 (1.0681)  loss_giou_dn_0: 0.7486 (0.7756)  loss_giou_dn_1: 0.6558 (0.6893)  loss_giou_dn_2: 0.6392 (0.6783)  loss_vfl: 0.5212 (0.5055)  loss_vfl_aux_0: 0.5508 (0.5127)  loss_vfl_aux_1: 0.5265 (0.5103)  loss_vfl_aux_2: 0.5306 (0.4973)  loss_vfl_dn_0: 0.4744 (0.4725)  loss_vfl_dn_1: 0.4453 (0.4479)  loss_vfl_dn_2: 0.4396 (0.4427)  time: 0.9800  data: 0.0383  max mem: 8872
Epoch: [40]  [400/809]  eta: 0:06:27  lr: 0.000100  loss: 10.0164 (10.0881)  loss_bbox: 0.0787 (0.0906)  loss_bbox_aux_0: 0.0828 (0.0966)  loss_bbox_aux_1: 0.0800 (0.0925)  loss_bbox_aux_2: 0.0933 (0.1117)  loss_bbox_dn_0: 0.0507 (0.0558)  loss_bbox_dn_1: 0.0414 (0.0458)  loss_bbox_dn_2: 0.0400 (0.0445)  loss_giou: 0.9464 (0.9662)  loss_giou_aux_0: 0.9649 (1.0002)  loss_giou_aux_1: 0.9503 (0.9743)  loss_giou_aux_2: 1.0662 (1.0696)  loss_giou_dn_0: 0.7932 (0.7772)  loss_giou_dn_1: 0.7060 (0.6919)  loss_giou_dn_2: 0.6871 (0.6812)  loss_vfl: 0.4958 (0.5056)  loss_vfl_aux_0: 0.4993 (0.5134)  loss_vfl_aux_1: 0.5012 (0.5104)  loss_vfl_aux_2: 0.4830 (0.4972)  loss_vfl_dn_0: 0.4666 (0.4722)  loss_vfl_dn_1: 0.4436 (0.4480)  loss_vfl_dn_2: 0.4423 (0.4431)  time: 0.9654  data: 0.0445  max mem: 8872
Epoch: [40]  [500/809]  eta: 0:04:51  lr: 0.000100  loss: 10.0083 (10.0892)  loss_bbox: 0.0890 (0.0921)  loss_bbox_aux_0: 0.0965 (0.0978)  loss_bbox_aux_1: 0.0935 (0.0938)  loss_bbox_aux_2: 0.1161 (0.1127)  loss_bbox_dn_0: 0.0578 (0.0567)  loss_bbox_dn_1: 0.0482 (0.0466)  loss_bbox_dn_2: 0.0459 (0.0452)  loss_giou: 0.8872 (0.9631)  loss_giou_aux_0: 0.9584 (0.9969)  loss_giou_aux_1: 0.9056 (0.9716)  loss_giou_aux_2: 1.0240 (1.0665)  loss_giou_dn_0: 0.8067 (0.7770)  loss_giou_dn_1: 0.7135 (0.6921)  loss_giou_dn_2: 0.6962 (0.6813)  loss_vfl: 0.5026 (0.5068)  loss_vfl_aux_0: 0.5229 (0.5151)  loss_vfl_aux_1: 0.5061 (0.5119)  loss_vfl_aux_2: 0.5096 (0.4990)  loss_vfl_dn_0: 0.4714 (0.4724)  loss_vfl_dn_1: 0.4468 (0.4479)  loss_vfl_dn_2: 0.4404 (0.4430)  time: 0.8951  data: 0.0364  max mem: 8872
Epoch: [40]  [600/809]  eta: 0:03:16  lr: 0.000100  loss: 9.7597 (10.1139)  loss_bbox: 0.0765 (0.0940)  loss_bbox_aux_0: 0.0827 (0.0999)  loss_bbox_aux_1: 0.0786 (0.0957)  loss_bbox_aux_2: 0.0980 (0.1146)  loss_bbox_dn_0: 0.0534 (0.0566)  loss_bbox_dn_1: 0.0420 (0.0464)  loss_bbox_dn_2: 0.0407 (0.0450)  loss_giou: 0.8732 (0.9682)  loss_giou_aux_0: 0.9144 (1.0021)  loss_giou_aux_1: 0.8713 (0.9767)  loss_giou_aux_2: 0.9777 (1.0722)  loss_giou_dn_0: 0.7570 (0.7788)  loss_giou_dn_1: 0.6687 (0.6931)  loss_giou_dn_2: 0.6564 (0.6822)  loss_vfl: 0.5386 (0.5053)  loss_vfl_aux_0: 0.5437 (0.5133)  loss_vfl_aux_1: 0.5341 (0.5102)  loss_vfl_aux_2: 0.5214 (0.4970)  loss_vfl_dn_0: 0.4684 (0.4719)  loss_vfl_dn_1: 0.4355 (0.4478)  loss_vfl_dn_2: 0.4321 (0.4430)  time: 0.9236  data: 0.0385  max mem: 8872
Epoch: [40]  [700/809]  eta: 0:01:42  lr: 0.000100  loss: 10.1956 (10.1080)  loss_bbox: 0.0976 (0.0940)  loss_bbox_aux_0: 0.0998 (0.0996)  loss_bbox_aux_1: 0.0994 (0.0956)  loss_bbox_aux_2: 0.1116 (0.1141)  loss_bbox_dn_0: 0.0529 (0.0568)  loss_bbox_dn_1: 0.0431 (0.0466)  loss_bbox_dn_2: 0.0422 (0.0452)  loss_giou: 0.9488 (0.9663)  loss_giou_aux_0: 0.9937 (1.0006)  loss_giou_aux_1: 0.9528 (0.9747)  loss_giou_aux_2: 1.0721 (1.0710)  loss_giou_dn_0: 0.7797 (0.7775)  loss_giou_dn_1: 0.6979 (0.6919)  loss_giou_dn_2: 0.6839 (0.6810)  loss_vfl: 0.4895 (0.5063)  loss_vfl_aux_0: 0.4928 (0.5141)  loss_vfl_aux_1: 0.4944 (0.5110)  loss_vfl_aux_2: 0.4814 (0.4981)  loss_vfl_dn_0: 0.4684 (0.4722)  loss_vfl_dn_1: 0.4481 (0.4481)  loss_vfl_dn_2: 0.4401 (0.4434)  time: 0.9369  data: 0.0355  max mem: 8872
Epoch: [40]  [800/809]  eta: 0:00:08  lr: 0.000100  loss: 9.9469 (10.1229)  loss_bbox: 0.0870 (0.0949)  loss_bbox_aux_0: 0.0927 (0.1004)  loss_bbox_aux_1: 0.0909 (0.0965)  loss_bbox_aux_2: 0.1062 (0.1149)  loss_bbox_dn_0: 0.0542 (0.0568)  loss_bbox_dn_1: 0.0428 (0.0466)  loss_bbox_dn_2: 0.0408 (0.0452)  loss_giou: 0.9111 (0.9685)  loss_giou_aux_0: 0.9670 (1.0031)  loss_giou_aux_1: 0.9172 (0.9770)  loss_giou_aux_2: 1.0308 (1.0734)  loss_giou_dn_0: 0.7416 (0.7775)  loss_giou_dn_1: 0.6631 (0.6921)  loss_giou_dn_2: 0.6530 (0.6811)  loss_vfl: 0.5100 (0.5067)  loss_vfl_aux_0: 0.5045 (0.5143)  loss_vfl_aux_1: 0.5167 (0.5115)  loss_vfl_aux_2: 0.5054 (0.4980)  loss_vfl_dn_0: 0.4685 (0.4723)  loss_vfl_dn_1: 0.4477 (0.4484)  loss_vfl_dn_2: 0.4393 (0.4437)  time: 0.9323  data: 0.0332  max mem: 8872
Epoch: [40]  [808/809]  eta: 0:00:00  lr: 0.000100  loss: 9.8059 (10.1200)  loss_bbox: 0.0836 (0.0948)  loss_bbox_aux_0: 0.0833 (0.1004)  loss_bbox_aux_1: 0.0818 (0.0965)  loss_bbox_aux_2: 0.0987 (0.1148)  loss_bbox_dn_0: 0.0557 (0.0569)  loss_bbox_dn_1: 0.0450 (0.0467)  loss_bbox_dn_2: 0.0438 (0.0453)  loss_giou: 0.8896 (0.9676)  loss_giou_aux_0: 0.8988 (1.0022)  loss_giou_aux_1: 0.8795 (0.9760)  loss_giou_aux_2: 0.9746 (1.0725)  loss_giou_dn_0: 0.7560 (0.7774)  loss_giou_dn_1: 0.6584 (0.6919)  loss_giou_dn_2: 0.6524 (0.6810)  loss_vfl: 0.5437 (0.5070)  loss_vfl_aux_0: 0.5524 (0.5146)  loss_vfl_aux_1: 0.5549 (0.5119)  loss_vfl_aux_2: 0.5444 (0.4985)  loss_vfl_dn_0: 0.4659 (0.4723)  loss_vfl_dn_1: 0.4446 (0.4484)  loss_vfl_dn_2: 0.4374 (0.4436)  time: 0.7796  data: 0.0279  max mem: 8872
Epoch: [40] Total time: 0:12:37 (0.9359 s / it)
Averaged stats: lr: 0.000100  loss: 9.8059 (10.1200)  loss_bbox: 0.0836 (0.0948)  loss_bbox_aux_0: 0.0833 (0.1004)  loss_bbox_aux_1: 0.0818 (0.0965)  loss_bbox_aux_2: 0.0987 (0.1148)  loss_bbox_dn_0: 0.0557 (0.0569)  loss_bbox_dn_1: 0.0450 (0.0467)  loss_bbox_dn_2: 0.0438 (0.0453)  loss_giou: 0.8896 (0.9676)  loss_giou_aux_0: 0.8988 (1.0022)  loss_giou_aux_1: 0.8795 (0.9760)  loss_giou_aux_2: 0.9746 (1.0725)  loss_giou_dn_0: 0.7560 (0.7774)  loss_giou_dn_1: 0.6584 (0.6919)  loss_giou_dn_2: 0.6524 (0.6810)  loss_vfl: 0.5437 (0.5070)  loss_vfl_aux_0: 0.5524 (0.5146)  loss_vfl_aux_1: 0.5549 (0.5119)  loss_vfl_aux_2: 0.5444 (0.4985)  loss_vfl_dn_0: 0.4659 (0.4723)  loss_vfl_dn_1: 0.4446 (0.4484)  loss_vfl_dn_2: 0.4374 (0.4436)
Test:  [ 0/69]  eta: 0:01:37    time: 1.4063  data: 0.6266  max mem: 8872
Test:  [10/69]  eta: 0:00:41    time: 0.7044  data: 0.0744  max mem: 8872
Test:  [20/69]  eta: 0:00:33    time: 0.6452  data: 0.0200  max mem: 8872
Test:  [30/69]  eta: 0:00:26    time: 0.6673  data: 0.0205  max mem: 8872
Test:  [40/69]  eta: 0:00:19    time: 0.6337  data: 0.0211  max mem: 8872
Test:  [50/69]  eta: 0:00:11    time: 0.5537  data: 0.0222  max mem: 8872
Test:  [60/69]  eta: 0:00:05    time: 0.5177  data: 0.0221  max mem: 8872
Test:  [68/69]  eta: 0:00:00    time: 0.5435  data: 0.0216  max mem: 8872
Test: Total time: 0:00:42 (0.6102 s / it)
Averaged stats: 
Accumulating evaluation results...
DONE (t=2.01s).
IoU metric: bbox
 Average Precision  (AP) @[ IoU=0.50:0.95 | area=   all | maxDets=100 ] = 0.213
 Average Precision  (AP) @[ IoU=0.50      | area=   all | maxDets=100 ] = 0.353
 Average Precision  (AP) @[ IoU=0.75      | area=   all | maxDets=100 ] = 0.217
 Average Precision  (AP) @[ IoU=0.50:0.95 | area= small | maxDets=100 ] = 0.134
 Average Precision  (AP) @[ IoU=0.50:0.95 | area=medium | maxDets=100 ] = 0.302
 Average Precision  (AP) @[ IoU=0.50:0.95 | area= large | maxDets=100 ] = 0.379
 Average Recall     (AR) @[ IoU=0.50:0.95 | area=   all | maxDets=  1 ] = 0.096
 Average Recall     (AR) @[ IoU=0.50:0.95 | area=   all | maxDets= 10 ] = 0.273
 Average Recall     (AR) @[ IoU=0.50:0.95 | area=   all | maxDets=100 ] = 0.369
 Average Recall     (AR) @[ IoU=0.50:0.95 | area= small | maxDets=100 ] = 0.276
 Average Recall     (AR) @[ IoU=0.50:0.95 | area=medium | maxDets=100 ] = 0.488
 Average Recall     (AR) @[ IoU=0.50:0.95 | area= large | maxDets=100 ] = 0.614
best_stat:  {'epoch': 40, 'coco_eval_bbox': 0.2129207287189191}
Epoch: [41]  [  0/809]  eta: 1:21:20  lr: 0.000100  loss: 11.1490 (11.1490)  loss_bbox: 0.1127 (0.1127)  loss_bbox_aux_0: 0.1211 (0.1211)  loss_bbox_aux_1: 0.1147 (0.1147)  loss_bbox_aux_2: 0.1296 (0.1296)  loss_bbox_dn_0: 0.0485 (0.0485)  loss_bbox_dn_1: 0.0418 (0.0418)  loss_bbox_dn_2: 0.0411 (0.0411)  loss_giou: 1.2160 (1.2160)  loss_giou_aux_0: 1.2428 (1.2428)  loss_giou_aux_1: 1.2146 (1.2146)  loss_giou_aux_2: 1.2837 (1.2837)  loss_giou_dn_0: 0.8846 (0.8846)  loss_giou_dn_1: 0.8372 (0.8372)  loss_giou_dn_2: 0.8321 (0.8321)  loss_vfl: 0.4298 (0.4298)  loss_vfl_aux_0: 0.4164 (0.4164)  loss_vfl_aux_1: 0.4288 (0.4288)  loss_vfl_aux_2: 0.4058 (0.4058)  loss_vfl_dn_0: 0.4703 (0.4703)  loss_vfl_dn_1: 0.4404 (0.4404)  loss_vfl_dn_2: 0.4370 (0.4370)  time: 6.0323  data: 3.8362  max mem: 8872
Epoch: [41]  [100/809]  eta: 0:12:02  lr: 0.000100  loss: 10.3752 (10.2438)  loss_bbox: 0.0873 (0.0934)  loss_bbox_aux_0: 0.0911 (0.0986)  loss_bbox_aux_1: 0.0878 (0.0951)  loss_bbox_aux_2: 0.0992 (0.1126)  loss_bbox_dn_0: 0.0531 (0.0545)  loss_bbox_dn_1: 0.0468 (0.0450)  loss_bbox_dn_2: 0.0453 (0.0438)  loss_giou: 1.0051 (1.0085)  loss_giou_aux_0: 1.0278 (1.0435)  loss_giou_aux_1: 1.0236 (1.0169)  loss_giou_aux_2: 1.1261 (1.1132)  loss_giou_dn_0: 0.8121 (0.7901)  loss_giou_dn_1: 0.7240 (0.7073)  loss_giou_dn_2: 0.7167 (0.6971)  loss_vfl: 0.4954 (0.4922)  loss_vfl_aux_0: 0.4939 (0.4983)  loss_vfl_aux_1: 0.4960 (0.4954)  loss_vfl_aux_2: 0.4611 (0.4769)  loss_vfl_dn_0: 0.4680 (0.4699)  loss_vfl_dn_1: 0.4506 (0.4477)  loss_vfl_dn_2: 0.4487 (0.4439)  time: 0.9872  data: 0.0398  max mem: 8872
Epoch: [41]  [200/809]  eta: 0:10:00  lr: 0.000100  loss: 9.9475 (10.2197)  loss_bbox: 0.0882 (0.0929)  loss_bbox_aux_0: 0.0947 (0.0986)  loss_bbox_aux_1: 0.0973 (0.0949)  loss_bbox_aux_2: 0.1082 (0.1129)  loss_bbox_dn_0: 0.0488 (0.0552)  loss_bbox_dn_1: 0.0404 (0.0452)  loss_bbox_dn_2: 0.0391 (0.0439)  loss_giou: 0.9370 (0.9949)  loss_giou_aux_0: 0.9610 (1.0298)  loss_giou_aux_1: 0.9458 (1.0039)  loss_giou_aux_2: 1.0266 (1.0982)  loss_giou_dn_0: 0.7725 (0.7896)  loss_giou_dn_1: 0.7089 (0.7058)  loss_giou_dn_2: 0.6984 (0.6958)  loss_vfl: 0.4982 (0.4993)  loss_vfl_aux_0: 0.4990 (0.5052)  loss_vfl_aux_1: 0.5017 (0.5028)  loss_vfl_aux_2: 0.4955 (0.4864)  loss_vfl_dn_0: 0.4760 (0.4720)  loss_vfl_dn_1: 0.4504 (0.4484)  loss_vfl_dn_2: 0.4471 (0.4441)  time: 0.9242  data: 0.0394  max mem: 8872
Epoch: [41]  [300/809]  eta: 0:08:13  lr: 0.000100  loss: 10.5460 (10.1861)  loss_bbox: 0.0925 (0.0927)  loss_bbox_aux_0: 0.0979 (0.0980)  loss_bbox_aux_1: 0.0951 (0.0946)  loss_bbox_aux_2: 0.1100 (0.1116)  loss_bbox_dn_0: 0.0552 (0.0553)  loss_bbox_dn_1: 0.0445 (0.0454)  loss_bbox_dn_2: 0.0432 (0.0440)  loss_giou: 0.9861 (0.9858)  loss_giou_aux_0: 1.0140 (1.0204)  loss_giou_aux_1: 1.0060 (0.9944)  loss_giou_aux_2: 1.0937 (1.0884)  loss_giou_dn_0: 0.8112 (0.7876)  loss_giou_dn_1: 0.7018 (0.7032)  loss_giou_dn_2: 0.6968 (0.6929)  loss_vfl: 0.4867 (0.5020)  loss_vfl_aux_0: 0.4950 (0.5081)  loss_vfl_aux_1: 0.4927 (0.5053)  loss_vfl_aux_2: 0.4746 (0.4904)  loss_vfl_dn_0: 0.4666 (0.4722)  loss_vfl_dn_1: 0.4498 (0.4491)  loss_vfl_dn_2: 0.4441 (0.4448)  time: 0.9141  data: 0.0412  max mem: 8872
Epoch: [41]  [400/809]  eta: 0:06:33  lr: 0.000100  loss: 10.0933 (10.2061)  loss_bbox: 0.0885 (0.0949)  loss_bbox_aux_0: 0.0950 (0.1005)  loss_bbox_aux_1: 0.0908 (0.0967)  loss_bbox_aux_2: 0.1144 (0.1141)  loss_bbox_dn_0: 0.0527 (0.0558)  loss_bbox_dn_1: 0.0413 (0.0458)  loss_bbox_dn_2: 0.0403 (0.0444)  loss_giou: 0.9624 (0.9881)  loss_giou_aux_0: 1.0078 (1.0226)  loss_giou_aux_1: 0.9702 (0.9964)  loss_giou_aux_2: 1.1005 (1.0918)  loss_giou_dn_0: 0.7783 (0.7864)  loss_giou_dn_1: 0.6834 (0.7013)  loss_giou_dn_2: 0.6749 (0.6908)  loss_vfl: 0.4731 (0.5025)  loss_vfl_aux_0: 0.4938 (0.5093)  loss_vfl_aux_1: 0.4764 (0.5064)  loss_vfl_aux_2: 0.4753 (0.4915)  loss_vfl_dn_0: 0.4709 (0.4725)  loss_vfl_dn_1: 0.4475 (0.4494)  loss_vfl_dn_2: 0.4414 (0.4449)  time: 0.9722  data: 0.0374  max mem: 8872
Epoch: [41]  [500/809]  eta: 0:04:56  lr: 0.000100  loss: 9.9923 (10.1950)  loss_bbox: 0.0836 (0.0948)  loss_bbox_aux_0: 0.0925 (0.1006)  loss_bbox_aux_1: 0.0852 (0.0966)  loss_bbox_aux_2: 0.1050 (0.1143)  loss_bbox_dn_0: 0.0503 (0.0561)  loss_bbox_dn_1: 0.0411 (0.0460)  loss_bbox_dn_2: 0.0409 (0.0446)  loss_giou: 0.9288 (0.9847)  loss_giou_aux_0: 0.9708 (1.0196)  loss_giou_aux_1: 0.9347 (0.9926)  loss_giou_aux_2: 1.0352 (1.0901)  loss_giou_dn_0: 0.7722 (0.7861)  loss_giou_dn_1: 0.6988 (0.7009)  loss_giou_dn_2: 0.6857 (0.6902)  loss_vfl: 0.5237 (0.5030)  loss_vfl_aux_0: 0.5228 (0.5094)  loss_vfl_aux_1: 0.5160 (0.5071)  loss_vfl_aux_2: 0.4989 (0.4918)  loss_vfl_dn_0: 0.4655 (0.4724)  loss_vfl_dn_1: 0.4436 (0.4492)  loss_vfl_dn_2: 0.4438 (0.4448)  time: 0.9895  data: 0.0437  max mem: 8872
Epoch: [41]  [600/809]  eta: 0:03:19  lr: 0.000100  loss: 10.2732 (10.1834)  loss_bbox: 0.0883 (0.0944)  loss_bbox_aux_0: 0.0986 (0.1002)  loss_bbox_aux_1: 0.0946 (0.0962)  loss_bbox_aux_2: 0.1068 (0.1139)  loss_bbox_dn_0: 0.0540 (0.0561)  loss_bbox_dn_1: 0.0433 (0.0460)  loss_bbox_dn_2: 0.0420 (0.0446)  loss_giou: 0.9919 (0.9826)  loss_giou_aux_0: 1.0283 (1.0171)  loss_giou_aux_1: 1.0089 (0.9904)  loss_giou_aux_2: 1.0708 (1.0874)  loss_giou_dn_0: 0.7903 (0.7843)  loss_giou_dn_1: 0.6904 (0.6993)  loss_giou_dn_2: 0.6774 (0.6886)  loss_vfl: 0.4718 (0.5039)  loss_vfl_aux_0: 0.4786 (0.5107)  loss_vfl_aux_1: 0.4911 (0.5082)  loss_vfl_aux_2: 0.4637 (0.4930)  loss_vfl_dn_0: 0.4661 (0.4725)  loss_vfl_dn_1: 0.4465 (0.4492)  loss_vfl_dn_2: 0.4444 (0.4448)  time: 0.9526  data: 0.0413  max mem: 8872
Epoch: [41]  [700/809]  eta: 0:01:43  lr: 0.000100  loss: 9.8628 (10.1447)  loss_bbox: 0.0812 (0.0940)  loss_bbox_aux_0: 0.0843 (0.0999)  loss_bbox_aux_1: 0.0842 (0.0959)  loss_bbox_aux_2: 0.1011 (0.1136)  loss_bbox_dn_0: 0.0553 (0.0562)  loss_bbox_dn_1: 0.0454 (0.0459)  loss_bbox_dn_2: 0.0443 (0.0445)  loss_giou: 0.8931 (0.9764)  loss_giou_aux_0: 0.9343 (1.0107)  loss_giou_aux_1: 0.8988 (0.9839)  loss_giou_aux_2: 0.9948 (1.0811)  loss_giou_dn_0: 0.7508 (0.7814)  loss_giou_dn_1: 0.6632 (0.6954)  loss_giou_dn_2: 0.6496 (0.6846)  loss_vfl: 0.5184 (0.5033)  loss_vfl_aux_0: 0.5361 (0.5106)  loss_vfl_aux_1: 0.5354 (0.5078)  loss_vfl_aux_2: 0.5090 (0.4936)  loss_vfl_dn_0: 0.4801 (0.4724)  loss_vfl_dn_1: 0.4528 (0.4490)  loss_vfl_dn_2: 0.4500 (0.4445)  time: 0.9009  data: 0.0345  max mem: 8872
Epoch: [41]  [800/809]  eta: 0:00:08  lr: 0.000100  loss: 9.7585 (10.1501)  loss_bbox: 0.0900 (0.0941)  loss_bbox_aux_0: 0.0941 (0.0999)  loss_bbox_aux_1: 0.0914 (0.0960)  loss_bbox_aux_2: 0.1053 (0.1137)  loss_bbox_dn_0: 0.0581 (0.0562)  loss_bbox_dn_1: 0.0488 (0.0460)  loss_bbox_dn_2: 0.0469 (0.0446)  loss_giou: 0.9120 (0.9767)  loss_giou_aux_0: 0.9341 (1.0110)  loss_giou_aux_1: 0.9152 (0.9841)  loss_giou_aux_2: 1.0416 (1.0820)  loss_giou_dn_0: 0.7492 (0.7815)  loss_giou_dn_1: 0.6601 (0.6956)  loss_giou_dn_2: 0.6594 (0.6847)  loss_vfl: 0.5101 (0.5040)  loss_vfl_aux_0: 0.5229 (0.5114)  loss_vfl_aux_1: 0.5127 (0.5085)  loss_vfl_aux_2: 0.5054 (0.4939)  loss_vfl_dn_0: 0.4745 (0.4724)  loss_vfl_dn_1: 0.4484 (0.4491)  loss_vfl_dn_2: 0.4402 (0.4446)  time: 0.9616  data: 0.0468  max mem: 8872
Epoch: [41]  [808/809]  eta: 0:00:00  lr: 0.000100  loss: 10.0138 (10.1481)  loss_bbox: 0.0860 (0.0942)  loss_bbox_aux_0: 0.0916 (0.0999)  loss_bbox_aux_1: 0.0879 (0.0960)  loss_bbox_aux_2: 0.1045 (0.1138)  loss_bbox_dn_0: 0.0544 (0.0562)  loss_bbox_dn_1: 0.0457 (0.0460)  loss_bbox_dn_2: 0.0443 (0.0446)  loss_giou: 0.9774 (0.9764)  loss_giou_aux_0: 1.0134 (1.0107)  loss_giou_aux_1: 0.9995 (0.9838)  loss_giou_aux_2: 1.0563 (1.0816)  loss_giou_dn_0: 0.7674 (0.7812)  loss_giou_dn_1: 0.6844 (0.6954)  loss_giou_dn_2: 0.6825 (0.6845)  loss_vfl: 0.5010 (0.5039)  loss_vfl_aux_0: 0.4956 (0.5113)  loss_vfl_aux_1: 0.5009 (0.5084)  loss_vfl_aux_2: 0.4917 (0.4939)  loss_vfl_dn_0: 0.4727 (0.4724)  loss_vfl_dn_1: 0.4426 (0.4490)  loss_vfl_dn_2: 0.4364 (0.4446)  time: 0.8221  data: 0.0377  max mem: 8872
Epoch: [41] Total time: 0:12:45 (0.9463 s / it)
Averaged stats: lr: 0.000100  loss: 10.0138 (10.1481)  loss_bbox: 0.0860 (0.0942)  loss_bbox_aux_0: 0.0916 (0.0999)  loss_bbox_aux_1: 0.0879 (0.0960)  loss_bbox_aux_2: 0.1045 (0.1138)  loss_bbox_dn_0: 0.0544 (0.0562)  loss_bbox_dn_1: 0.0457 (0.0460)  loss_bbox_dn_2: 0.0443 (0.0446)  loss_giou: 0.9774 (0.9764)  loss_giou_aux_0: 1.0134 (1.0107)  loss_giou_aux_1: 0.9995 (0.9838)  loss_giou_aux_2: 1.0563 (1.0816)  loss_giou_dn_0: 0.7674 (0.7812)  loss_giou_dn_1: 0.6844 (0.6954)  loss_giou_dn_2: 0.6825 (0.6845)  loss_vfl: 0.5010 (0.5039)  loss_vfl_aux_0: 0.4956 (0.5113)  loss_vfl_aux_1: 0.5009 (0.5084)  loss_vfl_aux_2: 0.4917 (0.4939)  loss_vfl_dn_0: 0.4727 (0.4724)  loss_vfl_dn_1: 0.4426 (0.4490)  loss_vfl_dn_2: 0.4364 (0.4446)
Test:  [ 0/69]  eta: 0:01:28    time: 1.2829  data: 0.7007  max mem: 8872
Test:  [10/69]  eta: 0:00:41    time: 0.6973  data: 0.0800  max mem: 8872
Test:  [20/69]  eta: 0:00:33    time: 0.6459  data: 0.0192  max mem: 8872
Test:  [30/69]  eta: 0:00:25    time: 0.6230  data: 0.0209  max mem: 8872
Test:  [40/69]  eta: 0:00:18    time: 0.6311  data: 0.0212  max mem: 8872
Test:  [50/69]  eta: 0:00:11    time: 0.5932  data: 0.0217  max mem: 8872
Test:  [60/69]  eta: 0:00:05    time: 0.5300  data: 0.0223  max mem: 8872
Test:  [68/69]  eta: 0:00:00    time: 0.5502  data: 0.0211  max mem: 8872
Test: Total time: 0:00:42 (0.6097 s / it)
Averaged stats: 
Accumulating evaluation results...
DONE (t=1.97s).
IoU metric: bbox
 Average Precision  (AP) @[ IoU=0.50:0.95 | area=   all | maxDets=100 ] = 0.214
 Average Precision  (AP) @[ IoU=0.50      | area=   all | maxDets=100 ] = 0.354
 Average Precision  (AP) @[ IoU=0.75      | area=   all | maxDets=100 ] = 0.218
 Average Precision  (AP) @[ IoU=0.50:0.95 | area= small | maxDets=100 ] = 0.134
 Average Precision  (AP) @[ IoU=0.50:0.95 | area=medium | maxDets=100 ] = 0.304
 Average Precision  (AP) @[ IoU=0.50:0.95 | area= large | maxDets=100 ] = 0.384
 Average Recall     (AR) @[ IoU=0.50:0.95 | area=   all | maxDets=  1 ] = 0.097
 Average Recall     (AR) @[ IoU=0.50:0.95 | area=   all | maxDets= 10 ] = 0.273
 Average Recall     (AR) @[ IoU=0.50:0.95 | area=   all | maxDets=100 ] = 0.370
 Average Recall     (AR) @[ IoU=0.50:0.95 | area= small | maxDets=100 ] = 0.276
 Average Recall     (AR) @[ IoU=0.50:0.95 | area=medium | maxDets=100 ] = 0.489
 Average Recall     (AR) @[ IoU=0.50:0.95 | area= large | maxDets=100 ] = 0.593
best_stat:  {'epoch': 41, 'coco_eval_bbox': 0.2140909949983978}
Epoch: [42]  [  0/809]  eta: 1:28:04  lr: 0.000100  loss: 11.2240 (11.2240)  loss_bbox: 0.1722 (0.1722)  loss_bbox_aux_0: 0.1805 (0.1805)  loss_bbox_aux_1: 0.1729 (0.1729)  loss_bbox_aux_2: 0.1871 (0.1871)  loss_bbox_dn_0: 0.0414 (0.0414)  loss_bbox_dn_1: 0.0320 (0.0320)  loss_bbox_dn_2: 0.0306 (0.0306)  loss_giou: 1.2859 (1.2859)  loss_giou_aux_0: 1.3226 (1.3226)  loss_giou_aux_1: 1.2979 (1.2979)  loss_giou_aux_2: 1.3779 (1.3779)  loss_giou_dn_0: 0.8260 (0.8260)  loss_giou_dn_1: 0.7317 (0.7317)  loss_giou_dn_2: 0.7258 (0.7258)  loss_vfl: 0.3773 (0.3773)  loss_vfl_aux_0: 0.3679 (0.3679)  loss_vfl_aux_1: 0.3777 (0.3777)  loss_vfl_aux_2: 0.3605 (0.3605)  loss_vfl_dn_0: 0.4622 (0.4622)  loss_vfl_dn_1: 0.4481 (0.4481)  loss_vfl_dn_2: 0.4458 (0.4458)  time: 6.5320  data: 3.3690  max mem: 8872
Epoch: [42]  [100/809]  eta: 0:11:39  lr: 0.000100  loss: 10.3919 (10.1633)  loss_bbox: 0.0899 (0.0950)  loss_bbox_aux_0: 0.0960 (0.1010)  loss_bbox_aux_1: 0.0915 (0.0966)  loss_bbox_aux_2: 0.1098 (0.1135)  loss_bbox_dn_0: 0.0590 (0.0577)  loss_bbox_dn_1: 0.0487 (0.0473)  loss_bbox_dn_2: 0.0462 (0.0459)  loss_giou: 0.9918 (0.9667)  loss_giou_aux_0: 1.0197 (1.0016)  loss_giou_aux_1: 1.0160 (0.9749)  loss_giou_aux_2: 1.0865 (1.0697)  loss_giou_dn_0: 0.8072 (0.7835)  loss_giou_dn_1: 0.7169 (0.6985)  loss_giou_dn_2: 0.7136 (0.6875)  loss_vfl: 0.4825 (0.5145)  loss_vfl_aux_0: 0.4962 (0.5207)  loss_vfl_aux_1: 0.4863 (0.5183)  loss_vfl_aux_2: 0.4863 (0.5018)  loss_vfl_dn_0: 0.4650 (0.4742)  loss_vfl_dn_1: 0.4484 (0.4492)  loss_vfl_dn_2: 0.4443 (0.4452)  time: 0.9392  data: 0.0420  max mem: 8872
Epoch: [42]  [200/809]  eta: 0:09:43  lr: 0.000100  loss: 10.1314 (10.0350)  loss_bbox: 0.0850 (0.0901)  loss_bbox_aux_0: 0.0886 (0.0957)  loss_bbox_aux_1: 0.0858 (0.0916)  loss_bbox_aux_2: 0.1004 (0.1086)  loss_bbox_dn_0: 0.0526 (0.0570)  loss_bbox_dn_1: 0.0447 (0.0464)  loss_bbox_dn_2: 0.0436 (0.0451)  loss_giou: 0.9901 (0.9472)  loss_giou_aux_0: 1.0205 (0.9818)  loss_giou_aux_1: 0.9955 (0.9555)  loss_giou_aux_2: 1.0915 (1.0522)  loss_giou_dn_0: 0.7768 (0.7763)  loss_giou_dn_1: 0.6879 (0.6914)  loss_giou_dn_2: 0.6807 (0.6806)  loss_vfl: 0.4784 (0.5120)  loss_vfl_aux_0: 0.4869 (0.5193)  loss_vfl_aux_1: 0.4862 (0.5170)  loss_vfl_aux_2: 0.4735 (0.5019)  loss_vfl_dn_0: 0.4668 (0.4731)  loss_vfl_dn_1: 0.4388 (0.4484)  loss_vfl_dn_2: 0.4350 (0.4439)  time: 0.9288  data: 0.0364  max mem: 8872
Epoch: [42]  [300/809]  eta: 0:08:01  lr: 0.000100  loss: 9.7304 (10.0635)  loss_bbox: 0.0703 (0.0903)  loss_bbox_aux_0: 0.0751 (0.0962)  loss_bbox_aux_1: 0.0732 (0.0920)  loss_bbox_aux_2: 0.0965 (0.1096)  loss_bbox_dn_0: 0.0568 (0.0573)  loss_bbox_dn_1: 0.0452 (0.0468)  loss_bbox_dn_2: 0.0432 (0.0454)  loss_giou: 0.8226 (0.9525)  loss_giou_aux_0: 0.8721 (0.9889)  loss_giou_aux_1: 0.8278 (0.9606)  loss_giou_aux_2: 0.9285 (1.0587)  loss_giou_dn_0: 0.7454 (0.7773)  loss_giou_dn_1: 0.6655 (0.6915)  loss_giou_dn_2: 0.6538 (0.6805)  loss_vfl: 0.5305 (0.5122)  loss_vfl_aux_0: 0.5426 (0.5188)  loss_vfl_aux_1: 0.5419 (0.5170)  loss_vfl_aux_2: 0.5320 (0.5015)  loss_vfl_dn_0: 0.4789 (0.4734)  loss_vfl_dn_1: 0.4504 (0.4488)  loss_vfl_dn_2: 0.4419 (0.4442)  time: 0.8852  data: 0.0344  max mem: 8872
Epoch: [42]  [400/809]  eta: 0:06:25  lr: 0.000100  loss: 9.9255 (10.1510)  loss_bbox: 0.0816 (0.0939)  loss_bbox_aux_0: 0.0852 (0.0999)  loss_bbox_aux_1: 0.0833 (0.0957)  loss_bbox_aux_2: 0.0963 (0.1134)  loss_bbox_dn_0: 0.0517 (0.0566)  loss_bbox_dn_1: 0.0425 (0.0461)  loss_bbox_dn_2: 0.0417 (0.0447)  loss_giou: 0.9423 (0.9752)  loss_giou_aux_0: 0.9731 (1.0123)  loss_giou_aux_1: 0.9566 (0.9832)  loss_giou_aux_2: 1.0654 (1.0820)  loss_giou_dn_0: 0.7800 (0.7838)  loss_giou_dn_1: 0.6815 (0.6969)  loss_giou_dn_2: 0.6790 (0.6858)  loss_vfl: 0.4816 (0.5036)  loss_vfl_aux_0: 0.4852 (0.5109)  loss_vfl_aux_1: 0.4880 (0.5084)  loss_vfl_aux_2: 0.4779 (0.4938)  loss_vfl_dn_0: 0.4723 (0.4724)  loss_vfl_dn_1: 0.4421 (0.4485)  loss_vfl_dn_2: 0.4421 (0.4440)  time: 0.9696  data: 0.0369  max mem: 8872
Epoch: [42]  [500/809]  eta: 0:04:49  lr: 0.000100  loss: 9.6202 (10.1159)  loss_bbox: 0.0756 (0.0929)  loss_bbox_aux_0: 0.0850 (0.0989)  loss_bbox_aux_1: 0.0808 (0.0947)  loss_bbox_aux_2: 0.0967 (0.1124)  loss_bbox_dn_0: 0.0540 (0.0566)  loss_bbox_dn_1: 0.0450 (0.0461)  loss_bbox_dn_2: 0.0432 (0.0447)  loss_giou: 0.8235 (0.9683)  loss_giou_aux_0: 0.8485 (1.0044)  loss_giou_aux_1: 0.8307 (0.9757)  loss_giou_aux_2: 0.8998 (1.0751)  loss_giou_dn_0: 0.7289 (0.7801)  loss_giou_dn_1: 0.6446 (0.6930)  loss_giou_dn_2: 0.6290 (0.6818)  loss_vfl: 0.5308 (0.5060)  loss_vfl_aux_0: 0.5470 (0.5138)  loss_vfl_aux_1: 0.5496 (0.5110)  loss_vfl_aux_2: 0.5337 (0.4967)  loss_vfl_dn_0: 0.4750 (0.4723)  loss_vfl_dn_1: 0.4457 (0.4479)  loss_vfl_dn_2: 0.4431 (0.4435)  time: 0.9428  data: 0.0424  max mem: 8872
Epoch: [42]  [600/809]  eta: 0:03:15  lr: 0.000100  loss: 9.8306 (10.1038)  loss_bbox: 0.0761 (0.0929)  loss_bbox_aux_0: 0.0800 (0.0987)  loss_bbox_aux_1: 0.0768 (0.0946)  loss_bbox_aux_2: 0.0933 (0.1121)  loss_bbox_dn_0: 0.0504 (0.0565)  loss_bbox_dn_1: 0.0406 (0.0460)  loss_bbox_dn_2: 0.0395 (0.0447)  loss_giou: 0.8791 (0.9665)  loss_giou_aux_0: 0.9187 (1.0025)  loss_giou_aux_1: 0.8936 (0.9738)  loss_giou_aux_2: 0.9899 (1.0734)  loss_giou_dn_0: 0.7610 (0.7781)  loss_giou_dn_1: 0.6686 (0.6914)  loss_giou_dn_2: 0.6621 (0.6803)  loss_vfl: 0.5106 (0.5064)  loss_vfl_aux_0: 0.5309 (0.5140)  loss_vfl_aux_1: 0.5182 (0.5112)  loss_vfl_aux_2: 0.5126 (0.4967)  loss_vfl_dn_0: 0.4794 (0.4725)  loss_vfl_dn_1: 0.4512 (0.4479)  loss_vfl_dn_2: 0.4464 (0.4435)  time: 0.9255  data: 0.0333  max mem: 8872
Epoch: [42]  [700/809]  eta: 0:01:42  lr: 0.000100  loss: 10.4114 (10.1082)  loss_bbox: 0.0878 (0.0924)  loss_bbox_aux_0: 0.0936 (0.0981)  loss_bbox_aux_1: 0.0924 (0.0941)  loss_bbox_aux_2: 0.1102 (0.1116)  loss_bbox_dn_0: 0.0495 (0.0564)  loss_bbox_dn_1: 0.0411 (0.0461)  loss_bbox_dn_2: 0.0401 (0.0447)  loss_giou: 1.0776 (0.9680)  loss_giou_aux_0: 1.0859 (1.0038)  loss_giou_aux_1: 1.0792 (0.9753)  loss_giou_aux_2: 1.1694 (1.0741)  loss_giou_dn_0: 0.8161 (0.7790)  loss_giou_dn_1: 0.7234 (0.6927)  loss_giou_dn_2: 0.7192 (0.6816)  loss_vfl: 0.5031 (0.5060)  loss_vfl_aux_0: 0.4927 (0.5134)  loss_vfl_aux_1: 0.5037 (0.5108)  loss_vfl_aux_2: 0.4586 (0.4962)  loss_vfl_dn_0: 0.4689 (0.4724)  loss_vfl_dn_1: 0.4397 (0.4479)  loss_vfl_dn_2: 0.4333 (0.4435)  time: 0.9765  data: 0.0387  max mem: 8872
Epoch: [42]  [800/809]  eta: 0:00:08  lr: 0.000100  loss: 10.0115 (10.0969)  loss_bbox: 0.0807 (0.0915)  loss_bbox_aux_0: 0.0870 (0.0971)  loss_bbox_aux_1: 0.0818 (0.0932)  loss_bbox_aux_2: 0.1030 (0.1107)  loss_bbox_dn_0: 0.0525 (0.0563)  loss_bbox_dn_1: 0.0426 (0.0460)  loss_bbox_dn_2: 0.0417 (0.0446)  loss_giou: 0.9781 (0.9653)  loss_giou_aux_0: 1.0109 (1.0015)  loss_giou_aux_1: 0.9775 (0.9728)  loss_giou_aux_2: 1.0760 (1.0716)  loss_giou_dn_0: 0.7611 (0.7785)  loss_giou_dn_1: 0.6726 (0.6919)  loss_giou_dn_2: 0.6616 (0.6808)  loss_vfl: 0.5002 (0.5075)  loss_vfl_aux_0: 0.4994 (0.5146)  loss_vfl_aux_1: 0.4958 (0.5121)  loss_vfl_aux_2: 0.4825 (0.4973)  loss_vfl_dn_0: 0.4691 (0.4725)  loss_vfl_dn_1: 0.4487 (0.4480)  loss_vfl_dn_2: 0.4462 (0.4434)  time: 0.9156  data: 0.0392  max mem: 8872
Epoch: [42]  [808/809]  eta: 0:00:00  lr: 0.000100  loss: 10.0966 (10.1018)  loss_bbox: 0.0795 (0.0918)  loss_bbox_aux_0: 0.0846 (0.0974)  loss_bbox_aux_1: 0.0810 (0.0934)  loss_bbox_aux_2: 0.1030 (0.1110)  loss_bbox_dn_0: 0.0545 (0.0564)  loss_bbox_dn_1: 0.0440 (0.0460)  loss_bbox_dn_2: 0.0430 (0.0447)  loss_giou: 0.9669 (0.9661)  loss_giou_aux_0: 0.9982 (1.0024)  loss_giou_aux_1: 0.9714 (0.9736)  loss_giou_aux_2: 1.0765 (1.0725)  loss_giou_dn_0: 0.7744 (0.7789)  loss_giou_dn_1: 0.6902 (0.6922)  loss_giou_dn_2: 0.6732 (0.6811)  loss_vfl: 0.5005 (0.5072)  loss_vfl_aux_0: 0.5208 (0.5144)  loss_vfl_aux_1: 0.5149 (0.5119)  loss_vfl_aux_2: 0.4869 (0.4971)  loss_vfl_dn_0: 0.4691 (0.4724)  loss_vfl_dn_1: 0.4520 (0.4480)  loss_vfl_dn_2: 0.4484 (0.4434)  time: 0.7813  data: 0.0318  max mem: 8872
Epoch: [42] Total time: 0:12:34 (0.9332 s / it)
Averaged stats: lr: 0.000100  loss: 10.0966 (10.1018)  loss_bbox: 0.0795 (0.0918)  loss_bbox_aux_0: 0.0846 (0.0974)  loss_bbox_aux_1: 0.0810 (0.0934)  loss_bbox_aux_2: 0.1030 (0.1110)  loss_bbox_dn_0: 0.0545 (0.0564)  loss_bbox_dn_1: 0.0440 (0.0460)  loss_bbox_dn_2: 0.0430 (0.0447)  loss_giou: 0.9669 (0.9661)  loss_giou_aux_0: 0.9982 (1.0024)  loss_giou_aux_1: 0.9714 (0.9736)  loss_giou_aux_2: 1.0765 (1.0725)  loss_giou_dn_0: 0.7744 (0.7789)  loss_giou_dn_1: 0.6902 (0.6922)  loss_giou_dn_2: 0.6732 (0.6811)  loss_vfl: 0.5005 (0.5072)  loss_vfl_aux_0: 0.5208 (0.5144)  loss_vfl_aux_1: 0.5149 (0.5119)  loss_vfl_aux_2: 0.4869 (0.4971)  loss_vfl_dn_0: 0.4691 (0.4724)  loss_vfl_dn_1: 0.4520 (0.4480)  loss_vfl_dn_2: 0.4484 (0.4434)
Test:  [ 0/69]  eta: 0:01:42    time: 1.4875  data: 0.8848  max mem: 8872
Test:  [10/69]  eta: 0:00:41    time: 0.7113  data: 0.0992  max mem: 8872
Test:  [20/69]  eta: 0:00:34    time: 0.6598  data: 0.0206  max mem: 8872
Test:  [30/69]  eta: 0:00:25    time: 0.6405  data: 0.0208  max mem: 8872
Test:  [40/69]  eta: 0:00:18    time: 0.5832  data: 0.0219  max mem: 8872
Test:  [50/69]  eta: 0:00:12    time: 0.6031  data: 0.0684  max mem: 8872
Test:  [60/69]  eta: 0:00:05    time: 0.5832  data: 0.0675  max mem: 8872
Test:  [68/69]  eta: 0:00:00    time: 0.5527  data: 0.0206  max mem: 8872
Test: Total time: 0:00:42 (0.6200 s / it)
Averaged stats: 
Accumulating evaluation results...
DONE (t=1.95s).
IoU metric: bbox
 Average Precision  (AP) @[ IoU=0.50:0.95 | area=   all | maxDets=100 ] = 0.215
 Average Precision  (AP) @[ IoU=0.50      | area=   all | maxDets=100 ] = 0.356
 Average Precision  (AP) @[ IoU=0.75      | area=   all | maxDets=100 ] = 0.220
 Average Precision  (AP) @[ IoU=0.50:0.95 | area= small | maxDets=100 ] = 0.136
 Average Precision  (AP) @[ IoU=0.50:0.95 | area=medium | maxDets=100 ] = 0.306
 Average Precision  (AP) @[ IoU=0.50:0.95 | area= large | maxDets=100 ] = 0.382
 Average Recall     (AR) @[ IoU=0.50:0.95 | area=   all | maxDets=  1 ] = 0.097
 Average Recall     (AR) @[ IoU=0.50:0.95 | area=   all | maxDets= 10 ] = 0.275
 Average Recall     (AR) @[ IoU=0.50:0.95 | area=   all | maxDets=100 ] = 0.371
 Average Recall     (AR) @[ IoU=0.50:0.95 | area= small | maxDets=100 ] = 0.276
 Average Recall     (AR) @[ IoU=0.50:0.95 | area=medium | maxDets=100 ] = 0.492
 Average Recall     (AR) @[ IoU=0.50:0.95 | area= large | maxDets=100 ] = 0.612
best_stat:  {'epoch': 42, 'coco_eval_bbox': 0.21532050474425868}
Epoch: [43]  [  0/809]  eta: 1:18:23  lr: 0.000100  loss: 9.1692 (9.1692)  loss_bbox: 0.0797 (0.0797)  loss_bbox_aux_0: 0.0847 (0.0847)  loss_bbox_aux_1: 0.0818 (0.0818)  loss_bbox_aux_2: 0.1055 (0.1055)  loss_bbox_dn_0: 0.0746 (0.0746)  loss_bbox_dn_1: 0.0531 (0.0531)  loss_bbox_dn_2: 0.0514 (0.0514)  loss_giou: 0.7055 (0.7055)  loss_giou_aux_0: 0.7569 (0.7569)  loss_giou_aux_1: 0.7345 (0.7345)  loss_giou_aux_2: 0.8286 (0.8286)  loss_giou_dn_0: 0.7077 (0.7077)  loss_giou_dn_1: 0.5927 (0.5927)  loss_giou_dn_2: 0.5827 (0.5827)  loss_vfl: 0.6023 (0.6023)  loss_vfl_aux_0: 0.6041 (0.6041)  loss_vfl_aux_1: 0.6060 (0.6060)  loss_vfl_aux_2: 0.5901 (0.5901)  loss_vfl_dn_0: 0.4633 (0.4633)  loss_vfl_dn_1: 0.4344 (0.4344)  loss_vfl_dn_2: 0.4294 (0.4294)  time: 5.8138  data: 4.4225  max mem: 8872
Epoch: [43]  [100/809]  eta: 0:11:42  lr: 0.000100  loss: 10.0817 (10.0757)  loss_bbox: 0.0807 (0.0895)  loss_bbox_aux_0: 0.0877 (0.0958)  loss_bbox_aux_1: 0.0835 (0.0914)  loss_bbox_aux_2: 0.1047 (0.1114)  loss_bbox_dn_0: 0.0529 (0.0559)  loss_bbox_dn_1: 0.0433 (0.0457)  loss_bbox_dn_2: 0.0418 (0.0444)  loss_giou: 0.9548 (0.9642)  loss_giou_aux_0: 0.9951 (1.0021)  loss_giou_aux_1: 0.9714 (0.9740)  loss_giou_aux_2: 1.0391 (1.0684)  loss_giou_dn_0: 0.7781 (0.7763)  loss_giou_dn_1: 0.7016 (0.6925)  loss_giou_dn_2: 0.6933 (0.6810)  loss_vfl: 0.4932 (0.5055)  loss_vfl_aux_0: 0.5077 (0.5106)  loss_vfl_aux_1: 0.5085 (0.5086)  loss_vfl_aux_2: 0.4929 (0.4946)  loss_vfl_dn_0: 0.4745 (0.4725)  loss_vfl_dn_1: 0.4432 (0.4476)  loss_vfl_dn_2: 0.4408 (0.4436)  time: 0.9545  data: 0.0409  max mem: 8872
Epoch: [43]  [200/809]  eta: 0:09:41  lr: 0.000100  loss: 9.6343 (10.0605)  loss_bbox: 0.0778 (0.0927)  loss_bbox_aux_0: 0.0833 (0.0986)  loss_bbox_aux_1: 0.0812 (0.0947)  loss_bbox_aux_2: 0.0991 (0.1131)  loss_bbox_dn_0: 0.0607 (0.0557)  loss_bbox_dn_1: 0.0488 (0.0457)  loss_bbox_dn_2: 0.0472 (0.0444)  loss_giou: 0.8311 (0.9615)  loss_giou_aux_0: 0.8678 (0.9970)  loss_giou_aux_1: 0.8475 (0.9704)  loss_giou_aux_2: 0.9446 (1.0655)  loss_giou_dn_0: 0.7446 (0.7712)  loss_giou_dn_1: 0.6418 (0.6861)  loss_giou_dn_2: 0.6291 (0.6750)  loss_vfl: 0.5491 (0.5059)  loss_vfl_aux_0: 0.5530 (0.5135)  loss_vfl_aux_1: 0.5490 (0.5098)  loss_vfl_aux_2: 0.5404 (0.4983)  loss_vfl_dn_0: 0.4661 (0.4721)  loss_vfl_dn_1: 0.4419 (0.4468)  loss_vfl_dn_2: 0.4395 (0.4422)  time: 0.9345  data: 0.0378  max mem: 8872
Epoch: [43]  [300/809]  eta: 0:08:00  lr: 0.000100  loss: 9.5862 (9.9975)  loss_bbox: 0.0765 (0.0908)  loss_bbox_aux_0: 0.0848 (0.0966)  loss_bbox_aux_1: 0.0788 (0.0927)  loss_bbox_aux_2: 0.0983 (0.1108)  loss_bbox_dn_0: 0.0594 (0.0560)  loss_bbox_dn_1: 0.0467 (0.0459)  loss_bbox_dn_2: 0.0457 (0.0445)  loss_giou: 0.8236 (0.9477)  loss_giou_aux_0: 0.8858 (0.9837)  loss_giou_aux_1: 0.8347 (0.9561)  loss_giou_aux_2: 0.9432 (1.0528)  loss_giou_dn_0: 0.7544 (0.7663)  loss_giou_dn_1: 0.6783 (0.6806)  loss_giou_dn_2: 0.6602 (0.6696)  loss_vfl: 0.5161 (0.5089)  loss_vfl_aux_0: 0.5150 (0.5167)  loss_vfl_aux_1: 0.5195 (0.5133)  loss_vfl_aux_2: 0.5092 (0.5019)  loss_vfl_dn_0: 0.4712 (0.4728)  loss_vfl_dn_1: 0.4513 (0.4472)  loss_vfl_dn_2: 0.4449 (0.4424)  time: 0.9118  data: 0.0314  max mem: 8872
Epoch: [43]  [400/809]  eta: 0:06:24  lr: 0.000100  loss: 9.9683 (10.0107)  loss_bbox: 0.0748 (0.0906)  loss_bbox_aux_0: 0.0803 (0.0962)  loss_bbox_aux_1: 0.0761 (0.0924)  loss_bbox_aux_2: 0.0906 (0.1101)  loss_bbox_dn_0: 0.0488 (0.0557)  loss_bbox_dn_1: 0.0398 (0.0456)  loss_bbox_dn_2: 0.0384 (0.0443)  loss_giou: 0.9963 (0.9499)  loss_giou_aux_0: 1.0247 (0.9858)  loss_giou_aux_1: 1.0010 (0.9583)  loss_giou_aux_2: 1.0748 (1.0541)  loss_giou_dn_0: 0.7887 (0.7675)  loss_giou_dn_1: 0.6906 (0.6824)  loss_giou_dn_2: 0.6836 (0.6714)  loss_vfl: 0.5177 (0.5096)  loss_vfl_aux_0: 0.5173 (0.5175)  loss_vfl_aux_1: 0.5242 (0.5143)  loss_vfl_aux_2: 0.4966 (0.5028)  loss_vfl_dn_0: 0.4692 (0.4728)  loss_vfl_dn_1: 0.4484 (0.4472)  loss_vfl_dn_2: 0.4365 (0.4422)  time: 0.9616  data: 0.0389  max mem: 8872
Epoch: [43]  [500/809]  eta: 0:04:49  lr: 0.000100  loss: 10.3422 (10.0304)  loss_bbox: 0.0927 (0.0907)  loss_bbox_aux_0: 0.0972 (0.0965)  loss_bbox_aux_1: 0.0936 (0.0925)  loss_bbox_aux_2: 0.1160 (0.1105)  loss_bbox_dn_0: 0.0560 (0.0562)  loss_bbox_dn_1: 0.0459 (0.0460)  loss_bbox_dn_2: 0.0443 (0.0447)  loss_giou: 0.9877 (0.9508)  loss_giou_aux_0: 1.0354 (0.9875)  loss_giou_aux_1: 1.0008 (0.9596)  loss_giou_aux_2: 1.1183 (1.0559)  loss_giou_dn_0: 0.7875 (0.7689)  loss_giou_dn_1: 0.6965 (0.6831)  loss_giou_dn_2: 0.6877 (0.6721)  loss_vfl: 0.5068 (0.5118)  loss_vfl_aux_0: 0.5137 (0.5195)  loss_vfl_aux_1: 0.5121 (0.5165)  loss_vfl_aux_2: 0.5111 (0.5047)  loss_vfl_dn_0: 0.4756 (0.4729)  loss_vfl_dn_1: 0.4508 (0.4475)  loss_vfl_dn_2: 0.4467 (0.4426)  time: 0.9186  data: 0.0424  max mem: 8872
Epoch: [43]  [600/809]  eta: 0:03:15  lr: 0.000100  loss: 10.2432 (10.0559)  loss_bbox: 0.0954 (0.0917)  loss_bbox_aux_0: 0.0996 (0.0977)  loss_bbox_aux_1: 0.0958 (0.0936)  loss_bbox_aux_2: 0.1223 (0.1120)  loss_bbox_dn_0: 0.0524 (0.0564)  loss_bbox_dn_1: 0.0426 (0.0461)  loss_bbox_dn_2: 0.0405 (0.0447)  loss_giou: 0.9754 (0.9560)  loss_giou_aux_0: 1.0104 (0.9928)  loss_giou_aux_1: 0.9791 (0.9649)  loss_giou_aux_2: 1.1130 (1.0624)  loss_giou_dn_0: 0.7963 (0.7711)  loss_giou_dn_1: 0.7160 (0.6846)  loss_giou_dn_2: 0.7021 (0.6735)  loss_vfl: 0.4971 (0.5103)  loss_vfl_aux_0: 0.5002 (0.5182)  loss_vfl_aux_1: 0.4988 (0.5149)  loss_vfl_aux_2: 0.4844 (0.5020)  loss_vfl_dn_0: 0.4661 (0.4727)  loss_vfl_dn_1: 0.4487 (0.4476)  loss_vfl_dn_2: 0.4460 (0.4428)  time: 0.9363  data: 0.0411  max mem: 8872
Epoch: [43]  [700/809]  eta: 0:01:41  lr: 0.000100  loss: 9.7108 (10.0377)  loss_bbox: 0.0778 (0.0918)  loss_bbox_aux_0: 0.0808 (0.0977)  loss_bbox_aux_1: 0.0782 (0.0935)  loss_bbox_aux_2: 0.0945 (0.1122)  loss_bbox_dn_0: 0.0548 (0.0567)  loss_bbox_dn_1: 0.0435 (0.0463)  loss_bbox_dn_2: 0.0430 (0.0449)  loss_giou: 0.8569 (0.9525)  loss_giou_aux_0: 0.8810 (0.9894)  loss_giou_aux_1: 0.8707 (0.9612)  loss_giou_aux_2: 0.9796 (1.0588)  loss_giou_dn_0: 0.7598 (0.7696)  loss_giou_dn_1: 0.6544 (0.6830)  loss_giou_dn_2: 0.6329 (0.6718)  loss_vfl: 0.5277 (0.5098)  loss_vfl_aux_0: 0.5355 (0.5179)  loss_vfl_aux_1: 0.5361 (0.5146)  loss_vfl_aux_2: 0.5090 (0.5019)  loss_vfl_dn_0: 0.4719 (0.4729)  loss_vfl_dn_1: 0.4463 (0.4479)  loss_vfl_dn_2: 0.4459 (0.4431)  time: 0.9229  data: 0.0366  max mem: 8872
Epoch: [43]  [800/809]  eta: 0:00:08  lr: 0.000100  loss: 9.9398 (10.0455)  loss_bbox: 0.0796 (0.0918)  loss_bbox_aux_0: 0.0825 (0.0977)  loss_bbox_aux_1: 0.0820 (0.0936)  loss_bbox_aux_2: 0.0943 (0.1122)  loss_bbox_dn_0: 0.0547 (0.0566)  loss_bbox_dn_1: 0.0463 (0.0462)  loss_bbox_dn_2: 0.0444 (0.0448)  loss_giou: 0.9406 (0.9560)  loss_giou_aux_0: 0.9690 (0.9929)  loss_giou_aux_1: 0.9492 (0.9645)  loss_giou_aux_2: 1.0383 (1.0617)  loss_giou_dn_0: 0.7824 (0.7708)  loss_giou_dn_1: 0.6985 (0.6844)  loss_giou_dn_2: 0.6829 (0.6733)  loss_vfl: 0.5002 (0.5075)  loss_vfl_aux_0: 0.5155 (0.5158)  loss_vfl_aux_1: 0.5077 (0.5125)  loss_vfl_aux_2: 0.4976 (0.5001)  loss_vfl_dn_0: 0.4658 (0.4727)  loss_vfl_dn_1: 0.4431 (0.4477)  loss_vfl_dn_2: 0.4388 (0.4428)  time: 0.9195  data: 0.0345  max mem: 8872
Epoch: [43]  [808/809]  eta: 0:00:00  lr: 0.000100  loss: 9.8765 (10.0453)  loss_bbox: 0.0807 (0.0919)  loss_bbox_aux_0: 0.0841 (0.0978)  loss_bbox_aux_1: 0.0826 (0.0937)  loss_bbox_aux_2: 0.0944 (0.1123)  loss_bbox_dn_0: 0.0549 (0.0566)  loss_bbox_dn_1: 0.0461 (0.0462)  loss_bbox_dn_2: 0.0444 (0.0448)  loss_giou: 0.9406 (0.9559)  loss_giou_aux_0: 0.9690 (0.9927)  loss_giou_aux_1: 0.9492 (0.9644)  loss_giou_aux_2: 1.0286 (1.0617)  loss_giou_dn_0: 0.7772 (0.7708)  loss_giou_dn_1: 0.6808 (0.6844)  loss_giou_dn_2: 0.6692 (0.6733)  loss_vfl: 0.4994 (0.5075)  loss_vfl_aux_0: 0.5164 (0.5157)  loss_vfl_aux_1: 0.5077 (0.5125)  loss_vfl_aux_2: 0.5089 (0.5000)  loss_vfl_dn_0: 0.4689 (0.4728)  loss_vfl_dn_1: 0.4460 (0.4477)  loss_vfl_dn_2: 0.4406 (0.4428)  time: 0.7774  data: 0.0310  max mem: 8872
Epoch: [43] Total time: 0:12:31 (0.9291 s / it)
Averaged stats: lr: 0.000100  loss: 9.8765 (10.0453)  loss_bbox: 0.0807 (0.0919)  loss_bbox_aux_0: 0.0841 (0.0978)  loss_bbox_aux_1: 0.0826 (0.0937)  loss_bbox_aux_2: 0.0944 (0.1123)  loss_bbox_dn_0: 0.0549 (0.0566)  loss_bbox_dn_1: 0.0461 (0.0462)  loss_bbox_dn_2: 0.0444 (0.0448)  loss_giou: 0.9406 (0.9559)  loss_giou_aux_0: 0.9690 (0.9927)  loss_giou_aux_1: 0.9492 (0.9644)  loss_giou_aux_2: 1.0286 (1.0617)  loss_giou_dn_0: 0.7772 (0.7708)  loss_giou_dn_1: 0.6808 (0.6844)  loss_giou_dn_2: 0.6692 (0.6733)  loss_vfl: 0.4994 (0.5075)  loss_vfl_aux_0: 0.5164 (0.5157)  loss_vfl_aux_1: 0.5077 (0.5125)  loss_vfl_aux_2: 0.5089 (0.5000)  loss_vfl_dn_0: 0.4689 (0.4728)  loss_vfl_dn_1: 0.4460 (0.4477)  loss_vfl_dn_2: 0.4406 (0.4428)
Test:  [ 0/69]  eta: 0:01:26    time: 1.2529  data: 0.6199  max mem: 8872
Test:  [10/69]  eta: 0:00:42    time: 0.7139  data: 0.0774  max mem: 8872
Test:  [20/69]  eta: 0:00:33    time: 0.6527  data: 0.0235  max mem: 8872
Test:  [30/69]  eta: 0:00:25    time: 0.6263  data: 0.0223  max mem: 8872
Test:  [40/69]  eta: 0:00:18    time: 0.5995  data: 0.0213  max mem: 8872
Test:  [50/69]  eta: 0:00:11    time: 0.5669  data: 0.0216  max mem: 8872
Test:  [60/69]  eta: 0:00:05    time: 0.5823  data: 0.0218  max mem: 8872
Test:  [68/69]  eta: 0:00:00    time: 0.5877  data: 0.0193  max mem: 8872
Test: Total time: 0:00:42 (0.6166 s / it)
Averaged stats: 
Accumulating evaluation results...
DONE (t=1.96s).
IoU metric: bbox
 Average Precision  (AP) @[ IoU=0.50:0.95 | area=   all | maxDets=100 ] = 0.216
 Average Precision  (AP) @[ IoU=0.50      | area=   all | maxDets=100 ] = 0.358
 Average Precision  (AP) @[ IoU=0.75      | area=   all | maxDets=100 ] = 0.221
 Average Precision  (AP) @[ IoU=0.50:0.95 | area= small | maxDets=100 ] = 0.136
 Average Precision  (AP) @[ IoU=0.50:0.95 | area=medium | maxDets=100 ] = 0.308
 Average Precision  (AP) @[ IoU=0.50:0.95 | area= large | maxDets=100 ] = 0.382
 Average Recall     (AR) @[ IoU=0.50:0.95 | area=   all | maxDets=  1 ] = 0.097
 Average Recall     (AR) @[ IoU=0.50:0.95 | area=   all | maxDets= 10 ] = 0.276
 Average Recall     (AR) @[ IoU=0.50:0.95 | area=   all | maxDets=100 ] = 0.371
 Average Recall     (AR) @[ IoU=0.50:0.95 | area= small | maxDets=100 ] = 0.277
 Average Recall     (AR) @[ IoU=0.50:0.95 | area=medium | maxDets=100 ] = 0.493
 Average Recall     (AR) @[ IoU=0.50:0.95 | area= large | maxDets=100 ] = 0.616
best_stat:  {'epoch': 43, 'coco_eval_bbox': 0.21637411364015555}
Epoch: [44]  [  0/809]  eta: 1:35:39  lr: 0.000100  loss: 10.6248 (10.6248)  loss_bbox: 0.1136 (0.1136)  loss_bbox_aux_0: 0.1264 (0.1264)  loss_bbox_aux_1: 0.1202 (0.1202)  loss_bbox_aux_2: 0.1449 (0.1449)  loss_bbox_dn_0: 0.0477 (0.0477)  loss_bbox_dn_1: 0.0374 (0.0374)  loss_bbox_dn_2: 0.0353 (0.0353)  loss_giou: 1.1461 (1.1461)  loss_giou_aux_0: 1.1979 (1.1979)  loss_giou_aux_1: 1.1506 (1.1506)  loss_giou_aux_2: 1.2501 (1.2501)  loss_giou_dn_0: 0.8589 (0.8589)  loss_giou_dn_1: 0.7543 (0.7543)  loss_giou_dn_2: 0.7379 (0.7379)  loss_vfl: 0.3896 (0.3896)  loss_vfl_aux_0: 0.3890 (0.3890)  loss_vfl_aux_1: 0.3934 (0.3934)  loss_vfl_aux_2: 0.3843 (0.3843)  loss_vfl_dn_0: 0.4595 (0.4595)  loss_vfl_dn_1: 0.4451 (0.4451)  loss_vfl_dn_2: 0.4426 (0.4426)  time: 7.0947  data: 1.7349  max mem: 8872
Epoch: [44]  [100/809]  eta: 0:11:47  lr: 0.000100  loss: 10.3834 (10.0876)  loss_bbox: 0.0985 (0.0915)  loss_bbox_aux_0: 0.1044 (0.0979)  loss_bbox_aux_1: 0.0980 (0.0933)  loss_bbox_aux_2: 0.1250 (0.1124)  loss_bbox_dn_0: 0.0528 (0.0527)  loss_bbox_dn_1: 0.0437 (0.0432)  loss_bbox_dn_2: 0.0434 (0.0420)  loss_giou: 1.0295 (0.9815)  loss_giou_aux_0: 1.0695 (1.0176)  loss_giou_aux_1: 1.0410 (0.9890)  loss_giou_aux_2: 1.1601 (1.0853)  loss_giou_dn_0: 0.8182 (0.7793)  loss_giou_dn_1: 0.7371 (0.6938)  loss_giou_dn_2: 0.7267 (0.6838)  loss_vfl: 0.4805 (0.4913)  loss_vfl_aux_0: 0.4983 (0.5008)  loss_vfl_aux_1: 0.4823 (0.4955)  loss_vfl_aux_2: 0.4634 (0.4855)  loss_vfl_dn_0: 0.4720 (0.4682)  loss_vfl_dn_1: 0.4468 (0.4438)  loss_vfl_dn_2: 0.4412 (0.4392)  time: 0.9038  data: 0.0359  max mem: 8872
Epoch: [44]  [200/809]  eta: 0:09:46  lr: 0.000100  loss: 10.0158 (10.0776)  loss_bbox: 0.0850 (0.0920)  loss_bbox_aux_0: 0.0877 (0.0975)  loss_bbox_aux_1: 0.0866 (0.0933)  loss_bbox_aux_2: 0.1040 (0.1116)  loss_bbox_dn_0: 0.0527 (0.0541)  loss_bbox_dn_1: 0.0432 (0.0444)  loss_bbox_dn_2: 0.0425 (0.0433)  loss_giou: 0.9233 (0.9688)  loss_giou_aux_0: 0.9585 (1.0043)  loss_giou_aux_1: 0.9270 (0.9763)  loss_giou_aux_2: 1.0347 (1.0747)  loss_giou_dn_0: 0.7680 (0.7743)  loss_giou_dn_1: 0.6847 (0.6894)  loss_giou_dn_2: 0.6686 (0.6790)  loss_vfl: 0.5229 (0.5013)  loss_vfl_aux_0: 0.5237 (0.5108)  loss_vfl_aux_1: 0.5227 (0.5066)  loss_vfl_aux_2: 0.4868 (0.4961)  loss_vfl_dn_0: 0.4656 (0.4717)  loss_vfl_dn_1: 0.4429 (0.4462)  loss_vfl_dn_2: 0.4372 (0.4417)  time: 0.8806  data: 0.0365  max mem: 8872
Epoch: [44]  [300/809]  eta: 0:08:06  lr: 0.000100  loss: 10.0177 (10.0480)  loss_bbox: 0.0895 (0.0921)  loss_bbox_aux_0: 0.0934 (0.0976)  loss_bbox_aux_1: 0.0918 (0.0935)  loss_bbox_aux_2: 0.1114 (0.1116)  loss_bbox_dn_0: 0.0551 (0.0554)  loss_bbox_dn_1: 0.0435 (0.0456)  loss_bbox_dn_2: 0.0419 (0.0443)  loss_giou: 0.8552 (0.9583)  loss_giou_aux_0: 0.9172 (0.9936)  loss_giou_aux_1: 0.8519 (0.9658)  loss_giou_aux_2: 1.0128 (1.0643)  loss_giou_dn_0: 0.7487 (0.7707)  loss_giou_dn_1: 0.6668 (0.6864)  loss_giou_dn_2: 0.6497 (0.6758)  loss_vfl: 0.4893 (0.5055)  loss_vfl_aux_0: 0.4984 (0.5146)  loss_vfl_aux_1: 0.4928 (0.5113)  loss_vfl_aux_2: 0.4789 (0.4995)  loss_vfl_dn_0: 0.4719 (0.4727)  loss_vfl_dn_1: 0.4410 (0.4470)  loss_vfl_dn_2: 0.4349 (0.4424)  time: 0.9399  data: 0.0382  max mem: 8872
Epoch: [44]  [400/809]  eta: 0:06:27  lr: 0.000100  loss: 9.8014 (10.0027)  loss_bbox: 0.0761 (0.0906)  loss_bbox_aux_0: 0.0820 (0.0960)  loss_bbox_aux_1: 0.0789 (0.0921)  loss_bbox_aux_2: 0.0943 (0.1097)  loss_bbox_dn_0: 0.0550 (0.0557)  loss_bbox_dn_1: 0.0444 (0.0458)  loss_bbox_dn_2: 0.0428 (0.0445)  loss_giou: 0.9380 (0.9478)  loss_giou_aux_0: 0.9554 (0.9822)  loss_giou_aux_1: 0.9461 (0.9553)  loss_giou_aux_2: 0.9846 (1.0530)  loss_giou_dn_0: 0.7627 (0.7662)  loss_giou_dn_1: 0.6656 (0.6819)  loss_giou_dn_2: 0.6594 (0.6711)  loss_vfl: 0.4999 (0.5092)  loss_vfl_aux_0: 0.5098 (0.5191)  loss_vfl_aux_1: 0.5035 (0.5149)  loss_vfl_aux_2: 0.5103 (0.5043)  loss_vfl_dn_0: 0.4749 (0.4733)  loss_vfl_dn_1: 0.4513 (0.4474)  loss_vfl_dn_2: 0.4441 (0.4427)  time: 0.9126  data: 0.0393  max mem: 8872
Epoch: [44]  [500/809]  eta: 0:04:52  lr: 0.000100  loss: 10.1527 (10.0103)  loss_bbox: 0.0803 (0.0905)  loss_bbox_aux_0: 0.0824 (0.0959)  loss_bbox_aux_1: 0.0822 (0.0920)  loss_bbox_aux_2: 0.1056 (0.1097)  loss_bbox_dn_0: 0.0480 (0.0556)  loss_bbox_dn_1: 0.0402 (0.0456)  loss_bbox_dn_2: 0.0393 (0.0443)  loss_giou: 0.9922 (0.9492)  loss_giou_aux_0: 1.0214 (0.9836)  loss_giou_aux_1: 0.9991 (0.9567)  loss_giou_aux_2: 1.0970 (1.0542)  loss_giou_dn_0: 0.7686 (0.7669)  loss_giou_dn_1: 0.6955 (0.6827)  loss_giou_dn_2: 0.6850 (0.6718)  loss_vfl: 0.4966 (0.5096)  loss_vfl_aux_0: 0.4952 (0.5192)  loss_vfl_aux_1: 0.5018 (0.5153)  loss_vfl_aux_2: 0.4640 (0.5042)  loss_vfl_dn_0: 0.4697 (0.4732)  loss_vfl_dn_1: 0.4456 (0.4474)  loss_vfl_dn_2: 0.4374 (0.4426)  time: 0.9937  data: 0.0497  max mem: 8872
Epoch: [44]  [600/809]  eta: 0:03:17  lr: 0.000100  loss: 10.2103 (10.0089)  loss_bbox: 0.0873 (0.0905)  loss_bbox_aux_0: 0.0900 (0.0959)  loss_bbox_aux_1: 0.0894 (0.0920)  loss_bbox_aux_2: 0.1052 (0.1100)  loss_bbox_dn_0: 0.0474 (0.0553)  loss_bbox_dn_1: 0.0387 (0.0454)  loss_bbox_dn_2: 0.0380 (0.0441)  loss_giou: 0.9493 (0.9503)  loss_giou_aux_0: 0.9673 (0.9845)  loss_giou_aux_1: 0.9376 (0.9578)  loss_giou_aux_2: 1.0510 (1.0566)  loss_giou_dn_0: 0.7780 (0.7667)  loss_giou_dn_1: 0.6943 (0.6824)  loss_giou_dn_2: 0.6824 (0.6715)  loss_vfl: 0.5100 (0.5084)  loss_vfl_aux_0: 0.5270 (0.5182)  loss_vfl_aux_1: 0.5264 (0.5140)  loss_vfl_aux_2: 0.5063 (0.5028)  loss_vfl_dn_0: 0.4758 (0.4731)  loss_vfl_dn_1: 0.4460 (0.4472)  loss_vfl_dn_2: 0.4420 (0.4423)  time: 0.9197  data: 0.0423  max mem: 8872
Epoch: [44]  [700/809]  eta: 0:01:43  lr: 0.000100  loss: 10.1735 (10.0222)  loss_bbox: 0.0944 (0.0909)  loss_bbox_aux_0: 0.0984 (0.0963)  loss_bbox_aux_1: 0.0943 (0.0924)  loss_bbox_aux_2: 0.1093 (0.1102)  loss_bbox_dn_0: 0.0530 (0.0553)  loss_bbox_dn_1: 0.0423 (0.0454)  loss_bbox_dn_2: 0.0413 (0.0442)  loss_giou: 1.0185 (0.9530)  loss_giou_aux_0: 1.0528 (0.9872)  loss_giou_aux_1: 1.0221 (0.9607)  loss_giou_aux_2: 1.1068 (1.0589)  loss_giou_dn_0: 0.7965 (0.7682)  loss_giou_dn_1: 0.7019 (0.6837)  loss_giou_dn_2: 0.6873 (0.6730)  loss_vfl: 0.4688 (0.5075)  loss_vfl_aux_0: 0.4733 (0.5172)  loss_vfl_aux_1: 0.4708 (0.5132)  loss_vfl_aux_2: 0.4617 (0.5020)  loss_vfl_dn_0: 0.4697 (0.4730)  loss_vfl_dn_1: 0.4463 (0.4473)  loss_vfl_dn_2: 0.4435 (0.4426)  time: 0.9576  data: 0.0401  max mem: 8872
Epoch: [44]  [800/809]  eta: 0:00:08  lr: 0.000100  loss: 9.7428 (10.0162)  loss_bbox: 0.0859 (0.0908)  loss_bbox_aux_0: 0.0906 (0.0962)  loss_bbox_aux_1: 0.0877 (0.0924)  loss_bbox_aux_2: 0.1035 (0.1102)  loss_bbox_dn_0: 0.0509 (0.0552)  loss_bbox_dn_1: 0.0411 (0.0453)  loss_bbox_dn_2: 0.0411 (0.0440)  loss_giou: 0.9512 (0.9531)  loss_giou_aux_0: 0.9845 (0.9872)  loss_giou_aux_1: 0.9576 (0.9608)  loss_giou_aux_2: 1.0293 (1.0587)  loss_giou_dn_0: 0.7606 (0.7671)  loss_giou_dn_1: 0.6816 (0.6830)  loss_giou_dn_2: 0.6720 (0.6724)  loss_vfl: 0.4764 (0.5068)  loss_vfl_aux_0: 0.4917 (0.5166)  loss_vfl_aux_1: 0.4932 (0.5124)  loss_vfl_aux_2: 0.5051 (0.5012)  loss_vfl_dn_0: 0.4714 (0.4731)  loss_vfl_dn_1: 0.4446 (0.4472)  loss_vfl_dn_2: 0.4388 (0.4425)  time: 0.9519  data: 0.0367  max mem: 8872
Epoch: [44]  [808/809]  eta: 0:00:00  lr: 0.000100  loss: 10.2092 (10.0201)  loss_bbox: 0.0917 (0.0908)  loss_bbox_aux_0: 0.1022 (0.0962)  loss_bbox_aux_1: 0.0933 (0.0924)  loss_bbox_aux_2: 0.1158 (0.1103)  loss_bbox_dn_0: 0.0531 (0.0552)  loss_bbox_dn_1: 0.0424 (0.0453)  loss_bbox_dn_2: 0.0412 (0.0441)  loss_giou: 0.9988 (0.9539)  loss_giou_aux_0: 1.0213 (0.9881)  loss_giou_aux_1: 1.0097 (0.9617)  loss_giou_aux_2: 1.0751 (1.0595)  loss_giou_dn_0: 0.7776 (0.7675)  loss_giou_dn_1: 0.6862 (0.6834)  loss_giou_dn_2: 0.6747 (0.6728)  loss_vfl: 0.4764 (0.5066)  loss_vfl_aux_0: 0.4917 (0.5164)  loss_vfl_aux_1: 0.4890 (0.5122)  loss_vfl_aux_2: 0.4856 (0.5009)  loss_vfl_dn_0: 0.4702 (0.4730)  loss_vfl_dn_1: 0.4457 (0.4472)  loss_vfl_dn_2: 0.4426 (0.4425)  time: 0.8072  data: 0.0320  max mem: 8872
Epoch: [44] Total time: 0:12:42 (0.9428 s / it)
Averaged stats: lr: 0.000100  loss: 10.2092 (10.0201)  loss_bbox: 0.0917 (0.0908)  loss_bbox_aux_0: 0.1022 (0.0962)  loss_bbox_aux_1: 0.0933 (0.0924)  loss_bbox_aux_2: 0.1158 (0.1103)  loss_bbox_dn_0: 0.0531 (0.0552)  loss_bbox_dn_1: 0.0424 (0.0453)  loss_bbox_dn_2: 0.0412 (0.0441)  loss_giou: 0.9988 (0.9539)  loss_giou_aux_0: 1.0213 (0.9881)  loss_giou_aux_1: 1.0097 (0.9617)  loss_giou_aux_2: 1.0751 (1.0595)  loss_giou_dn_0: 0.7776 (0.7675)  loss_giou_dn_1: 0.6862 (0.6834)  loss_giou_dn_2: 0.6747 (0.6728)  loss_vfl: 0.4764 (0.5066)  loss_vfl_aux_0: 0.4917 (0.5164)  loss_vfl_aux_1: 0.4890 (0.5122)  loss_vfl_aux_2: 0.4856 (0.5009)  loss_vfl_dn_0: 0.4702 (0.4730)  loss_vfl_dn_1: 0.4457 (0.4472)  loss_vfl_dn_2: 0.4426 (0.4425)
Test:  [ 0/69]  eta: 0:01:24    time: 1.2214  data: 0.6261  max mem: 8872
Test:  [10/69]  eta: 0:00:41    time: 0.6990  data: 0.0763  max mem: 8872
Test:  [20/69]  eta: 0:00:34    time: 0.6727  data: 0.0218  max mem: 8872
Test:  [30/69]  eta: 0:00:26    time: 0.6505  data: 0.0221  max mem: 8872
Test:  [40/69]  eta: 0:00:18    time: 0.5833  data: 0.0209  max mem: 8872
Test:  [50/69]  eta: 0:00:11    time: 0.5513  data: 0.0203  max mem: 8872
Test:  [60/69]  eta: 0:00:05    time: 0.5349  data: 0.0208  max mem: 8872
Test:  [68/69]  eta: 0:00:00    time: 0.5910  data: 0.0199  max mem: 8872
Test: Total time: 0:00:42 (0.6178 s / it)
Averaged stats: 
Accumulating evaluation results...
DONE (t=1.96s).
IoU metric: bbox
 Average Precision  (AP) @[ IoU=0.50:0.95 | area=   all | maxDets=100 ] = 0.217
 Average Precision  (AP) @[ IoU=0.50      | area=   all | maxDets=100 ] = 0.359
 Average Precision  (AP) @[ IoU=0.75      | area=   all | maxDets=100 ] = 0.223
 Average Precision  (AP) @[ IoU=0.50:0.95 | area= small | maxDets=100 ] = 0.138
 Average Precision  (AP) @[ IoU=0.50:0.95 | area=medium | maxDets=100 ] = 0.309
 Average Precision  (AP) @[ IoU=0.50:0.95 | area= large | maxDets=100 ] = 0.390
 Average Recall     (AR) @[ IoU=0.50:0.95 | area=   all | maxDets=  1 ] = 0.098
 Average Recall     (AR) @[ IoU=0.50:0.95 | area=   all | maxDets= 10 ] = 0.276
 Average Recall     (AR) @[ IoU=0.50:0.95 | area=   all | maxDets=100 ] = 0.372
 Average Recall     (AR) @[ IoU=0.50:0.95 | area= small | maxDets=100 ] = 0.279
 Average Recall     (AR) @[ IoU=0.50:0.95 | area=medium | maxDets=100 ] = 0.493
 Average Recall     (AR) @[ IoU=0.50:0.95 | area= large | maxDets=100 ] = 0.599
best_stat:  {'epoch': 44, 'coco_eval_bbox': 0.21748077676168673}
Epoch: [45]  [  0/809]  eta: 1:04:39  lr: 0.000100  loss: 11.6706 (11.6706)  loss_bbox: 0.1625 (0.1625)  loss_bbox_aux_0: 0.1661 (0.1661)  loss_bbox_aux_1: 0.1642 (0.1642)  loss_bbox_aux_2: 0.1783 (0.1783)  loss_bbox_dn_0: 0.0412 (0.0412)  loss_bbox_dn_1: 0.0333 (0.0333)  loss_bbox_dn_2: 0.0318 (0.0318)  loss_giou: 1.3318 (1.3318)  loss_giou_aux_0: 1.3621 (1.3621)  loss_giou_aux_1: 1.3347 (1.3347)  loss_giou_aux_2: 1.4517 (1.4517)  loss_giou_dn_0: 0.8268 (0.8268)  loss_giou_dn_1: 0.7414 (0.7414)  loss_giou_dn_2: 0.7312 (0.7312)  loss_vfl: 0.4445 (0.4445)  loss_vfl_aux_0: 0.4705 (0.4705)  loss_vfl_aux_1: 0.4548 (0.4548)  loss_vfl_aux_2: 0.4229 (0.4229)  loss_vfl_dn_0: 0.4648 (0.4648)  loss_vfl_dn_1: 0.4316 (0.4316)  loss_vfl_dn_2: 0.4244 (0.4244)  time: 4.7955  data: 2.1201  max mem: 8872
Epoch: [45]  [100/809]  eta: 0:11:41  lr: 0.000100  loss: 10.0113 (10.1870)  loss_bbox: 0.0885 (0.1001)  loss_bbox_aux_0: 0.0940 (0.1057)  loss_bbox_aux_1: 0.0919 (0.1021)  loss_bbox_aux_2: 0.1143 (0.1197)  loss_bbox_dn_0: 0.0586 (0.0565)  loss_bbox_dn_1: 0.0492 (0.0467)  loss_bbox_dn_2: 0.0488 (0.0453)  loss_giou: 0.9418 (0.9840)  loss_giou_aux_0: 1.0019 (1.0214)  loss_giou_aux_1: 0.9559 (0.9924)  loss_giou_aux_2: 1.0664 (1.0879)  loss_giou_dn_0: 0.7789 (0.7767)  loss_giou_dn_1: 0.6943 (0.6903)  loss_giou_dn_2: 0.6839 (0.6792)  loss_vfl: 0.4948 (0.5037)  loss_vfl_aux_0: 0.5040 (0.5110)  loss_vfl_aux_1: 0.5066 (0.5087)  loss_vfl_aux_2: 0.4922 (0.4950)  loss_vfl_dn_0: 0.4703 (0.4711)  loss_vfl_dn_1: 0.4503 (0.4474)  loss_vfl_dn_2: 0.4446 (0.4423)  time: 0.9160  data: 0.0378  max mem: 8872
Epoch: [45]  [200/809]  eta: 0:09:51  lr: 0.000100  loss: 10.1079 (10.1930)  loss_bbox: 0.0910 (0.0989)  loss_bbox_aux_0: 0.0970 (0.1046)  loss_bbox_aux_1: 0.0939 (0.1009)  loss_bbox_aux_2: 0.1081 (0.1187)  loss_bbox_dn_0: 0.0500 (0.0559)  loss_bbox_dn_1: 0.0403 (0.0461)  loss_bbox_dn_2: 0.0391 (0.0448)  loss_giou: 0.9854 (0.9857)  loss_giou_aux_0: 1.0344 (1.0224)  loss_giou_aux_1: 1.0113 (0.9943)  loss_giou_aux_2: 1.1178 (1.0910)  loss_giou_dn_0: 0.7695 (0.7810)  loss_giou_dn_1: 0.6904 (0.6946)  loss_giou_dn_2: 0.6811 (0.6837)  loss_vfl: 0.4955 (0.5017)  loss_vfl_aux_0: 0.4982 (0.5101)  loss_vfl_aux_1: 0.4968 (0.5059)  loss_vfl_aux_2: 0.4664 (0.4929)  loss_vfl_dn_0: 0.4652 (0.4706)  loss_vfl_dn_1: 0.4426 (0.4470)  loss_vfl_dn_2: 0.4393 (0.4420)  time: 0.9662  data: 0.0400  max mem: 8872
Epoch: [45]  [300/809]  eta: 0:08:09  lr: 0.000100  loss: 9.9312 (10.1507)  loss_bbox: 0.0780 (0.0967)  loss_bbox_aux_0: 0.0843 (0.1023)  loss_bbox_aux_1: 0.0785 (0.0987)  loss_bbox_aux_2: 0.0954 (0.1160)  loss_bbox_dn_0: 0.0561 (0.0564)  loss_bbox_dn_1: 0.0447 (0.0465)  loss_bbox_dn_2: 0.0431 (0.0451)  loss_giou: 0.9454 (0.9762)  loss_giou_aux_0: 0.9870 (1.0122)  loss_giou_aux_1: 0.9558 (0.9852)  loss_giou_aux_2: 1.0429 (1.0801)  loss_giou_dn_0: 0.7641 (0.7805)  loss_giou_dn_1: 0.6839 (0.6944)  loss_giou_dn_2: 0.6686 (0.6835)  loss_vfl: 0.4901 (0.5029)  loss_vfl_aux_0: 0.4912 (0.5113)  loss_vfl_aux_1: 0.4933 (0.5077)  loss_vfl_aux_2: 0.4797 (0.4951)  loss_vfl_dn_0: 0.4672 (0.4708)  loss_vfl_dn_1: 0.4465 (0.4472)  loss_vfl_dn_2: 0.4417 (0.4420)  time: 0.9069  data: 0.0361  max mem: 8872
Epoch: [45]  [400/809]  eta: 0:06:28  lr: 0.000100  loss: 9.5204 (10.1014)  loss_bbox: 0.0729 (0.0951)  loss_bbox_aux_0: 0.0806 (0.1006)  loss_bbox_aux_1: 0.0751 (0.0969)  loss_bbox_aux_2: 0.0936 (0.1142)  loss_bbox_dn_0: 0.0569 (0.0565)  loss_bbox_dn_1: 0.0457 (0.0464)  loss_bbox_dn_2: 0.0444 (0.0450)  loss_giou: 0.8562 (0.9680)  loss_giou_aux_0: 0.9104 (1.0039)  loss_giou_aux_1: 0.8710 (0.9770)  loss_giou_aux_2: 0.9744 (1.0727)  loss_giou_dn_0: 0.7661 (0.7762)  loss_giou_dn_1: 0.6792 (0.6899)  loss_giou_dn_2: 0.6708 (0.6790)  loss_vfl: 0.4834 (0.5037)  loss_vfl_aux_0: 0.4988 (0.5125)  loss_vfl_aux_1: 0.5011 (0.5085)  loss_vfl_aux_2: 0.4846 (0.4966)  loss_vfl_dn_0: 0.4680 (0.4710)  loss_vfl_dn_1: 0.4441 (0.4466)  loss_vfl_dn_2: 0.4403 (0.4412)  time: 0.9244  data: 0.0354  max mem: 8872
Epoch: [45]  [500/809]  eta: 0:04:53  lr: 0.000100  loss: 9.9034 (10.0408)  loss_bbox: 0.0698 (0.0928)  loss_bbox_aux_0: 0.0777 (0.0984)  loss_bbox_aux_1: 0.0723 (0.0946)  loss_bbox_aux_2: 0.0942 (0.1119)  loss_bbox_dn_0: 0.0502 (0.0562)  loss_bbox_dn_1: 0.0419 (0.0462)  loss_bbox_dn_2: 0.0401 (0.0448)  loss_giou: 0.9273 (0.9568)  loss_giou_aux_0: 0.9535 (0.9923)  loss_giou_aux_1: 0.9266 (0.9657)  loss_giou_aux_2: 1.0230 (1.0614)  loss_giou_dn_0: 0.7578 (0.7703)  loss_giou_dn_1: 0.6675 (0.6845)  loss_giou_dn_2: 0.6597 (0.6736)  loss_vfl: 0.5118 (0.5062)  loss_vfl_aux_0: 0.5190 (0.5151)  loss_vfl_aux_1: 0.5050 (0.5110)  loss_vfl_aux_2: 0.5175 (0.4995)  loss_vfl_dn_0: 0.4736 (0.4718)  loss_vfl_dn_1: 0.4471 (0.4465)  loss_vfl_dn_2: 0.4423 (0.4412)  time: 0.9483  data: 0.0368  max mem: 8872
Epoch: [45]  [600/809]  eta: 0:03:18  lr: 0.000100  loss: 9.6233 (10.1085)  loss_bbox: 0.0762 (0.0967)  loss_bbox_aux_0: 0.0810 (0.1029)  loss_bbox_aux_1: 0.0786 (0.0987)  loss_bbox_aux_2: 0.0899 (0.1169)  loss_bbox_dn_0: 0.0528 (0.0559)  loss_bbox_dn_1: 0.0427 (0.0459)  loss_bbox_dn_2: 0.0416 (0.0445)  loss_giou: 0.8745 (0.9711)  loss_giou_aux_0: 0.8857 (1.0063)  loss_giou_aux_1: 0.8816 (0.9797)  loss_giou_aux_2: 0.9713 (1.0751)  loss_giou_dn_0: 0.7507 (0.7748)  loss_giou_dn_1: 0.6702 (0.6890)  loss_giou_dn_2: 0.6604 (0.6783)  loss_vfl: 0.4983 (0.5018)  loss_vfl_aux_0: 0.5291 (0.5108)  loss_vfl_aux_1: 0.5121 (0.5065)  loss_vfl_aux_2: 0.5149 (0.4949)  loss_vfl_dn_0: 0.4690 (0.4711)  loss_vfl_dn_1: 0.4482 (0.4463)  loss_vfl_dn_2: 0.4468 (0.4413)  time: 0.9974  data: 0.0439  max mem: 8872
Epoch: [45]  [700/809]  eta: 0:01:43  lr: 0.000100  loss: 10.3789 (10.1049)  loss_bbox: 0.0900 (0.0957)  loss_bbox_aux_0: 0.0944 (0.1017)  loss_bbox_aux_1: 0.0904 (0.0976)  loss_bbox_aux_2: 0.1074 (0.1156)  loss_bbox_dn_0: 0.0516 (0.0556)  loss_bbox_dn_1: 0.0426 (0.0457)  loss_bbox_dn_2: 0.0415 (0.0444)  loss_giou: 1.0774 (0.9702)  loss_giou_aux_0: 1.1008 (1.0053)  loss_giou_aux_1: 1.0765 (0.9785)  loss_giou_aux_2: 1.1758 (1.0744)  loss_giou_dn_0: 0.7891 (0.7744)  loss_giou_dn_1: 0.7021 (0.6888)  loss_giou_dn_2: 0.6908 (0.6781)  loss_vfl: 0.4656 (0.5030)  loss_vfl_aux_0: 0.4698 (0.5120)  loss_vfl_aux_1: 0.4801 (0.5079)  loss_vfl_aux_2: 0.4647 (0.4963)  loss_vfl_dn_0: 0.4677 (0.4714)  loss_vfl_dn_1: 0.4485 (0.4466)  loss_vfl_dn_2: 0.4457 (0.4417)  time: 0.9595  data: 0.0354  max mem: 8872
Epoch: [45]  [800/809]  eta: 0:00:08  lr: 0.000100  loss: 9.7162 (10.1174)  loss_bbox: 0.0863 (0.0953)  loss_bbox_aux_0: 0.0880 (0.1012)  loss_bbox_aux_1: 0.0826 (0.0971)  loss_bbox_aux_2: 0.1025 (0.1152)  loss_bbox_dn_0: 0.0521 (0.0556)  loss_bbox_dn_1: 0.0437 (0.0456)  loss_bbox_dn_2: 0.0429 (0.0443)  loss_giou: 0.8736 (0.9729)  loss_giou_aux_0: 0.9083 (1.0081)  loss_giou_aux_1: 0.8772 (0.9812)  loss_giou_aux_2: 0.9676 (1.0772)  loss_giou_dn_0: 0.7499 (0.7754)  loss_giou_dn_1: 0.6501 (0.6899)  loss_giou_dn_2: 0.6410 (0.6793)  loss_vfl: 0.5408 (0.5033)  loss_vfl_aux_0: 0.5397 (0.5118)  loss_vfl_aux_1: 0.5469 (0.5082)  loss_vfl_aux_2: 0.5330 (0.4958)  loss_vfl_dn_0: 0.4774 (0.4715)  loss_vfl_dn_1: 0.4468 (0.4466)  loss_vfl_dn_2: 0.4375 (0.4417)  time: 0.9355  data: 0.0384  max mem: 8872
Epoch: [45]  [808/809]  eta: 0:00:00  lr: 0.000100  loss: 9.7162 (10.1155)  loss_bbox: 0.0825 (0.0952)  loss_bbox_aux_0: 0.0845 (0.1011)  loss_bbox_aux_1: 0.0807 (0.0970)  loss_bbox_aux_2: 0.0986 (0.1151)  loss_bbox_dn_0: 0.0573 (0.0556)  loss_bbox_dn_1: 0.0452 (0.0457)  loss_bbox_dn_2: 0.0439 (0.0444)  loss_giou: 0.8506 (0.9722)  loss_giou_aux_0: 0.8774 (1.0073)  loss_giou_aux_1: 0.8579 (0.9804)  loss_giou_aux_2: 0.9442 (1.0764)  loss_giou_dn_0: 0.7499 (0.7752)  loss_giou_dn_1: 0.6501 (0.6897)  loss_giou_dn_2: 0.6410 (0.6791)  loss_vfl: 0.5529 (0.5037)  loss_vfl_aux_0: 0.5469 (0.5122)  loss_vfl_aux_1: 0.5476 (0.5086)  loss_vfl_aux_2: 0.5531 (0.4962)  loss_vfl_dn_0: 0.4774 (0.4716)  loss_vfl_dn_1: 0.4462 (0.4467)  loss_vfl_dn_2: 0.4458 (0.4418)  time: 0.7613  data: 0.0296  max mem: 8872
Epoch: [45] Total time: 0:12:40 (0.9407 s / it)
Averaged stats: lr: 0.000100  loss: 9.7162 (10.1155)  loss_bbox: 0.0825 (0.0952)  loss_bbox_aux_0: 0.0845 (0.1011)  loss_bbox_aux_1: 0.0807 (0.0970)  loss_bbox_aux_2: 0.0986 (0.1151)  loss_bbox_dn_0: 0.0573 (0.0556)  loss_bbox_dn_1: 0.0452 (0.0457)  loss_bbox_dn_2: 0.0439 (0.0444)  loss_giou: 0.8506 (0.9722)  loss_giou_aux_0: 0.8774 (1.0073)  loss_giou_aux_1: 0.8579 (0.9804)  loss_giou_aux_2: 0.9442 (1.0764)  loss_giou_dn_0: 0.7499 (0.7752)  loss_giou_dn_1: 0.6501 (0.6897)  loss_giou_dn_2: 0.6410 (0.6791)  loss_vfl: 0.5529 (0.5037)  loss_vfl_aux_0: 0.5469 (0.5122)  loss_vfl_aux_1: 0.5476 (0.5086)  loss_vfl_aux_2: 0.5531 (0.4962)  loss_vfl_dn_0: 0.4774 (0.4716)  loss_vfl_dn_1: 0.4462 (0.4467)  loss_vfl_dn_2: 0.4458 (0.4418)
Test:  [ 0/69]  eta: 0:01:25    time: 1.2385  data: 0.6227  max mem: 8872
Test:  [10/69]  eta: 0:00:41    time: 0.6951  data: 0.0740  max mem: 8872
Test:  [20/69]  eta: 0:00:33    time: 0.6502  data: 0.0193  max mem: 8872
Test:  [30/69]  eta: 0:00:25    time: 0.6295  data: 0.0195  max mem: 8872
Test:  [40/69]  eta: 0:00:18    time: 0.6009  data: 0.0204  max mem: 8872
Test:  [50/69]  eta: 0:00:11    time: 0.5698  data: 0.0215  max mem: 8872
Test:  [60/69]  eta: 0:00:05    time: 0.5274  data: 0.0218  max mem: 8872
Test:  [68/69]  eta: 0:00:00    time: 0.5445  data: 0.0198  max mem: 8872
Test: Total time: 0:00:41 (0.6019 s / it)
Averaged stats: 
Accumulating evaluation results...
DONE (t=2.68s).
IoU metric: bbox
 Average Precision  (AP) @[ IoU=0.50:0.95 | area=   all | maxDets=100 ] = 0.219
 Average Precision  (AP) @[ IoU=0.50      | area=   all | maxDets=100 ] = 0.361
 Average Precision  (AP) @[ IoU=0.75      | area=   all | maxDets=100 ] = 0.224
 Average Precision  (AP) @[ IoU=0.50:0.95 | area= small | maxDets=100 ] = 0.139
 Average Precision  (AP) @[ IoU=0.50:0.95 | area=medium | maxDets=100 ] = 0.310
 Average Precision  (AP) @[ IoU=0.50:0.95 | area= large | maxDets=100 ] = 0.389
 Average Recall     (AR) @[ IoU=0.50:0.95 | area=   all | maxDets=  1 ] = 0.098
 Average Recall     (AR) @[ IoU=0.50:0.95 | area=   all | maxDets= 10 ] = 0.276
 Average Recall     (AR) @[ IoU=0.50:0.95 | area=   all | maxDets=100 ] = 0.373
 Average Recall     (AR) @[ IoU=0.50:0.95 | area= small | maxDets=100 ] = 0.280
 Average Recall     (AR) @[ IoU=0.50:0.95 | area=medium | maxDets=100 ] = 0.494
 Average Recall     (AR) @[ IoU=0.50:0.95 | area= large | maxDets=100 ] = 0.600
best_stat:  {'epoch': 45, 'coco_eval_bbox': 0.21861088252109578}
Epoch: [46]  [  0/809]  eta: 1:16:09  lr: 0.000100  loss: 11.7659 (11.7659)  loss_bbox: 0.1254 (0.1254)  loss_bbox_aux_0: 0.1384 (0.1384)  loss_bbox_aux_1: 0.1346 (0.1346)  loss_bbox_aux_2: 0.1653 (0.1653)  loss_bbox_dn_0: 0.0340 (0.0340)  loss_bbox_dn_1: 0.0276 (0.0276)  loss_bbox_dn_2: 0.0267 (0.0267)  loss_giou: 1.4050 (1.4050)  loss_giou_aux_0: 1.4633 (1.4633)  loss_giou_aux_1: 1.4150 (1.4150)  loss_giou_aux_2: 1.5069 (1.5069)  loss_giou_dn_0: 0.9378 (0.9378)  loss_giou_dn_1: 0.8862 (0.8862)  loss_giou_dn_2: 0.8733 (0.8733)  loss_vfl: 0.3413 (0.3413)  loss_vfl_aux_0: 0.3433 (0.3433)  loss_vfl_aux_1: 0.3441 (0.3441)  loss_vfl_aux_2: 0.3248 (0.3248)  loss_vfl_dn_0: 0.4355 (0.4355)  loss_vfl_dn_1: 0.4216 (0.4216)  loss_vfl_dn_2: 0.4159 (0.4159)  time: 5.6488  data: 4.1715  max mem: 8872
Epoch: [46]  [100/809]  eta: 0:11:30  lr: 0.000100  loss: 10.1704 (10.0278)  loss_bbox: 0.0784 (0.0868)  loss_bbox_aux_0: 0.0854 (0.0924)  loss_bbox_aux_1: 0.0820 (0.0880)  loss_bbox_aux_2: 0.1003 (0.1058)  loss_bbox_dn_0: 0.0539 (0.0550)  loss_bbox_dn_1: 0.0441 (0.0449)  loss_bbox_dn_2: 0.0431 (0.0436)  loss_giou: 0.9287 (0.9520)  loss_giou_aux_0: 0.9637 (0.9859)  loss_giou_aux_1: 0.9265 (0.9584)  loss_giou_aux_2: 1.0626 (1.0607)  loss_giou_dn_0: 0.7848 (0.7743)  loss_giou_dn_1: 0.6923 (0.6880)  loss_giou_dn_2: 0.6794 (0.6772)  loss_vfl: 0.5114 (0.5118)  loss_vfl_aux_0: 0.5125 (0.5177)  loss_vfl_aux_1: 0.5148 (0.5185)  loss_vfl_aux_2: 0.4785 (0.5000)  loss_vfl_dn_0: 0.4740 (0.4734)  loss_vfl_dn_1: 0.4536 (0.4491)  loss_vfl_dn_2: 0.4482 (0.4443)  time: 0.9352  data: 0.0347  max mem: 8872
Epoch: [46]  [200/809]  eta: 0:09:43  lr: 0.000100  loss: 10.0529 (10.1419)  loss_bbox: 0.0816 (0.0919)  loss_bbox_aux_0: 0.0867 (0.0971)  loss_bbox_aux_1: 0.0829 (0.0932)  loss_bbox_aux_2: 0.1036 (0.1114)  loss_bbox_dn_0: 0.0522 (0.0550)  loss_bbox_dn_1: 0.0421 (0.0447)  loss_bbox_dn_2: 0.0414 (0.0433)  loss_giou: 0.9497 (0.9751)  loss_giou_aux_0: 0.9834 (1.0124)  loss_giou_aux_1: 0.9619 (0.9819)  loss_giou_aux_2: 1.0347 (1.0873)  loss_giou_dn_0: 0.7867 (0.7836)  loss_giou_dn_1: 0.6927 (0.6957)  loss_giou_dn_2: 0.6783 (0.6847)  loss_vfl: 0.4952 (0.5045)  loss_vfl_aux_0: 0.5071 (0.5118)  loss_vfl_aux_1: 0.5009 (0.5110)  loss_vfl_aux_2: 0.4928 (0.4922)  loss_vfl_dn_0: 0.4742 (0.4724)  loss_vfl_dn_1: 0.4506 (0.4486)  loss_vfl_dn_2: 0.4467 (0.4441)  time: 0.9133  data: 0.0392  max mem: 8872
Epoch: [46]  [300/809]  eta: 0:08:03  lr: 0.000100  loss: 9.6909 (10.1002)  loss_bbox: 0.0753 (0.0913)  loss_bbox_aux_0: 0.0807 (0.0966)  loss_bbox_aux_1: 0.0766 (0.0927)  loss_bbox_aux_2: 0.0915 (0.1111)  loss_bbox_dn_0: 0.0530 (0.0552)  loss_bbox_dn_1: 0.0426 (0.0448)  loss_bbox_dn_2: 0.0414 (0.0434)  loss_giou: 0.8770 (0.9677)  loss_giou_aux_0: 0.8978 (1.0050)  loss_giou_aux_1: 0.8832 (0.9754)  loss_giou_aux_2: 0.9864 (1.0786)  loss_giou_dn_0: 0.7738 (0.7783)  loss_giou_dn_1: 0.6896 (0.6912)  loss_giou_dn_2: 0.6717 (0.6802)  loss_vfl: 0.5084 (0.5054)  loss_vfl_aux_0: 0.5137 (0.5129)  loss_vfl_aux_1: 0.5131 (0.5116)  loss_vfl_aux_2: 0.5120 (0.4942)  loss_vfl_dn_0: 0.4756 (0.4727)  loss_vfl_dn_1: 0.4558 (0.4484)  loss_vfl_dn_2: 0.4480 (0.4437)  time: 0.9271  data: 0.0335  max mem: 8872
Epoch: [46]  [400/809]  eta: 0:06:26  lr: 0.000100  loss: 9.9411 (10.1001)  loss_bbox: 0.0870 (0.0912)  loss_bbox_aux_0: 0.0924 (0.0963)  loss_bbox_aux_1: 0.0876 (0.0925)  loss_bbox_aux_2: 0.1063 (0.1106)  loss_bbox_dn_0: 0.0508 (0.0550)  loss_bbox_dn_1: 0.0411 (0.0448)  loss_bbox_dn_2: 0.0400 (0.0433)  loss_giou: 0.9417 (0.9684)  loss_giou_aux_0: 0.9828 (1.0063)  loss_giou_aux_1: 0.9479 (0.9768)  loss_giou_aux_2: 1.0804 (1.0780)  loss_giou_dn_0: 0.8012 (0.7794)  loss_giou_dn_1: 0.6910 (0.6926)  loss_giou_dn_2: 0.6781 (0.6816)  loss_vfl: 0.4585 (0.5042)  loss_vfl_aux_0: 0.4685 (0.5120)  loss_vfl_aux_1: 0.4658 (0.5100)  loss_vfl_aux_2: 0.4452 (0.4941)  loss_vfl_dn_0: 0.4608 (0.4720)  loss_vfl_dn_1: 0.4424 (0.4479)  loss_vfl_dn_2: 0.4368 (0.4431)  time: 0.9407  data: 0.0368  max mem: 8872
Epoch: [46]  [500/809]  eta: 0:04:50  lr: 0.000100  loss: 9.6483 (10.0932)  loss_bbox: 0.0803 (0.0915)  loss_bbox_aux_0: 0.0856 (0.0965)  loss_bbox_aux_1: 0.0831 (0.0927)  loss_bbox_aux_2: 0.0983 (0.1105)  loss_bbox_dn_0: 0.0501 (0.0553)  loss_bbox_dn_1: 0.0403 (0.0450)  loss_bbox_dn_2: 0.0393 (0.0436)  loss_giou: 0.8475 (0.9668)  loss_giou_aux_0: 0.8753 (1.0041)  loss_giou_aux_1: 0.8516 (0.9753)  loss_giou_aux_2: 0.9808 (1.0753)  loss_giou_dn_0: 0.7397 (0.7777)  loss_giou_dn_1: 0.6515 (0.6910)  loss_giou_dn_2: 0.6365 (0.6800)  loss_vfl: 0.4899 (0.5051)  loss_vfl_aux_0: 0.5076 (0.5128)  loss_vfl_aux_1: 0.4990 (0.5108)  loss_vfl_aux_2: 0.4924 (0.4953)  loss_vfl_dn_0: 0.4699 (0.4725)  loss_vfl_dn_1: 0.4481 (0.4481)  loss_vfl_dn_2: 0.4437 (0.4433)  time: 0.9451  data: 0.0394  max mem: 8872
Epoch: [46]  [600/809]  eta: 0:03:16  lr: 0.000100  loss: 10.3028 (10.1070)  loss_bbox: 0.0926 (0.0921)  loss_bbox_aux_0: 0.1018 (0.0974)  loss_bbox_aux_1: 0.0956 (0.0935)  loss_bbox_aux_2: 0.1178 (0.1117)  loss_bbox_dn_0: 0.0504 (0.0555)  loss_bbox_dn_1: 0.0441 (0.0452)  loss_bbox_dn_2: 0.0428 (0.0438)  loss_giou: 0.9395 (0.9698)  loss_giou_aux_0: 0.9728 (1.0070)  loss_giou_aux_1: 0.9587 (0.9784)  loss_giou_aux_2: 1.0614 (1.0780)  loss_giou_dn_0: 0.7797 (0.7777)  loss_giou_dn_1: 0.6714 (0.6909)  loss_giou_dn_2: 0.6614 (0.6798)  loss_vfl: 0.5077 (0.5047)  loss_vfl_aux_0: 0.5236 (0.5123)  loss_vfl_aux_1: 0.5112 (0.5101)  loss_vfl_aux_2: 0.5056 (0.4954)  loss_vfl_dn_0: 0.4788 (0.4725)  loss_vfl_dn_1: 0.4512 (0.4480)  loss_vfl_dn_2: 0.4448 (0.4432)  time: 0.9585  data: 0.0459  max mem: 8872
Epoch: [46]  [700/809]  eta: 0:01:42  lr: 0.000100  loss: 9.5395 (10.1121)  loss_bbox: 0.0779 (0.0925)  loss_bbox_aux_0: 0.0814 (0.0978)  loss_bbox_aux_1: 0.0796 (0.0940)  loss_bbox_aux_2: 0.0887 (0.1122)  loss_bbox_dn_0: 0.0496 (0.0553)  loss_bbox_dn_1: 0.0403 (0.0451)  loss_bbox_dn_2: 0.0394 (0.0437)  loss_giou: 0.8839 (0.9728)  loss_giou_aux_0: 0.9219 (1.0101)  loss_giou_aux_1: 0.8977 (0.9816)  loss_giou_aux_2: 0.9760 (1.0802)  loss_giou_dn_0: 0.7680 (0.7778)  loss_giou_dn_1: 0.6868 (0.6912)  loss_giou_dn_2: 0.6780 (0.6802)  loss_vfl: 0.4967 (0.5026)  loss_vfl_aux_0: 0.4987 (0.5103)  loss_vfl_aux_1: 0.5032 (0.5081)  loss_vfl_aux_2: 0.4857 (0.4942)  loss_vfl_dn_0: 0.4653 (0.4722)  loss_vfl_dn_1: 0.4408 (0.4476)  loss_vfl_dn_2: 0.4393 (0.4427)  time: 0.9127  data: 0.0311  max mem: 8872
Epoch: [46]  [800/809]  eta: 0:00:08  lr: 0.000100  loss: 9.9131 (10.0983)  loss_bbox: 0.0847 (0.0927)  loss_bbox_aux_0: 0.0891 (0.0982)  loss_bbox_aux_1: 0.0859 (0.0943)  loss_bbox_aux_2: 0.0994 (0.1128)  loss_bbox_dn_0: 0.0523 (0.0553)  loss_bbox_dn_1: 0.0423 (0.0451)  loss_bbox_dn_2: 0.0417 (0.0437)  loss_giou: 0.8926 (0.9709)  loss_giou_aux_0: 0.9316 (1.0083)  loss_giou_aux_1: 0.9065 (0.9799)  loss_giou_aux_2: 0.9921 (1.0780)  loss_giou_dn_0: 0.7605 (0.7754)  loss_giou_dn_1: 0.6838 (0.6890)  loss_giou_dn_2: 0.6703 (0.6780)  loss_vfl: 0.5089 (0.5023)  loss_vfl_aux_0: 0.5084 (0.5101)  loss_vfl_aux_1: 0.5144 (0.5077)  loss_vfl_aux_2: 0.4972 (0.4942)  loss_vfl_dn_0: 0.4690 (0.4723)  loss_vfl_dn_1: 0.4443 (0.4474)  loss_vfl_dn_2: 0.4402 (0.4425)  time: 0.9270  data: 0.0405  max mem: 8872
Epoch: [46]  [808/809]  eta: 0:00:00  lr: 0.000100  loss: 10.1625 (10.0997)  loss_bbox: 0.0843 (0.0927)  loss_bbox_aux_0: 0.0891 (0.0982)  loss_bbox_aux_1: 0.0859 (0.0943)  loss_bbox_aux_2: 0.1008 (0.1128)  loss_bbox_dn_0: 0.0547 (0.0554)  loss_bbox_dn_1: 0.0437 (0.0451)  loss_bbox_dn_2: 0.0422 (0.0437)  loss_giou: 1.0133 (0.9711)  loss_giou_aux_0: 1.0613 (1.0084)  loss_giou_aux_1: 1.0225 (0.9801)  loss_giou_aux_2: 1.1126 (1.0782)  loss_giou_dn_0: 0.7916 (0.7756)  loss_giou_dn_1: 0.7056 (0.6892)  loss_giou_dn_2: 0.6983 (0.6781)  loss_vfl: 0.4985 (0.5023)  loss_vfl_aux_0: 0.5068 (0.5101)  loss_vfl_aux_1: 0.5038 (0.5077)  loss_vfl_aux_2: 0.4868 (0.4942)  loss_vfl_dn_0: 0.4722 (0.4724)  loss_vfl_dn_1: 0.4486 (0.4475)  loss_vfl_dn_2: 0.4441 (0.4426)  time: 0.8203  data: 0.0336  max mem: 8872
Epoch: [46] Total time: 0:12:35 (0.9342 s / it)
Averaged stats: lr: 0.000100  loss: 10.1625 (10.0997)  loss_bbox: 0.0843 (0.0927)  loss_bbox_aux_0: 0.0891 (0.0982)  loss_bbox_aux_1: 0.0859 (0.0943)  loss_bbox_aux_2: 0.1008 (0.1128)  loss_bbox_dn_0: 0.0547 (0.0554)  loss_bbox_dn_1: 0.0437 (0.0451)  loss_bbox_dn_2: 0.0422 (0.0437)  loss_giou: 1.0133 (0.9711)  loss_giou_aux_0: 1.0613 (1.0084)  loss_giou_aux_1: 1.0225 (0.9801)  loss_giou_aux_2: 1.1126 (1.0782)  loss_giou_dn_0: 0.7916 (0.7756)  loss_giou_dn_1: 0.7056 (0.6892)  loss_giou_dn_2: 0.6983 (0.6781)  loss_vfl: 0.4985 (0.5023)  loss_vfl_aux_0: 0.5068 (0.5101)  loss_vfl_aux_1: 0.5038 (0.5077)  loss_vfl_aux_2: 0.4868 (0.4942)  loss_vfl_dn_0: 0.4722 (0.4724)  loss_vfl_dn_1: 0.4486 (0.4475)  loss_vfl_dn_2: 0.4441 (0.4426)
Test:  [ 0/69]  eta: 0:01:48    time: 1.5778  data: 0.9648  max mem: 8872
Test:  [10/69]  eta: 0:00:46    time: 0.7825  data: 0.1057  max mem: 8872
Test:  [20/69]  eta: 0:00:35    time: 0.6721  data: 0.0200  max mem: 8872
Test:  [30/69]  eta: 0:00:26    time: 0.6208  data: 0.0205  max mem: 8872
Test:  [40/69]  eta: 0:00:18    time: 0.5832  data: 0.0219  max mem: 8872
Test:  [50/69]  eta: 0:00:11    time: 0.5569  data: 0.0217  max mem: 8872
Test:  [60/69]  eta: 0:00:05    time: 0.5331  data: 0.0207  max mem: 8872
Test:  [68/69]  eta: 0:00:00    time: 0.5466  data: 0.0198  max mem: 8872
Test: Total time: 0:00:42 (0.6100 s / it)
Averaged stats: 
Accumulating evaluation results...
DONE (t=1.96s).
IoU metric: bbox
 Average Precision  (AP) @[ IoU=0.50:0.95 | area=   all | maxDets=100 ] = 0.220
 Average Precision  (AP) @[ IoU=0.50      | area=   all | maxDets=100 ] = 0.363
 Average Precision  (AP) @[ IoU=0.75      | area=   all | maxDets=100 ] = 0.226
 Average Precision  (AP) @[ IoU=0.50:0.95 | area= small | maxDets=100 ] = 0.140
 Average Precision  (AP) @[ IoU=0.50:0.95 | area=medium | maxDets=100 ] = 0.312
 Average Precision  (AP) @[ IoU=0.50:0.95 | area= large | maxDets=100 ] = 0.393
 Average Recall     (AR) @[ IoU=0.50:0.95 | area=   all | maxDets=  1 ] = 0.097
 Average Recall     (AR) @[ IoU=0.50:0.95 | area=   all | maxDets= 10 ] = 0.278
 Average Recall     (AR) @[ IoU=0.50:0.95 | area=   all | maxDets=100 ] = 0.374
 Average Recall     (AR) @[ IoU=0.50:0.95 | area= small | maxDets=100 ] = 0.281
 Average Recall     (AR) @[ IoU=0.50:0.95 | area=medium | maxDets=100 ] = 0.495
 Average Recall     (AR) @[ IoU=0.50:0.95 | area= large | maxDets=100 ] = 0.600
best_stat:  {'epoch': 46, 'coco_eval_bbox': 0.21997318638939234}
Epoch: [47]  [  0/809]  eta: 1:11:26  lr: 0.000100  loss: 9.5470 (9.5470)  loss_bbox: 0.0705 (0.0705)  loss_bbox_aux_0: 0.0751 (0.0751)  loss_bbox_aux_1: 0.0727 (0.0727)  loss_bbox_aux_2: 0.0824 (0.0824)  loss_bbox_dn_0: 0.0480 (0.0480)  loss_bbox_dn_1: 0.0405 (0.0405)  loss_bbox_dn_2: 0.0397 (0.0397)  loss_giou: 0.8216 (0.8216)  loss_giou_aux_0: 0.8453 (0.8453)  loss_giou_aux_1: 0.8347 (0.8347)  loss_giou_aux_2: 0.8948 (0.8948)  loss_giou_dn_0: 0.7114 (0.7114)  loss_giou_dn_1: 0.6393 (0.6393)  loss_giou_dn_2: 0.6304 (0.6304)  loss_vfl: 0.5836 (0.5836)  loss_vfl_aux_0: 0.5912 (0.5912)  loss_vfl_aux_1: 0.5944 (0.5944)  loss_vfl_aux_2: 0.5765 (0.5765)  loss_vfl_dn_0: 0.4896 (0.4896)  loss_vfl_dn_1: 0.4536 (0.4536)  loss_vfl_dn_2: 0.4517 (0.4517)  time: 5.2982  data: 3.3649  max mem: 8872
Epoch: [47]  [100/809]  eta: 0:11:35  lr: 0.000100  loss: 10.0882 (10.0808)  loss_bbox: 0.0855 (0.0910)  loss_bbox_aux_0: 0.0920 (0.0957)  loss_bbox_aux_1: 0.0886 (0.0928)  loss_bbox_aux_2: 0.0991 (0.1087)  loss_bbox_dn_0: 0.0509 (0.0552)  loss_bbox_dn_1: 0.0397 (0.0451)  loss_bbox_dn_2: 0.0381 (0.0439)  loss_giou: 0.9819 (0.9695)  loss_giou_aux_0: 1.0177 (1.0060)  loss_giou_aux_1: 1.0053 (0.9786)  loss_giou_aux_2: 1.0642 (1.0714)  loss_giou_dn_0: 0.7793 (0.7766)  loss_giou_dn_1: 0.6920 (0.6915)  loss_giou_dn_2: 0.6822 (0.6810)  loss_vfl: 0.4995 (0.5027)  loss_vfl_aux_0: 0.5094 (0.5094)  loss_vfl_aux_1: 0.4988 (0.5066)  loss_vfl_aux_2: 0.4918 (0.4953)  loss_vfl_dn_0: 0.4622 (0.4709)  loss_vfl_dn_1: 0.4406 (0.4468)  loss_vfl_dn_2: 0.4384 (0.4421)  time: 0.9301  data: 0.0405  max mem: 8872
Epoch: [47]  [200/809]  eta: 0:09:47  lr: 0.000100  loss: 9.8784 (10.0518)  loss_bbox: 0.0805 (0.0911)  loss_bbox_aux_0: 0.0850 (0.0964)  loss_bbox_aux_1: 0.0813 (0.0929)  loss_bbox_aux_2: 0.0995 (0.1106)  loss_bbox_dn_0: 0.0496 (0.0548)  loss_bbox_dn_1: 0.0420 (0.0448)  loss_bbox_dn_2: 0.0411 (0.0436)  loss_giou: 0.9065 (0.9623)  loss_giou_aux_0: 0.9388 (1.0004)  loss_giou_aux_1: 0.9176 (0.9724)  loss_giou_aux_2: 1.0151 (1.0695)  loss_giou_dn_0: 0.7561 (0.7733)  loss_giou_dn_1: 0.6749 (0.6872)  loss_giou_dn_2: 0.6682 (0.6765)  loss_vfl: 0.5052 (0.5039)  loss_vfl_aux_0: 0.5110 (0.5111)  loss_vfl_aux_1: 0.5039 (0.5077)  loss_vfl_aux_2: 0.4939 (0.4938)  loss_vfl_dn_0: 0.4708 (0.4716)  loss_vfl_dn_1: 0.4437 (0.4465)  loss_vfl_dn_2: 0.4410 (0.4415)  time: 0.9385  data: 0.0373  max mem: 8872
Epoch: [47]  [300/809]  eta: 0:08:09  lr: 0.000100  loss: 10.0783 (10.0574)  loss_bbox: 0.0751 (0.0922)  loss_bbox_aux_0: 0.0802 (0.0976)  loss_bbox_aux_1: 0.0768 (0.0941)  loss_bbox_aux_2: 0.0910 (0.1120)  loss_bbox_dn_0: 0.0519 (0.0545)  loss_bbox_dn_1: 0.0393 (0.0445)  loss_bbox_dn_2: 0.0379 (0.0432)  loss_giou: 0.9712 (0.9661)  loss_giou_aux_0: 1.0211 (1.0024)  loss_giou_aux_1: 0.9722 (0.9752)  loss_giou_aux_2: 1.0874 (1.0728)  loss_giou_dn_0: 0.7868 (0.7726)  loss_giou_dn_1: 0.6938 (0.6872)  loss_giou_dn_2: 0.6784 (0.6763)  loss_vfl: 0.4978 (0.5005)  loss_vfl_aux_0: 0.4948 (0.5086)  loss_vfl_aux_1: 0.5045 (0.5055)  loss_vfl_aux_2: 0.4813 (0.4918)  loss_vfl_dn_0: 0.4670 (0.4721)  loss_vfl_dn_1: 0.4441 (0.4467)  loss_vfl_dn_2: 0.4401 (0.4417)  time: 0.9772  data: 0.0399  max mem: 8872
Epoch: [47]  [400/809]  eta: 0:06:29  lr: 0.000100  loss: 9.8729 (10.0391)  loss_bbox: 0.0802 (0.0916)  loss_bbox_aux_0: 0.0863 (0.0969)  loss_bbox_aux_1: 0.0812 (0.0935)  loss_bbox_aux_2: 0.1006 (0.1113)  loss_bbox_dn_0: 0.0606 (0.0557)  loss_bbox_dn_1: 0.0477 (0.0454)  loss_bbox_dn_2: 0.0462 (0.0440)  loss_giou: 0.8788 (0.9589)  loss_giou_aux_0: 0.9140 (0.9951)  loss_giou_aux_1: 0.8864 (0.9678)  loss_giou_aux_2: 0.9827 (1.0660)  loss_giou_dn_0: 0.7702 (0.7712)  loss_giou_dn_1: 0.6807 (0.6849)  loss_giou_dn_2: 0.6690 (0.6737)  loss_vfl: 0.5205 (0.5039)  loss_vfl_aux_0: 0.5442 (0.5125)  loss_vfl_aux_1: 0.5260 (0.5091)  loss_vfl_aux_2: 0.5240 (0.4961)  loss_vfl_dn_0: 0.4758 (0.4725)  loss_vfl_dn_1: 0.4495 (0.4472)  loss_vfl_dn_2: 0.4464 (0.4418)  time: 0.9109  data: 0.0352  max mem: 8872
Epoch: [47]  [500/809]  eta: 0:04:52  lr: 0.000100  loss: 10.1064 (10.0174)  loss_bbox: 0.0893 (0.0911)  loss_bbox_aux_0: 0.0954 (0.0964)  loss_bbox_aux_1: 0.0891 (0.0928)  loss_bbox_aux_2: 0.1111 (0.1104)  loss_bbox_dn_0: 0.0576 (0.0558)  loss_bbox_dn_1: 0.0462 (0.0455)  loss_bbox_dn_2: 0.0441 (0.0441)  loss_giou: 0.9917 (0.9546)  loss_giou_aux_0: 0.9966 (0.9904)  loss_giou_aux_1: 0.9810 (0.9637)  loss_giou_aux_2: 1.0636 (1.0615)  loss_giou_dn_0: 0.7623 (0.7686)  loss_giou_dn_1: 0.6884 (0.6827)  loss_giou_dn_2: 0.6814 (0.6717)  loss_vfl: 0.5166 (0.5051)  loss_vfl_aux_0: 0.5227 (0.5138)  loss_vfl_aux_1: 0.5151 (0.5106)  loss_vfl_aux_2: 0.5073 (0.4981)  loss_vfl_dn_0: 0.4757 (0.4724)  loss_vfl_dn_1: 0.4412 (0.4467)  loss_vfl_dn_2: 0.4373 (0.4414)  time: 0.9937  data: 0.0435  max mem: 8872
Epoch: [47]  [600/809]  eta: 0:03:17  lr: 0.000100  loss: 10.0007 (10.0154)  loss_bbox: 0.0806 (0.0907)  loss_bbox_aux_0: 0.0858 (0.0959)  loss_bbox_aux_1: 0.0813 (0.0923)  loss_bbox_aux_2: 0.1009 (0.1099)  loss_bbox_dn_0: 0.0539 (0.0553)  loss_bbox_dn_1: 0.0404 (0.0451)  loss_bbox_dn_2: 0.0405 (0.0438)  loss_giou: 0.9799 (0.9551)  loss_giou_aux_0: 1.0178 (0.9911)  loss_giou_aux_1: 0.9874 (0.9645)  loss_giou_aux_2: 1.1072 (1.0615)  loss_giou_dn_0: 0.7809 (0.7685)  loss_giou_dn_1: 0.6920 (0.6827)  loss_giou_dn_2: 0.6872 (0.6717)  loss_vfl: 0.4957 (0.5053)  loss_vfl_aux_0: 0.5062 (0.5138)  loss_vfl_aux_1: 0.5032 (0.5105)  loss_vfl_aux_2: 0.4769 (0.4980)  loss_vfl_dn_0: 0.4656 (0.4723)  loss_vfl_dn_1: 0.4456 (0.4464)  loss_vfl_dn_2: 0.4404 (0.4411)  time: 0.9651  data: 0.0417  max mem: 8872
