2026-02-17 05:43:30.144930: E external/local_xla/xla/stream_executor/cuda/cuda_fft.cc:485] Unable to register cuFFT factory: Attempting to register factory for plugin cuFFT when one has already been registered
2026-02-17 05:43:30.144931: E external/local_xla/xla/stream_executor/cuda/cuda_fft.cc:485] Unable to register cuFFT factory: Attempting to register factory for plugin cuFFT when one has already been registered
2026-02-17 05:43:30.163948: E external/local_xla/xla/stream_executor/cuda/cuda_dnn.cc:8454] Unable to register cuDNN factory: Attempting to register factory for plugin cuDNN when one has already been registered
2026-02-17 05:43:30.163992: E external/local_xla/xla/stream_executor/cuda/cuda_dnn.cc:8454] Unable to register cuDNN factory: Attempting to register factory for plugin cuDNN when one has already been registered
2026-02-17 05:43:30.169544: E external/local_xla/xla/stream_executor/cuda/cuda_blas.cc:1452] Unable to register cuBLAS factory: Attempting to register factory for plugin cuBLAS when one has already been registered
2026-02-17 05:43:30.169594: E external/local_xla/xla/stream_executor/cuda/cuda_blas.cc:1452] Unable to register cuBLAS factory: Attempting to register factory for plugin cuBLAS when one has already been registered
Initialized distributed mode...
Start training
/usr/local/lib/python3.10/dist-packages/torchvision/models/_utils.py:208: UserWarning: The parameter 'pretrained' is deprecated since 0.13 and may be removed in the future, please use 'weights' instead.
  warnings.warn(
/usr/local/lib/python3.10/dist-packages/torchvision/models/_utils.py:223: UserWarning: Arguments other than a weight enum or `None` for 'weights' are deprecated since 0.13 and may be removed in the future. The current behavior is equivalent to passing `weights=EfficientNet_B2_Weights.IMAGENET1K_V1`. You can also use `weights=EfficientNet_B2_Weights.DEFAULT` to get the most up-to-date weights.
  warnings.warn(msg)
/usr/local/lib/python3.10/dist-packages/torchvision/models/_utils.py:208: UserWarning: The parameter 'pretrained' is deprecated since 0.13 and may be removed in the future, please use 'weights' instead.
  warnings.warn(
/usr/local/lib/python3.10/dist-packages/torchvision/models/_utils.py:223: UserWarning: Arguments other than a weight enum or `None` for 'weights' are deprecated since 0.13 and may be removed in the future. The current behavior is equivalent to passing `weights=EfficientNet_B2_Weights.IMAGENET1K_V1`. You can also use `weights=EfficientNet_B2_Weights.DEFAULT` to get the most up-to-date weights.
  warnings.warn(msg)
Downloading: "https://download.pytorch.org/models/efficientnet_b2_rwightman-bcdf34b7.pth" to /root/.cache/torch/hub/checkpoints/efficientnet_b2_rwightman-bcdf34b7.pth
Downloading: "https://download.pytorch.org/models/efficientnet_b2_rwightman-bcdf34b7.pth" to /root/.cache/torch/hub/checkpoints/efficientnet_b2_rwightman-bcdf34b7.pth
  0%|          | 0.00/35.2M [00:00<?, ?B/s]  0%|          | 0.00/35.2M [00:00<?, ?B/s]  0%|          | 72.0k/35.2M [00:00<01:01, 597kB/s]  0%|          | 72.0k/35.2M [00:00<01:01, 597kB/s]  1%|          | 360k/35.2M [00:00<00:19, 1.83MB/s]  1%|          | 360k/35.2M [00:00<00:19, 1.83MB/s]  4%|▍         | 1.41M/35.2M [00:00<00:06, 5.68MB/s]  4%|▍         | 1.41M/35.2M [00:00<00:06, 5.68MB/s]  9%|▉         | 3.10M/35.2M [00:00<00:03, 10.2MB/s]  9%|▉         | 3.10M/35.2M [00:00<00:03, 10.2MB/s] 28%|██▊       | 9.91M/35.2M [00:00<00:00, 28.7MB/s] 28%|██▊       | 9.91M/35.2M [00:00<00:00, 28.7MB/s] 50%|████▉     | 17.4M/35.2M [00:00<00:00, 40.5MB/s] 50%|████▉     | 17.4M/35.2M [00:00<00:00, 40.5MB/s] 71%|███████   | 25.0M/35.2M [00:00<00:00, 47.8MB/s] 71%|███████   | 25.0M/35.2M [00:00<00:00, 47.8MB/s] 90%|█████████ | 31.7M/35.2M [00:00<00:00, 50.0MB/s] 90%|█████████ | 31.7M/35.2M [00:00<00:00, 49.9MB/s]100%|██████████| 35.2M/35.2M [00:00<00:00, 38.4MB/s]
100%|██████████| 35.2M/35.2M [00:00<00:00, 38.3MB/s]
Initial lr:  [0.0001, 0.0001]
Resume checkpoint from /kaggle/input/notebooks/kaviraatthanayaka/rt-detr-efi-b2-train-visdrone2019-baseline/RT-DETR_SOD_IMP/rtdetr_pytorch/output/rtdetr_visdrone_eb2/checkpoint0037.pth
Loading last_epoch
Loading model.state_dict
Loading ema.state_dict
Loading optimizer.state_dict
Loading lr_scheduler.state_dict
Overriding milestones to [80]
Resetting param_group[0] LR to 0.0001 (base_lr=0.0001, decay_count=0)
Resetting param_group[1] LR to 0.0001 (base_lr=0.0001, decay_count=0)
loading annotations into memory...
Done (t=1.83s)
creating index...
index created!
loading annotations into memory...
Done (t=0.10s)
creating index...
index created!
number of params: 16499354
Epoch: [38]  [  0/809]  eta: 1:48:25  lr: 0.000100  loss: 10.0580 (10.0580)  loss_bbox: 0.0832 (0.0832)  loss_bbox_aux_0: 0.0880 (0.0880)  loss_bbox_aux_1: 0.0845 (0.0845)  loss_bbox_aux_2: 0.1025 (0.1025)  loss_bbox_dn_0: 0.0572 (0.0572)  loss_bbox_dn_1: 0.0444 (0.0444)  loss_bbox_dn_2: 0.0438 (0.0438)  loss_giou: 1.0110 (1.0110)  loss_giou_aux_0: 1.0490 (1.0490)  loss_giou_aux_1: 1.0220 (1.0220)  loss_giou_aux_2: 1.0981 (1.0981)  loss_giou_dn_0: 0.8071 (0.8071)  loss_giou_dn_1: 0.7290 (0.7290)  loss_giou_dn_2: 0.7254 (0.7254)  loss_vfl: 0.4560 (0.4560)  loss_vfl_aux_0: 0.4569 (0.4569)  loss_vfl_aux_1: 0.4606 (0.4606)  loss_vfl_aux_2: 0.4692 (0.4692)  loss_vfl_dn_0: 0.4402 (0.4402)  loss_vfl_dn_1: 0.4160 (0.4160)  loss_vfl_dn_2: 0.4139 (0.4139)  time: 8.0415  data: 3.3765  max mem: 4295
Epoch: [38]  [100/809]  eta: 0:11:47  lr: 0.000100  loss: 10.4983 (10.4184)  loss_bbox: 0.0921 (0.0993)  loss_bbox_aux_0: 0.1004 (0.1068)  loss_bbox_aux_1: 0.0965 (0.1013)  loss_bbox_aux_2: 0.1107 (0.1203)  loss_bbox_dn_0: 0.0582 (0.0560)  loss_bbox_dn_1: 0.0454 (0.0463)  loss_bbox_dn_2: 0.0454 (0.0453)  loss_giou: 1.0204 (1.0445)  loss_giou_aux_0: 1.0631 (1.0750)  loss_giou_aux_1: 1.0375 (1.0533)  loss_giou_aux_2: 1.1102 (1.1280)  loss_giou_dn_0: 0.8450 (0.8234)  loss_giou_dn_1: 0.7693 (0.7434)  loss_giou_dn_2: 0.7618 (0.7355)  loss_vfl: 0.4433 (0.4652)  loss_vfl_aux_0: 0.4493 (0.4748)  loss_vfl_aux_1: 0.4512 (0.4725)  loss_vfl_aux_2: 0.4471 (0.4745)  loss_vfl_dn_0: 0.4584 (0.4642)  loss_vfl_dn_1: 0.4494 (0.4462)  loss_vfl_dn_2: 0.4492 (0.4425)  time: 0.9161  data: 0.0267  max mem: 8652
Epoch: [38]  [200/809]  eta: 0:09:49  lr: 0.000100  loss: 10.6292 (10.4054)  loss_bbox: 0.0929 (0.1000)  loss_bbox_aux_0: 0.1020 (0.1075)  loss_bbox_aux_1: 0.0939 (0.1020)  loss_bbox_aux_2: 0.1124 (0.1206)  loss_bbox_dn_0: 0.0564 (0.0567)  loss_bbox_dn_1: 0.0481 (0.0470)  loss_bbox_dn_2: 0.0470 (0.0458)  loss_giou: 1.0995 (1.0360)  loss_giou_aux_0: 1.1408 (1.0673)  loss_giou_aux_1: 1.1215 (1.0481)  loss_giou_aux_2: 1.1812 (1.1208)  loss_giou_dn_0: 0.8350 (0.8191)  loss_giou_dn_1: 0.7735 (0.7416)  loss_giou_dn_2: 0.7595 (0.7339)  loss_vfl: 0.4428 (0.4682)  loss_vfl_aux_0: 0.4607 (0.4789)  loss_vfl_aux_1: 0.4503 (0.4751)  loss_vfl_aux_2: 0.4620 (0.4792)  loss_vfl_dn_0: 0.4680 (0.4666)  loss_vfl_dn_1: 0.4505 (0.4475)  loss_vfl_dn_2: 0.4432 (0.4436)  time: 0.9160  data: 0.0280  max mem: 8652
Epoch: [38]  [300/809]  eta: 0:08:07  lr: 0.000100  loss: 10.2996 (10.4418)  loss_bbox: 0.0911 (0.1024)  loss_bbox_aux_0: 0.0959 (0.1094)  loss_bbox_aux_1: 0.0936 (0.1045)  loss_bbox_aux_2: 0.1083 (0.1225)  loss_bbox_dn_0: 0.0508 (0.0572)  loss_bbox_dn_1: 0.0452 (0.0474)  loss_bbox_dn_2: 0.0442 (0.0462)  loss_giou: 0.9453 (1.0375)  loss_giou_aux_0: 0.9683 (1.0681)  loss_giou_aux_1: 0.9470 (1.0491)  loss_giou_aux_2: 1.0282 (1.1238)  loss_giou_dn_0: 0.8053 (0.8200)  loss_giou_dn_1: 0.7383 (0.7424)  loss_giou_dn_2: 0.7332 (0.7346)  loss_vfl: 0.4892 (0.4729)  loss_vfl_aux_0: 0.5097 (0.4830)  loss_vfl_aux_1: 0.4999 (0.4797)  loss_vfl_aux_2: 0.5022 (0.4821)  loss_vfl_dn_0: 0.4641 (0.4668)  loss_vfl_dn_1: 0.4396 (0.4481)  loss_vfl_dn_2: 0.4386 (0.4441)  time: 0.9349  data: 0.0242  max mem: 8683
Epoch: [38]  [400/809]  eta: 0:06:31  lr: 0.000100  loss: 10.3245 (10.4403)  loss_bbox: 0.0923 (0.1024)  loss_bbox_aux_0: 0.1007 (0.1096)  loss_bbox_aux_1: 0.0939 (0.1046)  loss_bbox_aux_2: 0.1127 (0.1230)  loss_bbox_dn_0: 0.0568 (0.0570)  loss_bbox_dn_1: 0.0488 (0.0472)  loss_bbox_dn_2: 0.0479 (0.0460)  loss_giou: 0.9668 (1.0365)  loss_giou_aux_0: 0.9991 (1.0668)  loss_giou_aux_1: 0.9789 (1.0480)  loss_giou_aux_2: 1.0631 (1.1230)  loss_giou_dn_0: 0.8098 (0.8190)  loss_giou_dn_1: 0.7355 (0.7423)  loss_giou_dn_2: 0.7268 (0.7346)  loss_vfl: 0.4899 (0.4741)  loss_vfl_aux_0: 0.4980 (0.4841)  loss_vfl_aux_1: 0.4966 (0.4810)  loss_vfl_aux_2: 0.4933 (0.4829)  loss_vfl_dn_0: 0.4646 (0.4668)  loss_vfl_dn_1: 0.4415 (0.4477)  loss_vfl_dn_2: 0.4376 (0.4438)  time: 0.9532  data: 0.0280  max mem: 8683
Epoch: [38]  [500/809]  eta: 0:04:55  lr: 0.000100  loss: 10.4200 (10.4180)  loss_bbox: 0.0860 (0.1021)  loss_bbox_aux_0: 0.0903 (0.1091)  loss_bbox_aux_1: 0.0885 (0.1041)  loss_bbox_aux_2: 0.1073 (0.1225)  loss_bbox_dn_0: 0.0482 (0.0568)  loss_bbox_dn_1: 0.0403 (0.0470)  loss_bbox_dn_2: 0.0391 (0.0459)  loss_giou: 1.1139 (1.0328)  loss_giou_aux_0: 1.1489 (1.0629)  loss_giou_aux_1: 1.1244 (1.0448)  loss_giou_aux_2: 1.1770 (1.1198)  loss_giou_dn_0: 0.8397 (0.8162)  loss_giou_dn_1: 0.7656 (0.7397)  loss_giou_dn_2: 0.7594 (0.7319)  loss_vfl: 0.4251 (0.4747)  loss_vfl_aux_0: 0.4306 (0.4848)  loss_vfl_aux_1: 0.4240 (0.4814)  loss_vfl_aux_2: 0.4308 (0.4838)  loss_vfl_dn_0: 0.4580 (0.4669)  loss_vfl_dn_1: 0.4380 (0.4475)  loss_vfl_dn_2: 0.4329 (0.4434)  time: 0.9557  data: 0.0262  max mem: 8683
Epoch: [38]  [600/809]  eta: 0:03:19  lr: 0.000100  loss: 10.1079 (10.3798)  loss_bbox: 0.0830 (0.1003)  loss_bbox_aux_0: 0.0864 (0.1070)  loss_bbox_aux_1: 0.0845 (0.1022)  loss_bbox_aux_2: 0.0964 (0.1202)  loss_bbox_dn_0: 0.0548 (0.0565)  loss_bbox_dn_1: 0.0455 (0.0468)  loss_bbox_dn_2: 0.0440 (0.0457)  loss_giou: 0.9903 (1.0243)  loss_giou_aux_0: 1.0140 (1.0542)  loss_giou_aux_1: 0.9928 (1.0359)  loss_giou_aux_2: 1.0784 (1.1124)  loss_giou_dn_0: 0.7941 (0.8131)  loss_giou_dn_1: 0.7184 (0.7369)  loss_giou_dn_2: 0.7118 (0.7291)  loss_vfl: 0.4823 (0.4777)  loss_vfl_aux_0: 0.4949 (0.4883)  loss_vfl_aux_1: 0.4956 (0.4848)  loss_vfl_aux_2: 0.4878 (0.4871)  loss_vfl_dn_0: 0.4660 (0.4668)  loss_vfl_dn_1: 0.4434 (0.4472)  loss_vfl_dn_2: 0.4415 (0.4431)  time: 0.9531  data: 0.0245  max mem: 8726
Epoch: [38]  [700/809]  eta: 0:01:43  lr: 0.000100  loss: 10.0372 (10.3704)  loss_bbox: 0.0881 (0.0992)  loss_bbox_aux_0: 0.0974 (0.1058)  loss_bbox_aux_1: 0.0871 (0.1010)  loss_bbox_aux_2: 0.1098 (0.1189)  loss_bbox_dn_0: 0.0541 (0.0566)  loss_bbox_dn_1: 0.0426 (0.0470)  loss_bbox_dn_2: 0.0409 (0.0458)  loss_giou: 0.9576 (1.0210)  loss_giou_aux_0: 0.9991 (1.0510)  loss_giou_aux_1: 0.9699 (1.0323)  loss_giou_aux_2: 1.0530 (1.1095)  loss_giou_dn_0: 0.8096 (0.8129)  loss_giou_dn_1: 0.7199 (0.7367)  loss_giou_dn_2: 0.7057 (0.7290)  loss_vfl: 0.4915 (0.4797)  loss_vfl_aux_0: 0.4970 (0.4903)  loss_vfl_aux_1: 0.5056 (0.4871)  loss_vfl_aux_2: 0.4941 (0.4890)  loss_vfl_dn_0: 0.4659 (0.4671)  loss_vfl_dn_1: 0.4472 (0.4474)  loss_vfl_dn_2: 0.4409 (0.4432)  time: 0.9116  data: 0.0236  max mem: 8759
Epoch: [38]  [800/809]  eta: 0:00:08  lr: 0.000100  loss: 10.0376 (10.3534)  loss_bbox: 0.0797 (0.0988)  loss_bbox_aux_0: 0.0849 (0.1054)  loss_bbox_aux_1: 0.0823 (0.1006)  loss_bbox_aux_2: 0.0999 (0.1187)  loss_bbox_dn_0: 0.0574 (0.0569)  loss_bbox_dn_1: 0.0444 (0.0471)  loss_bbox_dn_2: 0.0424 (0.0460)  loss_giou: 0.9564 (1.0167)  loss_giou_aux_0: 0.9833 (1.0469)  loss_giou_aux_1: 0.9536 (1.0280)  loss_giou_aux_2: 1.0254 (1.1059)  loss_giou_dn_0: 0.7982 (0.8120)  loss_giou_dn_1: 0.7085 (0.7347)  loss_giou_dn_2: 0.7089 (0.7269)  loss_vfl: 0.4837 (0.4811)  loss_vfl_aux_0: 0.5051 (0.4916)  loss_vfl_aux_1: 0.4930 (0.4885)  loss_vfl_aux_2: 0.5099 (0.4904)  loss_vfl_dn_0: 0.4657 (0.4669)  loss_vfl_dn_1: 0.4499 (0.4473)  loss_vfl_dn_2: 0.4477 (0.4431)  time: 0.9257  data: 0.0254  max mem: 8759
Epoch: [38]  [808/809]  eta: 0:00:00  lr: 0.000100  loss: 10.0866 (10.3535)  loss_bbox: 0.0820 (0.0988)  loss_bbox_aux_0: 0.0874 (0.1054)  loss_bbox_aux_1: 0.0835 (0.1006)  loss_bbox_aux_2: 0.1016 (0.1187)  loss_bbox_dn_0: 0.0545 (0.0569)  loss_bbox_dn_1: 0.0421 (0.0471)  loss_bbox_dn_2: 0.0414 (0.0460)  loss_giou: 0.9591 (1.0167)  loss_giou_aux_0: 0.9864 (1.0468)  loss_giou_aux_1: 0.9661 (1.0279)  loss_giou_aux_2: 1.0443 (1.1058)  loss_giou_dn_0: 0.7993 (0.8120)  loss_giou_dn_1: 0.7174 (0.7346)  loss_giou_dn_2: 0.7089 (0.7268)  loss_vfl: 0.4763 (0.4812)  loss_vfl_aux_0: 0.4804 (0.4917)  loss_vfl_aux_1: 0.4855 (0.4887)  loss_vfl_aux_2: 0.4717 (0.4905)  loss_vfl_dn_0: 0.4657 (0.4669)  loss_vfl_dn_1: 0.4461 (0.4473)  loss_vfl_dn_2: 0.4429 (0.4431)  time: 0.8434  data: 0.0235  max mem: 8759
Epoch: [38] Total time: 0:12:47 (0.9490 s / it)
Averaged stats: lr: 0.000100  loss: 10.0866 (10.3535)  loss_bbox: 0.0820 (0.0988)  loss_bbox_aux_0: 0.0874 (0.1054)  loss_bbox_aux_1: 0.0835 (0.1006)  loss_bbox_aux_2: 0.1016 (0.1187)  loss_bbox_dn_0: 0.0545 (0.0569)  loss_bbox_dn_1: 0.0421 (0.0471)  loss_bbox_dn_2: 0.0414 (0.0460)  loss_giou: 0.9591 (1.0167)  loss_giou_aux_0: 0.9864 (1.0468)  loss_giou_aux_1: 0.9661 (1.0279)  loss_giou_aux_2: 1.0443 (1.1058)  loss_giou_dn_0: 0.7993 (0.8120)  loss_giou_dn_1: 0.7174 (0.7346)  loss_giou_dn_2: 0.7089 (0.7268)  loss_vfl: 0.4763 (0.4812)  loss_vfl_aux_0: 0.4804 (0.4917)  loss_vfl_aux_1: 0.4855 (0.4887)  loss_vfl_aux_2: 0.4717 (0.4905)  loss_vfl_dn_0: 0.4657 (0.4669)  loss_vfl_dn_1: 0.4461 (0.4473)  loss_vfl_dn_2: 0.4429 (0.4431)
Test:  [ 0/69]  eta: 0:01:37    time: 1.4199  data: 0.8264  max mem: 8759
Test:  [10/69]  eta: 0:00:40    time: 0.6883  data: 0.0921  max mem: 8759
Test:  [20/69]  eta: 0:00:31    time: 0.5962  data: 0.0195  max mem: 8759
Test:  [30/69]  eta: 0:00:23    time: 0.5414  data: 0.0201  max mem: 8759
Test:  [40/69]  eta: 0:00:16    time: 0.4909  data: 0.0202  max mem: 8759
Test:  [50/69]  eta: 0:00:10    time: 0.4510  data: 0.0209  max mem: 8759
Test:  [60/69]  eta: 0:00:04    time: 0.4398  data: 0.0214  max mem: 8759
Test:  [68/69]  eta: 0:00:00    time: 0.4589  data: 0.0198  max mem: 8759
Test: Total time: 0:00:35 (0.5195 s / it)
Averaged stats: 
Accumulating evaluation results...
DONE (t=1.99s).
IoU metric: bbox
 Average Precision  (AP) @[ IoU=0.50:0.95 | area=   all | maxDets=100 ] = 0.200
 Average Precision  (AP) @[ IoU=0.50      | area=   all | maxDets=100 ] = 0.338
 Average Precision  (AP) @[ IoU=0.75      | area=   all | maxDets=100 ] = 0.203
 Average Precision  (AP) @[ IoU=0.50:0.95 | area= small | maxDets=100 ] = 0.119
 Average Precision  (AP) @[ IoU=0.50:0.95 | area=medium | maxDets=100 ] = 0.288
 Average Precision  (AP) @[ IoU=0.50:0.95 | area= large | maxDets=100 ] = 0.411
 Average Recall     (AR) @[ IoU=0.50:0.95 | area=   all | maxDets=  1 ] = 0.093
 Average Recall     (AR) @[ IoU=0.50:0.95 | area=   all | maxDets= 10 ] = 0.258
 Average Recall     (AR) @[ IoU=0.50:0.95 | area=   all | maxDets=100 ] = 0.350
 Average Recall     (AR) @[ IoU=0.50:0.95 | area= small | maxDets=100 ] = 0.253
 Average Recall     (AR) @[ IoU=0.50:0.95 | area=medium | maxDets=100 ] = 0.477
 Average Recall     (AR) @[ IoU=0.50:0.95 | area= large | maxDets=100 ] = 0.600
best_stat:  {'epoch': 38, 'coco_eval_bbox': 0.2003802068058315}
Epoch: [39]  [  0/809]  eta: 1:14:01  lr: 0.000100  loss: 11.8467 (11.8467)  loss_bbox: 0.1671 (0.1671)  loss_bbox_aux_0: 0.1715 (0.1715)  loss_bbox_aux_1: 0.1706 (0.1706)  loss_bbox_aux_2: 0.1760 (0.1760)  loss_bbox_dn_0: 0.0441 (0.0441)  loss_bbox_dn_1: 0.0373 (0.0373)  loss_bbox_dn_2: 0.0366 (0.0366)  loss_giou: 1.3976 (1.3976)  loss_giou_aux_0: 1.4387 (1.4387)  loss_giou_aux_1: 1.4167 (1.4167)  loss_giou_aux_2: 1.4494 (1.4494)  loss_giou_dn_0: 0.9068 (0.9068)  loss_giou_dn_1: 0.8348 (0.8348)  loss_giou_dn_2: 0.8254 (0.8254)  loss_vfl: 0.3479 (0.3479)  loss_vfl_aux_0: 0.3544 (0.3544)  loss_vfl_aux_1: 0.3526 (0.3526)  loss_vfl_aux_2: 0.3633 (0.3633)  loss_vfl_dn_0: 0.4565 (0.4565)  loss_vfl_dn_1: 0.4506 (0.4506)  loss_vfl_dn_2: 0.4489 (0.4489)  time: 5.4897  data: 2.9295  max mem: 8759
Epoch: [39]  [100/809]  eta: 0:12:56  lr: 0.000100  loss: 10.3018 (10.4735)  loss_bbox: 0.0923 (0.1025)  loss_bbox_aux_0: 0.0973 (0.1080)  loss_bbox_aux_1: 0.0956 (0.1043)  loss_bbox_aux_2: 0.1116 (0.1221)  loss_bbox_dn_0: 0.0536 (0.0557)  loss_bbox_dn_1: 0.0457 (0.0462)  loss_bbox_dn_2: 0.0458 (0.0452)  loss_giou: 1.0039 (1.0508)  loss_giou_aux_0: 1.0536 (1.0799)  loss_giou_aux_1: 1.0136 (1.0590)  loss_giou_aux_2: 1.1192 (1.1348)  loss_giou_dn_0: 0.8289 (0.8217)  loss_giou_dn_1: 0.7476 (0.7457)  loss_giou_dn_2: 0.7435 (0.7385)  loss_vfl: 0.4737 (0.4711)  loss_vfl_aux_0: 0.4981 (0.4813)  loss_vfl_aux_1: 0.4823 (0.4784)  loss_vfl_aux_2: 0.4796 (0.4792)  loss_vfl_dn_0: 0.4678 (0.4640)  loss_vfl_dn_1: 0.4453 (0.4451)  loss_vfl_dn_2: 0.4389 (0.4402)  time: 1.0207  data: 0.0297  max mem: 8759
Epoch: [39]  [200/809]  eta: 0:10:41  lr: 0.000100  loss: 10.4330 (10.3967)  loss_bbox: 0.0933 (0.0989)  loss_bbox_aux_0: 0.1013 (0.1049)  loss_bbox_aux_1: 0.0952 (0.1006)  loss_bbox_aux_2: 0.1172 (0.1196)  loss_bbox_dn_0: 0.0603 (0.0569)  loss_bbox_dn_1: 0.0495 (0.0473)  loss_bbox_dn_2: 0.0486 (0.0462)  loss_giou: 1.0126 (1.0290)  loss_giou_aux_0: 1.0590 (1.0576)  loss_giou_aux_1: 1.0326 (1.0373)  loss_giou_aux_2: 1.1239 (1.1137)  loss_giou_dn_0: 0.8205 (0.8155)  loss_giou_dn_1: 0.7512 (0.7397)  loss_giou_dn_2: 0.7453 (0.7322)  loss_vfl: 0.4551 (0.4795)  loss_vfl_aux_0: 0.4614 (0.4888)  loss_vfl_aux_1: 0.4544 (0.4865)  loss_vfl_aux_2: 0.4610 (0.4873)  loss_vfl_dn_0: 0.4685 (0.4660)  loss_vfl_dn_1: 0.4494 (0.4471)  loss_vfl_dn_2: 0.4454 (0.4423)  time: 1.0158  data: 0.0305  max mem: 8759
Epoch: [39]  [300/809]  eta: 0:08:50  lr: 0.000100  loss: 10.0496 (10.4012)  loss_bbox: 0.0832 (0.0983)  loss_bbox_aux_0: 0.0896 (0.1042)  loss_bbox_aux_1: 0.0846 (0.0999)  loss_bbox_aux_2: 0.1067 (0.1187)  loss_bbox_dn_0: 0.0589 (0.0569)  loss_bbox_dn_1: 0.0477 (0.0473)  loss_bbox_dn_2: 0.0464 (0.0462)  loss_giou: 0.9328 (1.0301)  loss_giou_aux_0: 0.9514 (1.0590)  loss_giou_aux_1: 0.9418 (1.0388)  loss_giou_aux_2: 1.0315 (1.1145)  loss_giou_dn_0: 0.7730 (0.8150)  loss_giou_dn_1: 0.6960 (0.7397)  loss_giou_dn_2: 0.6923 (0.7322)  loss_vfl: 0.4850 (0.4802)  loss_vfl_aux_0: 0.5042 (0.4900)  loss_vfl_aux_1: 0.4961 (0.4873)  loss_vfl_aux_2: 0.5074 (0.4887)  loss_vfl_dn_0: 0.4675 (0.4659)  loss_vfl_dn_1: 0.4477 (0.4465)  loss_vfl_dn_2: 0.4449 (0.4419)  time: 1.0222  data: 0.0320  max mem: 8759
Epoch: [39]  [400/809]  eta: 0:07:03  lr: 0.000100  loss: 10.2194 (10.3674)  loss_bbox: 0.0911 (0.0987)  loss_bbox_aux_0: 0.0903 (0.1043)  loss_bbox_aux_1: 0.0906 (0.1004)  loss_bbox_aux_2: 0.1095 (0.1188)  loss_bbox_dn_0: 0.0504 (0.0567)  loss_bbox_dn_1: 0.0416 (0.0470)  loss_bbox_dn_2: 0.0405 (0.0459)  loss_giou: 0.9925 (1.0237)  loss_giou_aux_0: 1.0271 (1.0526)  loss_giou_aux_1: 1.0015 (1.0329)  loss_giou_aux_2: 1.0767 (1.1097)  loss_giou_dn_0: 0.8057 (0.8107)  loss_giou_dn_1: 0.7374 (0.7350)  loss_giou_dn_2: 0.7292 (0.7274)  loss_vfl: 0.4712 (0.4807)  loss_vfl_aux_0: 0.4809 (0.4911)  loss_vfl_aux_1: 0.4785 (0.4878)  loss_vfl_aux_2: 0.4778 (0.4902)  loss_vfl_dn_0: 0.4552 (0.4659)  loss_vfl_dn_1: 0.4418 (0.4463)  loss_vfl_dn_2: 0.4345 (0.4416)  time: 1.0004  data: 0.0308  max mem: 8877
Epoch: [39]  [500/809]  eta: 0:05:19  lr: 0.000100  loss: 10.5840 (10.3521)  loss_bbox: 0.0817 (0.0975)  loss_bbox_aux_0: 0.0946 (0.1033)  loss_bbox_aux_1: 0.0836 (0.0992)  loss_bbox_aux_2: 0.1044 (0.1178)  loss_bbox_dn_0: 0.0498 (0.0567)  loss_bbox_dn_1: 0.0424 (0.0470)  loss_bbox_dn_2: 0.0412 (0.0459)  loss_giou: 1.0607 (1.0201)  loss_giou_aux_0: 1.0866 (1.0488)  loss_giou_aux_1: 1.0808 (1.0298)  loss_giou_aux_2: 1.1805 (1.1079)  loss_giou_dn_0: 0.8403 (0.8096)  loss_giou_dn_1: 0.7714 (0.7336)  loss_giou_dn_2: 0.7661 (0.7260)  loss_vfl: 0.4663 (0.4820)  loss_vfl_aux_0: 0.4815 (0.4926)  loss_vfl_aux_1: 0.4777 (0.4891)  loss_vfl_aux_2: 0.4583 (0.4906)  loss_vfl_dn_0: 0.4640 (0.4663)  loss_vfl_dn_1: 0.4478 (0.4465)  loss_vfl_dn_2: 0.4429 (0.4418)  time: 1.0695  data: 0.0351  max mem: 8937
Epoch: [39]  [600/809]  eta: 0:03:34  lr: 0.000100  loss: 10.0485 (10.3314)  loss_bbox: 0.0810 (0.0970)  loss_bbox_aux_0: 0.0870 (0.1028)  loss_bbox_aux_1: 0.0807 (0.0986)  loss_bbox_aux_2: 0.1011 (0.1172)  loss_bbox_dn_0: 0.0534 (0.0572)  loss_bbox_dn_1: 0.0468 (0.0473)  loss_bbox_dn_2: 0.0461 (0.0462)  loss_giou: 0.9566 (1.0132)  loss_giou_aux_0: 0.9769 (1.0421)  loss_giou_aux_1: 0.9694 (1.0230)  loss_giou_aux_2: 1.0362 (1.1023)  loss_giou_dn_0: 0.7871 (0.8090)  loss_giou_dn_1: 0.7098 (0.7325)  loss_giou_dn_2: 0.7032 (0.7249)  loss_vfl: 0.5011 (0.4840)  loss_vfl_aux_0: 0.5053 (0.4947)  loss_vfl_aux_1: 0.5049 (0.4912)  loss_vfl_aux_2: 0.5138 (0.4925)  loss_vfl_dn_0: 0.4755 (0.4666)  loss_vfl_dn_1: 0.4598 (0.4469)  loss_vfl_dn_2: 0.4533 (0.4422)  time: 1.0045  data: 0.0313  max mem: 8937
Epoch: [39]  [700/809]  eta: 0:01:51  lr: 0.000100  loss: 10.2325 (10.3185)  loss_bbox: 0.0848 (0.0967)  loss_bbox_aux_0: 0.0886 (0.1025)  loss_bbox_aux_1: 0.0858 (0.0983)  loss_bbox_aux_2: 0.0995 (0.1166)  loss_bbox_dn_0: 0.0622 (0.0572)  loss_bbox_dn_1: 0.0517 (0.0474)  loss_bbox_dn_2: 0.0510 (0.0463)  loss_giou: 0.9467 (1.0099)  loss_giou_aux_0: 0.9692 (1.0392)  loss_giou_aux_1: 0.9594 (1.0199)  loss_giou_aux_2: 1.0275 (1.0992)  loss_giou_dn_0: 0.8124 (0.8083)  loss_giou_dn_1: 0.7497 (0.7318)  loss_giou_dn_2: 0.7387 (0.7241)  loss_vfl: 0.4939 (0.4847)  loss_vfl_aux_0: 0.4958 (0.4955)  loss_vfl_aux_1: 0.4979 (0.4918)  loss_vfl_aux_2: 0.5028 (0.4936)  loss_vfl_dn_0: 0.4679 (0.4668)  loss_vfl_dn_1: 0.4428 (0.4467)  loss_vfl_dn_2: 0.4410 (0.4420)  time: 1.0001  data: 0.0303  max mem: 8947
Epoch: [39]  [800/809]  eta: 0:00:09  lr: 0.000100  loss: 9.9272 (10.3285)  loss_bbox: 0.0772 (0.0963)  loss_bbox_aux_0: 0.0807 (0.1022)  loss_bbox_aux_1: 0.0801 (0.0979)  loss_bbox_aux_2: 0.0952 (0.1162)  loss_bbox_dn_0: 0.0525 (0.0567)  loss_bbox_dn_1: 0.0449 (0.0470)  loss_bbox_dn_2: 0.0434 (0.0459)  loss_giou: 0.9331 (1.0130)  loss_giou_aux_0: 0.9642 (1.0425)  loss_giou_aux_1: 0.9458 (1.0232)  loss_giou_aux_2: 1.0227 (1.1023)  loss_giou_dn_0: 0.7664 (0.8085)  loss_giou_dn_1: 0.6996 (0.7329)  loss_giou_dn_2: 0.6921 (0.7253)  loss_vfl: 0.4812 (0.4839)  loss_vfl_aux_0: 0.4858 (0.4947)  loss_vfl_aux_1: 0.4845 (0.4909)  loss_vfl_aux_2: 0.4921 (0.4923)  loss_vfl_dn_0: 0.4674 (0.4672)  loss_vfl_dn_1: 0.4410 (0.4471)  loss_vfl_dn_2: 0.4409 (0.4424)  time: 1.0331  data: 0.0312  max mem: 8947
Epoch: [39]  [808/809]  eta: 0:00:01  lr: 0.000100  loss: 10.0148 (10.3266)  loss_bbox: 0.0759 (0.0962)  loss_bbox_aux_0: 0.0796 (0.1021)  loss_bbox_aux_1: 0.0785 (0.0978)  loss_bbox_aux_2: 0.0919 (0.1161)  loss_bbox_dn_0: 0.0524 (0.0567)  loss_bbox_dn_1: 0.0424 (0.0470)  loss_bbox_dn_2: 0.0414 (0.0459)  loss_giou: 0.9766 (1.0128)  loss_giou_aux_0: 1.0000 (1.0422)  loss_giou_aux_1: 0.9819 (1.0230)  loss_giou_aux_2: 1.0468 (1.1021)  loss_giou_dn_0: 0.7875 (0.8085)  loss_giou_dn_1: 0.7070 (0.7328)  loss_giou_dn_2: 0.7057 (0.7252)  loss_vfl: 0.4676 (0.4838)  loss_vfl_aux_0: 0.4735 (0.4946)  loss_vfl_aux_1: 0.4753 (0.4909)  loss_vfl_aux_2: 0.4876 (0.4923)  loss_vfl_dn_0: 0.4646 (0.4672)  loss_vfl_dn_1: 0.4407 (0.4471)  loss_vfl_dn_2: 0.4393 (0.4424)  time: 0.8978  data: 0.0279  max mem: 8947
Epoch: [39] Total time: 0:13:48 (1.0239 s / it)
Averaged stats: lr: 0.000100  loss: 10.0148 (10.3266)  loss_bbox: 0.0759 (0.0962)  loss_bbox_aux_0: 0.0796 (0.1021)  loss_bbox_aux_1: 0.0785 (0.0978)  loss_bbox_aux_2: 0.0919 (0.1161)  loss_bbox_dn_0: 0.0524 (0.0567)  loss_bbox_dn_1: 0.0424 (0.0470)  loss_bbox_dn_2: 0.0414 (0.0459)  loss_giou: 0.9766 (1.0128)  loss_giou_aux_0: 1.0000 (1.0422)  loss_giou_aux_1: 0.9819 (1.0230)  loss_giou_aux_2: 1.0468 (1.1021)  loss_giou_dn_0: 0.7875 (0.8085)  loss_giou_dn_1: 0.7070 (0.7328)  loss_giou_dn_2: 0.7057 (0.7252)  loss_vfl: 0.4676 (0.4838)  loss_vfl_aux_0: 0.4735 (0.4946)  loss_vfl_aux_1: 0.4753 (0.4909)  loss_vfl_aux_2: 0.4876 (0.4923)  loss_vfl_dn_0: 0.4646 (0.4672)  loss_vfl_dn_1: 0.4407 (0.4471)  loss_vfl_dn_2: 0.4393 (0.4424)
Test:  [ 0/69]  eta: 0:01:22    time: 1.1955  data: 0.6758  max mem: 8947
Test:  [10/69]  eta: 0:00:34    time: 0.5864  data: 0.0785  max mem: 8947
Test:  [20/69]  eta: 0:00:29    time: 0.5814  data: 0.0202  max mem: 8947
Test:  [30/69]  eta: 0:00:22    time: 0.5748  data: 0.0217  max mem: 8947
Test:  [40/69]  eta: 0:00:15    time: 0.4881  data: 0.0211  max mem: 8947
Test:  [50/69]  eta: 0:00:09    time: 0.4431  data: 0.0213  max mem: 8947
Test:  [60/69]  eta: 0:00:04    time: 0.4222  data: 0.0216  max mem: 8947
Test:  [68/69]  eta: 0:00:00    time: 0.4396  data: 0.0199  max mem: 8947
Test: Total time: 0:00:34 (0.5058 s / it)
Averaged stats: 
Accumulating evaluation results...
DONE (t=2.40s).
IoU metric: bbox
 Average Precision  (AP) @[ IoU=0.50:0.95 | area=   all | maxDets=100 ] = 0.201
 Average Precision  (AP) @[ IoU=0.50      | area=   all | maxDets=100 ] = 0.339
 Average Precision  (AP) @[ IoU=0.75      | area=   all | maxDets=100 ] = 0.204
 Average Precision  (AP) @[ IoU=0.50:0.95 | area= small | maxDets=100 ] = 0.119
 Average Precision  (AP) @[ IoU=0.50:0.95 | area=medium | maxDets=100 ] = 0.289
 Average Precision  (AP) @[ IoU=0.50:0.95 | area= large | maxDets=100 ] = 0.409
 Average Recall     (AR) @[ IoU=0.50:0.95 | area=   all | maxDets=  1 ] = 0.094
 Average Recall     (AR) @[ IoU=0.50:0.95 | area=   all | maxDets= 10 ] = 0.259
 Average Recall     (AR) @[ IoU=0.50:0.95 | area=   all | maxDets=100 ] = 0.351
 Average Recall     (AR) @[ IoU=0.50:0.95 | area= small | maxDets=100 ] = 0.255
 Average Recall     (AR) @[ IoU=0.50:0.95 | area=medium | maxDets=100 ] = 0.478
 Average Recall     (AR) @[ IoU=0.50:0.95 | area= large | maxDets=100 ] = 0.597
best_stat:  {'epoch': 39, 'coco_eval_bbox': 0.2011877563400458}
Epoch: [40]  [  0/809]  eta: 1:13:37  lr: 0.000100  loss: 11.2090 (11.2090)  loss_bbox: 0.1259 (0.1259)  loss_bbox_aux_0: 0.1279 (0.1279)  loss_bbox_aux_1: 0.1269 (0.1269)  loss_bbox_aux_2: 0.1495 (0.1495)  loss_bbox_dn_0: 0.0531 (0.0531)  loss_bbox_dn_1: 0.0463 (0.0463)  loss_bbox_dn_2: 0.0459 (0.0459)  loss_giou: 1.2341 (1.2341)  loss_giou_aux_0: 1.2603 (1.2603)  loss_giou_aux_1: 1.2342 (1.2342)  loss_giou_aux_2: 1.3140 (1.3140)  loss_giou_dn_0: 0.8845 (0.8845)  loss_giou_dn_1: 0.8173 (0.8173)  loss_giou_dn_2: 0.8045 (0.8045)  loss_vfl: 0.4113 (0.4113)  loss_vfl_aux_0: 0.4230 (0.4230)  loss_vfl_aux_1: 0.4211 (0.4211)  loss_vfl_aux_2: 0.4022 (0.4022)  loss_vfl_dn_0: 0.4592 (0.4592)  loss_vfl_dn_1: 0.4383 (0.4383)  loss_vfl_dn_2: 0.4296 (0.4296)  time: 5.4599  data: 3.9628  max mem: 8947
Epoch: [40]  [100/809]  eta: 0:13:06  lr: 0.000100  loss: 10.0991 (10.2822)  loss_bbox: 0.0808 (0.0961)  loss_bbox_aux_0: 0.0871 (0.1030)  loss_bbox_aux_1: 0.0820 (0.0981)  loss_bbox_aux_2: 0.0993 (0.1181)  loss_bbox_dn_0: 0.0522 (0.0557)  loss_bbox_dn_1: 0.0438 (0.0457)  loss_bbox_dn_2: 0.0414 (0.0445)  loss_giou: 0.9505 (1.0122)  loss_giou_aux_0: 0.9961 (1.0435)  loss_giou_aux_1: 0.9638 (1.0230)  loss_giou_aux_2: 1.0514 (1.1046)  loss_giou_dn_0: 0.7664 (0.8007)  loss_giou_dn_1: 0.6999 (0.7220)  loss_giou_dn_2: 0.6896 (0.7140)  loss_vfl: 0.5036 (0.4815)  loss_vfl_aux_0: 0.4979 (0.4892)  loss_vfl_aux_1: 0.5069 (0.4875)  loss_vfl_aux_2: 0.5078 (0.4858)  loss_vfl_dn_0: 0.4676 (0.4674)  loss_vfl_dn_1: 0.4484 (0.4473)  loss_vfl_dn_2: 0.4430 (0.4424)  time: 1.0759  data: 0.0281  max mem: 8947
Epoch: [40]  [200/809]  eta: 0:10:47  lr: 0.000100  loss: 10.1113 (10.2320)  loss_bbox: 0.0767 (0.0950)  loss_bbox_aux_0: 0.0811 (0.1012)  loss_bbox_aux_1: 0.0783 (0.0968)  loss_bbox_aux_2: 0.0947 (0.1160)  loss_bbox_dn_0: 0.0563 (0.0569)  loss_bbox_dn_1: 0.0470 (0.0467)  loss_bbox_dn_2: 0.0450 (0.0455)  loss_giou: 0.9036 (0.9949)  loss_giou_aux_0: 0.9336 (1.0241)  loss_giou_aux_1: 0.9108 (1.0045)  loss_giou_aux_2: 0.9834 (1.0859)  loss_giou_dn_0: 0.7805 (0.7987)  loss_giou_dn_1: 0.7175 (0.7205)  loss_giou_dn_2: 0.7095 (0.7125)  loss_vfl: 0.5282 (0.4881)  loss_vfl_aux_0: 0.5310 (0.4977)  loss_vfl_aux_1: 0.5311 (0.4951)  loss_vfl_aux_2: 0.5312 (0.4949)  loss_vfl_dn_0: 0.4803 (0.4678)  loss_vfl_dn_1: 0.4544 (0.4470)  loss_vfl_dn_2: 0.4455 (0.4419)  time: 1.0081  data: 0.0265  max mem: 8947
Epoch: [40]  [300/809]  eta: 0:08:56  lr: 0.000100  loss: 10.0774 (10.2190)  loss_bbox: 0.0828 (0.0952)  loss_bbox_aux_0: 0.0850 (0.1013)  loss_bbox_aux_1: 0.0832 (0.0971)  loss_bbox_aux_2: 0.0996 (0.1158)  loss_bbox_dn_0: 0.0542 (0.0571)  loss_bbox_dn_1: 0.0435 (0.0470)  loss_bbox_dn_2: 0.0429 (0.0458)  loss_giou: 0.9434 (0.9909)  loss_giou_aux_0: 0.9815 (1.0201)  loss_giou_aux_1: 0.9625 (1.0005)  loss_giou_aux_2: 1.0418 (1.0831)  loss_giou_dn_0: 0.7871 (0.7992)  loss_giou_dn_1: 0.7053 (0.7214)  loss_giou_dn_2: 0.6926 (0.7132)  loss_vfl: 0.4843 (0.4879)  loss_vfl_aux_0: 0.5045 (0.4978)  loss_vfl_aux_1: 0.4969 (0.4952)  loss_vfl_aux_2: 0.5061 (0.4947)  loss_vfl_dn_0: 0.4672 (0.4671)  loss_vfl_dn_1: 0.4475 (0.4467)  loss_vfl_dn_2: 0.4422 (0.4418)  time: 1.0775  data: 0.0306  max mem: 8947
Epoch: [40]  [400/809]  eta: 0:07:04  lr: 0.000100  loss: 9.8191 (10.2374)  loss_bbox: 0.0796 (0.0952)  loss_bbox_aux_0: 0.0842 (0.1012)  loss_bbox_aux_1: 0.0806 (0.0970)  loss_bbox_aux_2: 0.0966 (0.1155)  loss_bbox_dn_0: 0.0582 (0.0574)  loss_bbox_dn_1: 0.0471 (0.0473)  loss_bbox_dn_2: 0.0452 (0.0461)  loss_giou: 0.9401 (0.9927)  loss_giou_aux_0: 0.9594 (1.0224)  loss_giou_aux_1: 0.9514 (1.0025)  loss_giou_aux_2: 1.0109 (1.0857)  loss_giou_dn_0: 0.7773 (0.8009)  loss_giou_dn_1: 0.6770 (0.7232)  loss_giou_dn_2: 0.6684 (0.7151)  loss_vfl: 0.4938 (0.4891)  loss_vfl_aux_0: 0.5061 (0.4984)  loss_vfl_aux_1: 0.5115 (0.4961)  loss_vfl_aux_2: 0.5115 (0.4946)  loss_vfl_dn_0: 0.4710 (0.4677)  loss_vfl_dn_1: 0.4517 (0.4472)  loss_vfl_dn_2: 0.4465 (0.4423)  time: 0.9806  data: 0.0297  max mem: 8947
Epoch: [40]  [500/809]  eta: 0:05:20  lr: 0.000100  loss: 10.2031 (10.2772)  loss_bbox: 0.0876 (0.0980)  loss_bbox_aux_0: 0.0942 (0.1042)  loss_bbox_aux_1: 0.0870 (0.0998)  loss_bbox_aux_2: 0.1100 (0.1181)  loss_bbox_dn_0: 0.0500 (0.0579)  loss_bbox_dn_1: 0.0418 (0.0477)  loss_bbox_dn_2: 0.0406 (0.0465)  loss_giou: 1.0313 (1.0001)  loss_giou_aux_0: 1.0747 (1.0296)  loss_giou_aux_1: 1.0431 (1.0097)  loss_giou_aux_2: 1.0995 (1.0923)  loss_giou_dn_0: 0.8336 (0.8034)  loss_giou_dn_1: 0.7410 (0.7256)  loss_giou_dn_2: 0.7342 (0.7176)  loss_vfl: 0.4556 (0.4869)  loss_vfl_aux_0: 0.4602 (0.4965)  loss_vfl_aux_1: 0.4598 (0.4941)  loss_vfl_aux_2: 0.4736 (0.4933)  loss_vfl_dn_0: 0.4596 (0.4672)  loss_vfl_dn_1: 0.4394 (0.4468)  loss_vfl_dn_2: 0.4318 (0.4419)  time: 1.0124  data: 0.0294  max mem: 8947
Epoch: [40]  [600/809]  eta: 0:03:36  lr: 0.000100  loss: 10.1546 (10.2860)  loss_bbox: 0.0779 (0.0974)  loss_bbox_aux_0: 0.0796 (0.1035)  loss_bbox_aux_1: 0.0788 (0.0991)  loss_bbox_aux_2: 0.0950 (0.1174)  loss_bbox_dn_0: 0.0562 (0.0577)  loss_bbox_dn_1: 0.0450 (0.0476)  loss_bbox_dn_2: 0.0439 (0.0464)  loss_giou: 0.9234 (1.0022)  loss_giou_aux_0: 0.9463 (1.0317)  loss_giou_aux_1: 0.9321 (1.0116)  loss_giou_aux_2: 0.9954 (1.0948)  loss_giou_dn_0: 0.7903 (0.8042)  loss_giou_dn_1: 0.7033 (0.7266)  loss_giou_dn_2: 0.6980 (0.7186)  loss_vfl: 0.5270 (0.4873)  loss_vfl_aux_0: 0.5314 (0.4967)  loss_vfl_aux_1: 0.5278 (0.4944)  loss_vfl_aux_2: 0.5238 (0.4933)  loss_vfl_dn_0: 0.4698 (0.4672)  loss_vfl_dn_1: 0.4452 (0.4468)  loss_vfl_dn_2: 0.4402 (0.4420)  time: 1.0192  data: 0.0298  max mem: 8947
Epoch: [40]  [700/809]  eta: 0:01:52  lr: 0.000100  loss: 10.0020 (10.2785)  loss_bbox: 0.0866 (0.0969)  loss_bbox_aux_0: 0.0896 (0.1027)  loss_bbox_aux_1: 0.0874 (0.0985)  loss_bbox_aux_2: 0.0966 (0.1164)  loss_bbox_dn_0: 0.0505 (0.0576)  loss_bbox_dn_1: 0.0430 (0.0475)  loss_bbox_dn_2: 0.0418 (0.0464)  loss_giou: 0.9741 (1.0009)  loss_giou_aux_0: 1.0014 (1.0299)  loss_giou_aux_1: 0.9741 (1.0100)  loss_giou_aux_2: 1.0701 (1.0929)  loss_giou_dn_0: 0.7998 (0.8042)  loss_giou_dn_1: 0.7161 (0.7262)  loss_giou_dn_2: 0.7086 (0.7182)  loss_vfl: 0.5011 (0.4877)  loss_vfl_aux_0: 0.5073 (0.4974)  loss_vfl_aux_1: 0.5008 (0.4949)  loss_vfl_aux_2: 0.5164 (0.4940)  loss_vfl_dn_0: 0.4662 (0.4671)  loss_vfl_dn_1: 0.4493 (0.4470)  loss_vfl_dn_2: 0.4448 (0.4421)  time: 1.0329  data: 0.0296  max mem: 8947
Epoch: [40]  [800/809]  eta: 0:00:09  lr: 0.000100  loss: 10.0536 (10.3052)  loss_bbox: 0.0896 (0.0980)  loss_bbox_aux_0: 0.0929 (0.1039)  loss_bbox_aux_1: 0.0908 (0.0997)  loss_bbox_aux_2: 0.1084 (0.1179)  loss_bbox_dn_0: 0.0508 (0.0574)  loss_bbox_dn_1: 0.0417 (0.0474)  loss_bbox_dn_2: 0.0415 (0.0462)  loss_giou: 1.0199 (1.0073)  loss_giou_aux_0: 1.0439 (1.0367)  loss_giou_aux_1: 1.0227 (1.0163)  loss_giou_aux_2: 1.1025 (1.0989)  loss_giou_dn_0: 0.7946 (0.8062)  loss_giou_dn_1: 0.7209 (0.7285)  loss_giou_dn_2: 0.7157 (0.7206)  loss_vfl: 0.4329 (0.4854)  loss_vfl_aux_0: 0.4363 (0.4949)  loss_vfl_aux_1: 0.4337 (0.4924)  loss_vfl_aux_2: 0.4559 (0.4917)  loss_vfl_dn_0: 0.4632 (0.4668)  loss_vfl_dn_1: 0.4412 (0.4468)  loss_vfl_dn_2: 0.4361 (0.4420)  time: 1.0370  data: 0.0288  max mem: 8947
Epoch: [40]  [808/809]  eta: 0:00:01  lr: 0.000100  loss: 10.2436 (10.3034)  loss_bbox: 0.0896 (0.0980)  loss_bbox_aux_0: 0.0950 (0.1039)  loss_bbox_aux_1: 0.0908 (0.0997)  loss_bbox_aux_2: 0.1127 (0.1178)  loss_bbox_dn_0: 0.0544 (0.0575)  loss_bbox_dn_1: 0.0428 (0.0475)  loss_bbox_dn_2: 0.0421 (0.0463)  loss_giou: 1.0199 (1.0069)  loss_giou_aux_0: 1.0439 (1.0364)  loss_giou_aux_1: 1.0227 (1.0160)  loss_giou_aux_2: 1.1025 (1.0985)  loss_giou_dn_0: 0.7932 (0.8060)  loss_giou_dn_1: 0.7198 (0.7284)  loss_giou_dn_2: 0.7148 (0.7205)  loss_vfl: 0.4543 (0.4853)  loss_vfl_aux_0: 0.4740 (0.4949)  loss_vfl_aux_1: 0.4672 (0.4924)  loss_vfl_aux_2: 0.4672 (0.4916)  loss_vfl_dn_0: 0.4695 (0.4669)  loss_vfl_dn_1: 0.4422 (0.4468)  loss_vfl_dn_2: 0.4361 (0.4421)  time: 0.8830  data: 0.0255  max mem: 8947
Epoch: [40] Total time: 0:13:55 (1.0330 s / it)
Averaged stats: lr: 0.000100  loss: 10.2436 (10.3034)  loss_bbox: 0.0896 (0.0980)  loss_bbox_aux_0: 0.0950 (0.1039)  loss_bbox_aux_1: 0.0908 (0.0997)  loss_bbox_aux_2: 0.1127 (0.1178)  loss_bbox_dn_0: 0.0544 (0.0575)  loss_bbox_dn_1: 0.0428 (0.0475)  loss_bbox_dn_2: 0.0421 (0.0463)  loss_giou: 1.0199 (1.0069)  loss_giou_aux_0: 1.0439 (1.0364)  loss_giou_aux_1: 1.0227 (1.0160)  loss_giou_aux_2: 1.1025 (1.0985)  loss_giou_dn_0: 0.7932 (0.8060)  loss_giou_dn_1: 0.7198 (0.7284)  loss_giou_dn_2: 0.7148 (0.7205)  loss_vfl: 0.4543 (0.4853)  loss_vfl_aux_0: 0.4740 (0.4949)  loss_vfl_aux_1: 0.4672 (0.4924)  loss_vfl_aux_2: 0.4672 (0.4916)  loss_vfl_dn_0: 0.4695 (0.4669)  loss_vfl_dn_1: 0.4422 (0.4468)  loss_vfl_dn_2: 0.4361 (0.4421)
Test:  [ 0/69]  eta: 0:02:35    time: 2.2481  data: 0.5934  max mem: 8947
Test:  [10/69]  eta: 0:00:42    time: 0.7155  data: 0.0732  max mem: 8947
Test:  [20/69]  eta: 0:00:32    time: 0.5780  data: 0.0214  max mem: 8947
Test:  [30/69]  eta: 0:00:23    time: 0.5568  data: 0.0219  max mem: 8947
Test:  [40/69]  eta: 0:00:16    time: 0.5095  data: 0.0230  max mem: 8947
Test:  [50/69]  eta: 0:00:10    time: 0.4711  data: 0.0232  max mem: 8947
Test:  [60/69]  eta: 0:00:04    time: 0.4484  data: 0.0219  max mem: 8947
Test:  [68/69]  eta: 0:00:00    time: 0.4641  data: 0.0203  max mem: 8947
Test: Total time: 0:00:36 (0.5346 s / it)
Averaged stats: 
Accumulating evaluation results...
DONE (t=1.91s).
IoU metric: bbox
 Average Precision  (AP) @[ IoU=0.50:0.95 | area=   all | maxDets=100 ] = 0.202
 Average Precision  (AP) @[ IoU=0.50      | area=   all | maxDets=100 ] = 0.341
 Average Precision  (AP) @[ IoU=0.75      | area=   all | maxDets=100 ] = 0.204
 Average Precision  (AP) @[ IoU=0.50:0.95 | area= small | maxDets=100 ] = 0.119
 Average Precision  (AP) @[ IoU=0.50:0.95 | area=medium | maxDets=100 ] = 0.290
 Average Precision  (AP) @[ IoU=0.50:0.95 | area= large | maxDets=100 ] = 0.410
 Average Recall     (AR) @[ IoU=0.50:0.95 | area=   all | maxDets=  1 ] = 0.094
 Average Recall     (AR) @[ IoU=0.50:0.95 | area=   all | maxDets= 10 ] = 0.259
 Average Recall     (AR) @[ IoU=0.50:0.95 | area=   all | maxDets=100 ] = 0.351
 Average Recall     (AR) @[ IoU=0.50:0.95 | area= small | maxDets=100 ] = 0.254
 Average Recall     (AR) @[ IoU=0.50:0.95 | area=medium | maxDets=100 ] = 0.478
 Average Recall     (AR) @[ IoU=0.50:0.95 | area= large | maxDets=100 ] = 0.596
best_stat:  {'epoch': 40, 'coco_eval_bbox': 0.20187783290406427}
Epoch: [41]  [  0/809]  eta: 1:06:16  lr: 0.000100  loss: 10.0354 (10.0354)  loss_bbox: 0.0902 (0.0902)  loss_bbox_aux_0: 0.0930 (0.0930)  loss_bbox_aux_1: 0.0909 (0.0909)  loss_bbox_aux_2: 0.1031 (0.1031)  loss_bbox_dn_0: 0.0598 (0.0598)  loss_bbox_dn_1: 0.0521 (0.0521)  loss_bbox_dn_2: 0.0500 (0.0500)  loss_giou: 0.9233 (0.9233)  loss_giou_aux_0: 0.9432 (0.9432)  loss_giou_aux_1: 0.9366 (0.9366)  loss_giou_aux_2: 1.0161 (1.0161)  loss_giou_dn_0: 0.7752 (0.7752)  loss_giou_dn_1: 0.7084 (0.7084)  loss_giou_dn_2: 0.6980 (0.6980)  loss_vfl: 0.5241 (0.5241)  loss_vfl_aux_0: 0.5327 (0.5327)  loss_vfl_aux_1: 0.5273 (0.5273)  loss_vfl_aux_2: 0.5187 (0.5187)  loss_vfl_dn_0: 0.4816 (0.4816)  loss_vfl_dn_1: 0.4603 (0.4603)  loss_vfl_dn_2: 0.4508 (0.4508)  time: 4.9157  data: 2.7196  max mem: 8947
Epoch: [41]  [100/809]  eta: 0:12:52  lr: 0.000100  loss: 10.2540 (10.1759)  loss_bbox: 0.0868 (0.0902)  loss_bbox_aux_0: 0.0898 (0.0944)  loss_bbox_aux_1: 0.0871 (0.0912)  loss_bbox_aux_2: 0.1011 (0.1062)  loss_bbox_dn_0: 0.0496 (0.0566)  loss_bbox_dn_1: 0.0413 (0.0471)  loss_bbox_dn_2: 0.0401 (0.0461)  loss_giou: 0.9761 (0.9825)  loss_giou_aux_0: 1.0087 (1.0065)  loss_giou_aux_1: 1.0009 (0.9892)  loss_giou_aux_2: 1.0810 (1.0679)  loss_giou_dn_0: 0.8194 (0.7978)  loss_giou_dn_1: 0.7425 (0.7216)  loss_giou_dn_2: 0.7248 (0.7135)  loss_vfl: 0.4776 (0.4921)  loss_vfl_aux_0: 0.4840 (0.5054)  loss_vfl_aux_1: 0.4793 (0.5007)  loss_vfl_aux_2: 0.4765 (0.5034)  loss_vfl_dn_0: 0.4664 (0.4697)  loss_vfl_dn_1: 0.4507 (0.4491)  loss_vfl_dn_2: 0.4461 (0.4447)  time: 1.0554  data: 0.0317  max mem: 9038
Epoch: [41]  [200/809]  eta: 0:10:43  lr: 0.000100  loss: 10.1938 (10.1925)  loss_bbox: 0.0931 (0.0918)  loss_bbox_aux_0: 0.0962 (0.0964)  loss_bbox_aux_1: 0.0934 (0.0930)  loss_bbox_aux_2: 0.1088 (0.1092)  loss_bbox_dn_0: 0.0565 (0.0570)  loss_bbox_dn_1: 0.0458 (0.0471)  loss_bbox_dn_2: 0.0443 (0.0461)  loss_giou: 1.0138 (0.9839)  loss_giou_aux_0: 1.0383 (1.0089)  loss_giou_aux_1: 1.0244 (0.9922)  loss_giou_aux_2: 1.1254 (1.0712)  loss_giou_dn_0: 0.8156 (0.7991)  loss_giou_dn_1: 0.7248 (0.7213)  loss_giou_dn_2: 0.7183 (0.7133)  loss_vfl: 0.4828 (0.4924)  loss_vfl_aux_0: 0.4919 (0.5046)  loss_vfl_aux_1: 0.4872 (0.5004)  loss_vfl_aux_2: 0.4711 (0.5020)  loss_vfl_dn_0: 0.4720 (0.4698)  loss_vfl_dn_1: 0.4458 (0.4487)  loss_vfl_dn_2: 0.4423 (0.4441)  time: 0.9968  data: 0.0297  max mem: 9038
Epoch: [41]  [300/809]  eta: 0:08:50  lr: 0.000100  loss: 10.3980 (10.2325)  loss_bbox: 0.0917 (0.0934)  loss_bbox_aux_0: 0.0964 (0.0987)  loss_bbox_aux_1: 0.0919 (0.0947)  loss_bbox_aux_2: 0.1148 (0.1120)  loss_bbox_dn_0: 0.0509 (0.0568)  loss_bbox_dn_1: 0.0404 (0.0469)  loss_bbox_dn_2: 0.0403 (0.0459)  loss_giou: 1.0908 (0.9937)  loss_giou_aux_0: 1.1077 (1.0203)  loss_giou_aux_1: 1.0986 (1.0024)  loss_giou_aux_2: 1.1745 (1.0820)  loss_giou_dn_0: 0.8477 (0.8012)  loss_giou_dn_1: 0.7758 (0.7232)  loss_giou_dn_2: 0.7707 (0.7153)  loss_vfl: 0.4550 (0.4895)  loss_vfl_aux_0: 0.4533 (0.5005)  loss_vfl_aux_1: 0.4614 (0.4978)  loss_vfl_aux_2: 0.4538 (0.4991)  loss_vfl_dn_0: 0.4525 (0.4684)  loss_vfl_dn_1: 0.4403 (0.4477)  loss_vfl_dn_2: 0.4340 (0.4431)  time: 0.9790  data: 0.0276  max mem: 9038
Epoch: [41]  [400/809]  eta: 0:07:02  lr: 0.000100  loss: 10.5428 (10.2424)  loss_bbox: 0.0893 (0.0937)  loss_bbox_aux_0: 0.0957 (0.0991)  loss_bbox_aux_1: 0.0910 (0.0950)  loss_bbox_aux_2: 0.1099 (0.1123)  loss_bbox_dn_0: 0.0491 (0.0568)  loss_bbox_dn_1: 0.0430 (0.0470)  loss_bbox_dn_2: 0.0421 (0.0460)  loss_giou: 1.0534 (0.9951)  loss_giou_aux_0: 1.0778 (1.0227)  loss_giou_aux_1: 1.0540 (1.0042)  loss_giou_aux_2: 1.1540 (1.0832)  loss_giou_dn_0: 0.7926 (0.8005)  loss_giou_dn_1: 0.7207 (0.7236)  loss_giou_dn_2: 0.7180 (0.7158)  loss_vfl: 0.4622 (0.4900)  loss_vfl_aux_0: 0.4777 (0.5010)  loss_vfl_aux_1: 0.4734 (0.4981)  loss_vfl_aux_2: 0.4713 (0.4990)  loss_vfl_dn_0: 0.4611 (0.4686)  loss_vfl_dn_1: 0.4440 (0.4477)  loss_vfl_dn_2: 0.4401 (0.4431)  time: 1.0550  data: 0.0300  max mem: 9038
Epoch: [41]  [500/809]  eta: 0:05:18  lr: 0.000100  loss: 10.1094 (10.2300)  loss_bbox: 0.0849 (0.0936)  loss_bbox_aux_0: 0.0896 (0.0990)  loss_bbox_aux_1: 0.0860 (0.0949)  loss_bbox_aux_2: 0.1023 (0.1125)  loss_bbox_dn_0: 0.0542 (0.0566)  loss_bbox_dn_1: 0.0444 (0.0468)  loss_bbox_dn_2: 0.0431 (0.0458)  loss_giou: 0.9907 (0.9939)  loss_giou_aux_0: 1.0032 (1.0222)  loss_giou_aux_1: 1.0024 (1.0034)  loss_giou_aux_2: 1.0596 (1.0824)  loss_giou_dn_0: 0.8090 (0.7999)  loss_giou_dn_1: 0.7307 (0.7233)  loss_giou_dn_2: 0.7264 (0.7155)  loss_vfl: 0.4523 (0.4885)  loss_vfl_aux_0: 0.4712 (0.4996)  loss_vfl_aux_1: 0.4725 (0.4967)  loss_vfl_aux_2: 0.4806 (0.4982)  loss_vfl_dn_0: 0.4639 (0.4681)  loss_vfl_dn_1: 0.4402 (0.4470)  loss_vfl_dn_2: 0.4332 (0.4423)  time: 0.9700  data: 0.0272  max mem: 9038
Epoch: [41]  [600/809]  eta: 0:03:35  lr: 0.000100  loss: 9.9103 (10.2400)  loss_bbox: 0.0835 (0.0946)  loss_bbox_aux_0: 0.0912 (0.1002)  loss_bbox_aux_1: 0.0874 (0.0959)  loss_bbox_aux_2: 0.1063 (0.1136)  loss_bbox_dn_0: 0.0534 (0.0565)  loss_bbox_dn_1: 0.0451 (0.0468)  loss_bbox_dn_2: 0.0441 (0.0457)  loss_giou: 0.9124 (0.9938)  loss_giou_aux_0: 0.9303 (1.0217)  loss_giou_aux_1: 0.9136 (1.0032)  loss_giou_aux_2: 1.0011 (1.0826)  loss_giou_dn_0: 0.7645 (0.8008)  loss_giou_dn_1: 0.7031 (0.7241)  loss_giou_dn_2: 0.6923 (0.7163)  loss_vfl: 0.5114 (0.4896)  loss_vfl_aux_0: 0.5254 (0.5007)  loss_vfl_aux_1: 0.5172 (0.4977)  loss_vfl_aux_2: 0.5146 (0.4989)  loss_vfl_dn_0: 0.4725 (0.4680)  loss_vfl_dn_1: 0.4488 (0.4470)  loss_vfl_dn_2: 0.4425 (0.4424)  time: 1.0210  data: 0.0297  max mem: 9038
Epoch: [41]  [700/809]  eta: 0:01:51  lr: 0.000100  loss: 9.7101 (10.2283)  loss_bbox: 0.0800 (0.0948)  loss_bbox_aux_0: 0.0868 (0.1003)  loss_bbox_aux_1: 0.0844 (0.0961)  loss_bbox_aux_2: 0.0955 (0.1137)  loss_bbox_dn_0: 0.0549 (0.0566)  loss_bbox_dn_1: 0.0457 (0.0468)  loss_bbox_dn_2: 0.0436 (0.0457)  loss_giou: 0.8712 (0.9929)  loss_giou_aux_0: 0.8839 (1.0205)  loss_giou_aux_1: 0.8742 (1.0021)  loss_giou_aux_2: 0.9602 (1.0819)  loss_giou_dn_0: 0.7251 (0.7997)  loss_giou_dn_1: 0.6553 (0.7230)  loss_giou_dn_2: 0.6473 (0.7151)  loss_vfl: 0.5112 (0.4887)  loss_vfl_aux_0: 0.5244 (0.4997)  loss_vfl_aux_1: 0.5210 (0.4967)  loss_vfl_aux_2: 0.4972 (0.4977)  loss_vfl_dn_0: 0.4689 (0.4677)  loss_vfl_dn_1: 0.4467 (0.4467)  loss_vfl_dn_2: 0.4403 (0.4421)  time: 0.9795  data: 0.0289  max mem: 9038
Epoch: [41]  [800/809]  eta: 0:00:09  lr: 0.000100  loss: 10.1634 (10.2436)  loss_bbox: 0.0992 (0.0949)  loss_bbox_aux_0: 0.1020 (0.1005)  loss_bbox_aux_1: 0.1006 (0.0963)  loss_bbox_aux_2: 0.1235 (0.1140)  loss_bbox_dn_0: 0.0525 (0.0564)  loss_bbox_dn_1: 0.0449 (0.0466)  loss_bbox_dn_2: 0.0443 (0.0456)  loss_giou: 0.9816 (0.9973)  loss_giou_aux_0: 1.0050 (1.0250)  loss_giou_aux_1: 0.9830 (1.0066)  loss_giou_aux_2: 1.0623 (1.0864)  loss_giou_dn_0: 0.8017 (0.8015)  loss_giou_dn_1: 0.7182 (0.7249)  loss_giou_dn_2: 0.7088 (0.7171)  loss_vfl: 0.4778 (0.4869)  loss_vfl_aux_0: 0.4937 (0.4980)  loss_vfl_aux_1: 0.4917 (0.4948)  loss_vfl_aux_2: 0.4840 (0.4955)  loss_vfl_dn_0: 0.4644 (0.4672)  loss_vfl_dn_1: 0.4430 (0.4464)  loss_vfl_dn_2: 0.4404 (0.4418)  time: 1.0174  data: 0.0309  max mem: 9159
Epoch: [41]  [808/809]  eta: 0:00:01  lr: 0.000100  loss: 10.3350 (10.2477)  loss_bbox: 0.1007 (0.0954)  loss_bbox_aux_0: 0.1081 (0.1010)  loss_bbox_aux_1: 0.1013 (0.0968)  loss_bbox_aux_2: 0.1265 (0.1145)  loss_bbox_dn_0: 0.0529 (0.0564)  loss_bbox_dn_1: 0.0449 (0.0466)  loss_bbox_dn_2: 0.0443 (0.0456)  loss_giou: 1.0504 (0.9982)  loss_giou_aux_0: 1.1020 (1.0260)  loss_giou_aux_1: 1.0642 (1.0075)  loss_giou_aux_2: 1.1655 (1.0873)  loss_giou_dn_0: 0.8238 (0.8015)  loss_giou_dn_1: 0.7565 (0.7249)  loss_giou_dn_2: 0.7506 (0.7171)  loss_vfl: 0.4398 (0.4865)  loss_vfl_aux_0: 0.4440 (0.4976)  loss_vfl_aux_1: 0.4453 (0.4944)  loss_vfl_aux_2: 0.4430 (0.4951)  loss_vfl_dn_0: 0.4644 (0.4672)  loss_vfl_dn_1: 0.4417 (0.4463)  loss_vfl_dn_2: 0.4380 (0.4417)  time: 0.8761  data: 0.0274  max mem: 9159
Epoch: [41] Total time: 0:13:48 (1.0241 s / it)
Averaged stats: lr: 0.000100  loss: 10.3350 (10.2477)  loss_bbox: 0.1007 (0.0954)  loss_bbox_aux_0: 0.1081 (0.1010)  loss_bbox_aux_1: 0.1013 (0.0968)  loss_bbox_aux_2: 0.1265 (0.1145)  loss_bbox_dn_0: 0.0529 (0.0564)  loss_bbox_dn_1: 0.0449 (0.0466)  loss_bbox_dn_2: 0.0443 (0.0456)  loss_giou: 1.0504 (0.9982)  loss_giou_aux_0: 1.1020 (1.0260)  loss_giou_aux_1: 1.0642 (1.0075)  loss_giou_aux_2: 1.1655 (1.0873)  loss_giou_dn_0: 0.8238 (0.8015)  loss_giou_dn_1: 0.7565 (0.7249)  loss_giou_dn_2: 0.7506 (0.7171)  loss_vfl: 0.4398 (0.4865)  loss_vfl_aux_0: 0.4440 (0.4976)  loss_vfl_aux_1: 0.4453 (0.4944)  loss_vfl_aux_2: 0.4430 (0.4951)  loss_vfl_dn_0: 0.4644 (0.4672)  loss_vfl_dn_1: 0.4417 (0.4463)  loss_vfl_dn_2: 0.4380 (0.4417)
Test:  [ 0/69]  eta: 0:01:35    time: 1.3816  data: 0.8729  max mem: 9159
Test:  [10/69]  eta: 0:00:35    time: 0.5964  data: 0.0950  max mem: 9159
Test:  [20/69]  eta: 0:00:28    time: 0.5337  data: 0.0187  max mem: 9159
Test:  [30/69]  eta: 0:00:21    time: 0.5114  data: 0.0202  max mem: 9159
Test:  [40/69]  eta: 0:00:15    time: 0.4616  data: 0.0201  max mem: 9159
Test:  [50/69]  eta: 0:00:09    time: 0.4294  data: 0.0206  max mem: 9159
Test:  [60/69]  eta: 0:00:04    time: 0.4098  data: 0.0202  max mem: 9159
Test:  [68/69]  eta: 0:00:00    time: 0.4312  data: 0.0188  max mem: 9159
Test: Total time: 0:00:33 (0.4829 s / it)
Averaged stats: 
Accumulating evaluation results...
DONE (t=2.00s).
IoU metric: bbox
 Average Precision  (AP) @[ IoU=0.50:0.95 | area=   all | maxDets=100 ] = 0.203
 Average Precision  (AP) @[ IoU=0.50      | area=   all | maxDets=100 ] = 0.343
 Average Precision  (AP) @[ IoU=0.75      | area=   all | maxDets=100 ] = 0.206
 Average Precision  (AP) @[ IoU=0.50:0.95 | area= small | maxDets=100 ] = 0.121
 Average Precision  (AP) @[ IoU=0.50:0.95 | area=medium | maxDets=100 ] = 0.293
 Average Precision  (AP) @[ IoU=0.50:0.95 | area= large | maxDets=100 ] = 0.408
 Average Recall     (AR) @[ IoU=0.50:0.95 | area=   all | maxDets=  1 ] = 0.095
 Average Recall     (AR) @[ IoU=0.50:0.95 | area=   all | maxDets= 10 ] = 0.260
 Average Recall     (AR) @[ IoU=0.50:0.95 | area=   all | maxDets=100 ] = 0.353
 Average Recall     (AR) @[ IoU=0.50:0.95 | area= small | maxDets=100 ] = 0.256
 Average Recall     (AR) @[ IoU=0.50:0.95 | area=medium | maxDets=100 ] = 0.482
 Average Recall     (AR) @[ IoU=0.50:0.95 | area= large | maxDets=100 ] = 0.596
best_stat:  {'epoch': 41, 'coco_eval_bbox': 0.20336611247116942}
Epoch: [42]  [  0/809]  eta: 1:28:45  lr: 0.000100  loss: 10.7043 (10.7043)  loss_bbox: 0.1245 (0.1245)  loss_bbox_aux_0: 0.1501 (0.1501)  loss_bbox_aux_1: 0.1394 (0.1394)  loss_bbox_aux_2: 0.1588 (0.1588)  loss_bbox_dn_0: 0.0464 (0.0464)  loss_bbox_dn_1: 0.0394 (0.0394)  loss_bbox_dn_2: 0.0383 (0.0383)  loss_giou: 1.1285 (1.1285)  loss_giou_aux_0: 1.1831 (1.1831)  loss_giou_aux_1: 1.1506 (1.1506)  loss_giou_aux_2: 1.2383 (1.2383)  loss_giou_dn_0: 0.8406 (0.8406)  loss_giou_dn_1: 0.7774 (0.7774)  loss_giou_dn_2: 0.7681 (0.7681)  loss_vfl: 0.4046 (0.4046)  loss_vfl_aux_0: 0.4112 (0.4112)  loss_vfl_aux_1: 0.4094 (0.4094)  loss_vfl_aux_2: 0.4012 (0.4012)  loss_vfl_dn_0: 0.4388 (0.4388)  loss_vfl_dn_1: 0.4288 (0.4288)  loss_vfl_dn_2: 0.4270 (0.4270)  time: 6.5823  data: 4.0270  max mem: 9159
Epoch: [42]  [100/809]  eta: 0:13:04  lr: 0.000100  loss: 9.8420 (10.2242)  loss_bbox: 0.0839 (0.0988)  loss_bbox_aux_0: 0.0894 (0.1057)  loss_bbox_aux_1: 0.0844 (0.1010)  loss_bbox_aux_2: 0.1033 (0.1206)  loss_bbox_dn_0: 0.0531 (0.0576)  loss_bbox_dn_1: 0.0442 (0.0476)  loss_bbox_dn_2: 0.0430 (0.0465)  loss_giou: 0.9273 (0.9882)  loss_giou_aux_0: 0.9493 (1.0155)  loss_giou_aux_1: 0.9354 (0.9980)  loss_giou_aux_2: 1.0032 (1.0813)  loss_giou_dn_0: 0.7783 (0.7962)  loss_giou_dn_1: 0.7122 (0.7192)  loss_giou_dn_2: 0.6996 (0.7114)  loss_vfl: 0.4868 (0.4882)  loss_vfl_aux_0: 0.4986 (0.4990)  loss_vfl_aux_1: 0.4972 (0.4972)  loss_vfl_aux_2: 0.5136 (0.4966)  loss_vfl_dn_0: 0.4671 (0.4682)  loss_vfl_dn_1: 0.4393 (0.4459)  loss_vfl_dn_2: 0.4382 (0.4414)  time: 1.0128  data: 0.0289  max mem: 9159
Epoch: [42]  [200/809]  eta: 0:10:49  lr: 0.000100  loss: 10.1793 (10.2277)  loss_bbox: 0.0926 (0.0984)  loss_bbox_aux_0: 0.1001 (0.1047)  loss_bbox_aux_1: 0.0934 (0.1002)  loss_bbox_aux_2: 0.1134 (0.1197)  loss_bbox_dn_0: 0.0553 (0.0571)  loss_bbox_dn_1: 0.0440 (0.0471)  loss_bbox_dn_2: 0.0415 (0.0460)  loss_giou: 0.9358 (0.9936)  loss_giou_aux_0: 0.9775 (1.0198)  loss_giou_aux_1: 0.9527 (1.0022)  loss_giou_aux_2: 1.0284 (1.0842)  loss_giou_dn_0: 0.8237 (0.8004)  loss_giou_dn_1: 0.7430 (0.7215)  loss_giou_dn_2: 0.7361 (0.7137)  loss_vfl: 0.4571 (0.4848)  loss_vfl_aux_0: 0.4610 (0.4962)  loss_vfl_aux_1: 0.4656 (0.4931)  loss_vfl_aux_2: 0.4776 (0.4928)  loss_vfl_dn_0: 0.4537 (0.4666)  loss_vfl_dn_1: 0.4372 (0.4451)  loss_vfl_dn_2: 0.4353 (0.4405)  time: 1.0037  data: 0.0325  max mem: 9159
Epoch: [42]  [300/809]  eta: 0:08:52  lr: 0.000100  loss: 9.7861 (10.2436)  loss_bbox: 0.0775 (0.0998)  loss_bbox_aux_0: 0.0801 (0.1056)  loss_bbox_aux_1: 0.0785 (0.1012)  loss_bbox_aux_2: 0.0987 (0.1204)  loss_bbox_dn_0: 0.0599 (0.0569)  loss_bbox_dn_1: 0.0471 (0.0470)  loss_bbox_dn_2: 0.0468 (0.0459)  loss_giou: 0.8789 (0.9970)  loss_giou_aux_0: 0.9186 (1.0238)  loss_giou_aux_1: 0.8885 (1.0061)  loss_giou_aux_2: 0.9806 (1.0865)  loss_giou_dn_0: 0.7698 (0.7996)  loss_giou_dn_1: 0.6997 (0.7218)  loss_giou_dn_2: 0.6863 (0.7141)  loss_vfl: 0.5121 (0.4842)  loss_vfl_aux_0: 0.5391 (0.4958)  loss_vfl_aux_1: 0.5249 (0.4925)  loss_vfl_aux_2: 0.5278 (0.4926)  loss_vfl_dn_0: 0.4684 (0.4670)  loss_vfl_dn_1: 0.4419 (0.4452)  loss_vfl_dn_2: 0.4386 (0.4406)  time: 0.9968  data: 0.0248  max mem: 9159
Epoch: [42]  [400/809]  eta: 0:07:05  lr: 0.000100  loss: 10.4562 (10.2688)  loss_bbox: 0.0891 (0.1003)  loss_bbox_aux_0: 0.0935 (0.1063)  loss_bbox_aux_1: 0.0897 (0.1018)  loss_bbox_aux_2: 0.1137 (0.1206)  loss_bbox_dn_0: 0.0519 (0.0568)  loss_bbox_dn_1: 0.0427 (0.0469)  loss_bbox_dn_2: 0.0419 (0.0458)  loss_giou: 1.0564 (1.0022)  loss_giou_aux_0: 1.0598 (1.0286)  loss_giou_aux_1: 1.0509 (1.0111)  loss_giou_aux_2: 1.1175 (1.0923)  loss_giou_dn_0: 0.8466 (0.8008)  loss_giou_dn_1: 0.7592 (0.7233)  loss_giou_dn_2: 0.7494 (0.7156)  loss_vfl: 0.4486 (0.4842)  loss_vfl_aux_0: 0.4439 (0.4949)  loss_vfl_aux_1: 0.4537 (0.4919)  loss_vfl_aux_2: 0.4475 (0.4919)  loss_vfl_dn_0: 0.4588 (0.4671)  loss_vfl_dn_1: 0.4365 (0.4454)  loss_vfl_dn_2: 0.4338 (0.4409)  time: 1.0825  data: 0.0305  max mem: 9159
Epoch: [42]  [500/809]  eta: 0:05:20  lr: 0.000100  loss: 10.2135 (10.2526)  loss_bbox: 0.0867 (0.0992)  loss_bbox_aux_0: 0.0922 (0.1050)  loss_bbox_aux_1: 0.0856 (0.1007)  loss_bbox_aux_2: 0.1126 (0.1192)  loss_bbox_dn_0: 0.0516 (0.0566)  loss_bbox_dn_1: 0.0426 (0.0468)  loss_bbox_dn_2: 0.0418 (0.0457)  loss_giou: 0.9966 (0.9998)  loss_giou_aux_0: 1.0200 (1.0262)  loss_giou_aux_1: 1.0077 (1.0086)  loss_giou_aux_2: 1.0775 (1.0902)  loss_giou_dn_0: 0.7789 (0.7990)  loss_giou_dn_1: 0.6946 (0.7220)  loss_giou_dn_2: 0.6896 (0.7142)  loss_vfl: 0.4730 (0.4848)  loss_vfl_aux_0: 0.4798 (0.4960)  loss_vfl_aux_1: 0.4802 (0.4927)  loss_vfl_aux_2: 0.4751 (0.4932)  loss_vfl_dn_0: 0.4704 (0.4670)  loss_vfl_dn_1: 0.4426 (0.4451)  loss_vfl_dn_2: 0.4396 (0.4406)  time: 0.9882  data: 0.0291  max mem: 9248
Epoch: [42]  [600/809]  eta: 0:03:36  lr: 0.000100  loss: 10.0882 (10.2357)  loss_bbox: 0.0797 (0.0979)  loss_bbox_aux_0: 0.0865 (0.1035)  loss_bbox_aux_1: 0.0827 (0.0993)  loss_bbox_aux_2: 0.0984 (0.1175)  loss_bbox_dn_0: 0.0530 (0.0564)  loss_bbox_dn_1: 0.0431 (0.0466)  loss_bbox_dn_2: 0.0419 (0.0455)  loss_giou: 0.9893 (0.9970)  loss_giou_aux_0: 1.0018 (1.0230)  loss_giou_aux_1: 0.9898 (1.0057)  loss_giou_aux_2: 1.0420 (1.0871)  loss_giou_dn_0: 0.7985 (0.7985)  loss_giou_dn_1: 0.7215 (0.7210)  loss_giou_dn_2: 0.7125 (0.7132)  loss_vfl: 0.5005 (0.4856)  loss_vfl_aux_0: 0.5115 (0.4968)  loss_vfl_aux_1: 0.5156 (0.4936)  loss_vfl_aux_2: 0.4804 (0.4941)  loss_vfl_dn_0: 0.4682 (0.4672)  loss_vfl_dn_1: 0.4440 (0.4454)  loss_vfl_dn_2: 0.4438 (0.4409)  time: 0.9995  data: 0.0274  max mem: 9248
Epoch: [42]  [700/809]  eta: 0:01:52  lr: 0.000100  loss: 10.3003 (10.2361)  loss_bbox: 0.0841 (0.0976)  loss_bbox_aux_0: 0.0873 (0.1033)  loss_bbox_aux_1: 0.0843 (0.0990)  loss_bbox_aux_2: 0.0992 (0.1172)  loss_bbox_dn_0: 0.0546 (0.0565)  loss_bbox_dn_1: 0.0457 (0.0467)  loss_bbox_dn_2: 0.0457 (0.0456)  loss_giou: 1.0113 (0.9975)  loss_giou_aux_0: 1.0530 (1.0240)  loss_giou_aux_1: 1.0260 (1.0059)  loss_giou_aux_2: 1.0963 (1.0882)  loss_giou_dn_0: 0.8309 (0.7988)  loss_giou_dn_1: 0.7441 (0.7214)  loss_giou_dn_2: 0.7431 (0.7137)  loss_vfl: 0.4808 (0.4850)  loss_vfl_aux_0: 0.4962 (0.4961)  loss_vfl_aux_1: 0.4877 (0.4930)  loss_vfl_aux_2: 0.4868 (0.4933)  loss_vfl_dn_0: 0.4656 (0.4671)  loss_vfl_dn_1: 0.4463 (0.4454)  loss_vfl_dn_2: 0.4405 (0.4408)  time: 1.0185  data: 0.0342  max mem: 9248
Epoch: [42]  [800/809]  eta: 0:00:09  lr: 0.000100  loss: 10.0962 (10.2292)  loss_bbox: 0.0900 (0.0963)  loss_bbox_aux_0: 0.0957 (0.1020)  loss_bbox_aux_1: 0.0919 (0.0977)  loss_bbox_aux_2: 0.1072 (0.1161)  loss_bbox_dn_0: 0.0558 (0.0562)  loss_bbox_dn_1: 0.0450 (0.0464)  loss_bbox_dn_2: 0.0446 (0.0454)  loss_giou: 1.0124 (0.9974)  loss_giou_aux_0: 1.0278 (1.0244)  loss_giou_aux_1: 1.0200 (1.0057)  loss_giou_aux_2: 1.0839 (1.0885)  loss_giou_dn_0: 0.8131 (0.7989)  loss_giou_dn_1: 0.7153 (0.7216)  loss_giou_dn_2: 0.7105 (0.7140)  loss_vfl: 0.4745 (0.4848)  loss_vfl_aux_0: 0.4762 (0.4958)  loss_vfl_aux_1: 0.4794 (0.4926)  loss_vfl_aux_2: 0.4740 (0.4925)  loss_vfl_dn_0: 0.4685 (0.4668)  loss_vfl_dn_1: 0.4463 (0.4454)  loss_vfl_dn_2: 0.4392 (0.4408)  time: 1.0285  data: 0.0324  max mem: 9248
Epoch: [42]  [808/809]  eta: 0:00:01  lr: 0.000100  loss: 10.1692 (10.2325)  loss_bbox: 0.0910 (0.0964)  loss_bbox_aux_0: 0.0965 (0.1021)  loss_bbox_aux_1: 0.0941 (0.0979)  loss_bbox_aux_2: 0.1072 (0.1163)  loss_bbox_dn_0: 0.0633 (0.0563)  loss_bbox_dn_1: 0.0527 (0.0465)  loss_bbox_dn_2: 0.0506 (0.0454)  loss_giou: 1.0384 (0.9981)  loss_giou_aux_0: 1.0603 (1.0250)  loss_giou_aux_1: 1.0548 (1.0064)  loss_giou_aux_2: 1.0889 (1.0889)  loss_giou_dn_0: 0.8131 (0.7992)  loss_giou_dn_1: 0.7153 (0.7218)  loss_giou_dn_2: 0.7105 (0.7142)  loss_vfl: 0.4740 (0.4846)  loss_vfl_aux_0: 0.4755 (0.4956)  loss_vfl_aux_1: 0.4794 (0.4924)  loss_vfl_aux_2: 0.4649 (0.4923)  loss_vfl_dn_0: 0.4690 (0.4668)  loss_vfl_dn_1: 0.4457 (0.4455)  loss_vfl_dn_2: 0.4391 (0.4409)  time: 0.8925  data: 0.0257  max mem: 9248
Epoch: [42] Total time: 0:13:53 (1.0300 s / it)
Averaged stats: lr: 0.000100  loss: 10.1692 (10.2325)  loss_bbox: 0.0910 (0.0964)  loss_bbox_aux_0: 0.0965 (0.1021)  loss_bbox_aux_1: 0.0941 (0.0979)  loss_bbox_aux_2: 0.1072 (0.1163)  loss_bbox_dn_0: 0.0633 (0.0563)  loss_bbox_dn_1: 0.0527 (0.0465)  loss_bbox_dn_2: 0.0506 (0.0454)  loss_giou: 1.0384 (0.9981)  loss_giou_aux_0: 1.0603 (1.0250)  loss_giou_aux_1: 1.0548 (1.0064)  loss_giou_aux_2: 1.0889 (1.0889)  loss_giou_dn_0: 0.8131 (0.7992)  loss_giou_dn_1: 0.7153 (0.7218)  loss_giou_dn_2: 0.7105 (0.7142)  loss_vfl: 0.4740 (0.4846)  loss_vfl_aux_0: 0.4755 (0.4956)  loss_vfl_aux_1: 0.4794 (0.4924)  loss_vfl_aux_2: 0.4649 (0.4923)  loss_vfl_dn_0: 0.4690 (0.4668)  loss_vfl_dn_1: 0.4457 (0.4455)  loss_vfl_dn_2: 0.4391 (0.4409)
Test:  [ 0/69]  eta: 0:01:18    time: 1.1429  data: 0.5780  max mem: 9248
Test:  [10/69]  eta: 0:00:34    time: 0.5860  data: 0.0729  max mem: 9248
Test:  [20/69]  eta: 0:00:28    time: 0.5439  data: 0.0221  max mem: 9248
Test:  [30/69]  eta: 0:00:21    time: 0.5278  data: 0.0221  max mem: 9248
Test:  [40/69]  eta: 0:00:15    time: 0.4862  data: 0.0221  max mem: 9248
Test:  [50/69]  eta: 0:00:09    time: 0.4550  data: 0.0220  max mem: 9248
Test:  [60/69]  eta: 0:00:04    time: 0.4419  data: 0.0225  max mem: 9248
Test:  [68/69]  eta: 0:00:00    time: 0.4515  data: 0.0208  max mem: 9248
Test: Total time: 0:00:34 (0.4976 s / it)
Averaged stats: 
Accumulating evaluation results...
DONE (t=1.87s).
IoU metric: bbox
 Average Precision  (AP) @[ IoU=0.50:0.95 | area=   all | maxDets=100 ] = 0.205
 Average Precision  (AP) @[ IoU=0.50      | area=   all | maxDets=100 ] = 0.345
 Average Precision  (AP) @[ IoU=0.75      | area=   all | maxDets=100 ] = 0.208
 Average Precision  (AP) @[ IoU=0.50:0.95 | area= small | maxDets=100 ] = 0.121
 Average Precision  (AP) @[ IoU=0.50:0.95 | area=medium | maxDets=100 ] = 0.293
 Average Precision  (AP) @[ IoU=0.50:0.95 | area= large | maxDets=100 ] = 0.415
 Average Recall     (AR) @[ IoU=0.50:0.95 | area=   all | maxDets=  1 ] = 0.095
 Average Recall     (AR) @[ IoU=0.50:0.95 | area=   all | maxDets= 10 ] = 0.260
 Average Recall     (AR) @[ IoU=0.50:0.95 | area=   all | maxDets=100 ] = 0.354
 Average Recall     (AR) @[ IoU=0.50:0.95 | area= small | maxDets=100 ] = 0.258
 Average Recall     (AR) @[ IoU=0.50:0.95 | area=medium | maxDets=100 ] = 0.481
 Average Recall     (AR) @[ IoU=0.50:0.95 | area= large | maxDets=100 ] = 0.592
best_stat:  {'epoch': 42, 'coco_eval_bbox': 0.2045028692696225}
Epoch: [43]  [  0/809]  eta: 1:34:00  lr: 0.000100  loss: 9.5721 (9.5721)  loss_bbox: 0.0860 (0.0860)  loss_bbox_aux_0: 0.0922 (0.0922)  loss_bbox_aux_1: 0.0873 (0.0873)  loss_bbox_aux_2: 0.1105 (0.1105)  loss_bbox_dn_0: 0.0619 (0.0619)  loss_bbox_dn_1: 0.0472 (0.0472)  loss_bbox_dn_2: 0.0448 (0.0448)  loss_giou: 0.8930 (0.8930)  loss_giou_aux_0: 0.9384 (0.9384)  loss_giou_aux_1: 0.9106 (0.9106)  loss_giou_aux_2: 0.9960 (0.9960)  loss_giou_dn_0: 0.7455 (0.7455)  loss_giou_dn_1: 0.6469 (0.6469)  loss_giou_dn_2: 0.6300 (0.6300)  loss_vfl: 0.4773 (0.4773)  loss_vfl_aux_0: 0.4820 (0.4820)  loss_vfl_aux_1: 0.4728 (0.4728)  loss_vfl_aux_2: 0.5074 (0.5074)  loss_vfl_dn_0: 0.4738 (0.4738)  loss_vfl_dn_1: 0.4414 (0.4414)  loss_vfl_dn_2: 0.4272 (0.4272)  time: 6.9725  data: 6.0193  max mem: 9248
Epoch: [43]  [100/809]  eta: 0:13:02  lr: 0.000100  loss: 10.2424 (10.2536)  loss_bbox: 0.0805 (0.0937)  loss_bbox_aux_0: 0.0847 (0.0999)  loss_bbox_aux_1: 0.0813 (0.0951)  loss_bbox_aux_2: 0.1030 (0.1148)  loss_bbox_dn_0: 0.0488 (0.0570)  loss_bbox_dn_1: 0.0428 (0.0467)  loss_bbox_dn_2: 0.0419 (0.0455)  loss_giou: 1.0618 (1.0061)  loss_giou_aux_0: 1.0792 (1.0315)  loss_giou_aux_1: 1.0696 (1.0115)  loss_giou_aux_2: 1.1317 (1.0983)  loss_giou_dn_0: 0.8177 (0.8069)  loss_giou_dn_1: 0.7528 (0.7262)  loss_giou_dn_2: 0.7487 (0.7182)  loss_vfl: 0.4472 (0.4807)  loss_vfl_aux_0: 0.4613 (0.4917)  loss_vfl_aux_1: 0.4742 (0.4903)  loss_vfl_aux_2: 0.4552 (0.4871)  loss_vfl_dn_0: 0.4591 (0.4654)  loss_vfl_dn_1: 0.4388 (0.4457)  loss_vfl_dn_2: 0.4352 (0.4412)  time: 1.0772  data: 0.0354  max mem: 9248
Epoch: [43]  [200/809]  eta: 0:10:40  lr: 0.000100  loss: 10.2362 (10.2302)  loss_bbox: 0.0779 (0.0942)  loss_bbox_aux_0: 0.0833 (0.1000)  loss_bbox_aux_1: 0.0762 (0.0957)  loss_bbox_aux_2: 0.0988 (0.1149)  loss_bbox_dn_0: 0.0511 (0.0563)  loss_bbox_dn_1: 0.0422 (0.0463)  loss_bbox_dn_2: 0.0411 (0.0451)  loss_giou: 0.9837 (1.0028)  loss_giou_aux_0: 1.0206 (1.0274)  loss_giou_aux_1: 0.9913 (1.0068)  loss_giou_aux_2: 1.0871 (1.0925)  loss_giou_dn_0: 0.7868 (0.8017)  loss_giou_dn_1: 0.7043 (0.7239)  loss_giou_dn_2: 0.7068 (0.7160)  loss_vfl: 0.4876 (0.4828)  loss_vfl_aux_0: 0.4938 (0.4931)  loss_vfl_aux_1: 0.4959 (0.4921)  loss_vfl_aux_2: 0.4893 (0.4878)  loss_vfl_dn_0: 0.4642 (0.4656)  loss_vfl_dn_1: 0.4360 (0.4449)  loss_vfl_dn_2: 0.4355 (0.4402)  time: 1.0221  data: 0.0311  max mem: 9248
Epoch: [43]  [300/809]  eta: 0:08:50  lr: 0.000100  loss: 9.8117 (10.1912)  loss_bbox: 0.0730 (0.0923)  loss_bbox_aux_0: 0.0762 (0.0977)  loss_bbox_aux_1: 0.0743 (0.0938)  loss_bbox_aux_2: 0.0904 (0.1118)  loss_bbox_dn_0: 0.0535 (0.0563)  loss_bbox_dn_1: 0.0453 (0.0464)  loss_bbox_dn_2: 0.0444 (0.0453)  loss_giou: 0.9022 (0.9930)  loss_giou_aux_0: 0.9331 (1.0184)  loss_giou_aux_1: 0.9085 (0.9975)  loss_giou_aux_2: 0.9698 (1.0829)  loss_giou_dn_0: 0.7950 (0.7980)  loss_giou_dn_1: 0.7228 (0.7207)  loss_giou_dn_2: 0.7141 (0.7131)  loss_vfl: 0.4917 (0.4878)  loss_vfl_aux_0: 0.4986 (0.4975)  loss_vfl_aux_1: 0.5058 (0.4961)  loss_vfl_aux_2: 0.5104 (0.4931)  loss_vfl_dn_0: 0.4664 (0.4658)  loss_vfl_dn_1: 0.4429 (0.4442)  loss_vfl_dn_2: 0.4369 (0.4394)  time: 1.0202  data: 0.0318  max mem: 9248
Epoch: [43]  [400/809]  eta: 0:07:04  lr: 0.000100  loss: 10.2514 (10.1888)  loss_bbox: 0.0827 (0.0931)  loss_bbox_aux_0: 0.0886 (0.0987)  loss_bbox_aux_1: 0.0838 (0.0947)  loss_bbox_aux_2: 0.1044 (0.1126)  loss_bbox_dn_0: 0.0507 (0.0558)  loss_bbox_dn_1: 0.0403 (0.0461)  loss_bbox_dn_2: 0.0397 (0.0450)  loss_giou: 0.9932 (0.9908)  loss_giou_aux_0: 1.0234 (1.0173)  loss_giou_aux_1: 1.0043 (0.9964)  loss_giou_aux_2: 1.0878 (1.0817)  loss_giou_dn_0: 0.7912 (0.7961)  loss_giou_dn_1: 0.7046 (0.7193)  loss_giou_dn_2: 0.6978 (0.7118)  loss_vfl: 0.4872 (0.4887)  loss_vfl_aux_0: 0.4850 (0.4984)  loss_vfl_aux_1: 0.4823 (0.4967)  loss_vfl_aux_2: 0.4768 (0.4945)  loss_vfl_dn_0: 0.4676 (0.4663)  loss_vfl_dn_1: 0.4456 (0.4448)  loss_vfl_dn_2: 0.4386 (0.4400)  time: 1.0383  data: 0.0275  max mem: 9248
Epoch: [43]  [500/809]  eta: 0:05:18  lr: 0.000100  loss: 10.0972 (10.1847)  loss_bbox: 0.0897 (0.0928)  loss_bbox_aux_0: 0.0898 (0.0983)  loss_bbox_aux_1: 0.0892 (0.0943)  loss_bbox_aux_2: 0.1074 (0.1122)  loss_bbox_dn_0: 0.0564 (0.0566)  loss_bbox_dn_1: 0.0471 (0.0467)  loss_bbox_dn_2: 0.0465 (0.0456)  loss_giou: 0.9832 (0.9863)  loss_giou_aux_0: 1.0155 (1.0128)  loss_giou_aux_1: 0.9985 (0.9924)  loss_giou_aux_2: 1.0989 (1.0778)  loss_giou_dn_0: 0.8007 (0.7957)  loss_giou_dn_1: 0.7154 (0.7183)  loss_giou_dn_2: 0.7144 (0.7107)  loss_vfl: 0.4691 (0.4917)  loss_vfl_aux_0: 0.4766 (0.5021)  loss_vfl_aux_1: 0.4796 (0.4998)  loss_vfl_aux_2: 0.4676 (0.4983)  loss_vfl_dn_0: 0.4643 (0.4667)  loss_vfl_dn_1: 0.4411 (0.4451)  loss_vfl_dn_2: 0.4374 (0.4403)  time: 0.9959  data: 0.0286  max mem: 9248
Epoch: [43]  [600/809]  eta: 0:03:35  lr: 0.000100  loss: 10.1259 (10.1932)  loss_bbox: 0.0924 (0.0928)  loss_bbox_aux_0: 0.0941 (0.0981)  loss_bbox_aux_1: 0.0919 (0.0942)  loss_bbox_aux_2: 0.1049 (0.1122)  loss_bbox_dn_0: 0.0529 (0.0566)  loss_bbox_dn_1: 0.0424 (0.0467)  loss_bbox_dn_2: 0.0413 (0.0456)  loss_giou: 0.9218 (0.9881)  loss_giou_aux_0: 0.9620 (1.0149)  loss_giou_aux_1: 0.9316 (0.9947)  loss_giou_aux_2: 1.0371 (1.0798)  loss_giou_dn_0: 0.8019 (0.7964)  loss_giou_dn_1: 0.7390 (0.7193)  loss_giou_dn_2: 0.7316 (0.7117)  loss_vfl: 0.5029 (0.4913)  loss_vfl_aux_0: 0.5071 (0.5016)  loss_vfl_aux_1: 0.4970 (0.4993)  loss_vfl_aux_2: 0.5088 (0.4974)  loss_vfl_dn_0: 0.4622 (0.4668)  loss_vfl_dn_1: 0.4395 (0.4452)  loss_vfl_dn_2: 0.4358 (0.4404)  time: 1.0048  data: 0.0293  max mem: 9248
Epoch: [43]  [700/809]  eta: 0:01:52  lr: 0.000100  loss: 9.5894 (10.2108)  loss_bbox: 0.0870 (0.0945)  loss_bbox_aux_0: 0.0940 (0.0999)  loss_bbox_aux_1: 0.0863 (0.0960)  loss_bbox_aux_2: 0.1068 (0.1142)  loss_bbox_dn_0: 0.0566 (0.0565)  loss_bbox_dn_1: 0.0464 (0.0467)  loss_bbox_dn_2: 0.0452 (0.0456)  loss_giou: 0.8290 (0.9916)  loss_giou_aux_0: 0.8553 (1.0193)  loss_giou_aux_1: 0.8547 (0.9988)  loss_giou_aux_2: 0.9270 (1.0827)  loss_giou_dn_0: 0.7501 (0.7975)  loss_giou_dn_1: 0.6599 (0.7201)  loss_giou_dn_2: 0.6539 (0.7125)  loss_vfl: 0.5055 (0.4893)  loss_vfl_aux_0: 0.5309 (0.4997)  loss_vfl_aux_1: 0.5149 (0.4973)  loss_vfl_aux_2: 0.5356 (0.4959)  loss_vfl_dn_0: 0.4722 (0.4668)  loss_vfl_dn_1: 0.4420 (0.4454)  loss_vfl_dn_2: 0.4382 (0.4406)  time: 1.0136  data: 0.0282  max mem: 9248
Epoch: [43]  [800/809]  eta: 0:00:09  lr: 0.000100  loss: 10.3111 (10.2263)  loss_bbox: 0.0887 (0.0949)  loss_bbox_aux_0: 0.0933 (0.1003)  loss_bbox_aux_1: 0.0891 (0.0963)  loss_bbox_aux_2: 0.1190 (0.1148)  loss_bbox_dn_0: 0.0529 (0.0563)  loss_bbox_dn_1: 0.0435 (0.0465)  loss_bbox_dn_2: 0.0434 (0.0454)  loss_giou: 1.0005 (0.9962)  loss_giou_aux_0: 1.0314 (1.0241)  loss_giou_aux_1: 1.0007 (1.0035)  loss_giou_aux_2: 1.0932 (1.0874)  loss_giou_dn_0: 0.7970 (0.7987)  loss_giou_dn_1: 0.7293 (0.7215)  loss_giou_dn_2: 0.7256 (0.7139)  loss_vfl: 0.4952 (0.4872)  loss_vfl_aux_0: 0.5096 (0.4977)  loss_vfl_aux_1: 0.5014 (0.4953)  loss_vfl_aux_2: 0.4901 (0.4937)  loss_vfl_dn_0: 0.4688 (0.4667)  loss_vfl_dn_1: 0.4457 (0.4454)  loss_vfl_dn_2: 0.4413 (0.4406)  time: 1.0345  data: 0.0311  max mem: 9248
Epoch: [43]  [808/809]  eta: 0:00:01  lr: 0.000100  loss: 9.9634 (10.2221)  loss_bbox: 0.0856 (0.0948)  loss_bbox_aux_0: 0.0856 (0.1003)  loss_bbox_aux_1: 0.0851 (0.0963)  loss_bbox_aux_2: 0.1026 (0.1148)  loss_bbox_dn_0: 0.0530 (0.0563)  loss_bbox_dn_1: 0.0461 (0.0465)  loss_bbox_dn_2: 0.0441 (0.0454)  loss_giou: 0.9806 (0.9953)  loss_giou_aux_0: 1.0242 (1.0232)  loss_giou_aux_1: 0.9878 (1.0026)  loss_giou_aux_2: 1.0502 (1.0865)  loss_giou_dn_0: 0.7826 (0.7982)  loss_giou_dn_1: 0.7085 (0.7210)  loss_giou_dn_2: 0.7018 (0.7134)  loss_vfl: 0.4952 (0.4874)  loss_vfl_aux_0: 0.5102 (0.4979)  loss_vfl_aux_1: 0.5038 (0.4955)  loss_vfl_aux_2: 0.5045 (0.4941)  loss_vfl_dn_0: 0.4663 (0.4667)  loss_vfl_dn_1: 0.4440 (0.4454)  loss_vfl_dn_2: 0.4382 (0.4406)  time: 0.9175  data: 0.0252  max mem: 9248
Epoch: [43] Total time: 0:13:52 (1.0291 s / it)
Averaged stats: lr: 0.000100  loss: 9.9634 (10.2221)  loss_bbox: 0.0856 (0.0948)  loss_bbox_aux_0: 0.0856 (0.1003)  loss_bbox_aux_1: 0.0851 (0.0963)  loss_bbox_aux_2: 0.1026 (0.1148)  loss_bbox_dn_0: 0.0530 (0.0563)  loss_bbox_dn_1: 0.0461 (0.0465)  loss_bbox_dn_2: 0.0441 (0.0454)  loss_giou: 0.9806 (0.9953)  loss_giou_aux_0: 1.0242 (1.0232)  loss_giou_aux_1: 0.9878 (1.0026)  loss_giou_aux_2: 1.0502 (1.0865)  loss_giou_dn_0: 0.7826 (0.7982)  loss_giou_dn_1: 0.7085 (0.7210)  loss_giou_dn_2: 0.7018 (0.7134)  loss_vfl: 0.4952 (0.4874)  loss_vfl_aux_0: 0.5102 (0.4979)  loss_vfl_aux_1: 0.5038 (0.4955)  loss_vfl_aux_2: 0.5045 (0.4941)  loss_vfl_dn_0: 0.4663 (0.4667)  loss_vfl_dn_1: 0.4440 (0.4454)  loss_vfl_dn_2: 0.4382 (0.4406)
Test:  [ 0/69]  eta: 0:01:23    time: 1.2123  data: 0.6358  max mem: 9248
Test:  [10/69]  eta: 0:00:35    time: 0.6081  data: 0.0761  max mem: 9248
Test:  [20/69]  eta: 0:00:28    time: 0.5449  data: 0.0196  max mem: 9248
Test:  [30/69]  eta: 0:00:21    time: 0.5152  data: 0.0202  max mem: 9248
Test:  [40/69]  eta: 0:00:15    time: 0.4765  data: 0.0208  max mem: 9248
Test:  [50/69]  eta: 0:00:09    time: 0.4469  data: 0.0198  max mem: 9248
Test:  [60/69]  eta: 0:00:04    time: 0.4372  data: 0.0198  max mem: 9248
Test:  [68/69]  eta: 0:00:00    time: 0.4537  data: 0.0191  max mem: 9248
Test: Total time: 0:00:34 (0.4975 s / it)
Averaged stats: 
Accumulating evaluation results...
DONE (t=1.97s).
IoU metric: bbox
 Average Precision  (AP) @[ IoU=0.50:0.95 | area=   all | maxDets=100 ] = 0.205
 Average Precision  (AP) @[ IoU=0.50      | area=   all | maxDets=100 ] = 0.346
 Average Precision  (AP) @[ IoU=0.75      | area=   all | maxDets=100 ] = 0.210
 Average Precision  (AP) @[ IoU=0.50:0.95 | area= small | maxDets=100 ] = 0.122
 Average Precision  (AP) @[ IoU=0.50:0.95 | area=medium | maxDets=100 ] = 0.294
 Average Precision  (AP) @[ IoU=0.50:0.95 | area= large | maxDets=100 ] = 0.421
 Average Recall     (AR) @[ IoU=0.50:0.95 | area=   all | maxDets=  1 ] = 0.096
 Average Recall     (AR) @[ IoU=0.50:0.95 | area=   all | maxDets= 10 ] = 0.262
 Average Recall     (AR) @[ IoU=0.50:0.95 | area=   all | maxDets=100 ] = 0.355
 Average Recall     (AR) @[ IoU=0.50:0.95 | area= small | maxDets=100 ] = 0.259
 Average Recall     (AR) @[ IoU=0.50:0.95 | area=medium | maxDets=100 ] = 0.482
 Average Recall     (AR) @[ IoU=0.50:0.95 | area= large | maxDets=100 ] = 0.599
best_stat:  {'epoch': 43, 'coco_eval_bbox': 0.2054666554298149}
Epoch: [44]  [  0/809]  eta: 1:23:52  lr: 0.000100  loss: 9.0892 (9.0892)  loss_bbox: 0.0777 (0.0777)  loss_bbox_aux_0: 0.0809 (0.0809)  loss_bbox_aux_1: 0.0780 (0.0780)  loss_bbox_aux_2: 0.0952 (0.0952)  loss_bbox_dn_0: 0.0625 (0.0625)  loss_bbox_dn_1: 0.0521 (0.0521)  loss_bbox_dn_2: 0.0508 (0.0508)  loss_giou: 0.7783 (0.7783)  loss_giou_aux_0: 0.7991 (0.7991)  loss_giou_aux_1: 0.7891 (0.7891)  loss_giou_aux_2: 0.8803 (0.8803)  loss_giou_dn_0: 0.7155 (0.7155)  loss_giou_dn_1: 0.6408 (0.6408)  loss_giou_dn_2: 0.6298 (0.6298)  loss_vfl: 0.4990 (0.4990)  loss_vfl_aux_0: 0.5206 (0.5206)  loss_vfl_aux_1: 0.5119 (0.5119)  loss_vfl_aux_2: 0.5261 (0.5261)  loss_vfl_dn_0: 0.4527 (0.4527)  loss_vfl_dn_1: 0.4289 (0.4289)  loss_vfl_dn_2: 0.4198 (0.4198)  time: 6.2201  data: 2.2679  max mem: 9248
Epoch: [44]  [100/809]  eta: 0:12:54  lr: 0.000100  loss: 10.4394 (10.3376)  loss_bbox: 0.0970 (0.0995)  loss_bbox_aux_0: 0.1034 (0.1045)  loss_bbox_aux_1: 0.0985 (0.1012)  loss_bbox_aux_2: 0.1158 (0.1212)  loss_bbox_dn_0: 0.0521 (0.0553)  loss_bbox_dn_1: 0.0411 (0.0457)  loss_bbox_dn_2: 0.0409 (0.0447)  loss_giou: 1.0093 (1.0193)  loss_giou_aux_0: 1.0354 (1.0490)  loss_giou_aux_1: 1.0171 (1.0277)  loss_giou_aux_2: 1.0905 (1.1163)  loss_giou_dn_0: 0.8130 (0.8058)  loss_giou_dn_1: 0.7207 (0.7292)  loss_giou_dn_2: 0.7162 (0.7223)  loss_vfl: 0.4777 (0.4819)  loss_vfl_aux_0: 0.4687 (0.4915)  loss_vfl_aux_1: 0.4724 (0.4889)  loss_vfl_aux_2: 0.4574 (0.4833)  loss_vfl_dn_0: 0.4640 (0.4657)  loss_vfl_dn_1: 0.4429 (0.4447)  loss_vfl_dn_2: 0.4385 (0.4401)  time: 1.0536  data: 0.0322  max mem: 9248
Epoch: [44]  [200/809]  eta: 0:10:39  lr: 0.000100  loss: 9.8104 (10.2381)  loss_bbox: 0.0838 (0.0976)  loss_bbox_aux_0: 0.0894 (0.1026)  loss_bbox_aux_1: 0.0852 (0.0990)  loss_bbox_aux_2: 0.1080 (0.1180)  loss_bbox_dn_0: 0.0569 (0.0581)  loss_bbox_dn_1: 0.0516 (0.0482)  loss_bbox_dn_2: 0.0492 (0.0471)  loss_giou: 0.9129 (0.9888)  loss_giou_aux_0: 0.9454 (1.0174)  loss_giou_aux_1: 0.9193 (0.9959)  loss_giou_aux_2: 0.9999 (1.0860)  loss_giou_dn_0: 0.7710 (0.7959)  loss_giou_dn_1: 0.6813 (0.7194)  loss_giou_dn_2: 0.6770 (0.7116)  loss_vfl: 0.5182 (0.4931)  loss_vfl_aux_0: 0.5197 (0.5035)  loss_vfl_aux_1: 0.5153 (0.5014)  loss_vfl_aux_2: 0.5126 (0.4982)  loss_vfl_dn_0: 0.4705 (0.4681)  loss_vfl_dn_1: 0.4458 (0.4464)  loss_vfl_dn_2: 0.4429 (0.4417)  time: 0.9914  data: 0.0279  max mem: 9248
Epoch: [44]  [300/809]  eta: 0:08:46  lr: 0.000100  loss: 10.2961 (10.2669)  loss_bbox: 0.0823 (0.0980)  loss_bbox_aux_0: 0.0890 (0.1039)  loss_bbox_aux_1: 0.0853 (0.0994)  loss_bbox_aux_2: 0.1062 (0.1192)  loss_bbox_dn_0: 0.0499 (0.0575)  loss_bbox_dn_1: 0.0421 (0.0477)  loss_bbox_dn_2: 0.0412 (0.0466)  loss_giou: 1.0263 (0.9982)  loss_giou_aux_0: 1.0679 (1.0264)  loss_giou_aux_1: 1.0347 (1.0053)  loss_giou_aux_2: 1.1036 (1.0947)  loss_giou_dn_0: 0.8194 (0.7988)  loss_giou_dn_1: 0.7373 (0.7217)  loss_giou_dn_2: 0.7261 (0.7139)  loss_vfl: 0.4573 (0.4898)  loss_vfl_aux_0: 0.4681 (0.4995)  loss_vfl_aux_1: 0.4680 (0.4979)  loss_vfl_aux_2: 0.4656 (0.4941)  loss_vfl_dn_0: 0.4591 (0.4675)  loss_vfl_dn_1: 0.4385 (0.4458)  loss_vfl_dn_2: 0.4307 (0.4410)  time: 1.0673  data: 0.0261  max mem: 9248
Epoch: [44]  [400/809]  eta: 0:07:00  lr: 0.000100  loss: 9.7383 (10.2004)  loss_bbox: 0.0807 (0.0957)  loss_bbox_aux_0: 0.0827 (0.1016)  loss_bbox_aux_1: 0.0826 (0.0971)  loss_bbox_aux_2: 0.0965 (0.1166)  loss_bbox_dn_0: 0.0583 (0.0578)  loss_bbox_dn_1: 0.0465 (0.0478)  loss_bbox_dn_2: 0.0452 (0.0467)  loss_giou: 0.8687 (0.9849)  loss_giou_aux_0: 0.9039 (1.0130)  loss_giou_aux_1: 0.8763 (0.9920)  loss_giou_aux_2: 0.9495 (1.0795)  loss_giou_dn_0: 0.7557 (0.7948)  loss_giou_dn_1: 0.6721 (0.7173)  loss_giou_dn_2: 0.6622 (0.7091)  loss_vfl: 0.5184 (0.4920)  loss_vfl_aux_0: 0.5395 (0.5022)  loss_vfl_aux_1: 0.5323 (0.5002)  loss_vfl_aux_2: 0.5307 (0.4986)  loss_vfl_dn_0: 0.4742 (0.4676)  loss_vfl_dn_1: 0.4435 (0.4454)  loss_vfl_dn_2: 0.4415 (0.4407)  time: 1.0053  data: 0.0261  max mem: 9248
Epoch: [44]  [500/809]  eta: 0:05:17  lr: 0.000100  loss: 10.2620 (10.2002)  loss_bbox: 0.0936 (0.0960)  loss_bbox_aux_0: 0.0980 (0.1019)  loss_bbox_aux_1: 0.0964 (0.0974)  loss_bbox_aux_2: 0.1049 (0.1166)  loss_bbox_dn_0: 0.0563 (0.0581)  loss_bbox_dn_1: 0.0471 (0.0479)  loss_bbox_dn_2: 0.0453 (0.0468)  loss_giou: 1.0335 (0.9842)  loss_giou_aux_0: 1.0647 (1.0124)  loss_giou_aux_1: 1.0423 (0.9915)  loss_giou_aux_2: 1.1212 (1.0778)  loss_giou_dn_0: 0.8123 (0.7956)  loss_giou_dn_1: 0.7552 (0.7178)  loss_giou_dn_2: 0.7475 (0.7097)  loss_vfl: 0.4729 (0.4916)  loss_vfl_aux_0: 0.4864 (0.5025)  loss_vfl_aux_1: 0.4844 (0.4999)  loss_vfl_aux_2: 0.4761 (0.4989)  loss_vfl_dn_0: 0.4616 (0.4675)  loss_vfl_dn_1: 0.4444 (0.4455)  loss_vfl_dn_2: 0.4417 (0.4407)  time: 1.0418  data: 0.0260  max mem: 9248
Epoch: [44]  [600/809]  eta: 0:03:34  lr: 0.000100  loss: 10.1300 (10.2091)  loss_bbox: 0.0829 (0.0963)  loss_bbox_aux_0: 0.0859 (0.1022)  loss_bbox_aux_1: 0.0851 (0.0978)  loss_bbox_aux_2: 0.1003 (0.1170)  loss_bbox_dn_0: 0.0575 (0.0577)  loss_bbox_dn_1: 0.0466 (0.0476)  loss_bbox_dn_2: 0.0451 (0.0465)  loss_giou: 0.9363 (0.9885)  loss_giou_aux_0: 0.9662 (1.0164)  loss_giou_aux_1: 0.9469 (0.9959)  loss_giou_aux_2: 1.0389 (1.0816)  loss_giou_dn_0: 0.7745 (0.7963)  loss_giou_dn_1: 0.6940 (0.7189)  loss_giou_dn_2: 0.6877 (0.7109)  loss_vfl: 0.5058 (0.4891)  loss_vfl_aux_0: 0.5131 (0.5002)  loss_vfl_aux_1: 0.5085 (0.4974)  loss_vfl_aux_2: 0.5143 (0.4963)  loss_vfl_dn_0: 0.4721 (0.4672)  loss_vfl_dn_1: 0.4452 (0.4450)  loss_vfl_dn_2: 0.4365 (0.4403)  time: 0.9925  data: 0.0281  max mem: 9248
Epoch: [44]  [700/809]  eta: 0:01:51  lr: 0.000100  loss: 10.1667 (10.2253)  loss_bbox: 0.0854 (0.0966)  loss_bbox_aux_0: 0.0914 (0.1024)  loss_bbox_aux_1: 0.0863 (0.0981)  loss_bbox_aux_2: 0.1096 (0.1171)  loss_bbox_dn_0: 0.0510 (0.0573)  loss_bbox_dn_1: 0.0419 (0.0473)  loss_bbox_dn_2: 0.0413 (0.0462)  loss_giou: 1.0287 (0.9942)  loss_giou_aux_0: 1.0438 (1.0216)  loss_giou_aux_1: 1.0213 (1.0015)  loss_giou_aux_2: 1.1236 (1.0863)  loss_giou_dn_0: 0.8068 (0.7978)  loss_giou_dn_1: 0.7348 (0.7211)  loss_giou_dn_2: 0.7301 (0.7131)  loss_vfl: 0.4532 (0.4864)  loss_vfl_aux_0: 0.4680 (0.4975)  loss_vfl_aux_1: 0.4639 (0.4944)  loss_vfl_aux_2: 0.4644 (0.4938)  loss_vfl_dn_0: 0.4619 (0.4672)  loss_vfl_dn_1: 0.4412 (0.4450)  loss_vfl_dn_2: 0.4360 (0.4403)  time: 1.0371  data: 0.0277  max mem: 9248
Epoch: [44]  [800/809]  eta: 0:00:09  lr: 0.000100  loss: 9.9102 (10.2168)  loss_bbox: 0.0782 (0.0962)  loss_bbox_aux_0: 0.0815 (0.1019)  loss_bbox_aux_1: 0.0780 (0.0977)  loss_bbox_aux_2: 0.0930 (0.1167)  loss_bbox_dn_0: 0.0540 (0.0571)  loss_bbox_dn_1: 0.0418 (0.0472)  loss_bbox_dn_2: 0.0410 (0.0461)  loss_giou: 0.9175 (0.9930)  loss_giou_aux_0: 0.9533 (1.0202)  loss_giou_aux_1: 0.9251 (1.0002)  loss_giou_aux_2: 1.0319 (1.0848)  loss_giou_dn_0: 0.7718 (0.7971)  loss_giou_dn_1: 0.6793 (0.7203)  loss_giou_dn_2: 0.6730 (0.7124)  loss_vfl: 0.4691 (0.4866)  loss_vfl_aux_0: 0.4890 (0.4979)  loss_vfl_aux_1: 0.4887 (0.4946)  loss_vfl_aux_2: 0.5028 (0.4946)  loss_vfl_dn_0: 0.4640 (0.4671)  loss_vfl_dn_1: 0.4439 (0.4450)  loss_vfl_dn_2: 0.4391 (0.4402)  time: 1.0569  data: 0.0322  max mem: 9248
Epoch: [44]  [808/809]  eta: 0:00:01  lr: 0.000100  loss: 9.9825 (10.2164)  loss_bbox: 0.0784 (0.0963)  loss_bbox_aux_0: 0.0826 (0.1021)  loss_bbox_aux_1: 0.0780 (0.0977)  loss_bbox_aux_2: 0.1050 (0.1169)  loss_bbox_dn_0: 0.0583 (0.0574)  loss_bbox_dn_1: 0.0470 (0.0474)  loss_bbox_dn_2: 0.0453 (0.0463)  loss_giou: 0.9672 (0.9925)  loss_giou_aux_0: 0.9780 (1.0197)  loss_giou_aux_1: 0.9639 (0.9996)  loss_giou_aux_2: 1.0451 (1.0845)  loss_giou_dn_0: 0.7991 (0.7972)  loss_giou_dn_1: 0.7116 (0.7202)  loss_giou_dn_2: 0.7076 (0.7124)  loss_vfl: 0.4691 (0.4868)  loss_vfl_aux_0: 0.4845 (0.4980)  loss_vfl_aux_1: 0.4819 (0.4948)  loss_vfl_aux_2: 0.4994 (0.4946)  loss_vfl_dn_0: 0.4640 (0.4671)  loss_vfl_dn_1: 0.4395 (0.4449)  loss_vfl_dn_2: 0.4335 (0.4402)  time: 0.8743  data: 0.0275  max mem: 9248
Epoch: [44] Total time: 0:13:47 (1.0234 s / it)
Averaged stats: lr: 0.000100  loss: 9.9825 (10.2164)  loss_bbox: 0.0784 (0.0963)  loss_bbox_aux_0: 0.0826 (0.1021)  loss_bbox_aux_1: 0.0780 (0.0977)  loss_bbox_aux_2: 0.1050 (0.1169)  loss_bbox_dn_0: 0.0583 (0.0574)  loss_bbox_dn_1: 0.0470 (0.0474)  loss_bbox_dn_2: 0.0453 (0.0463)  loss_giou: 0.9672 (0.9925)  loss_giou_aux_0: 0.9780 (1.0197)  loss_giou_aux_1: 0.9639 (0.9996)  loss_giou_aux_2: 1.0451 (1.0845)  loss_giou_dn_0: 0.7991 (0.7972)  loss_giou_dn_1: 0.7116 (0.7202)  loss_giou_dn_2: 0.7076 (0.7124)  loss_vfl: 0.4691 (0.4868)  loss_vfl_aux_0: 0.4845 (0.4980)  loss_vfl_aux_1: 0.4819 (0.4948)  loss_vfl_aux_2: 0.4994 (0.4946)  loss_vfl_dn_0: 0.4640 (0.4671)  loss_vfl_dn_1: 0.4395 (0.4449)  loss_vfl_dn_2: 0.4335 (0.4402)
Test:  [ 0/69]  eta: 0:01:19    time: 1.1553  data: 0.5961  max mem: 9248
Test:  [10/69]  eta: 0:00:34    time: 0.5903  data: 0.0733  max mem: 9248
Test:  [20/69]  eta: 0:00:28    time: 0.5486  data: 0.0206  max mem: 9248
Test:  [30/69]  eta: 0:00:21    time: 0.5430  data: 0.0203  max mem: 9248
Test:  [40/69]  eta: 0:00:15    time: 0.5057  data: 0.0207  max mem: 9248
Test:  [50/69]  eta: 0:00:09    time: 0.4547  data: 0.0215  max mem: 9248
Test:  [60/69]  eta: 0:00:04    time: 0.4331  data: 0.0215  max mem: 9248
Test:  [68/69]  eta: 0:00:00    time: 0.4458  data: 0.0195  max mem: 9248
Test: Total time: 0:00:34 (0.5021 s / it)
Averaged stats: 
Accumulating evaluation results...
DONE (t=1.90s).
IoU metric: bbox
 Average Precision  (AP) @[ IoU=0.50:0.95 | area=   all | maxDets=100 ] = 0.206
 Average Precision  (AP) @[ IoU=0.50      | area=   all | maxDets=100 ] = 0.347
 Average Precision  (AP) @[ IoU=0.75      | area=   all | maxDets=100 ] = 0.210
 Average Precision  (AP) @[ IoU=0.50:0.95 | area= small | maxDets=100 ] = 0.122
 Average Precision  (AP) @[ IoU=0.50:0.95 | area=medium | maxDets=100 ] = 0.296
 Average Precision  (AP) @[ IoU=0.50:0.95 | area= large | maxDets=100 ] = 0.406
 Average Recall     (AR) @[ IoU=0.50:0.95 | area=   all | maxDets=  1 ] = 0.096
 Average Recall     (AR) @[ IoU=0.50:0.95 | area=   all | maxDets= 10 ] = 0.263
 Average Recall     (AR) @[ IoU=0.50:0.95 | area=   all | maxDets=100 ] = 0.358
 Average Recall     (AR) @[ IoU=0.50:0.95 | area= small | maxDets=100 ] = 0.260
 Average Recall     (AR) @[ IoU=0.50:0.95 | area=medium | maxDets=100 ] = 0.486
 Average Recall     (AR) @[ IoU=0.50:0.95 | area= large | maxDets=100 ] = 0.596
best_stat:  {'epoch': 44, 'coco_eval_bbox': 0.20644774668120247}
Epoch: [45]  [  0/809]  eta: 1:16:04  lr: 0.000100  loss: 12.5738 (12.5738)  loss_bbox: 0.2334 (0.2334)  loss_bbox_aux_0: 0.2339 (0.2339)  loss_bbox_aux_1: 0.2374 (0.2374)  loss_bbox_aux_2: 0.2550 (0.2550)  loss_bbox_dn_0: 0.0400 (0.0400)  loss_bbox_dn_1: 0.0341 (0.0341)  loss_bbox_dn_2: 0.0339 (0.0339)  loss_giou: 1.5100 (1.5100)  loss_giou_aux_0: 1.5348 (1.5348)  loss_giou_aux_1: 1.5190 (1.5190)  loss_giou_aux_2: 1.6222 (1.6222)  loss_giou_dn_0: 0.9179 (0.9179)  loss_giou_dn_1: 0.8460 (0.8460)  loss_giou_dn_2: 0.8409 (0.8409)  loss_vfl: 0.3602 (0.3602)  loss_vfl_aux_0: 0.3657 (0.3657)  loss_vfl_aux_1: 0.3648 (0.3648)  loss_vfl_aux_2: 0.3464 (0.3464)  loss_vfl_dn_0: 0.4415 (0.4415)  loss_vfl_dn_1: 0.4194 (0.4194)  loss_vfl_dn_2: 0.4173 (0.4173)  time: 5.6424  data: 3.7619  max mem: 9248
Epoch: [45]  [100/809]  eta: 0:12:33  lr: 0.000100  loss: 10.0245 (10.3155)  loss_bbox: 0.0912 (0.0984)  loss_bbox_aux_0: 0.1015 (0.1045)  loss_bbox_aux_1: 0.0929 (0.0999)  loss_bbox_aux_2: 0.1182 (0.1200)  loss_bbox_dn_0: 0.0562 (0.0592)  loss_bbox_dn_1: 0.0485 (0.0492)  loss_bbox_dn_2: 0.0473 (0.0482)  loss_giou: 0.9288 (1.0048)  loss_giou_aux_0: 0.9614 (1.0339)  loss_giou_aux_1: 0.9231 (1.0134)  loss_giou_aux_2: 1.0577 (1.1005)  loss_giou_dn_0: 0.7836 (0.8070)  loss_giou_dn_1: 0.6996 (0.7283)  loss_giou_dn_2: 0.6947 (0.7205)  loss_vfl: 0.4874 (0.4876)  loss_vfl_aux_0: 0.4895 (0.4970)  loss_vfl_aux_1: 0.5030 (0.4947)  loss_vfl_aux_2: 0.4947 (0.4918)  loss_vfl_dn_0: 0.4652 (0.4668)  loss_vfl_dn_1: 0.4478 (0.4472)  loss_vfl_dn_2: 0.4424 (0.4424)  time: 1.0239  data: 0.0273  max mem: 9248
Epoch: [45]  [200/809]  eta: 0:10:33  lr: 0.000100  loss: 10.2052 (10.3261)  loss_bbox: 0.0920 (0.1048)  loss_bbox_aux_0: 0.0961 (0.1105)  loss_bbox_aux_1: 0.0938 (0.1064)  loss_bbox_aux_2: 0.1098 (0.1252)  loss_bbox_dn_0: 0.0536 (0.0578)  loss_bbox_dn_1: 0.0439 (0.0481)  loss_bbox_dn_2: 0.0429 (0.0471)  loss_giou: 1.0069 (1.0113)  loss_giou_aux_0: 1.0285 (1.0393)  loss_giou_aux_1: 1.0211 (1.0196)  loss_giou_aux_2: 1.0864 (1.1037)  loss_giou_dn_0: 0.8114 (0.8020)  loss_giou_dn_1: 0.7273 (0.7252)  loss_giou_dn_2: 0.7184 (0.7178)  loss_vfl: 0.4578 (0.4835)  loss_vfl_aux_0: 0.4739 (0.4936)  loss_vfl_aux_1: 0.4677 (0.4897)  loss_vfl_aux_2: 0.4586 (0.4892)  loss_vfl_dn_0: 0.4619 (0.4661)  loss_vfl_dn_1: 0.4368 (0.4450)  loss_vfl_dn_2: 0.4332 (0.4403)  time: 0.9963  data: 0.0273  max mem: 9248
Epoch: [45]  [300/809]  eta: 0:08:50  lr: 0.000100  loss: 10.2400 (10.3281)  loss_bbox: 0.0864 (0.1025)  loss_bbox_aux_0: 0.0923 (0.1085)  loss_bbox_aux_1: 0.0884 (0.1040)  loss_bbox_aux_2: 0.1075 (0.1234)  loss_bbox_dn_0: 0.0539 (0.0568)  loss_bbox_dn_1: 0.0439 (0.0472)  loss_bbox_dn_2: 0.0430 (0.0462)  loss_giou: 0.9629 (1.0159)  loss_giou_aux_0: 0.9846 (1.0437)  loss_giou_aux_1: 0.9714 (1.0236)  loss_giou_aux_2: 1.0556 (1.1076)  loss_giou_dn_0: 0.8114 (0.8043)  loss_giou_dn_1: 0.7433 (0.7276)  loss_giou_dn_2: 0.7364 (0.7201)  loss_vfl: 0.4704 (0.4810)  loss_vfl_aux_0: 0.4727 (0.4911)  loss_vfl_aux_1: 0.4836 (0.4879)  loss_vfl_aux_2: 0.4762 (0.4869)  loss_vfl_dn_0: 0.4629 (0.4654)  loss_vfl_dn_1: 0.4421 (0.4448)  loss_vfl_dn_2: 0.4384 (0.4399)  time: 1.0502  data: 0.0299  max mem: 9248
Epoch: [45]  [400/809]  eta: 0:07:01  lr: 0.000100  loss: 10.0421 (10.3124)  loss_bbox: 0.0865 (0.1023)  loss_bbox_aux_0: 0.0919 (0.1083)  loss_bbox_aux_1: 0.0870 (0.1038)  loss_bbox_aux_2: 0.1114 (0.1235)  loss_bbox_dn_0: 0.0581 (0.0569)  loss_bbox_dn_1: 0.0482 (0.0472)  loss_bbox_dn_2: 0.0470 (0.0462)  loss_giou: 0.9485 (1.0125)  loss_giou_aux_0: 0.9907 (1.0403)  loss_giou_aux_1: 0.9518 (1.0200)  loss_giou_aux_2: 1.0636 (1.1044)  loss_giou_dn_0: 0.7874 (0.8032)  loss_giou_dn_1: 0.7228 (0.7260)  loss_giou_dn_2: 0.7105 (0.7183)  loss_vfl: 0.4637 (0.4817)  loss_vfl_aux_0: 0.4768 (0.4919)  loss_vfl_aux_1: 0.4716 (0.4887)  loss_vfl_aux_2: 0.4678 (0.4874)  loss_vfl_dn_0: 0.4693 (0.4656)  loss_vfl_dn_1: 0.4425 (0.4445)  loss_vfl_dn_2: 0.4377 (0.4397)  time: 0.9745  data: 0.0276  max mem: 9248
Epoch: [45]  [500/809]  eta: 0:05:17  lr: 0.000100  loss: 9.6135 (10.2480)  loss_bbox: 0.0748 (0.0996)  loss_bbox_aux_0: 0.0792 (0.1054)  loss_bbox_aux_1: 0.0766 (0.1010)  loss_bbox_aux_2: 0.0929 (0.1205)  loss_bbox_dn_0: 0.0558 (0.0567)  loss_bbox_dn_1: 0.0446 (0.0470)  loss_bbox_dn_2: 0.0440 (0.0459)  loss_giou: 0.8378 (1.0000)  loss_giou_aux_0: 0.8704 (1.0276)  loss_giou_aux_1: 0.8485 (1.0070)  loss_giou_aux_2: 0.9266 (1.0924)  loss_giou_dn_0: 0.7403 (0.7973)  loss_giou_dn_1: 0.6612 (0.7202)  loss_giou_dn_2: 0.6516 (0.7123)  loss_vfl: 0.5082 (0.4842)  loss_vfl_aux_0: 0.5351 (0.4956)  loss_vfl_aux_1: 0.5230 (0.4919)  loss_vfl_aux_2: 0.5283 (0.4912)  loss_vfl_dn_0: 0.4769 (0.4666)  loss_vfl_dn_1: 0.4506 (0.4451)  loss_vfl_dn_2: 0.4449 (0.4403)  time: 1.0057  data: 0.0247  max mem: 9248
Epoch: [45]  [600/809]  eta: 0:03:35  lr: 0.000100  loss: 10.2728 (10.2608)  loss_bbox: 0.0884 (0.1004)  loss_bbox_aux_0: 0.0915 (0.1062)  loss_bbox_aux_1: 0.0863 (0.1018)  loss_bbox_aux_2: 0.0996 (0.1214)  loss_bbox_dn_0: 0.0536 (0.0564)  loss_bbox_dn_1: 0.0446 (0.0468)  loss_bbox_dn_2: 0.0423 (0.0457)  loss_giou: 1.0145 (1.0046)  loss_giou_aux_0: 1.0308 (1.0327)  loss_giou_aux_1: 1.0187 (1.0119)  loss_giou_aux_2: 1.0958 (1.0964)  loss_giou_dn_0: 0.8022 (0.7984)  loss_giou_dn_1: 0.7269 (0.7217)  loss_giou_dn_2: 0.7181 (0.7138)  loss_vfl: 0.4702 (0.4814)  loss_vfl_aux_0: 0.4916 (0.4927)  loss_vfl_aux_1: 0.4884 (0.4891)  loss_vfl_aux_2: 0.4805 (0.4883)  loss_vfl_dn_0: 0.4669 (0.4662)  loss_vfl_dn_1: 0.4484 (0.4449)  loss_vfl_dn_2: 0.4413 (0.4401)  time: 1.0028  data: 0.0293  max mem: 9248
Epoch: [45]  [700/809]  eta: 0:01:51  lr: 0.000100  loss: 9.6436 (10.2303)  loss_bbox: 0.0782 (0.0995)  loss_bbox_aux_0: 0.0829 (0.1055)  loss_bbox_aux_1: 0.0784 (0.1009)  loss_bbox_aux_2: 0.0966 (0.1207)  loss_bbox_dn_0: 0.0518 (0.0563)  loss_bbox_dn_1: 0.0430 (0.0466)  loss_bbox_dn_2: 0.0418 (0.0455)  loss_giou: 0.8788 (0.9972)  loss_giou_aux_0: 0.9038 (1.0258)  loss_giou_aux_1: 0.8800 (1.0046)  loss_giou_aux_2: 0.9932 (1.0898)  loss_giou_dn_0: 0.7633 (0.7949)  loss_giou_dn_1: 0.6744 (0.7179)  loss_giou_dn_2: 0.6628 (0.7100)  loss_vfl: 0.4976 (0.4839)  loss_vfl_aux_0: 0.4982 (0.4952)  loss_vfl_aux_1: 0.5049 (0.4917)  loss_vfl_aux_2: 0.5056 (0.4915)  loss_vfl_dn_0: 0.4674 (0.4669)  loss_vfl_dn_1: 0.4414 (0.4453)  loss_vfl_dn_2: 0.4364 (0.4404)  time: 1.0391  data: 0.0270  max mem: 9248
Epoch: [45]  [800/809]  eta: 0:00:09  lr: 0.000100  loss: 10.1521 (10.2358)  loss_bbox: 0.0793 (0.0987)  loss_bbox_aux_0: 0.0871 (0.1045)  loss_bbox_aux_1: 0.0813 (0.1000)  loss_bbox_aux_2: 0.0997 (0.1196)  loss_bbox_dn_0: 0.0507 (0.0562)  loss_bbox_dn_1: 0.0411 (0.0465)  loss_bbox_dn_2: 0.0406 (0.0455)  loss_giou: 0.9309 (0.9994)  loss_giou_aux_0: 0.9636 (1.0283)  loss_giou_aux_1: 0.9367 (1.0070)  loss_giou_aux_2: 1.0343 (1.0919)  loss_giou_dn_0: 0.7945 (0.7963)  loss_giou_dn_1: 0.7125 (0.7193)  loss_giou_dn_2: 0.7057 (0.7115)  loss_vfl: 0.4890 (0.4830)  loss_vfl_aux_0: 0.5000 (0.4943)  loss_vfl_aux_1: 0.4883 (0.4909)  loss_vfl_aux_2: 0.4945 (0.4903)  loss_vfl_dn_0: 0.4637 (0.4669)  loss_vfl_dn_1: 0.4506 (0.4453)  loss_vfl_dn_2: 0.4421 (0.4404)  time: 1.0119  data: 0.0283  max mem: 9248
Epoch: [45]  [808/809]  eta: 0:00:01  lr: 0.000100  loss: 10.1565 (10.2346)  loss_bbox: 0.0878 (0.0987)  loss_bbox_aux_0: 0.0877 (0.1044)  loss_bbox_aux_1: 0.0871 (0.0999)  loss_bbox_aux_2: 0.1007 (0.1195)  loss_bbox_dn_0: 0.0563 (0.0562)  loss_bbox_dn_1: 0.0451 (0.0465)  loss_bbox_dn_2: 0.0436 (0.0455)  loss_giou: 0.9309 (0.9991)  loss_giou_aux_0: 0.9636 (1.0281)  loss_giou_aux_1: 0.9367 (1.0067)  loss_giou_aux_2: 1.0278 (1.0915)  loss_giou_dn_0: 0.7945 (0.7962)  loss_giou_dn_1: 0.7125 (0.7192)  loss_giou_dn_2: 0.7057 (0.7114)  loss_vfl: 0.5005 (0.4831)  loss_vfl_aux_0: 0.5056 (0.4943)  loss_vfl_aux_1: 0.5128 (0.4909)  loss_vfl_aux_2: 0.5004 (0.4906)  loss_vfl_dn_0: 0.4701 (0.4669)  loss_vfl_dn_1: 0.4532 (0.4453)  loss_vfl_dn_2: 0.4434 (0.4405)  time: 0.9069  data: 0.0270  max mem: 9248
Epoch: [45] Total time: 0:13:47 (1.0230 s / it)
Averaged stats: lr: 0.000100  loss: 10.1565 (10.2346)  loss_bbox: 0.0878 (0.0987)  loss_bbox_aux_0: 0.0877 (0.1044)  loss_bbox_aux_1: 0.0871 (0.0999)  loss_bbox_aux_2: 0.1007 (0.1195)  loss_bbox_dn_0: 0.0563 (0.0562)  loss_bbox_dn_1: 0.0451 (0.0465)  loss_bbox_dn_2: 0.0436 (0.0455)  loss_giou: 0.9309 (0.9991)  loss_giou_aux_0: 0.9636 (1.0281)  loss_giou_aux_1: 0.9367 (1.0067)  loss_giou_aux_2: 1.0278 (1.0915)  loss_giou_dn_0: 0.7945 (0.7962)  loss_giou_dn_1: 0.7125 (0.7192)  loss_giou_dn_2: 0.7057 (0.7114)  loss_vfl: 0.5005 (0.4831)  loss_vfl_aux_0: 0.5056 (0.4943)  loss_vfl_aux_1: 0.5128 (0.4909)  loss_vfl_aux_2: 0.5004 (0.4906)  loss_vfl_dn_0: 0.4701 (0.4669)  loss_vfl_dn_1: 0.4532 (0.4453)  loss_vfl_dn_2: 0.4434 (0.4405)
Test:  [ 0/69]  eta: 0:01:18    time: 1.1390  data: 0.6301  max mem: 9248
Test:  [10/69]  eta: 0:00:35    time: 0.6053  data: 0.0747  max mem: 9248
Test:  [20/69]  eta: 0:00:29    time: 0.5700  data: 0.0202  max mem: 9248
Test:  [30/69]  eta: 0:00:22    time: 0.5459  data: 0.0219  max mem: 9248
Test:  [40/69]  eta: 0:00:15    time: 0.4949  data: 0.0209  max mem: 9248
Test:  [50/69]  eta: 0:00:10    time: 0.4634  data: 0.0199  max mem: 9248
Test:  [60/69]  eta: 0:00:04    time: 0.4340  data: 0.0211  max mem: 9248
Test:  [68/69]  eta: 0:00:00    time: 0.4494  data: 0.0200  max mem: 9248
Test: Total time: 0:00:35 (0.5089 s / it)
Averaged stats: 
Accumulating evaluation results...
DONE (t=2.42s).
IoU metric: bbox
 Average Precision  (AP) @[ IoU=0.50:0.95 | area=   all | maxDets=100 ] = 0.208
 Average Precision  (AP) @[ IoU=0.50      | area=   all | maxDets=100 ] = 0.350
 Average Precision  (AP) @[ IoU=0.75      | area=   all | maxDets=100 ] = 0.212
 Average Precision  (AP) @[ IoU=0.50:0.95 | area= small | maxDets=100 ] = 0.123
 Average Precision  (AP) @[ IoU=0.50:0.95 | area=medium | maxDets=100 ] = 0.298
 Average Precision  (AP) @[ IoU=0.50:0.95 | area= large | maxDets=100 ] = 0.417
 Average Recall     (AR) @[ IoU=0.50:0.95 | area=   all | maxDets=  1 ] = 0.096
 Average Recall     (AR) @[ IoU=0.50:0.95 | area=   all | maxDets= 10 ] = 0.264
 Average Recall     (AR) @[ IoU=0.50:0.95 | area=   all | maxDets=100 ] = 0.359
 Average Recall     (AR) @[ IoU=0.50:0.95 | area= small | maxDets=100 ] = 0.263
 Average Recall     (AR) @[ IoU=0.50:0.95 | area=medium | maxDets=100 ] = 0.486
 Average Recall     (AR) @[ IoU=0.50:0.95 | area= large | maxDets=100 ] = 0.597
best_stat:  {'epoch': 45, 'coco_eval_bbox': 0.20778037882267614}
Epoch: [46]  [  0/809]  eta: 1:11:08  lr: 0.000100  loss: 10.3858 (10.3858)  loss_bbox: 0.0833 (0.0833)  loss_bbox_aux_0: 0.0886 (0.0886)  loss_bbox_aux_1: 0.0829 (0.0829)  loss_bbox_aux_2: 0.1054 (0.1054)  loss_bbox_dn_0: 0.0309 (0.0309)  loss_bbox_dn_1: 0.0263 (0.0263)  loss_bbox_dn_2: 0.0263 (0.0263)  loss_giou: 1.1336 (1.1336)  loss_giou_aux_0: 1.1483 (1.1483)  loss_giou_aux_1: 1.1404 (1.1404)  loss_giou_aux_2: 1.2054 (1.2054)  loss_giou_dn_0: 0.8168 (0.8168)  loss_giou_dn_1: 0.7327 (0.7327)  loss_giou_dn_2: 0.7416 (0.7416)  loss_vfl: 0.4094 (0.4094)  loss_vfl_aux_0: 0.4253 (0.4253)  loss_vfl_aux_1: 0.4184 (0.4184)  loss_vfl_aux_2: 0.4173 (0.4173)  loss_vfl_dn_0: 0.4590 (0.4590)  loss_vfl_dn_1: 0.4516 (0.4516)  loss_vfl_dn_2: 0.4423 (0.4423)  time: 5.2760  data: 3.4667  max mem: 9248
Epoch: [46]  [100/809]  eta: 0:12:39  lr: 0.000100  loss: 9.8993 (10.0694)  loss_bbox: 0.0804 (0.0878)  loss_bbox_aux_0: 0.0843 (0.0934)  loss_bbox_aux_1: 0.0806 (0.0894)  loss_bbox_aux_2: 0.0979 (0.1072)  loss_bbox_dn_0: 0.0514 (0.0556)  loss_bbox_dn_1: 0.0437 (0.0458)  loss_bbox_dn_2: 0.0426 (0.0449)  loss_giou: 0.9264 (0.9722)  loss_giou_aux_0: 0.9516 (1.0007)  loss_giou_aux_1: 0.9377 (0.9804)  loss_giou_aux_2: 1.0181 (1.0656)  loss_giou_dn_0: 0.7932 (0.7898)  loss_giou_dn_1: 0.7158 (0.7133)  loss_giou_dn_2: 0.7043 (0.7060)  loss_vfl: 0.4852 (0.4854)  loss_vfl_aux_0: 0.4997 (0.4953)  loss_vfl_aux_1: 0.5018 (0.4917)  loss_vfl_aux_2: 0.4971 (0.4946)  loss_vfl_dn_0: 0.4644 (0.4669)  loss_vfl_dn_1: 0.4476 (0.4445)  loss_vfl_dn_2: 0.4396 (0.4390)  time: 1.0245  data: 0.0278  max mem: 9248
Epoch: [46]  [200/809]  eta: 0:10:44  lr: 0.000100  loss: 10.0928 (10.1671)  loss_bbox: 0.0825 (0.0911)  loss_bbox_aux_0: 0.0881 (0.0972)  loss_bbox_aux_1: 0.0844 (0.0924)  loss_bbox_aux_2: 0.1011 (0.1121)  loss_bbox_dn_0: 0.0568 (0.0557)  loss_bbox_dn_1: 0.0455 (0.0462)  loss_bbox_dn_2: 0.0440 (0.0452)  loss_giou: 0.9247 (0.9910)  loss_giou_aux_0: 0.9563 (1.0197)  loss_giou_aux_1: 0.9326 (0.9981)  loss_giou_aux_2: 1.0152 (1.0826)  loss_giou_dn_0: 0.7727 (0.7962)  loss_giou_dn_1: 0.7026 (0.7202)  loss_giou_dn_2: 0.6960 (0.7128)  loss_vfl: 0.4933 (0.4830)  loss_vfl_aux_0: 0.5028 (0.4932)  loss_vfl_aux_1: 0.5002 (0.4904)  loss_vfl_aux_2: 0.5190 (0.4905)  loss_vfl_dn_0: 0.4651 (0.4663)  loss_vfl_dn_1: 0.4448 (0.4444)  loss_vfl_dn_2: 0.4367 (0.4389)  time: 0.9858  data: 0.0260  max mem: 9248
Epoch: [46]  [300/809]  eta: 0:08:50  lr: 0.000100  loss: 10.0675 (10.1804)  loss_bbox: 0.0903 (0.0923)  loss_bbox_aux_0: 0.0972 (0.0984)  loss_bbox_aux_1: 0.0931 (0.0939)  loss_bbox_aux_2: 0.1090 (0.1128)  loss_bbox_dn_0: 0.0533 (0.0555)  loss_bbox_dn_1: 0.0437 (0.0459)  loss_bbox_dn_2: 0.0429 (0.0449)  loss_giou: 0.9274 (0.9929)  loss_giou_aux_0: 0.9557 (1.0217)  loss_giou_aux_1: 0.9300 (1.0003)  loss_giou_aux_2: 1.0318 (1.0834)  loss_giou_dn_0: 0.7856 (0.7968)  loss_giou_dn_1: 0.7080 (0.7201)  loss_giou_dn_2: 0.7010 (0.7126)  loss_vfl: 0.4984 (0.4827)  loss_vfl_aux_0: 0.5004 (0.4931)  loss_vfl_aux_1: 0.5123 (0.4896)  loss_vfl_aux_2: 0.4938 (0.4910)  loss_vfl_dn_0: 0.4646 (0.4669)  loss_vfl_dn_1: 0.4480 (0.4452)  loss_vfl_dn_2: 0.4409 (0.4403)  time: 1.0231  data: 0.0299  max mem: 9248
Epoch: [46]  [400/809]  eta: 0:07:05  lr: 0.000100  loss: 10.2362 (10.1988)  loss_bbox: 0.0809 (0.0932)  loss_bbox_aux_0: 0.0857 (0.0989)  loss_bbox_aux_1: 0.0807 (0.0948)  loss_bbox_aux_2: 0.0952 (0.1134)  loss_bbox_dn_0: 0.0571 (0.0558)  loss_bbox_dn_1: 0.0462 (0.0462)  loss_bbox_dn_2: 0.0438 (0.0452)  loss_giou: 1.0077 (0.9951)  loss_giou_aux_0: 1.0373 (1.0230)  loss_giou_aux_1: 1.0184 (1.0026)  loss_giou_aux_2: 1.0953 (1.0870)  loss_giou_dn_0: 0.7949 (0.7982)  loss_giou_dn_1: 0.7174 (0.7219)  loss_giou_dn_2: 0.7074 (0.7144)  loss_vfl: 0.4616 (0.4832)  loss_vfl_aux_0: 0.4710 (0.4947)  loss_vfl_aux_1: 0.4758 (0.4904)  loss_vfl_aux_2: 0.4855 (0.4915)  loss_vfl_dn_0: 0.4619 (0.4660)  loss_vfl_dn_1: 0.4407 (0.4442)  loss_vfl_dn_2: 0.4390 (0.4393)  time: 0.9949  data: 0.0274  max mem: 9248
Epoch: [46]  [500/809]  eta: 0:05:18  lr: 0.000100  loss: 9.9031 (10.1927)  loss_bbox: 0.0889 (0.0926)  loss_bbox_aux_0: 0.0961 (0.0985)  loss_bbox_aux_1: 0.0898 (0.0942)  loss_bbox_aux_2: 0.1106 (0.1128)  loss_bbox_dn_0: 0.0532 (0.0558)  loss_bbox_dn_1: 0.0436 (0.0462)  loss_bbox_dn_2: 0.0427 (0.0452)  loss_giou: 0.9640 (0.9933)  loss_giou_aux_0: 0.9898 (1.0210)  loss_giou_aux_1: 0.9634 (1.0003)  loss_giou_aux_2: 1.0442 (1.0857)  loss_giou_dn_0: 0.7902 (0.7982)  loss_giou_dn_1: 0.7033 (0.7218)  loss_giou_dn_2: 0.6936 (0.7141)  loss_vfl: 0.4746 (0.4842)  loss_vfl_aux_0: 0.4864 (0.4954)  loss_vfl_aux_1: 0.4838 (0.4914)  loss_vfl_aux_2: 0.4872 (0.4918)  loss_vfl_dn_0: 0.4643 (0.4662)  loss_vfl_dn_1: 0.4407 (0.4444)  loss_vfl_dn_2: 0.4369 (0.4393)  time: 0.9879  data: 0.0261  max mem: 9248
Epoch: [46]  [600/809]  eta: 0:03:36  lr: 0.000100  loss: 9.8455 (10.1959)  loss_bbox: 0.0792 (0.0926)  loss_bbox_aux_0: 0.0849 (0.0987)  loss_bbox_aux_1: 0.0818 (0.0942)  loss_bbox_aux_2: 0.0970 (0.1128)  loss_bbox_dn_0: 0.0540 (0.0557)  loss_bbox_dn_1: 0.0439 (0.0460)  loss_bbox_dn_2: 0.0437 (0.0450)  loss_giou: 0.9205 (0.9936)  loss_giou_aux_0: 0.9406 (1.0213)  loss_giou_aux_1: 0.9255 (1.0009)  loss_giou_aux_2: 1.0364 (1.0862)  loss_giou_dn_0: 0.7834 (0.7984)  loss_giou_dn_1: 0.7053 (0.7216)  loss_giou_dn_2: 0.6917 (0.7139)  loss_vfl: 0.4926 (0.4848)  loss_vfl_aux_0: 0.5087 (0.4957)  loss_vfl_aux_1: 0.5008 (0.4921)  loss_vfl_aux_2: 0.4998 (0.4920)  loss_vfl_dn_0: 0.4588 (0.4665)  loss_vfl_dn_1: 0.4427 (0.4446)  loss_vfl_dn_2: 0.4370 (0.4396)  time: 1.0940  data: 0.0319  max mem: 9248
Epoch: [46]  [700/809]  eta: 0:01:52  lr: 0.000100  loss: 10.1247 (10.2068)  loss_bbox: 0.0861 (0.0931)  loss_bbox_aux_0: 0.0897 (0.0993)  loss_bbox_aux_1: 0.0866 (0.0947)  loss_bbox_aux_2: 0.1065 (0.1135)  loss_bbox_dn_0: 0.0520 (0.0556)  loss_bbox_dn_1: 0.0447 (0.0460)  loss_bbox_dn_2: 0.0440 (0.0449)  loss_giou: 0.9401 (0.9973)  loss_giou_aux_0: 0.9689 (1.0247)  loss_giou_aux_1: 0.9412 (1.0046)  loss_giou_aux_2: 1.0451 (1.0899)  loss_giou_dn_0: 0.7984 (0.8000)  loss_giou_dn_1: 0.7193 (0.7228)  loss_giou_dn_2: 0.7117 (0.7151)  loss_vfl: 0.4447 (0.4826)  loss_vfl_aux_0: 0.4521 (0.4932)  loss_vfl_aux_1: 0.4481 (0.4898)  loss_vfl_aux_2: 0.4539 (0.4894)  loss_vfl_dn_0: 0.4606 (0.4662)  loss_vfl_dn_1: 0.4439 (0.4444)  loss_vfl_dn_2: 0.4363 (0.4394)  time: 1.0275  data: 0.0285  max mem: 9248
Epoch: [46]  [800/809]  eta: 0:00:09  lr: 0.000100  loss: 10.0939 (10.1892)  loss_bbox: 0.0854 (0.0931)  loss_bbox_aux_0: 0.0937 (0.0993)  loss_bbox_aux_1: 0.0842 (0.0947)  loss_bbox_aux_2: 0.1027 (0.1135)  loss_bbox_dn_0: 0.0508 (0.0556)  loss_bbox_dn_1: 0.0404 (0.0460)  loss_bbox_dn_2: 0.0403 (0.0449)  loss_giou: 0.9703 (0.9931)  loss_giou_aux_0: 0.9907 (1.0202)  loss_giou_aux_1: 0.9678 (1.0004)  loss_giou_aux_2: 1.0667 (1.0857)  loss_giou_dn_0: 0.7886 (0.7975)  loss_giou_dn_1: 0.7035 (0.7204)  loss_giou_dn_2: 0.6963 (0.7127)  loss_vfl: 0.4836 (0.4840)  loss_vfl_aux_0: 0.4919 (0.4951)  loss_vfl_aux_1: 0.4955 (0.4913)  loss_vfl_aux_2: 0.5083 (0.4913)  loss_vfl_dn_0: 0.4674 (0.4665)  loss_vfl_dn_1: 0.4404 (0.4443)  loss_vfl_dn_2: 0.4365 (0.4393)  time: 0.9826  data: 0.0249  max mem: 9248
Epoch: [46]  [808/809]  eta: 0:00:01  lr: 0.000100  loss: 10.0939 (10.1884)  loss_bbox: 0.0850 (0.0931)  loss_bbox_aux_0: 0.0881 (0.0993)  loss_bbox_aux_1: 0.0865 (0.0947)  loss_bbox_aux_2: 0.1112 (0.1135)  loss_bbox_dn_0: 0.0508 (0.0557)  loss_bbox_dn_1: 0.0418 (0.0460)  loss_bbox_dn_2: 0.0403 (0.0449)  loss_giou: 0.9703 (0.9928)  loss_giou_aux_0: 0.9907 (1.0199)  loss_giou_aux_1: 0.9678 (1.0001)  loss_giou_aux_2: 1.0667 (1.0855)  loss_giou_dn_0: 0.7907 (0.7974)  loss_giou_dn_1: 0.7158 (0.7202)  loss_giou_dn_2: 0.7045 (0.7125)  loss_vfl: 0.4733 (0.4841)  loss_vfl_aux_0: 0.4918 (0.4953)  loss_vfl_aux_1: 0.4822 (0.4915)  loss_vfl_aux_2: 0.4865 (0.4915)  loss_vfl_dn_0: 0.4671 (0.4665)  loss_vfl_dn_1: 0.4404 (0.4443)  loss_vfl_dn_2: 0.4365 (0.4393)  time: 0.8641  data: 0.0240  max mem: 9248
Epoch: [46] Total time: 0:13:50 (1.0268 s / it)
Averaged stats: lr: 0.000100  loss: 10.0939 (10.1884)  loss_bbox: 0.0850 (0.0931)  loss_bbox_aux_0: 0.0881 (0.0993)  loss_bbox_aux_1: 0.0865 (0.0947)  loss_bbox_aux_2: 0.1112 (0.1135)  loss_bbox_dn_0: 0.0508 (0.0557)  loss_bbox_dn_1: 0.0418 (0.0460)  loss_bbox_dn_2: 0.0403 (0.0449)  loss_giou: 0.9703 (0.9928)  loss_giou_aux_0: 0.9907 (1.0199)  loss_giou_aux_1: 0.9678 (1.0001)  loss_giou_aux_2: 1.0667 (1.0855)  loss_giou_dn_0: 0.7907 (0.7974)  loss_giou_dn_1: 0.7158 (0.7202)  loss_giou_dn_2: 0.7045 (0.7125)  loss_vfl: 0.4733 (0.4841)  loss_vfl_aux_0: 0.4918 (0.4953)  loss_vfl_aux_1: 0.4822 (0.4915)  loss_vfl_aux_2: 0.4865 (0.4915)  loss_vfl_dn_0: 0.4671 (0.4665)  loss_vfl_dn_1: 0.4404 (0.4443)  loss_vfl_dn_2: 0.4365 (0.4393)
Test:  [ 0/69]  eta: 0:01:20    time: 1.1722  data: 0.7092  max mem: 9248
Test:  [10/69]  eta: 0:00:34    time: 0.5844  data: 0.0818  max mem: 9248
Test:  [20/69]  eta: 0:00:28    time: 0.5508  data: 0.0213  max mem: 9248
Test:  [30/69]  eta: 0:00:21    time: 0.5335  data: 0.0229  max mem: 9248
Test:  [40/69]  eta: 0:00:15    time: 0.4831  data: 0.0219  max mem: 9248
Test:  [50/69]  eta: 0:00:09    time: 0.4484  data: 0.0216  max mem: 9248
Test:  [60/69]  eta: 0:00:04    time: 0.4283  data: 0.0225  max mem: 9248
Test:  [68/69]  eta: 0:00:00    time: 0.4396  data: 0.0215  max mem: 9248
Test: Total time: 0:00:34 (0.4952 s / it)
Averaged stats: 
Accumulating evaluation results...
DONE (t=1.94s).
IoU metric: bbox
 Average Precision  (AP) @[ IoU=0.50:0.95 | area=   all | maxDets=100 ] = 0.208
 Average Precision  (AP) @[ IoU=0.50      | area=   all | maxDets=100 ] = 0.351
 Average Precision  (AP) @[ IoU=0.75      | area=   all | maxDets=100 ] = 0.212
 Average Precision  (AP) @[ IoU=0.50:0.95 | area= small | maxDets=100 ] = 0.124
 Average Precision  (AP) @[ IoU=0.50:0.95 | area=medium | maxDets=100 ] = 0.298
 Average Precision  (AP) @[ IoU=0.50:0.95 | area= large | maxDets=100 ] = 0.417
 Average Recall     (AR) @[ IoU=0.50:0.95 | area=   all | maxDets=  1 ] = 0.097
 Average Recall     (AR) @[ IoU=0.50:0.95 | area=   all | maxDets= 10 ] = 0.265
 Average Recall     (AR) @[ IoU=0.50:0.95 | area=   all | maxDets=100 ] = 0.359
 Average Recall     (AR) @[ IoU=0.50:0.95 | area= small | maxDets=100 ] = 0.264
 Average Recall     (AR) @[ IoU=0.50:0.95 | area=medium | maxDets=100 ] = 0.486
 Average Recall     (AR) @[ IoU=0.50:0.95 | area= large | maxDets=100 ] = 0.611
best_stat:  {'epoch': 46, 'coco_eval_bbox': 0.20798361873523877}
Epoch: [47]  [  0/809]  eta: 1:12:25  lr: 0.000100  loss: 10.4818 (10.4818)  loss_bbox: 0.0807 (0.0807)  loss_bbox_aux_0: 0.0853 (0.0853)  loss_bbox_aux_1: 0.0806 (0.0806)  loss_bbox_aux_2: 0.0925 (0.0925)  loss_bbox_dn_0: 0.0552 (0.0552)  loss_bbox_dn_1: 0.0476 (0.0476)  loss_bbox_dn_2: 0.0471 (0.0471)  loss_giou: 1.0167 (1.0167)  loss_giou_aux_0: 1.0327 (1.0327)  loss_giou_aux_1: 1.0178 (1.0178)  loss_giou_aux_2: 1.1049 (1.1049)  loss_giou_dn_0: 0.8464 (0.8464)  loss_giou_dn_1: 0.7881 (0.7881)  loss_giou_dn_2: 0.7843 (0.7843)  loss_vfl: 0.5112 (0.5112)  loss_vfl_aux_0: 0.5214 (0.5214)  loss_vfl_aux_1: 0.5176 (0.5176)  loss_vfl_aux_2: 0.5040 (0.5040)  loss_vfl_dn_0: 0.4640 (0.4640)  loss_vfl_dn_1: 0.4432 (0.4432)  loss_vfl_dn_2: 0.4406 (0.4406)  time: 5.3710  data: 2.5655  max mem: 9248
Epoch: [47]  [100/809]  eta: 0:12:38  lr: 0.000100  loss: 10.3255 (10.2902)  loss_bbox: 0.0923 (0.0958)  loss_bbox_aux_0: 0.1027 (0.1017)  loss_bbox_aux_1: 0.0939 (0.0972)  loss_bbox_aux_2: 0.1150 (0.1150)  loss_bbox_dn_0: 0.0611 (0.0549)  loss_bbox_dn_1: 0.0481 (0.0456)  loss_bbox_dn_2: 0.0472 (0.0445)  loss_giou: 0.9846 (1.0202)  loss_giou_aux_0: 1.0079 (1.0469)  loss_giou_aux_1: 0.9938 (1.0293)  loss_giou_aux_2: 1.0805 (1.1058)  loss_giou_dn_0: 0.8289 (0.8075)  loss_giou_dn_1: 0.7434 (0.7318)  loss_giou_dn_2: 0.7410 (0.7241)  loss_vfl: 0.4627 (0.4757)  loss_vfl_aux_0: 0.4654 (0.4850)  loss_vfl_aux_1: 0.4632 (0.4820)  loss_vfl_aux_2: 0.4776 (0.4840)  loss_vfl_dn_0: 0.4604 (0.4643)  loss_vfl_dn_1: 0.4342 (0.4417)  loss_vfl_dn_2: 0.4309 (0.4372)  time: 0.9892  data: 0.0293  max mem: 9248
Epoch: [47]  [200/809]  eta: 0:10:35  lr: 0.000100  loss: 10.0515 (10.1852)  loss_bbox: 0.0799 (0.0924)  loss_bbox_aux_0: 0.0874 (0.0983)  loss_bbox_aux_1: 0.0823 (0.0938)  loss_bbox_aux_2: 0.0962 (0.1118)  loss_bbox_dn_0: 0.0527 (0.0553)  loss_bbox_dn_1: 0.0438 (0.0456)  loss_bbox_dn_2: 0.0428 (0.0445)  loss_giou: 0.9358 (0.9924)  loss_giou_aux_0: 0.9473 (1.0190)  loss_giou_aux_1: 0.9487 (1.0019)  loss_giou_aux_2: 1.0244 (1.0829)  loss_giou_dn_0: 0.8158 (0.8010)  loss_giou_dn_1: 0.7344 (0.7230)  loss_giou_dn_2: 0.7245 (0.7149)  loss_vfl: 0.4962 (0.4849)  loss_vfl_aux_0: 0.5078 (0.4953)  loss_vfl_aux_1: 0.5010 (0.4912)  loss_vfl_aux_2: 0.5014 (0.4919)  loss_vfl_dn_0: 0.4586 (0.4642)  loss_vfl_dn_1: 0.4392 (0.4428)  loss_vfl_dn_2: 0.4363 (0.4381)  time: 1.0157  data: 0.0332  max mem: 9248
Epoch: [47]  [300/809]  eta: 0:08:47  lr: 0.000100  loss: 10.0777 (10.1752)  loss_bbox: 0.0907 (0.0936)  loss_bbox_aux_0: 0.0916 (0.0998)  loss_bbox_aux_1: 0.0932 (0.0951)  loss_bbox_aux_2: 0.1038 (0.1131)  loss_bbox_dn_0: 0.0521 (0.0552)  loss_bbox_dn_1: 0.0424 (0.0456)  loss_bbox_dn_2: 0.0415 (0.0445)  loss_giou: 0.9432 (0.9913)  loss_giou_aux_0: 0.9763 (1.0188)  loss_giou_aux_1: 0.9542 (1.0012)  loss_giou_aux_2: 1.0407 (1.0829)  loss_giou_dn_0: 0.7822 (0.7971)  loss_giou_dn_1: 0.7070 (0.7198)  loss_giou_dn_2: 0.7015 (0.7120)  loss_vfl: 0.4605 (0.4836)  loss_vfl_aux_0: 0.4894 (0.4939)  loss_vfl_aux_1: 0.4772 (0.4900)  loss_vfl_aux_2: 0.4956 (0.4909)  loss_vfl_dn_0: 0.4590 (0.4649)  loss_vfl_dn_1: 0.4406 (0.4434)  loss_vfl_dn_2: 0.4370 (0.4384)  time: 1.0041  data: 0.0284  max mem: 9915
Epoch: [47]  [400/809]  eta: 0:07:00  lr: 0.000100  loss: 10.2809 (10.1523)  loss_bbox: 0.0799 (0.0931)  loss_bbox_aux_0: 0.0857 (0.0994)  loss_bbox_aux_1: 0.0807 (0.0946)  loss_bbox_aux_2: 0.1044 (0.1127)  loss_bbox_dn_0: 0.0524 (0.0558)  loss_bbox_dn_1: 0.0431 (0.0461)  loss_bbox_dn_2: 0.0427 (0.0450)  loss_giou: 1.0316 (0.9844)  loss_giou_aux_0: 1.0653 (1.0122)  loss_giou_aux_1: 1.0466 (0.9943)  loss_giou_aux_2: 1.1327 (1.0786)  loss_giou_dn_0: 0.8165 (0.7943)  loss_giou_dn_1: 0.7365 (0.7174)  loss_giou_dn_2: 0.7223 (0.7094)  loss_vfl: 0.4734 (0.4859)  loss_vfl_aux_0: 0.4790 (0.4959)  loss_vfl_aux_1: 0.4757 (0.4925)  loss_vfl_aux_2: 0.4658 (0.4934)  loss_vfl_dn_0: 0.4644 (0.4658)  loss_vfl_dn_1: 0.4442 (0.4434)  loss_vfl_dn_2: 0.4378 (0.4383)  time: 0.9809  data: 0.0275  max mem: 9915
Epoch: [47]  [500/809]  eta: 0:05:17  lr: 0.000100  loss: 10.1557 (10.1469)  loss_bbox: 0.0898 (0.0925)  loss_bbox_aux_0: 0.0941 (0.0987)  loss_bbox_aux_1: 0.0919 (0.0940)  loss_bbox_aux_2: 0.1145 (0.1126)  loss_bbox_dn_0: 0.0600 (0.0560)  loss_bbox_dn_1: 0.0479 (0.0462)  loss_bbox_dn_2: 0.0473 (0.0451)  loss_giou: 0.9587 (0.9841)  loss_giou_aux_0: 1.0155 (1.0119)  loss_giou_aux_1: 0.9776 (0.9938)  loss_giou_aux_2: 1.0968 (1.0797)  loss_giou_dn_0: 0.8135 (0.7937)  loss_giou_dn_1: 0.7334 (0.7166)  loss_giou_dn_2: 0.7215 (0.7087)  loss_vfl: 0.4956 (0.4857)  loss_vfl_aux_0: 0.4910 (0.4957)  loss_vfl_aux_1: 0.4927 (0.4920)  loss_vfl_aux_2: 0.4883 (0.4925)  loss_vfl_dn_0: 0.4597 (0.4658)  loss_vfl_dn_1: 0.4403 (0.4435)  loss_vfl_dn_2: 0.4368 (0.4384)  time: 1.0643  data: 0.0318  max mem: 9915
Epoch: [47]  [600/809]  eta: 0:03:33  lr: 0.000100  loss: 10.2270 (10.1406)  loss_bbox: 0.0864 (0.0927)  loss_bbox_aux_0: 0.0894 (0.0987)  loss_bbox_aux_1: 0.0898 (0.0942)  loss_bbox_aux_2: 0.1080 (0.1129)  loss_bbox_dn_0: 0.0565 (0.0559)  loss_bbox_dn_1: 0.0467 (0.0461)  loss_bbox_dn_2: 0.0460 (0.0450)  loss_giou: 1.0023 (0.9827)  loss_giou_aux_0: 0.9937 (1.0102)  loss_giou_aux_1: 1.0017 (0.9919)  loss_giou_aux_2: 1.0734 (1.0779)  loss_giou_dn_0: 0.7851 (0.7926)  loss_giou_dn_1: 0.7194 (0.7152)  loss_giou_dn_2: 0.7119 (0.7071)  loss_vfl: 0.4822 (0.4860)  loss_vfl_aux_0: 0.4839 (0.4966)  loss_vfl_aux_1: 0.4859 (0.4924)  loss_vfl_aux_2: 0.4868 (0.4937)  loss_vfl_dn_0: 0.4614 (0.4660)  loss_vfl_dn_1: 0.4411 (0.4439)  loss_vfl_dn_2: 0.4362 (0.4389)  time: 0.9885  data: 0.0305  max mem: 9915
Epoch: [47]  [700/809]  eta: 0:01:51  lr: 0.000100  loss: 10.3161 (10.1489)  loss_bbox: 0.0874 (0.0928)  loss_bbox_aux_0: 0.0904 (0.0986)  loss_bbox_aux_1: 0.0882 (0.0942)  loss_bbox_aux_2: 0.1193 (0.1131)  loss_bbox_dn_0: 0.0479 (0.0558)  loss_bbox_dn_1: 0.0422 (0.0461)  loss_bbox_dn_2: 0.0423 (0.0450)  loss_giou: 1.0456 (0.9854)  loss_giou_aux_0: 1.0982 (1.0131)  loss_giou_aux_1: 1.0529 (0.9944)  loss_giou_aux_2: 1.1341 (1.0807)  loss_giou_dn_0: 0.8025 (0.7927)  loss_giou_dn_1: 0.7260 (0.7156)  loss_giou_dn_2: 0.7219 (0.7076)  loss_vfl: 0.4610 (0.4853)  loss_vfl_aux_0: 0.4672 (0.4958)  loss_vfl_aux_1: 0.4594 (0.4917)  loss_vfl_aux_2: 0.4623 (0.4922)  loss_vfl_dn_0: 0.4643 (0.4660)  loss_vfl_dn_1: 0.4451 (0.4438)  loss_vfl_dn_2: 0.4397 (0.4388)  time: 1.0380  data: 0.0309  max mem: 9915
Epoch: [47]  [800/809]  eta: 0:00:09  lr: 0.000100  loss: 9.9128 (10.1516)  loss_bbox: 0.0911 (0.0928)  loss_bbox_aux_0: 0.0912 (0.0988)  loss_bbox_aux_1: 0.0904 (0.0943)  loss_bbox_aux_2: 0.1068 (0.1131)  loss_bbox_dn_0: 0.0600 (0.0560)  loss_bbox_dn_1: 0.0498 (0.0463)  loss_bbox_dn_2: 0.0469 (0.0452)  loss_giou: 0.9482 (0.9857)  loss_giou_aux_0: 0.9697 (1.0133)  loss_giou_aux_1: 0.9582 (0.9945)  loss_giou_aux_2: 1.0473 (1.0805)  loss_giou_dn_0: 0.7778 (0.7928)  loss_giou_dn_1: 0.6921 (0.7157)  loss_giou_dn_2: 0.6863 (0.7077)  loss_vfl: 0.4980 (0.4854)  loss_vfl_aux_0: 0.5056 (0.4961)  loss_vfl_aux_1: 0.5064 (0.4921)  loss_vfl_aux_2: 0.4993 (0.4922)  loss_vfl_dn_0: 0.4671 (0.4661)  loss_vfl_dn_1: 0.4437 (0.4440)  loss_vfl_dn_2: 0.4405 (0.4391)  time: 0.9691  data: 0.0291  max mem: 9915
Epoch: [47]  [808/809]  eta: 0:00:01  lr: 0.000100  loss: 9.9749 (10.1501)  loss_bbox: 0.0903 (0.0927)  loss_bbox_aux_0: 0.0913 (0.0986)  loss_bbox_aux_1: 0.0904 (0.0942)  loss_bbox_aux_2: 0.1083 (0.1130)  loss_bbox_dn_0: 0.0494 (0.0560)  loss_bbox_dn_1: 0.0414 (0.0462)  loss_bbox_dn_2: 0.0403 (0.0451)  loss_giou: 0.9765 (0.9855)  loss_giou_aux_0: 1.0010 (1.0130)  loss_giou_aux_1: 0.9861 (0.9942)  loss_giou_aux_2: 1.0662 (1.0803)  loss_giou_dn_0: 0.7848 (0.7927)  loss_giou_dn_1: 0.7033 (0.7157)  loss_giou_dn_2: 0.6937 (0.7076)  loss_vfl: 0.4790 (0.4854)  loss_vfl_aux_0: 0.4955 (0.4961)  loss_vfl_aux_1: 0.4929 (0.4921)  loss_vfl_aux_2: 0.4721 (0.4923)  loss_vfl_dn_0: 0.4689 (0.4662)  loss_vfl_dn_1: 0.4470 (0.4440)  loss_vfl_dn_2: 0.4421 (0.4391)  time: 0.8497  data: 0.0254  max mem: 9915
Epoch: [47] Total time: 0:13:43 (1.0181 s / it)
Averaged stats: lr: 0.000100  loss: 9.9749 (10.1501)  loss_bbox: 0.0903 (0.0927)  loss_bbox_aux_0: 0.0913 (0.0986)  loss_bbox_aux_1: 0.0904 (0.0942)  loss_bbox_aux_2: 0.1083 (0.1130)  loss_bbox_dn_0: 0.0494 (0.0560)  loss_bbox_dn_1: 0.0414 (0.0462)  loss_bbox_dn_2: 0.0403 (0.0451)  loss_giou: 0.9765 (0.9855)  loss_giou_aux_0: 1.0010 (1.0130)  loss_giou_aux_1: 0.9861 (0.9942)  loss_giou_aux_2: 1.0662 (1.0803)  loss_giou_dn_0: 0.7848 (0.7927)  loss_giou_dn_1: 0.7033 (0.7157)  loss_giou_dn_2: 0.6937 (0.7076)  loss_vfl: 0.4790 (0.4854)  loss_vfl_aux_0: 0.4955 (0.4961)  loss_vfl_aux_1: 0.4929 (0.4921)  loss_vfl_aux_2: 0.4721 (0.4923)  loss_vfl_dn_0: 0.4689 (0.4662)  loss_vfl_dn_1: 0.4470 (0.4440)  loss_vfl_dn_2: 0.4421 (0.4391)
Test:  [ 0/69]  eta: 0:01:18    time: 1.1380  data: 0.6610  max mem: 9915
Test:  [10/69]  eta: 0:00:34    time: 0.5891  data: 0.0770  max mem: 9915
Test:  [20/69]  eta: 0:00:28    time: 0.5464  data: 0.0194  max mem: 9915
Test:  [30/69]  eta: 0:00:21    time: 0.5267  data: 0.0213  max mem: 9915
Test:  [40/69]  eta: 0:00:15    time: 0.4825  data: 0.0217  max mem: 9915
Test:  [50/69]  eta: 0:00:09    time: 0.4505  data: 0.0216  max mem: 9915
Test:  [60/69]  eta: 0:00:04    time: 0.4341  data: 0.0212  max mem: 9915
Test:  [68/69]  eta: 0:00:00    time: 0.4492  data: 0.0191  max mem: 9915
Test: Total time: 0:00:34 (0.4972 s / it)
Averaged stats: 
Accumulating evaluation results...
DONE (t=1.98s).
IoU metric: bbox
 Average Precision  (AP) @[ IoU=0.50:0.95 | area=   all | maxDets=100 ] = 0.210
 Average Precision  (AP) @[ IoU=0.50      | area=   all | maxDets=100 ] = 0.353
 Average Precision  (AP) @[ IoU=0.75      | area=   all | maxDets=100 ] = 0.214
 Average Precision  (AP) @[ IoU=0.50:0.95 | area= small | maxDets=100 ] = 0.125
 Average Precision  (AP) @[ IoU=0.50:0.95 | area=medium | maxDets=100 ] = 0.300
 Average Precision  (AP) @[ IoU=0.50:0.95 | area= large | maxDets=100 ] = 0.427
 Average Recall     (AR) @[ IoU=0.50:0.95 | area=   all | maxDets=  1 ] = 0.097
 Average Recall     (AR) @[ IoU=0.50:0.95 | area=   all | maxDets= 10 ] = 0.267
 Average Recall     (AR) @[ IoU=0.50:0.95 | area=   all | maxDets=100 ] = 0.361
 Average Recall     (AR) @[ IoU=0.50:0.95 | area= small | maxDets=100 ] = 0.265
 Average Recall     (AR) @[ IoU=0.50:0.95 | area=medium | maxDets=100 ] = 0.487
 Average Recall     (AR) @[ IoU=0.50:0.95 | area= large | maxDets=100 ] = 0.628
best_stat:  {'epoch': 47, 'coco_eval_bbox': 0.20976921091291437}
Epoch: [48]  [  0/809]  eta: 1:01:34  lr: 0.000100  loss: 9.0547 (9.0547)  loss_bbox: 0.0879 (0.0879)  loss_bbox_aux_0: 0.0965 (0.0965)  loss_bbox_aux_1: 0.0938 (0.0938)  loss_bbox_aux_2: 0.1178 (0.1178)  loss_bbox_dn_0: 0.0980 (0.0980)  loss_bbox_dn_1: 0.0751 (0.0751)  loss_bbox_dn_2: 0.0712 (0.0712)  loss_giou: 0.6300 (0.6300)  loss_giou_aux_0: 0.6631 (0.6631)  loss_giou_aux_1: 0.6410 (0.6410)  loss_giou_aux_2: 0.7562 (0.7562)  loss_giou_dn_0: 0.6678 (0.6678)  loss_giou_dn_1: 0.5663 (0.5663)  loss_giou_dn_2: 0.5511 (0.5511)  loss_vfl: 0.6341 (0.6341)  loss_vfl_aux_0: 0.6337 (0.6337)  loss_vfl_aux_1: 0.6445 (0.6445)  loss_vfl_aux_2: 0.6407 (0.6407)  loss_vfl_dn_0: 0.4822 (0.4822)  loss_vfl_dn_1: 0.4542 (0.4542)  loss_vfl_dn_2: 0.4495 (0.4495)  time: 4.5667  data: 2.7510  max mem: 9915
Epoch: [48]  [100/809]  eta: 0:12:38  lr: 0.000100  loss: 10.1254 (10.0900)  loss_bbox: 0.0854 (0.0929)  loss_bbox_aux_0: 0.0948 (0.0979)  loss_bbox_aux_1: 0.0857 (0.0942)  loss_bbox_aux_2: 0.1141 (0.1132)  loss_bbox_dn_0: 0.0534 (0.0553)  loss_bbox_dn_1: 0.0419 (0.0456)  loss_bbox_dn_2: 0.0404 (0.0445)  loss_giou: 0.9612 (0.9706)  loss_giou_aux_0: 0.9954 (1.0005)  loss_giou_aux_1: 0.9676 (0.9773)  loss_giou_aux_2: 1.0769 (1.0700)  loss_giou_dn_0: 0.7855 (0.7852)  loss_giou_dn_1: 0.7021 (0.7071)  loss_giou_dn_2: 0.6921 (0.6990)  loss_vfl: 0.4930 (0.4915)  loss_vfl_aux_0: 0.5010 (0.5009)  loss_vfl_aux_1: 0.4912 (0.4979)  loss_vfl_aux_2: 0.5062 (0.4972)  loss_vfl_dn_0: 0.4666 (0.4665)  loss_vfl_dn_1: 0.4401 (0.4436)  loss_vfl_dn_2: 0.4355 (0.4391)  time: 1.0417  data: 0.0286  max mem: 9915
Epoch: [48]  [200/809]  eta: 0:10:32  lr: 0.000100  loss: 10.1171 (10.0146)  loss_bbox: 0.0907 (0.0900)  loss_bbox_aux_0: 0.0950 (0.0954)  loss_bbox_aux_1: 0.0925 (0.0917)  loss_bbox_aux_2: 0.1100 (0.1107)  loss_bbox_dn_0: 0.0548 (0.0573)  loss_bbox_dn_1: 0.0433 (0.0470)  loss_bbox_dn_2: 0.0410 (0.0458)  loss_giou: 0.9859 (0.9492)  loss_giou_aux_0: 0.9980 (0.9782)  loss_giou_aux_1: 0.9899 (0.9551)  loss_giou_aux_2: 1.0666 (1.0464)  loss_giou_dn_0: 0.7878 (0.7779)  loss_giou_dn_1: 0.7200 (0.6984)  loss_giou_dn_2: 0.7128 (0.6900)  loss_vfl: 0.5031 (0.5009)  loss_vfl_aux_0: 0.5024 (0.5120)  loss_vfl_aux_1: 0.5060 (0.5078)  loss_vfl_aux_2: 0.4751 (0.5084)  loss_vfl_dn_0: 0.4730 (0.4682)  loss_vfl_dn_1: 0.4469 (0.4447)  loss_vfl_dn_2: 0.4375 (0.4394)  time: 1.0725  data: 0.0279  max mem: 9915
Epoch: [48]  [300/809]  eta: 0:08:43  lr: 0.000100  loss: 9.7465 (10.0500)  loss_bbox: 0.0819 (0.0908)  loss_bbox_aux_0: 0.0847 (0.0960)  loss_bbox_aux_1: 0.0832 (0.0923)  loss_bbox_aux_2: 0.0970 (0.1107)  loss_bbox_dn_0: 0.0514 (0.0569)  loss_bbox_dn_1: 0.0415 (0.0468)  loss_bbox_dn_2: 0.0401 (0.0456)  loss_giou: 0.9515 (0.9605)  loss_giou_aux_0: 0.9607 (0.9877)  loss_giou_aux_1: 0.9531 (0.9659)  loss_giou_aux_2: 1.0329 (1.0551)  loss_giou_dn_0: 0.7726 (0.7805)  loss_giou_dn_1: 0.6965 (0.7022)  loss_giou_dn_2: 0.6847 (0.6940)  loss_vfl: 0.4918 (0.4962)  loss_vfl_aux_0: 0.5030 (0.5080)  loss_vfl_aux_1: 0.4978 (0.5033)  loss_vfl_aux_2: 0.4888 (0.5047)  loss_vfl_dn_0: 0.4682 (0.4685)  loss_vfl_dn_1: 0.4428 (0.4448)  loss_vfl_dn_2: 0.4403 (0.4394)  time: 1.0591  data: 0.0307  max mem: 9915
Epoch: [48]  [400/809]  eta: 0:07:00  lr: 0.000100  loss: 9.8778 (10.0670)  loss_bbox: 0.0839 (0.0915)  loss_bbox_aux_0: 0.0907 (0.0972)  loss_bbox_aux_1: 0.0881 (0.0932)  loss_bbox_aux_2: 0.1023 (0.1115)  loss_bbox_dn_0: 0.0565 (0.0562)  loss_bbox_dn_1: 0.0458 (0.0463)  loss_bbox_dn_2: 0.0440 (0.0451)  loss_giou: 0.9558 (0.9677)  loss_giou_aux_0: 0.9844 (0.9944)  loss_giou_aux_1: 0.9615 (0.9734)  loss_giou_aux_2: 1.0719 (1.0614)  loss_giou_dn_0: 0.7919 (0.7828)  loss_giou_dn_1: 0.7235 (0.7048)  loss_giou_dn_2: 0.7158 (0.6964)  loss_vfl: 0.4565 (0.4919)  loss_vfl_aux_0: 0.4680 (0.5035)  loss_vfl_aux_1: 0.4702 (0.4990)  loss_vfl_aux_2: 0.4858 (0.5009)  loss_vfl_dn_0: 0.4583 (0.4673)  loss_vfl_dn_1: 0.4388 (0.4439)  loss_vfl_dn_2: 0.4347 (0.4387)  time: 1.0488  data: 0.0295  max mem: 9915
Epoch: [48]  [500/809]  eta: 0:05:16  lr: 0.000100  loss: 10.0437 (10.0906)  loss_bbox: 0.0806 (0.0922)  loss_bbox_aux_0: 0.0851 (0.0978)  loss_bbox_aux_1: 0.0814 (0.0938)  loss_bbox_aux_2: 0.0961 (0.1119)  loss_bbox_dn_0: 0.0502 (0.0560)  loss_bbox_dn_1: 0.0423 (0.0461)  loss_bbox_dn_2: 0.0410 (0.0450)  loss_giou: 0.9893 (0.9733)  loss_giou_aux_0: 0.9975 (0.9996)  loss_giou_aux_1: 0.9808 (0.9790)  loss_giou_aux_2: 1.0363 (1.0658)  loss_giou_dn_0: 0.8137 (0.7861)  loss_giou_dn_1: 0.7319 (0.7085)  loss_giou_dn_2: 0.7285 (0.7002)  loss_vfl: 0.4551 (0.4893)  loss_vfl_aux_0: 0.4742 (0.5012)  loss_vfl_aux_1: 0.4728 (0.4965)  loss_vfl_aux_2: 0.4742 (0.4984)  loss_vfl_dn_0: 0.4591 (0.4673)  loss_vfl_dn_1: 0.4380 (0.4439)  loss_vfl_dn_2: 0.4334 (0.4387)  time: 0.9745  data: 0.0295  max mem: 9915
Epoch: [48]  [600/809]  eta: 0:03:32  lr: 0.000100  loss: 10.4916 (10.1017)  loss_bbox: 0.0842 (0.0923)  loss_bbox_aux_0: 0.0912 (0.0980)  loss_bbox_aux_1: 0.0874 (0.0939)  loss_bbox_aux_2: 0.1022 (0.1123)  loss_bbox_dn_0: 0.0537 (0.0561)  loss_bbox_dn_1: 0.0441 (0.0464)  loss_bbox_dn_2: 0.0432 (0.0452)  loss_giou: 1.0529 (0.9745)  loss_giou_aux_0: 1.0761 (1.0004)  loss_giou_aux_1: 1.0670 (0.9804)  loss_giou_aux_2: 1.1155 (1.0668)  loss_giou_dn_0: 0.8201 (0.7872)  loss_giou_dn_1: 0.7388 (0.7100)  loss_giou_dn_2: 0.7279 (0.7017)  loss_vfl: 0.4682 (0.4897)  loss_vfl_aux_0: 0.4694 (0.5013)  loss_vfl_aux_1: 0.4632 (0.4967)  loss_vfl_aux_2: 0.4785 (0.4976)  loss_vfl_dn_0: 0.4661 (0.4675)  loss_vfl_dn_1: 0.4417 (0.4443)  loss_vfl_dn_2: 0.4408 (0.4393)  time: 0.9924  data: 0.0284  max mem: 9915
Epoch: [48]  [700/809]  eta: 0:01:51  lr: 0.000100  loss: 10.4336 (10.1206)  loss_bbox: 0.0866 (0.0936)  loss_bbox_aux_0: 0.0933 (0.0994)  loss_bbox_aux_1: 0.0916 (0.0953)  loss_bbox_aux_2: 0.1071 (0.1142)  loss_bbox_dn_0: 0.0488 (0.0559)  loss_bbox_dn_1: 0.0413 (0.0462)  loss_bbox_dn_2: 0.0407 (0.0450)  loss_giou: 1.0427 (0.9785)  loss_giou_aux_0: 1.0811 (1.0048)  loss_giou_aux_1: 1.0611 (0.9848)  loss_giou_aux_2: 1.1308 (1.0708)  loss_giou_dn_0: 0.7999 (0.7877)  loss_giou_dn_1: 0.7367 (0.7108)  loss_giou_dn_2: 0.7248 (0.7025)  loss_vfl: 0.4653 (0.4886)  loss_vfl_aux_0: 0.4801 (0.4999)  loss_vfl_aux_1: 0.4795 (0.4953)  loss_vfl_aux_2: 0.4689 (0.4959)  loss_vfl_dn_0: 0.4650 (0.4675)  loss_vfl_dn_1: 0.4454 (0.4445)  loss_vfl_dn_2: 0.4404 (0.4393)  time: 1.0441  data: 0.0302  max mem: 9915
Epoch: [48]  [800/809]  eta: 0:00:09  lr: 0.000100  loss: 9.8157 (10.1172)  loss_bbox: 0.0756 (0.0931)  loss_bbox_aux_0: 0.0827 (0.0988)  loss_bbox_aux_1: 0.0774 (0.0946)  loss_bbox_aux_2: 0.0944 (0.1133)  loss_bbox_dn_0: 0.0550 (0.0556)  loss_bbox_dn_1: 0.0457 (0.0459)  loss_bbox_dn_2: 0.0446 (0.0448)  loss_giou: 0.8320 (0.9787)  loss_giou_aux_0: 0.8674 (1.0049)  loss_giou_aux_1: 0.8364 (0.9849)  loss_giou_aux_2: 0.9592 (1.0706)  loss_giou_dn_0: 0.7789 (0.7878)  loss_giou_dn_1: 0.6944 (0.7105)  loss_giou_dn_2: 0.6850 (0.7023)  loss_vfl: 0.4796 (0.4883)  loss_vfl_aux_0: 0.4905 (0.4997)  loss_vfl_aux_1: 0.4856 (0.4953)  loss_vfl_aux_2: 0.4893 (0.4956)  loss_vfl_dn_0: 0.4624 (0.4678)  loss_vfl_dn_1: 0.4423 (0.4449)  loss_vfl_dn_2: 0.4383 (0.4397)  time: 1.0100  data: 0.0264  max mem: 9915
Epoch: [48]  [808/809]  eta: 0:00:01  lr: 0.000100  loss: 9.8582 (10.1174)  loss_bbox: 0.0823 (0.0931)  loss_bbox_aux_0: 0.0864 (0.0989)  loss_bbox_aux_1: 0.0816 (0.0947)  loss_bbox_aux_2: 0.0988 (0.1134)  loss_bbox_dn_0: 0.0535 (0.0557)  loss_bbox_dn_1: 0.0449 (0.0460)  loss_bbox_dn_2: 0.0439 (0.0448)  loss_giou: 0.9435 (0.9790)  loss_giou_aux_0: 0.9726 (1.0052)  loss_giou_aux_1: 0.9524 (0.9852)  loss_giou_aux_2: 1.0449 (1.0708)  loss_giou_dn_0: 0.7958 (0.7878)  loss_giou_dn_1: 0.7077 (0.7105)  loss_giou_dn_2: 0.6974 (0.7023)  loss_vfl: 0.4796 (0.4881)  loss_vfl_aux_0: 0.4902 (0.4995)  loss_vfl_aux_1: 0.4820 (0.4950)  loss_vfl_aux_2: 0.4774 (0.4954)  loss_vfl_dn_0: 0.4659 (0.4678)  loss_vfl_dn_1: 0.4481 (0.4449)  loss_vfl_dn_2: 0.4415 (0.4397)  time: 0.8804  data: 0.0251  max mem: 9915
Epoch: [48] Total time: 0:13:41 (1.0160 s / it)
Averaged stats: lr: 0.000100  loss: 9.8582 (10.1174)  loss_bbox: 0.0823 (0.0931)  loss_bbox_aux_0: 0.0864 (0.0989)  loss_bbox_aux_1: 0.0816 (0.0947)  loss_bbox_aux_2: 0.0988 (0.1134)  loss_bbox_dn_0: 0.0535 (0.0557)  loss_bbox_dn_1: 0.0449 (0.0460)  loss_bbox_dn_2: 0.0439 (0.0448)  loss_giou: 0.9435 (0.9790)  loss_giou_aux_0: 0.9726 (1.0052)  loss_giou_aux_1: 0.9524 (0.9852)  loss_giou_aux_2: 1.0449 (1.0708)  loss_giou_dn_0: 0.7958 (0.7878)  loss_giou_dn_1: 0.7077 (0.7105)  loss_giou_dn_2: 0.6974 (0.7023)  loss_vfl: 0.4796 (0.4881)  loss_vfl_aux_0: 0.4902 (0.4995)  loss_vfl_aux_1: 0.4820 (0.4950)  loss_vfl_aux_2: 0.4774 (0.4954)  loss_vfl_dn_0: 0.4659 (0.4678)  loss_vfl_dn_1: 0.4481 (0.4449)  loss_vfl_dn_2: 0.4415 (0.4397)
Test:  [ 0/69]  eta: 0:01:18    time: 1.1369  data: 0.6504  max mem: 9915
Test:  [10/69]  eta: 0:00:33    time: 0.5690  data: 0.0769  max mem: 9915
Test:  [20/69]  eta: 0:00:27    time: 0.5323  data: 0.0201  max mem: 9915
Test:  [30/69]  eta: 0:00:20    time: 0.5178  data: 0.0217  max mem: 9915
Test:  [40/69]  eta: 0:00:15    time: 0.4765  data: 0.0220  max mem: 9915
Test:  [50/69]  eta: 0:00:09    time: 0.4563  data: 0.0211  max mem: 9915
Test:  [60/69]  eta: 0:00:04    time: 0.4385  data: 0.0207  max mem: 9915
Test:  [68/69]  eta: 0:00:00    time: 0.4444  data: 0.0200  max mem: 9915
Test: Total time: 0:00:33 (0.4919 s / it)
Averaged stats: 
Accumulating evaluation results...
DONE (t=1.94s).
IoU metric: bbox
 Average Precision  (AP) @[ IoU=0.50:0.95 | area=   all | maxDets=100 ] = 0.211
 Average Precision  (AP) @[ IoU=0.50      | area=   all | maxDets=100 ] = 0.355
 Average Precision  (AP) @[ IoU=0.75      | area=   all | maxDets=100 ] = 0.216
 Average Precision  (AP) @[ IoU=0.50:0.95 | area= small | maxDets=100 ] = 0.126
 Average Precision  (AP) @[ IoU=0.50:0.95 | area=medium | maxDets=100 ] = 0.301
 Average Precision  (AP) @[ IoU=0.50:0.95 | area= large | maxDets=100 ] = 0.428
 Average Recall     (AR) @[ IoU=0.50:0.95 | area=   all | maxDets=  1 ] = 0.097
 Average Recall     (AR) @[ IoU=0.50:0.95 | area=   all | maxDets= 10 ] = 0.268
 Average Recall     (AR) @[ IoU=0.50:0.95 | area=   all | maxDets=100 ] = 0.362
 Average Recall     (AR) @[ IoU=0.50:0.95 | area= small | maxDets=100 ] = 0.266
 Average Recall     (AR) @[ IoU=0.50:0.95 | area=medium | maxDets=100 ] = 0.488
 Average Recall     (AR) @[ IoU=0.50:0.95 | area= large | maxDets=100 ] = 0.625
best_stat:  {'epoch': 48, 'coco_eval_bbox': 0.21117265589201376}
Epoch: [49]  [  0/809]  eta: 1:13:50  lr: 0.000100  loss: 11.1216 (11.1216)  loss_bbox: 0.0806 (0.0806)  loss_bbox_aux_0: 0.0864 (0.0864)  loss_bbox_aux_1: 0.0820 (0.0820)  loss_bbox_aux_2: 0.0998 (0.0998)  loss_bbox_dn_0: 0.0397 (0.0397)  loss_bbox_dn_1: 0.0335 (0.0335)  loss_bbox_dn_2: 0.0338 (0.0338)  loss_giou: 1.2239 (1.2239)  loss_giou_aux_0: 1.2307 (1.2307)  loss_giou_aux_1: 1.2286 (1.2286)  loss_giou_aux_2: 1.2728 (1.2728)  loss_giou_dn_0: 0.8971 (0.8971)  loss_giou_dn_1: 0.8203 (0.8203)  loss_giou_dn_2: 0.8153 (0.8153)  loss_vfl: 0.4671 (0.4671)  loss_vfl_aux_0: 0.4716 (0.4716)  loss_vfl_aux_1: 0.4726 (0.4726)  loss_vfl_aux_2: 0.4488 (0.4488)  loss_vfl_dn_0: 0.4531 (0.4531)  loss_vfl_dn_1: 0.4328 (0.4328)  loss_vfl_dn_2: 0.4309 (0.4309)  time: 5.4766  data: 2.3933  max mem: 9915
Epoch: [49]  [100/809]  eta: 0:12:32  lr: 0.000100  loss: 9.8418 (9.9646)  loss_bbox: 0.0746 (0.0882)  loss_bbox_aux_0: 0.0797 (0.0938)  loss_bbox_aux_1: 0.0743 (0.0896)  loss_bbox_aux_2: 0.0966 (0.1080)  loss_bbox_dn_0: 0.0562 (0.0553)  loss_bbox_dn_1: 0.0452 (0.0456)  loss_bbox_dn_2: 0.0435 (0.0445)  loss_giou: 0.9375 (0.9513)  loss_giou_aux_0: 0.9508 (0.9752)  loss_giou_aux_1: 0.9448 (0.9553)  loss_giou_aux_2: 1.0094 (1.0481)  loss_giou_dn_0: 0.7556 (0.7739)  loss_giou_dn_1: 0.6687 (0.6969)  loss_giou_dn_2: 0.6618 (0.6893)  loss_vfl: 0.5024 (0.4944)  loss_vfl_aux_0: 0.5144 (0.5065)  loss_vfl_aux_1: 0.5125 (0.5020)  loss_vfl_aux_2: 0.5210 (0.5016)  loss_vfl_dn_0: 0.4622 (0.4662)  loss_vfl_dn_1: 0.4416 (0.4418)  loss_vfl_dn_2: 0.4410 (0.4370)  time: 0.9908  data: 0.0260  max mem: 9915
Epoch: [49]  [200/809]  eta: 0:10:33  lr: 0.000100  loss: 10.1031 (9.9937)  loss_bbox: 0.0882 (0.0896)  loss_bbox_aux_0: 0.0935 (0.0952)  loss_bbox_aux_1: 0.0893 (0.0912)  loss_bbox_aux_2: 0.1097 (0.1095)  loss_bbox_dn_0: 0.0593 (0.0554)  loss_bbox_dn_1: 0.0502 (0.0456)  loss_bbox_dn_2: 0.0487 (0.0446)  loss_giou: 0.9398 (0.9559)  loss_giou_aux_0: 0.9744 (0.9825)  loss_giou_aux_1: 0.9494 (0.9618)  loss_giou_aux_2: 1.0723 (1.0515)  loss_giou_dn_0: 0.7655 (0.7777)  loss_giou_dn_1: 0.6876 (0.7010)  loss_giou_dn_2: 0.6794 (0.6932)  loss_vfl: 0.4992 (0.4916)  loss_vfl_aux_0: 0.5100 (0.5028)  loss_vfl_aux_1: 0.5068 (0.4988)  loss_vfl_aux_2: 0.4971 (0.4994)  loss_vfl_dn_0: 0.4706 (0.4667)  loss_vfl_dn_1: 0.4502 (0.4425)  loss_vfl_dn_2: 0.4414 (0.4372)  time: 0.9519  data: 0.0272  max mem: 9915
Epoch: [49]  [300/809]  eta: 0:08:48  lr: 0.000100  loss: 10.3198 (10.1018)  loss_bbox: 0.0758 (0.0931)  loss_bbox_aux_0: 0.0804 (0.0984)  loss_bbox_aux_1: 0.0759 (0.0947)  loss_bbox_aux_2: 0.0959 (0.1132)  loss_bbox_dn_0: 0.0539 (0.0556)  loss_bbox_dn_1: 0.0450 (0.0457)  loss_bbox_dn_2: 0.0436 (0.0446)  loss_giou: 1.0497 (0.9782)  loss_giou_aux_0: 1.0717 (1.0058)  loss_giou_aux_1: 1.0653 (0.9846)  loss_giou_aux_2: 1.1250 (1.0728)  loss_giou_dn_0: 0.8183 (0.7869)  loss_giou_dn_1: 0.7348 (0.7092)  loss_giou_dn_2: 0.7298 (0.7013)  loss_vfl: 0.4656 (0.4861)  loss_vfl_aux_0: 0.4783 (0.4976)  loss_vfl_aux_1: 0.4712 (0.4932)  loss_vfl_aux_2: 0.4539 (0.4930)  loss_vfl_dn_0: 0.4660 (0.4665)  loss_vfl_dn_1: 0.4491 (0.4432)  loss_vfl_dn_2: 0.4435 (0.4380)  time: 0.9952  data: 0.0255  max mem: 9915
Epoch: [49]  [400/809]  eta: 0:07:01  lr: 0.000100  loss: 9.7966 (10.1182)  loss_bbox: 0.0843 (0.0964)  loss_bbox_aux_0: 0.0878 (0.1016)  loss_bbox_aux_1: 0.0846 (0.0980)  loss_bbox_aux_2: 0.0977 (0.1166)  loss_bbox_dn_0: 0.0511 (0.0555)  loss_bbox_dn_1: 0.0423 (0.0457)  loss_bbox_dn_2: 0.0423 (0.0447)  loss_giou: 0.9136 (0.9775)  loss_giou_aux_0: 0.9391 (1.0058)  loss_giou_aux_1: 0.9111 (0.9837)  loss_giou_aux_2: 1.0085 (1.0724)  loss_giou_dn_0: 0.7575 (0.7868)  loss_giou_dn_1: 0.6966 (0.7095)  loss_giou_dn_2: 0.6902 (0.7017)  loss_vfl: 0.4858 (0.4870)  loss_vfl_aux_0: 0.5038 (0.4990)  loss_vfl_aux_1: 0.5013 (0.4947)  loss_vfl_aux_2: 0.5088 (0.4939)  loss_vfl_dn_0: 0.4615 (0.4665)  loss_vfl_dn_1: 0.4406 (0.4433)  loss_vfl_dn_2: 0.4357 (0.4380)  time: 1.0216  data: 0.0286  max mem: 9915
Epoch: [49]  [500/809]  eta: 0:05:17  lr: 0.000100  loss: 10.0866 (10.1524)  loss_bbox: 0.0856 (0.0974)  loss_bbox_aux_0: 0.0921 (0.1027)  loss_bbox_aux_1: 0.0895 (0.0991)  loss_bbox_aux_2: 0.1090 (0.1178)  loss_bbox_dn_0: 0.0494 (0.0558)  loss_bbox_dn_1: 0.0418 (0.0459)  loss_bbox_dn_2: 0.0410 (0.0449)  loss_giou: 0.9309 (0.9854)  loss_giou_aux_0: 0.9475 (1.0138)  loss_giou_aux_1: 0.9504 (0.9921)  loss_giou_aux_2: 1.0281 (1.0803)  loss_giou_dn_0: 0.7895 (0.7896)  loss_giou_dn_1: 0.7056 (0.7118)  loss_giou_dn_2: 0.6977 (0.7041)  loss_vfl: 0.4654 (0.4847)  loss_vfl_aux_0: 0.4859 (0.4965)  loss_vfl_aux_1: 0.4704 (0.4922)  loss_vfl_aux_2: 0.4829 (0.4912)  loss_vfl_dn_0: 0.4617 (0.4661)  loss_vfl_dn_1: 0.4412 (0.4430)  loss_vfl_dn_2: 0.4340 (0.4378)  time: 0.9923  data: 0.0305  max mem: 9915
Epoch: [49]  [600/809]  eta: 0:03:33  lr: 0.000100  loss: 10.2127 (10.1725)  loss_bbox: 0.0799 (0.0975)  loss_bbox_aux_0: 0.0862 (0.1028)  loss_bbox_aux_1: 0.0820 (0.0992)  loss_bbox_aux_2: 0.1031 (0.1180)  loss_bbox_dn_0: 0.0446 (0.0556)  loss_bbox_dn_1: 0.0365 (0.0458)  loss_bbox_dn_2: 0.0352 (0.0447)  loss_giou: 1.0182 (0.9899)  loss_giou_aux_0: 1.0279 (1.0184)  loss_giou_aux_1: 1.0136 (0.9969)  loss_giou_aux_2: 1.0792 (1.0847)  loss_giou_dn_0: 0.7831 (0.7913)  loss_giou_dn_1: 0.7020 (0.7135)  loss_giou_dn_2: 0.6980 (0.7057)  loss_vfl: 0.4833 (0.4837)  loss_vfl_aux_0: 0.5019 (0.4959)  loss_vfl_aux_1: 0.4953 (0.4911)  loss_vfl_aux_2: 0.4951 (0.4902)  loss_vfl_dn_0: 0.4614 (0.4661)  loss_vfl_dn_1: 0.4424 (0.4433)  loss_vfl_dn_2: 0.4398 (0.4382)  time: 1.0123  data: 0.0288  max mem: 9915
Epoch: [49]  [700/809]  eta: 0:01:51  lr: 0.000100  loss: 10.0039 (10.1618)  loss_bbox: 0.0796 (0.0962)  loss_bbox_aux_0: 0.0894 (0.1018)  loss_bbox_aux_1: 0.0824 (0.0980)  loss_bbox_aux_2: 0.1043 (0.1172)  loss_bbox_dn_0: 0.0585 (0.0557)  loss_bbox_dn_1: 0.0454 (0.0459)  loss_bbox_dn_2: 0.0442 (0.0448)  loss_giou: 0.9440 (0.9876)  loss_giou_aux_0: 0.9765 (1.0159)  loss_giou_aux_1: 0.9509 (0.9941)  loss_giou_aux_2: 1.0499 (1.0827)  loss_giou_dn_0: 0.8085 (0.7920)  loss_giou_dn_1: 0.7270 (0.7138)  loss_giou_dn_2: 0.7171 (0.7060)  loss_vfl: 0.4831 (0.4842)  loss_vfl_aux_0: 0.5013 (0.4961)  loss_vfl_aux_1: 0.4932 (0.4918)  loss_vfl_aux_2: 0.5001 (0.4902)  loss_vfl_dn_0: 0.4639 (0.4662)  loss_vfl_dn_1: 0.4453 (0.4434)  loss_vfl_dn_2: 0.4385 (0.4382)  time: 1.0165  data: 0.0322  max mem: 9915
Epoch: [49]  [800/809]  eta: 0:00:09  lr: 0.000100  loss: 10.1738 (10.1413)  loss_bbox: 0.0858 (0.0953)  loss_bbox_aux_0: 0.0934 (0.1009)  loss_bbox_aux_1: 0.0865 (0.0969)  loss_bbox_aux_2: 0.1067 (0.1161)  loss_bbox_dn_0: 0.0518 (0.0556)  loss_bbox_dn_1: 0.0436 (0.0457)  loss_bbox_dn_2: 0.0427 (0.0447)  loss_giou: 1.0097 (0.9842)  loss_giou_aux_0: 1.0252 (1.0122)  loss_giou_aux_1: 1.0131 (0.9905)  loss_giou_aux_2: 1.0849 (1.0785)  loss_giou_dn_0: 0.7875 (0.7900)  loss_giou_dn_1: 0.7116 (0.7119)  loss_giou_dn_2: 0.7095 (0.7040)  loss_vfl: 0.4893 (0.4852)  loss_vfl_aux_0: 0.4941 (0.4971)  loss_vfl_aux_1: 0.5000 (0.4928)  loss_vfl_aux_2: 0.4951 (0.4918)  loss_vfl_dn_0: 0.4699 (0.4663)  loss_vfl_dn_1: 0.4468 (0.4434)  loss_vfl_dn_2: 0.4439 (0.4383)  time: 1.0024  data: 0.0314  max mem: 9915
Epoch: [49]  [808/809]  eta: 0:00:01  lr: 0.000100  loss: 10.2464 (10.1447)  loss_bbox: 0.0858 (0.0952)  loss_bbox_aux_0: 0.0934 (0.1009)  loss_bbox_aux_1: 0.0865 (0.0969)  loss_bbox_aux_2: 0.0979 (0.1161)  loss_bbox_dn_0: 0.0520 (0.0556)  loss_bbox_dn_1: 0.0433 (0.0457)  loss_bbox_dn_2: 0.0427 (0.0447)  loss_giou: 1.0022 (0.9851)  loss_giou_aux_0: 1.0252 (1.0130)  loss_giou_aux_1: 1.0113 (0.9914)  loss_giou_aux_2: 1.0831 (1.0792)  loss_giou_dn_0: 0.7991 (0.7903)  loss_giou_dn_1: 0.7369 (0.7122)  loss_giou_dn_2: 0.7280 (0.7043)  loss_vfl: 0.4755 (0.4849)  loss_vfl_aux_0: 0.4896 (0.4968)  loss_vfl_aux_1: 0.4754 (0.4925)  loss_vfl_aux_2: 0.4859 (0.4916)  loss_vfl_dn_0: 0.4725 (0.4664)  loss_vfl_dn_1: 0.4506 (0.4435)  loss_vfl_dn_2: 0.4439 (0.4384)  time: 0.8929  data: 0.0269  max mem: 9915
Epoch: [49] Total time: 0:13:45 (1.0202 s / it)
Averaged stats: lr: 0.000100  loss: 10.2464 (10.1447)  loss_bbox: 0.0858 (0.0952)  loss_bbox_aux_0: 0.0934 (0.1009)  loss_bbox_aux_1: 0.0865 (0.0969)  loss_bbox_aux_2: 0.0979 (0.1161)  loss_bbox_dn_0: 0.0520 (0.0556)  loss_bbox_dn_1: 0.0433 (0.0457)  loss_bbox_dn_2: 0.0427 (0.0447)  loss_giou: 1.0022 (0.9851)  loss_giou_aux_0: 1.0252 (1.0130)  loss_giou_aux_1: 1.0113 (0.9914)  loss_giou_aux_2: 1.0831 (1.0792)  loss_giou_dn_0: 0.7991 (0.7903)  loss_giou_dn_1: 0.7369 (0.7122)  loss_giou_dn_2: 0.7280 (0.7043)  loss_vfl: 0.4755 (0.4849)  loss_vfl_aux_0: 0.4896 (0.4968)  loss_vfl_aux_1: 0.4754 (0.4925)  loss_vfl_aux_2: 0.4859 (0.4916)  loss_vfl_dn_0: 0.4725 (0.4664)  loss_vfl_dn_1: 0.4506 (0.4435)  loss_vfl_dn_2: 0.4439 (0.4384)
Test:  [ 0/69]  eta: 0:01:17    time: 1.1278  data: 0.5656  max mem: 9915
Test:  [10/69]  eta: 0:00:34    time: 0.5842  data: 0.0692  max mem: 9915
Test:  [20/69]  eta: 0:00:27    time: 0.5310  data: 0.0202  max mem: 9915
Test:  [30/69]  eta: 0:00:21    time: 0.5186  data: 0.0213  max mem: 9915
Test:  [40/69]  eta: 0:00:15    time: 0.4899  data: 0.0217  max mem: 9915
Test:  [50/69]  eta: 0:00:09    time: 0.4517  data: 0.0217  max mem: 9915
Test:  [60/69]  eta: 0:00:04    time: 0.4248  data: 0.0218  max mem: 9915
Test:  [68/69]  eta: 0:00:00    time: 0.4355  data: 0.0205  max mem: 9915
Test: Total time: 0:00:33 (0.4909 s / it)
Averaged stats: 
Accumulating evaluation results...
DONE (t=1.92s).
IoU metric: bbox
 Average Precision  (AP) @[ IoU=0.50:0.95 | area=   all | maxDets=100 ] = 0.211
 Average Precision  (AP) @[ IoU=0.50      | area=   all | maxDets=100 ] = 0.355
 Average Precision  (AP) @[ IoU=0.75      | area=   all | maxDets=100 ] = 0.215
 Average Precision  (AP) @[ IoU=0.50:0.95 | area= small | maxDets=100 ] = 0.127
 Average Precision  (AP) @[ IoU=0.50:0.95 | area=medium | maxDets=100 ] = 0.302
 Average Precision  (AP) @[ IoU=0.50:0.95 | area= large | maxDets=100 ] = 0.424
 Average Recall     (AR) @[ IoU=0.50:0.95 | area=   all | maxDets=  1 ] = 0.097
 Average Recall     (AR) @[ IoU=0.50:0.95 | area=   all | maxDets= 10 ] = 0.269
 Average Recall     (AR) @[ IoU=0.50:0.95 | area=   all | maxDets=100 ] = 0.363
 Average Recall     (AR) @[ IoU=0.50:0.95 | area= small | maxDets=100 ] = 0.267
 Average Recall     (AR) @[ IoU=0.50:0.95 | area=medium | maxDets=100 ] = 0.489
 Average Recall     (AR) @[ IoU=0.50:0.95 | area= large | maxDets=100 ] = 0.631
best_stat:  {'epoch': 49, 'coco_eval_bbox': 0.21125719517369723}
Epoch: [50]  [  0/809]  eta: 1:22:13  lr: 0.000100  loss: 10.7606 (10.7606)  loss_bbox: 0.0938 (0.0938)  loss_bbox_aux_0: 0.0964 (0.0964)  loss_bbox_aux_1: 0.0930 (0.0930)  loss_bbox_aux_2: 0.1038 (0.1038)  loss_bbox_dn_0: 0.0415 (0.0415)  loss_bbox_dn_1: 0.0347 (0.0347)  loss_bbox_dn_2: 0.0344 (0.0344)  loss_giou: 1.1675 (1.1675)  loss_giou_aux_0: 1.1958 (1.1958)  loss_giou_aux_1: 1.1669 (1.1669)  loss_giou_aux_2: 1.2576 (1.2576)  loss_giou_dn_0: 0.8471 (0.8471)  loss_giou_dn_1: 0.7796 (0.7796)  loss_giou_dn_2: 0.7778 (0.7778)  loss_vfl: 0.4305 (0.4305)  loss_vfl_aux_0: 0.4553 (0.4553)  loss_vfl_aux_1: 0.4442 (0.4442)  loss_vfl_aux_2: 0.4472 (0.4472)  loss_vfl_dn_0: 0.4438 (0.4438)  loss_vfl_dn_1: 0.4277 (0.4277)  loss_vfl_dn_2: 0.4218 (0.4218)  time: 6.0987  data: 2.5604  max mem: 9915
Epoch: [50]  [100/809]  eta: 0:12:53  lr: 0.000100  loss: 9.9500 (10.0801)  loss_bbox: 0.0794 (0.0870)  loss_bbox_aux_0: 0.0859 (0.0934)  loss_bbox_aux_1: 0.0808 (0.0886)  loss_bbox_aux_2: 0.1014 (0.1078)  loss_bbox_dn_0: 0.0543 (0.0553)  loss_bbox_dn_1: 0.0462 (0.0455)  loss_bbox_dn_2: 0.0450 (0.0444)  loss_giou: 0.8722 (0.9736)  loss_giou_aux_0: 0.9038 (0.9987)  loss_giou_aux_1: 0.8692 (0.9790)  loss_giou_aux_2: 0.9720 (1.0712)  loss_giou_dn_0: 0.7768 (0.7895)  loss_giou_dn_1: 0.7010 (0.7124)  loss_giou_dn_2: 0.6856 (0.7051)  loss_vfl: 0.5156 (0.4897)  loss_vfl_aux_0: 0.5276 (0.5009)  loss_vfl_aux_1: 0.5204 (0.4962)  loss_vfl_aux_2: 0.5438 (0.4968)  loss_vfl_dn_0: 0.4668 (0.4661)  loss_vfl_dn_1: 0.4482 (0.4420)  loss_vfl_dn_2: 0.4420 (0.4371)  time: 1.0230  data: 0.0316  max mem: 9915
Epoch: [50]  [200/809]  eta: 0:10:45  lr: 0.000100  loss: 10.1918 (10.1314)  loss_bbox: 0.0855 (0.0892)  loss_bbox_aux_0: 0.0902 (0.0954)  loss_bbox_aux_1: 0.0870 (0.0907)  loss_bbox_aux_2: 0.1039 (0.1095)  loss_bbox_dn_0: 0.0564 (0.0547)  loss_bbox_dn_1: 0.0464 (0.0451)  loss_bbox_dn_2: 0.0459 (0.0440)  loss_giou: 0.9647 (0.9885)  loss_giou_aux_0: 1.0105 (1.0148)  loss_giou_aux_1: 0.9780 (0.9960)  loss_giou_aux_2: 1.0674 (1.0837)  loss_giou_dn_0: 0.8000 (0.7936)  loss_giou_dn_1: 0.7201 (0.7164)  loss_giou_dn_2: 0.7106 (0.7088)  loss_vfl: 0.4917 (0.4832)  loss_vfl_aux_0: 0.4934 (0.4935)  loss_vfl_aux_1: 0.4940 (0.4896)  loss_vfl_aux_2: 0.5009 (0.4886)  loss_vfl_dn_0: 0.4641 (0.4656)  loss_vfl_dn_1: 0.4373 (0.4425)  loss_vfl_dn_2: 0.4327 (0.4377)  time: 1.0191  data: 0.0346  max mem: 9915
Epoch: [50]  [300/809]  eta: 0:08:55  lr: 0.000100  loss: 9.7356 (10.1385)  loss_bbox: 0.0791 (0.0928)  loss_bbox_aux_0: 0.0843 (0.0993)  loss_bbox_aux_1: 0.0783 (0.0945)  loss_bbox_aux_2: 0.1017 (0.1139)  loss_bbox_dn_0: 0.0531 (0.0551)  loss_bbox_dn_1: 0.0424 (0.0456)  loss_bbox_dn_2: 0.0417 (0.0446)  loss_giou: 0.8998 (0.9856)  loss_giou_aux_0: 0.9348 (1.0121)  loss_giou_aux_1: 0.9062 (0.9936)  loss_giou_aux_2: 0.9866 (1.0799)  loss_giou_dn_0: 0.7689 (0.7901)  loss_giou_dn_1: 0.6975 (0.7140)  loss_giou_dn_2: 0.6886 (0.7065)  loss_vfl: 0.5052 (0.4854)  loss_vfl_aux_0: 0.5131 (0.4960)  loss_vfl_aux_1: 0.5148 (0.4923)  loss_vfl_aux_2: 0.5095 (0.4906)  loss_vfl_dn_0: 0.4671 (0.4658)  loss_vfl_dn_1: 0.4416 (0.4430)  loss_vfl_dn_2: 0.4364 (0.4380)  time: 1.0021  data: 0.0280  max mem: 9915
Epoch: [50]  [400/809]  eta: 0:07:06  lr: 0.000100  loss: 10.5422 (10.1728)  loss_bbox: 0.0894 (0.0955)  loss_bbox_aux_0: 0.0930 (0.1020)  loss_bbox_aux_1: 0.0901 (0.0971)  loss_bbox_aux_2: 0.1110 (0.1168)  loss_bbox_dn_0: 0.0502 (0.0549)  loss_bbox_dn_1: 0.0415 (0.0454)  loss_bbox_dn_2: 0.0413 (0.0443)  loss_giou: 1.0929 (0.9912)  loss_giou_aux_0: 1.1230 (1.0169)  loss_giou_aux_1: 1.1064 (0.9990)  loss_giou_aux_2: 1.1747 (1.0850)  loss_giou_dn_0: 0.8127 (0.7932)  loss_giou_dn_1: 0.7409 (0.7165)  loss_giou_dn_2: 0.7366 (0.7090)  loss_vfl: 0.4692 (0.4842)  loss_vfl_aux_0: 0.4674 (0.4946)  loss_vfl_aux_1: 0.4732 (0.4914)  loss_vfl_aux_2: 0.4509 (0.4887)  loss_vfl_dn_0: 0.4585 (0.4658)  loss_vfl_dn_1: 0.4414 (0.4431)  loss_vfl_dn_2: 0.4326 (0.4383)  time: 0.9934  data: 0.0290  max mem: 9915
Epoch: [50]  [500/809]  eta: 0:05:21  lr: 0.000100  loss: 10.1005 (10.1846)  loss_bbox: 0.0954 (0.0965)  loss_bbox_aux_0: 0.1038 (0.1030)  loss_bbox_aux_1: 0.0965 (0.0982)  loss_bbox_aux_2: 0.1080 (0.1177)  loss_bbox_dn_0: 0.0507 (0.0548)  loss_bbox_dn_1: 0.0419 (0.0452)  loss_bbox_dn_2: 0.0403 (0.0442)  loss_giou: 0.9748 (0.9948)  loss_giou_aux_0: 0.9980 (1.0208)  loss_giou_aux_1: 0.9841 (1.0029)  loss_giou_aux_2: 1.0718 (1.0890)  loss_giou_dn_0: 0.7608 (0.7930)  loss_giou_dn_1: 0.6808 (0.7161)  loss_giou_dn_2: 0.6704 (0.7084)  loss_vfl: 0.4897 (0.4826)  loss_vfl_aux_0: 0.4847 (0.4933)  loss_vfl_aux_1: 0.4948 (0.4897)  loss_vfl_aux_2: 0.4930 (0.4876)  loss_vfl_dn_0: 0.4637 (0.4658)  loss_vfl_dn_1: 0.4426 (0.4430)  loss_vfl_dn_2: 0.4400 (0.4382)  time: 1.0436  data: 0.0301  max mem: 9915
Epoch: [50]  [600/809]  eta: 0:03:36  lr: 0.000100  loss: 10.1108 (10.1684)  loss_bbox: 0.0930 (0.0956)  loss_bbox_aux_0: 0.0968 (0.1018)  loss_bbox_aux_1: 0.0943 (0.0972)  loss_bbox_aux_2: 0.1014 (0.1166)  loss_bbox_dn_0: 0.0548 (0.0550)  loss_bbox_dn_1: 0.0443 (0.0454)  loss_bbox_dn_2: 0.0434 (0.0443)  loss_giou: 1.0038 (0.9911)  loss_giou_aux_0: 1.0181 (1.0173)  loss_giou_aux_1: 1.0010 (0.9992)  loss_giou_aux_2: 1.0670 (1.0855)  loss_giou_dn_0: 0.7693 (0.7921)  loss_giou_dn_1: 0.6789 (0.7148)  loss_giou_dn_2: 0.6762 (0.7072)  loss_vfl: 0.5011 (0.4836)  loss_vfl_aux_0: 0.5032 (0.4949)  loss_vfl_aux_1: 0.5066 (0.4910)  loss_vfl_aux_2: 0.5132 (0.4893)  loss_vfl_dn_0: 0.4593 (0.4658)  loss_vfl_dn_1: 0.4402 (0.4428)  loss_vfl_dn_2: 0.4337 (0.4379)  time: 0.9999  data: 0.0252  max mem: 9915
Epoch: [50]  [700/809]  eta: 0:01:53  lr: 0.000100  loss: 10.5941 (10.1832)  loss_bbox: 0.0927 (0.0957)  loss_bbox_aux_0: 0.1015 (0.1018)  loss_bbox_aux_1: 0.0973 (0.0973)  loss_bbox_aux_2: 0.1143 (0.1161)  loss_bbox_dn_0: 0.0508 (0.0551)  loss_bbox_dn_1: 0.0431 (0.0455)  loss_bbox_dn_2: 0.0425 (0.0444)  loss_giou: 1.0668 (0.9938)  loss_giou_aux_0: 1.1043 (1.0203)  loss_giou_aux_1: 1.0685 (1.0021)  loss_giou_aux_2: 1.1544 (1.0872)  loss_giou_dn_0: 0.8199 (0.7934)  loss_giou_dn_1: 0.7428 (0.7159)  loss_giou_dn_2: 0.7344 (0.7083)  loss_vfl: 0.4747 (0.4837)  loss_vfl_aux_0: 0.4814 (0.4947)  loss_vfl_aux_1: 0.4801 (0.4910)  loss_vfl_aux_2: 0.4787 (0.4897)  loss_vfl_dn_0: 0.4697 (0.4659)  loss_vfl_dn_1: 0.4444 (0.4432)  loss_vfl_dn_2: 0.4396 (0.4382)  time: 1.0276  data: 0.0276  max mem: 9915
Epoch: [50]  [800/809]  eta: 0:00:09  lr: 0.000100  loss: 9.9563 (10.1495)  loss_bbox: 0.0805 (0.0944)  loss_bbox_aux_0: 0.0866 (0.1004)  loss_bbox_aux_1: 0.0822 (0.0960)  loss_bbox_aux_2: 0.0982 (0.1145)  loss_bbox_dn_0: 0.0580 (0.0552)  loss_bbox_dn_1: 0.0462 (0.0455)  loss_bbox_dn_2: 0.0450 (0.0445)  loss_giou: 0.8975 (0.9860)  loss_giou_aux_0: 0.9309 (1.0125)  loss_giou_aux_1: 0.9054 (0.9941)  loss_giou_aux_2: 0.9995 (1.0797)  loss_giou_dn_0: 0.7682 (0.7903)  loss_giou_dn_1: 0.6882 (0.7130)  loss_giou_dn_2: 0.6801 (0.7052)  loss_vfl: 0.5453 (0.4865)  loss_vfl_aux_0: 0.5527 (0.4974)  loss_vfl_aux_1: 0.5452 (0.4935)  loss_vfl_aux_2: 0.5418 (0.4929)  loss_vfl_dn_0: 0.4739 (0.4665)  loss_vfl_dn_1: 0.4513 (0.4433)  loss_vfl_dn_2: 0.4447 (0.4382)  time: 1.0867  data: 0.0293  max mem: 9915
Epoch: [50]  [808/809]  eta: 0:00:01  lr: 0.000100  loss: 9.9047 (10.1482)  loss_bbox: 0.0732 (0.0943)  loss_bbox_aux_0: 0.0794 (0.1003)  loss_bbox_aux_1: 0.0767 (0.0959)  loss_bbox_aux_2: 0.0904 (0.1145)  loss_bbox_dn_0: 0.0540 (0.0552)  loss_bbox_dn_1: 0.0450 (0.0455)  loss_bbox_dn_2: 0.0442 (0.0444)  loss_giou: 0.8975 (0.9858)  loss_giou_aux_0: 0.9309 (1.0124)  loss_giou_aux_1: 0.8963 (0.9939)  loss_giou_aux_2: 0.9995 (1.0798)  loss_giou_dn_0: 0.7682 (0.7902)  loss_giou_dn_1: 0.6882 (0.7129)  loss_giou_dn_2: 0.6755 (0.7051)  loss_vfl: 0.5386 (0.4865)  loss_vfl_aux_0: 0.5489 (0.4974)  loss_vfl_aux_1: 0.5412 (0.4936)  loss_vfl_aux_2: 0.5556 (0.4929)  loss_vfl_dn_0: 0.4686 (0.4664)  loss_vfl_dn_1: 0.4415 (0.4432)  loss_vfl_dn_2: 0.4358 (0.4381)  time: 0.9961  data: 0.0281  max mem: 9915
Epoch: [50] Total time: 0:13:59 (1.0377 s / it)
Averaged stats: lr: 0.000100  loss: 9.9047 (10.1482)  loss_bbox: 0.0732 (0.0943)  loss_bbox_aux_0: 0.0794 (0.1003)  loss_bbox_aux_1: 0.0767 (0.0959)  loss_bbox_aux_2: 0.0904 (0.1145)  loss_bbox_dn_0: 0.0540 (0.0552)  loss_bbox_dn_1: 0.0450 (0.0455)  loss_bbox_dn_2: 0.0442 (0.0444)  loss_giou: 0.8975 (0.9858)  loss_giou_aux_0: 0.9309 (1.0124)  loss_giou_aux_1: 0.8963 (0.9939)  loss_giou_aux_2: 0.9995 (1.0798)  loss_giou_dn_0: 0.7682 (0.7902)  loss_giou_dn_1: 0.6882 (0.7129)  loss_giou_dn_2: 0.6755 (0.7051)  loss_vfl: 0.5386 (0.4865)  loss_vfl_aux_0: 0.5489 (0.4974)  loss_vfl_aux_1: 0.5412 (0.4936)  loss_vfl_aux_2: 0.5556 (0.4929)  loss_vfl_dn_0: 0.4686 (0.4664)  loss_vfl_dn_1: 0.4415 (0.4432)  loss_vfl_dn_2: 0.4358 (0.4381)
Test:  [ 0/69]  eta: 0:01:28    time: 1.2779  data: 0.6251  max mem: 9915
Test:  [10/69]  eta: 0:00:36    time: 0.6167  data: 0.0763  max mem: 9915
Test:  [20/69]  eta: 0:00:30    time: 0.5894  data: 0.0213  max mem: 9915
Test:  [30/69]  eta: 0:00:22    time: 0.5723  data: 0.0217  max mem: 9915
Test:  [40/69]  eta: 0:00:16    time: 0.5040  data: 0.0227  max mem: 9915
Test:  [50/69]  eta: 0:00:10    time: 0.4712  data: 0.0230  max mem: 9915
Test:  [60/69]  eta: 0:00:04    time: 0.4552  data: 0.0229  max mem: 9915
Test:  [68/69]  eta: 0:00:00    time: 0.4615  data: 0.0217  max mem: 9915
Test: Total time: 0:00:36 (0.5247 s / it)
Averaged stats: 
Accumulating evaluation results...
DONE (t=2.02s).
IoU metric: bbox
 Average Precision  (AP) @[ IoU=0.50:0.95 | area=   all | maxDets=100 ] = 0.212
 Average Precision  (AP) @[ IoU=0.50      | area=   all | maxDets=100 ] = 0.357
 Average Precision  (AP) @[ IoU=0.75      | area=   all | maxDets=100 ] = 0.216
 Average Precision  (AP) @[ IoU=0.50:0.95 | area= small | maxDets=100 ] = 0.128
 Average Precision  (AP) @[ IoU=0.50:0.95 | area=medium | maxDets=100 ] = 0.303
 Average Precision  (AP) @[ IoU=0.50:0.95 | area= large | maxDets=100 ] = 0.427
 Average Recall     (AR) @[ IoU=0.50:0.95 | area=   all | maxDets=  1 ] = 0.097
 Average Recall     (AR) @[ IoU=0.50:0.95 | area=   all | maxDets= 10 ] = 0.269
 Average Recall     (AR) @[ IoU=0.50:0.95 | area=   all | maxDets=100 ] = 0.364
 Average Recall     (AR) @[ IoU=0.50:0.95 | area= small | maxDets=100 ] = 0.269
 Average Recall     (AR) @[ IoU=0.50:0.95 | area=medium | maxDets=100 ] = 0.490
 Average Recall     (AR) @[ IoU=0.50:0.95 | area= large | maxDets=100 ] = 0.636
best_stat:  {'epoch': 50, 'coco_eval_bbox': 0.21246231785888595}
Epoch: [51]  [  0/809]  eta: 1:20:39  lr: 0.000100  loss: 11.2016 (11.2016)  loss_bbox: 0.1515 (0.1515)  loss_bbox_aux_0: 0.1743 (0.1743)  loss_bbox_aux_1: 0.1578 (0.1578)  loss_bbox_aux_2: 0.1726 (0.1726)  loss_bbox_dn_0: 0.0456 (0.0456)  loss_bbox_dn_1: 0.0370 (0.0370)  loss_bbox_dn_2: 0.0366 (0.0366)  loss_giou: 1.3375 (1.3375)  loss_giou_aux_0: 1.3161 (1.3161)  loss_giou_aux_1: 1.3332 (1.3332)  loss_giou_aux_2: 1.3197 (1.3197)  loss_giou_dn_0: 0.8717 (0.8717)  loss_giou_dn_1: 0.7955 (0.7955)  loss_giou_dn_2: 0.7924 (0.7924)  loss_vfl: 0.3385 (0.3385)  loss_vfl_aux_0: 0.3631 (0.3631)  loss_vfl_aux_1: 0.3487 (0.3487)  loss_vfl_aux_2: 0.3526 (0.3526)  loss_vfl_dn_0: 0.4436 (0.4436)  loss_vfl_dn_1: 0.4093 (0.4093)  loss_vfl_dn_2: 0.4045 (0.4045)  time: 5.9827  data: 4.2010  max mem: 9915
Epoch: [51]  [100/809]  eta: 0:12:35  lr: 0.000100  loss: 9.9501 (10.0311)  loss_bbox: 0.0741 (0.0894)  loss_bbox_aux_0: 0.0783 (0.0953)  loss_bbox_aux_1: 0.0750 (0.0907)  loss_bbox_aux_2: 0.0849 (0.1093)  loss_bbox_dn_0: 0.0577 (0.0582)  loss_bbox_dn_1: 0.0460 (0.0477)  loss_bbox_dn_2: 0.0439 (0.0465)  loss_giou: 0.9388 (0.9510)  loss_giou_aux_0: 0.9618 (0.9782)  loss_giou_aux_1: 0.9500 (0.9586)  loss_giou_aux_2: 1.0310 (1.0477)  loss_giou_dn_0: 0.7812 (0.7815)  loss_giou_dn_1: 0.6990 (0.7011)  loss_giou_dn_2: 0.6917 (0.6931)  loss_vfl: 0.4976 (0.5010)  loss_vfl_aux_0: 0.5127 (0.5129)  loss_vfl_aux_1: 0.5055 (0.5081)  loss_vfl_aux_2: 0.4993 (0.5088)  loss_vfl_dn_0: 0.4631 (0.4686)  loss_vfl_dn_1: 0.4443 (0.4447)  loss_vfl_dn_2: 0.4420 (0.4387)  time: 0.9739  data: 0.0255  max mem: 9915
Epoch: [51]  [200/809]  eta: 0:10:40  lr: 0.000100  loss: 10.1107 (10.1309)  loss_bbox: 0.0791 (0.0946)  loss_bbox_aux_0: 0.0819 (0.1004)  loss_bbox_aux_1: 0.0801 (0.0960)  loss_bbox_aux_2: 0.0968 (0.1142)  loss_bbox_dn_0: 0.0532 (0.0559)  loss_bbox_dn_1: 0.0439 (0.0460)  loss_bbox_dn_2: 0.0423 (0.0448)  loss_giou: 0.9113 (0.9786)  loss_giou_aux_0: 0.9372 (1.0060)  loss_giou_aux_1: 0.9136 (0.9869)  loss_giou_aux_2: 1.0129 (1.0735)  loss_giou_dn_0: 0.7643 (0.7879)  loss_giou_dn_1: 0.6952 (0.7094)  loss_giou_dn_2: 0.6896 (0.7015)  loss_vfl: 0.5004 (0.4899)  loss_vfl_aux_0: 0.5064 (0.5014)  loss_vfl_aux_1: 0.5140 (0.4969)  loss_vfl_aux_2: 0.5062 (0.4983)  loss_vfl_dn_0: 0.4685 (0.4670)  loss_vfl_dn_1: 0.4410 (0.4438)  loss_vfl_dn_2: 0.4340 (0.4381)  time: 1.0021  data: 0.0297  max mem: 9915
Epoch: [51]  [300/809]  eta: 0:08:52  lr: 0.000100  loss: 10.0201 (10.0989)  loss_bbox: 0.0871 (0.0921)  loss_bbox_aux_0: 0.0934 (0.0975)  loss_bbox_aux_1: 0.0883 (0.0934)  loss_bbox_aux_2: 0.1100 (0.1115)  loss_bbox_dn_0: 0.0622 (0.0559)  loss_bbox_dn_1: 0.0522 (0.0460)  loss_bbox_dn_2: 0.0501 (0.0449)  loss_giou: 0.9788 (0.9727)  loss_giou_aux_0: 0.9821 (0.9996)  loss_giou_aux_1: 0.9680 (0.9798)  loss_giou_aux_2: 1.0502 (1.0674)  loss_giou_dn_0: 0.7684 (0.7872)  loss_giou_dn_1: 0.6995 (0.7095)  loss_giou_dn_2: 0.6946 (0.7016)  loss_vfl: 0.4971 (0.4905)  loss_vfl_aux_0: 0.4884 (0.5026)  loss_vfl_aux_1: 0.4968 (0.4981)  loss_vfl_aux_2: 0.4829 (0.4992)  loss_vfl_dn_0: 0.4658 (0.4671)  loss_vfl_dn_1: 0.4450 (0.4440)  loss_vfl_dn_2: 0.4375 (0.4383)  time: 1.0226  data: 0.0281  max mem: 9915
Epoch: [51]  [400/809]  eta: 0:07:04  lr: 0.000100  loss: 9.8356 (10.1013)  loss_bbox: 0.0846 (0.0921)  loss_bbox_aux_0: 0.0907 (0.0975)  loss_bbox_aux_1: 0.0849 (0.0934)  loss_bbox_aux_2: 0.1079 (0.1116)  loss_bbox_dn_0: 0.0581 (0.0557)  loss_bbox_dn_1: 0.0468 (0.0458)  loss_bbox_dn_2: 0.0455 (0.0447)  loss_giou: 0.9325 (0.9744)  loss_giou_aux_0: 0.9678 (1.0016)  loss_giou_aux_1: 0.9319 (0.9813)  loss_giou_aux_2: 1.0346 (1.0707)  loss_giou_dn_0: 0.7712 (0.7873)  loss_giou_dn_1: 0.7047 (0.7095)  loss_giou_dn_2: 0.6990 (0.7014)  loss_vfl: 0.4730 (0.4894)  loss_vfl_aux_0: 0.4917 (0.5010)  loss_vfl_aux_1: 0.4867 (0.4974)  loss_vfl_aux_2: 0.4849 (0.4971)  loss_vfl_dn_0: 0.4705 (0.4673)  loss_vfl_dn_1: 0.4416 (0.4438)  loss_vfl_dn_2: 0.4371 (0.4383)  time: 1.0545  data: 0.0297  max mem: 9915
Epoch: [51]  [500/809]  eta: 0:05:20  lr: 0.000100  loss: 10.1610 (10.0960)  loss_bbox: 0.0934 (0.0923)  loss_bbox_aux_0: 0.0972 (0.0976)  loss_bbox_aux_1: 0.0944 (0.0936)  loss_bbox_aux_2: 0.1076 (0.1115)  loss_bbox_dn_0: 0.0566 (0.0554)  loss_bbox_dn_1: 0.0465 (0.0455)  loss_bbox_dn_2: 0.0448 (0.0444)  loss_giou: 0.9583 (0.9750)  loss_giou_aux_0: 0.9770 (1.0029)  loss_giou_aux_1: 0.9631 (0.9824)  loss_giou_aux_2: 1.0393 (1.0709)  loss_giou_dn_0: 0.7713 (0.7870)  loss_giou_dn_1: 0.7010 (0.7086)  loss_giou_dn_2: 0.6960 (0.7005)  loss_vfl: 0.4668 (0.4883)  loss_vfl_aux_0: 0.4799 (0.5000)  loss_vfl_aux_1: 0.4780 (0.4959)  loss_vfl_aux_2: 0.4862 (0.4967)  loss_vfl_dn_0: 0.4649 (0.4667)  loss_vfl_dn_1: 0.4455 (0.4432)  loss_vfl_dn_2: 0.4389 (0.4377)  time: 0.9483  data: 0.0256  max mem: 9915
Epoch: [51]  [600/809]  eta: 0:03:35  lr: 0.000100  loss: 10.1538 (10.1266)  loss_bbox: 0.0831 (0.0937)  loss_bbox_aux_0: 0.0922 (0.0993)  loss_bbox_aux_1: 0.0844 (0.0950)  loss_bbox_aux_2: 0.1068 (0.1131)  loss_bbox_dn_0: 0.0515 (0.0553)  loss_bbox_dn_1: 0.0434 (0.0455)  loss_bbox_dn_2: 0.0426 (0.0444)  loss_giou: 0.9989 (0.9821)  loss_giou_aux_0: 1.0201 (1.0099)  loss_giou_aux_1: 1.0054 (0.9897)  loss_giou_aux_2: 1.1021 (1.0774)  loss_giou_dn_0: 0.8031 (0.7895)  loss_giou_dn_1: 0.7290 (0.7111)  loss_giou_dn_2: 0.7273 (0.7030)  loss_vfl: 0.4532 (0.4857)  loss_vfl_aux_0: 0.4666 (0.4975)  loss_vfl_aux_1: 0.4633 (0.4932)  loss_vfl_aux_2: 0.4908 (0.4948)  loss_vfl_dn_0: 0.4611 (0.4661)  loss_vfl_dn_1: 0.4392 (0.4430)  loss_vfl_dn_2: 0.4318 (0.4375)  time: 1.0423  data: 0.0317  max mem: 9915
Epoch: [51]  [700/809]  eta: 0:01:52  lr: 0.000100  loss: 9.8286 (10.1184)  loss_bbox: 0.0733 (0.0934)  loss_bbox_aux_0: 0.0796 (0.0991)  loss_bbox_aux_1: 0.0743 (0.0947)  loss_bbox_aux_2: 0.0941 (0.1132)  loss_bbox_dn_0: 0.0525 (0.0555)  loss_bbox_dn_1: 0.0434 (0.0457)  loss_bbox_dn_2: 0.0430 (0.0445)  loss_giou: 0.8881 (0.9804)  loss_giou_aux_0: 0.9111 (1.0077)  loss_giou_aux_1: 0.8992 (0.9875)  loss_giou_aux_2: 1.0642 (1.0757)  loss_giou_dn_0: 0.7816 (0.7891)  loss_giou_dn_1: 0.7046 (0.7108)  loss_giou_dn_2: 0.6942 (0.7029)  loss_vfl: 0.4764 (0.4860)  loss_vfl_aux_0: 0.5038 (0.4976)  loss_vfl_aux_1: 0.4878 (0.4938)  loss_vfl_aux_2: 0.4584 (0.4947)  loss_vfl_dn_0: 0.4635 (0.4660)  loss_vfl_dn_1: 0.4436 (0.4428)  loss_vfl_dn_2: 0.4392 (0.4373)  time: 1.0640  data: 0.0283  max mem: 9915
Epoch: [51]  [800/809]  eta: 0:00:09  lr: 0.000100  loss: 10.1372 (10.1098)  loss_bbox: 0.0899 (0.0930)  loss_bbox_aux_0: 0.0914 (0.0987)  loss_bbox_aux_1: 0.0911 (0.0944)  loss_bbox_aux_2: 0.0998 (0.1129)  loss_bbox_dn_0: 0.0586 (0.0557)  loss_bbox_dn_1: 0.0464 (0.0459)  loss_bbox_dn_2: 0.0467 (0.0447)  loss_giou: 0.9115 (0.9787)  loss_giou_aux_0: 0.9280 (1.0060)  loss_giou_aux_1: 0.9164 (0.9857)  loss_giou_aux_2: 0.9814 (1.0742)  loss_giou_dn_0: 0.7809 (0.7880)  loss_giou_dn_1: 0.7071 (0.7103)  loss_giou_dn_2: 0.6830 (0.7023)  loss_vfl: 0.4985 (0.4863)  loss_vfl_aux_0: 0.5175 (0.4977)  loss_vfl_aux_1: 0.5027 (0.4937)  loss_vfl_aux_2: 0.5115 (0.4949)  loss_vfl_dn_0: 0.4629 (0.4663)  loss_vfl_dn_1: 0.4429 (0.4430)  loss_vfl_dn_2: 0.4372 (0.4375)  time: 1.0262  data: 0.0314  max mem: 9915
Epoch: [51]  [808/809]  eta: 0:00:01  lr: 0.000100  loss: 10.1372 (10.1120)  loss_bbox: 0.0821 (0.0931)  loss_bbox_aux_0: 0.0835 (0.0987)  loss_bbox_aux_1: 0.0829 (0.0944)  loss_bbox_aux_2: 0.0998 (0.1129)  loss_bbox_dn_0: 0.0539 (0.0556)  loss_bbox_dn_1: 0.0463 (0.0458)  loss_bbox_dn_2: 0.0453 (0.0447)  loss_giou: 0.9115 (0.9792)  loss_giou_aux_0: 0.9280 (1.0066)  loss_giou_aux_1: 0.9164 (0.9863)  loss_giou_aux_2: 0.9805 (1.0748)  loss_giou_dn_0: 0.7809 (0.7882)  loss_giou_dn_1: 0.7029 (0.7104)  loss_giou_dn_2: 0.6955 (0.7024)  loss_vfl: 0.4934 (0.4862)  loss_vfl_aux_0: 0.5028 (0.4976)  loss_vfl_aux_1: 0.4946 (0.4936)  loss_vfl_aux_2: 0.5007 (0.4947)  loss_vfl_dn_0: 0.4602 (0.4663)  loss_vfl_dn_1: 0.4427 (0.4429)  loss_vfl_dn_2: 0.4394 (0.4375)  time: 0.8975  data: 0.0238  max mem: 9915
Epoch: [51] Total time: 0:13:53 (1.0305 s / it)
Averaged stats: lr: 0.000100  loss: 10.1372 (10.1120)  loss_bbox: 0.0821 (0.0931)  loss_bbox_aux_0: 0.0835 (0.0987)  loss_bbox_aux_1: 0.0829 (0.0944)  loss_bbox_aux_2: 0.0998 (0.1129)  loss_bbox_dn_0: 0.0539 (0.0556)  loss_bbox_dn_1: 0.0463 (0.0458)  loss_bbox_dn_2: 0.0453 (0.0447)  loss_giou: 0.9115 (0.9792)  loss_giou_aux_0: 0.9280 (1.0066)  loss_giou_aux_1: 0.9164 (0.9863)  loss_giou_aux_2: 0.9805 (1.0748)  loss_giou_dn_0: 0.7809 (0.7882)  loss_giou_dn_1: 0.7029 (0.7104)  loss_giou_dn_2: 0.6955 (0.7024)  loss_vfl: 0.4934 (0.4862)  loss_vfl_aux_0: 0.5028 (0.4976)  loss_vfl_aux_1: 0.4946 (0.4936)  loss_vfl_aux_2: 0.5007 (0.4947)  loss_vfl_dn_0: 0.4602 (0.4663)  loss_vfl_dn_1: 0.4427 (0.4429)  loss_vfl_dn_2: 0.4394 (0.4375)
Test:  [ 0/69]  eta: 0:01:15    time: 1.1005  data: 0.5581  max mem: 9915
Test:  [10/69]  eta: 0:00:36    time: 0.6116  data: 0.0724  max mem: 9915
Test:  [20/69]  eta: 0:00:28    time: 0.5659  data: 0.0225  max mem: 9915
Test:  [30/69]  eta: 0:00:21    time: 0.5308  data: 0.0211  max mem: 9915
Test:  [40/69]  eta: 0:00:15    time: 0.4824  data: 0.0205  max mem: 9915
Test:  [50/69]  eta: 0:00:09    time: 0.4549  data: 0.0206  max mem: 9915
Test:  [60/69]  eta: 0:00:04    time: 0.4268  data: 0.0213  max mem: 9915
Test:  [68/69]  eta: 0:00:00    time: 0.4372  data: 0.0199  max mem: 9915
Test: Total time: 0:00:34 (0.4987 s / it)
Averaged stats: 
Accumulating evaluation results...
DONE (t=2.04s).
IoU metric: bbox
 Average Precision  (AP) @[ IoU=0.50:0.95 | area=   all | maxDets=100 ] = 0.214
 Average Precision  (AP) @[ IoU=0.50      | area=   all | maxDets=100 ] = 0.358
 Average Precision  (AP) @[ IoU=0.75      | area=   all | maxDets=100 ] = 0.219
 Average Precision  (AP) @[ IoU=0.50:0.95 | area= small | maxDets=100 ] = 0.129
 Average Precision  (AP) @[ IoU=0.50:0.95 | area=medium | maxDets=100 ] = 0.303
 Average Precision  (AP) @[ IoU=0.50:0.95 | area= large | maxDets=100 ] = 0.428
 Average Recall     (AR) @[ IoU=0.50:0.95 | area=   all | maxDets=  1 ] = 0.098
 Average Recall     (AR) @[ IoU=0.50:0.95 | area=   all | maxDets= 10 ] = 0.270
 Average Recall     (AR) @[ IoU=0.50:0.95 | area=   all | maxDets=100 ] = 0.366
 Average Recall     (AR) @[ IoU=0.50:0.95 | area= small | maxDets=100 ] = 0.270
 Average Recall     (AR) @[ IoU=0.50:0.95 | area=medium | maxDets=100 ] = 0.493
 Average Recall     (AR) @[ IoU=0.50:0.95 | area= large | maxDets=100 ] = 0.636
best_stat:  {'epoch': 51, 'coco_eval_bbox': 0.21374429159731984}
Epoch: [52]  [  0/809]  eta: 1:15:36  lr: 0.000100  loss: 8.8129 (8.8129)  loss_bbox: 0.0550 (0.0550)  loss_bbox_aux_0: 0.0577 (0.0577)  loss_bbox_aux_1: 0.0549 (0.0549)  loss_bbox_aux_2: 0.0706 (0.0706)  loss_bbox_dn_0: 0.0596 (0.0596)  loss_bbox_dn_1: 0.0413 (0.0413)  loss_bbox_dn_2: 0.0398 (0.0398)  loss_giou: 0.7122 (0.7122)  loss_giou_aux_0: 0.7556 (0.7556)  loss_giou_aux_1: 0.7327 (0.7327)  loss_giou_aux_2: 0.8149 (0.8149)  loss_giou_dn_0: 0.6786 (0.6786)  loss_giou_dn_1: 0.5794 (0.5794)  loss_giou_dn_2: 0.5708 (0.5708)  loss_vfl: 0.5493 (0.5493)  loss_vfl_aux_0: 0.5720 (0.5720)  loss_vfl_aux_1: 0.5663 (0.5663)  loss_vfl_aux_2: 0.5777 (0.5777)  loss_vfl_dn_0: 0.4714 (0.4714)  loss_vfl_dn_1: 0.4339 (0.4339)  loss_vfl_dn_2: 0.4192 (0.4192)  time: 5.6073  data: 3.2099  max mem: 9915
Epoch: [52]  [100/809]  eta: 0:12:37  lr: 0.000100  loss: 9.8892 (10.1097)  loss_bbox: 0.0741 (0.0869)  loss_bbox_aux_0: 0.0852 (0.0928)  loss_bbox_aux_1: 0.0777 (0.0887)  loss_bbox_aux_2: 0.0993 (0.1070)  loss_bbox_dn_0: 0.0531 (0.0544)  loss_bbox_dn_1: 0.0438 (0.0449)  loss_bbox_dn_2: 0.0429 (0.0438)  loss_giou: 0.9281 (0.9852)  loss_giou_aux_0: 0.9575 (1.0155)  loss_giou_aux_1: 0.9312 (0.9920)  loss_giou_aux_2: 1.0336 (1.0829)  loss_giou_dn_0: 0.7831 (0.7951)  loss_giou_dn_1: 0.6853 (0.7172)  loss_giou_dn_2: 0.6817 (0.7096)  loss_vfl: 0.5052 (0.4816)  loss_vfl_aux_0: 0.5048 (0.4935)  loss_vfl_aux_1: 0.5067 (0.4892)  loss_vfl_aux_2: 0.4950 (0.4882)  loss_vfl_dn_0: 0.4714 (0.4648)  loss_vfl_dn_1: 0.4483 (0.4409)  loss_vfl_dn_2: 0.4423 (0.4356)  time: 0.9469  data: 0.0257  max mem: 9915
Epoch: [52]  [200/809]  eta: 0:10:31  lr: 0.000100  loss: 9.8079 (10.0408)  loss_bbox: 0.0787 (0.0884)  loss_bbox_aux_0: 0.0812 (0.0935)  loss_bbox_aux_1: 0.0810 (0.0898)  loss_bbox_aux_2: 0.0995 (0.1078)  loss_bbox_dn_0: 0.0505 (0.0535)  loss_bbox_dn_1: 0.0419 (0.0440)  loss_bbox_dn_2: 0.0397 (0.0430)  loss_giou: 0.8830 (0.9709)  loss_giou_aux_0: 0.9157 (1.0000)  loss_giou_aux_1: 0.8952 (0.9775)  loss_giou_aux_2: 1.0246 (1.0672)  loss_giou_dn_0: 0.7685 (0.7852)  loss_giou_dn_1: 0.6935 (0.7071)  loss_giou_dn_2: 0.6883 (0.6997)  loss_vfl: 0.4886 (0.4859)  loss_vfl_aux_0: 0.4964 (0.4980)  loss_vfl_aux_1: 0.4935 (0.4930)  loss_vfl_aux_2: 0.4817 (0.4949)  loss_vfl_dn_0: 0.4638 (0.4648)  loss_vfl_dn_1: 0.4389 (0.4410)  loss_vfl_dn_2: 0.4357 (0.4356)  time: 1.0219  data: 0.0293  max mem: 9915
Epoch: [52]  [300/809]  eta: 0:08:44  lr: 0.000100  loss: 10.0202 (10.0239)  loss_bbox: 0.0735 (0.0877)  loss_bbox_aux_0: 0.0776 (0.0928)  loss_bbox_aux_1: 0.0738 (0.0891)  loss_bbox_aux_2: 0.0940 (0.1068)  loss_bbox_dn_0: 0.0498 (0.0537)  loss_bbox_dn_1: 0.0404 (0.0442)  loss_bbox_dn_2: 0.0385 (0.0431)  loss_giou: 0.9872 (0.9651)  loss_giou_aux_0: 1.0092 (0.9938)  loss_giou_aux_1: 0.9752 (0.9717)  loss_giou_aux_2: 1.0968 (1.0614)  loss_giou_dn_0: 0.7928 (0.7829)  loss_giou_dn_1: 0.7204 (0.7048)  loss_giou_dn_2: 0.7163 (0.6972)  loss_vfl: 0.4750 (0.4886)  loss_vfl_aux_0: 0.4868 (0.5017)  loss_vfl_aux_1: 0.4849 (0.4966)  loss_vfl_aux_2: 0.4747 (0.4986)  loss_vfl_dn_0: 0.4598 (0.4654)  loss_vfl_dn_1: 0.4453 (0.4421)  loss_vfl_dn_2: 0.4373 (0.4366)  time: 1.0200  data: 0.0280  max mem: 9915
Epoch: [52]  [400/809]  eta: 0:07:00  lr: 0.000100  loss: 10.2705 (10.0510)  loss_bbox: 0.0869 (0.0896)  loss_bbox_aux_0: 0.0930 (0.0946)  loss_bbox_aux_1: 0.0907 (0.0909)  loss_bbox_aux_2: 0.1047 (0.1086)  loss_bbox_dn_0: 0.0487 (0.0538)  loss_bbox_dn_1: 0.0368 (0.0442)  loss_bbox_dn_2: 0.0355 (0.0431)  loss_giou: 1.0404 (0.9700)  loss_giou_aux_0: 1.0516 (0.9979)  loss_giou_aux_1: 1.0415 (0.9764)  loss_giou_aux_2: 1.0931 (1.0661)  loss_giou_dn_0: 0.8188 (0.7847)  loss_giou_dn_1: 0.7294 (0.7071)  loss_giou_dn_2: 0.7235 (0.6993)  loss_vfl: 0.4634 (0.4876)  loss_vfl_aux_0: 0.4817 (0.5012)  loss_vfl_aux_1: 0.4648 (0.4956)  loss_vfl_aux_2: 0.4698 (0.4969)  loss_vfl_dn_0: 0.4676 (0.4652)  loss_vfl_dn_1: 0.4442 (0.4417)  loss_vfl_dn_2: 0.4375 (0.4364)  time: 1.0191  data: 0.0265  max mem: 9915
Epoch: [52]  [500/809]  eta: 0:05:17  lr: 0.000100  loss: 10.1231 (10.0382)  loss_bbox: 0.0868 (0.0907)  loss_bbox_aux_0: 0.0876 (0.0956)  loss_bbox_aux_1: 0.0857 (0.0919)  loss_bbox_aux_2: 0.1019 (0.1096)  loss_bbox_dn_0: 0.0562 (0.0544)  loss_bbox_dn_1: 0.0469 (0.0448)  loss_bbox_dn_2: 0.0449 (0.0436)  loss_giou: 0.9794 (0.9667)  loss_giou_aux_0: 0.9780 (0.9943)  loss_giou_aux_1: 0.9834 (0.9735)  loss_giou_aux_2: 1.0457 (1.0631)  loss_giou_dn_0: 0.7842 (0.7820)  loss_giou_dn_1: 0.7113 (0.7044)  loss_giou_dn_2: 0.7038 (0.6965)  loss_vfl: 0.4880 (0.4881)  loss_vfl_aux_0: 0.4920 (0.5016)  loss_vfl_aux_1: 0.4915 (0.4960)  loss_vfl_aux_2: 0.4826 (0.4975)  loss_vfl_dn_0: 0.4635 (0.4658)  loss_vfl_dn_1: 0.4401 (0.4418)  loss_vfl_dn_2: 0.4363 (0.4364)  time: 1.0148  data: 0.0263  max mem: 9915
Epoch: [52]  [600/809]  eta: 0:03:35  lr: 0.000100  loss: 9.7166 (10.0522)  loss_bbox: 0.0776 (0.0898)  loss_bbox_aux_0: 0.0819 (0.0948)  loss_bbox_aux_1: 0.0782 (0.0911)  loss_bbox_aux_2: 0.0963 (0.1088)  loss_bbox_dn_0: 0.0547 (0.0544)  loss_bbox_dn_1: 0.0437 (0.0448)  loss_bbox_dn_2: 0.0432 (0.0436)  loss_giou: 0.9184 (0.9703)  loss_giou_aux_0: 0.9305 (0.9975)  loss_giou_aux_1: 0.9088 (0.9768)  loss_giou_aux_2: 1.0071 (1.0656)  loss_giou_dn_0: 0.7915 (0.7853)  loss_giou_dn_1: 0.6792 (0.7069)  loss_giou_dn_2: 0.6680 (0.6991)  loss_vfl: 0.5000 (0.4874)  loss_vfl_aux_0: 0.5051 (0.5001)  loss_vfl_aux_1: 0.5105 (0.4953)  loss_vfl_aux_2: 0.4940 (0.4961)  loss_vfl_dn_0: 0.4667 (0.4656)  loss_vfl_dn_1: 0.4456 (0.4420)  loss_vfl_dn_2: 0.4406 (0.4366)  time: 1.0183  data: 0.0275  max mem: 9915
Epoch: [52]  [700/809]  eta: 0:01:51  lr: 0.000100  loss: 9.9195 (10.0545)  loss_bbox: 0.0787 (0.0904)  loss_bbox_aux_0: 0.0839 (0.0956)  loss_bbox_aux_1: 0.0806 (0.0917)  loss_bbox_aux_2: 0.0980 (0.1094)  loss_bbox_dn_0: 0.0525 (0.0545)  loss_bbox_dn_1: 0.0421 (0.0449)  loss_bbox_dn_2: 0.0416 (0.0438)  loss_giou: 0.9108 (0.9721)  loss_giou_aux_0: 0.9225 (0.9992)  loss_giou_aux_1: 0.9148 (0.9782)  loss_giou_aux_2: 1.0083 (1.0666)  loss_giou_dn_0: 0.7527 (0.7840)  loss_giou_dn_1: 0.6837 (0.7062)  loss_giou_dn_2: 0.6725 (0.6983)  loss_vfl: 0.5065 (0.4863)  loss_vfl_aux_0: 0.5098 (0.4988)  loss_vfl_aux_1: 0.4994 (0.4942)  loss_vfl_aux_2: 0.5043 (0.4953)  loss_vfl_dn_0: 0.4669 (0.4659)  loss_vfl_dn_1: 0.4434 (0.4423)  loss_vfl_dn_2: 0.4377 (0.4369)  time: 0.9564  data: 0.0263  max mem: 9915
Epoch: [52]  [800/809]  eta: 0:00:09  lr: 0.000100  loss: 10.1206 (10.0457)  loss_bbox: 0.0849 (0.0900)  loss_bbox_aux_0: 0.0874 (0.0952)  loss_bbox_aux_1: 0.0842 (0.0913)  loss_bbox_aux_2: 0.0986 (0.1088)  loss_bbox_dn_0: 0.0530 (0.0546)  loss_bbox_dn_1: 0.0428 (0.0449)  loss_bbox_dn_2: 0.0409 (0.0438)  loss_giou: 0.9741 (0.9707)  loss_giou_aux_0: 0.9976 (0.9977)  loss_giou_aux_1: 0.9787 (0.9764)  loss_giou_aux_2: 1.0668 (1.0649)  loss_giou_dn_0: 0.7644 (0.7839)  loss_giou_dn_1: 0.6977 (0.7059)  loss_giou_dn_2: 0.6940 (0.6981)  loss_vfl: 0.4776 (0.4863)  loss_vfl_aux_0: 0.4964 (0.4989)  loss_vfl_aux_1: 0.4840 (0.4941)  loss_vfl_aux_2: 0.4894 (0.4957)  loss_vfl_dn_0: 0.4624 (0.4657)  loss_vfl_dn_1: 0.4372 (0.4421)  loss_vfl_dn_2: 0.4327 (0.4368)  time: 1.0518  data: 0.0317  max mem: 9915
Epoch: [52]  [808/809]  eta: 0:00:01  lr: 0.000100  loss: 10.1667 (10.0443)  loss_bbox: 0.0836 (0.0899)  loss_bbox_aux_0: 0.0874 (0.0951)  loss_bbox_aux_1: 0.0842 (0.0912)  loss_bbox_aux_2: 0.1022 (0.1088)  loss_bbox_dn_0: 0.0494 (0.0545)  loss_bbox_dn_1: 0.0399 (0.0448)  loss_bbox_dn_2: 0.0391 (0.0437)  loss_giou: 0.9995 (0.9705)  loss_giou_aux_0: 1.0377 (0.9976)  loss_giou_aux_1: 1.0024 (0.9762)  loss_giou_aux_2: 1.1078 (1.0648)  loss_giou_dn_0: 0.8001 (0.7838)  loss_giou_dn_1: 0.7144 (0.7058)  loss_giou_dn_2: 0.7040 (0.6979)  loss_vfl: 0.4776 (0.4863)  loss_vfl_aux_0: 0.4837 (0.4988)  loss_vfl_aux_1: 0.4832 (0.4941)  loss_vfl_aux_2: 0.4655 (0.4957)  loss_vfl_dn_0: 0.4720 (0.4658)  loss_vfl_dn_1: 0.4433 (0.4421)  loss_vfl_dn_2: 0.4382 (0.4368)  time: 0.9013  data: 0.0270  max mem: 9915
Epoch: [52] Total time: 0:13:47 (1.0230 s / it)
Averaged stats: lr: 0.000100  loss: 10.1667 (10.0443)  loss_bbox: 0.0836 (0.0899)  loss_bbox_aux_0: 0.0874 (0.0951)  loss_bbox_aux_1: 0.0842 (0.0912)  loss_bbox_aux_2: 0.1022 (0.1088)  loss_bbox_dn_0: 0.0494 (0.0545)  loss_bbox_dn_1: 0.0399 (0.0448)  loss_bbox_dn_2: 0.0391 (0.0437)  loss_giou: 0.9995 (0.9705)  loss_giou_aux_0: 1.0377 (0.9976)  loss_giou_aux_1: 1.0024 (0.9762)  loss_giou_aux_2: 1.1078 (1.0648)  loss_giou_dn_0: 0.8001 (0.7838)  loss_giou_dn_1: 0.7144 (0.7058)  loss_giou_dn_2: 0.7040 (0.6979)  loss_vfl: 0.4776 (0.4863)  loss_vfl_aux_0: 0.4837 (0.4988)  loss_vfl_aux_1: 0.4832 (0.4941)  loss_vfl_aux_2: 0.4655 (0.4957)  loss_vfl_dn_0: 0.4720 (0.4658)  loss_vfl_dn_1: 0.4433 (0.4421)  loss_vfl_dn_2: 0.4382 (0.4368)
Test:  [ 0/69]  eta: 0:01:39    time: 1.4401  data: 0.8567  max mem: 9915
Test:  [10/69]  eta: 0:00:41    time: 0.7103  data: 0.0971  max mem: 9915
Test:  [20/69]  eta: 0:00:31    time: 0.5987  data: 0.0207  max mem: 9915
Test:  [30/69]  eta: 0:00:23    time: 0.5309  data: 0.0208  max mem: 9915
Test:  [40/69]  eta: 0:00:16    time: 0.4880  data: 0.0210  max mem: 9915
Test:  [50/69]  eta: 0:00:10    time: 0.4522  data: 0.0213  max mem: 9915
Test:  [60/69]  eta: 0:00:04    time: 0.4417  data: 0.0210  max mem: 9915
Test:  [68/69]  eta: 0:00:00    time: 0.4501  data: 0.0195  max mem: 9915
Test: Total time: 0:00:35 (0.5191 s / it)
Averaged stats: 
Accumulating evaluation results...
DONE (t=1.94s).
IoU metric: bbox
 Average Precision  (AP) @[ IoU=0.50:0.95 | area=   all | maxDets=100 ] = 0.215
 Average Precision  (AP) @[ IoU=0.50      | area=   all | maxDets=100 ] = 0.360
 Average Precision  (AP) @[ IoU=0.75      | area=   all | maxDets=100 ] = 0.219
 Average Precision  (AP) @[ IoU=0.50:0.95 | area= small | maxDets=100 ] = 0.129
 Average Precision  (AP) @[ IoU=0.50:0.95 | area=medium | maxDets=100 ] = 0.305
 Average Precision  (AP) @[ IoU=0.50:0.95 | area= large | maxDets=100 ] = 0.432
 Average Recall     (AR) @[ IoU=0.50:0.95 | area=   all | maxDets=  1 ] = 0.098
 Average Recall     (AR) @[ IoU=0.50:0.95 | area=   all | maxDets= 10 ] = 0.271
 Average Recall     (AR) @[ IoU=0.50:0.95 | area=   all | maxDets=100 ] = 0.367
 Average Recall     (AR) @[ IoU=0.50:0.95 | area= small | maxDets=100 ] = 0.271
 Average Recall     (AR) @[ IoU=0.50:0.95 | area=medium | maxDets=100 ] = 0.494
 Average Recall     (AR) @[ IoU=0.50:0.95 | area= large | maxDets=100 ] = 0.633
best_stat:  {'epoch': 52, 'coco_eval_bbox': 0.21475563721070773}
Epoch: [53]  [  0/809]  eta: 1:08:58  lr: 0.000100  loss: 8.8339 (8.8339)  loss_bbox: 0.0621 (0.0621)  loss_bbox_aux_0: 0.0741 (0.0741)  loss_bbox_aux_1: 0.0642 (0.0642)  loss_bbox_aux_2: 0.0869 (0.0869)  loss_bbox_dn_0: 0.0634 (0.0634)  loss_bbox_dn_1: 0.0483 (0.0483)  loss_bbox_dn_2: 0.0470 (0.0470)  loss_giou: 0.6856 (0.6856)  loss_giou_aux_0: 0.7306 (0.7306)  loss_giou_aux_1: 0.6951 (0.6951)  loss_giou_aux_2: 0.8269 (0.8269)  loss_giou_dn_0: 0.7011 (0.7011)  loss_giou_dn_1: 0.6131 (0.6131)  loss_giou_dn_2: 0.6054 (0.6054)  loss_vfl: 0.5381 (0.5381)  loss_vfl_aux_0: 0.5478 (0.5478)  loss_vfl_aux_1: 0.5417 (0.5417)  loss_vfl_aux_2: 0.5479 (0.5479)  loss_vfl_dn_0: 0.4730 (0.4730)  loss_vfl_dn_1: 0.4438 (0.4438)  loss_vfl_dn_2: 0.4379 (0.4379)  time: 5.1162  data: 2.3487  max mem: 9915
Epoch: [53]  [100/809]  eta: 0:12:49  lr: 0.000100  loss: 9.8927 (9.9543)  loss_bbox: 0.0799 (0.0866)  loss_bbox_aux_0: 0.0854 (0.0909)  loss_bbox_aux_1: 0.0817 (0.0882)  loss_bbox_aux_2: 0.1010 (0.1047)  loss_bbox_dn_0: 0.0520 (0.0551)  loss_bbox_dn_1: 0.0427 (0.0453)  loss_bbox_dn_2: 0.0411 (0.0442)  loss_giou: 0.9854 (0.9501)  loss_giou_aux_0: 1.0173 (0.9770)  loss_giou_aux_1: 0.9867 (0.9544)  loss_giou_aux_2: 1.0544 (1.0475)  loss_giou_dn_0: 0.7751 (0.7762)  loss_giou_dn_1: 0.7020 (0.6971)  loss_giou_dn_2: 0.6934 (0.6885)  loss_vfl: 0.4690 (0.4931)  loss_vfl_aux_0: 0.4833 (0.5054)  loss_vfl_aux_1: 0.4745 (0.5006)  loss_vfl_aux_2: 0.4755 (0.5034)  loss_vfl_dn_0: 0.4635 (0.4666)  loss_vfl_dn_1: 0.4399 (0.4423)  loss_vfl_dn_2: 0.4333 (0.4372)  time: 1.0195  data: 0.0248  max mem: 9915
Epoch: [53]  [200/809]  eta: 0:10:39  lr: 0.000100  loss: 9.6948 (10.0461)  loss_bbox: 0.0865 (0.0878)  loss_bbox_aux_0: 0.0894 (0.0926)  loss_bbox_aux_1: 0.0878 (0.0894)  loss_bbox_aux_2: 0.0991 (0.1065)  loss_bbox_dn_0: 0.0560 (0.0547)  loss_bbox_dn_1: 0.0469 (0.0450)  loss_bbox_dn_2: 0.0465 (0.0440)  loss_giou: 0.8902 (0.9713)  loss_giou_aux_0: 0.9252 (0.9985)  loss_giou_aux_1: 0.8943 (0.9763)  loss_giou_aux_2: 1.0213 (1.0667)  loss_giou_dn_0: 0.7598 (0.7860)  loss_giou_dn_1: 0.6766 (0.7074)  loss_giou_dn_2: 0.6712 (0.6990)  loss_vfl: 0.5116 (0.4875)  loss_vfl_aux_0: 0.5202 (0.4997)  loss_vfl_aux_1: 0.5159 (0.4947)  loss_vfl_aux_2: 0.4910 (0.4951)  loss_vfl_dn_0: 0.4681 (0.4658)  loss_vfl_dn_1: 0.4455 (0.4417)  loss_vfl_dn_2: 0.4351 (0.4365)  time: 1.0346  data: 0.0309  max mem: 9915
Epoch: [53]  [300/809]  eta: 0:08:51  lr: 0.000100  loss: 10.0042 (10.0432)  loss_bbox: 0.0806 (0.0882)  loss_bbox_aux_0: 0.0869 (0.0932)  loss_bbox_aux_1: 0.0820 (0.0897)  loss_bbox_aux_2: 0.0964 (0.1070)  loss_bbox_dn_0: 0.0513 (0.0551)  loss_bbox_dn_1: 0.0400 (0.0454)  loss_bbox_dn_2: 0.0393 (0.0443)  loss_giou: 0.9747 (0.9699)  loss_giou_aux_0: 1.0174 (0.9976)  loss_giou_aux_1: 0.9865 (0.9750)  loss_giou_aux_2: 1.0606 (1.0658)  loss_giou_dn_0: 0.8188 (0.7854)  loss_giou_dn_1: 0.7452 (0.7068)  loss_giou_dn_2: 0.7423 (0.6982)  loss_vfl: 0.4717 (0.4879)  loss_vfl_aux_0: 0.4800 (0.4997)  loss_vfl_aux_1: 0.4703 (0.4954)  loss_vfl_aux_2: 0.4764 (0.4954)  loss_vfl_dn_0: 0.4588 (0.4658)  loss_vfl_dn_1: 0.4360 (0.4415)  loss_vfl_dn_2: 0.4334 (0.4361)  time: 0.9926  data: 0.0298  max mem: 9915
Epoch: [53]  [400/809]  eta: 0:07:04  lr: 0.000100  loss: 9.8445 (10.0463)  loss_bbox: 0.0713 (0.0873)  loss_bbox_aux_0: 0.0761 (0.0924)  loss_bbox_aux_1: 0.0714 (0.0888)  loss_bbox_aux_2: 0.0903 (0.1063)  loss_bbox_dn_0: 0.0475 (0.0549)  loss_bbox_dn_1: 0.0408 (0.0452)  loss_bbox_dn_2: 0.0393 (0.0441)  loss_giou: 0.9349 (0.9712)  loss_giou_aux_0: 0.9837 (0.9988)  loss_giou_aux_1: 0.9429 (0.9762)  loss_giou_aux_2: 1.0697 (1.0681)  loss_giou_dn_0: 0.7759 (0.7863)  loss_giou_dn_1: 0.7070 (0.7087)  loss_giou_dn_2: 0.7030 (0.7002)  loss_vfl: 0.4561 (0.4869)  loss_vfl_aux_0: 0.4702 (0.4989)  loss_vfl_aux_1: 0.4637 (0.4947)  loss_vfl_aux_2: 0.4663 (0.4947)  loss_vfl_dn_0: 0.4653 (0.4657)  loss_vfl_dn_1: 0.4416 (0.4413)  loss_vfl_dn_2: 0.4344 (0.4357)  time: 1.0254  data: 0.0286  max mem: 9915
Epoch: [53]  [500/809]  eta: 0:05:18  lr: 0.000100  loss: 9.7790 (10.0463)  loss_bbox: 0.0816 (0.0884)  loss_bbox_aux_0: 0.0846 (0.0937)  loss_bbox_aux_1: 0.0844 (0.0900)  loss_bbox_aux_2: 0.0959 (0.1075)  loss_bbox_dn_0: 0.0522 (0.0547)  loss_bbox_dn_1: 0.0437 (0.0450)  loss_bbox_dn_2: 0.0434 (0.0439)  loss_giou: 0.9032 (0.9719)  loss_giou_aux_0: 0.9186 (0.9994)  loss_giou_aux_1: 0.9033 (0.9773)  loss_giou_aux_2: 0.9826 (1.0679)  loss_giou_dn_0: 0.7687 (0.7852)  loss_giou_dn_1: 0.6841 (0.7073)  loss_giou_dn_2: 0.6757 (0.6988)  loss_vfl: 0.4751 (0.4861)  loss_vfl_aux_0: 0.4972 (0.4979)  loss_vfl_aux_1: 0.4871 (0.4935)  loss_vfl_aux_2: 0.4991 (0.4942)  loss_vfl_dn_0: 0.4669 (0.4659)  loss_vfl_dn_1: 0.4477 (0.4416)  loss_vfl_dn_2: 0.4423 (0.4362)  time: 0.9581  data: 0.0270  max mem: 9915
Epoch: [53]  [600/809]  eta: 0:03:34  lr: 0.000100  loss: 10.1573 (10.0820)  loss_bbox: 0.0791 (0.0891)  loss_bbox_aux_0: 0.0874 (0.0947)  loss_bbox_aux_1: 0.0822 (0.0907)  loss_bbox_aux_2: 0.1057 (0.1090)  loss_bbox_dn_0: 0.0564 (0.0546)  loss_bbox_dn_1: 0.0473 (0.0449)  loss_bbox_dn_2: 0.0463 (0.0438)  loss_giou: 0.9879 (0.9793)  loss_giou_aux_0: 1.0108 (1.0063)  loss_giou_aux_1: 0.9956 (0.9849)  loss_giou_aux_2: 1.0903 (1.0740)  loss_giou_dn_0: 0.7943 (0.7885)  loss_giou_dn_1: 0.7142 (0.7101)  loss_giou_dn_2: 0.7073 (0.7017)  loss_vfl: 0.4816 (0.4848)  loss_vfl_aux_0: 0.5013 (0.4965)  loss_vfl_aux_1: 0.4974 (0.4921)  loss_vfl_aux_2: 0.4819 (0.4924)  loss_vfl_dn_0: 0.4628 (0.4659)  loss_vfl_dn_1: 0.4477 (0.4421)  loss_vfl_dn_2: 0.4401 (0.4368)  time: 0.9716  data: 0.0248  max mem: 9915
Epoch: [53]  [700/809]  eta: 0:01:51  lr: 0.000100  loss: 9.7311 (10.0694)  loss_bbox: 0.0769 (0.0894)  loss_bbox_aux_0: 0.0793 (0.0951)  loss_bbox_aux_1: 0.0757 (0.0911)  loss_bbox_aux_2: 0.0912 (0.1096)  loss_bbox_dn_0: 0.0570 (0.0546)  loss_bbox_dn_1: 0.0437 (0.0449)  loss_bbox_dn_2: 0.0415 (0.0438)  loss_giou: 0.8769 (0.9765)  loss_giou_aux_0: 0.9154 (1.0038)  loss_giou_aux_1: 0.8822 (0.9820)  loss_giou_aux_2: 0.9711 (1.0714)  loss_giou_dn_0: 0.7461 (0.7867)  loss_giou_dn_1: 0.6681 (0.7086)  loss_giou_dn_2: 0.6577 (0.7002)  loss_vfl: 0.5047 (0.4849)  loss_vfl_aux_0: 0.5186 (0.4965)  loss_vfl_aux_1: 0.5167 (0.4923)  loss_vfl_aux_2: 0.5263 (0.4931)  loss_vfl_dn_0: 0.4613 (0.4661)  loss_vfl_dn_1: 0.4380 (0.4420)  loss_vfl_dn_2: 0.4339 (0.4366)  time: 0.9710  data: 0.0277  max mem: 9915
Epoch: [53]  [800/809]  eta: 0:00:09  lr: 0.000100  loss: 10.4520 (10.0735)  loss_bbox: 0.1026 (0.0895)  loss_bbox_aux_0: 0.1017 (0.0952)  loss_bbox_aux_1: 0.1037 (0.0912)  loss_bbox_aux_2: 0.1181 (0.1098)  loss_bbox_dn_0: 0.0532 (0.0543)  loss_bbox_dn_1: 0.0439 (0.0447)  loss_bbox_dn_2: 0.0424 (0.0436)  loss_giou: 1.0853 (0.9792)  loss_giou_aux_0: 1.1139 (1.0063)  loss_giou_aux_1: 1.0907 (0.9846)  loss_giou_aux_2: 1.1776 (1.0733)  loss_giou_dn_0: 0.8151 (0.7871)  loss_giou_dn_1: 0.7386 (0.7093)  loss_giou_dn_2: 0.7339 (0.7010)  loss_vfl: 0.4585 (0.4830)  loss_vfl_aux_0: 0.4670 (0.4949)  loss_vfl_aux_1: 0.4695 (0.4905)  loss_vfl_aux_2: 0.4611 (0.4915)  loss_vfl_dn_0: 0.4684 (0.4659)  loss_vfl_dn_1: 0.4463 (0.4419)  loss_vfl_dn_2: 0.4421 (0.4365)  time: 0.9888  data: 0.0276  max mem: 9915
Epoch: [53]  [808/809]  eta: 0:00:01  lr: 0.000100  loss: 10.1364 (10.0698)  loss_bbox: 0.0846 (0.0898)  loss_bbox_aux_0: 0.0891 (0.0955)  loss_bbox_aux_1: 0.0842 (0.0914)  loss_bbox_aux_2: 0.1010 (0.1102)  loss_bbox_dn_0: 0.0552 (0.0544)  loss_bbox_dn_1: 0.0448 (0.0448)  loss_bbox_dn_2: 0.0436 (0.0437)  loss_giou: 0.9931 (0.9782)  loss_giou_aux_0: 1.0149 (1.0052)  loss_giou_aux_1: 0.9984 (0.9836)  loss_giou_aux_2: 1.0717 (1.0724)  loss_giou_dn_0: 0.7880 (0.7865)  loss_giou_dn_1: 0.7281 (0.7087)  loss_giou_dn_2: 0.7221 (0.7004)  loss_vfl: 0.4807 (0.4832)  loss_vfl_aux_0: 0.4962 (0.4951)  loss_vfl_aux_1: 0.4942 (0.4907)  loss_vfl_aux_2: 0.4912 (0.4918)  loss_vfl_dn_0: 0.4636 (0.4659)  loss_vfl_dn_1: 0.4397 (0.4418)  loss_vfl_dn_2: 0.4345 (0.4364)  time: 0.8210  data: 0.0229  max mem: 9915
Epoch: [53] Total time: 0:13:43 (1.0178 s / it)
Averaged stats: lr: 0.000100  loss: 10.1364 (10.0698)  loss_bbox: 0.0846 (0.0898)  loss_bbox_aux_0: 0.0891 (0.0955)  loss_bbox_aux_1: 0.0842 (0.0914)  loss_bbox_aux_2: 0.1010 (0.1102)  loss_bbox_dn_0: 0.0552 (0.0544)  loss_bbox_dn_1: 0.0448 (0.0448)  loss_bbox_dn_2: 0.0436 (0.0437)  loss_giou: 0.9931 (0.9782)  loss_giou_aux_0: 1.0149 (1.0052)  loss_giou_aux_1: 0.9984 (0.9836)  loss_giou_aux_2: 1.0717 (1.0724)  loss_giou_dn_0: 0.7880 (0.7865)  loss_giou_dn_1: 0.7281 (0.7087)  loss_giou_dn_2: 0.7221 (0.7004)  loss_vfl: 0.4807 (0.4832)  loss_vfl_aux_0: 0.4962 (0.4951)  loss_vfl_aux_1: 0.4942 (0.4907)  loss_vfl_aux_2: 0.4912 (0.4918)  loss_vfl_dn_0: 0.4636 (0.4659)  loss_vfl_dn_1: 0.4397 (0.4418)  loss_vfl_dn_2: 0.4345 (0.4364)
Test:  [ 0/69]  eta: 0:01:20    time: 1.1732  data: 0.6340  max mem: 9915
Test:  [10/69]  eta: 0:00:34    time: 0.5864  data: 0.0739  max mem: 9915
Test:  [20/69]  eta: 0:00:28    time: 0.5523  data: 0.0193  max mem: 9915
Test:  [30/69]  eta: 0:00:21    time: 0.5412  data: 0.0204  max mem: 9915
Test:  [40/69]  eta: 0:00:15    time: 0.4890  data: 0.0212  max mem: 9915
Test:  [50/69]  eta: 0:00:09    time: 0.4580  data: 0.0212  max mem: 9915
Test:  [60/69]  eta: 0:00:04    time: 0.4271  data: 0.0195  max mem: 9915
Test:  [68/69]  eta: 0:00:00    time: 0.4289  data: 0.0185  max mem: 9915
Test: Total time: 0:00:34 (0.4975 s / it)
Averaged stats: 
Accumulating evaluation results...
DONE (t=1.89s).
IoU metric: bbox
 Average Precision  (AP) @[ IoU=0.50:0.95 | area=   all | maxDets=100 ] = 0.216
 Average Precision  (AP) @[ IoU=0.50      | area=   all | maxDets=100 ] = 0.362
 Average Precision  (AP) @[ IoU=0.75      | area=   all | maxDets=100 ] = 0.219
 Average Precision  (AP) @[ IoU=0.50:0.95 | area= small | maxDets=100 ] = 0.131
 Average Precision  (AP) @[ IoU=0.50:0.95 | area=medium | maxDets=100 ] = 0.306
 Average Precision  (AP) @[ IoU=0.50:0.95 | area= large | maxDets=100 ] = 0.429
 Average Recall     (AR) @[ IoU=0.50:0.95 | area=   all | maxDets=  1 ] = 0.098
 Average Recall     (AR) @[ IoU=0.50:0.95 | area=   all | maxDets= 10 ] = 0.271
 Average Recall     (AR) @[ IoU=0.50:0.95 | area=   all | maxDets=100 ] = 0.368
 Average Recall     (AR) @[ IoU=0.50:0.95 | area= small | maxDets=100 ] = 0.272
 Average Recall     (AR) @[ IoU=0.50:0.95 | area=medium | maxDets=100 ] = 0.494
 Average Recall     (AR) @[ IoU=0.50:0.95 | area= large | maxDets=100 ] = 0.632
best_stat:  {'epoch': 53, 'coco_eval_bbox': 0.21578454531814498}
Epoch: [54]  [  0/809]  eta: 1:21:50  lr: 0.000100  loss: 11.1540 (11.1540)  loss_bbox: 0.0884 (0.0884)  loss_bbox_aux_0: 0.0938 (0.0938)  loss_bbox_aux_1: 0.0913 (0.0913)  loss_bbox_aux_2: 0.1161 (0.1161)  loss_bbox_dn_0: 0.0511 (0.0511)  loss_bbox_dn_1: 0.0448 (0.0448)  loss_bbox_dn_2: 0.0443 (0.0443)  loss_giou: 1.0788 (1.0788)  loss_giou_aux_0: 1.0818 (1.0818)  loss_giou_aux_1: 1.0794 (1.0794)  loss_giou_aux_2: 1.1224 (1.1224)  loss_giou_dn_0: 0.8320 (0.8320)  loss_giou_dn_1: 0.7679 (0.7679)  loss_giou_dn_2: 0.7597 (0.7597)  loss_vfl: 0.6419 (0.6419)  loss_vfl_aux_0: 0.6276 (0.6276)  loss_vfl_aux_1: 0.6411 (0.6411)  loss_vfl_aux_2: 0.5712 (0.5712)  loss_vfl_dn_0: 0.4963 (0.4963)  loss_vfl_dn_1: 0.4667 (0.4667)  loss_vfl_dn_2: 0.4573 (0.4573)  time: 6.0700  data: 4.3653  max mem: 9915
Epoch: [54]  [100/809]  eta: 0:12:51  lr: 0.000100  loss: 10.2302 (10.0980)  loss_bbox: 0.0845 (0.0915)  loss_bbox_aux_0: 0.0917 (0.0980)  loss_bbox_aux_1: 0.0861 (0.0931)  loss_bbox_aux_2: 0.1047 (0.1136)  loss_bbox_dn_0: 0.0487 (0.0537)  loss_bbox_dn_1: 0.0412 (0.0435)  loss_bbox_dn_2: 0.0403 (0.0424)  loss_giou: 1.0055 (0.9887)  loss_giou_aux_0: 1.0278 (1.0204)  loss_giou_aux_1: 1.0103 (0.9966)  loss_giou_aux_2: 1.0847 (1.0789)  loss_giou_dn_0: 0.8066 (0.7888)  loss_giou_dn_1: 0.7275 (0.7056)  loss_giou_dn_2: 0.7168 (0.6974)  loss_vfl: 0.4835 (0.4786)  loss_vfl_aux_0: 0.4994 (0.4891)  loss_vfl_aux_1: 0.4902 (0.4857)  loss_vfl_aux_2: 0.4974 (0.4883)  loss_vfl_dn_0: 0.4637 (0.4653)  loss_vfl_dn_1: 0.4439 (0.4425)  loss_vfl_dn_2: 0.4376 (0.4363)  time: 1.0011  data: 0.0327  max mem: 9915
Epoch: [54]  [200/809]  eta: 0:10:35  lr: 0.000100  loss: 9.8599 (10.0346)  loss_bbox: 0.0829 (0.0929)  loss_bbox_aux_0: 0.0877 (0.0989)  loss_bbox_aux_1: 0.0863 (0.0944)  loss_bbox_aux_2: 0.1031 (0.1138)  loss_bbox_dn_0: 0.0567 (0.0549)  loss_bbox_dn_1: 0.0464 (0.0450)  loss_bbox_dn_2: 0.0451 (0.0438)  loss_giou: 0.9078 (0.9733)  loss_giou_aux_0: 0.9591 (1.0014)  loss_giou_aux_1: 0.9265 (0.9815)  loss_giou_aux_2: 1.0082 (1.0636)  loss_giou_dn_0: 0.7555 (0.7814)  loss_giou_dn_1: 0.6886 (0.7014)  loss_giou_dn_2: 0.6822 (0.6933)  loss_vfl: 0.5104 (0.4802)  loss_vfl_aux_0: 0.5301 (0.4930)  loss_vfl_aux_1: 0.5194 (0.4874)  loss_vfl_aux_2: 0.5177 (0.4916)  loss_vfl_dn_0: 0.4673 (0.4654)  loss_vfl_dn_1: 0.4442 (0.4417)  loss_vfl_dn_2: 0.4400 (0.4359)  time: 1.0024  data: 0.0277  max mem: 9915
Epoch: [54]  [300/809]  eta: 0:08:47  lr: 0.000100  loss: 10.0788 (10.0318)  loss_bbox: 0.0874 (0.0918)  loss_bbox_aux_0: 0.0888 (0.0974)  loss_bbox_aux_1: 0.0869 (0.0936)  loss_bbox_aux_2: 0.1056 (0.1120)  loss_bbox_dn_0: 0.0496 (0.0549)  loss_bbox_dn_1: 0.0415 (0.0451)  loss_bbox_dn_2: 0.0410 (0.0440)  loss_giou: 0.9808 (0.9708)  loss_giou_aux_0: 1.0044 (0.9992)  loss_giou_aux_1: 0.9734 (0.9791)  loss_giou_aux_2: 1.0599 (1.0600)  loss_giou_dn_0: 0.7650 (0.7810)  loss_giou_dn_1: 0.7016 (0.7018)  loss_giou_dn_2: 0.6933 (0.6938)  loss_vfl: 0.4741 (0.4828)  loss_vfl_aux_0: 0.4922 (0.4954)  loss_vfl_aux_1: 0.4756 (0.4898)  loss_vfl_aux_2: 0.4827 (0.4946)  loss_vfl_dn_0: 0.4709 (0.4661)  loss_vfl_dn_1: 0.4423 (0.4422)  loss_vfl_dn_2: 0.4312 (0.4364)  time: 1.0116  data: 0.0279  max mem: 9915
Epoch: [54]  [400/809]  eta: 0:07:02  lr: 0.000100  loss: 10.1816 (10.0202)  loss_bbox: 0.1010 (0.0918)  loss_bbox_aux_0: 0.1073 (0.0974)  loss_bbox_aux_1: 0.1057 (0.0936)  loss_bbox_aux_2: 0.1192 (0.1121)  loss_bbox_dn_0: 0.0576 (0.0550)  loss_bbox_dn_1: 0.0467 (0.0451)  loss_bbox_dn_2: 0.0460 (0.0439)  loss_giou: 1.0173 (0.9687)  loss_giou_aux_0: 1.0438 (0.9968)  loss_giou_aux_1: 1.0196 (0.9764)  loss_giou_aux_2: 1.1263 (1.0589)  loss_giou_dn_0: 0.7727 (0.7786)  loss_giou_dn_1: 0.6989 (0.6995)  loss_giou_dn_2: 0.6936 (0.6912)  loss_vfl: 0.4823 (0.4836)  loss_vfl_aux_0: 0.4933 (0.4966)  loss_vfl_aux_1: 0.4860 (0.4908)  loss_vfl_aux_2: 0.4884 (0.4953)  loss_vfl_dn_0: 0.4682 (0.4664)  loss_vfl_dn_1: 0.4397 (0.4421)  loss_vfl_dn_2: 0.4326 (0.4364)  time: 0.9993  data: 0.0297  max mem: 9915
Epoch: [54]  [500/809]  eta: 0:05:18  lr: 0.000100  loss: 9.3166 (10.0021)  loss_bbox: 0.0723 (0.0909)  loss_bbox_aux_0: 0.0788 (0.0961)  loss_bbox_aux_1: 0.0727 (0.0926)  loss_bbox_aux_2: 0.0905 (0.1104)  loss_bbox_dn_0: 0.0458 (0.0550)  loss_bbox_dn_1: 0.0381 (0.0451)  loss_bbox_dn_2: 0.0375 (0.0440)  loss_giou: 0.8356 (0.9647)  loss_giou_aux_0: 0.8771 (0.9919)  loss_giou_aux_1: 0.8412 (0.9719)  loss_giou_aux_2: 0.9408 (1.0546)  loss_giou_dn_0: 0.7307 (0.7778)  loss_giou_dn_1: 0.6408 (0.6989)  loss_giou_dn_2: 0.6317 (0.6906)  loss_vfl: 0.4926 (0.4851)  loss_vfl_aux_0: 0.5068 (0.4981)  loss_vfl_aux_1: 0.5088 (0.4923)  loss_vfl_aux_2: 0.5171 (0.4973)  loss_vfl_dn_0: 0.4677 (0.4665)  loss_vfl_dn_1: 0.4408 (0.4420)  loss_vfl_dn_2: 0.4310 (0.4361)  time: 1.0288  data: 0.0252  max mem: 9915
Epoch: [54]  [600/809]  eta: 0:03:34  lr: 0.000100  loss: 9.9068 (10.0040)  loss_bbox: 0.0780 (0.0901)  loss_bbox_aux_0: 0.0814 (0.0953)  loss_bbox_aux_1: 0.0805 (0.0917)  loss_bbox_aux_2: 0.0918 (0.1098)  loss_bbox_dn_0: 0.0468 (0.0549)  loss_bbox_dn_1: 0.0393 (0.0451)  loss_bbox_dn_2: 0.0383 (0.0440)  loss_giou: 0.9914 (0.9647)  loss_giou_aux_0: 1.0126 (0.9922)  loss_giou_aux_1: 0.9935 (0.9719)  loss_giou_aux_2: 1.0621 (1.0560)  loss_giou_dn_0: 0.7988 (0.7795)  loss_giou_dn_1: 0.7154 (0.7006)  loss_giou_dn_2: 0.7095 (0.6923)  loss_vfl: 0.4729 (0.4851)  loss_vfl_aux_0: 0.4834 (0.4981)  loss_vfl_aux_1: 0.4792 (0.4922)  loss_vfl_aux_2: 0.4868 (0.4966)  loss_vfl_dn_0: 0.4558 (0.4661)  loss_vfl_dn_1: 0.4345 (0.4418)  loss_vfl_dn_2: 0.4292 (0.4361)  time: 1.0108  data: 0.0303  max mem: 9915
Epoch: [54]  [700/809]  eta: 0:01:51  lr: 0.000100  loss: 10.3830 (10.0268)  loss_bbox: 0.0922 (0.0911)  loss_bbox_aux_0: 0.0941 (0.0966)  loss_bbox_aux_1: 0.0913 (0.0929)  loss_bbox_aux_2: 0.1173 (0.1114)  loss_bbox_dn_0: 0.0467 (0.0546)  loss_bbox_dn_1: 0.0388 (0.0449)  loss_bbox_dn_2: 0.0382 (0.0438)  loss_giou: 1.0480 (0.9694)  loss_giou_aux_0: 1.0748 (0.9967)  loss_giou_aux_1: 1.0622 (0.9764)  loss_giou_aux_2: 1.1582 (1.0608)  loss_giou_dn_0: 0.8021 (0.7807)  loss_giou_dn_1: 0.7319 (0.7023)  loss_giou_dn_2: 0.7282 (0.6941)  loss_vfl: 0.4542 (0.4840)  loss_vfl_aux_0: 0.4597 (0.4971)  loss_vfl_aux_1: 0.4549 (0.4912)  loss_vfl_aux_2: 0.4645 (0.4953)  loss_vfl_dn_0: 0.4606 (0.4658)  loss_vfl_dn_1: 0.4450 (0.4417)  loss_vfl_dn_2: 0.4399 (0.4360)  time: 0.9972  data: 0.0277  max mem: 9915
Epoch: [54]  [800/809]  eta: 0:00:09  lr: 0.000100  loss: 9.4292 (10.0202)  loss_bbox: 0.0731 (0.0905)  loss_bbox_aux_0: 0.0797 (0.0962)  loss_bbox_aux_1: 0.0762 (0.0923)  loss_bbox_aux_2: 0.0952 (0.1111)  loss_bbox_dn_0: 0.0494 (0.0546)  loss_bbox_dn_1: 0.0399 (0.0449)  loss_bbox_dn_2: 0.0389 (0.0438)  loss_giou: 0.8619 (0.9682)  loss_giou_aux_0: 0.9223 (0.9953)  loss_giou_aux_1: 0.8681 (0.9751)  loss_giou_aux_2: 0.9890 (1.0601)  loss_giou_dn_0: 0.7303 (0.7797)  loss_giou_dn_1: 0.6468 (0.7017)  loss_giou_dn_2: 0.6383 (0.6936)  loss_vfl: 0.4972 (0.4846)  loss_vfl_aux_0: 0.5170 (0.4974)  loss_vfl_aux_1: 0.5121 (0.4920)  loss_vfl_aux_2: 0.5158 (0.4953)  loss_vfl_dn_0: 0.4611 (0.4658)  loss_vfl_dn_1: 0.4352 (0.4418)  loss_vfl_dn_2: 0.4279 (0.4360)  time: 0.9886  data: 0.0284  max mem: 9915
Epoch: [54]  [808/809]  eta: 0:00:01  lr: 0.000100  loss: 9.7742 (10.0194)  loss_bbox: 0.0726 (0.0904)  loss_bbox_aux_0: 0.0744 (0.0960)  loss_bbox_aux_1: 0.0716 (0.0921)  loss_bbox_aux_2: 0.0878 (0.1109)  loss_bbox_dn_0: 0.0485 (0.0545)  loss_bbox_dn_1: 0.0399 (0.0448)  loss_bbox_dn_2: 0.0387 (0.0438)  loss_giou: 0.9059 (0.9682)  loss_giou_aux_0: 0.9233 (0.9953)  loss_giou_aux_1: 0.9047 (0.9752)  loss_giou_aux_2: 0.9948 (1.0602)  loss_giou_dn_0: 0.7660 (0.7798)  loss_giou_dn_1: 0.6801 (0.7018)  loss_giou_dn_2: 0.6742 (0.6936)  loss_vfl: 0.5162 (0.4846)  loss_vfl_aux_0: 0.5214 (0.4974)  loss_vfl_aux_1: 0.5212 (0.4920)  loss_vfl_aux_2: 0.5198 (0.4953)  loss_vfl_dn_0: 0.4627 (0.4658)  loss_vfl_dn_1: 0.4368 (0.4418)  loss_vfl_dn_2: 0.4289 (0.4359)  time: 0.8588  data: 0.0232  max mem: 9915
Epoch: [54] Total time: 0:13:43 (1.0178 s / it)
Averaged stats: lr: 0.000100  loss: 9.7742 (10.0194)  loss_bbox: 0.0726 (0.0904)  loss_bbox_aux_0: 0.0744 (0.0960)  loss_bbox_aux_1: 0.0716 (0.0921)  loss_bbox_aux_2: 0.0878 (0.1109)  loss_bbox_dn_0: 0.0485 (0.0545)  loss_bbox_dn_1: 0.0399 (0.0448)  loss_bbox_dn_2: 0.0387 (0.0438)  loss_giou: 0.9059 (0.9682)  loss_giou_aux_0: 0.9233 (0.9953)  loss_giou_aux_1: 0.9047 (0.9752)  loss_giou_aux_2: 0.9948 (1.0602)  loss_giou_dn_0: 0.7660 (0.7798)  loss_giou_dn_1: 0.6801 (0.7018)  loss_giou_dn_2: 0.6742 (0.6936)  loss_vfl: 0.5162 (0.4846)  loss_vfl_aux_0: 0.5214 (0.4974)  loss_vfl_aux_1: 0.5212 (0.4920)  loss_vfl_aux_2: 0.5198 (0.4953)  loss_vfl_dn_0: 0.4627 (0.4658)  loss_vfl_dn_1: 0.4368 (0.4418)  loss_vfl_dn_2: 0.4289 (0.4359)
Test:  [ 0/69]  eta: 0:01:38    time: 1.4299  data: 0.8100  max mem: 9915
Test:  [10/69]  eta: 0:00:40    time: 0.6889  data: 0.0933  max mem: 9915
Test:  [20/69]  eta: 0:00:30    time: 0.5923  data: 0.0205  max mem: 9915
Test:  [30/69]  eta: 0:00:23    time: 0.5399  data: 0.0201  max mem: 9915
Test:  [40/69]  eta: 0:00:16    time: 0.4982  data: 0.0207  max mem: 9915
Test:  [50/69]  eta: 0:00:10    time: 0.4639  data: 0.0209  max mem: 9915
Test:  [60/69]  eta: 0:00:04    time: 0.4290  data: 0.0209  max mem: 9915
Test:  [68/69]  eta: 0:00:00    time: 0.4338  data: 0.0190  max mem: 9915
Test: Total time: 0:00:35 (0.5163 s / it)
Averaged stats: 
Accumulating evaluation results...
DONE (t=1.92s).
IoU metric: bbox
 Average Precision  (AP) @[ IoU=0.50:0.95 | area=   all | maxDets=100 ] = 0.216
 Average Precision  (AP) @[ IoU=0.50      | area=   all | maxDets=100 ] = 0.362
 Average Precision  (AP) @[ IoU=0.75      | area=   all | maxDets=100 ] = 0.220
 Average Precision  (AP) @[ IoU=0.50:0.95 | area= small | maxDets=100 ] = 0.131
 Average Precision  (AP) @[ IoU=0.50:0.95 | area=medium | maxDets=100 ] = 0.308
 Average Precision  (AP) @[ IoU=0.50:0.95 | area= large | maxDets=100 ] = 0.426
 Average Recall     (AR) @[ IoU=0.50:0.95 | area=   all | maxDets=  1 ] = 0.099
 Average Recall     (AR) @[ IoU=0.50:0.95 | area=   all | maxDets= 10 ] = 0.272
 Average Recall     (AR) @[ IoU=0.50:0.95 | area=   all | maxDets=100 ] = 0.369
 Average Recall     (AR) @[ IoU=0.50:0.95 | area= small | maxDets=100 ] = 0.273
 Average Recall     (AR) @[ IoU=0.50:0.95 | area=medium | maxDets=100 ] = 0.496
 Average Recall     (AR) @[ IoU=0.50:0.95 | area= large | maxDets=100 ] = 0.625
best_stat:  {'epoch': 54, 'coco_eval_bbox': 0.21647197346834726}
Epoch: [55]  [  0/809]  eta: 1:10:23  lr: 0.000100  loss: 9.2102 (9.2102)  loss_bbox: 0.0648 (0.0648)  loss_bbox_aux_0: 0.0694 (0.0694)  loss_bbox_aux_1: 0.0641 (0.0641)  loss_bbox_aux_2: 0.0806 (0.0806)  loss_bbox_dn_0: 0.0629 (0.0629)  loss_bbox_dn_1: 0.0462 (0.0462)  loss_bbox_dn_2: 0.0447 (0.0447)  loss_giou: 0.7933 (0.7933)  loss_giou_aux_0: 0.8068 (0.8068)  loss_giou_aux_1: 0.7889 (0.7889)  loss_giou_aux_2: 0.8733 (0.8733)  loss_giou_dn_0: 0.7540 (0.7540)  loss_giou_dn_1: 0.6413 (0.6413)  loss_giou_dn_2: 0.6322 (0.6322)  loss_vfl: 0.5199 (0.5199)  loss_vfl_aux_0: 0.5457 (0.5457)  loss_vfl_aux_1: 0.5304 (0.5304)  loss_vfl_aux_2: 0.5598 (0.5598)  loss_vfl_dn_0: 0.4622 (0.4622)  loss_vfl_dn_1: 0.4407 (0.4407)  loss_vfl_dn_2: 0.4293 (0.4293)  time: 5.2213  data: 3.1699  max mem: 9915
Epoch: [55]  [100/809]  eta: 0:12:36  lr: 0.000100  loss: 10.1819 (10.1108)  loss_bbox: 0.0812 (0.0933)  loss_bbox_aux_0: 0.0859 (0.1004)  loss_bbox_aux_1: 0.0817 (0.0951)  loss_bbox_aux_2: 0.0987 (0.1137)  loss_bbox_dn_0: 0.0531 (0.0542)  loss_bbox_dn_1: 0.0431 (0.0443)  loss_bbox_dn_2: 0.0425 (0.0434)  loss_giou: 0.9852 (0.9956)  loss_giou_aux_0: 1.0025 (1.0213)  loss_giou_aux_1: 0.9881 (1.0014)  loss_giou_aux_2: 1.0769 (1.0854)  loss_giou_dn_0: 0.7874 (0.7906)  loss_giou_dn_1: 0.7114 (0.7132)  loss_giou_dn_2: 0.7067 (0.7052)  loss_vfl: 0.4737 (0.4721)  loss_vfl_aux_0: 0.4872 (0.4839)  loss_vfl_aux_1: 0.4787 (0.4793)  loss_vfl_aux_2: 0.4815 (0.4802)  loss_vfl_dn_0: 0.4621 (0.4642)  loss_vfl_dn_1: 0.4387 (0.4395)  loss_vfl_dn_2: 0.4314 (0.4344)  time: 0.9855  data: 0.0272  max mem: 9915
Epoch: [55]  [200/809]  eta: 0:10:29  lr: 0.000100  loss: 9.9748 (10.0727)  loss_bbox: 0.0812 (0.0928)  loss_bbox_aux_0: 0.0859 (0.0993)  loss_bbox_aux_1: 0.0837 (0.0942)  loss_bbox_aux_2: 0.1031 (0.1134)  loss_bbox_dn_0: 0.0526 (0.0545)  loss_bbox_dn_1: 0.0408 (0.0446)  loss_bbox_dn_2: 0.0400 (0.0436)  loss_giou: 0.9596 (0.9826)  loss_giou_aux_0: 0.9927 (1.0095)  loss_giou_aux_1: 0.9678 (0.9893)  loss_giou_aux_2: 1.0653 (1.0764)  loss_giou_dn_0: 0.7765 (0.7855)  loss_giou_dn_1: 0.7037 (0.7077)  loss_giou_dn_2: 0.7004 (0.6996)  loss_vfl: 0.4561 (0.4770)  loss_vfl_aux_0: 0.4710 (0.4896)  loss_vfl_aux_1: 0.4634 (0.4846)  loss_vfl_aux_2: 0.4720 (0.4872)  loss_vfl_dn_0: 0.4662 (0.4654)  loss_vfl_dn_1: 0.4435 (0.4405)  loss_vfl_dn_2: 0.4361 (0.4353)  time: 0.9807  data: 0.0264  max mem: 9915
Epoch: [55]  [300/809]  eta: 0:08:39  lr: 0.000100  loss: 9.7177 (10.0250)  loss_bbox: 0.0735 (0.0900)  loss_bbox_aux_0: 0.0793 (0.0962)  loss_bbox_aux_1: 0.0748 (0.0915)  loss_bbox_aux_2: 0.0929 (0.1104)  loss_bbox_dn_0: 0.0539 (0.0551)  loss_bbox_dn_1: 0.0440 (0.0450)  loss_bbox_dn_2: 0.0429 (0.0439)  loss_giou: 0.8398 (0.9697)  loss_giou_aux_0: 0.8709 (0.9964)  loss_giou_aux_1: 0.8589 (0.9767)  loss_giou_aux_2: 0.9631 (1.0640)  loss_giou_dn_0: 0.7421 (0.7811)  loss_giou_dn_1: 0.6626 (0.7028)  loss_giou_dn_2: 0.6556 (0.6943)  loss_vfl: 0.5168 (0.4835)  loss_vfl_aux_0: 0.5197 (0.4962)  loss_vfl_aux_1: 0.5105 (0.4911)  loss_vfl_aux_2: 0.5268 (0.4937)  loss_vfl_dn_0: 0.4752 (0.4662)  loss_vfl_dn_1: 0.4462 (0.4413)  loss_vfl_dn_2: 0.4382 (0.4359)  time: 0.9928  data: 0.0268  max mem: 9915
Epoch: [55]  [400/809]  eta: 0:06:57  lr: 0.000100  loss: 9.4847 (10.0237)  loss_bbox: 0.0795 (0.0895)  loss_bbox_aux_0: 0.0840 (0.0957)  loss_bbox_aux_1: 0.0773 (0.0910)  loss_bbox_aux_2: 0.0948 (0.1100)  loss_bbox_dn_0: 0.0538 (0.0555)  loss_bbox_dn_1: 0.0456 (0.0456)  loss_bbox_dn_2: 0.0456 (0.0445)  loss_giou: 0.8340 (0.9661)  loss_giou_aux_0: 0.8551 (0.9943)  loss_giou_aux_1: 0.8408 (0.9739)  loss_giou_aux_2: 0.9320 (1.0618)  loss_giou_dn_0: 0.7534 (0.7815)  loss_giou_dn_1: 0.6841 (0.7033)  loss_giou_dn_2: 0.6837 (0.6948)  loss_vfl: 0.5168 (0.4858)  loss_vfl_aux_0: 0.5248 (0.4981)  loss_vfl_aux_1: 0.5186 (0.4932)  loss_vfl_aux_2: 0.5172 (0.4953)  loss_vfl_dn_0: 0.4654 (0.4664)  loss_vfl_dn_1: 0.4411 (0.4417)  loss_vfl_dn_2: 0.4339 (0.4360)  time: 1.0081  data: 0.0320  max mem: 9915
Epoch: [55]  [500/809]  eta: 0:05:15  lr: 0.000100  loss: 10.2122 (10.0751)  loss_bbox: 0.0778 (0.0908)  loss_bbox_aux_0: 0.0836 (0.0970)  loss_bbox_aux_1: 0.0782 (0.0923)  loss_bbox_aux_2: 0.0963 (0.1112)  loss_bbox_dn_0: 0.0571 (0.0553)  loss_bbox_dn_1: 0.0480 (0.0454)  loss_bbox_dn_2: 0.0462 (0.0443)  loss_giou: 0.9755 (0.9775)  loss_giou_aux_0: 1.0050 (1.0055)  loss_giou_aux_1: 0.9851 (0.9849)  loss_giou_aux_2: 1.0596 (1.0731)  loss_giou_dn_0: 0.8080 (0.7849)  loss_giou_dn_1: 0.7470 (0.7069)  loss_giou_dn_2: 0.7435 (0.6984)  loss_vfl: 0.4837 (0.4841)  loss_vfl_aux_0: 0.4998 (0.4960)  loss_vfl_aux_1: 0.4906 (0.4914)  loss_vfl_aux_2: 0.4922 (0.4924)  loss_vfl_dn_0: 0.4633 (0.4659)  loss_vfl_dn_1: 0.4398 (0.4417)  loss_vfl_dn_2: 0.4346 (0.4361)  time: 0.9899  data: 0.0289  max mem: 9915
Epoch: [55]  [600/809]  eta: 0:03:33  lr: 0.000100  loss: 10.1240 (10.0629)  loss_bbox: 0.0839 (0.0905)  loss_bbox_aux_0: 0.0885 (0.0964)  loss_bbox_aux_1: 0.0857 (0.0919)  loss_bbox_aux_2: 0.1012 (0.1106)  loss_bbox_dn_0: 0.0496 (0.0549)  loss_bbox_dn_1: 0.0412 (0.0451)  loss_bbox_dn_2: 0.0400 (0.0440)  loss_giou: 0.9313 (0.9767)  loss_giou_aux_0: 0.9624 (1.0044)  loss_giou_aux_1: 0.9460 (0.9839)  loss_giou_aux_2: 1.0239 (1.0725)  loss_giou_dn_0: 0.7719 (0.7837)  loss_giou_dn_1: 0.6943 (0.7059)  loss_giou_dn_2: 0.6814 (0.6976)  loss_vfl: 0.5210 (0.4837)  loss_vfl_aux_0: 0.5425 (0.4959)  loss_vfl_aux_1: 0.5305 (0.4910)  loss_vfl_aux_2: 0.5135 (0.4918)  loss_vfl_dn_0: 0.4703 (0.4655)  loss_vfl_dn_1: 0.4413 (0.4412)  loss_vfl_dn_2: 0.4368 (0.4357)  time: 1.0657  data: 0.0288  max mem: 9915
Epoch: [55]  [700/809]  eta: 0:01:51  lr: 0.000100  loss: 10.0916 (10.0545)  loss_bbox: 0.0767 (0.0903)  loss_bbox_aux_0: 0.0860 (0.0961)  loss_bbox_aux_1: 0.0809 (0.0918)  loss_bbox_aux_2: 0.1023 (0.1103)  loss_bbox_dn_0: 0.0536 (0.0549)  loss_bbox_dn_1: 0.0445 (0.0451)  loss_bbox_dn_2: 0.0435 (0.0440)  loss_giou: 0.9472 (0.9741)  loss_giou_aux_0: 0.9682 (1.0018)  loss_giou_aux_1: 0.9591 (0.9811)  loss_giou_aux_2: 1.0438 (1.0695)  loss_giou_dn_0: 0.8043 (0.7825)  loss_giou_dn_1: 0.7362 (0.7051)  loss_giou_dn_2: 0.7296 (0.6967)  loss_vfl: 0.4891 (0.4851)  loss_vfl_aux_0: 0.5047 (0.4972)  loss_vfl_aux_1: 0.5031 (0.4926)  loss_vfl_aux_2: 0.4965 (0.4930)  loss_vfl_dn_0: 0.4699 (0.4658)  loss_vfl_dn_1: 0.4484 (0.4414)  loss_vfl_dn_2: 0.4436 (0.4359)  time: 1.0853  data: 0.0302  max mem: 9915
Epoch: [55]  [800/809]  eta: 0:00:09  lr: 0.000100  loss: 9.7613 (10.0572)  loss_bbox: 0.0824 (0.0900)  loss_bbox_aux_0: 0.0836 (0.0959)  loss_bbox_aux_1: 0.0836 (0.0916)  loss_bbox_aux_2: 0.0942 (0.1103)  loss_bbox_dn_0: 0.0477 (0.0547)  loss_bbox_dn_1: 0.0407 (0.0449)  loss_bbox_dn_2: 0.0399 (0.0438)  loss_giou: 0.9511 (0.9759)  loss_giou_aux_0: 0.9666 (1.0036)  loss_giou_aux_1: 0.9505 (0.9829)  loss_giou_aux_2: 1.0190 (1.0713)  loss_giou_dn_0: 0.7572 (0.7829)  loss_giou_dn_1: 0.6860 (0.7054)  loss_giou_dn_2: 0.6801 (0.6969)  loss_vfl: 0.4771 (0.4842)  loss_vfl_aux_0: 0.4967 (0.4963)  loss_vfl_aux_1: 0.4849 (0.4913)  loss_vfl_aux_2: 0.4908 (0.4918)  loss_vfl_dn_0: 0.4704 (0.4660)  loss_vfl_dn_1: 0.4455 (0.4415)  loss_vfl_dn_2: 0.4364 (0.4360)  time: 1.0161  data: 0.0297  max mem: 9915
Epoch: [55]  [808/809]  eta: 0:00:01  lr: 0.000100  loss: 10.1061 (10.0663)  loss_bbox: 0.0874 (0.0906)  loss_bbox_aux_0: 0.0887 (0.0966)  loss_bbox_aux_1: 0.0892 (0.0922)  loss_bbox_aux_2: 0.0980 (0.1109)  loss_bbox_dn_0: 0.0509 (0.0547)  loss_bbox_dn_1: 0.0410 (0.0449)  loss_bbox_dn_2: 0.0401 (0.0438)  loss_giou: 1.0053 (0.9776)  loss_giou_aux_0: 1.0166 (1.0052)  loss_giou_aux_1: 1.0141 (0.9846)  loss_giou_aux_2: 1.0635 (1.0728)  loss_giou_dn_0: 0.7933 (0.7833)  loss_giou_dn_1: 0.7195 (0.7058)  loss_giou_dn_2: 0.7096 (0.6973)  loss_vfl: 0.4766 (0.4839)  loss_vfl_aux_0: 0.4937 (0.4960)  loss_vfl_aux_1: 0.4788 (0.4910)  loss_vfl_aux_2: 0.4766 (0.4915)  loss_vfl_dn_0: 0.4704 (0.4660)  loss_vfl_dn_1: 0.4462 (0.4415)  loss_vfl_dn_2: 0.4375 (0.4360)  time: 0.8719  data: 0.0263  max mem: 9915
Epoch: [55] Total time: 0:13:43 (1.0183 s / it)
Averaged stats: lr: 0.000100  loss: 10.1061 (10.0663)  loss_bbox: 0.0874 (0.0906)  loss_bbox_aux_0: 0.0887 (0.0966)  loss_bbox_aux_1: 0.0892 (0.0922)  loss_bbox_aux_2: 0.0980 (0.1109)  loss_bbox_dn_0: 0.0509 (0.0547)  loss_bbox_dn_1: 0.0410 (0.0449)  loss_bbox_dn_2: 0.0401 (0.0438)  loss_giou: 1.0053 (0.9776)  loss_giou_aux_0: 1.0166 (1.0052)  loss_giou_aux_1: 1.0141 (0.9846)  loss_giou_aux_2: 1.0635 (1.0728)  loss_giou_dn_0: 0.7933 (0.7833)  loss_giou_dn_1: 0.7195 (0.7058)  loss_giou_dn_2: 0.7096 (0.6973)  loss_vfl: 0.4766 (0.4839)  loss_vfl_aux_0: 0.4937 (0.4960)  loss_vfl_aux_1: 0.4788 (0.4910)  loss_vfl_aux_2: 0.4766 (0.4915)  loss_vfl_dn_0: 0.4704 (0.4660)  loss_vfl_dn_1: 0.4462 (0.4415)  loss_vfl_dn_2: 0.4375 (0.4360)
Test:  [ 0/69]  eta: 0:01:19    time: 1.1544  data: 0.6340  max mem: 9915
Test:  [10/69]  eta: 0:00:35    time: 0.6057  data: 0.0778  max mem: 9915
Test:  [20/69]  eta: 0:00:29    time: 0.5701  data: 0.0212  max mem: 9915
Test:  [30/69]  eta: 0:00:22    time: 0.5489  data: 0.0210  max mem: 9915
Test:  [40/69]  eta: 0:00:15    time: 0.5020  data: 0.0215  max mem: 9915
Test:  [50/69]  eta: 0:00:10    time: 0.4687  data: 0.0211  max mem: 9915
Test:  [60/69]  eta: 0:00:04    time: 0.4252  data: 0.0208  max mem: 9915
Test:  [68/69]  eta: 0:00:00    time: 0.4294  data: 0.0198  max mem: 9915
Test: Total time: 0:00:34 (0.5056 s / it)
Averaged stats: 
Accumulating evaluation results...
DONE (t=1.99s).
IoU metric: bbox
 Average Precision  (AP) @[ IoU=0.50:0.95 | area=   all | maxDets=100 ] = 0.218
 Average Precision  (AP) @[ IoU=0.50      | area=   all | maxDets=100 ] = 0.364
 Average Precision  (AP) @[ IoU=0.75      | area=   all | maxDets=100 ] = 0.221
 Average Precision  (AP) @[ IoU=0.50:0.95 | area= small | maxDets=100 ] = 0.132
 Average Precision  (AP) @[ IoU=0.50:0.95 | area=medium | maxDets=100 ] = 0.309
 Average Precision  (AP) @[ IoU=0.50:0.95 | area= large | maxDets=100 ] = 0.430
 Average Recall     (AR) @[ IoU=0.50:0.95 | area=   all | maxDets=  1 ] = 0.099
 Average Recall     (AR) @[ IoU=0.50:0.95 | area=   all | maxDets= 10 ] = 0.274
 Average Recall     (AR) @[ IoU=0.50:0.95 | area=   all | maxDets=100 ] = 0.370
 Average Recall     (AR) @[ IoU=0.50:0.95 | area= small | maxDets=100 ] = 0.274
 Average Recall     (AR) @[ IoU=0.50:0.95 | area=medium | maxDets=100 ] = 0.497
 Average Recall     (AR) @[ IoU=0.50:0.95 | area= large | maxDets=100 ] = 0.625
best_stat:  {'epoch': 55, 'coco_eval_bbox': 0.2176110532329915}
Epoch: [56]  [  0/809]  eta: 1:30:12  lr: 0.000100  loss: 9.5931 (9.5931)  loss_bbox: 0.0532 (0.0532)  loss_bbox_aux_0: 0.0566 (0.0566)  loss_bbox_aux_1: 0.0531 (0.0531)  loss_bbox_aux_2: 0.0712 (0.0712)  loss_bbox_dn_0: 0.0482 (0.0482)  loss_bbox_dn_1: 0.0403 (0.0403)  loss_bbox_dn_2: 0.0406 (0.0406)  loss_giou: 0.8809 (0.8809)  loss_giou_aux_0: 0.9182 (0.9182)  loss_giou_aux_1: 0.8775 (0.8775)  loss_giou_aux_2: 0.9923 (0.9923)  loss_giou_dn_0: 0.7846 (0.7846)  loss_giou_dn_1: 0.7128 (0.7128)  loss_giou_dn_2: 0.7136 (0.7136)  loss_vfl: 0.5041 (0.5041)  loss_vfl_aux_0: 0.5184 (0.5184)  loss_vfl_aux_1: 0.5032 (0.5032)  loss_vfl_aux_2: 0.5012 (0.5012)  loss_vfl_dn_0: 0.4507 (0.4507)  loss_vfl_dn_1: 0.4355 (0.4355)  loss_vfl_dn_2: 0.4369 (0.4369)  time: 6.6907  data: 2.3606  max mem: 9915
Epoch: [56]  [100/809]  eta: 0:12:40  lr: 0.000100  loss: 9.7035 (10.1012)  loss_bbox: 0.0855 (0.0982)  loss_bbox_aux_0: 0.0928 (0.1036)  loss_bbox_aux_1: 0.0871 (0.1000)  loss_bbox_aux_2: 0.1067 (0.1219)  loss_bbox_dn_0: 0.0528 (0.0533)  loss_bbox_dn_1: 0.0413 (0.0438)  loss_bbox_dn_2: 0.0404 (0.0428)  loss_giou: 0.9146 (0.9943)  loss_giou_aux_0: 0.9437 (1.0196)  loss_giou_aux_1: 0.9228 (0.9985)  loss_giou_aux_2: 1.0280 (1.0887)  loss_giou_dn_0: 0.7452 (0.7775)  loss_giou_dn_1: 0.6616 (0.6994)  loss_giou_dn_2: 0.6574 (0.6923)  loss_vfl: 0.4880 (0.4748)  loss_vfl_aux_0: 0.4963 (0.4887)  loss_vfl_aux_1: 0.4875 (0.4826)  loss_vfl_aux_2: 0.4899 (0.4832)  loss_vfl_dn_0: 0.4666 (0.4634)  loss_vfl_dn_1: 0.4423 (0.4400)  loss_vfl_dn_2: 0.4337 (0.4345)  time: 0.9647  data: 0.0283  max mem: 9915
Epoch: [56]  [200/809]  eta: 0:10:41  lr: 0.000100  loss: 10.0804 (10.1016)  loss_bbox: 0.0979 (0.0968)  loss_bbox_aux_0: 0.1059 (0.1022)  loss_bbox_aux_1: 0.0985 (0.0985)  loss_bbox_aux_2: 0.1184 (0.1191)  loss_bbox_dn_0: 0.0481 (0.0538)  loss_bbox_dn_1: 0.0397 (0.0441)  loss_bbox_dn_2: 0.0388 (0.0430)  loss_giou: 0.9775 (0.9943)  loss_giou_aux_0: 1.0216 (1.0190)  loss_giou_aux_1: 0.9991 (0.9994)  loss_giou_aux_2: 1.0818 (1.0883)  loss_giou_dn_0: 0.7928 (0.7811)  loss_giou_dn_1: 0.7156 (0.7028)  loss_giou_dn_2: 0.7105 (0.6951)  loss_vfl: 0.4601 (0.4730)  loss_vfl_aux_0: 0.4544 (0.4877)  loss_vfl_aux_1: 0.4612 (0.4814)  loss_vfl_aux_2: 0.4491 (0.4818)  loss_vfl_dn_0: 0.4647 (0.4647)  loss_vfl_dn_1: 0.4321 (0.4405)  loss_vfl_dn_2: 0.4257 (0.4348)  time: 1.0477  data: 0.0287  max mem: 9915
Epoch: [56]  [300/809]  eta: 0:08:50  lr: 0.000100  loss: 10.1490 (10.1090)  loss_bbox: 0.0771 (0.0954)  loss_bbox_aux_0: 0.0810 (0.1016)  loss_bbox_aux_1: 0.0816 (0.0975)  loss_bbox_aux_2: 0.0950 (0.1180)  loss_bbox_dn_0: 0.0541 (0.0534)  loss_bbox_dn_1: 0.0438 (0.0438)  loss_bbox_dn_2: 0.0424 (0.0427)  loss_giou: 0.9762 (0.9942)  loss_giou_aux_0: 1.0022 (1.0192)  loss_giou_aux_1: 0.9783 (0.9998)  loss_giou_aux_2: 1.0346 (1.0883)  loss_giou_dn_0: 0.7893 (0.7854)  loss_giou_dn_1: 0.7164 (0.7077)  loss_giou_dn_2: 0.7077 (0.6999)  loss_vfl: 0.5004 (0.4740)  loss_vfl_aux_0: 0.5133 (0.4874)  loss_vfl_aux_1: 0.5047 (0.4817)  loss_vfl_aux_2: 0.4921 (0.4811)  loss_vfl_dn_0: 0.4639 (0.4639)  loss_vfl_dn_1: 0.4377 (0.4399)  loss_vfl_dn_2: 0.4325 (0.4342)  time: 1.0002  data: 0.0245  max mem: 9915
Epoch: [56]  [400/809]  eta: 0:07:04  lr: 0.000100  loss: 9.9228 (10.1043)  loss_bbox: 0.0786 (0.0952)  loss_bbox_aux_0: 0.0903 (0.1011)  loss_bbox_aux_1: 0.0798 (0.0971)  loss_bbox_aux_2: 0.1053 (0.1174)  loss_bbox_dn_0: 0.0527 (0.0538)  loss_bbox_dn_1: 0.0424 (0.0442)  loss_bbox_dn_2: 0.0415 (0.0431)  loss_giou: 0.9094 (0.9928)  loss_giou_aux_0: 0.9326 (1.0180)  loss_giou_aux_1: 0.9109 (0.9989)  loss_giou_aux_2: 0.9783 (1.0854)  loss_giou_dn_0: 0.7422 (0.7840)  loss_giou_dn_1: 0.6810 (0.7069)  loss_giou_dn_2: 0.6820 (0.6991)  loss_vfl: 0.4713 (0.4752)  loss_vfl_aux_0: 0.4830 (0.4881)  loss_vfl_aux_1: 0.4929 (0.4827)  loss_vfl_aux_2: 0.4912 (0.4826)  loss_vfl_dn_0: 0.4616 (0.4644)  loss_vfl_dn_1: 0.4406 (0.4402)  loss_vfl_dn_2: 0.4285 (0.4343)  time: 1.0649  data: 0.0276  max mem: 9915
Epoch: [56]  [500/809]  eta: 0:05:21  lr: 0.000100  loss: 10.0903 (10.1079)  loss_bbox: 0.0788 (0.0957)  loss_bbox_aux_0: 0.0841 (0.1015)  loss_bbox_aux_1: 0.0791 (0.0974)  loss_bbox_aux_2: 0.1021 (0.1179)  loss_bbox_dn_0: 0.0501 (0.0540)  loss_bbox_dn_1: 0.0398 (0.0442)  loss_bbox_dn_2: 0.0391 (0.0431)  loss_giou: 0.9574 (0.9917)  loss_giou_aux_0: 0.9910 (1.0173)  loss_giou_aux_1: 0.9678 (0.9979)  loss_giou_aux_2: 1.0614 (1.0845)  loss_giou_dn_0: 0.7844 (0.7836)  loss_giou_dn_1: 0.7059 (0.7062)  loss_giou_dn_2: 0.7045 (0.6982)  loss_vfl: 0.4951 (0.4765)  loss_vfl_aux_0: 0.4984 (0.4892)  loss_vfl_aux_1: 0.4957 (0.4841)  loss_vfl_aux_2: 0.4973 (0.4840)  loss_vfl_dn_0: 0.4690 (0.4651)  loss_vfl_dn_1: 0.4432 (0.4408)  loss_vfl_dn_2: 0.4378 (0.4350)  time: 0.9991  data: 0.0295  max mem: 9915
Epoch: [56]  [600/809]  eta: 0:03:36  lr: 0.000100  loss: 9.8237 (10.0753)  loss_bbox: 0.0819 (0.0938)  loss_bbox_aux_0: 0.0878 (0.0998)  loss_bbox_aux_1: 0.0839 (0.0955)  loss_bbox_aux_2: 0.0997 (0.1161)  loss_bbox_dn_0: 0.0556 (0.0542)  loss_bbox_dn_1: 0.0453 (0.0444)  loss_bbox_dn_2: 0.0440 (0.0433)  loss_giou: 0.9403 (0.9843)  loss_giou_aux_0: 0.9766 (1.0105)  loss_giou_aux_1: 0.9492 (0.9908)  loss_giou_aux_2: 1.0521 (1.0772)  loss_giou_dn_0: 0.7931 (0.7821)  loss_giou_dn_1: 0.7136 (0.7048)  loss_giou_dn_2: 0.6928 (0.6967)  loss_vfl: 0.4644 (0.4783)  loss_vfl_aux_0: 0.4696 (0.4907)  loss_vfl_aux_1: 0.4664 (0.4857)  loss_vfl_aux_2: 0.4714 (0.4861)  loss_vfl_dn_0: 0.4617 (0.4652)  loss_vfl_dn_1: 0.4471 (0.4408)  loss_vfl_dn_2: 0.4407 (0.4351)  time: 1.0132  data: 0.0268  max mem: 9915
Epoch: [56]  [700/809]  eta: 0:01:52  lr: 0.000100  loss: 9.7924 (10.0757)  loss_bbox: 0.0826 (0.0940)  loss_bbox_aux_0: 0.0943 (0.0996)  loss_bbox_aux_1: 0.0889 (0.0956)  loss_bbox_aux_2: 0.0998 (0.1156)  loss_bbox_dn_0: 0.0504 (0.0544)  loss_bbox_dn_1: 0.0423 (0.0446)  loss_bbox_dn_2: 0.0417 (0.0435)  loss_giou: 0.8893 (0.9825)  loss_giou_aux_0: 0.9252 (1.0089)  loss_giou_aux_1: 0.8981 (0.9894)  loss_giou_aux_2: 0.9621 (1.0754)  loss_giou_dn_0: 0.7432 (0.7822)  loss_giou_dn_1: 0.6692 (0.7052)  loss_giou_dn_2: 0.6577 (0.6970)  loss_vfl: 0.4960 (0.4797)  loss_vfl_aux_0: 0.4841 (0.4920)  loss_vfl_aux_1: 0.5049 (0.4869)  loss_vfl_aux_2: 0.4874 (0.4874)  loss_vfl_dn_0: 0.4654 (0.4653)  loss_vfl_dn_1: 0.4392 (0.4410)  loss_vfl_dn_2: 0.4331 (0.4353)  time: 1.0377  data: 0.0304  max mem: 9915
Epoch: [56]  [800/809]  eta: 0:00:09  lr: 0.000100  loss: 9.8812 (10.0717)  loss_bbox: 0.0822 (0.0935)  loss_bbox_aux_0: 0.0905 (0.0992)  loss_bbox_aux_1: 0.0849 (0.0951)  loss_bbox_aux_2: 0.1128 (0.1148)  loss_bbox_dn_0: 0.0527 (0.0541)  loss_bbox_dn_1: 0.0453 (0.0444)  loss_bbox_dn_2: 0.0445 (0.0434)  loss_giou: 0.9242 (0.9823)  loss_giou_aux_0: 0.9791 (1.0090)  loss_giou_aux_1: 0.9389 (0.9886)  loss_giou_aux_2: 1.0202 (1.0753)  loss_giou_dn_0: 0.7763 (0.7828)  loss_giou_dn_1: 0.6989 (0.7056)  loss_giou_dn_2: 0.6902 (0.6975)  loss_vfl: 0.4990 (0.4794)  loss_vfl_aux_0: 0.5055 (0.4917)  loss_vfl_aux_1: 0.4968 (0.4867)  loss_vfl_aux_2: 0.4969 (0.4873)  loss_vfl_dn_0: 0.4638 (0.4652)  loss_vfl_dn_1: 0.4413 (0.4408)  loss_vfl_dn_2: 0.4328 (0.4351)  time: 1.0183  data: 0.0276  max mem: 9915
Epoch: [56]  [808/809]  eta: 0:00:01  lr: 0.000100  loss: 9.4157 (10.0637)  loss_bbox: 0.0782 (0.0933)  loss_bbox_aux_0: 0.0842 (0.0990)  loss_bbox_aux_1: 0.0806 (0.0949)  loss_bbox_aux_2: 0.1012 (0.1146)  loss_bbox_dn_0: 0.0529 (0.0542)  loss_bbox_dn_1: 0.0447 (0.0445)  loss_bbox_dn_2: 0.0442 (0.0435)  loss_giou: 0.8443 (0.9801)  loss_giou_aux_0: 0.8557 (1.0068)  loss_giou_aux_1: 0.8505 (0.9865)  loss_giou_aux_2: 0.9381 (1.0731)  loss_giou_dn_0: 0.7174 (0.7821)  loss_giou_dn_1: 0.6410 (0.7048)  loss_giou_dn_2: 0.6312 (0.6967)  loss_vfl: 0.5126 (0.4801)  loss_vfl_aux_0: 0.5192 (0.4925)  loss_vfl_aux_1: 0.5127 (0.4875)  loss_vfl_aux_2: 0.5218 (0.4882)  loss_vfl_dn_0: 0.4712 (0.4653)  loss_vfl_dn_1: 0.4435 (0.4408)  loss_vfl_dn_2: 0.4338 (0.4351)  time: 0.8915  data: 0.0269  max mem: 9915
Epoch: [56] Total time: 0:13:53 (1.0302 s / it)
Averaged stats: lr: 0.000100  loss: 9.4157 (10.0637)  loss_bbox: 0.0782 (0.0933)  loss_bbox_aux_0: 0.0842 (0.0990)  loss_bbox_aux_1: 0.0806 (0.0949)  loss_bbox_aux_2: 0.1012 (0.1146)  loss_bbox_dn_0: 0.0529 (0.0542)  loss_bbox_dn_1: 0.0447 (0.0445)  loss_bbox_dn_2: 0.0442 (0.0435)  loss_giou: 0.8443 (0.9801)  loss_giou_aux_0: 0.8557 (1.0068)  loss_giou_aux_1: 0.8505 (0.9865)  loss_giou_aux_2: 0.9381 (1.0731)  loss_giou_dn_0: 0.7174 (0.7821)  loss_giou_dn_1: 0.6410 (0.7048)  loss_giou_dn_2: 0.6312 (0.6967)  loss_vfl: 0.5126 (0.4801)  loss_vfl_aux_0: 0.5192 (0.4925)  loss_vfl_aux_1: 0.5127 (0.4875)  loss_vfl_aux_2: 0.5218 (0.4882)  loss_vfl_dn_0: 0.4712 (0.4653)  loss_vfl_dn_1: 0.4435 (0.4408)  loss_vfl_dn_2: 0.4338 (0.4351)
Test:  [ 0/69]  eta: 0:01:14    time: 1.0821  data: 0.6618  max mem: 9915
Test:  [10/69]  eta: 0:00:41    time: 0.7050  data: 0.0753  max mem: 9915
Test:  [20/69]  eta: 0:00:31    time: 0.6123  data: 0.0189  max mem: 9915
Test:  [30/69]  eta: 0:00:23    time: 0.5433  data: 0.0218  max mem: 9915
Test:  [40/69]  eta: 0:00:16    time: 0.5069  data: 0.0223  max mem: 9915
Test:  [50/69]  eta: 0:00:10    time: 0.4664  data: 0.0214  max mem: 9915
Test:  [60/69]  eta: 0:00:04    time: 0.4396  data: 0.0214  max mem: 9915
Test:  [68/69]  eta: 0:00:00    time: 0.4442  data: 0.0210  max mem: 9915
Test: Total time: 0:00:36 (0.5233 s / it)
Averaged stats: 
Accumulating evaluation results...
DONE (t=2.00s).
IoU metric: bbox
 Average Precision  (AP) @[ IoU=0.50:0.95 | area=   all | maxDets=100 ] = 0.218
 Average Precision  (AP) @[ IoU=0.50      | area=   all | maxDets=100 ] = 0.365
 Average Precision  (AP) @[ IoU=0.75      | area=   all | maxDets=100 ] = 0.221
 Average Precision  (AP) @[ IoU=0.50:0.95 | area= small | maxDets=100 ] = 0.132
 Average Precision  (AP) @[ IoU=0.50:0.95 | area=medium | maxDets=100 ] = 0.310
 Average Precision  (AP) @[ IoU=0.50:0.95 | area= large | maxDets=100 ] = 0.432
 Average Recall     (AR) @[ IoU=0.50:0.95 | area=   all | maxDets=  1 ] = 0.099
 Average Recall     (AR) @[ IoU=0.50:0.95 | area=   all | maxDets= 10 ] = 0.274
 Average Recall     (AR) @[ IoU=0.50:0.95 | area=   all | maxDets=100 ] = 0.370
 Average Recall     (AR) @[ IoU=0.50:0.95 | area= small | maxDets=100 ] = 0.275
 Average Recall     (AR) @[ IoU=0.50:0.95 | area=medium | maxDets=100 ] = 0.495
 Average Recall     (AR) @[ IoU=0.50:0.95 | area= large | maxDets=100 ] = 0.624
best_stat:  {'epoch': 56, 'coco_eval_bbox': 0.218145595324209}
Epoch: [57]  [  0/809]  eta: 1:41:49  lr: 0.000100  loss: 9.4813 (9.4813)  loss_bbox: 0.0633 (0.0633)  loss_bbox_aux_0: 0.0696 (0.0696)  loss_bbox_aux_1: 0.0644 (0.0644)  loss_bbox_aux_2: 0.0804 (0.0804)  loss_bbox_dn_0: 0.0546 (0.0546)  loss_bbox_dn_1: 0.0454 (0.0454)  loss_bbox_dn_2: 0.0452 (0.0452)  loss_giou: 0.8237 (0.8237)  loss_giou_aux_0: 0.8627 (0.8627)  loss_giou_aux_1: 0.8381 (0.8381)  loss_giou_aux_2: 0.9408 (0.9408)  loss_giou_dn_0: 0.7716 (0.7716)  loss_giou_dn_1: 0.6957 (0.6957)  loss_giou_dn_2: 0.6939 (0.6939)  loss_vfl: 0.5360 (0.5360)  loss_vfl_aux_0: 0.5383 (0.5383)  loss_vfl_aux_1: 0.5323 (0.5323)  loss_vfl_aux_2: 0.5171 (0.5171)  loss_vfl_dn_0: 0.4501 (0.4501)  loss_vfl_dn_1: 0.4315 (0.4315)  loss_vfl_dn_2: 0.4267 (0.4267)  time: 7.5521  data: 2.0160  max mem: 9915
Epoch: [57]  [100/809]  eta: 0:12:28  lr: 0.000100  loss: 9.3494 (9.8297)  loss_bbox: 0.0677 (0.0829)  loss_bbox_aux_0: 0.0721 (0.0880)  loss_bbox_aux_1: 0.0685 (0.0841)  loss_bbox_aux_2: 0.0865 (0.1023)  loss_bbox_dn_0: 0.0582 (0.0548)  loss_bbox_dn_1: 0.0438 (0.0446)  loss_bbox_dn_2: 0.0431 (0.0434)  loss_giou: 0.7931 (0.9277)  loss_giou_aux_0: 0.8315 (0.9566)  loss_giou_aux_1: 0.8028 (0.9349)  loss_giou_aux_2: 0.8932 (1.0269)  loss_giou_dn_0: 0.7420 (0.7675)  loss_giou_dn_1: 0.6586 (0.6868)  loss_giou_dn_2: 0.6418 (0.6782)  loss_vfl: 0.4984 (0.4958)  loss_vfl_aux_0: 0.5130 (0.5092)  loss_vfl_aux_1: 0.4990 (0.5018)  loss_vfl_aux_2: 0.5114 (0.5039)  loss_vfl_dn_0: 0.4594 (0.4661)  loss_vfl_dn_1: 0.4297 (0.4402)  loss_vfl_dn_2: 0.4237 (0.4339)  time: 0.9633  data: 0.0268  max mem: 9915
Epoch: [57]  [200/809]  eta: 0:10:25  lr: 0.000100  loss: 9.9559 (9.9062)  loss_bbox: 0.0869 (0.0855)  loss_bbox_aux_0: 0.0889 (0.0909)  loss_bbox_aux_1: 0.0849 (0.0864)  loss_bbox_aux_2: 0.1062 (0.1047)  loss_bbox_dn_0: 0.0470 (0.0557)  loss_bbox_dn_1: 0.0402 (0.0455)  loss_bbox_dn_2: 0.0387 (0.0443)  loss_giou: 0.9552 (0.9409)  loss_giou_aux_0: 0.9791 (0.9696)  loss_giou_aux_1: 0.9514 (0.9483)  loss_giou_aux_2: 1.0697 (1.0389)  loss_giou_dn_0: 0.7715 (0.7727)  loss_giou_dn_1: 0.7047 (0.6937)  loss_giou_dn_2: 0.6966 (0.6851)  loss_vfl: 0.4379 (0.4939)  loss_vfl_aux_0: 0.4479 (0.5068)  loss_vfl_aux_1: 0.4432 (0.5005)  loss_vfl_aux_2: 0.4465 (0.5024)  loss_vfl_dn_0: 0.4599 (0.4661)  loss_vfl_dn_1: 0.4419 (0.4403)  loss_vfl_dn_2: 0.4330 (0.4342)  time: 1.0226  data: 0.0330  max mem: 9915
Epoch: [57]  [300/809]  eta: 0:08:42  lr: 0.000100  loss: 9.8193 (9.9020)  loss_bbox: 0.0675 (0.0838)  loss_bbox_aux_0: 0.0739 (0.0889)  loss_bbox_aux_1: 0.0689 (0.0849)  loss_bbox_aux_2: 0.0915 (0.1022)  loss_bbox_dn_0: 0.0464 (0.0545)  loss_bbox_dn_1: 0.0395 (0.0447)  loss_bbox_dn_2: 0.0393 (0.0436)  loss_giou: 0.9404 (0.9425)  loss_giou_aux_0: 0.9810 (0.9714)  loss_giou_aux_1: 0.9482 (0.9499)  loss_giou_aux_2: 1.0317 (1.0395)  loss_giou_dn_0: 0.7518 (0.7742)  loss_giou_dn_1: 0.6773 (0.6958)  loss_giou_dn_2: 0.6730 (0.6872)  loss_vfl: 0.5007 (0.4927)  loss_vfl_aux_0: 0.5227 (0.5051)  loss_vfl_aux_1: 0.5095 (0.4995)  loss_vfl_aux_2: 0.5303 (0.5004)  loss_vfl_dn_0: 0.4702 (0.4661)  loss_vfl_dn_1: 0.4399 (0.4406)  loss_vfl_dn_2: 0.4358 (0.4345)  time: 1.0472  data: 0.0295  max mem: 9915
Epoch: [57]  [400/809]  eta: 0:06:58  lr: 0.000100  loss: 9.8737 (9.9542)  loss_bbox: 0.0840 (0.0861)  loss_bbox_aux_0: 0.0866 (0.0912)  loss_bbox_aux_1: 0.0830 (0.0873)  loss_bbox_aux_2: 0.1071 (0.1046)  loss_bbox_dn_0: 0.0515 (0.0543)  loss_bbox_dn_1: 0.0415 (0.0445)  loss_bbox_dn_2: 0.0411 (0.0434)  loss_giou: 0.9090 (0.9541)  loss_giou_aux_0: 0.9415 (0.9828)  loss_giou_aux_1: 0.9202 (0.9618)  loss_giou_aux_2: 1.0020 (1.0501)  loss_giou_dn_0: 0.7642 (0.7771)  loss_giou_dn_1: 0.6816 (0.6985)  loss_giou_dn_2: 0.6680 (0.6899)  loss_vfl: 0.4741 (0.4898)  loss_vfl_aux_0: 0.4823 (0.5022)  loss_vfl_aux_1: 0.4851 (0.4962)  loss_vfl_aux_2: 0.4762 (0.4981)  loss_vfl_dn_0: 0.4586 (0.4662)  loss_vfl_dn_1: 0.4341 (0.4411)  loss_vfl_dn_2: 0.4324 (0.4350)  time: 0.9861  data: 0.0291  max mem: 9915
Epoch: [57]  [500/809]  eta: 0:05:16  lr: 0.000100  loss: 10.0681 (9.9804)  loss_bbox: 0.0789 (0.0882)  loss_bbox_aux_0: 0.0867 (0.0934)  loss_bbox_aux_1: 0.0817 (0.0896)  loss_bbox_aux_2: 0.1021 (0.1072)  loss_bbox_dn_0: 0.0458 (0.0542)  loss_bbox_dn_1: 0.0364 (0.0445)  loss_bbox_dn_2: 0.0359 (0.0434)  loss_giou: 0.9945 (0.9594)  loss_giou_aux_0: 1.0214 (0.9873)  loss_giou_aux_1: 0.9888 (0.9668)  loss_giou_aux_2: 1.0809 (1.0549)  loss_giou_dn_0: 0.7914 (0.7764)  loss_giou_dn_1: 0.7135 (0.6979)  loss_giou_dn_2: 0.7089 (0.6895)  loss_vfl: 0.5001 (0.4892)  loss_vfl_aux_0: 0.4999 (0.5023)  loss_vfl_aux_1: 0.4927 (0.4962)  loss_vfl_aux_2: 0.4854 (0.4972)  loss_vfl_dn_0: 0.4645 (0.4664)  loss_vfl_dn_1: 0.4396 (0.4413)  loss_vfl_dn_2: 0.4390 (0.4353)  time: 1.0832  data: 0.0288  max mem: 9915
Epoch: [57]  [600/809]  eta: 0:03:33  lr: 0.000100  loss: 9.9561 (9.9900)  loss_bbox: 0.0784 (0.0878)  loss_bbox_aux_0: 0.0840 (0.0929)  loss_bbox_aux_1: 0.0800 (0.0891)  loss_bbox_aux_2: 0.0951 (0.1066)  loss_bbox_dn_0: 0.0486 (0.0543)  loss_bbox_dn_1: 0.0397 (0.0446)  loss_bbox_dn_2: 0.0391 (0.0435)  loss_giou: 0.9269 (0.9621)  loss_giou_aux_0: 0.9432 (0.9897)  loss_giou_aux_1: 0.9451 (0.9697)  loss_giou_aux_2: 1.0201 (1.0572)  loss_giou_dn_0: 0.7688 (0.7775)  loss_giou_dn_1: 0.6981 (0.6994)  loss_giou_dn_2: 0.6861 (0.6910)  loss_vfl: 0.5017 (0.4886)  loss_vfl_aux_0: 0.5223 (0.5014)  loss_vfl_aux_1: 0.5061 (0.4954)  loss_vfl_aux_2: 0.4985 (0.4961)  loss_vfl_dn_0: 0.4627 (0.4663)  loss_vfl_dn_1: 0.4353 (0.4413)  loss_vfl_dn_2: 0.4316 (0.4354)  time: 0.9705  data: 0.0282  max mem: 9915
Epoch: [57]  [700/809]  eta: 0:01:51  lr: 0.000100  loss: 9.9938 (9.9859)  loss_bbox: 0.0849 (0.0874)  loss_bbox_aux_0: 0.0893 (0.0927)  loss_bbox_aux_1: 0.0859 (0.0887)  loss_bbox_aux_2: 0.1014 (0.1064)  loss_bbox_dn_0: 0.0478 (0.0540)  loss_bbox_dn_1: 0.0383 (0.0445)  loss_bbox_dn_2: 0.0371 (0.0434)  loss_giou: 0.9583 (0.9622)  loss_giou_aux_0: 0.9900 (0.9901)  loss_giou_aux_1: 0.9696 (0.9700)  loss_giou_aux_2: 1.0716 (1.0578)  loss_giou_dn_0: 0.7695 (0.7773)  loss_giou_dn_1: 0.6911 (0.6996)  loss_giou_dn_2: 0.6842 (0.6912)  loss_vfl: 0.4774 (0.4876)  loss_vfl_aux_0: 0.4802 (0.5003)  loss_vfl_aux_1: 0.4751 (0.4943)  loss_vfl_aux_2: 0.4726 (0.4948)  loss_vfl_dn_0: 0.4713 (0.4665)  loss_vfl_dn_1: 0.4436 (0.4415)  loss_vfl_dn_2: 0.4388 (0.4356)  time: 1.0096  data: 0.0270  max mem: 9915
Epoch: [57]  [800/809]  eta: 0:00:09  lr: 0.000100  loss: 9.7329 (9.9989)  loss_bbox: 0.0858 (0.0884)  loss_bbox_aux_0: 0.0926 (0.0938)  loss_bbox_aux_1: 0.0879 (0.0898)  loss_bbox_aux_2: 0.1126 (0.1076)  loss_bbox_dn_0: 0.0535 (0.0541)  loss_bbox_dn_1: 0.0449 (0.0445)  loss_bbox_dn_2: 0.0437 (0.0434)  loss_giou: 0.8944 (0.9652)  loss_giou_aux_0: 0.9106 (0.9929)  loss_giou_aux_1: 0.8926 (0.9731)  loss_giou_aux_2: 1.0265 (1.0604)  loss_giou_dn_0: 0.7517 (0.7779)  loss_giou_dn_1: 0.6768 (0.7003)  loss_giou_dn_2: 0.6713 (0.6920)  loss_vfl: 0.4874 (0.4864)  loss_vfl_aux_0: 0.4964 (0.4991)  loss_vfl_aux_1: 0.5008 (0.4931)  loss_vfl_aux_2: 0.4942 (0.4937)  loss_vfl_dn_0: 0.4690 (0.4663)  loss_vfl_dn_1: 0.4416 (0.4413)  loss_vfl_dn_2: 0.4355 (0.4355)  time: 0.9670  data: 0.0266  max mem: 9915
Epoch: [57]  [808/809]  eta: 0:00:01  lr: 0.000100  loss: 9.9521 (10.0021)  loss_bbox: 0.0953 (0.0886)  loss_bbox_aux_0: 0.1017 (0.0939)  loss_bbox_aux_1: 0.0971 (0.0900)  loss_bbox_aux_2: 0.1169 (0.1078)  loss_bbox_dn_0: 0.0535 (0.0541)  loss_bbox_dn_1: 0.0449 (0.0446)  loss_bbox_dn_2: 0.0437 (0.0435)  loss_giou: 0.9646 (0.9660)  loss_giou_aux_0: 1.0102 (0.9937)  loss_giou_aux_1: 0.9863 (0.9740)  loss_giou_aux_2: 1.0792 (1.0611)  loss_giou_dn_0: 0.7756 (0.7779)  loss_giou_dn_1: 0.7048 (0.7004)  loss_giou_dn_2: 0.6955 (0.6921)  loss_vfl: 0.4518 (0.4861)  loss_vfl_aux_0: 0.4710 (0.4988)  loss_vfl_aux_1: 0.4592 (0.4929)  loss_vfl_aux_2: 0.4834 (0.4935)  loss_vfl_dn_0: 0.4670 (0.4663)  loss_vfl_dn_1: 0.4453 (0.4414)  loss_vfl_dn_2: 0.4399 (0.4355)  time: 0.8516  data: 0.0242  max mem: 9915
Epoch: [57] Total time: 0:13:39 (1.0127 s / it)
Averaged stats: lr: 0.000100  loss: 9.9521 (10.0021)  loss_bbox: 0.0953 (0.0886)  loss_bbox_aux_0: 0.1017 (0.0939)  loss_bbox_aux_1: 0.0971 (0.0900)  loss_bbox_aux_2: 0.1169 (0.1078)  loss_bbox_dn_0: 0.0535 (0.0541)  loss_bbox_dn_1: 0.0449 (0.0446)  loss_bbox_dn_2: 0.0437 (0.0435)  loss_giou: 0.9646 (0.9660)  loss_giou_aux_0: 1.0102 (0.9937)  loss_giou_aux_1: 0.9863 (0.9740)  loss_giou_aux_2: 1.0792 (1.0611)  loss_giou_dn_0: 0.7756 (0.7779)  loss_giou_dn_1: 0.7048 (0.7004)  loss_giou_dn_2: 0.6955 (0.6921)  loss_vfl: 0.4518 (0.4861)  loss_vfl_aux_0: 0.4710 (0.4988)  loss_vfl_aux_1: 0.4592 (0.4929)  loss_vfl_aux_2: 0.4834 (0.4935)  loss_vfl_dn_0: 0.4670 (0.4663)  loss_vfl_dn_1: 0.4453 (0.4414)  loss_vfl_dn_2: 0.4399 (0.4355)
Test:  [ 0/69]  eta: 0:01:13    time: 1.0697  data: 0.5529  max mem: 9915
Test:  [10/69]  eta: 0:00:34    time: 0.5793  data: 0.0703  max mem: 9915
Test:  [20/69]  eta: 0:00:27    time: 0.5372  data: 0.0221  max mem: 9915
Test:  [30/69]  eta: 0:00:21    time: 0.5214  data: 0.0216  max mem: 9915
Test:  [40/69]  eta: 0:00:15    time: 0.4889  data: 0.0209  max mem: 9915
Test:  [50/69]  eta: 0:00:09    time: 0.4636  data: 0.0213  max mem: 9915
Test:  [60/69]  eta: 0:00:04    time: 0.4339  data: 0.0216  max mem: 9915
Test:  [68/69]  eta: 0:00:00    time: 0.4350  data: 0.0199  max mem: 9915
Test: Total time: 0:00:34 (0.4935 s / it)
Averaged stats: 
Accumulating evaluation results...
DONE (t=1.94s).
IoU metric: bbox
 Average Precision  (AP) @[ IoU=0.50:0.95 | area=   all | maxDets=100 ] = 0.219
 Average Precision  (AP) @[ IoU=0.50      | area=   all | maxDets=100 ] = 0.366
 Average Precision  (AP) @[ IoU=0.75      | area=   all | maxDets=100 ] = 0.222
 Average Precision  (AP) @[ IoU=0.50:0.95 | area= small | maxDets=100 ] = 0.133
 Average Precision  (AP) @[ IoU=0.50:0.95 | area=medium | maxDets=100 ] = 0.311
 Average Precision  (AP) @[ IoU=0.50:0.95 | area= large | maxDets=100 ] = 0.431
 Average Recall     (AR) @[ IoU=0.50:0.95 | area=   all | maxDets=  1 ] = 0.099
 Average Recall     (AR) @[ IoU=0.50:0.95 | area=   all | maxDets= 10 ] = 0.275
 Average Recall     (AR) @[ IoU=0.50:0.95 | area=   all | maxDets=100 ] = 0.371
 Average Recall     (AR) @[ IoU=0.50:0.95 | area= small | maxDets=100 ] = 0.277
 Average Recall     (AR) @[ IoU=0.50:0.95 | area=medium | maxDets=100 ] = 0.496
 Average Recall     (AR) @[ IoU=0.50:0.95 | area= large | maxDets=100 ] = 0.619
best_stat:  {'epoch': 57, 'coco_eval_bbox': 0.21903022320798818}
Epoch: [58]  [  0/809]  eta: 1:18:03  lr: 0.000100  loss: 10.1405 (10.1405)  loss_bbox: 0.0845 (0.0845)  loss_bbox_aux_0: 0.0856 (0.0856)  loss_bbox_aux_1: 0.0849 (0.0849)  loss_bbox_aux_2: 0.1013 (0.1013)  loss_bbox_dn_0: 0.0462 (0.0462)  loss_bbox_dn_1: 0.0388 (0.0388)  loss_bbox_dn_2: 0.0381 (0.0381)  loss_giou: 1.0323 (1.0323)  loss_giou_aux_0: 1.0357 (1.0357)  loss_giou_aux_1: 1.0438 (1.0438)  loss_giou_aux_2: 1.1022 (1.1022)  loss_giou_dn_0: 0.7961 (0.7961)  loss_giou_dn_1: 0.7251 (0.7251)  loss_giou_dn_2: 0.7253 (0.7253)  loss_vfl: 0.4634 (0.4634)  loss_vfl_aux_0: 0.4828 (0.4828)  loss_vfl_aux_1: 0.4628 (0.4628)  loss_vfl_aux_2: 0.4746 (0.4746)  loss_vfl_dn_0: 0.4563 (0.4563)  loss_vfl_dn_1: 0.4342 (0.4342)  loss_vfl_dn_2: 0.4265 (0.4265)  time: 5.7892  data: 1.7732  max mem: 9915
Epoch: [58]  [100/809]  eta: 0:12:51  lr: 0.000100  loss: 9.8192 (10.1077)  loss_bbox: 0.0743 (0.0945)  loss_bbox_aux_0: 0.0816 (0.1000)  loss_bbox_aux_1: 0.0753 (0.0959)  loss_bbox_aux_2: 0.0989 (0.1153)  loss_bbox_dn_0: 0.0506 (0.0533)  loss_bbox_dn_1: 0.0426 (0.0434)  loss_bbox_dn_2: 0.0409 (0.0423)  loss_giou: 0.9031 (0.9949)  loss_giou_aux_0: 0.9105 (1.0178)  loss_giou_aux_1: 0.9011 (1.0013)  loss_giou_aux_2: 1.0356 (1.0869)  loss_giou_dn_0: 0.7621 (0.7823)  loss_giou_dn_1: 0.7042 (0.7038)  loss_giou_dn_2: 0.7003 (0.6951)  loss_vfl: 0.4869 (0.4785)  loss_vfl_aux_0: 0.5138 (0.4922)  loss_vfl_aux_1: 0.5039 (0.4870)  loss_vfl_aux_2: 0.4994 (0.4860)  loss_vfl_dn_0: 0.4645 (0.4649)  loss_vfl_dn_1: 0.4326 (0.4386)  loss_vfl_dn_2: 0.4279 (0.4336)  time: 1.0425  data: 0.0294  max mem: 9915
Epoch: [58]  [200/809]  eta: 0:10:34  lr: 0.000100  loss: 9.9686 (10.0416)  loss_bbox: 0.0785 (0.0898)  loss_bbox_aux_0: 0.0852 (0.0953)  loss_bbox_aux_1: 0.0793 (0.0912)  loss_bbox_aux_2: 0.1043 (0.1100)  loss_bbox_dn_0: 0.0487 (0.0538)  loss_bbox_dn_1: 0.0415 (0.0438)  loss_bbox_dn_2: 0.0408 (0.0427)  loss_giou: 0.9703 (0.9762)  loss_giou_aux_0: 0.9948 (1.0016)  loss_giou_aux_1: 0.9717 (0.9824)  loss_giou_aux_2: 1.0530 (1.0689)  loss_giou_dn_0: 0.7601 (0.7808)  loss_giou_dn_1: 0.7039 (0.7025)  loss_giou_dn_2: 0.7039 (0.6941)  loss_vfl: 0.4543 (0.4845)  loss_vfl_aux_0: 0.4626 (0.4974)  loss_vfl_aux_1: 0.4640 (0.4926)  loss_vfl_aux_2: 0.4434 (0.4931)  loss_vfl_dn_0: 0.4662 (0.4656)  loss_vfl_dn_1: 0.4384 (0.4404)  loss_vfl_dn_2: 0.4323 (0.4349)  time: 0.9750  data: 0.0297  max mem: 9915
Epoch: [58]  [300/809]  eta: 0:08:47  lr: 0.000100  loss: 9.8579 (10.0582)  loss_bbox: 0.0836 (0.0903)  loss_bbox_aux_0: 0.0861 (0.0963)  loss_bbox_aux_1: 0.0827 (0.0919)  loss_bbox_aux_2: 0.1017 (0.1107)  loss_bbox_dn_0: 0.0484 (0.0541)  loss_bbox_dn_1: 0.0395 (0.0441)  loss_bbox_dn_2: 0.0394 (0.0430)  loss_giou: 0.9438 (0.9775)  loss_giou_aux_0: 0.9672 (1.0039)  loss_giou_aux_1: 0.9494 (0.9834)  loss_giou_aux_2: 1.0112 (1.0710)  loss_giou_dn_0: 0.7661 (0.7832)  loss_giou_dn_1: 0.6948 (0.7050)  loss_giou_dn_2: 0.6846 (0.6966)  loss_vfl: 0.4723 (0.4844)  loss_vfl_aux_0: 0.4826 (0.4965)  loss_vfl_aux_1: 0.4743 (0.4921)  loss_vfl_aux_2: 0.4738 (0.4926)  loss_vfl_dn_0: 0.4715 (0.4656)  loss_vfl_dn_1: 0.4437 (0.4408)  loss_vfl_dn_2: 0.4390 (0.4353)  time: 1.0051  data: 0.0286  max mem: 9915
Epoch: [58]  [400/809]  eta: 0:07:00  lr: 0.000100  loss: 9.5435 (10.0099)  loss_bbox: 0.0775 (0.0894)  loss_bbox_aux_0: 0.0814 (0.0954)  loss_bbox_aux_1: 0.0808 (0.0909)  loss_bbox_aux_2: 0.0962 (0.1098)  loss_bbox_dn_0: 0.0546 (0.0544)  loss_bbox_dn_1: 0.0458 (0.0444)  loss_bbox_dn_2: 0.0447 (0.0433)  loss_giou: 0.8840 (0.9656)  loss_giou_aux_0: 0.9023 (0.9929)  loss_giou_aux_1: 0.8998 (0.9716)  loss_giou_aux_2: 0.9843 (1.0599)  loss_giou_dn_0: 0.7574 (0.7802)  loss_giou_dn_1: 0.6864 (0.7015)  loss_giou_dn_2: 0.6781 (0.6931)  loss_vfl: 0.4879 (0.4873)  loss_vfl_aux_0: 0.4929 (0.4992)  loss_vfl_aux_1: 0.4873 (0.4950)  loss_vfl_aux_2: 0.4965 (0.4954)  loss_vfl_dn_0: 0.4646 (0.4653)  loss_vfl_dn_1: 0.4441 (0.4406)  loss_vfl_dn_2: 0.4356 (0.4349)  time: 0.9525  data: 0.0241  max mem: 9915
Epoch: [58]  [500/809]  eta: 0:05:17  lr: 0.000100  loss: 9.9997 (10.0245)  loss_bbox: 0.0831 (0.0898)  loss_bbox_aux_0: 0.0925 (0.0961)  loss_bbox_aux_1: 0.0897 (0.0913)  loss_bbox_aux_2: 0.0986 (0.1104)  loss_bbox_dn_0: 0.0525 (0.0543)  loss_bbox_dn_1: 0.0437 (0.0444)  loss_bbox_dn_2: 0.0433 (0.0433)  loss_giou: 0.9466 (0.9692)  loss_giou_aux_0: 0.9752 (0.9973)  loss_giou_aux_1: 0.9407 (0.9753)  loss_giou_aux_2: 1.0354 (1.0641)  loss_giou_dn_0: 0.7675 (0.7810)  loss_giou_dn_1: 0.6907 (0.7030)  loss_giou_dn_2: 0.6807 (0.6947)  loss_vfl: 0.4679 (0.4858)  loss_vfl_aux_0: 0.4742 (0.4968)  loss_vfl_aux_1: 0.4673 (0.4932)  loss_vfl_aux_2: 0.4716 (0.4932)  loss_vfl_dn_0: 0.4631 (0.4656)  loss_vfl_dn_1: 0.4370 (0.4407)  loss_vfl_dn_2: 0.4325 (0.4351)  time: 1.0043  data: 0.0305  max mem: 9915
Epoch: [58]  [600/809]  eta: 0:03:34  lr: 0.000100  loss: 9.8582 (9.9782)  loss_bbox: 0.0820 (0.0881)  loss_bbox_aux_0: 0.0858 (0.0943)  loss_bbox_aux_1: 0.0843 (0.0896)  loss_bbox_aux_2: 0.0939 (0.1086)  loss_bbox_dn_0: 0.0517 (0.0542)  loss_bbox_dn_1: 0.0420 (0.0443)  loss_bbox_dn_2: 0.0406 (0.0432)  loss_giou: 0.9151 (0.9604)  loss_giou_aux_0: 0.9272 (0.9887)  loss_giou_aux_1: 0.9004 (0.9662)  loss_giou_aux_2: 0.9962 (1.0556)  loss_giou_dn_0: 0.7777 (0.7771)  loss_giou_dn_1: 0.6909 (0.6987)  loss_giou_dn_2: 0.6869 (0.6903)  loss_vfl: 0.4984 (0.4873)  loss_vfl_aux_0: 0.5037 (0.4990)  loss_vfl_aux_1: 0.5026 (0.4950)  loss_vfl_aux_2: 0.4989 (0.4958)  loss_vfl_dn_0: 0.4685 (0.4658)  loss_vfl_dn_1: 0.4446 (0.4409)  loss_vfl_dn_2: 0.4406 (0.4351)  time: 0.9883  data: 0.0330  max mem: 9915
Epoch: [58]  [700/809]  eta: 0:01:51  lr: 0.000100  loss: 9.8897 (9.9749)  loss_bbox: 0.0697 (0.0875)  loss_bbox_aux_0: 0.0727 (0.0937)  loss_bbox_aux_1: 0.0696 (0.0890)  loss_bbox_aux_2: 0.0861 (0.1080)  loss_bbox_dn_0: 0.0511 (0.0541)  loss_bbox_dn_1: 0.0413 (0.0442)  loss_bbox_dn_2: 0.0398 (0.0431)  loss_giou: 0.8724 (0.9603)  loss_giou_aux_0: 0.9059 (0.9890)  loss_giou_aux_1: 0.8824 (0.9661)  loss_giou_aux_2: 0.9691 (1.0554)  loss_giou_dn_0: 0.7794 (0.7778)  loss_giou_dn_1: 0.7078 (0.6990)  loss_giou_dn_2: 0.6877 (0.6905)  loss_vfl: 0.4998 (0.4866)  loss_vfl_aux_0: 0.5210 (0.4984)  loss_vfl_aux_1: 0.5124 (0.4941)  loss_vfl_aux_2: 0.5103 (0.4953)  loss_vfl_dn_0: 0.4599 (0.4659)  loss_vfl_dn_1: 0.4397 (0.4413)  loss_vfl_dn_2: 0.4363 (0.4355)  time: 1.0080  data: 0.0306  max mem: 9915
Epoch: [58]  [800/809]  eta: 0:00:09  lr: 0.000100  loss: 9.9866 (9.9801)  loss_bbox: 0.0858 (0.0879)  loss_bbox_aux_0: 0.0929 (0.0940)  loss_bbox_aux_1: 0.0898 (0.0894)  loss_bbox_aux_2: 0.1010 (0.1081)  loss_bbox_dn_0: 0.0542 (0.0541)  loss_bbox_dn_1: 0.0469 (0.0443)  loss_bbox_dn_2: 0.0458 (0.0432)  loss_giou: 0.9271 (0.9612)  loss_giou_aux_0: 0.9531 (0.9900)  loss_giou_aux_1: 0.9373 (0.9675)  loss_giou_aux_2: 1.0500 (1.0570)  loss_giou_dn_0: 0.7795 (0.7784)  loss_giou_dn_1: 0.7034 (0.6999)  loss_giou_dn_2: 0.6928 (0.6914)  loss_vfl: 0.4940 (0.4861)  loss_vfl_aux_0: 0.5015 (0.4978)  loss_vfl_aux_1: 0.4970 (0.4934)  loss_vfl_aux_2: 0.4868 (0.4944)  loss_vfl_dn_0: 0.4654 (0.4656)  loss_vfl_dn_1: 0.4393 (0.4411)  loss_vfl_dn_2: 0.4328 (0.4354)  time: 1.0228  data: 0.0251  max mem: 9915
Epoch: [58]  [808/809]  eta: 0:00:01  lr: 0.000100  loss: 10.0937 (9.9861)  loss_bbox: 0.0903 (0.0882)  loss_bbox_aux_0: 0.0974 (0.0944)  loss_bbox_aux_1: 0.0903 (0.0897)  loss_bbox_aux_2: 0.1110 (0.1084)  loss_bbox_dn_0: 0.0542 (0.0541)  loss_bbox_dn_1: 0.0443 (0.0443)  loss_bbox_dn_2: 0.0440 (0.0432)  loss_giou: 0.9271 (0.9624)  loss_giou_aux_0: 0.9531 (0.9911)  loss_giou_aux_1: 0.9373 (0.9688)  loss_giou_aux_2: 1.0473 (1.0585)  loss_giou_dn_0: 0.7795 (0.7788)  loss_giou_dn_1: 0.6914 (0.7004)  loss_giou_dn_2: 0.6750 (0.6919)  loss_vfl: 0.4939 (0.4857)  loss_vfl_aux_0: 0.5015 (0.4973)  loss_vfl_aux_1: 0.4970 (0.4930)  loss_vfl_aux_2: 0.4964 (0.4939)  loss_vfl_dn_0: 0.4654 (0.4655)  loss_vfl_dn_1: 0.4393 (0.4410)  loss_vfl_dn_2: 0.4328 (0.4353)  time: 0.8668  data: 0.0221  max mem: 9915
Epoch: [58] Total time: 0:13:46 (1.0216 s / it)
Averaged stats: lr: 0.000100  loss: 10.0937 (9.9861)  loss_bbox: 0.0903 (0.0882)  loss_bbox_aux_0: 0.0974 (0.0944)  loss_bbox_aux_1: 0.0903 (0.0897)  loss_bbox_aux_2: 0.1110 (0.1084)  loss_bbox_dn_0: 0.0542 (0.0541)  loss_bbox_dn_1: 0.0443 (0.0443)  loss_bbox_dn_2: 0.0440 (0.0432)  loss_giou: 0.9271 (0.9624)  loss_giou_aux_0: 0.9531 (0.9911)  loss_giou_aux_1: 0.9373 (0.9688)  loss_giou_aux_2: 1.0473 (1.0585)  loss_giou_dn_0: 0.7795 (0.7788)  loss_giou_dn_1: 0.6914 (0.7004)  loss_giou_dn_2: 0.6750 (0.6919)  loss_vfl: 0.4939 (0.4857)  loss_vfl_aux_0: 0.5015 (0.4973)  loss_vfl_aux_1: 0.4970 (0.4930)  loss_vfl_aux_2: 0.4964 (0.4939)  loss_vfl_dn_0: 0.4654 (0.4655)  loss_vfl_dn_1: 0.4393 (0.4410)  loss_vfl_dn_2: 0.4328 (0.4353)
Test:  [ 0/69]  eta: 0:01:10    time: 1.0169  data: 0.5616  max mem: 9915
Test:  [10/69]  eta: 0:00:38    time: 0.6476  data: 0.0701  max mem: 9915
Test:  [20/69]  eta: 0:00:29    time: 0.5852  data: 0.0209  max mem: 9915
Test:  [30/69]  eta: 0:00:22    time: 0.5221  data: 0.0204  max mem: 9915
Test:  [40/69]  eta: 0:00:16    time: 0.4956  data: 0.0204  max mem: 9915
Test:  [50/69]  eta: 0:00:10    time: 0.4741  data: 0.0216  max mem: 9915
Test:  [60/69]  eta: 0:00:04    time: 0.4378  data: 0.0219  max mem: 9915
Test:  [68/69]  eta: 0:00:00    time: 0.4388  data: 0.0199  max mem: 9915
Test: Total time: 0:00:35 (0.5095 s / it)
Averaged stats: 
Accumulating evaluation results...
DONE (t=1.92s).
IoU metric: bbox
 Average Precision  (AP) @[ IoU=0.50:0.95 | area=   all | maxDets=100 ] = 0.219
 Average Precision  (AP) @[ IoU=0.50      | area=   all | maxDets=100 ] = 0.367
 Average Precision  (AP) @[ IoU=0.75      | area=   all | maxDets=100 ] = 0.223
 Average Precision  (AP) @[ IoU=0.50:0.95 | area= small | maxDets=100 ] = 0.133
 Average Precision  (AP) @[ IoU=0.50:0.95 | area=medium | maxDets=100 ] = 0.312
 Average Precision  (AP) @[ IoU=0.50:0.95 | area= large | maxDets=100 ] = 0.438
 Average Recall     (AR) @[ IoU=0.50:0.95 | area=   all | maxDets=  1 ] = 0.099
 Average Recall     (AR) @[ IoU=0.50:0.95 | area=   all | maxDets= 10 ] = 0.276
 Average Recall     (AR) @[ IoU=0.50:0.95 | area=   all | maxDets=100 ] = 0.372
 Average Recall     (AR) @[ IoU=0.50:0.95 | area= small | maxDets=100 ] = 0.278
 Average Recall     (AR) @[ IoU=0.50:0.95 | area=medium | maxDets=100 ] = 0.496
 Average Recall     (AR) @[ IoU=0.50:0.95 | area= large | maxDets=100 ] = 0.625
best_stat:  {'epoch': 58, 'coco_eval_bbox': 0.21926193188525714}
Epoch: [59]  [  0/809]  eta: 1:23:24  lr: 0.000100  loss: 9.5516 (9.5516)  loss_bbox: 0.0753 (0.0753)  loss_bbox_aux_0: 0.0865 (0.0865)  loss_bbox_aux_1: 0.0769 (0.0769)  loss_bbox_aux_2: 0.1093 (0.1093)  loss_bbox_dn_0: 0.0525 (0.0525)  loss_bbox_dn_1: 0.0396 (0.0396)  loss_bbox_dn_2: 0.0384 (0.0384)  loss_giou: 0.9109 (0.9109)  loss_giou_aux_0: 0.9067 (0.9067)  loss_giou_aux_1: 0.9036 (0.9036)  loss_giou_aux_2: 1.0007 (1.0007)  loss_giou_dn_0: 0.7240 (0.7240)  loss_giou_dn_1: 0.6569 (0.6569)  loss_giou_dn_2: 0.6478 (0.6478)  loss_vfl: 0.4940 (0.4940)  loss_vfl_aux_0: 0.4958 (0.4958)  loss_vfl_aux_1: 0.5070 (0.5070)  loss_vfl_aux_2: 0.5111 (0.5111)  loss_vfl_dn_0: 0.4576 (0.4576)  loss_vfl_dn_1: 0.4330 (0.4330)  loss_vfl_dn_2: 0.4238 (0.4238)  time: 6.1863  data: 4.5917  max mem: 9915
Epoch: [59]  [100/809]  eta: 0:12:52  lr: 0.000100  loss: 9.7486 (9.9504)  loss_bbox: 0.0739 (0.0897)  loss_bbox_aux_0: 0.0826 (0.0961)  loss_bbox_aux_1: 0.0756 (0.0912)  loss_bbox_aux_2: 0.0931 (0.1085)  loss_bbox_dn_0: 0.0492 (0.0539)  loss_bbox_dn_1: 0.0415 (0.0442)  loss_bbox_dn_2: 0.0400 (0.0432)  loss_giou: 0.9006 (0.9593)  loss_giou_aux_0: 0.9362 (0.9869)  loss_giou_aux_1: 0.9081 (0.9652)  loss_giou_aux_2: 1.0137 (1.0549)  loss_giou_dn_0: 0.7376 (0.7734)  loss_giou_dn_1: 0.6611 (0.6953)  loss_giou_dn_2: 0.6545 (0.6865)  loss_vfl: 0.4892 (0.4823)  loss_vfl_aux_0: 0.4963 (0.4947)  loss_vfl_aux_1: 0.4976 (0.4914)  loss_vfl_aux_2: 0.4917 (0.4915)  loss_vfl_dn_0: 0.4632 (0.4663)  loss_vfl_dn_1: 0.4397 (0.4406)  loss_vfl_dn_2: 0.4340 (0.4352)  time: 1.0644  data: 0.0268  max mem: 9915
Epoch: [59]  [200/809]  eta: 0:10:45  lr: 0.000100  loss: 9.9230 (9.9712)  loss_bbox: 0.0859 (0.0882)  loss_bbox_aux_0: 0.0874 (0.0945)  loss_bbox_aux_1: 0.0863 (0.0897)  loss_bbox_aux_2: 0.0999 (0.1076)  loss_bbox_dn_0: 0.0531 (0.0530)  loss_bbox_dn_1: 0.0424 (0.0437)  loss_bbox_dn_2: 0.0405 (0.0426)  loss_giou: 0.9550 (0.9663)  loss_giou_aux_0: 1.0039 (0.9963)  loss_giou_aux_1: 0.9606 (0.9722)  loss_giou_aux_2: 1.0657 (1.0643)  loss_giou_dn_0: 0.7748 (0.7764)  loss_giou_dn_1: 0.6999 (0.6995)  loss_giou_dn_2: 0.6904 (0.6909)  loss_vfl: 0.4717 (0.4809)  loss_vfl_aux_0: 0.4811 (0.4919)  loss_vfl_aux_1: 0.4851 (0.4889)  loss_vfl_aux_2: 0.4661 (0.4877)  loss_vfl_dn_0: 0.4592 (0.4644)  loss_vfl_dn_1: 0.4346 (0.4389)  loss_vfl_dn_2: 0.4293 (0.4334)  time: 1.0502  data: 0.0274  max mem: 9915
Epoch: [59]  [300/809]  eta: 0:08:51  lr: 0.000100  loss: 9.6318 (9.9633)  loss_bbox: 0.0734 (0.0884)  loss_bbox_aux_0: 0.0773 (0.0941)  loss_bbox_aux_1: 0.0748 (0.0898)  loss_bbox_aux_2: 0.0917 (0.1068)  loss_bbox_dn_0: 0.0487 (0.0529)  loss_bbox_dn_1: 0.0421 (0.0437)  loss_bbox_dn_2: 0.0427 (0.0426)  loss_giou: 0.8902 (0.9622)  loss_giou_aux_0: 0.9213 (0.9932)  loss_giou_aux_1: 0.8930 (0.9677)  loss_giou_aux_2: 0.9978 (1.0600)  loss_giou_dn_0: 0.7501 (0.7746)  loss_giou_dn_1: 0.6736 (0.6978)  loss_giou_dn_2: 0.6609 (0.6891)  loss_vfl: 0.5128 (0.4841)  loss_vfl_aux_0: 0.5138 (0.4955)  loss_vfl_aux_1: 0.5182 (0.4920)  loss_vfl_aux_2: 0.5125 (0.4909)  loss_vfl_dn_0: 0.4647 (0.4648)  loss_vfl_dn_1: 0.4345 (0.4392)  loss_vfl_dn_2: 0.4315 (0.4337)  time: 0.9967  data: 0.0299  max mem: 9915
Epoch: [59]  [400/809]  eta: 0:07:04  lr: 0.000100  loss: 10.1195 (9.9597)  loss_bbox: 0.0775 (0.0877)  loss_bbox_aux_0: 0.0810 (0.0933)  loss_bbox_aux_1: 0.0791 (0.0891)  loss_bbox_aux_2: 0.0938 (0.1059)  loss_bbox_dn_0: 0.0520 (0.0534)  loss_bbox_dn_1: 0.0438 (0.0441)  loss_bbox_dn_2: 0.0429 (0.0430)  loss_giou: 0.9580 (0.9586)  loss_giou_aux_0: 1.0183 (0.9892)  loss_giou_aux_1: 0.9699 (0.9640)  loss_giou_aux_2: 1.0933 (1.0560)  loss_giou_dn_0: 0.7930 (0.7739)  loss_giou_dn_1: 0.7311 (0.6968)  loss_giou_dn_2: 0.7275 (0.6884)  loss_vfl: 0.4914 (0.4868)  loss_vfl_aux_0: 0.5044 (0.4990)  loss_vfl_aux_1: 0.4939 (0.4952)  loss_vfl_aux_2: 0.4799 (0.4956)  loss_vfl_dn_0: 0.4681 (0.4654)  loss_vfl_dn_1: 0.4460 (0.4399)  loss_vfl_dn_2: 0.4403 (0.4343)  time: 1.0324  data: 0.0317  max mem: 9915
Epoch: [59]  [500/809]  eta: 0:05:20  lr: 0.000100  loss: 9.9902 (9.9636)  loss_bbox: 0.0876 (0.0880)  loss_bbox_aux_0: 0.0899 (0.0935)  loss_bbox_aux_1: 0.0895 (0.0894)  loss_bbox_aux_2: 0.1004 (0.1061)  loss_bbox_dn_0: 0.0501 (0.0534)  loss_bbox_dn_1: 0.0439 (0.0442)  loss_bbox_dn_2: 0.0427 (0.0431)  loss_giou: 0.8968 (0.9584)  loss_giou_aux_0: 0.9168 (0.9884)  loss_giou_aux_1: 0.9036 (0.9640)  loss_giou_aux_2: 1.0254 (1.0553)  loss_giou_dn_0: 0.7723 (0.7733)  loss_giou_dn_1: 0.7008 (0.6965)  loss_giou_dn_2: 0.6919 (0.6881)  loss_vfl: 0.5147 (0.4878)  loss_vfl_aux_0: 0.5279 (0.5003)  loss_vfl_aux_1: 0.5277 (0.4959)  loss_vfl_aux_2: 0.5226 (0.4966)  loss_vfl_dn_0: 0.4701 (0.4661)  loss_vfl_dn_1: 0.4458 (0.4404)  loss_vfl_dn_2: 0.4349 (0.4348)  time: 1.0636  data: 0.0262  max mem: 9915
Epoch: [59]  [600/809]  eta: 0:03:35  lr: 0.000100  loss: 9.9475 (9.9527)  loss_bbox: 0.0839 (0.0874)  loss_bbox_aux_0: 0.0864 (0.0926)  loss_bbox_aux_1: 0.0862 (0.0889)  loss_bbox_aux_2: 0.1068 (0.1055)  loss_bbox_dn_0: 0.0542 (0.0536)  loss_bbox_dn_1: 0.0449 (0.0443)  loss_bbox_dn_2: 0.0436 (0.0433)  loss_giou: 0.9866 (0.9556)  loss_giou_aux_0: 1.0171 (0.9853)  loss_giou_aux_1: 1.0002 (0.9612)  loss_giou_aux_2: 1.0955 (1.0527)  loss_giou_dn_0: 0.7717 (0.7730)  loss_giou_dn_1: 0.6901 (0.6962)  loss_giou_dn_2: 0.6852 (0.6878)  loss_vfl: 0.4704 (0.4881)  loss_vfl_aux_0: 0.4956 (0.5012)  loss_vfl_aux_1: 0.4929 (0.4962)  loss_vfl_aux_2: 0.4874 (0.4972)  loss_vfl_dn_0: 0.4684 (0.4665)  loss_vfl_dn_1: 0.4424 (0.4408)  loss_vfl_dn_2: 0.4315 (0.4351)  time: 1.0185  data: 0.0313  max mem: 9915
Epoch: [59]  [700/809]  eta: 0:01:52  lr: 0.000100  loss: 9.6304 (9.9466)  loss_bbox: 0.0809 (0.0873)  loss_bbox_aux_0: 0.0824 (0.0924)  loss_bbox_aux_1: 0.0817 (0.0889)  loss_bbox_aux_2: 0.0930 (0.1052)  loss_bbox_dn_0: 0.0567 (0.0540)  loss_bbox_dn_1: 0.0466 (0.0446)  loss_bbox_dn_2: 0.0447 (0.0435)  loss_giou: 0.8820 (0.9541)  loss_giou_aux_0: 0.8989 (0.9835)  loss_giou_aux_1: 0.8907 (0.9601)  loss_giou_aux_2: 0.9576 (1.0512)  loss_giou_dn_0: 0.7574 (0.7730)  loss_giou_dn_1: 0.6783 (0.6960)  loss_giou_dn_2: 0.6612 (0.6875)  loss_vfl: 0.4980 (0.4883)  loss_vfl_aux_0: 0.5164 (0.5016)  loss_vfl_aux_1: 0.4997 (0.4959)  loss_vfl_aux_2: 0.5241 (0.4975)  loss_vfl_dn_0: 0.4646 (0.4663)  loss_vfl_dn_1: 0.4416 (0.4406)  loss_vfl_dn_2: 0.4350 (0.4350)  time: 1.0464  data: 0.0282  max mem: 9915
Epoch: [59]  [800/809]  eta: 0:00:09  lr: 0.000100  loss: 10.1690 (9.9576)  loss_bbox: 0.0791 (0.0875)  loss_bbox_aux_0: 0.0845 (0.0926)  loss_bbox_aux_1: 0.0816 (0.0891)  loss_bbox_aux_2: 0.1003 (0.1055)  loss_bbox_dn_0: 0.0470 (0.0540)  loss_bbox_dn_1: 0.0384 (0.0445)  loss_bbox_dn_2: 0.0376 (0.0434)  loss_giou: 0.9545 (0.9571)  loss_giou_aux_0: 1.0001 (0.9861)  loss_giou_aux_1: 0.9691 (0.9630)  loss_giou_aux_2: 1.0533 (1.0537)  loss_giou_dn_0: 0.8036 (0.7742)  loss_giou_dn_1: 0.7154 (0.6973)  loss_giou_dn_2: 0.7019 (0.6888)  loss_vfl: 0.4868 (0.4872)  loss_vfl_aux_0: 0.4949 (0.5003)  loss_vfl_aux_1: 0.4947 (0.4952)  loss_vfl_aux_2: 0.4740 (0.4964)  loss_vfl_dn_0: 0.4647 (0.4662)  loss_vfl_dn_1: 0.4402 (0.4406)  loss_vfl_dn_2: 0.4347 (0.4349)  time: 1.0360  data: 0.0284  max mem: 9915
Epoch: [59]  [808/809]  eta: 0:00:01  lr: 0.000100  loss: 10.0541 (9.9605)  loss_bbox: 0.0753 (0.0878)  loss_bbox_aux_0: 0.0787 (0.0929)  loss_bbox_aux_1: 0.0759 (0.0894)  loss_bbox_aux_2: 0.0932 (0.1057)  loss_bbox_dn_0: 0.0493 (0.0540)  loss_bbox_dn_1: 0.0415 (0.0445)  loss_bbox_dn_2: 0.0407 (0.0434)  loss_giou: 0.9545 (0.9578)  loss_giou_aux_0: 1.0001 (0.9868)  loss_giou_aux_1: 0.9691 (0.9636)  loss_giou_aux_2: 1.0487 (1.0542)  loss_giou_dn_0: 0.7832 (0.7743)  loss_giou_dn_1: 0.7068 (0.6974)  loss_giou_dn_2: 0.6975 (0.6890)  loss_vfl: 0.4868 (0.4870)  loss_vfl_aux_0: 0.4949 (0.5000)  loss_vfl_aux_1: 0.4947 (0.4949)  loss_vfl_aux_2: 0.4740 (0.4962)  loss_vfl_dn_0: 0.4624 (0.4661)  loss_vfl_dn_1: 0.4398 (0.4406)  loss_vfl_dn_2: 0.4314 (0.4349)  time: 0.8532  data: 0.0237  max mem: 9915
Epoch: [59] Total time: 0:13:48 (1.0236 s / it)
Averaged stats: lr: 0.000100  loss: 10.0541 (9.9605)  loss_bbox: 0.0753 (0.0878)  loss_bbox_aux_0: 0.0787 (0.0929)  loss_bbox_aux_1: 0.0759 (0.0894)  loss_bbox_aux_2: 0.0932 (0.1057)  loss_bbox_dn_0: 0.0493 (0.0540)  loss_bbox_dn_1: 0.0415 (0.0445)  loss_bbox_dn_2: 0.0407 (0.0434)  loss_giou: 0.9545 (0.9578)  loss_giou_aux_0: 1.0001 (0.9868)  loss_giou_aux_1: 0.9691 (0.9636)  loss_giou_aux_2: 1.0487 (1.0542)  loss_giou_dn_0: 0.7832 (0.7743)  loss_giou_dn_1: 0.7068 (0.6974)  loss_giou_dn_2: 0.6975 (0.6890)  loss_vfl: 0.4868 (0.4870)  loss_vfl_aux_0: 0.4949 (0.5000)  loss_vfl_aux_1: 0.4947 (0.4949)  loss_vfl_aux_2: 0.4740 (0.4962)  loss_vfl_dn_0: 0.4624 (0.4661)  loss_vfl_dn_1: 0.4398 (0.4406)  loss_vfl_dn_2: 0.4314 (0.4349)
Test:  [ 0/69]  eta: 0:01:17    time: 1.1171  data: 0.6505  max mem: 9915
Test:  [10/69]  eta: 0:00:38    time: 0.6606  data: 0.0765  max mem: 9915
Test:  [20/69]  eta: 0:00:29    time: 0.5820  data: 0.0202  max mem: 9915
Test:  [30/69]  eta: 0:00:22    time: 0.5299  data: 0.0218  max mem: 9915
Test:  [40/69]  eta: 0:00:15    time: 0.4929  data: 0.0220  max mem: 9915
Test:  [50/69]  eta: 0:00:10    time: 0.4564  data: 0.0210  max mem: 9915
Test:  [60/69]  eta: 0:00:04    time: 0.4275  data: 0.0208  max mem: 9915
Test:  [68/69]  eta: 0:00:00    time: 0.4360  data: 0.0207  max mem: 9915
Test: Total time: 0:00:35 (0.5073 s / it)
Averaged stats: 
Accumulating evaluation results...
DONE (t=1.92s).
IoU metric: bbox
 Average Precision  (AP) @[ IoU=0.50:0.95 | area=   all | maxDets=100 ] = 0.221
 Average Precision  (AP) @[ IoU=0.50      | area=   all | maxDets=100 ] = 0.369
 Average Precision  (AP) @[ IoU=0.75      | area=   all | maxDets=100 ] = 0.225
 Average Precision  (AP) @[ IoU=0.50:0.95 | area= small | maxDets=100 ] = 0.134
 Average Precision  (AP) @[ IoU=0.50:0.95 | area=medium | maxDets=100 ] = 0.313
 Average Precision  (AP) @[ IoU=0.50:0.95 | area= large | maxDets=100 ] = 0.441
 Average Recall     (AR) @[ IoU=0.50:0.95 | area=   all | maxDets=  1 ] = 0.098
 Average Recall     (AR) @[ IoU=0.50:0.95 | area=   all | maxDets= 10 ] = 0.277
 Average Recall     (AR) @[ IoU=0.50:0.95 | area=   all | maxDets=100 ] = 0.373
 Average Recall     (AR) @[ IoU=0.50:0.95 | area= small | maxDets=100 ] = 0.279
 Average Recall     (AR) @[ IoU=0.50:0.95 | area=medium | maxDets=100 ] = 0.498
 Average Recall     (AR) @[ IoU=0.50:0.95 | area= large | maxDets=100 ] = 0.628
best_stat:  {'epoch': 59, 'coco_eval_bbox': 0.22081266071099517}
Epoch: [60]  [  0/809]  eta: 1:07:10  lr: 0.000100  loss: 10.2404 (10.2404)  loss_bbox: 0.0706 (0.0706)  loss_bbox_aux_0: 0.0758 (0.0758)  loss_bbox_aux_1: 0.0688 (0.0688)  loss_bbox_aux_2: 0.0879 (0.0879)  loss_bbox_dn_0: 0.0447 (0.0447)  loss_bbox_dn_1: 0.0395 (0.0395)  loss_bbox_dn_2: 0.0386 (0.0386)  loss_giou: 0.9624 (0.9624)  loss_giou_aux_0: 0.9898 (0.9898)  loss_giou_aux_1: 0.9575 (0.9575)  loss_giou_aux_2: 1.0521 (1.0521)  loss_giou_dn_0: 0.8253 (0.8253)  loss_giou_dn_1: 0.7486 (0.7486)  loss_giou_dn_2: 0.7393 (0.7393)  loss_vfl: 0.5533 (0.5533)  loss_vfl_aux_0: 0.5458 (0.5458)  loss_vfl_aux_1: 0.5606 (0.5606)  loss_vfl_aux_2: 0.5325 (0.5325)  loss_vfl_dn_0: 0.4604 (0.4604)  loss_vfl_dn_1: 0.4479 (0.4479)  loss_vfl_dn_2: 0.4389 (0.4389)  time: 4.9818  data: 2.3307  max mem: 9915
Epoch: [60]  [100/809]  eta: 0:12:35  lr: 0.000100  loss: 10.1825 (9.9781)  loss_bbox: 0.0851 (0.0896)  loss_bbox_aux_0: 0.0917 (0.0955)  loss_bbox_aux_1: 0.0875 (0.0913)  loss_bbox_aux_2: 0.1126 (0.1100)  loss_bbox_dn_0: 0.0524 (0.0534)  loss_bbox_dn_1: 0.0436 (0.0440)  loss_bbox_dn_2: 0.0428 (0.0428)  loss_giou: 1.0169 (0.9613)  loss_giou_aux_0: 1.0356 (0.9913)  loss_giou_aux_1: 1.0161 (0.9655)  loss_giou_aux_2: 1.0658 (1.0550)  loss_giou_dn_0: 0.7851 (0.7753)  loss_giou_dn_1: 0.7038 (0.6983)  loss_giou_dn_2: 0.6957 (0.6899)  loss_vfl: 0.4812 (0.4858)  loss_vfl_aux_0: 0.4953 (0.4989)  loss_vfl_aux_1: 0.4902 (0.4949)  loss_vfl_aux_2: 0.4871 (0.4946)  loss_vfl_dn_0: 0.4650 (0.4658)  loss_vfl_dn_1: 0.4391 (0.4404)  loss_vfl_dn_2: 0.4358 (0.4345)  time: 1.0230  data: 0.0269  max mem: 9915
Epoch: [60]  [200/809]  eta: 0:10:33  lr: 0.000100  loss: 10.1201 (9.9491)  loss_bbox: 0.0798 (0.0894)  loss_bbox_aux_0: 0.0840 (0.0957)  loss_bbox_aux_1: 0.0800 (0.0909)  loss_bbox_aux_2: 0.1054 (0.1107)  loss_bbox_dn_0: 0.0538 (0.0532)  loss_bbox_dn_1: 0.0453 (0.0438)  loss_bbox_dn_2: 0.0447 (0.0427)  loss_giou: 1.0283 (0.9599)  loss_giou_aux_0: 1.0531 (0.9903)  loss_giou_aux_1: 1.0468 (0.9665)  loss_giou_aux_2: 1.1211 (1.0550)  loss_giou_dn_0: 0.8005 (0.7719)  loss_giou_dn_1: 0.7310 (0.6945)  loss_giou_dn_2: 0.7196 (0.6863)  loss_vfl: 0.4604 (0.4825)  loss_vfl_aux_0: 0.4668 (0.4954)  loss_vfl_aux_1: 0.4681 (0.4902)  loss_vfl_aux_2: 0.4614 (0.4907)  loss_vfl_dn_0: 0.4585 (0.4654)  loss_vfl_dn_1: 0.4323 (0.4398)  loss_vfl_dn_2: 0.4288 (0.4342)  time: 1.0120  data: 0.0269  max mem: 9915
Epoch: [60]  [300/809]  eta: 0:08:44  lr: 0.000100  loss: 10.0268 (9.9824)  loss_bbox: 0.0826 (0.0904)  loss_bbox_aux_0: 0.0889 (0.0961)  loss_bbox_aux_1: 0.0872 (0.0918)  loss_bbox_aux_2: 0.0954 (0.1106)  loss_bbox_dn_0: 0.0511 (0.0528)  loss_bbox_dn_1: 0.0411 (0.0434)  loss_bbox_dn_2: 0.0398 (0.0423)  loss_giou: 0.9896 (0.9705)  loss_giou_aux_0: 1.0045 (0.9984)  loss_giou_aux_1: 0.9917 (0.9754)  loss_giou_aux_2: 1.0964 (1.0628)  loss_giou_dn_0: 0.7941 (0.7761)  loss_giou_dn_1: 0.7122 (0.6988)  loss_giou_dn_2: 0.7112 (0.6906)  loss_vfl: 0.4477 (0.4789)  loss_vfl_aux_0: 0.4622 (0.4917)  loss_vfl_aux_1: 0.4623 (0.4865)  loss_vfl_aux_2: 0.4642 (0.4871)  loss_vfl_dn_0: 0.4591 (0.4649)  loss_vfl_dn_1: 0.4365 (0.4395)  loss_vfl_dn_2: 0.4282 (0.4337)  time: 1.0198  data: 0.0268  max mem: 9915
Epoch: [60]  [400/809]  eta: 0:07:00  lr: 0.000100  loss: 9.7504 (9.9832)  loss_bbox: 0.0773 (0.0905)  loss_bbox_aux_0: 0.0852 (0.0957)  loss_bbox_aux_1: 0.0780 (0.0918)  loss_bbox_aux_2: 0.1005 (0.1098)  loss_bbox_dn_0: 0.0522 (0.0538)  loss_bbox_dn_1: 0.0422 (0.0443)  loss_bbox_dn_2: 0.0413 (0.0432)  loss_giou: 0.9774 (0.9656)  loss_giou_aux_0: 1.0012 (0.9938)  loss_giou_aux_1: 0.9890 (0.9707)  loss_giou_aux_2: 1.0713 (1.0590)  loss_giou_dn_0: 0.7872 (0.7761)  loss_giou_dn_1: 0.7021 (0.6978)  loss_giou_dn_2: 0.6940 (0.6893)  loss_vfl: 0.4709 (0.4831)  loss_vfl_aux_0: 0.4772 (0.4960)  loss_vfl_aux_1: 0.4770 (0.4908)  loss_vfl_aux_2: 0.4702 (0.4919)  loss_vfl_dn_0: 0.4614 (0.4654)  loss_vfl_dn_1: 0.4345 (0.4401)  loss_vfl_dn_2: 0.4312 (0.4344)  time: 1.0471  data: 0.0265  max mem: 9915
Epoch: [60]  [500/809]  eta: 0:05:17  lr: 0.000100  loss: 9.6175 (9.9766)  loss_bbox: 0.0704 (0.0892)  loss_bbox_aux_0: 0.0751 (0.0942)  loss_bbox_aux_1: 0.0717 (0.0905)  loss_bbox_aux_2: 0.0887 (0.1083)  loss_bbox_dn_0: 0.0473 (0.0534)  loss_bbox_dn_1: 0.0393 (0.0439)  loss_bbox_dn_2: 0.0386 (0.0428)  loss_giou: 0.8586 (0.9650)  loss_giou_aux_0: 0.8949 (0.9941)  loss_giou_aux_1: 0.8696 (0.9710)  loss_giou_aux_2: 0.9498 (1.0588)  loss_giou_dn_0: 0.7813 (0.7763)  loss_giou_dn_1: 0.7045 (0.6982)  loss_giou_dn_2: 0.6918 (0.6897)  loss_vfl: 0.4753 (0.4830)  loss_vfl_aux_0: 0.5004 (0.4962)  loss_vfl_aux_1: 0.4895 (0.4905)  loss_vfl_aux_2: 0.4953 (0.4919)  loss_vfl_dn_0: 0.4638 (0.4652)  loss_vfl_dn_1: 0.4390 (0.4402)  loss_vfl_dn_2: 0.4334 (0.4344)  time: 1.0187  data: 0.0289  max mem: 9915
Epoch: [60]  [600/809]  eta: 0:03:35  lr: 0.000100  loss: 10.1545 (10.0021)  loss_bbox: 0.0813 (0.0906)  loss_bbox_aux_0: 0.0887 (0.0956)  loss_bbox_aux_1: 0.0827 (0.0919)  loss_bbox_aux_2: 0.1063 (0.1099)  loss_bbox_dn_0: 0.0480 (0.0531)  loss_bbox_dn_1: 0.0389 (0.0437)  loss_bbox_dn_2: 0.0377 (0.0426)  loss_giou: 0.9633 (0.9693)  loss_giou_aux_0: 1.0081 (0.9994)  loss_giou_aux_1: 0.9783 (0.9758)  loss_giou_aux_2: 1.1022 (1.0637)  loss_giou_dn_0: 0.8168 (0.7781)  loss_giou_dn_1: 0.7204 (0.6998)  loss_giou_dn_2: 0.7129 (0.6912)  loss_vfl: 0.4539 (0.4822)  loss_vfl_aux_0: 0.4561 (0.4950)  loss_vfl_aux_1: 0.4563 (0.4897)  loss_vfl_aux_2: 0.4629 (0.4903)  loss_vfl_dn_0: 0.4608 (0.4652)  loss_vfl_dn_1: 0.4365 (0.4405)  loss_vfl_dn_2: 0.4304 (0.4346)  time: 1.0726  data: 0.0346  max mem: 9915
Epoch: [60]  [700/809]  eta: 0:01:52  lr: 0.000100  loss: 9.9603 (10.0145)  loss_bbox: 0.0785 (0.0909)  loss_bbox_aux_0: 0.0797 (0.0959)  loss_bbox_aux_1: 0.0773 (0.0922)  loss_bbox_aux_2: 0.0952 (0.1106)  loss_bbox_dn_0: 0.0520 (0.0531)  loss_bbox_dn_1: 0.0433 (0.0437)  loss_bbox_dn_2: 0.0431 (0.0426)  loss_giou: 0.9746 (0.9717)  loss_giou_aux_0: 1.0163 (1.0016)  loss_giou_aux_1: 0.9865 (0.9785)  loss_giou_aux_2: 1.0732 (1.0661)  loss_giou_dn_0: 0.7723 (0.7792)  loss_giou_dn_1: 0.7067 (0.7006)  loss_giou_dn_2: 0.7016 (0.6922)  loss_vfl: 0.4679 (0.4815)  loss_vfl_aux_0: 0.4757 (0.4946)  loss_vfl_aux_1: 0.4717 (0.4888)  loss_vfl_aux_2: 0.4583 (0.4896)  loss_vfl_dn_0: 0.4662 (0.4654)  loss_vfl_dn_1: 0.4395 (0.4407)  loss_vfl_dn_2: 0.4361 (0.4349)  time: 1.0096  data: 0.0284  max mem: 9915
Epoch: [60]  [800/809]  eta: 0:00:09  lr: 0.000100  loss: 10.0290 (10.0175)  loss_bbox: 0.0791 (0.0905)  loss_bbox_aux_0: 0.0815 (0.0956)  loss_bbox_aux_1: 0.0779 (0.0919)  loss_bbox_aux_2: 0.0910 (0.1104)  loss_bbox_dn_0: 0.0481 (0.0532)  loss_bbox_dn_1: 0.0396 (0.0437)  loss_bbox_dn_2: 0.0393 (0.0427)  loss_giou: 0.9985 (0.9717)  loss_giou_aux_0: 1.0298 (1.0014)  loss_giou_aux_1: 1.0096 (0.9787)  loss_giou_aux_2: 1.0972 (1.0673)  loss_giou_dn_0: 0.7949 (0.7800)  loss_giou_dn_1: 0.7234 (0.7018)  loss_giou_dn_2: 0.7161 (0.6934)  loss_vfl: 0.4716 (0.4816)  loss_vfl_aux_0: 0.4840 (0.4944)  loss_vfl_aux_1: 0.4838 (0.4891)  loss_vfl_aux_2: 0.4775 (0.4889)  loss_vfl_dn_0: 0.4582 (0.4655)  loss_vfl_dn_1: 0.4362 (0.4407)  loss_vfl_dn_2: 0.4297 (0.4350)  time: 1.0352  data: 0.0306  max mem: 9915
Epoch: [60]  [808/809]  eta: 0:00:01  lr: 0.000100  loss: 10.0668 (10.0172)  loss_bbox: 0.0825 (0.0905)  loss_bbox_aux_0: 0.0821 (0.0955)  loss_bbox_aux_1: 0.0824 (0.0918)  loss_bbox_aux_2: 0.0981 (0.1103)  loss_bbox_dn_0: 0.0504 (0.0532)  loss_bbox_dn_1: 0.0393 (0.0437)  loss_bbox_dn_2: 0.0379 (0.0427)  loss_giou: 0.9941 (0.9717)  loss_giou_aux_0: 1.0154 (1.0014)  loss_giou_aux_1: 1.0022 (0.9787)  loss_giou_aux_2: 1.0786 (1.0672)  loss_giou_dn_0: 0.7957 (0.7801)  loss_giou_dn_1: 0.7196 (0.7020)  loss_giou_dn_2: 0.7119 (0.6936)  loss_vfl: 0.4666 (0.4814)  loss_vfl_aux_0: 0.4826 (0.4943)  loss_vfl_aux_1: 0.4772 (0.4890)  loss_vfl_aux_2: 0.4805 (0.4888)  loss_vfl_dn_0: 0.4612 (0.4655)  loss_vfl_dn_1: 0.4381 (0.4407)  loss_vfl_dn_2: 0.4311 (0.4350)  time: 0.9213  data: 0.0276  max mem: 9915
Epoch: [60] Total time: 0:13:50 (1.0269 s / it)
Averaged stats: lr: 0.000100  loss: 10.0668 (10.0172)  loss_bbox: 0.0825 (0.0905)  loss_bbox_aux_0: 0.0821 (0.0955)  loss_bbox_aux_1: 0.0824 (0.0918)  loss_bbox_aux_2: 0.0981 (0.1103)  loss_bbox_dn_0: 0.0504 (0.0532)  loss_bbox_dn_1: 0.0393 (0.0437)  loss_bbox_dn_2: 0.0379 (0.0427)  loss_giou: 0.9941 (0.9717)  loss_giou_aux_0: 1.0154 (1.0014)  loss_giou_aux_1: 1.0022 (0.9787)  loss_giou_aux_2: 1.0786 (1.0672)  loss_giou_dn_0: 0.7957 (0.7801)  loss_giou_dn_1: 0.7196 (0.7020)  loss_giou_dn_2: 0.7119 (0.6936)  loss_vfl: 0.4666 (0.4814)  loss_vfl_aux_0: 0.4826 (0.4943)  loss_vfl_aux_1: 0.4772 (0.4890)  loss_vfl_aux_2: 0.4805 (0.4888)  loss_vfl_dn_0: 0.4612 (0.4655)  loss_vfl_dn_1: 0.4381 (0.4407)  loss_vfl_dn_2: 0.4311 (0.4350)
Test:  [ 0/69]  eta: 0:01:41    time: 1.4711  data: 0.9820  max mem: 9915
Test:  [10/69]  eta: 0:00:39    time: 0.6637  data: 0.1073  max mem: 9915
Test:  [20/69]  eta: 0:00:29    time: 0.5685  data: 0.0211  max mem: 9915
Test:  [30/69]  eta: 0:00:22    time: 0.5266  data: 0.0213  max mem: 9915
Test:  [40/69]  eta: 0:00:15    time: 0.4880  data: 0.0211  max mem: 9915
Test:  [50/69]  eta: 0:00:09    time: 0.4476  data: 0.0216  max mem: 9915
Test:  [60/69]  eta: 0:00:04    time: 0.4229  data: 0.0212  max mem: 9915
Test:  [68/69]  eta: 0:00:00    time: 0.4455  data: 0.0204  max mem: 9915
Test: Total time: 0:00:34 (0.5072 s / it)
Averaged stats: 
Accumulating evaluation results...
DONE (t=1.94s).
IoU metric: bbox
 Average Precision  (AP) @[ IoU=0.50:0.95 | area=   all | maxDets=100 ] = 0.221
 Average Precision  (AP) @[ IoU=0.50      | area=   all | maxDets=100 ] = 0.369
 Average Precision  (AP) @[ IoU=0.75      | area=   all | maxDets=100 ] = 0.226
 Average Precision  (AP) @[ IoU=0.50:0.95 | area= small | maxDets=100 ] = 0.135
 Average Precision  (AP) @[ IoU=0.50:0.95 | area=medium | maxDets=100 ] = 0.314
 Average Precision  (AP) @[ IoU=0.50:0.95 | area= large | maxDets=100 ] = 0.447
 Average Recall     (AR) @[ IoU=0.50:0.95 | area=   all | maxDets=  1 ] = 0.099
 Average Recall     (AR) @[ IoU=0.50:0.95 | area=   all | maxDets= 10 ] = 0.277
 Average Recall     (AR) @[ IoU=0.50:0.95 | area=   all | maxDets=100 ] = 0.374
 Average Recall     (AR) @[ IoU=0.50:0.95 | area= small | maxDets=100 ] = 0.280
 Average Recall     (AR) @[ IoU=0.50:0.95 | area=medium | maxDets=100 ] = 0.499
 Average Recall     (AR) @[ IoU=0.50:0.95 | area= large | maxDets=100 ] = 0.627
best_stat:  {'epoch': 60, 'coco_eval_bbox': 0.22131400301935902}
Epoch: [61]  [  0/809]  eta: 1:14:24  lr: 0.000100  loss: 10.9887 (10.9887)  loss_bbox: 0.1049 (0.1049)  loss_bbox_aux_0: 0.1101 (0.1101)  loss_bbox_aux_1: 0.1058 (0.1058)  loss_bbox_aux_2: 0.1201 (0.1201)  loss_bbox_dn_0: 0.0437 (0.0437)  loss_bbox_dn_1: 0.0387 (0.0387)  loss_bbox_dn_2: 0.0380 (0.0380)  loss_giou: 1.2640 (1.2640)  loss_giou_aux_0: 1.2808 (1.2808)  loss_giou_aux_1: 1.2721 (1.2721)  loss_giou_aux_2: 1.3499 (1.3499)  loss_giou_dn_0: 0.8807 (0.8807)  loss_giou_dn_1: 0.8250 (0.8250)  loss_giou_dn_2: 0.8135 (0.8135)  loss_vfl: 0.3700 (0.3700)  loss_vfl_aux_0: 0.3690 (0.3690)  loss_vfl_aux_1: 0.3699 (0.3699)  loss_vfl_aux_2: 0.3711 (0.3711)  loss_vfl_dn_0: 0.4258 (0.4258)  loss_vfl_dn_1: 0.4188 (0.4188)  loss_vfl_dn_2: 0.4167 (0.4167)  time: 5.5181  data: 2.2200  max mem: 9915
Epoch: [61]  [100/809]  eta: 0:12:42  lr: 0.000100  loss: 9.8308 (9.9927)  loss_bbox: 0.0693 (0.0868)  loss_bbox_aux_0: 0.0744 (0.0920)  loss_bbox_aux_1: 0.0698 (0.0878)  loss_bbox_aux_2: 0.0913 (0.1047)  loss_bbox_dn_0: 0.0532 (0.0547)  loss_bbox_dn_1: 0.0439 (0.0450)  loss_bbox_dn_2: 0.0429 (0.0439)  loss_giou: 0.9000 (0.9717)  loss_giou_aux_0: 0.9264 (0.9979)  loss_giou_aux_1: 0.9014 (0.9764)  loss_giou_aux_2: 0.9935 (1.0679)  loss_giou_dn_0: 0.7600 (0.7808)  loss_giou_dn_1: 0.6874 (0.7039)  loss_giou_dn_2: 0.6759 (0.6953)  loss_vfl: 0.5012 (0.4785)  loss_vfl_aux_0: 0.5234 (0.4908)  loss_vfl_aux_1: 0.5219 (0.4877)  loss_vfl_aux_2: 0.4983 (0.4879)  loss_vfl_dn_0: 0.4720 (0.4649)  loss_vfl_dn_1: 0.4449 (0.4403)  loss_vfl_dn_2: 0.4379 (0.4338)  time: 1.0281  data: 0.0291  max mem: 9915
Epoch: [61]  [200/809]  eta: 0:10:41  lr: 0.000100  loss: 9.9972 (9.9818)  loss_bbox: 0.0859 (0.0851)  loss_bbox_aux_0: 0.0931 (0.0908)  loss_bbox_aux_1: 0.0880 (0.0863)  loss_bbox_aux_2: 0.1006 (0.1038)  loss_bbox_dn_0: 0.0523 (0.0535)  loss_bbox_dn_1: 0.0437 (0.0440)  loss_bbox_dn_2: 0.0422 (0.0429)  loss_giou: 0.9723 (0.9710)  loss_giou_aux_0: 1.0106 (0.9989)  loss_giou_aux_1: 0.9844 (0.9776)  loss_giou_aux_2: 1.0678 (1.0685)  loss_giou_dn_0: 0.7927 (0.7796)  loss_giou_dn_1: 0.7175 (0.7022)  loss_giou_dn_2: 0.7095 (0.6937)  loss_vfl: 0.4632 (0.4792)  loss_vfl_aux_0: 0.4731 (0.4914)  loss_vfl_aux_1: 0.4630 (0.4876)  loss_vfl_aux_2: 0.4666 (0.4876)  loss_vfl_dn_0: 0.4563 (0.4646)  loss_vfl_dn_1: 0.4403 (0.4398)  loss_vfl_dn_2: 0.4356 (0.4337)  time: 1.0147  data: 0.0261  max mem: 9915
Epoch: [61]  [300/809]  eta: 0:08:47  lr: 0.000100  loss: 9.5929 (9.9684)  loss_bbox: 0.0745 (0.0866)  loss_bbox_aux_0: 0.0791 (0.0921)  loss_bbox_aux_1: 0.0758 (0.0879)  loss_bbox_aux_2: 0.0883 (0.1050)  loss_bbox_dn_0: 0.0512 (0.0537)  loss_bbox_dn_1: 0.0434 (0.0442)  loss_bbox_dn_2: 0.0420 (0.0432)  loss_giou: 0.8518 (0.9641)  loss_giou_aux_0: 0.8797 (0.9914)  loss_giou_aux_1: 0.8685 (0.9706)  loss_giou_aux_2: 0.9745 (1.0615)  loss_giou_dn_0: 0.7587 (0.7772)  loss_giou_dn_1: 0.6828 (0.6994)  loss_giou_dn_2: 0.6720 (0.6909)  loss_vfl: 0.5032 (0.4833)  loss_vfl_aux_0: 0.5331 (0.4954)  loss_vfl_aux_1: 0.5142 (0.4914)  loss_vfl_aux_2: 0.5166 (0.4905)  loss_vfl_dn_0: 0.4774 (0.4653)  loss_vfl_dn_1: 0.4454 (0.4405)  loss_vfl_dn_2: 0.4368 (0.4345)  time: 0.9883  data: 0.0241  max mem: 9915
Epoch: [61]  [400/809]  eta: 0:06:58  lr: 0.000100  loss: 9.6477 (9.9466)  loss_bbox: 0.0699 (0.0858)  loss_bbox_aux_0: 0.0717 (0.0913)  loss_bbox_aux_1: 0.0705 (0.0873)  loss_bbox_aux_2: 0.0820 (0.1045)  loss_bbox_dn_0: 0.0533 (0.0535)  loss_bbox_dn_1: 0.0437 (0.0440)  loss_bbox_dn_2: 0.0432 (0.0429)  loss_giou: 0.8661 (0.9594)  loss_giou_aux_0: 0.9215 (0.9867)  loss_giou_aux_1: 0.8927 (0.9656)  loss_giou_aux_2: 0.9893 (1.0568)  loss_giou_dn_0: 0.7326 (0.7745)  loss_giou_dn_1: 0.6550 (0.6967)  loss_giou_dn_2: 0.6475 (0.6882)  loss_vfl: 0.5052 (0.4852)  loss_vfl_aux_0: 0.5159 (0.4976)  loss_vfl_aux_1: 0.5180 (0.4932)  loss_vfl_aux_2: 0.5023 (0.4929)  loss_vfl_dn_0: 0.4609 (0.4658)  loss_vfl_dn_1: 0.4355 (0.4404)  loss_vfl_dn_2: 0.4301 (0.4343)  time: 0.9701  data: 0.0287  max mem: 9915
Epoch: [61]  [500/809]  eta: 0:05:16  lr: 0.000100  loss: 9.6929 (9.9598)  loss_bbox: 0.0777 (0.0873)  loss_bbox_aux_0: 0.0799 (0.0929)  loss_bbox_aux_1: 0.0807 (0.0888)  loss_bbox_aux_2: 0.0946 (0.1069)  loss_bbox_dn_0: 0.0522 (0.0532)  loss_bbox_dn_1: 0.0428 (0.0438)  loss_bbox_dn_2: 0.0422 (0.0426)  loss_giou: 0.8559 (0.9631)  loss_giou_aux_0: 0.8878 (0.9903)  loss_giou_aux_1: 0.8683 (0.9696)  loss_giou_aux_2: 0.9506 (1.0592)  loss_giou_dn_0: 0.7486 (0.7750)  loss_giou_dn_1: 0.6626 (0.6975)  loss_giou_dn_2: 0.6558 (0.6888)  loss_vfl: 0.5048 (0.4832)  loss_vfl_aux_0: 0.5103 (0.4961)  loss_vfl_aux_1: 0.5095 (0.4912)  loss_vfl_aux_2: 0.5094 (0.4906)  loss_vfl_dn_0: 0.4568 (0.4654)  loss_vfl_dn_1: 0.4367 (0.4401)  loss_vfl_dn_2: 0.4311 (0.4339)  time: 1.0395  data: 0.0281  max mem: 9915
Epoch: [61]  [600/809]  eta: 0:03:33  lr: 0.000100  loss: 9.3117 (9.9362)  loss_bbox: 0.0699 (0.0861)  loss_bbox_aux_0: 0.0739 (0.0915)  loss_bbox_aux_1: 0.0710 (0.0875)  loss_bbox_aux_2: 0.0882 (0.1057)  loss_bbox_dn_0: 0.0489 (0.0532)  loss_bbox_dn_1: 0.0395 (0.0437)  loss_bbox_dn_2: 0.0388 (0.0426)  loss_giou: 0.8181 (0.9575)  loss_giou_aux_0: 0.8454 (0.9851)  loss_giou_aux_1: 0.8300 (0.9640)  loss_giou_aux_2: 0.9154 (1.0538)  loss_giou_dn_0: 0.7370 (0.7732)  loss_giou_dn_1: 0.6540 (0.6955)  loss_giou_dn_2: 0.6456 (0.6869)  loss_vfl: 0.5023 (0.4852)  loss_vfl_aux_0: 0.5123 (0.4985)  loss_vfl_aux_1: 0.5071 (0.4933)  loss_vfl_aux_2: 0.5102 (0.4930)  loss_vfl_dn_0: 0.4669 (0.4657)  loss_vfl_dn_1: 0.4375 (0.4402)  loss_vfl_dn_2: 0.4334 (0.4340)  time: 1.0005  data: 0.0274  max mem: 9915
Epoch: [61]  [700/809]  eta: 0:01:51  lr: 0.000100  loss: 9.8905 (9.9347)  loss_bbox: 0.0778 (0.0857)  loss_bbox_aux_0: 0.0817 (0.0911)  loss_bbox_aux_1: 0.0795 (0.0871)  loss_bbox_aux_2: 0.1040 (0.1054)  loss_bbox_dn_0: 0.0526 (0.0531)  loss_bbox_dn_1: 0.0423 (0.0437)  loss_bbox_dn_2: 0.0413 (0.0425)  loss_giou: 0.9330 (0.9566)  loss_giou_aux_0: 0.9702 (0.9847)  loss_giou_aux_1: 0.9362 (0.9632)  loss_giou_aux_2: 1.0321 (1.0536)  loss_giou_dn_0: 0.7741 (0.7745)  loss_giou_dn_1: 0.6818 (0.6968)  loss_giou_dn_2: 0.6640 (0.6881)  loss_vfl: 0.4842 (0.4853)  loss_vfl_aux_0: 0.4990 (0.4981)  loss_vfl_aux_1: 0.4925 (0.4934)  loss_vfl_aux_2: 0.4856 (0.4925)  loss_vfl_dn_0: 0.4596 (0.4655)  loss_vfl_dn_1: 0.4364 (0.4400)  loss_vfl_dn_2: 0.4318 (0.4338)  time: 1.0040  data: 0.0325  max mem: 9915
Epoch: [61]  [800/809]  eta: 0:00:09  lr: 0.000100  loss: 9.7489 (9.9260)  loss_bbox: 0.0846 (0.0853)  loss_bbox_aux_0: 0.0891 (0.0908)  loss_bbox_aux_1: 0.0829 (0.0867)  loss_bbox_aux_2: 0.1023 (0.1053)  loss_bbox_dn_0: 0.0530 (0.0533)  loss_bbox_dn_1: 0.0447 (0.0438)  loss_bbox_dn_2: 0.0439 (0.0426)  loss_giou: 0.9138 (0.9538)  loss_giou_aux_0: 0.9425 (0.9824)  loss_giou_aux_1: 0.9220 (0.9605)  loss_giou_aux_2: 1.0318 (1.0514)  loss_giou_dn_0: 0.7539 (0.7732)  loss_giou_dn_1: 0.6853 (0.6954)  loss_giou_dn_2: 0.6769 (0.6867)  loss_vfl: 0.4890 (0.4867)  loss_vfl_aux_0: 0.5169 (0.4994)  loss_vfl_aux_1: 0.4980 (0.4946)  loss_vfl_aux_2: 0.4843 (0.4938)  loss_vfl_dn_0: 0.4721 (0.4660)  loss_vfl_dn_1: 0.4472 (0.4402)  loss_vfl_dn_2: 0.4409 (0.4340)  time: 0.9718  data: 0.0256  max mem: 9915
Epoch: [61]  [808/809]  eta: 0:00:01  lr: 0.000100  loss: 9.4300 (9.9189)  loss_bbox: 0.0806 (0.0852)  loss_bbox_aux_0: 0.0848 (0.0907)  loss_bbox_aux_1: 0.0823 (0.0866)  loss_bbox_aux_2: 0.0991 (0.1052)  loss_bbox_dn_0: 0.0540 (0.0533)  loss_bbox_dn_1: 0.0457 (0.0438)  loss_bbox_dn_2: 0.0454 (0.0426)  loss_giou: 0.8090 (0.9525)  loss_giou_aux_0: 0.8467 (0.9812)  loss_giou_aux_1: 0.8184 (0.9592)  loss_giou_aux_2: 0.9259 (1.0502)  loss_giou_dn_0: 0.7044 (0.7726)  loss_giou_dn_1: 0.6147 (0.6948)  loss_giou_dn_2: 0.6052 (0.6861)  loss_vfl: 0.5059 (0.4868)  loss_vfl_aux_0: 0.5169 (0.4996)  loss_vfl_aux_1: 0.5028 (0.4947)  loss_vfl_aux_2: 0.5147 (0.4940)  loss_vfl_dn_0: 0.4699 (0.4661)  loss_vfl_dn_1: 0.4368 (0.4401)  loss_vfl_dn_2: 0.4317 (0.4339)  time: 0.8653  data: 0.0231  max mem: 9915
Epoch: [61] Total time: 0:13:46 (1.0210 s / it)
Averaged stats: lr: 0.000100  loss: 9.4300 (9.9189)  loss_bbox: 0.0806 (0.0852)  loss_bbox_aux_0: 0.0848 (0.0907)  loss_bbox_aux_1: 0.0823 (0.0866)  loss_bbox_aux_2: 0.0991 (0.1052)  loss_bbox_dn_0: 0.0540 (0.0533)  loss_bbox_dn_1: 0.0457 (0.0438)  loss_bbox_dn_2: 0.0454 (0.0426)  loss_giou: 0.8090 (0.9525)  loss_giou_aux_0: 0.8467 (0.9812)  loss_giou_aux_1: 0.8184 (0.9592)  loss_giou_aux_2: 0.9259 (1.0502)  loss_giou_dn_0: 0.7044 (0.7726)  loss_giou_dn_1: 0.6147 (0.6948)  loss_giou_dn_2: 0.6052 (0.6861)  loss_vfl: 0.5059 (0.4868)  loss_vfl_aux_0: 0.5169 (0.4996)  loss_vfl_aux_1: 0.5028 (0.4947)  loss_vfl_aux_2: 0.5147 (0.4940)  loss_vfl_dn_0: 0.4699 (0.4661)  loss_vfl_dn_1: 0.4368 (0.4401)  loss_vfl_dn_2: 0.4317 (0.4339)
Test:  [ 0/69]  eta: 0:01:22    time: 1.1945  data: 0.6548  max mem: 9915
Test:  [10/69]  eta: 0:00:38    time: 0.6575  data: 0.0769  max mem: 9915
Test:  [20/69]  eta: 0:00:29    time: 0.5734  data: 0.0202  max mem: 9915
Test:  [30/69]  eta: 0:00:22    time: 0.5249  data: 0.0204  max mem: 9915
Test:  [40/69]  eta: 0:00:15    time: 0.4953  data: 0.0201  max mem: 9915
Test:  [50/69]  eta: 0:00:09    time: 0.4547  data: 0.0207  max mem: 9915
Test:  [60/69]  eta: 0:00:04    time: 0.4274  data: 0.0211  max mem: 9915
Test:  [68/69]  eta: 0:00:00    time: 0.4526  data: 0.0200  max mem: 9915
Test: Total time: 0:00:35 (0.5100 s / it)
Averaged stats: 
Accumulating evaluation results...
DONE (t=2.03s).
IoU metric: bbox
 Average Precision  (AP) @[ IoU=0.50:0.95 | area=   all | maxDets=100 ] = 0.222
 Average Precision  (AP) @[ IoU=0.50      | area=   all | maxDets=100 ] = 0.370
 Average Precision  (AP) @[ IoU=0.75      | area=   all | maxDets=100 ] = 0.227
 Average Precision  (AP) @[ IoU=0.50:0.95 | area= small | maxDets=100 ] = 0.136
 Average Precision  (AP) @[ IoU=0.50:0.95 | area=medium | maxDets=100 ] = 0.315
 Average Precision  (AP) @[ IoU=0.50:0.95 | area= large | maxDets=100 ] = 0.443
 Average Recall     (AR) @[ IoU=0.50:0.95 | area=   all | maxDets=  1 ] = 0.100
 Average Recall     (AR) @[ IoU=0.50:0.95 | area=   all | maxDets= 10 ] = 0.278
 Average Recall     (AR) @[ IoU=0.50:0.95 | area=   all | maxDets=100 ] = 0.375
 Average Recall     (AR) @[ IoU=0.50:0.95 | area= small | maxDets=100 ] = 0.280
 Average Recall     (AR) @[ IoU=0.50:0.95 | area=medium | maxDets=100 ] = 0.500
 Average Recall     (AR) @[ IoU=0.50:0.95 | area= large | maxDets=100 ] = 0.624
best_stat:  {'epoch': 61, 'coco_eval_bbox': 0.22182553092466847}
Epoch: [62]  [  0/809]  eta: 1:20:31  lr: 0.000100  loss: 8.6237 (8.6237)  loss_bbox: 0.0744 (0.0744)  loss_bbox_aux_0: 0.0783 (0.0783)  loss_bbox_aux_1: 0.0761 (0.0761)  loss_bbox_aux_2: 0.0985 (0.0985)  loss_bbox_dn_0: 0.0854 (0.0854)  loss_bbox_dn_1: 0.0657 (0.0657)  loss_bbox_dn_2: 0.0627 (0.0627)  loss_giou: 0.6417 (0.6417)  loss_giou_aux_0: 0.6636 (0.6636)  loss_giou_aux_1: 0.6486 (0.6486)  loss_giou_aux_2: 0.7784 (0.7784)  loss_giou_dn_0: 0.6465 (0.6465)  loss_giou_dn_1: 0.5386 (0.5386)  loss_giou_dn_2: 0.5264 (0.5264)  loss_vfl: 0.5449 (0.5449)  loss_vfl_aux_0: 0.5736 (0.5736)  loss_vfl_aux_1: 0.5643 (0.5643)  loss_vfl_aux_2: 0.5801 (0.5801)  loss_vfl_dn_0: 0.4896 (0.4896)  loss_vfl_dn_1: 0.4498 (0.4498)  loss_vfl_dn_2: 0.4365 (0.4365)  time: 5.9724  data: 3.9186  max mem: 9915
Epoch: [62]  [100/809]  eta: 0:12:52  lr: 0.000100  loss: 9.6237 (9.9007)  loss_bbox: 0.0841 (0.0867)  loss_bbox_aux_0: 0.0872 (0.0921)  loss_bbox_aux_1: 0.0846 (0.0880)  loss_bbox_aux_2: 0.1006 (0.1077)  loss_bbox_dn_0: 0.0539 (0.0543)  loss_bbox_dn_1: 0.0436 (0.0444)  loss_bbox_dn_2: 0.0426 (0.0434)  loss_giou: 0.8984 (0.9493)  loss_giou_aux_0: 0.9259 (0.9770)  loss_giou_aux_1: 0.9005 (0.9557)  loss_giou_aux_2: 1.0129 (1.0514)  loss_giou_dn_0: 0.7560 (0.7664)  loss_giou_dn_1: 0.6578 (0.6862)  loss_giou_dn_2: 0.6532 (0.6774)  loss_vfl: 0.4914 (0.4867)  loss_vfl_aux_0: 0.5083 (0.5003)  loss_vfl_aux_1: 0.5021 (0.4948)  loss_vfl_aux_2: 0.5042 (0.4951)  loss_vfl_dn_0: 0.4695 (0.4672)  loss_vfl_dn_1: 0.4426 (0.4412)  loss_vfl_dn_2: 0.4322 (0.4354)  time: 1.0277  data: 0.0287  max mem: 9915
Epoch: [62]  [200/809]  eta: 0:10:43  lr: 0.000100  loss: 9.7819 (9.9506)  loss_bbox: 0.0782 (0.0888)  loss_bbox_aux_0: 0.0818 (0.0938)  loss_bbox_aux_1: 0.0792 (0.0904)  loss_bbox_aux_2: 0.0911 (0.1080)  loss_bbox_dn_0: 0.0534 (0.0532)  loss_bbox_dn_1: 0.0423 (0.0435)  loss_bbox_dn_2: 0.0412 (0.0425)  loss_giou: 0.9100 (0.9608)  loss_giou_aux_0: 0.9327 (0.9867)  loss_giou_aux_1: 0.9179 (0.9674)  loss_giou_aux_2: 1.0098 (1.0585)  loss_giou_dn_0: 0.7502 (0.7723)  loss_giou_dn_1: 0.6751 (0.6926)  loss_giou_dn_2: 0.6665 (0.6840)  loss_vfl: 0.5120 (0.4848)  loss_vfl_aux_0: 0.5220 (0.4984)  loss_vfl_aux_1: 0.5219 (0.4925)  loss_vfl_aux_2: 0.5057 (0.4934)  loss_vfl_dn_0: 0.4642 (0.4657)  loss_vfl_dn_1: 0.4394 (0.4398)  loss_vfl_dn_2: 0.4300 (0.4337)  time: 1.0415  data: 0.0264  max mem: 9915
Epoch: [62]  [300/809]  eta: 0:08:52  lr: 0.000100  loss: 9.5670 (9.9812)  loss_bbox: 0.0721 (0.0903)  loss_bbox_aux_0: 0.0766 (0.0956)  loss_bbox_aux_1: 0.0721 (0.0921)  loss_bbox_aux_2: 0.0852 (0.1099)  loss_bbox_dn_0: 0.0537 (0.0531)  loss_bbox_dn_1: 0.0434 (0.0435)  loss_bbox_dn_2: 0.0412 (0.0425)  loss_giou: 0.8295 (0.9666)  loss_giou_aux_0: 0.8687 (0.9931)  loss_giou_aux_1: 0.8453 (0.9736)  loss_giou_aux_2: 0.9446 (1.0629)  loss_giou_dn_0: 0.7420 (0.7746)  loss_giou_dn_1: 0.6621 (0.6959)  loss_giou_dn_2: 0.6520 (0.6874)  loss_vfl: 0.5043 (0.4833)  loss_vfl_aux_0: 0.5243 (0.4962)  loss_vfl_aux_1: 0.5118 (0.4907)  loss_vfl_aux_2: 0.5189 (0.4922)  loss_vfl_dn_0: 0.4611 (0.4651)  loss_vfl_dn_1: 0.4365 (0.4394)  loss_vfl_dn_2: 0.4268 (0.4333)  time: 1.0626  data: 0.0289  max mem: 9915
Epoch: [62]  [400/809]  eta: 0:07:10  lr: 0.000100  loss: 9.7334 (10.0156)  loss_bbox: 0.0736 (0.0914)  loss_bbox_aux_0: 0.0765 (0.0968)  loss_bbox_aux_1: 0.0759 (0.0932)  loss_bbox_aux_2: 0.0934 (0.1118)  loss_bbox_dn_0: 0.0507 (0.0530)  loss_bbox_dn_1: 0.0397 (0.0435)  loss_bbox_dn_2: 0.0391 (0.0424)  loss_giou: 0.8923 (0.9743)  loss_giou_aux_0: 0.9324 (1.0019)  loss_giou_aux_1: 0.9096 (0.9818)  loss_giou_aux_2: 1.0320 (1.0722)  loss_giou_dn_0: 0.7831 (0.7781)  loss_giou_dn_1: 0.6931 (0.6996)  loss_giou_dn_2: 0.6846 (0.6910)  loss_vfl: 0.4906 (0.4798)  loss_vfl_aux_0: 0.5037 (0.4923)  loss_vfl_aux_1: 0.4918 (0.4869)  loss_vfl_aux_2: 0.4956 (0.4875)  loss_vfl_dn_0: 0.4628 (0.4648)  loss_vfl_dn_1: 0.4399 (0.4396)  loss_vfl_dn_2: 0.4320 (0.4337)  time: 1.0814  data: 0.0286  max mem: 9915
Epoch: [62]  [500/809]  eta: 0:05:24  lr: 0.000100  loss: 9.8780 (9.9676)  loss_bbox: 0.0733 (0.0900)  loss_bbox_aux_0: 0.0794 (0.0955)  loss_bbox_aux_1: 0.0754 (0.0916)  loss_bbox_aux_2: 0.0941 (0.1105)  loss_bbox_dn_0: 0.0474 (0.0535)  loss_bbox_dn_1: 0.0384 (0.0439)  loss_bbox_dn_2: 0.0375 (0.0428)  loss_giou: 0.9767 (0.9628)  loss_giou_aux_0: 0.9975 (0.9905)  loss_giou_aux_1: 0.9859 (0.9702)  loss_giou_aux_2: 1.0641 (1.0608)  loss_giou_dn_0: 0.7847 (0.7748)  loss_giou_dn_1: 0.7108 (0.6960)  loss_giou_dn_2: 0.6992 (0.6872)  loss_vfl: 0.4762 (0.4823)  loss_vfl_aux_0: 0.4885 (0.4952)  loss_vfl_aux_1: 0.4851 (0.4898)  loss_vfl_aux_2: 0.4814 (0.4909)  loss_vfl_dn_0: 0.4676 (0.4656)  loss_vfl_dn_1: 0.4367 (0.4399)  loss_vfl_dn_2: 0.4320 (0.4338)  time: 1.0782  data: 0.0299  max mem: 9915
Epoch: [62]  [600/809]  eta: 0:03:37  lr: 0.000100  loss: 9.8349 (9.9663)  loss_bbox: 0.0762 (0.0899)  loss_bbox_aux_0: 0.0812 (0.0956)  loss_bbox_aux_1: 0.0785 (0.0917)  loss_bbox_aux_2: 0.0917 (0.1104)  loss_bbox_dn_0: 0.0519 (0.0536)  loss_bbox_dn_1: 0.0445 (0.0440)  loss_bbox_dn_2: 0.0435 (0.0429)  loss_giou: 0.9119 (0.9629)  loss_giou_aux_0: 0.9329 (0.9908)  loss_giou_aux_1: 0.9155 (0.9705)  loss_giou_aux_2: 0.9817 (1.0600)  loss_giou_dn_0: 0.7720 (0.7749)  loss_giou_dn_1: 0.6977 (0.6964)  loss_giou_dn_2: 0.6854 (0.6877)  loss_vfl: 0.4931 (0.4815)  loss_vfl_aux_0: 0.5095 (0.4945)  loss_vfl_aux_1: 0.4953 (0.4889)  loss_vfl_aux_2: 0.5026 (0.4908)  loss_vfl_dn_0: 0.4681 (0.4656)  loss_vfl_dn_1: 0.4418 (0.4398)  loss_vfl_dn_2: 0.4321 (0.4337)  time: 1.0183  data: 0.0288  max mem: 10519
Epoch: [62]  [700/809]  eta: 0:01:53  lr: 0.000100  loss: 9.6094 (9.9557)  loss_bbox: 0.0752 (0.0891)  loss_bbox_aux_0: 0.0802 (0.0946)  loss_bbox_aux_1: 0.0769 (0.0909)  loss_bbox_aux_2: 0.0929 (0.1092)  loss_bbox_dn_0: 0.0498 (0.0535)  loss_bbox_dn_1: 0.0415 (0.0439)  loss_bbox_dn_2: 0.0403 (0.0428)  loss_giou: 0.8359 (0.9607)  loss_giou_aux_0: 0.8734 (0.9883)  loss_giou_aux_1: 0.8402 (0.9679)  loss_giou_aux_2: 0.9375 (1.0570)  loss_giou_dn_0: 0.7306 (0.7741)  loss_giou_dn_1: 0.6510 (0.6954)  loss_giou_dn_2: 0.6442 (0.6868)  loss_vfl: 0.4981 (0.4830)  loss_vfl_aux_0: 0.5109 (0.4961)  loss_vfl_aux_1: 0.5045 (0.4904)  loss_vfl_aux_2: 0.5147 (0.4921)  loss_vfl_dn_0: 0.4696 (0.4659)  loss_vfl_dn_1: 0.4431 (0.4401)  loss_vfl_dn_2: 0.4350 (0.4339)  time: 1.0021  data: 0.0301  max mem: 10519
Epoch: [62]  [800/809]  eta: 0:00:09  lr: 0.000100  loss: 9.9639 (9.9338)  loss_bbox: 0.0788 (0.0889)  loss_bbox_aux_0: 0.0836 (0.0944)  loss_bbox_aux_1: 0.0805 (0.0905)  loss_bbox_aux_2: 0.0993 (0.1091)  loss_bbox_dn_0: 0.0539 (0.0538)  loss_bbox_dn_1: 0.0443 (0.0441)  loss_bbox_dn_2: 0.0430 (0.0430)  loss_giou: 0.9395 (0.9552)  loss_giou_aux_0: 0.9637 (0.9829)  loss_giou_aux_1: 0.9348 (0.9622)  loss_giou_aux_2: 1.0390 (1.0524)  loss_giou_dn_0: 0.7700 (0.7716)  loss_giou_dn_1: 0.6922 (0.6925)  loss_giou_dn_2: 0.6855 (0.6838)  loss_vfl: 0.5170 (0.4848)  loss_vfl_aux_0: 0.5291 (0.4979)  loss_vfl_aux_1: 0.5173 (0.4922)  loss_vfl_aux_2: 0.5115 (0.4940)  loss_vfl_dn_0: 0.4641 (0.4663)  loss_vfl_dn_1: 0.4406 (0.4402)  loss_vfl_dn_2: 0.4339 (0.4341)  time: 0.9763  data: 0.0328  max mem: 10519
Epoch: [62]  [808/809]  eta: 0:00:01  lr: 0.000100  loss: 9.7911 (9.9337)  loss_bbox: 0.0806 (0.0889)  loss_bbox_aux_0: 0.0868 (0.0944)  loss_bbox_aux_1: 0.0849 (0.0905)  loss_bbox_aux_2: 0.0987 (0.1091)  loss_bbox_dn_0: 0.0524 (0.0538)  loss_bbox_dn_1: 0.0435 (0.0441)  loss_bbox_dn_2: 0.0419 (0.0430)  loss_giou: 0.9183 (0.9550)  loss_giou_aux_0: 0.9368 (0.9826)  loss_giou_aux_1: 0.9123 (0.9619)  loss_giou_aux_2: 1.0070 (1.0523)  loss_giou_dn_0: 0.7612 (0.7715)  loss_giou_dn_1: 0.6858 (0.6924)  loss_giou_dn_2: 0.6785 (0.6837)  loss_vfl: 0.5068 (0.4850)  loss_vfl_aux_0: 0.5216 (0.4981)  loss_vfl_aux_1: 0.5168 (0.4925)  loss_vfl_aux_2: 0.5115 (0.4942)  loss_vfl_dn_0: 0.4649 (0.4664)  loss_vfl_dn_1: 0.4396 (0.4402)  loss_vfl_dn_2: 0.4366 (0.4341)  time: 0.8533  data: 0.0276  max mem: 10519
Epoch: [62] Total time: 0:13:53 (1.0300 s / it)
Averaged stats: lr: 0.000100  loss: 9.7911 (9.9337)  loss_bbox: 0.0806 (0.0889)  loss_bbox_aux_0: 0.0868 (0.0944)  loss_bbox_aux_1: 0.0849 (0.0905)  loss_bbox_aux_2: 0.0987 (0.1091)  loss_bbox_dn_0: 0.0524 (0.0538)  loss_bbox_dn_1: 0.0435 (0.0441)  loss_bbox_dn_2: 0.0419 (0.0430)  loss_giou: 0.9183 (0.9550)  loss_giou_aux_0: 0.9368 (0.9826)  loss_giou_aux_1: 0.9123 (0.9619)  loss_giou_aux_2: 1.0070 (1.0523)  loss_giou_dn_0: 0.7612 (0.7715)  loss_giou_dn_1: 0.6858 (0.6924)  loss_giou_dn_2: 0.6785 (0.6837)  loss_vfl: 0.5068 (0.4850)  loss_vfl_aux_0: 0.5216 (0.4981)  loss_vfl_aux_1: 0.5168 (0.4925)  loss_vfl_aux_2: 0.5115 (0.4942)  loss_vfl_dn_0: 0.4649 (0.4664)  loss_vfl_dn_1: 0.4396 (0.4402)  loss_vfl_dn_2: 0.4366 (0.4341)
Test:  [ 0/69]  eta: 0:01:38    time: 1.4309  data: 0.8387  max mem: 10519
Test:  [10/69]  eta: 0:00:40    time: 0.6913  data: 0.0949  max mem: 10519
Test:  [20/69]  eta: 0:00:30    time: 0.5783  data: 0.0207  max mem: 10519
Test:  [30/69]  eta: 0:00:22    time: 0.5219  data: 0.0207  max mem: 10519
Test:  [40/69]  eta: 0:00:16    time: 0.4935  data: 0.0211  max mem: 10519
Test:  [50/69]  eta: 0:00:10    time: 0.4626  data: 0.0210  max mem: 10519
Test:  [60/69]  eta: 0:00:04    time: 0.4430  data: 0.0205  max mem: 10519
Test:  [68/69]  eta: 0:00:00    time: 0.4553  data: 0.0192  max mem: 10519
Test: Total time: 0:00:35 (0.5162 s / it)
Averaged stats: 
Accumulating evaluation results...
DONE (t=1.94s).
IoU metric: bbox
 Average Precision  (AP) @[ IoU=0.50:0.95 | area=   all | maxDets=100 ] = 0.224
 Average Precision  (AP) @[ IoU=0.50      | area=   all | maxDets=100 ] = 0.373
 Average Precision  (AP) @[ IoU=0.75      | area=   all | maxDets=100 ] = 0.228
 Average Precision  (AP) @[ IoU=0.50:0.95 | area= small | maxDets=100 ] = 0.137
 Average Precision  (AP) @[ IoU=0.50:0.95 | area=medium | maxDets=100 ] = 0.318
 Average Precision  (AP) @[ IoU=0.50:0.95 | area= large | maxDets=100 ] = 0.450
 Average Recall     (AR) @[ IoU=0.50:0.95 | area=   all | maxDets=  1 ] = 0.100
 Average Recall     (AR) @[ IoU=0.50:0.95 | area=   all | maxDets= 10 ] = 0.279
 Average Recall     (AR) @[ IoU=0.50:0.95 | area=   all | maxDets=100 ] = 0.376
 Average Recall     (AR) @[ IoU=0.50:0.95 | area= small | maxDets=100 ] = 0.281
 Average Recall     (AR) @[ IoU=0.50:0.95 | area=medium | maxDets=100 ] = 0.502
 Average Recall     (AR) @[ IoU=0.50:0.95 | area= large | maxDets=100 ] = 0.627
best_stat:  {'epoch': 62, 'coco_eval_bbox': 0.22360988850778518}
Epoch: [63]  [  0/809]  eta: 1:22:01  lr: 0.000100  loss: 10.0253 (10.0253)  loss_bbox: 0.0804 (0.0804)  loss_bbox_aux_0: 0.0859 (0.0859)  loss_bbox_aux_1: 0.0846 (0.0846)  loss_bbox_aux_2: 0.1024 (0.1024)  loss_bbox_dn_0: 0.0515 (0.0515)  loss_bbox_dn_1: 0.0457 (0.0457)  loss_bbox_dn_2: 0.0436 (0.0436)  loss_giou: 0.9889 (0.9889)  loss_giou_aux_0: 0.9934 (0.9934)  loss_giou_aux_1: 0.9863 (0.9863)  loss_giou_aux_2: 1.0386 (1.0386)  loss_giou_dn_0: 0.8032 (0.8032)  loss_giou_dn_1: 0.7546 (0.7546)  loss_giou_dn_2: 0.7486 (0.7486)  loss_vfl: 0.4528 (0.4528)  loss_vfl_aux_0: 0.4667 (0.4667)  loss_vfl_aux_1: 0.4662 (0.4662)  loss_vfl_aux_2: 0.4597 (0.4597)  loss_vfl_dn_0: 0.4722 (0.4722)  loss_vfl_dn_1: 0.4548 (0.4548)  loss_vfl_dn_2: 0.4453 (0.4453)  time: 6.0830  data: 3.0172  max mem: 10519
Epoch: [63]  [100/809]  eta: 0:12:49  lr: 0.000100  loss: 9.8427 (10.0092)  loss_bbox: 0.0795 (0.0896)  loss_bbox_aux_0: 0.0844 (0.0948)  loss_bbox_aux_1: 0.0802 (0.0911)  loss_bbox_aux_2: 0.0962 (0.1087)  loss_bbox_dn_0: 0.0529 (0.0554)  loss_bbox_dn_1: 0.0426 (0.0456)  loss_bbox_dn_2: 0.0413 (0.0445)  loss_giou: 0.9574 (0.9658)  loss_giou_aux_0: 0.9905 (0.9942)  loss_giou_aux_1: 0.9665 (0.9713)  loss_giou_aux_2: 1.0565 (1.0640)  loss_giou_dn_0: 0.7764 (0.7802)  loss_giou_dn_1: 0.6958 (0.7005)  loss_giou_dn_2: 0.6873 (0.6924)  loss_vfl: 0.4617 (0.4865)  loss_vfl_aux_0: 0.4680 (0.4984)  loss_vfl_aux_1: 0.4684 (0.4937)  loss_vfl_aux_2: 0.4730 (0.4930)  loss_vfl_dn_0: 0.4636 (0.4650)  loss_vfl_dn_1: 0.4440 (0.4406)  loss_vfl_dn_2: 0.4377 (0.4340)  time: 1.0832  data: 0.0301  max mem: 10519
Epoch: [63]  [200/809]  eta: 0:10:39  lr: 0.000100  loss: 10.0964 (9.9283)  loss_bbox: 0.0924 (0.0863)  loss_bbox_aux_0: 0.0926 (0.0911)  loss_bbox_aux_1: 0.0910 (0.0877)  loss_bbox_aux_2: 0.1083 (0.1051)  loss_bbox_dn_0: 0.0502 (0.0560)  loss_bbox_dn_1: 0.0414 (0.0461)  loss_bbox_dn_2: 0.0398 (0.0449)  loss_giou: 1.0538 (0.9488)  loss_giou_aux_0: 1.0570 (0.9760)  loss_giou_aux_1: 1.0567 (0.9535)  loss_giou_aux_2: 1.1165 (1.0470)  loss_giou_dn_0: 0.7716 (0.7767)  loss_giou_dn_1: 0.7007 (0.6969)  loss_giou_dn_2: 0.6936 (0.6884)  loss_vfl: 0.4558 (0.4885)  loss_vfl_aux_0: 0.4636 (0.5025)  loss_vfl_aux_1: 0.4626 (0.4966)  loss_vfl_aux_2: 0.4422 (0.4975)  loss_vfl_dn_0: 0.4617 (0.4656)  loss_vfl_dn_1: 0.4335 (0.4400)  loss_vfl_dn_2: 0.4293 (0.4333)  time: 1.0309  data: 0.0272  max mem: 10519
Epoch: [63]  [300/809]  eta: 0:08:53  lr: 0.000100  loss: 9.9575 (9.9556)  loss_bbox: 0.0777 (0.0883)  loss_bbox_aux_0: 0.0868 (0.0928)  loss_bbox_aux_1: 0.0819 (0.0896)  loss_bbox_aux_2: 0.1016 (0.1068)  loss_bbox_dn_0: 0.0485 (0.0549)  loss_bbox_dn_1: 0.0406 (0.0452)  loss_bbox_dn_2: 0.0400 (0.0440)  loss_giou: 0.9806 (0.9593)  loss_giou_aux_0: 1.0023 (0.9859)  loss_giou_aux_1: 0.9798 (0.9638)  loss_giou_aux_2: 1.0503 (1.0559)  loss_giou_dn_0: 0.7707 (0.7754)  loss_giou_dn_1: 0.6964 (0.6969)  loss_giou_dn_2: 0.6865 (0.6884)  loss_vfl: 0.4664 (0.4842)  loss_vfl_aux_0: 0.4743 (0.4984)  loss_vfl_aux_1: 0.4684 (0.4920)  loss_vfl_aux_2: 0.4691 (0.4940)  loss_vfl_dn_0: 0.4624 (0.4660)  loss_vfl_dn_1: 0.4387 (0.4402)  loss_vfl_dn_2: 0.4341 (0.4338)  time: 1.0238  data: 0.0295  max mem: 10519
Epoch: [63]  [400/809]  eta: 0:07:04  lr: 0.000100  loss: 9.8622 (9.9165)  loss_bbox: 0.0834 (0.0863)  loss_bbox_aux_0: 0.0926 (0.0913)  loss_bbox_aux_1: 0.0857 (0.0877)  loss_bbox_aux_2: 0.1048 (0.1055)  loss_bbox_dn_0: 0.0533 (0.0548)  loss_bbox_dn_1: 0.0433 (0.0450)  loss_bbox_dn_2: 0.0425 (0.0438)  loss_giou: 0.9469 (0.9505)  loss_giou_aux_0: 0.9649 (0.9773)  loss_giou_aux_1: 0.9491 (0.9548)  loss_giou_aux_2: 1.0434 (1.0472)  loss_giou_dn_0: 0.7887 (0.7727)  loss_giou_dn_1: 0.7014 (0.6937)  loss_giou_dn_2: 0.6890 (0.6851)  loss_vfl: 0.4898 (0.4877)  loss_vfl_aux_0: 0.5049 (0.5010)  loss_vfl_aux_1: 0.5013 (0.4958)  loss_vfl_aux_2: 0.4941 (0.4960)  loss_vfl_dn_0: 0.4633 (0.4661)  loss_vfl_dn_1: 0.4379 (0.4402)  loss_vfl_dn_2: 0.4333 (0.4338)  time: 1.0510  data: 0.0326  max mem: 10519
Epoch: [63]  [500/809]  eta: 0:05:19  lr: 0.000100  loss: 10.1466 (9.8948)  loss_bbox: 0.0939 (0.0855)  loss_bbox_aux_0: 0.1010 (0.0907)  loss_bbox_aux_1: 0.0939 (0.0870)  loss_bbox_aux_2: 0.1110 (0.1046)  loss_bbox_dn_0: 0.0492 (0.0544)  loss_bbox_dn_1: 0.0395 (0.0446)  loss_bbox_dn_2: 0.0386 (0.0435)  loss_giou: 1.0003 (0.9472)  loss_giou_aux_0: 1.0217 (0.9743)  loss_giou_aux_1: 0.9999 (0.9512)  loss_giou_aux_2: 1.0602 (1.0436)  loss_giou_dn_0: 0.7685 (0.7700)  loss_giou_dn_1: 0.6982 (0.6914)  loss_giou_dn_2: 0.6895 (0.6828)  loss_vfl: 0.4419 (0.4881)  loss_vfl_aux_0: 0.4433 (0.5016)  loss_vfl_aux_1: 0.4520 (0.4963)  loss_vfl_aux_2: 0.4638 (0.4974)  loss_vfl_dn_0: 0.4612 (0.4665)  loss_vfl_dn_1: 0.4330 (0.4402)  loss_vfl_dn_2: 0.4280 (0.4338)  time: 0.9641  data: 0.0248  max mem: 10519
Epoch: [63]  [600/809]  eta: 0:03:35  lr: 0.000100  loss: 9.8125 (9.8977)  loss_bbox: 0.0771 (0.0866)  loss_bbox_aux_0: 0.0870 (0.0918)  loss_bbox_aux_1: 0.0814 (0.0881)  loss_bbox_aux_2: 0.0954 (0.1056)  loss_bbox_dn_0: 0.0510 (0.0543)  loss_bbox_dn_1: 0.0420 (0.0446)  loss_bbox_dn_2: 0.0409 (0.0434)  loss_giou: 0.9167 (0.9478)  loss_giou_aux_0: 0.9515 (0.9750)  loss_giou_aux_1: 0.9317 (0.9522)  loss_giou_aux_2: 1.0200 (1.0431)  loss_giou_dn_0: 0.7648 (0.7695)  loss_giou_dn_1: 0.6850 (0.6908)  loss_giou_dn_2: 0.6728 (0.6822)  loss_vfl: 0.5010 (0.4879)  loss_vfl_aux_0: 0.5151 (0.5014)  loss_vfl_aux_1: 0.5086 (0.4957)  loss_vfl_aux_2: 0.4904 (0.4976)  loss_vfl_dn_0: 0.4621 (0.4663)  loss_vfl_dn_1: 0.4385 (0.4401)  loss_vfl_dn_2: 0.4293 (0.4338)  time: 1.0415  data: 0.0336  max mem: 10519
Epoch: [63]  [700/809]  eta: 0:01:52  lr: 0.000100  loss: 9.6262 (9.8943)  loss_bbox: 0.0737 (0.0867)  loss_bbox_aux_0: 0.0780 (0.0917)  loss_bbox_aux_1: 0.0756 (0.0882)  loss_bbox_aux_2: 0.0921 (0.1052)  loss_bbox_dn_0: 0.0542 (0.0543)  loss_bbox_dn_1: 0.0448 (0.0445)  loss_bbox_dn_2: 0.0427 (0.0434)  loss_giou: 0.9024 (0.9485)  loss_giou_aux_0: 0.9246 (0.9748)  loss_giou_aux_1: 0.8985 (0.9527)  loss_giou_aux_2: 1.0235 (1.0429)  loss_giou_dn_0: 0.7510 (0.7697)  loss_giou_dn_1: 0.6687 (0.6910)  loss_giou_dn_2: 0.6606 (0.6823)  loss_vfl: 0.4835 (0.4864)  loss_vfl_aux_0: 0.4997 (0.5003)  loss_vfl_aux_1: 0.4966 (0.4944)  loss_vfl_aux_2: 0.4958 (0.4976)  loss_vfl_dn_0: 0.4692 (0.4662)  loss_vfl_dn_1: 0.4376 (0.4399)  loss_vfl_dn_2: 0.4323 (0.4336)  time: 1.0583  data: 0.0277  max mem: 10519
Epoch: [63]  [800/809]  eta: 0:00:09  lr: 0.000100  loss: 9.7378 (9.8813)  loss_bbox: 0.0735 (0.0861)  loss_bbox_aux_0: 0.0787 (0.0912)  loss_bbox_aux_1: 0.0763 (0.0876)  loss_bbox_aux_2: 0.0942 (0.1045)  loss_bbox_dn_0: 0.0495 (0.0542)  loss_bbox_dn_1: 0.0396 (0.0445)  loss_bbox_dn_2: 0.0376 (0.0433)  loss_giou: 0.8964 (0.9447)  loss_giou_aux_0: 0.9268 (0.9712)  loss_giou_aux_1: 0.8991 (0.9489)  loss_giou_aux_2: 0.9880 (1.0392)  loss_giou_dn_0: 0.7470 (0.7692)  loss_giou_dn_1: 0.6796 (0.6904)  loss_giou_dn_2: 0.6685 (0.6816)  loss_vfl: 0.4766 (0.4877)  loss_vfl_aux_0: 0.4951 (0.5018)  loss_vfl_aux_1: 0.4863 (0.4958)  loss_vfl_aux_2: 0.4892 (0.4991)  loss_vfl_dn_0: 0.4679 (0.4664)  loss_vfl_dn_1: 0.4421 (0.4400)  loss_vfl_dn_2: 0.4386 (0.4338)  time: 1.0294  data: 0.0309  max mem: 10519
Epoch: [63]  [808/809]  eta: 0:00:01  lr: 0.000100  loss: 9.8270 (9.8872)  loss_bbox: 0.0824 (0.0861)  loss_bbox_aux_0: 0.0907 (0.0913)  loss_bbox_aux_1: 0.0837 (0.0877)  loss_bbox_aux_2: 0.1001 (0.1046)  loss_bbox_dn_0: 0.0459 (0.0541)  loss_bbox_dn_1: 0.0374 (0.0444)  loss_bbox_dn_2: 0.0365 (0.0433)  loss_giou: 0.9525 (0.9462)  loss_giou_aux_0: 0.9725 (0.9726)  loss_giou_aux_1: 0.9554 (0.9504)  loss_giou_aux_2: 1.0448 (1.0405)  loss_giou_dn_0: 0.7839 (0.7698)  loss_giou_dn_1: 0.7072 (0.6910)  loss_giou_dn_2: 0.7001 (0.6823)  loss_vfl: 0.4766 (0.4873)  loss_vfl_aux_0: 0.4836 (0.5014)  loss_vfl_aux_1: 0.4841 (0.4954)  loss_vfl_aux_2: 0.4829 (0.4987)  loss_vfl_dn_0: 0.4636 (0.4663)  loss_vfl_dn_1: 0.4414 (0.4400)  loss_vfl_dn_2: 0.4357 (0.4337)  time: 0.8675  data: 0.0259  max mem: 10519
Epoch: [63] Total time: 0:13:49 (1.0254 s / it)
Averaged stats: lr: 0.000100  loss: 9.8270 (9.8872)  loss_bbox: 0.0824 (0.0861)  loss_bbox_aux_0: 0.0907 (0.0913)  loss_bbox_aux_1: 0.0837 (0.0877)  loss_bbox_aux_2: 0.1001 (0.1046)  loss_bbox_dn_0: 0.0459 (0.0541)  loss_bbox_dn_1: 0.0374 (0.0444)  loss_bbox_dn_2: 0.0365 (0.0433)  loss_giou: 0.9525 (0.9462)  loss_giou_aux_0: 0.9725 (0.9726)  loss_giou_aux_1: 0.9554 (0.9504)  loss_giou_aux_2: 1.0448 (1.0405)  loss_giou_dn_0: 0.7839 (0.7698)  loss_giou_dn_1: 0.7072 (0.6910)  loss_giou_dn_2: 0.7001 (0.6823)  loss_vfl: 0.4766 (0.4873)  loss_vfl_aux_0: 0.4836 (0.5014)  loss_vfl_aux_1: 0.4841 (0.4954)  loss_vfl_aux_2: 0.4829 (0.4987)  loss_vfl_dn_0: 0.4636 (0.4663)  loss_vfl_dn_1: 0.4414 (0.4400)  loss_vfl_dn_2: 0.4357 (0.4337)
Test:  [ 0/69]  eta: 0:01:16    time: 1.1136  data: 0.6371  max mem: 10519
Test:  [10/69]  eta: 0:00:37    time: 0.6411  data: 0.0772  max mem: 10519
Test:  [20/69]  eta: 0:00:29    time: 0.5667  data: 0.0208  max mem: 10519
Test:  [30/69]  eta: 0:00:22    time: 0.5298  data: 0.0208  max mem: 10519
Test:  [40/69]  eta: 0:00:15    time: 0.4915  data: 0.0216  max mem: 10519
Test:  [50/69]  eta: 0:00:09    time: 0.4568  data: 0.0207  max mem: 10519
Test:  [60/69]  eta: 0:00:04    time: 0.4395  data: 0.0196  max mem: 10519
Test:  [68/69]  eta: 0:00:00    time: 0.4503  data: 0.0197  max mem: 10519
Test: Total time: 0:00:35 (0.5084 s / it)
Averaged stats: 
Accumulating evaluation results...
DONE (t=1.94s).
IoU metric: bbox
 Average Precision  (AP) @[ IoU=0.50:0.95 | area=   all | maxDets=100 ] = 0.224
 Average Precision  (AP) @[ IoU=0.50      | area=   all | maxDets=100 ] = 0.373
 Average Precision  (AP) @[ IoU=0.75      | area=   all | maxDets=100 ] = 0.229
 Average Precision  (AP) @[ IoU=0.50:0.95 | area= small | maxDets=100 ] = 0.138
 Average Precision  (AP) @[ IoU=0.50:0.95 | area=medium | maxDets=100 ] = 0.318
 Average Precision  (AP) @[ IoU=0.50:0.95 | area= large | maxDets=100 ] = 0.464
 Average Recall     (AR) @[ IoU=0.50:0.95 | area=   all | maxDets=  1 ] = 0.101
 Average Recall     (AR) @[ IoU=0.50:0.95 | area=   all | maxDets= 10 ] = 0.278
 Average Recall     (AR) @[ IoU=0.50:0.95 | area=   all | maxDets=100 ] = 0.376
 Average Recall     (AR) @[ IoU=0.50:0.95 | area= small | maxDets=100 ] = 0.281
 Average Recall     (AR) @[ IoU=0.50:0.95 | area=medium | maxDets=100 ] = 0.501
 Average Recall     (AR) @[ IoU=0.50:0.95 | area= large | maxDets=100 ] = 0.622
best_stat:  {'epoch': 63, 'coco_eval_bbox': 0.22430763479831697}
Epoch: [64]  [  0/809]  eta: 1:17:06  lr: 0.000100  loss: 8.0519 (8.0519)  loss_bbox: 0.0661 (0.0661)  loss_bbox_aux_0: 0.0744 (0.0744)  loss_bbox_aux_1: 0.0671 (0.0671)  loss_bbox_aux_2: 0.0994 (0.0994)  loss_bbox_dn_0: 0.0876 (0.0876)  loss_bbox_dn_1: 0.0634 (0.0634)  loss_bbox_dn_2: 0.0606 (0.0606)  loss_giou: 0.5666 (0.5666)  loss_giou_aux_0: 0.5939 (0.5939)  loss_giou_aux_1: 0.5604 (0.5604)  loss_giou_aux_2: 0.6809 (0.6809)  loss_giou_dn_0: 0.6380 (0.6380)  loss_giou_dn_1: 0.5242 (0.5242)  loss_giou_dn_2: 0.5069 (0.5069)  loss_vfl: 0.5044 (0.5044)  loss_vfl_aux_0: 0.5507 (0.5507)  loss_vfl_aux_1: 0.5283 (0.5283)  loss_vfl_aux_2: 0.5867 (0.5867)  loss_vfl_dn_0: 0.4633 (0.4633)  loss_vfl_dn_1: 0.4198 (0.4198)  loss_vfl_dn_2: 0.4093 (0.4093)  time: 5.7194  data: 3.7439  max mem: 10519
Epoch: [64]  [100/809]  eta: 0:12:42  lr: 0.000100  loss: 9.5039 (9.8059)  loss_bbox: 0.0774 (0.0881)  loss_bbox_aux_0: 0.0770 (0.0945)  loss_bbox_aux_1: 0.0748 (0.0900)  loss_bbox_aux_2: 0.0894 (0.1079)  loss_bbox_dn_0: 0.0534 (0.0540)  loss_bbox_dn_1: 0.0421 (0.0439)  loss_bbox_dn_2: 0.0410 (0.0428)  loss_giou: 0.8416 (0.9326)  loss_giou_aux_0: 0.8804 (0.9624)  loss_giou_aux_1: 0.8529 (0.9381)  loss_giou_aux_2: 0.9315 (1.0280)  loss_giou_dn_0: 0.7369 (0.7591)  loss_giou_dn_1: 0.6537 (0.6783)  loss_giou_dn_2: 0.6477 (0.6695)  loss_vfl: 0.5112 (0.4866)  loss_vfl_aux_0: 0.5354 (0.4995)  loss_vfl_aux_1: 0.5173 (0.4947)  loss_vfl_aux_2: 0.5181 (0.4973)  loss_vfl_dn_0: 0.4727 (0.4666)  loss_vfl_dn_1: 0.4388 (0.4390)  loss_vfl_dn_2: 0.4325 (0.4330)  time: 0.9843  data: 0.0244  max mem: 10519
Epoch: [64]  [200/809]  eta: 0:10:42  lr: 0.000100  loss: 9.7070 (9.8924)  loss_bbox: 0.0759 (0.0882)  loss_bbox_aux_0: 0.0804 (0.0948)  loss_bbox_aux_1: 0.0770 (0.0903)  loss_bbox_aux_2: 0.0922 (0.1093)  loss_bbox_dn_0: 0.0509 (0.0541)  loss_bbox_dn_1: 0.0425 (0.0442)  loss_bbox_dn_2: 0.0416 (0.0431)  loss_giou: 0.8876 (0.9491)  loss_giou_aux_0: 0.9174 (0.9796)  loss_giou_aux_1: 0.8953 (0.9546)  loss_giou_aux_2: 0.9982 (1.0471)  loss_giou_dn_0: 0.7654 (0.7683)  loss_giou_dn_1: 0.6814 (0.6873)  loss_giou_dn_2: 0.6715 (0.6785)  loss_vfl: 0.5333 (0.4854)  loss_vfl_aux_0: 0.5346 (0.4969)  loss_vfl_aux_1: 0.5367 (0.4930)  loss_vfl_aux_2: 0.5273 (0.4932)  loss_vfl_dn_0: 0.4627 (0.4646)  loss_vfl_dn_1: 0.4414 (0.4388)  loss_vfl_dn_2: 0.4378 (0.4323)  time: 1.0098  data: 0.0267  max mem: 10519
Epoch: [64]  [300/809]  eta: 0:08:51  lr: 0.000100  loss: 9.7039 (9.8841)  loss_bbox: 0.0731 (0.0873)  loss_bbox_aux_0: 0.0775 (0.0934)  loss_bbox_aux_1: 0.0748 (0.0892)  loss_bbox_aux_2: 0.0878 (0.1072)  loss_bbox_dn_0: 0.0479 (0.0532)  loss_bbox_dn_1: 0.0406 (0.0435)  loss_bbox_dn_2: 0.0387 (0.0424)  loss_giou: 0.9221 (0.9480)  loss_giou_aux_0: 0.9634 (0.9771)  loss_giou_aux_1: 0.9331 (0.9527)  loss_giou_aux_2: 1.0297 (1.0451)  loss_giou_dn_0: 0.7619 (0.7665)  loss_giou_dn_1: 0.6759 (0.6868)  loss_giou_dn_2: 0.6669 (0.6781)  loss_vfl: 0.5011 (0.4864)  loss_vfl_aux_0: 0.5091 (0.4988)  loss_vfl_aux_1: 0.4947 (0.4944)  loss_vfl_aux_2: 0.4985 (0.4948)  loss_vfl_dn_0: 0.4709 (0.4659)  loss_vfl_dn_1: 0.4429 (0.4398)  loss_vfl_dn_2: 0.4376 (0.4335)  time: 0.9993  data: 0.0284  max mem: 10519
Epoch: [64]  [400/809]  eta: 0:07:03  lr: 0.000100  loss: 9.1869 (9.8618)  loss_bbox: 0.0724 (0.0850)  loss_bbox_aux_0: 0.0756 (0.0912)  loss_bbox_aux_1: 0.0717 (0.0869)  loss_bbox_aux_2: 0.0862 (0.1056)  loss_bbox_dn_0: 0.0489 (0.0528)  loss_bbox_dn_1: 0.0400 (0.0433)  loss_bbox_dn_2: 0.0385 (0.0422)  loss_giou: 0.8340 (0.9463)  loss_giou_aux_0: 0.8618 (0.9750)  loss_giou_aux_1: 0.8393 (0.9513)  loss_giou_aux_2: 0.9392 (1.0437)  loss_giou_dn_0: 0.7195 (0.7663)  loss_giou_dn_1: 0.6359 (0.6864)  loss_giou_dn_2: 0.6297 (0.6778)  loss_vfl: 0.4993 (0.4859)  loss_vfl_aux_0: 0.5285 (0.4975)  loss_vfl_aux_1: 0.5090 (0.4937)  loss_vfl_aux_2: 0.5084 (0.4939)  loss_vfl_dn_0: 0.4572 (0.4652)  loss_vfl_dn_1: 0.4323 (0.4391)  loss_vfl_dn_2: 0.4257 (0.4329)  time: 0.9904  data: 0.0251  max mem: 10519
Epoch: [64]  [500/809]  eta: 0:05:18  lr: 0.000100  loss: 9.9197 (9.8469)  loss_bbox: 0.0811 (0.0849)  loss_bbox_aux_0: 0.0873 (0.0910)  loss_bbox_aux_1: 0.0778 (0.0867)  loss_bbox_aux_2: 0.1018 (0.1051)  loss_bbox_dn_0: 0.0511 (0.0531)  loss_bbox_dn_1: 0.0416 (0.0435)  loss_bbox_dn_2: 0.0410 (0.0424)  loss_giou: 0.9715 (0.9424)  loss_giou_aux_0: 0.9899 (0.9707)  loss_giou_aux_1: 0.9688 (0.9473)  loss_giou_aux_2: 1.0838 (1.0402)  loss_giou_dn_0: 0.7904 (0.7650)  loss_giou_dn_1: 0.7046 (0.6855)  loss_giou_dn_2: 0.6992 (0.6766)  loss_vfl: 0.4801 (0.4874)  loss_vfl_aux_0: 0.4760 (0.4987)  loss_vfl_aux_1: 0.4806 (0.4950)  loss_vfl_aux_2: 0.4643 (0.4950)  loss_vfl_dn_0: 0.4623 (0.4650)  loss_vfl_dn_1: 0.4352 (0.4388)  loss_vfl_dn_2: 0.4314 (0.4326)  time: 1.0181  data: 0.0300  max mem: 10519
Epoch: [64]  [600/809]  eta: 0:03:35  lr: 0.000100  loss: 10.0239 (9.8552)  loss_bbox: 0.0837 (0.0846)  loss_bbox_aux_0: 0.0901 (0.0905)  loss_bbox_aux_1: 0.0866 (0.0863)  loss_bbox_aux_2: 0.1087 (0.1046)  loss_bbox_dn_0: 0.0467 (0.0530)  loss_bbox_dn_1: 0.0391 (0.0434)  loss_bbox_dn_2: 0.0380 (0.0423)  loss_giou: 0.9965 (0.9448)  loss_giou_aux_0: 1.0427 (0.9728)  loss_giou_aux_1: 1.0071 (0.9499)  loss_giou_aux_2: 1.1100 (1.0426)  loss_giou_dn_0: 0.7843 (0.7662)  loss_giou_dn_1: 0.7085 (0.6871)  loss_giou_dn_2: 0.6991 (0.6782)  loss_vfl: 0.4659 (0.4862)  loss_vfl_aux_0: 0.4718 (0.4977)  loss_vfl_aux_1: 0.4723 (0.4938)  loss_vfl_aux_2: 0.4691 (0.4940)  loss_vfl_dn_0: 0.4561 (0.4652)  loss_vfl_dn_1: 0.4379 (0.4390)  loss_vfl_dn_2: 0.4324 (0.4328)  time: 1.0301  data: 0.0277  max mem: 10519
Epoch: [64]  [700/809]  eta: 0:01:51  lr: 0.000100  loss: 9.5583 (9.8432)  loss_bbox: 0.0884 (0.0840)  loss_bbox_aux_0: 0.0916 (0.0899)  loss_bbox_aux_1: 0.0920 (0.0857)  loss_bbox_aux_2: 0.1039 (0.1039)  loss_bbox_dn_0: 0.0544 (0.0533)  loss_bbox_dn_1: 0.0448 (0.0437)  loss_bbox_dn_2: 0.0433 (0.0426)  loss_giou: 0.8698 (0.9403)  loss_giou_aux_0: 0.8973 (0.9684)  loss_giou_aux_1: 0.8809 (0.9455)  loss_giou_aux_2: 0.9780 (1.0383)  loss_giou_dn_0: 0.7297 (0.7652)  loss_giou_dn_1: 0.6488 (0.6860)  loss_giou_dn_2: 0.6435 (0.6772)  loss_vfl: 0.4897 (0.4883)  loss_vfl_aux_0: 0.5070 (0.5003)  loss_vfl_aux_1: 0.4957 (0.4959)  loss_vfl_aux_2: 0.4981 (0.4965)  loss_vfl_dn_0: 0.4645 (0.4657)  loss_vfl_dn_1: 0.4379 (0.4394)  loss_vfl_dn_2: 0.4334 (0.4332)  time: 1.0287  data: 0.0276  max mem: 10519
Epoch: [64]  [800/809]  eta: 0:00:09  lr: 0.000100  loss: 10.1497 (9.8668)  loss_bbox: 0.0909 (0.0849)  loss_bbox_aux_0: 0.0982 (0.0908)  loss_bbox_aux_1: 0.0929 (0.0866)  loss_bbox_aux_2: 0.1093 (0.1050)  loss_bbox_dn_0: 0.0513 (0.0533)  loss_bbox_dn_1: 0.0427 (0.0438)  loss_bbox_dn_2: 0.0413 (0.0427)  loss_giou: 1.0257 (0.9446)  loss_giou_aux_0: 1.0471 (0.9727)  loss_giou_aux_1: 1.0285 (0.9499)  loss_giou_aux_2: 1.1115 (1.0418)  loss_giou_dn_0: 0.7885 (0.7670)  loss_giou_dn_1: 0.7109 (0.6881)  loss_giou_dn_2: 0.6989 (0.6793)  loss_vfl: 0.4549 (0.4877)  loss_vfl_aux_0: 0.4651 (0.4998)  loss_vfl_aux_1: 0.4660 (0.4952)  loss_vfl_aux_2: 0.4684 (0.4958)  loss_vfl_dn_0: 0.4641 (0.4656)  loss_vfl_dn_1: 0.4387 (0.4393)  loss_vfl_dn_2: 0.4305 (0.4331)  time: 0.9996  data: 0.0262  max mem: 10519
Epoch: [64]  [808/809]  eta: 0:00:01  lr: 0.000100  loss: 10.1497 (9.8695)  loss_bbox: 0.0804 (0.0849)  loss_bbox_aux_0: 0.0841 (0.0907)  loss_bbox_aux_1: 0.0809 (0.0865)  loss_bbox_aux_2: 0.1006 (0.1049)  loss_bbox_dn_0: 0.0492 (0.0533)  loss_bbox_dn_1: 0.0398 (0.0438)  loss_bbox_dn_2: 0.0386 (0.0427)  loss_giou: 1.0105 (0.9450)  loss_giou_aux_0: 1.0471 (0.9732)  loss_giou_aux_1: 1.0283 (0.9504)  loss_giou_aux_2: 1.1105 (1.0423)  loss_giou_dn_0: 0.7910 (0.7673)  loss_giou_dn_1: 0.7171 (0.6884)  loss_giou_dn_2: 0.7044 (0.6796)  loss_vfl: 0.4678 (0.4878)  loss_vfl_aux_0: 0.4765 (0.4998)  loss_vfl_aux_1: 0.4695 (0.4952)  loss_vfl_aux_2: 0.4684 (0.4957)  loss_vfl_dn_0: 0.4646 (0.4656)  loss_vfl_dn_1: 0.4357 (0.4393)  loss_vfl_dn_2: 0.4316 (0.4332)  time: 0.8987  data: 0.0253  max mem: 10519
Epoch: [64] Total time: 0:13:46 (1.0217 s / it)
Averaged stats: lr: 0.000100  loss: 10.1497 (9.8695)  loss_bbox: 0.0804 (0.0849)  loss_bbox_aux_0: 0.0841 (0.0907)  loss_bbox_aux_1: 0.0809 (0.0865)  loss_bbox_aux_2: 0.1006 (0.1049)  loss_bbox_dn_0: 0.0492 (0.0533)  loss_bbox_dn_1: 0.0398 (0.0438)  loss_bbox_dn_2: 0.0386 (0.0427)  loss_giou: 1.0105 (0.9450)  loss_giou_aux_0: 1.0471 (0.9732)  loss_giou_aux_1: 1.0283 (0.9504)  loss_giou_aux_2: 1.1105 (1.0423)  loss_giou_dn_0: 0.7910 (0.7673)  loss_giou_dn_1: 0.7171 (0.6884)  loss_giou_dn_2: 0.7044 (0.6796)  loss_vfl: 0.4678 (0.4878)  loss_vfl_aux_0: 0.4765 (0.4998)  loss_vfl_aux_1: 0.4695 (0.4952)  loss_vfl_aux_2: 0.4684 (0.4957)  loss_vfl_dn_0: 0.4646 (0.4656)  loss_vfl_dn_1: 0.4357 (0.4393)  loss_vfl_dn_2: 0.4316 (0.4332)
Test:  [ 0/69]  eta: 0:01:36    time: 1.4034  data: 0.8828  max mem: 10519
Test:  [10/69]  eta: 0:00:39    time: 0.6766  data: 0.0977  max mem: 10519
Test:  [20/69]  eta: 0:00:30    time: 0.5853  data: 0.0201  max mem: 10519
Test:  [30/69]  eta: 0:00:22    time: 0.5418  data: 0.0213  max mem: 10519
Test:  [40/69]  eta: 0:00:16    time: 0.4991  data: 0.0211  max mem: 10519
Test:  [50/69]  eta: 0:00:10    time: 0.4554  data: 0.0208  max mem: 10519
Test:  [60/69]  eta: 0:00:04    time: 0.4341  data: 0.0210  max mem: 10519
Test:  [68/69]  eta: 0:00:00    time: 0.4474  data: 0.0203  max mem: 10519
Test: Total time: 0:00:35 (0.5164 s / it)
Averaged stats: 
Accumulating evaluation results...
DONE (t=2.00s).
IoU metric: bbox
 Average Precision  (AP) @[ IoU=0.50:0.95 | area=   all | maxDets=100 ] = 0.224
 Average Precision  (AP) @[ IoU=0.50      | area=   all | maxDets=100 ] = 0.374
 Average Precision  (AP) @[ IoU=0.75      | area=   all | maxDets=100 ] = 0.229
 Average Precision  (AP) @[ IoU=0.50:0.95 | area= small | maxDets=100 ] = 0.138
 Average Precision  (AP) @[ IoU=0.50:0.95 | area=medium | maxDets=100 ] = 0.317
 Average Precision  (AP) @[ IoU=0.50:0.95 | area= large | maxDets=100 ] = 0.459
 Average Recall     (AR) @[ IoU=0.50:0.95 | area=   all | maxDets=  1 ] = 0.100
 Average Recall     (AR) @[ IoU=0.50:0.95 | area=   all | maxDets= 10 ] = 0.278
 Average Recall     (AR) @[ IoU=0.50:0.95 | area=   all | maxDets=100 ] = 0.376
 Average Recall     (AR) @[ IoU=0.50:0.95 | area= small | maxDets=100 ] = 0.282
 Average Recall     (AR) @[ IoU=0.50:0.95 | area=medium | maxDets=100 ] = 0.501
 Average Recall     (AR) @[ IoU=0.50:0.95 | area= large | maxDets=100 ] = 0.619
best_stat:  {'epoch': 64, 'coco_eval_bbox': 0.22439342921341315}
Epoch: [65]  [  0/809]  eta: 1:15:27  lr: 0.000100  loss: 9.8541 (9.8541)  loss_bbox: 0.0850 (0.0850)  loss_bbox_aux_0: 0.0892 (0.0892)  loss_bbox_aux_1: 0.0836 (0.0836)  loss_bbox_aux_2: 0.1009 (0.1009)  loss_bbox_dn_0: 0.0627 (0.0627)  loss_bbox_dn_1: 0.0516 (0.0516)  loss_bbox_dn_2: 0.0495 (0.0495)  loss_giou: 0.8633 (0.8633)  loss_giou_aux_0: 0.8927 (0.8927)  loss_giou_aux_1: 0.8691 (0.8691)  loss_giou_aux_2: 0.9395 (0.9395)  loss_giou_dn_0: 0.7314 (0.7314)  loss_giou_dn_1: 0.6821 (0.6821)  loss_giou_dn_2: 0.6685 (0.6685)  loss_vfl: 0.5694 (0.5694)  loss_vfl_aux_0: 0.5760 (0.5760)  loss_vfl_aux_1: 0.5688 (0.5688)  loss_vfl_aux_2: 0.5898 (0.5898)  loss_vfl_dn_0: 0.4800 (0.4800)  loss_vfl_dn_1: 0.4542 (0.4542)  loss_vfl_dn_2: 0.4470 (0.4470)  time: 5.5958  data: 2.6707  max mem: 10519
Epoch: [65]  [100/809]  eta: 0:12:31  lr: 0.000100  loss: 9.7366 (9.8158)  loss_bbox: 0.0704 (0.0857)  loss_bbox_aux_0: 0.0764 (0.0907)  loss_bbox_aux_1: 0.0730 (0.0873)  loss_bbox_aux_2: 0.0904 (0.1040)  loss_bbox_dn_0: 0.0503 (0.0530)  loss_bbox_dn_1: 0.0435 (0.0435)  loss_bbox_dn_2: 0.0429 (0.0425)  loss_giou: 0.9089 (0.9313)  loss_giou_aux_0: 0.9409 (0.9594)  loss_giou_aux_1: 0.9087 (0.9379)  loss_giou_aux_2: 1.0004 (1.0301)  loss_giou_dn_0: 0.7645 (0.7581)  loss_giou_dn_1: 0.7016 (0.6820)  loss_giou_dn_2: 0.6917 (0.6728)  loss_vfl: 0.4958 (0.4930)  loss_vfl_aux_0: 0.5034 (0.5056)  loss_vfl_aux_1: 0.5148 (0.5000)  loss_vfl_aux_2: 0.4983 (0.5027)  loss_vfl_dn_0: 0.4618 (0.4650)  loss_vfl_dn_1: 0.4386 (0.4389)  loss_vfl_dn_2: 0.4308 (0.4323)  time: 1.0466  data: 0.0307  max mem: 10519
Epoch: [65]  [200/809]  eta: 0:10:29  lr: 0.000100  loss: 9.8470 (9.8724)  loss_bbox: 0.0954 (0.0872)  loss_bbox_aux_0: 0.0943 (0.0919)  loss_bbox_aux_1: 0.0934 (0.0887)  loss_bbox_aux_2: 0.1047 (0.1061)  loss_bbox_dn_0: 0.0502 (0.0522)  loss_bbox_dn_1: 0.0418 (0.0428)  loss_bbox_dn_2: 0.0401 (0.0418)  loss_giou: 0.9233 (0.9497)  loss_giou_aux_0: 0.9658 (0.9771)  loss_giou_aux_1: 0.9289 (0.9572)  loss_giou_aux_2: 1.0058 (1.0438)  loss_giou_dn_0: 0.7697 (0.7657)  loss_giou_dn_1: 0.6893 (0.6884)  loss_giou_dn_2: 0.6786 (0.6794)  loss_vfl: 0.4806 (0.4835)  loss_vfl_aux_0: 0.4986 (0.4964)  loss_vfl_aux_1: 0.4970 (0.4907)  loss_vfl_aux_2: 0.4939 (0.4940)  loss_vfl_dn_0: 0.4626 (0.4649)  loss_vfl_dn_1: 0.4332 (0.4386)  loss_vfl_dn_2: 0.4256 (0.4323)  time: 1.0030  data: 0.0292  max mem: 10519
Epoch: [65]  [300/809]  eta: 0:08:44  lr: 0.000100  loss: 9.6072 (9.8719)  loss_bbox: 0.0834 (0.0873)  loss_bbox_aux_0: 0.0830 (0.0923)  loss_bbox_aux_1: 0.0836 (0.0889)  loss_bbox_aux_2: 0.1056 (0.1064)  loss_bbox_dn_0: 0.0546 (0.0527)  loss_bbox_dn_1: 0.0444 (0.0433)  loss_bbox_dn_2: 0.0431 (0.0422)  loss_giou: 0.9136 (0.9489)  loss_giou_aux_0: 0.9370 (0.9769)  loss_giou_aux_1: 0.9186 (0.9560)  loss_giou_aux_2: 0.9930 (1.0427)  loss_giou_dn_0: 0.7424 (0.7670)  loss_giou_dn_1: 0.6832 (0.6894)  loss_giou_dn_2: 0.6706 (0.6803)  loss_vfl: 0.4894 (0.4830)  loss_vfl_aux_0: 0.5004 (0.4959)  loss_vfl_aux_1: 0.4879 (0.4905)  loss_vfl_aux_2: 0.4941 (0.4936)  loss_vfl_dn_0: 0.4674 (0.4645)  loss_vfl_dn_1: 0.4376 (0.4381)  loss_vfl_dn_2: 0.4318 (0.4319)  time: 1.0390  data: 0.0283  max mem: 10519
Epoch: [65]  [400/809]  eta: 0:06:58  lr: 0.000100  loss: 10.0447 (9.9063)  loss_bbox: 0.0748 (0.0883)  loss_bbox_aux_0: 0.0778 (0.0935)  loss_bbox_aux_1: 0.0775 (0.0897)  loss_bbox_aux_2: 0.0932 (0.1084)  loss_bbox_dn_0: 0.0522 (0.0529)  loss_bbox_dn_1: 0.0426 (0.0435)  loss_bbox_dn_2: 0.0415 (0.0425)  loss_giou: 0.9697 (0.9544)  loss_giou_aux_0: 1.0010 (0.9830)  loss_giou_aux_1: 0.9722 (0.9604)  loss_giou_aux_2: 1.0767 (1.0495)  loss_giou_dn_0: 0.8057 (0.7698)  loss_giou_dn_1: 0.7093 (0.6922)  loss_giou_dn_2: 0.7020 (0.6833)  loss_vfl: 0.4683 (0.4827)  loss_vfl_aux_0: 0.4819 (0.4953)  loss_vfl_aux_1: 0.4813 (0.4901)  loss_vfl_aux_2: 0.4750 (0.4917)  loss_vfl_dn_0: 0.4688 (0.4646)  loss_vfl_dn_1: 0.4415 (0.4385)  loss_vfl_dn_2: 0.4349 (0.4321)  time: 1.0003  data: 0.0238  max mem: 10519
Epoch: [65]  [500/809]  eta: 0:05:15  lr: 0.000100  loss: 9.5763 (9.9279)  loss_bbox: 0.0723 (0.0889)  loss_bbox_aux_0: 0.0757 (0.0941)  loss_bbox_aux_1: 0.0735 (0.0903)  loss_bbox_aux_2: 0.0909 (0.1088)  loss_bbox_dn_0: 0.0530 (0.0528)  loss_bbox_dn_1: 0.0430 (0.0435)  loss_bbox_dn_2: 0.0424 (0.0424)  loss_giou: 0.8588 (0.9573)  loss_giou_aux_0: 0.8864 (0.9866)  loss_giou_aux_1: 0.8581 (0.9631)  loss_giou_aux_2: 0.9724 (1.0528)  loss_giou_dn_0: 0.7372 (0.7726)  loss_giou_dn_1: 0.6572 (0.6944)  loss_giou_dn_2: 0.6499 (0.6855)  loss_vfl: 0.4879 (0.4827)  loss_vfl_aux_0: 0.5103 (0.4950)  loss_vfl_aux_1: 0.4991 (0.4900)  loss_vfl_aux_2: 0.5148 (0.4907)  loss_vfl_dn_0: 0.4703 (0.4646)  loss_vfl_dn_1: 0.4415 (0.4390)  loss_vfl_dn_2: 0.4376 (0.4328)  time: 0.9857  data: 0.0289  max mem: 10519
Epoch: [65]  [600/809]  eta: 0:03:32  lr: 0.000100  loss: 9.8028 (9.9209)  loss_bbox: 0.0784 (0.0880)  loss_bbox_aux_0: 0.0768 (0.0933)  loss_bbox_aux_1: 0.0788 (0.0894)  loss_bbox_aux_2: 0.0925 (0.1080)  loss_bbox_dn_0: 0.0461 (0.0529)  loss_bbox_dn_1: 0.0372 (0.0436)  loss_bbox_dn_2: 0.0368 (0.0425)  loss_giou: 0.8653 (0.9565)  loss_giou_aux_0: 0.9003 (0.9858)  loss_giou_aux_1: 0.8756 (0.9624)  loss_giou_aux_2: 0.9669 (1.0519)  loss_giou_dn_0: 0.7556 (0.7727)  loss_giou_dn_1: 0.6753 (0.6946)  loss_giou_dn_2: 0.6619 (0.6855)  loss_vfl: 0.4872 (0.4822)  loss_vfl_aux_0: 0.5135 (0.4950)  loss_vfl_aux_1: 0.5010 (0.4897)  loss_vfl_aux_2: 0.4974 (0.4903)  loss_vfl_dn_0: 0.4605 (0.4648)  loss_vfl_dn_1: 0.4337 (0.4391)  loss_vfl_dn_2: 0.4272 (0.4328)  time: 1.0307  data: 0.0279  max mem: 10519
Epoch: [65]  [700/809]  eta: 0:01:50  lr: 0.000100  loss: 9.7768 (9.9123)  loss_bbox: 0.0718 (0.0877)  loss_bbox_aux_0: 0.0770 (0.0928)  loss_bbox_aux_1: 0.0738 (0.0890)  loss_bbox_aux_2: 0.0937 (0.1074)  loss_bbox_dn_0: 0.0459 (0.0531)  loss_bbox_dn_1: 0.0371 (0.0437)  loss_bbox_dn_2: 0.0367 (0.0426)  loss_giou: 0.9108 (0.9548)  loss_giou_aux_0: 0.9268 (0.9840)  loss_giou_aux_1: 0.9143 (0.9605)  loss_giou_aux_2: 0.9993 (1.0504)  loss_giou_dn_0: 0.7572 (0.7715)  loss_giou_dn_1: 0.6822 (0.6934)  loss_giou_dn_2: 0.6756 (0.6843)  loss_vfl: 0.4757 (0.4831)  loss_vfl_aux_0: 0.4839 (0.4958)  loss_vfl_aux_1: 0.4814 (0.4904)  loss_vfl_aux_2: 0.4942 (0.4910)  loss_vfl_dn_0: 0.4622 (0.4650)  loss_vfl_dn_1: 0.4364 (0.4391)  loss_vfl_dn_2: 0.4303 (0.4329)  time: 1.0308  data: 0.0275  max mem: 10519
Epoch: [65]  [800/809]  eta: 0:00:09  lr: 0.000100  loss: 9.4629 (9.8906)  loss_bbox: 0.0677 (0.0869)  loss_bbox_aux_0: 0.0718 (0.0921)  loss_bbox_aux_1: 0.0696 (0.0883)  loss_bbox_aux_2: 0.0840 (0.1066)  loss_bbox_dn_0: 0.0566 (0.0531)  loss_bbox_dn_1: 0.0463 (0.0436)  loss_bbox_dn_2: 0.0455 (0.0425)  loss_giou: 0.9084 (0.9513)  loss_giou_aux_0: 0.9178 (0.9801)  loss_giou_aux_1: 0.9068 (0.9568)  loss_giou_aux_2: 0.9971 (1.0469)  loss_giou_dn_0: 0.7512 (0.7698)  loss_giou_dn_1: 0.6683 (0.6917)  loss_giou_dn_2: 0.6589 (0.6826)  loss_vfl: 0.4902 (0.4831)  loss_vfl_aux_0: 0.5022 (0.4962)  loss_vfl_aux_1: 0.5030 (0.4907)  loss_vfl_aux_2: 0.4836 (0.4917)  loss_vfl_dn_0: 0.4668 (0.4650)  loss_vfl_dn_1: 0.4391 (0.4389)  loss_vfl_dn_2: 0.4336 (0.4326)  time: 1.0189  data: 0.0300  max mem: 11522
Epoch: [65]  [808/809]  eta: 0:00:01  lr: 0.000100  loss: 9.5225 (9.8891)  loss_bbox: 0.0677 (0.0869)  loss_bbox_aux_0: 0.0732 (0.0920)  loss_bbox_aux_1: 0.0693 (0.0882)  loss_bbox_aux_2: 0.0877 (0.1065)  loss_bbox_dn_0: 0.0525 (0.0532)  loss_bbox_dn_1: 0.0424 (0.0437)  loss_bbox_dn_2: 0.0410 (0.0426)  loss_giou: 0.8670 (0.9508)  loss_giou_aux_0: 0.8930 (0.9796)  loss_giou_aux_1: 0.8730 (0.9563)  loss_giou_aux_2: 0.9554 (1.0464)  loss_giou_dn_0: 0.7344 (0.7696)  loss_giou_dn_1: 0.6634 (0.6914)  loss_giou_dn_2: 0.6554 (0.6824)  loss_vfl: 0.5055 (0.4833)  loss_vfl_aux_0: 0.5244 (0.4965)  loss_vfl_aux_1: 0.5201 (0.4910)  loss_vfl_aux_2: 0.5190 (0.4919)  loss_vfl_dn_0: 0.4681 (0.4651)  loss_vfl_dn_1: 0.4391 (0.4389)  loss_vfl_dn_2: 0.4338 (0.4327)  time: 0.8645  data: 0.0270  max mem: 11522
Epoch: [65] Total time: 0:13:40 (1.0147 s / it)
Averaged stats: lr: 0.000100  loss: 9.5225 (9.8891)  loss_bbox: 0.0677 (0.0869)  loss_bbox_aux_0: 0.0732 (0.0920)  loss_bbox_aux_1: 0.0693 (0.0882)  loss_bbox_aux_2: 0.0877 (0.1065)  loss_bbox_dn_0: 0.0525 (0.0532)  loss_bbox_dn_1: 0.0424 (0.0437)  loss_bbox_dn_2: 0.0410 (0.0426)  loss_giou: 0.8670 (0.9508)  loss_giou_aux_0: 0.8930 (0.9796)  loss_giou_aux_1: 0.8730 (0.9563)  loss_giou_aux_2: 0.9554 (1.0464)  loss_giou_dn_0: 0.7344 (0.7696)  loss_giou_dn_1: 0.6634 (0.6914)  loss_giou_dn_2: 0.6554 (0.6824)  loss_vfl: 0.5055 (0.4833)  loss_vfl_aux_0: 0.5244 (0.4965)  loss_vfl_aux_1: 0.5201 (0.4910)  loss_vfl_aux_2: 0.5190 (0.4919)  loss_vfl_dn_0: 0.4681 (0.4651)  loss_vfl_dn_1: 0.4391 (0.4389)  loss_vfl_dn_2: 0.4338 (0.4327)
Test:  [ 0/69]  eta: 0:01:16    time: 1.1138  data: 0.6089  max mem: 11522
Test:  [10/69]  eta: 0:00:39    time: 0.6719  data: 0.0753  max mem: 11522
Test:  [20/69]  eta: 0:00:29    time: 0.5766  data: 0.0214  max mem: 11522
Test:  [30/69]  eta: 0:00:22    time: 0.5086  data: 0.0209  max mem: 11522
Test:  [40/69]  eta: 0:00:15    time: 0.4808  data: 0.0203  max mem: 11522
Test:  [50/69]  eta: 0:00:09    time: 0.4503  data: 0.0200  max mem: 11522
Test:  [60/69]  eta: 0:00:04    time: 0.4172  data: 0.0203  max mem: 11522
Test:  [68/69]  eta: 0:00:00    time: 0.4312  data: 0.0189  max mem: 11522
Test: Total time: 0:00:34 (0.5000 s / it)
Averaged stats: 
Accumulating evaluation results...
DONE (t=1.96s).
IoU metric: bbox
 Average Precision  (AP) @[ IoU=0.50:0.95 | area=   all | maxDets=100 ] = 0.225
 Average Precision  (AP) @[ IoU=0.50      | area=   all | maxDets=100 ] = 0.374
 Average Precision  (AP) @[ IoU=0.75      | area=   all | maxDets=100 ] = 0.229
 Average Precision  (AP) @[ IoU=0.50:0.95 | area= small | maxDets=100 ] = 0.139
 Average Precision  (AP) @[ IoU=0.50:0.95 | area=medium | maxDets=100 ] = 0.318
 Average Precision  (AP) @[ IoU=0.50:0.95 | area= large | maxDets=100 ] = 0.441
 Average Recall     (AR) @[ IoU=0.50:0.95 | area=   all | maxDets=  1 ] = 0.100
 Average Recall     (AR) @[ IoU=0.50:0.95 | area=   all | maxDets= 10 ] = 0.279
 Average Recall     (AR) @[ IoU=0.50:0.95 | area=   all | maxDets=100 ] = 0.377
 Average Recall     (AR) @[ IoU=0.50:0.95 | area= small | maxDets=100 ] = 0.283
 Average Recall     (AR) @[ IoU=0.50:0.95 | area=medium | maxDets=100 ] = 0.501
 Average Recall     (AR) @[ IoU=0.50:0.95 | area= large | maxDets=100 ] = 0.618
best_stat:  {'epoch': 65, 'coco_eval_bbox': 0.22472204307041987}
Epoch: [66]  [  0/809]  eta: 1:17:46  lr: 0.000100  loss: 9.8591 (9.8591)  loss_bbox: 0.0560 (0.0560)  loss_bbox_aux_0: 0.0609 (0.0609)  loss_bbox_aux_1: 0.0585 (0.0585)  loss_bbox_aux_2: 0.0813 (0.0813)  loss_bbox_dn_0: 0.0513 (0.0513)  loss_bbox_dn_1: 0.0389 (0.0389)  loss_bbox_dn_2: 0.0379 (0.0379)  loss_giou: 0.8958 (0.8958)  loss_giou_aux_0: 0.9053 (0.9053)  loss_giou_aux_1: 0.8829 (0.8829)  loss_giou_aux_2: 0.9977 (0.9977)  loss_giou_dn_0: 0.7642 (0.7642)  loss_giou_dn_1: 0.6836 (0.6836)  loss_giou_dn_2: 0.6729 (0.6729)  loss_vfl: 0.5568 (0.5568)  loss_vfl_aux_0: 0.5771 (0.5771)  loss_vfl_aux_1: 0.5767 (0.5767)  loss_vfl_aux_2: 0.5337 (0.5337)  loss_vfl_dn_0: 0.4927 (0.4927)  loss_vfl_dn_1: 0.4698 (0.4698)  loss_vfl_dn_2: 0.4652 (0.4652)  time: 5.7684  data: 2.5800  max mem: 11522
Epoch: [66]  [100/809]  eta: 0:12:44  lr: 0.000100  loss: 10.3213 (9.9663)  loss_bbox: 0.0921 (0.0882)  loss_bbox_aux_0: 0.0946 (0.0937)  loss_bbox_aux_1: 0.0930 (0.0895)  loss_bbox_aux_2: 0.1170 (0.1079)  loss_bbox_dn_0: 0.0514 (0.0538)  loss_bbox_dn_1: 0.0444 (0.0439)  loss_bbox_dn_2: 0.0440 (0.0428)  loss_giou: 0.9782 (0.9648)  loss_giou_aux_0: 1.0192 (0.9927)  loss_giou_aux_1: 0.9851 (0.9696)  loss_giou_aux_2: 1.0801 (1.0612)  loss_giou_dn_0: 0.8087 (0.7713)  loss_giou_dn_1: 0.7370 (0.6913)  loss_giou_dn_2: 0.7279 (0.6819)  loss_vfl: 0.4556 (0.4843)  loss_vfl_aux_0: 0.4797 (0.4990)  loss_vfl_aux_1: 0.4717 (0.4929)  loss_vfl_aux_2: 0.4627 (0.4916)  loss_vfl_dn_0: 0.4655 (0.4685)  loss_vfl_dn_1: 0.4436 (0.4412)  loss_vfl_dn_2: 0.4383 (0.4362)  time: 1.0595  data: 0.0307  max mem: 11522
Epoch: [66]  [200/809]  eta: 0:10:45  lr: 0.000100  loss: 10.0564 (9.9482)  loss_bbox: 0.0841 (0.0873)  loss_bbox_aux_0: 0.0920 (0.0927)  loss_bbox_aux_1: 0.0859 (0.0886)  loss_bbox_aux_2: 0.1133 (0.1072)  loss_bbox_dn_0: 0.0518 (0.0527)  loss_bbox_dn_1: 0.0431 (0.0433)  loss_bbox_dn_2: 0.0422 (0.0423)  loss_giou: 0.9372 (0.9619)  loss_giou_aux_0: 0.9559 (0.9897)  loss_giou_aux_1: 0.9388 (0.9668)  loss_giou_aux_2: 1.0244 (1.0574)  loss_giou_dn_0: 0.7683 (0.7728)  loss_giou_dn_1: 0.6993 (0.6943)  loss_giou_dn_2: 0.6950 (0.6855)  loss_vfl: 0.4858 (0.4836)  loss_vfl_aux_0: 0.4893 (0.4974)  loss_vfl_aux_1: 0.4948 (0.4918)  loss_vfl_aux_2: 0.4918 (0.4909)  loss_vfl_dn_0: 0.4651 (0.4663)  loss_vfl_dn_1: 0.4427 (0.4408)  loss_vfl_dn_2: 0.4394 (0.4351)  time: 1.0768  data: 0.0274  max mem: 11522
Epoch: [66]  [300/809]  eta: 0:08:52  lr: 0.000100  loss: 9.9974 (9.9503)  loss_bbox: 0.0772 (0.0873)  loss_bbox_aux_0: 0.0839 (0.0926)  loss_bbox_aux_1: 0.0784 (0.0887)  loss_bbox_aux_2: 0.0969 (0.1069)  loss_bbox_dn_0: 0.0533 (0.0534)  loss_bbox_dn_1: 0.0417 (0.0437)  loss_bbox_dn_2: 0.0411 (0.0426)  loss_giou: 0.9308 (0.9614)  loss_giou_aux_0: 0.9470 (0.9896)  loss_giou_aux_1: 0.9452 (0.9669)  loss_giou_aux_2: 1.0425 (1.0562)  loss_giou_dn_0: 0.7842 (0.7743)  loss_giou_dn_1: 0.7031 (0.6945)  loss_giou_dn_2: 0.6890 (0.6855)  loss_vfl: 0.4833 (0.4843)  loss_vfl_aux_0: 0.4936 (0.4984)  loss_vfl_aux_1: 0.4789 (0.4923)  loss_vfl_aux_2: 0.4923 (0.4928)  loss_vfl_dn_0: 0.4575 (0.4652)  loss_vfl_dn_1: 0.4333 (0.4397)  loss_vfl_dn_2: 0.4279 (0.4341)  time: 1.0655  data: 0.0284  max mem: 11522
Epoch: [66]  [400/809]  eta: 0:07:04  lr: 0.000100  loss: 9.6301 (9.9492)  loss_bbox: 0.0739 (0.0882)  loss_bbox_aux_0: 0.0832 (0.0938)  loss_bbox_aux_1: 0.0779 (0.0896)  loss_bbox_aux_2: 0.1017 (0.1081)  loss_bbox_dn_0: 0.0547 (0.0533)  loss_bbox_dn_1: 0.0424 (0.0437)  loss_bbox_dn_2: 0.0411 (0.0426)  loss_giou: 0.8684 (0.9604)  loss_giou_aux_0: 0.8959 (0.9886)  loss_giou_aux_1: 0.8678 (0.9657)  loss_giou_aux_2: 0.9832 (1.0559)  loss_giou_dn_0: 0.7268 (0.7721)  loss_giou_dn_1: 0.6397 (0.6932)  loss_giou_dn_2: 0.6307 (0.6843)  loss_vfl: 0.5113 (0.4847)  loss_vfl_aux_0: 0.5382 (0.4988)  loss_vfl_aux_1: 0.5244 (0.4931)  loss_vfl_aux_2: 0.5213 (0.4932)  loss_vfl_dn_0: 0.4671 (0.4655)  loss_vfl_dn_1: 0.4381 (0.4399)  loss_vfl_dn_2: 0.4324 (0.4340)  time: 1.0229  data: 0.0282  max mem: 11522
Epoch: [66]  [500/809]  eta: 0:05:21  lr: 0.000100  loss: 9.7549 (9.9271)  loss_bbox: 0.0833 (0.0877)  loss_bbox_aux_0: 0.0861 (0.0934)  loss_bbox_aux_1: 0.0847 (0.0891)  loss_bbox_aux_2: 0.0991 (0.1074)  loss_bbox_dn_0: 0.0505 (0.0532)  loss_bbox_dn_1: 0.0402 (0.0436)  loss_bbox_dn_2: 0.0393 (0.0425)  loss_giou: 0.9022 (0.9560)  loss_giou_aux_0: 0.9131 (0.9851)  loss_giou_aux_1: 0.9065 (0.9614)  loss_giou_aux_2: 0.9894 (1.0525)  loss_giou_dn_0: 0.7597 (0.7702)  loss_giou_dn_1: 0.6862 (0.6909)  loss_giou_dn_2: 0.6762 (0.6820)  loss_vfl: 0.5152 (0.4859)  loss_vfl_aux_0: 0.5261 (0.4994)  loss_vfl_aux_1: 0.5311 (0.4942)  loss_vfl_aux_2: 0.5090 (0.4938)  loss_vfl_dn_0: 0.4642 (0.4654)  loss_vfl_dn_1: 0.4395 (0.4398)  loss_vfl_dn_2: 0.4273 (0.4337)  time: 1.0271  data: 0.0334  max mem: 11522
Epoch: [66]  [600/809]  eta: 0:03:37  lr: 0.000100  loss: 9.7671 (9.8998)  loss_bbox: 0.0750 (0.0866)  loss_bbox_aux_0: 0.0782 (0.0923)  loss_bbox_aux_1: 0.0761 (0.0880)  loss_bbox_aux_2: 0.0900 (0.1061)  loss_bbox_dn_0: 0.0505 (0.0530)  loss_bbox_dn_1: 0.0417 (0.0435)  loss_bbox_dn_2: 0.0402 (0.0424)  loss_giou: 0.8915 (0.9502)  loss_giou_aux_0: 0.9236 (0.9797)  loss_giou_aux_1: 0.9033 (0.9555)  loss_giou_aux_2: 1.0178 (1.0477)  loss_giou_dn_0: 0.7563 (0.7682)  loss_giou_dn_1: 0.6774 (0.6895)  loss_giou_dn_2: 0.6723 (0.6806)  loss_vfl: 0.4990 (0.4873)  loss_vfl_aux_0: 0.5056 (0.5004)  loss_vfl_aux_1: 0.5051 (0.4955)  loss_vfl_aux_2: 0.5061 (0.4946)  loss_vfl_dn_0: 0.4698 (0.4656)  loss_vfl_dn_1: 0.4425 (0.4396)  loss_vfl_dn_2: 0.4370 (0.4335)  time: 1.0134  data: 0.0287  max mem: 11522
Epoch: [66]  [700/809]  eta: 0:01:53  lr: 0.000100  loss: 9.5434 (9.8941)  loss_bbox: 0.0672 (0.0861)  loss_bbox_aux_0: 0.0763 (0.0918)  loss_bbox_aux_1: 0.0728 (0.0876)  loss_bbox_aux_2: 0.0943 (0.1061)  loss_bbox_dn_0: 0.0527 (0.0530)  loss_bbox_dn_1: 0.0410 (0.0434)  loss_bbox_dn_2: 0.0384 (0.0423)  loss_giou: 0.8844 (0.9495)  loss_giou_aux_0: 0.9139 (0.9787)  loss_giou_aux_1: 0.8876 (0.9547)  loss_giou_aux_2: 1.0008 (1.0477)  loss_giou_dn_0: 0.7485 (0.7682)  loss_giou_dn_1: 0.6810 (0.6893)  loss_giou_dn_2: 0.6736 (0.6805)  loss_vfl: 0.4897 (0.4868)  loss_vfl_aux_0: 0.5071 (0.5000)  loss_vfl_aux_1: 0.5053 (0.4949)  loss_vfl_aux_2: 0.5050 (0.4942)  loss_vfl_dn_0: 0.4683 (0.4658)  loss_vfl_dn_1: 0.4357 (0.4398)  loss_vfl_dn_2: 0.4285 (0.4336)  time: 1.0500  data: 0.0257  max mem: 11522
Epoch: [66]  [800/809]  eta: 0:00:09  lr: 0.000100  loss: 9.6752 (9.9061)  loss_bbox: 0.0818 (0.0870)  loss_bbox_aux_0: 0.0852 (0.0927)  loss_bbox_aux_1: 0.0831 (0.0884)  loss_bbox_aux_2: 0.1050 (0.1072)  loss_bbox_dn_0: 0.0492 (0.0531)  loss_bbox_dn_1: 0.0425 (0.0435)  loss_bbox_dn_2: 0.0415 (0.0424)  loss_giou: 0.8787 (0.9515)  loss_giou_aux_0: 0.9126 (0.9812)  loss_giou_aux_1: 0.8889 (0.9569)  loss_giou_aux_2: 1.0115 (1.0494)  loss_giou_dn_0: 0.7357 (0.7691)  loss_giou_dn_1: 0.6547 (0.6900)  loss_giou_dn_2: 0.6472 (0.6811)  loss_vfl: 0.4764 (0.4862)  loss_vfl_aux_0: 0.4866 (0.4994)  loss_vfl_aux_1: 0.4849 (0.4944)  loss_vfl_aux_2: 0.4802 (0.4935)  loss_vfl_dn_0: 0.4699 (0.4658)  loss_vfl_dn_1: 0.4365 (0.4399)  loss_vfl_dn_2: 0.4274 (0.4337)  time: 1.0270  data: 0.0298  max mem: 11522
Epoch: [66]  [808/809]  eta: 0:00:01  lr: 0.000100  loss: 9.7340 (9.9093)  loss_bbox: 0.0782 (0.0870)  loss_bbox_aux_0: 0.0814 (0.0928)  loss_bbox_aux_1: 0.0774 (0.0884)  loss_bbox_aux_2: 0.0991 (0.1072)  loss_bbox_dn_0: 0.0492 (0.0530)  loss_bbox_dn_1: 0.0425 (0.0435)  loss_bbox_dn_2: 0.0415 (0.0424)  loss_giou: 0.9482 (0.9524)  loss_giou_aux_0: 0.9839 (0.9821)  loss_giou_aux_1: 0.9537 (0.9578)  loss_giou_aux_2: 1.0451 (1.0502)  loss_giou_dn_0: 0.7520 (0.7695)  loss_giou_dn_1: 0.6760 (0.6905)  loss_giou_dn_2: 0.6663 (0.6816)  loss_vfl: 0.4703 (0.4858)  loss_vfl_aux_0: 0.4846 (0.4990)  loss_vfl_aux_1: 0.4765 (0.4940)  loss_vfl_aux_2: 0.4646 (0.4931)  loss_vfl_dn_0: 0.4692 (0.4656)  loss_vfl_dn_1: 0.4356 (0.4397)  loss_vfl_dn_2: 0.4274 (0.4336)  time: 0.8979  data: 0.0243  max mem: 11522
Epoch: [66] Total time: 0:13:57 (1.0352 s / it)
Averaged stats: lr: 0.000100  loss: 9.7340 (9.9093)  loss_bbox: 0.0782 (0.0870)  loss_bbox_aux_0: 0.0814 (0.0928)  loss_bbox_aux_1: 0.0774 (0.0884)  loss_bbox_aux_2: 0.0991 (0.1072)  loss_bbox_dn_0: 0.0492 (0.0530)  loss_bbox_dn_1: 0.0425 (0.0435)  loss_bbox_dn_2: 0.0415 (0.0424)  loss_giou: 0.9482 (0.9524)  loss_giou_aux_0: 0.9839 (0.9821)  loss_giou_aux_1: 0.9537 (0.9578)  loss_giou_aux_2: 1.0451 (1.0502)  loss_giou_dn_0: 0.7520 (0.7695)  loss_giou_dn_1: 0.6760 (0.6905)  loss_giou_dn_2: 0.6663 (0.6816)  loss_vfl: 0.4703 (0.4858)  loss_vfl_aux_0: 0.4846 (0.4990)  loss_vfl_aux_1: 0.4765 (0.4940)  loss_vfl_aux_2: 0.4646 (0.4931)  loss_vfl_dn_0: 0.4692 (0.4656)  loss_vfl_dn_1: 0.4356 (0.4397)  loss_vfl_dn_2: 0.4274 (0.4336)
Test:  [ 0/69]  eta: 0:01:42    time: 1.4903  data: 0.7825  max mem: 11522
Test:  [10/69]  eta: 0:00:41    time: 0.6964  data: 0.0886  max mem: 11522
Test:  [20/69]  eta: 0:00:30    time: 0.5755  data: 0.0198  max mem: 11522
Test:  [30/69]  eta: 0:00:22    time: 0.5279  data: 0.0202  max mem: 11522
Test:  [40/69]  eta: 0:00:16    time: 0.4915  data: 0.0206  max mem: 11522
Test:  [50/69]  eta: 0:00:10    time: 0.4415  data: 0.0213  max mem: 11522
Test:  [60/69]  eta: 0:00:04    time: 0.4296  data: 0.0215  max mem: 11522
Test:  [68/69]  eta: 0:00:00    time: 0.4462  data: 0.0206  max mem: 11522
Test: Total time: 0:00:35 (0.5113 s / it)
Averaged stats: 
Accumulating evaluation results...
DONE (t=2.00s).
IoU metric: bbox
 Average Precision  (AP) @[ IoU=0.50:0.95 | area=   all | maxDets=100 ] = 0.226
 Average Precision  (AP) @[ IoU=0.50      | area=   all | maxDets=100 ] = 0.376
 Average Precision  (AP) @[ IoU=0.75      | area=   all | maxDets=100 ] = 0.230
 Average Precision  (AP) @[ IoU=0.50:0.95 | area= small | maxDets=100 ] = 0.139
 Average Precision  (AP) @[ IoU=0.50:0.95 | area=medium | maxDets=100 ] = 0.318
 Average Precision  (AP) @[ IoU=0.50:0.95 | area= large | maxDets=100 ] = 0.436
 Average Recall     (AR) @[ IoU=0.50:0.95 | area=   all | maxDets=  1 ] = 0.100
 Average Recall     (AR) @[ IoU=0.50:0.95 | area=   all | maxDets= 10 ] = 0.280
 Average Recall     (AR) @[ IoU=0.50:0.95 | area=   all | maxDets=100 ] = 0.378
 Average Recall     (AR) @[ IoU=0.50:0.95 | area= small | maxDets=100 ] = 0.283
 Average Recall     (AR) @[ IoU=0.50:0.95 | area=medium | maxDets=100 ] = 0.504
 Average Recall     (AR) @[ IoU=0.50:0.95 | area= large | maxDets=100 ] = 0.623
best_stat:  {'epoch': 66, 'coco_eval_bbox': 0.22558739937838596}
Epoch: [67]  [  0/809]  eta: 1:15:39  lr: 0.000100  loss: 9.9868 (9.9868)  loss_bbox: 0.0798 (0.0798)  loss_bbox_aux_0: 0.0842 (0.0842)  loss_bbox_aux_1: 0.0754 (0.0754)  loss_bbox_aux_2: 0.0998 (0.0998)  loss_bbox_dn_0: 0.0425 (0.0425)  loss_bbox_dn_1: 0.0360 (0.0360)  loss_bbox_dn_2: 0.0353 (0.0353)  loss_giou: 0.9907 (0.9907)  loss_giou_aux_0: 1.0368 (1.0368)  loss_giou_aux_1: 0.9983 (0.9983)  loss_giou_aux_2: 1.1011 (1.1011)  loss_giou_dn_0: 0.8160 (0.8160)  loss_giou_dn_1: 0.7444 (0.7444)  loss_giou_dn_2: 0.7352 (0.7352)  loss_vfl: 0.4332 (0.4332)  loss_vfl_aux_0: 0.4464 (0.4464)  loss_vfl_aux_1: 0.4456 (0.4456)  loss_vfl_aux_2: 0.4416 (0.4416)  loss_vfl_dn_0: 0.4643 (0.4643)  loss_vfl_dn_1: 0.4422 (0.4422)  loss_vfl_dn_2: 0.4381 (0.4381)  time: 5.6110  data: 3.2153  max mem: 11522
Epoch: [67]  [100/809]  eta: 0:12:42  lr: 0.000100  loss: 10.0984 (10.0824)  loss_bbox: 0.0852 (0.0885)  loss_bbox_aux_0: 0.0897 (0.0953)  loss_bbox_aux_1: 0.0855 (0.0912)  loss_bbox_aux_2: 0.1043 (0.1108)  loss_bbox_dn_0: 0.0534 (0.0513)  loss_bbox_dn_1: 0.0436 (0.0424)  loss_bbox_dn_2: 0.0427 (0.0414)  loss_giou: 0.9459 (0.9922)  loss_giou_aux_0: 0.9705 (1.0212)  loss_giou_aux_1: 0.9582 (0.9977)  loss_giou_aux_2: 1.0402 (1.0868)  loss_giou_dn_0: 0.7647 (0.7843)  loss_giou_dn_1: 0.6944 (0.7074)  loss_giou_dn_2: 0.6867 (0.6993)  loss_vfl: 0.4984 (0.4764)  loss_vfl_aux_0: 0.5185 (0.4912)  loss_vfl_aux_1: 0.5084 (0.4859)  loss_vfl_aux_2: 0.5145 (0.4814)  loss_vfl_dn_0: 0.4700 (0.4649)  loss_vfl_dn_1: 0.4422 (0.4394)  loss_vfl_dn_2: 0.4364 (0.4337)  time: 1.0623  data: 0.0297  max mem: 11522
Epoch: [67]  [200/809]  eta: 0:10:29  lr: 0.000100  loss: 9.8029 (9.9420)  loss_bbox: 0.0798 (0.0878)  loss_bbox_aux_0: 0.0855 (0.0939)  loss_bbox_aux_1: 0.0829 (0.0898)  loss_bbox_aux_2: 0.0968 (0.1087)  loss_bbox_dn_0: 0.0594 (0.0535)  loss_bbox_dn_1: 0.0492 (0.0440)  loss_bbox_dn_2: 0.0476 (0.0429)  loss_giou: 0.9014 (0.9573)  loss_giou_aux_0: 0.9185 (0.9865)  loss_giou_aux_1: 0.8966 (0.9633)  loss_giou_aux_2: 0.9829 (1.0563)  loss_giou_dn_0: 0.7618 (0.7710)  loss_giou_dn_1: 0.6814 (0.6927)  loss_giou_dn_2: 0.6718 (0.6840)  loss_vfl: 0.5013 (0.4855)  loss_vfl_aux_0: 0.5276 (0.4995)  loss_vfl_aux_1: 0.5161 (0.4949)  loss_vfl_aux_2: 0.5127 (0.4922)  loss_vfl_dn_0: 0.4648 (0.4656)  loss_vfl_dn_1: 0.4359 (0.4393)  loss_vfl_dn_2: 0.4294 (0.4332)  time: 0.9692  data: 0.0268  max mem: 11522
Epoch: [67]  [300/809]  eta: 0:08:42  lr: 0.000100  loss: 10.0599 (9.9127)  loss_bbox: 0.0744 (0.0875)  loss_bbox_aux_0: 0.0815 (0.0941)  loss_bbox_aux_1: 0.0747 (0.0897)  loss_bbox_aux_2: 0.0969 (0.1091)  loss_bbox_dn_0: 0.0499 (0.0531)  loss_bbox_dn_1: 0.0404 (0.0436)  loss_bbox_dn_2: 0.0374 (0.0425)  loss_giou: 0.9941 (0.9528)  loss_giou_aux_0: 1.0218 (0.9814)  loss_giou_aux_1: 1.0066 (0.9579)  loss_giou_aux_2: 1.0950 (1.0511)  loss_giou_dn_0: 0.8071 (0.7697)  loss_giou_dn_1: 0.7411 (0.6917)  loss_giou_dn_2: 0.7326 (0.6827)  loss_vfl: 0.4392 (0.4856)  loss_vfl_aux_0: 0.4620 (0.4984)  loss_vfl_aux_1: 0.4613 (0.4943)  loss_vfl_aux_2: 0.4445 (0.4912)  loss_vfl_dn_0: 0.4610 (0.4652)  loss_vfl_dn_1: 0.4380 (0.4386)  loss_vfl_dn_2: 0.4329 (0.4325)  time: 1.0720  data: 0.0345  max mem: 11522
Epoch: [67]  [400/809]  eta: 0:06:59  lr: 0.000100  loss: 9.6611 (9.9208)  loss_bbox: 0.0778 (0.0872)  loss_bbox_aux_0: 0.0816 (0.0934)  loss_bbox_aux_1: 0.0794 (0.0892)  loss_bbox_aux_2: 0.0917 (0.1087)  loss_bbox_dn_0: 0.0498 (0.0532)  loss_bbox_dn_1: 0.0409 (0.0435)  loss_bbox_dn_2: 0.0389 (0.0424)  loss_giou: 0.9883 (0.9559)  loss_giou_aux_0: 0.9993 (0.9847)  loss_giou_aux_1: 0.9764 (0.9608)  loss_giou_aux_2: 1.0505 (1.0532)  loss_giou_dn_0: 0.7576 (0.7715)  loss_giou_dn_1: 0.6813 (0.6927)  loss_giou_dn_2: 0.6795 (0.6837)  loss_vfl: 0.4608 (0.4841)  loss_vfl_aux_0: 0.4797 (0.4969)  loss_vfl_aux_1: 0.4661 (0.4927)  loss_vfl_aux_2: 0.4758 (0.4908)  loss_vfl_dn_0: 0.4631 (0.4651)  loss_vfl_dn_1: 0.4358 (0.4387)  loss_vfl_dn_2: 0.4285 (0.4325)  time: 1.0303  data: 0.0276  max mem: 11522
Epoch: [67]  [500/809]  eta: 0:05:15  lr: 0.000100  loss: 10.4932 (9.9275)  loss_bbox: 0.0893 (0.0877)  loss_bbox_aux_0: 0.0953 (0.0937)  loss_bbox_aux_1: 0.0914 (0.0896)  loss_bbox_aux_2: 0.1099 (0.1087)  loss_bbox_dn_0: 0.0473 (0.0530)  loss_bbox_dn_1: 0.0394 (0.0433)  loss_bbox_dn_2: 0.0381 (0.0421)  loss_giou: 1.0718 (0.9590)  loss_giou_aux_0: 1.1038 (0.9874)  loss_giou_aux_1: 1.0779 (0.9640)  loss_giou_aux_2: 1.1898 (1.0559)  loss_giou_dn_0: 0.8202 (0.7735)  loss_giou_dn_1: 0.7303 (0.6941)  loss_giou_dn_2: 0.7229 (0.6852)  loss_vfl: 0.4388 (0.4819)  loss_vfl_aux_0: 0.4560 (0.4946)  loss_vfl_aux_1: 0.4489 (0.4900)  loss_vfl_aux_2: 0.4428 (0.4886)  loss_vfl_dn_0: 0.4595 (0.4645)  loss_vfl_dn_1: 0.4342 (0.4384)  loss_vfl_dn_2: 0.4279 (0.4322)  time: 0.9846  data: 0.0247  max mem: 11522
Epoch: [67]  [600/809]  eta: 0:03:32  lr: 0.000100  loss: 9.8424 (9.9053)  loss_bbox: 0.0814 (0.0882)  loss_bbox_aux_0: 0.0879 (0.0945)  loss_bbox_aux_1: 0.0829 (0.0898)  loss_bbox_aux_2: 0.1002 (0.1094)  loss_bbox_dn_0: 0.0509 (0.0531)  loss_bbox_dn_1: 0.0412 (0.0434)  loss_bbox_dn_2: 0.0409 (0.0423)  loss_giou: 0.8940 (0.9533)  loss_giou_aux_0: 0.9248 (0.9811)  loss_giou_aux_1: 0.8947 (0.9582)  loss_giou_aux_2: 1.0045 (1.0501)  loss_giou_dn_0: 0.7805 (0.7708)  loss_giou_dn_1: 0.7018 (0.6915)  loss_giou_dn_2: 0.6992 (0.6826)  loss_vfl: 0.4981 (0.4831)  loss_vfl_aux_0: 0.5094 (0.4962)  loss_vfl_aux_1: 0.5055 (0.4914)  loss_vfl_aux_2: 0.5145 (0.4905)  loss_vfl_dn_0: 0.4631 (0.4650)  loss_vfl_dn_1: 0.4415 (0.4387)  loss_vfl_dn_2: 0.4333 (0.4324)  time: 0.9845  data: 0.0254  max mem: 11522
Epoch: [67]  [700/809]  eta: 0:01:50  lr: 0.000100  loss: 9.6034 (9.9064)  loss_bbox: 0.0788 (0.0881)  loss_bbox_aux_0: 0.0829 (0.0943)  loss_bbox_aux_1: 0.0798 (0.0897)  loss_bbox_aux_2: 0.0984 (0.1092)  loss_bbox_dn_0: 0.0503 (0.0532)  loss_bbox_dn_1: 0.0390 (0.0435)  loss_bbox_dn_2: 0.0382 (0.0423)  loss_giou: 0.8491 (0.9531)  loss_giou_aux_0: 0.8837 (0.9812)  loss_giou_aux_1: 0.8548 (0.9583)  loss_giou_aux_2: 0.9421 (1.0502)  loss_giou_dn_0: 0.7591 (0.7709)  loss_giou_dn_1: 0.6729 (0.6921)  loss_giou_dn_2: 0.6517 (0.6830)  loss_vfl: 0.4940 (0.4830)  loss_vfl_aux_0: 0.5067 (0.4962)  loss_vfl_aux_1: 0.5027 (0.4912)  loss_vfl_aux_2: 0.5031 (0.4906)  loss_vfl_dn_0: 0.4617 (0.4651)  loss_vfl_dn_1: 0.4324 (0.4388)  loss_vfl_dn_2: 0.4288 (0.4325)  time: 1.0116  data: 0.0329  max mem: 11522
Epoch: [67]  [800/809]  eta: 0:00:09  lr: 0.000100  loss: 10.2229 (9.8874)  loss_bbox: 0.0792 (0.0873)  loss_bbox_aux_0: 0.0864 (0.0933)  loss_bbox_aux_1: 0.0794 (0.0889)  loss_bbox_aux_2: 0.0954 (0.1080)  loss_bbox_dn_0: 0.0510 (0.0532)  loss_bbox_dn_1: 0.0418 (0.0434)  loss_bbox_dn_2: 0.0401 (0.0423)  loss_giou: 0.9480 (0.9494)  loss_giou_aux_0: 0.9901 (0.9776)  loss_giou_aux_1: 0.9456 (0.9546)  loss_giou_aux_2: 1.0353 (1.0464)  loss_giou_dn_0: 0.7476 (0.7689)  loss_giou_dn_1: 0.6622 (0.6897)  loss_giou_dn_2: 0.6519 (0.6806)  loss_vfl: 0.5003 (0.4843)  loss_vfl_aux_0: 0.5077 (0.4978)  loss_vfl_aux_1: 0.5041 (0.4925)  loss_vfl_aux_2: 0.4977 (0.4926)  loss_vfl_dn_0: 0.4661 (0.4655)  loss_vfl_dn_1: 0.4398 (0.4388)  loss_vfl_dn_2: 0.4326 (0.4325)  time: 1.0071  data: 0.0244  max mem: 11522
Epoch: [67]  [808/809]  eta: 0:00:01  lr: 0.000100  loss: 9.8636 (9.8865)  loss_bbox: 0.0792 (0.0874)  loss_bbox_aux_0: 0.0864 (0.0934)  loss_bbox_aux_1: 0.0794 (0.0889)  loss_bbox_aux_2: 0.1016 (0.1081)  loss_bbox_dn_0: 0.0562 (0.0533)  loss_bbox_dn_1: 0.0466 (0.0435)  loss_bbox_dn_2: 0.0457 (0.0424)  loss_giou: 0.9022 (0.9487)  loss_giou_aux_0: 0.9325 (0.9770)  loss_giou_aux_1: 0.9048 (0.9540)  loss_giou_aux_2: 0.9987 (1.0457)  loss_giou_dn_0: 0.7466 (0.7686)  loss_giou_dn_1: 0.6585 (0.6894)  loss_giou_dn_2: 0.6472 (0.6803)  loss_vfl: 0.5127 (0.4847)  loss_vfl_aux_0: 0.5228 (0.4983)  loss_vfl_aux_1: 0.5203 (0.4930)  loss_vfl_aux_2: 0.5136 (0.4930)  loss_vfl_dn_0: 0.4728 (0.4656)  loss_vfl_dn_1: 0.4434 (0.4388)  loss_vfl_dn_2: 0.4359 (0.4325)  time: 0.8701  data: 0.0245  max mem: 11522
Epoch: [67] Total time: 0:13:40 (1.0145 s / it)
Averaged stats: lr: 0.000100  loss: 9.8636 (9.8865)  loss_bbox: 0.0792 (0.0874)  loss_bbox_aux_0: 0.0864 (0.0934)  loss_bbox_aux_1: 0.0794 (0.0889)  loss_bbox_aux_2: 0.1016 (0.1081)  loss_bbox_dn_0: 0.0562 (0.0533)  loss_bbox_dn_1: 0.0466 (0.0435)  loss_bbox_dn_2: 0.0457 (0.0424)  loss_giou: 0.9022 (0.9487)  loss_giou_aux_0: 0.9325 (0.9770)  loss_giou_aux_1: 0.9048 (0.9540)  loss_giou_aux_2: 0.9987 (1.0457)  loss_giou_dn_0: 0.7466 (0.7686)  loss_giou_dn_1: 0.6585 (0.6894)  loss_giou_dn_2: 0.6472 (0.6803)  loss_vfl: 0.5127 (0.4847)  loss_vfl_aux_0: 0.5228 (0.4983)  loss_vfl_aux_1: 0.5203 (0.4930)  loss_vfl_aux_2: 0.5136 (0.4930)  loss_vfl_dn_0: 0.4728 (0.4656)  loss_vfl_dn_1: 0.4434 (0.4388)  loss_vfl_dn_2: 0.4359 (0.4325)
Test:  [ 0/69]  eta: 0:01:28    time: 1.2765  data: 0.7359  max mem: 11522
Test:  [10/69]  eta: 0:00:35    time: 0.5984  data: 0.0838  max mem: 11522
Test:  [20/69]  eta: 0:00:30    time: 0.5888  data: 0.0194  max mem: 11522
Test:  [30/69]  eta: 0:00:22    time: 0.5744  data: 0.0212  max mem: 11522
Test:  [40/69]  eta: 0:00:16    time: 0.4922  data: 0.0218  max mem: 11522
Test:  [50/69]  eta: 0:00:10    time: 0.4646  data: 0.0213  max mem: 11522
Test:  [60/69]  eta: 0:00:04    time: 0.4315  data: 0.0206  max mem: 11522
Test:  [68/69]  eta: 0:00:00    time: 0.4403  data: 0.0188  max mem: 11522
Test: Total time: 0:00:35 (0.5128 s / it)
Averaged stats: 
Accumulating evaluation results...
DONE (t=2.10s).
IoU metric: bbox
 Average Precision  (AP) @[ IoU=0.50:0.95 | area=   all | maxDets=100 ] = 0.226
 Average Precision  (AP) @[ IoU=0.50      | area=   all | maxDets=100 ] = 0.377
 Average Precision  (AP) @[ IoU=0.75      | area=   all | maxDets=100 ] = 0.231
 Average Precision  (AP) @[ IoU=0.50:0.95 | area= small | maxDets=100 ] = 0.139
 Average Precision  (AP) @[ IoU=0.50:0.95 | area=medium | maxDets=100 ] = 0.320
 Average Precision  (AP) @[ IoU=0.50:0.95 | area= large | maxDets=100 ] = 0.445
 Average Recall     (AR) @[ IoU=0.50:0.95 | area=   all | maxDets=  1 ] = 0.101
 Average Recall     (AR) @[ IoU=0.50:0.95 | area=   all | maxDets= 10 ] = 0.280
 Average Recall     (AR) @[ IoU=0.50:0.95 | area=   all | maxDets=100 ] = 0.378
 Average Recall     (AR) @[ IoU=0.50:0.95 | area= small | maxDets=100 ] = 0.283
 Average Recall     (AR) @[ IoU=0.50:0.95 | area=medium | maxDets=100 ] = 0.504
 Average Recall     (AR) @[ IoU=0.50:0.95 | area= large | maxDets=100 ] = 0.619
best_stat:  {'epoch': 67, 'coco_eval_bbox': 0.22600703534748773}
Epoch: [68]  [  0/809]  eta: 1:18:57  lr: 0.000100  loss: 10.0405 (10.0405)  loss_bbox: 0.0774 (0.0774)  loss_bbox_aux_0: 0.0808 (0.0808)  loss_bbox_aux_1: 0.0771 (0.0771)  loss_bbox_aux_2: 0.0925 (0.0925)  loss_bbox_dn_0: 0.0621 (0.0621)  loss_bbox_dn_1: 0.0485 (0.0485)  loss_bbox_dn_2: 0.0460 (0.0460)  loss_giou: 0.9881 (0.9881)  loss_giou_aux_0: 0.9848 (0.9848)  loss_giou_aux_1: 0.9904 (0.9904)  loss_giou_aux_2: 1.0373 (1.0373)  loss_giou_dn_0: 0.8151 (0.8151)  loss_giou_dn_1: 0.7352 (0.7352)  loss_giou_dn_2: 0.7194 (0.7194)  loss_vfl: 0.4849 (0.4849)  loss_vfl_aux_0: 0.5104 (0.5104)  loss_vfl_aux_1: 0.5032 (0.5032)  loss_vfl_aux_2: 0.5337 (0.5337)  loss_vfl_dn_0: 0.4334 (0.4334)  loss_vfl_dn_1: 0.4128 (0.4128)  loss_vfl_dn_2: 0.4074 (0.4074)  time: 5.8558  data: 3.5322  max mem: 11522
Epoch: [68]  [100/809]  eta: 0:12:42  lr: 0.000100  loss: 9.4975 (9.7751)  loss_bbox: 0.0742 (0.0816)  loss_bbox_aux_0: 0.0744 (0.0875)  loss_bbox_aux_1: 0.0726 (0.0833)  loss_bbox_aux_2: 0.0920 (0.1026)  loss_bbox_dn_0: 0.0512 (0.0529)  loss_bbox_dn_1: 0.0424 (0.0426)  loss_bbox_dn_2: 0.0405 (0.0414)  loss_giou: 0.8608 (0.9312)  loss_giou_aux_0: 0.8891 (0.9615)  loss_giou_aux_1: 0.8691 (0.9395)  loss_giou_aux_2: 0.9680 (1.0327)  loss_giou_dn_0: 0.7401 (0.7577)  loss_giou_dn_1: 0.6529 (0.6755)  loss_giou_dn_2: 0.6374 (0.6664)  loss_vfl: 0.5077 (0.4884)  loss_vfl_aux_0: 0.5183 (0.4993)  loss_vfl_aux_1: 0.5190 (0.4940)  loss_vfl_aux_2: 0.5004 (0.4936)  loss_vfl_dn_0: 0.4721 (0.4679)  loss_vfl_dn_1: 0.4381 (0.4413)  loss_vfl_dn_2: 0.4363 (0.4341)  time: 0.9912  data: 0.0256  max mem: 11522
Epoch: [68]  [200/809]  eta: 0:10:41  lr: 0.000100  loss: 9.9670 (9.8673)  loss_bbox: 0.0829 (0.0855)  loss_bbox_aux_0: 0.0877 (0.0917)  loss_bbox_aux_1: 0.0829 (0.0873)  loss_bbox_aux_2: 0.1025 (0.1065)  loss_bbox_dn_0: 0.0472 (0.0528)  loss_bbox_dn_1: 0.0384 (0.0429)  loss_bbox_dn_2: 0.0372 (0.0418)  loss_giou: 0.9844 (0.9478)  loss_giou_aux_0: 1.0078 (0.9772)  loss_giou_aux_1: 0.9969 (0.9565)  loss_giou_aux_2: 1.0823 (1.0451)  loss_giou_dn_0: 0.7847 (0.7667)  loss_giou_dn_1: 0.7145 (0.6858)  loss_giou_dn_2: 0.7030 (0.6767)  loss_vfl: 0.4527 (0.4844)  loss_vfl_aux_0: 0.4659 (0.4963)  loss_vfl_aux_1: 0.4574 (0.4912)  loss_vfl_aux_2: 0.4590 (0.4911)  loss_vfl_dn_0: 0.4656 (0.4661)  loss_vfl_dn_1: 0.4392 (0.4404)  loss_vfl_dn_2: 0.4331 (0.4335)  time: 1.0200  data: 0.0297  max mem: 11522
Epoch: [68]  [300/809]  eta: 0:08:51  lr: 0.000100  loss: 9.9166 (9.8959)  loss_bbox: 0.0832 (0.0867)  loss_bbox_aux_0: 0.0852 (0.0923)  loss_bbox_aux_1: 0.0834 (0.0883)  loss_bbox_aux_2: 0.1013 (0.1074)  loss_bbox_dn_0: 0.0566 (0.0531)  loss_bbox_dn_1: 0.0452 (0.0432)  loss_bbox_dn_2: 0.0439 (0.0421)  loss_giou: 0.9579 (0.9529)  loss_giou_aux_0: 0.9683 (0.9814)  loss_giou_aux_1: 0.9676 (0.9611)  loss_giou_aux_2: 1.0488 (1.0464)  loss_giou_dn_0: 0.7830 (0.7699)  loss_giou_dn_1: 0.6965 (0.6896)  loss_giou_dn_2: 0.6845 (0.6806)  loss_vfl: 0.4720 (0.4832)  loss_vfl_aux_0: 0.4851 (0.4962)  loss_vfl_aux_1: 0.4772 (0.4906)  loss_vfl_aux_2: 0.4846 (0.4925)  loss_vfl_dn_0: 0.4666 (0.4656)  loss_vfl_dn_1: 0.4414 (0.4397)  loss_vfl_dn_2: 0.4348 (0.4330)  time: 1.0085  data: 0.0267  max mem: 11522
Epoch: [68]  [400/809]  eta: 0:07:03  lr: 0.000100  loss: 9.7387 (9.8955)  loss_bbox: 0.0855 (0.0863)  loss_bbox_aux_0: 0.0921 (0.0920)  loss_bbox_aux_1: 0.0876 (0.0879)  loss_bbox_aux_2: 0.1057 (0.1070)  loss_bbox_dn_0: 0.0558 (0.0533)  loss_bbox_dn_1: 0.0465 (0.0435)  loss_bbox_dn_2: 0.0459 (0.0424)  loss_giou: 0.9013 (0.9510)  loss_giou_aux_0: 0.9376 (0.9803)  loss_giou_aux_1: 0.9040 (0.9585)  loss_giou_aux_2: 1.0314 (1.0468)  loss_giou_dn_0: 0.7693 (0.7699)  loss_giou_dn_1: 0.6867 (0.6900)  loss_giou_dn_2: 0.6757 (0.6808)  loss_vfl: 0.4873 (0.4848)  loss_vfl_aux_0: 0.5030 (0.4976)  loss_vfl_aux_1: 0.4948 (0.4923)  loss_vfl_aux_2: 0.5020 (0.4930)  loss_vfl_dn_0: 0.4575 (0.4653)  loss_vfl_dn_1: 0.4385 (0.4397)  loss_vfl_dn_2: 0.4324 (0.4332)  time: 1.0017  data: 0.0248  max mem: 11522
Epoch: [68]  [500/809]  eta: 0:05:17  lr: 0.000100  loss: 9.4698 (9.8782)  loss_bbox: 0.0875 (0.0873)  loss_bbox_aux_0: 0.0869 (0.0928)  loss_bbox_aux_1: 0.0866 (0.0889)  loss_bbox_aux_2: 0.1018 (0.1079)  loss_bbox_dn_0: 0.0518 (0.0534)  loss_bbox_dn_1: 0.0416 (0.0436)  loss_bbox_dn_2: 0.0405 (0.0425)  loss_giou: 0.8557 (0.9479)  loss_giou_aux_0: 0.8955 (0.9771)  loss_giou_aux_1: 0.8665 (0.9552)  loss_giou_aux_2: 0.9582 (1.0437)  loss_giou_dn_0: 0.7237 (0.7682)  loss_giou_dn_1: 0.6392 (0.6885)  loss_giou_dn_2: 0.6313 (0.6793)  loss_vfl: 0.4544 (0.4837)  loss_vfl_aux_0: 0.4754 (0.4971)  loss_vfl_aux_1: 0.4601 (0.4915)  loss_vfl_aux_2: 0.4583 (0.4921)  loss_vfl_dn_0: 0.4628 (0.4654)  loss_vfl_dn_1: 0.4352 (0.4394)  loss_vfl_dn_2: 0.4265 (0.4328)  time: 1.0111  data: 0.0311  max mem: 11522
Epoch: [68]  [600/809]  eta: 0:03:34  lr: 0.000100  loss: 9.8268 (9.8789)  loss_bbox: 0.0694 (0.0874)  loss_bbox_aux_0: 0.0705 (0.0930)  loss_bbox_aux_1: 0.0675 (0.0890)  loss_bbox_aux_2: 0.0810 (0.1081)  loss_bbox_dn_0: 0.0435 (0.0530)  loss_bbox_dn_1: 0.0365 (0.0433)  loss_bbox_dn_2: 0.0351 (0.0422)  loss_giou: 0.9739 (0.9496)  loss_giou_aux_0: 0.9688 (0.9781)  loss_giou_aux_1: 0.9576 (0.9572)  loss_giou_aux_2: 1.0396 (1.0462)  loss_giou_dn_0: 0.7981 (0.7685)  loss_giou_dn_1: 0.7043 (0.6892)  loss_giou_dn_2: 0.6960 (0.6800)  loss_vfl: 0.4758 (0.4822)  loss_vfl_aux_0: 0.4867 (0.4956)  loss_vfl_aux_1: 0.4883 (0.4899)  loss_vfl_aux_2: 0.4688 (0.4907)  loss_vfl_dn_0: 0.4574 (0.4648)  loss_vfl_dn_1: 0.4396 (0.4386)  loss_vfl_dn_2: 0.4314 (0.4322)  time: 0.9974  data: 0.0260  max mem: 11522
Epoch: [68]  [700/809]  eta: 0:01:51  lr: 0.000100  loss: 9.6793 (9.8801)  loss_bbox: 0.0780 (0.0877)  loss_bbox_aux_0: 0.0834 (0.0933)  loss_bbox_aux_1: 0.0772 (0.0893)  loss_bbox_aux_2: 0.0913 (0.1082)  loss_bbox_dn_0: 0.0480 (0.0530)  loss_bbox_dn_1: 0.0392 (0.0433)  loss_bbox_dn_2: 0.0379 (0.0422)  loss_giou: 0.9181 (0.9496)  loss_giou_aux_0: 0.9361 (0.9776)  loss_giou_aux_1: 0.9068 (0.9567)  loss_giou_aux_2: 1.0146 (1.0460)  loss_giou_dn_0: 0.7252 (0.7676)  loss_giou_dn_1: 0.6531 (0.6887)  loss_giou_dn_2: 0.6438 (0.6795)  loss_vfl: 0.4674 (0.4831)  loss_vfl_aux_0: 0.4867 (0.4965)  loss_vfl_aux_1: 0.4823 (0.4908)  loss_vfl_aux_2: 0.4782 (0.4915)  loss_vfl_dn_0: 0.4608 (0.4648)  loss_vfl_dn_1: 0.4372 (0.4385)  loss_vfl_dn_2: 0.4265 (0.4322)  time: 1.0191  data: 0.0260  max mem: 11522
Epoch: [68]  [800/809]  eta: 0:00:09  lr: 0.000100  loss: 9.4264 (9.8763)  loss_bbox: 0.0807 (0.0873)  loss_bbox_aux_0: 0.0824 (0.0927)  loss_bbox_aux_1: 0.0827 (0.0890)  loss_bbox_aux_2: 0.0938 (0.1075)  loss_bbox_dn_0: 0.0522 (0.0531)  loss_bbox_dn_1: 0.0440 (0.0434)  loss_bbox_dn_2: 0.0416 (0.0422)  loss_giou: 0.9051 (0.9493)  loss_giou_aux_0: 0.9359 (0.9774)  loss_giou_aux_1: 0.9064 (0.9562)  loss_giou_aux_2: 1.0009 (1.0455)  loss_giou_dn_0: 0.7516 (0.7676)  loss_giou_dn_1: 0.6606 (0.6886)  loss_giou_dn_2: 0.6555 (0.6794)  loss_vfl: 0.4909 (0.4831)  loss_vfl_aux_0: 0.5032 (0.4966)  loss_vfl_aux_1: 0.4880 (0.4907)  loss_vfl_aux_2: 0.5003 (0.4914)  loss_vfl_dn_0: 0.4638 (0.4646)  loss_vfl_dn_1: 0.4353 (0.4384)  loss_vfl_dn_2: 0.4286 (0.4322)  time: 1.0270  data: 0.0292  max mem: 11522
Epoch: [68]  [808/809]  eta: 0:00:01  lr: 0.000100  loss: 9.4264 (9.8782)  loss_bbox: 0.0795 (0.0875)  loss_bbox_aux_0: 0.0853 (0.0929)  loss_bbox_aux_1: 0.0815 (0.0891)  loss_bbox_aux_2: 0.0972 (0.1076)  loss_bbox_dn_0: 0.0522 (0.0531)  loss_bbox_dn_1: 0.0427 (0.0434)  loss_bbox_dn_2: 0.0415 (0.0422)  loss_giou: 0.9038 (0.9500)  loss_giou_aux_0: 0.9305 (0.9779)  loss_giou_aux_1: 0.9051 (0.9568)  loss_giou_aux_2: 0.9706 (1.0460)  loss_giou_dn_0: 0.7575 (0.7676)  loss_giou_dn_1: 0.6605 (0.6886)  loss_giou_dn_2: 0.6542 (0.6794)  loss_vfl: 0.4796 (0.4829)  loss_vfl_aux_0: 0.5023 (0.4964)  loss_vfl_aux_1: 0.4864 (0.4904)  loss_vfl_aux_2: 0.5003 (0.4911)  loss_vfl_dn_0: 0.4674 (0.4647)  loss_vfl_dn_1: 0.4382 (0.4384)  loss_vfl_dn_2: 0.4303 (0.4322)  time: 0.9215  data: 0.0252  max mem: 11522
Epoch: [68] Total time: 0:13:43 (1.0181 s / it)
Averaged stats: lr: 0.000100  loss: 9.4264 (9.8782)  loss_bbox: 0.0795 (0.0875)  loss_bbox_aux_0: 0.0853 (0.0929)  loss_bbox_aux_1: 0.0815 (0.0891)  loss_bbox_aux_2: 0.0972 (0.1076)  loss_bbox_dn_0: 0.0522 (0.0531)  loss_bbox_dn_1: 0.0427 (0.0434)  loss_bbox_dn_2: 0.0415 (0.0422)  loss_giou: 0.9038 (0.9500)  loss_giou_aux_0: 0.9305 (0.9779)  loss_giou_aux_1: 0.9051 (0.9568)  loss_giou_aux_2: 0.9706 (1.0460)  loss_giou_dn_0: 0.7575 (0.7676)  loss_giou_dn_1: 0.6605 (0.6886)  loss_giou_dn_2: 0.6542 (0.6794)  loss_vfl: 0.4796 (0.4829)  loss_vfl_aux_0: 0.5023 (0.4964)  loss_vfl_aux_1: 0.4864 (0.4904)  loss_vfl_aux_2: 0.5003 (0.4911)  loss_vfl_dn_0: 0.4674 (0.4647)  loss_vfl_dn_1: 0.4382 (0.4384)  loss_vfl_dn_2: 0.4303 (0.4322)
Test:  [ 0/69]  eta: 0:01:40    time: 1.4528  data: 0.9494  max mem: 11522
Test:  [10/69]  eta: 0:00:35    time: 0.6083  data: 0.1008  max mem: 11522
Test:  [20/69]  eta: 0:00:30    time: 0.5826  data: 0.0185  max mem: 11522
Test:  [30/69]  eta: 0:00:23    time: 0.5802  data: 0.0209  max mem: 11522
Test:  [40/69]  eta: 0:00:16    time: 0.4888  data: 0.0213  max mem: 11522
Test:  [50/69]  eta: 0:00:10    time: 0.4377  data: 0.0214  max mem: 11522
Test:  [60/69]  eta: 0:00:04    time: 0.4293  data: 0.0214  max mem: 11522
Test:  [68/69]  eta: 0:00:00    time: 0.4446  data: 0.0205  max mem: 11522
Test: Total time: 0:00:35 (0.5111 s / it)
Averaged stats: 
Accumulating evaluation results...
DONE (t=1.92s).
IoU metric: bbox
 Average Precision  (AP) @[ IoU=0.50:0.95 | area=   all | maxDets=100 ] = 0.226
 Average Precision  (AP) @[ IoU=0.50      | area=   all | maxDets=100 ] = 0.377
 Average Precision  (AP) @[ IoU=0.75      | area=   all | maxDets=100 ] = 0.230
 Average Precision  (AP) @[ IoU=0.50:0.95 | area= small | maxDets=100 ] = 0.140
 Average Precision  (AP) @[ IoU=0.50:0.95 | area=medium | maxDets=100 ] = 0.320
 Average Precision  (AP) @[ IoU=0.50:0.95 | area= large | maxDets=100 ] = 0.447
 Average Recall     (AR) @[ IoU=0.50:0.95 | area=   all | maxDets=  1 ] = 0.100
 Average Recall     (AR) @[ IoU=0.50:0.95 | area=   all | maxDets= 10 ] = 0.281
 Average Recall     (AR) @[ IoU=0.50:0.95 | area=   all | maxDets=100 ] = 0.378
 Average Recall     (AR) @[ IoU=0.50:0.95 | area= small | maxDets=100 ] = 0.282
 Average Recall     (AR) @[ IoU=0.50:0.95 | area=medium | maxDets=100 ] = 0.504
 Average Recall     (AR) @[ IoU=0.50:0.95 | area= large | maxDets=100 ] = 0.618
best_stat:  {'epoch': 67, 'coco_eval_bbox': 0.22600703534748773}
Epoch: [69]  [  0/809]  eta: 1:29:48  lr: 0.000100  loss: 10.1495 (10.1495)  loss_bbox: 0.0993 (0.0993)  loss_bbox_aux_0: 0.1033 (0.1033)  loss_bbox_aux_1: 0.1008 (0.1008)  loss_bbox_aux_2: 0.1122 (0.1122)  loss_bbox_dn_0: 0.0406 (0.0406)  loss_bbox_dn_1: 0.0329 (0.0329)  loss_bbox_dn_2: 0.0321 (0.0321)  loss_giou: 1.0731 (1.0731)  loss_giou_aux_0: 1.0875 (1.0875)  loss_giou_aux_1: 1.0651 (1.0651)  loss_giou_aux_2: 1.1480 (1.1480)  loss_giou_dn_0: 0.7859 (0.7859)  loss_giou_dn_1: 0.7105 (0.7105)  loss_giou_dn_2: 0.7010 (0.7010)  loss_vfl: 0.4201 (0.4201)  loss_vfl_aux_0: 0.4244 (0.4244)  loss_vfl_aux_1: 0.4258 (0.4258)  loss_vfl_aux_2: 0.4283 (0.4283)  loss_vfl_dn_0: 0.4710 (0.4710)  loss_vfl_dn_1: 0.4468 (0.4468)  loss_vfl_dn_2: 0.4405 (0.4405)  time: 6.6612  data: 4.7612  max mem: 11522
Epoch: [69]  [100/809]  eta: 0:12:46  lr: 0.000100  loss: 9.6969 (9.8911)  loss_bbox: 0.0812 (0.0889)  loss_bbox_aux_0: 0.0858 (0.0948)  loss_bbox_aux_1: 0.0829 (0.0914)  loss_bbox_aux_2: 0.1014 (0.1094)  loss_bbox_dn_0: 0.0530 (0.0534)  loss_bbox_dn_1: 0.0432 (0.0441)  loss_bbox_dn_2: 0.0416 (0.0429)  loss_giou: 0.9072 (0.9602)  loss_giou_aux_0: 0.9309 (0.9861)  loss_giou_aux_1: 0.9086 (0.9637)  loss_giou_aux_2: 0.9966 (1.0532)  loss_giou_dn_0: 0.7616 (0.7660)  loss_giou_dn_1: 0.6790 (0.6876)  loss_giou_dn_2: 0.6705 (0.6785)  loss_vfl: 0.4754 (0.4751)  loss_vfl_aux_0: 0.4940 (0.4900)  loss_vfl_aux_1: 0.4873 (0.4826)  loss_vfl_aux_2: 0.4893 (0.4888)  loss_vfl_dn_0: 0.4610 (0.4631)  loss_vfl_dn_1: 0.4291 (0.4389)  loss_vfl_dn_2: 0.4237 (0.4323)  time: 0.9967  data: 0.0253  max mem: 11522
Epoch: [69]  [200/809]  eta: 0:10:38  lr: 0.000100  loss: 9.4333 (9.8260)  loss_bbox: 0.0706 (0.0876)  loss_bbox_aux_0: 0.0785 (0.0929)  loss_bbox_aux_1: 0.0718 (0.0895)  loss_bbox_aux_2: 0.0926 (0.1070)  loss_bbox_dn_0: 0.0579 (0.0536)  loss_bbox_dn_1: 0.0463 (0.0442)  loss_bbox_dn_2: 0.0447 (0.0431)  loss_giou: 0.8098 (0.9422)  loss_giou_aux_0: 0.8378 (0.9687)  loss_giou_aux_1: 0.8209 (0.9466)  loss_giou_aux_2: 0.9180 (1.0368)  loss_giou_dn_0: 0.7508 (0.7664)  loss_giou_dn_1: 0.6662 (0.6882)  loss_giou_dn_2: 0.6546 (0.6789)  loss_vfl: 0.4869 (0.4781)  loss_vfl_aux_0: 0.5238 (0.4929)  loss_vfl_aux_1: 0.4967 (0.4862)  loss_vfl_aux_2: 0.5300 (0.4912)  loss_vfl_dn_0: 0.4629 (0.4629)  loss_vfl_dn_1: 0.4404 (0.4378)  loss_vfl_dn_2: 0.4288 (0.4312)  time: 1.0011  data: 0.0246  max mem: 11522
Epoch: [69]  [300/809]  eta: 0:08:46  lr: 0.000100  loss: 9.6425 (9.8053)  loss_bbox: 0.0712 (0.0869)  loss_bbox_aux_0: 0.0721 (0.0922)  loss_bbox_aux_1: 0.0731 (0.0888)  loss_bbox_aux_2: 0.0829 (0.1061)  loss_bbox_dn_0: 0.0502 (0.0539)  loss_bbox_dn_1: 0.0422 (0.0442)  loss_bbox_dn_2: 0.0412 (0.0430)  loss_giou: 0.8830 (0.9338)  loss_giou_aux_0: 0.8977 (0.9596)  loss_giou_aux_1: 0.8757 (0.9383)  loss_giou_aux_2: 0.9581 (1.0297)  loss_giou_dn_0: 0.7682 (0.7629)  loss_giou_dn_1: 0.6976 (0.6829)  loss_giou_dn_2: 0.6874 (0.6733)  loss_vfl: 0.4789 (0.4844)  loss_vfl_aux_0: 0.4967 (0.5004)  loss_vfl_aux_1: 0.4927 (0.4933)  loss_vfl_aux_2: 0.4946 (0.4983)  loss_vfl_dn_0: 0.4674 (0.4640)  loss_vfl_dn_1: 0.4390 (0.4382)  loss_vfl_dn_2: 0.4358 (0.4314)  time: 1.0756  data: 0.0341  max mem: 11522
Epoch: [69]  [400/809]  eta: 0:07:00  lr: 0.000100  loss: 9.9546 (9.7721)  loss_bbox: 0.0722 (0.0861)  loss_bbox_aux_0: 0.0783 (0.0910)  loss_bbox_aux_1: 0.0743 (0.0878)  loss_bbox_aux_2: 0.0877 (0.1046)  loss_bbox_dn_0: 0.0502 (0.0540)  loss_bbox_dn_1: 0.0406 (0.0442)  loss_bbox_dn_2: 0.0391 (0.0429)  loss_giou: 0.9611 (0.9261)  loss_giou_aux_0: 0.9892 (0.9517)  loss_giou_aux_1: 0.9624 (0.9306)  loss_giou_aux_2: 1.0484 (1.0221)  loss_giou_dn_0: 0.7839 (0.7597)  loss_giou_dn_1: 0.7031 (0.6796)  loss_giou_dn_2: 0.6889 (0.6698)  loss_vfl: 0.4607 (0.4870)  loss_vfl_aux_0: 0.4810 (0.5031)  loss_vfl_aux_1: 0.4700 (0.4964)  loss_vfl_aux_2: 0.4703 (0.5016)  loss_vfl_dn_0: 0.4672 (0.4647)  loss_vfl_dn_1: 0.4422 (0.4380)  loss_vfl_dn_2: 0.4335 (0.4311)  time: 1.0332  data: 0.0318  max mem: 11522
Epoch: [69]  [500/809]  eta: 0:05:17  lr: 0.000100  loss: 9.9580 (9.7924)  loss_bbox: 0.0779 (0.0858)  loss_bbox_aux_0: 0.0836 (0.0911)  loss_bbox_aux_1: 0.0797 (0.0875)  loss_bbox_aux_2: 0.0971 (0.1049)  loss_bbox_dn_0: 0.0443 (0.0535)  loss_bbox_dn_1: 0.0366 (0.0438)  loss_bbox_dn_2: 0.0351 (0.0425)  loss_giou: 0.9646 (0.9316)  loss_giou_aux_0: 0.9734 (0.9585)  loss_giou_aux_1: 0.9726 (0.9362)  loss_giou_aux_2: 1.0211 (1.0281)  loss_giou_dn_0: 0.7733 (0.7616)  loss_giou_dn_1: 0.6914 (0.6824)  loss_giou_dn_2: 0.6894 (0.6728)  loss_vfl: 0.4929 (0.4854)  loss_vfl_aux_0: 0.5015 (0.5004)  loss_vfl_aux_1: 0.4969 (0.4942)  loss_vfl_aux_2: 0.4961 (0.4983)  loss_vfl_dn_0: 0.4631 (0.4645)  loss_vfl_dn_1: 0.4374 (0.4379)  loss_vfl_dn_2: 0.4328 (0.4313)  time: 0.9738  data: 0.0252  max mem: 11522
Epoch: [69]  [600/809]  eta: 0:03:34  lr: 0.000100  loss: 9.8063 (9.8192)  loss_bbox: 0.0852 (0.0857)  loss_bbox_aux_0: 0.0846 (0.0909)  loss_bbox_aux_1: 0.0833 (0.0874)  loss_bbox_aux_2: 0.1017 (0.1053)  loss_bbox_dn_0: 0.0493 (0.0535)  loss_bbox_dn_1: 0.0420 (0.0438)  loss_bbox_dn_2: 0.0413 (0.0426)  loss_giou: 0.9672 (0.9378)  loss_giou_aux_0: 0.9821 (0.9655)  loss_giou_aux_1: 0.9709 (0.9431)  loss_giou_aux_2: 1.0687 (1.0343)  loss_giou_dn_0: 0.7814 (0.7634)  loss_giou_dn_1: 0.6920 (0.6847)  loss_giou_dn_2: 0.6788 (0.6752)  loss_vfl: 0.4761 (0.4843)  loss_vfl_aux_0: 0.4713 (0.4990)  loss_vfl_aux_1: 0.4780 (0.4929)  loss_vfl_aux_2: 0.4650 (0.4963)  loss_vfl_dn_0: 0.4620 (0.4644)  loss_vfl_dn_1: 0.4382 (0.4379)  loss_vfl_dn_2: 0.4333 (0.4314)  time: 1.0043  data: 0.0298  max mem: 11522
Epoch: [69]  [700/809]  eta: 0:01:51  lr: 0.000100  loss: 9.7593 (9.8448)  loss_bbox: 0.0798 (0.0865)  loss_bbox_aux_0: 0.0850 (0.0923)  loss_bbox_aux_1: 0.0829 (0.0883)  loss_bbox_aux_2: 0.0981 (0.1067)  loss_bbox_dn_0: 0.0492 (0.0532)  loss_bbox_dn_1: 0.0387 (0.0436)  loss_bbox_dn_2: 0.0382 (0.0424)  loss_giou: 0.9060 (0.9435)  loss_giou_aux_0: 0.9557 (0.9715)  loss_giou_aux_1: 0.9203 (0.9490)  loss_giou_aux_2: 0.9923 (1.0391)  loss_giou_dn_0: 0.7502 (0.7642)  loss_giou_dn_1: 0.6627 (0.6856)  loss_giou_dn_2: 0.6564 (0.6761)  loss_vfl: 0.4690 (0.4835)  loss_vfl_aux_0: 0.4887 (0.4978)  loss_vfl_aux_1: 0.4780 (0.4921)  loss_vfl_aux_2: 0.5036 (0.4949)  loss_vfl_dn_0: 0.4597 (0.4646)  loss_vfl_dn_1: 0.4357 (0.4382)  loss_vfl_dn_2: 0.4308 (0.4317)  time: 1.0388  data: 0.0298  max mem: 11522
Epoch: [69]  [800/809]  eta: 0:00:09  lr: 0.000100  loss: 10.0805 (9.8410)  loss_bbox: 0.0890 (0.0864)  loss_bbox_aux_0: 0.0942 (0.0922)  loss_bbox_aux_1: 0.0895 (0.0881)  loss_bbox_aux_2: 0.1087 (0.1066)  loss_bbox_dn_0: 0.0539 (0.0532)  loss_bbox_dn_1: 0.0428 (0.0436)  loss_bbox_dn_2: 0.0415 (0.0424)  loss_giou: 1.0102 (0.9431)  loss_giou_aux_0: 1.0500 (0.9711)  loss_giou_aux_1: 1.0094 (0.9488)  loss_giou_aux_2: 1.1002 (1.0387)  loss_giou_dn_0: 0.7859 (0.7632)  loss_giou_dn_1: 0.7008 (0.6846)  loss_giou_dn_2: 0.6943 (0.6752)  loss_vfl: 0.4610 (0.4840)  loss_vfl_aux_0: 0.4805 (0.4982)  loss_vfl_aux_1: 0.4616 (0.4925)  loss_vfl_aux_2: 0.4782 (0.4953)  loss_vfl_dn_0: 0.4588 (0.4645)  loss_vfl_dn_1: 0.4382 (0.4379)  loss_vfl_dn_2: 0.4297 (0.4314)  time: 1.0172  data: 0.0288  max mem: 11522
Epoch: [69]  [808/809]  eta: 0:00:01  lr: 0.000100  loss: 10.0438 (9.8465)  loss_bbox: 0.0896 (0.0866)  loss_bbox_aux_0: 0.0961 (0.0925)  loss_bbox_aux_1: 0.0899 (0.0883)  loss_bbox_aux_2: 0.1150 (0.1068)  loss_bbox_dn_0: 0.0467 (0.0532)  loss_bbox_dn_1: 0.0404 (0.0436)  loss_bbox_dn_2: 0.0399 (0.0424)  loss_giou: 0.9730 (0.9443)  loss_giou_aux_0: 1.0488 (0.9723)  loss_giou_aux_1: 0.9937 (0.9501)  loss_giou_aux_2: 1.0920 (1.0398)  loss_giou_dn_0: 0.7765 (0.7635)  loss_giou_dn_1: 0.7035 (0.6850)  loss_giou_dn_2: 0.6942 (0.6756)  loss_vfl: 0.4509 (0.4836)  loss_vfl_aux_0: 0.4590 (0.4979)  loss_vfl_aux_1: 0.4532 (0.4921)  loss_vfl_aux_2: 0.4660 (0.4950)  loss_vfl_dn_0: 0.4588 (0.4645)  loss_vfl_dn_1: 0.4377 (0.4379)  loss_vfl_dn_2: 0.4306 (0.4315)  time: 0.8858  data: 0.0265  max mem: 11522
Epoch: [69] Total time: 0:13:47 (1.0227 s / it)
Averaged stats: lr: 0.000100  loss: 10.0438 (9.8465)  loss_bbox: 0.0896 (0.0866)  loss_bbox_aux_0: 0.0961 (0.0925)  loss_bbox_aux_1: 0.0899 (0.0883)  loss_bbox_aux_2: 0.1150 (0.1068)  loss_bbox_dn_0: 0.0467 (0.0532)  loss_bbox_dn_1: 0.0404 (0.0436)  loss_bbox_dn_2: 0.0399 (0.0424)  loss_giou: 0.9730 (0.9443)  loss_giou_aux_0: 1.0488 (0.9723)  loss_giou_aux_1: 0.9937 (0.9501)  loss_giou_aux_2: 1.0920 (1.0398)  loss_giou_dn_0: 0.7765 (0.7635)  loss_giou_dn_1: 0.7035 (0.6850)  loss_giou_dn_2: 0.6942 (0.6756)  loss_vfl: 0.4509 (0.4836)  loss_vfl_aux_0: 0.4590 (0.4979)  loss_vfl_aux_1: 0.4532 (0.4921)  loss_vfl_aux_2: 0.4660 (0.4950)  loss_vfl_dn_0: 0.4588 (0.4645)  loss_vfl_dn_1: 0.4377 (0.4379)  loss_vfl_dn_2: 0.4306 (0.4315)
Test:  [ 0/69]  eta: 0:01:22    time: 1.2015  data: 0.6877  max mem: 11522
Test:  [10/69]  eta: 0:00:34    time: 0.5786  data: 0.0762  max mem: 11522
Test:  [20/69]  eta: 0:00:30    time: 0.5939  data: 0.0179  max mem: 11522
Test:  [30/69]  eta: 0:00:22    time: 0.5928  data: 0.0213  max mem: 11522
Test:  [40/69]  eta: 0:00:16    time: 0.5026  data: 0.0211  max mem: 11522
Test:  [50/69]  eta: 0:00:10    time: 0.4614  data: 0.0202  max mem: 11522
Test:  [60/69]  eta: 0:00:04    time: 0.4242  data: 0.0203  max mem: 11522
Test:  [68/69]  eta: 0:00:00    time: 0.4407  data: 0.0190  max mem: 11522
Test: Total time: 0:00:35 (0.5150 s / it)
Averaged stats: 
Accumulating evaluation results...
DONE (t=2.02s).
IoU metric: bbox
 Average Precision  (AP) @[ IoU=0.50:0.95 | area=   all | maxDets=100 ] = 0.226
 Average Precision  (AP) @[ IoU=0.50      | area=   all | maxDets=100 ] = 0.378
 Average Precision  (AP) @[ IoU=0.75      | area=   all | maxDets=100 ] = 0.230
 Average Precision  (AP) @[ IoU=0.50:0.95 | area= small | maxDets=100 ] = 0.139
 Average Precision  (AP) @[ IoU=0.50:0.95 | area=medium | maxDets=100 ] = 0.321
 Average Precision  (AP) @[ IoU=0.50:0.95 | area= large | maxDets=100 ] = 0.459
 Average Recall     (AR) @[ IoU=0.50:0.95 | area=   all | maxDets=  1 ] = 0.101
 Average Recall     (AR) @[ IoU=0.50:0.95 | area=   all | maxDets= 10 ] = 0.280
 Average Recall     (AR) @[ IoU=0.50:0.95 | area=   all | maxDets=100 ] = 0.378
 Average Recall     (AR) @[ IoU=0.50:0.95 | area= small | maxDets=100 ] = 0.282
 Average Recall     (AR) @[ IoU=0.50:0.95 | area=medium | maxDets=100 ] = 0.505
 Average Recall     (AR) @[ IoU=0.50:0.95 | area= large | maxDets=100 ] = 0.635
best_stat:  {'epoch': 69, 'coco_eval_bbox': 0.2263254320930663}
Epoch: [70]  [  0/809]  eta: 1:10:27  lr: 0.000100  loss: 8.8943 (8.8943)  loss_bbox: 0.1093 (0.1093)  loss_bbox_aux_0: 0.1128 (0.1128)  loss_bbox_aux_1: 0.1142 (0.1142)  loss_bbox_aux_2: 0.1233 (0.1233)  loss_bbox_dn_0: 0.0606 (0.0606)  loss_bbox_dn_1: 0.0493 (0.0493)  loss_bbox_dn_2: 0.0476 (0.0476)  loss_giou: 0.7513 (0.7513)  loss_giou_aux_0: 0.7697 (0.7697)  loss_giou_aux_1: 0.7657 (0.7657)  loss_giou_aux_2: 0.8579 (0.8579)  loss_giou_dn_0: 0.6533 (0.6533)  loss_giou_dn_1: 0.5807 (0.5807)  loss_giou_dn_2: 0.5713 (0.5713)  loss_vfl: 0.4872 (0.4872)  loss_vfl_aux_0: 0.5152 (0.5152)  loss_vfl_aux_1: 0.4986 (0.4986)  loss_vfl_aux_2: 0.5433 (0.5433)  loss_vfl_dn_0: 0.4579 (0.4579)  loss_vfl_dn_1: 0.4151 (0.4151)  loss_vfl_dn_2: 0.4098 (0.4098)  time: 5.2259  data: 3.4560  max mem: 11522
Epoch: [70]  [100/809]  eta: 0:12:29  lr: 0.000100  loss: 9.6371 (9.7874)  loss_bbox: 0.0726 (0.0897)  loss_bbox_aux_0: 0.0764 (0.0937)  loss_bbox_aux_1: 0.0723 (0.0905)  loss_bbox_aux_2: 0.0926 (0.1101)  loss_bbox_dn_0: 0.0485 (0.0525)  loss_bbox_dn_1: 0.0391 (0.0428)  loss_bbox_dn_2: 0.0386 (0.0416)  loss_giou: 0.9279 (0.9299)  loss_giou_aux_0: 0.9595 (0.9572)  loss_giou_aux_1: 0.9265 (0.9389)  loss_giou_aux_2: 1.0105 (1.0296)  loss_giou_dn_0: 0.7625 (0.7607)  loss_giou_dn_1: 0.6862 (0.6818)  loss_giou_dn_2: 0.6746 (0.6725)  loss_vfl: 0.4764 (0.4813)  loss_vfl_aux_0: 0.4992 (0.4972)  loss_vfl_aux_1: 0.4954 (0.4891)  loss_vfl_aux_2: 0.4922 (0.4918)  loss_vfl_dn_0: 0.4664 (0.4652)  loss_vfl_dn_1: 0.4420 (0.4392)  loss_vfl_dn_2: 0.4334 (0.4321)  time: 1.0519  data: 0.0275  max mem: 11522
Epoch: [70]  [200/809]  eta: 0:10:25  lr: 0.000100  loss: 9.8472 (9.7529)  loss_bbox: 0.0710 (0.0857)  loss_bbox_aux_0: 0.0775 (0.0901)  loss_bbox_aux_1: 0.0778 (0.0869)  loss_bbox_aux_2: 0.0908 (0.1048)  loss_bbox_dn_0: 0.0527 (0.0528)  loss_bbox_dn_1: 0.0410 (0.0430)  loss_bbox_dn_2: 0.0386 (0.0418)  loss_giou: 0.9080 (0.9269)  loss_giou_aux_0: 0.9317 (0.9543)  loss_giou_aux_1: 0.9132 (0.9361)  loss_giou_aux_2: 0.9874 (1.0249)  loss_giou_dn_0: 0.7340 (0.7587)  loss_giou_dn_1: 0.6605 (0.6791)  loss_giou_dn_2: 0.6510 (0.6697)  loss_vfl: 0.4844 (0.4830)  loss_vfl_aux_0: 0.4965 (0.4979)  loss_vfl_aux_1: 0.4912 (0.4897)  loss_vfl_aux_2: 0.5051 (0.4948)  loss_vfl_dn_0: 0.4721 (0.4645)  loss_vfl_dn_1: 0.4371 (0.4375)  loss_vfl_dn_2: 0.4354 (0.4307)  time: 1.0352  data: 0.0271  max mem: 11522
Epoch: [70]  [300/809]  eta: 0:08:40  lr: 0.000100  loss: 9.5382 (9.8035)  loss_bbox: 0.0702 (0.0867)  loss_bbox_aux_0: 0.0714 (0.0909)  loss_bbox_aux_1: 0.0686 (0.0881)  loss_bbox_aux_2: 0.0845 (0.1055)  loss_bbox_dn_0: 0.0492 (0.0530)  loss_bbox_dn_1: 0.0413 (0.0432)  loss_bbox_dn_2: 0.0403 (0.0421)  loss_giou: 0.8454 (0.9345)  loss_giou_aux_0: 0.9077 (0.9621)  loss_giou_aux_1: 0.8578 (0.9421)  loss_giou_aux_2: 0.9566 (1.0319)  loss_giou_dn_0: 0.7663 (0.7642)  loss_giou_dn_1: 0.6842 (0.6846)  loss_giou_dn_2: 0.6735 (0.6752)  loss_vfl: 0.5028 (0.4828)  loss_vfl_aux_0: 0.5129 (0.4976)  loss_vfl_aux_1: 0.5086 (0.4904)  loss_vfl_aux_2: 0.5131 (0.4940)  loss_vfl_dn_0: 0.4645 (0.4646)  loss_vfl_dn_1: 0.4336 (0.4382)  loss_vfl_dn_2: 0.4303 (0.4318)  time: 0.9851  data: 0.0261  max mem: 11522
Epoch: [70]  [400/809]  eta: 0:06:54  lr: 0.000100  loss: 10.0801 (9.8264)  loss_bbox: 0.0867 (0.0868)  loss_bbox_aux_0: 0.0916 (0.0917)  loss_bbox_aux_1: 0.0875 (0.0883)  loss_bbox_aux_2: 0.1157 (0.1063)  loss_bbox_dn_0: 0.0484 (0.0529)  loss_bbox_dn_1: 0.0415 (0.0432)  loss_bbox_dn_2: 0.0409 (0.0420)  loss_giou: 0.9927 (0.9408)  loss_giou_aux_0: 1.0391 (0.9700)  loss_giou_aux_1: 1.0035 (0.9482)  loss_giou_aux_2: 1.1118 (1.0382)  loss_giou_dn_0: 0.7701 (0.7647)  loss_giou_dn_1: 0.6961 (0.6855)  loss_giou_dn_2: 0.6880 (0.6762)  loss_vfl: 0.4511 (0.4814)  loss_vfl_aux_0: 0.4711 (0.4953)  loss_vfl_aux_1: 0.4677 (0.4891)  loss_vfl_aux_2: 0.4681 (0.4919)  loss_vfl_dn_0: 0.4682 (0.4645)  loss_vfl_dn_1: 0.4346 (0.4380)  loss_vfl_dn_2: 0.4309 (0.4315)  time: 0.9678  data: 0.0258  max mem: 11522
Epoch: [70]  [500/809]  eta: 0:05:14  lr: 0.000100  loss: 9.6200 (9.8444)  loss_bbox: 0.0629 (0.0866)  loss_bbox_aux_0: 0.0661 (0.0914)  loss_bbox_aux_1: 0.0645 (0.0881)  loss_bbox_aux_2: 0.0820 (0.1063)  loss_bbox_dn_0: 0.0492 (0.0525)  loss_bbox_dn_1: 0.0404 (0.0430)  loss_bbox_dn_2: 0.0390 (0.0418)  loss_giou: 0.8743 (0.9446)  loss_giou_aux_0: 0.9031 (0.9742)  loss_giou_aux_1: 0.8810 (0.9517)  loss_giou_aux_2: 0.9661 (1.0425)  loss_giou_dn_0: 0.7518 (0.7658)  loss_giou_dn_1: 0.6775 (0.6873)  loss_giou_dn_2: 0.6673 (0.6781)  loss_vfl: 0.4791 (0.4815)  loss_vfl_aux_0: 0.4949 (0.4955)  loss_vfl_aux_1: 0.4878 (0.4891)  loss_vfl_aux_2: 0.4931 (0.4913)  loss_vfl_dn_0: 0.4595 (0.4641)  loss_vfl_dn_1: 0.4337 (0.4378)  loss_vfl_dn_2: 0.4254 (0.4313)  time: 1.0845  data: 0.0373  max mem: 11522
Epoch: [70]  [600/809]  eta: 0:03:32  lr: 0.000100  loss: 9.8027 (9.8447)  loss_bbox: 0.0769 (0.0868)  loss_bbox_aux_0: 0.0845 (0.0919)  loss_bbox_aux_1: 0.0782 (0.0884)  loss_bbox_aux_2: 0.0989 (0.1066)  loss_bbox_dn_0: 0.0472 (0.0522)  loss_bbox_dn_1: 0.0373 (0.0427)  loss_bbox_dn_2: 0.0372 (0.0416)  loss_giou: 0.9280 (0.9441)  loss_giou_aux_0: 0.9841 (0.9745)  loss_giou_aux_1: 0.9243 (0.9515)  loss_giou_aux_2: 1.0412 (1.0427)  loss_giou_dn_0: 0.7661 (0.7647)  loss_giou_dn_1: 0.6818 (0.6866)  loss_giou_dn_2: 0.6716 (0.6772)  loss_vfl: 0.4970 (0.4824)  loss_vfl_aux_0: 0.4961 (0.4959)  loss_vfl_aux_1: 0.5104 (0.4900)  loss_vfl_aux_2: 0.4868 (0.4921)  loss_vfl_dn_0: 0.4670 (0.4641)  loss_vfl_dn_1: 0.4343 (0.4375)  loss_vfl_dn_2: 0.4310 (0.4311)  time: 0.9806  data: 0.0284  max mem: 11522
Epoch: [70]  [700/809]  eta: 0:01:50  lr: 0.000100  loss: 10.1600 (9.8593)  loss_bbox: 0.0853 (0.0869)  loss_bbox_aux_0: 0.0917 (0.0921)  loss_bbox_aux_1: 0.0897 (0.0884)  loss_bbox_aux_2: 0.1034 (0.1069)  loss_bbox_dn_0: 0.0474 (0.0524)  loss_bbox_dn_1: 0.0396 (0.0429)  loss_bbox_dn_2: 0.0387 (0.0418)  loss_giou: 1.0654 (0.9475)  loss_giou_aux_0: 1.0937 (0.9777)  loss_giou_aux_1: 1.0761 (0.9547)  loss_giou_aux_2: 1.1484 (1.0463)  loss_giou_dn_0: 0.7914 (0.7656)  loss_giou_dn_1: 0.7140 (0.6874)  loss_giou_dn_2: 0.7022 (0.6781)  loss_vfl: 0.4501 (0.4817)  loss_vfl_aux_0: 0.4643 (0.4952)  loss_vfl_aux_1: 0.4613 (0.4893)  loss_vfl_aux_2: 0.4629 (0.4911)  loss_vfl_dn_0: 0.4647 (0.4642)  loss_vfl_dn_1: 0.4370 (0.4378)  loss_vfl_dn_2: 0.4309 (0.4314)  time: 1.0342  data: 0.0283  max mem: 11522
Epoch: [70]  [800/809]  eta: 0:00:09  lr: 0.000100  loss: 9.9507 (9.8453)  loss_bbox: 0.0712 (0.0859)  loss_bbox_aux_0: 0.0779 (0.0911)  loss_bbox_aux_1: 0.0737 (0.0874)  loss_bbox_aux_2: 0.0970 (0.1060)  loss_bbox_dn_0: 0.0476 (0.0524)  loss_bbox_dn_1: 0.0383 (0.0430)  loss_bbox_dn_2: 0.0365 (0.0419)  loss_giou: 0.9927 (0.9442)  loss_giou_aux_0: 1.0285 (0.9742)  loss_giou_aux_1: 0.9920 (0.9510)  loss_giou_aux_2: 1.0898 (1.0428)  loss_giou_dn_0: 0.7957 (0.7645)  loss_giou_dn_1: 0.7053 (0.6862)  loss_giou_dn_2: 0.6960 (0.6769)  loss_vfl: 0.4804 (0.4833)  loss_vfl_aux_0: 0.4821 (0.4969)  loss_vfl_aux_1: 0.4805 (0.4910)  loss_vfl_aux_2: 0.4630 (0.4922)  loss_vfl_dn_0: 0.4623 (0.4646)  loss_vfl_dn_1: 0.4388 (0.4380)  loss_vfl_dn_2: 0.4326 (0.4315)  time: 0.9904  data: 0.0294  max mem: 11522
Epoch: [70]  [808/809]  eta: 0:00:01  lr: 0.000100  loss: 10.0911 (9.8498)  loss_bbox: 0.0721 (0.0860)  loss_bbox_aux_0: 0.0787 (0.0912)  loss_bbox_aux_1: 0.0739 (0.0875)  loss_bbox_aux_2: 0.0970 (0.1061)  loss_bbox_dn_0: 0.0455 (0.0523)  loss_bbox_dn_1: 0.0363 (0.0429)  loss_bbox_dn_2: 0.0352 (0.0418)  loss_giou: 1.0345 (0.9457)  loss_giou_aux_0: 1.0607 (0.9756)  loss_giou_aux_1: 1.0458 (0.9524)  loss_giou_aux_2: 1.1203 (1.0441)  loss_giou_dn_0: 0.7957 (0.7650)  loss_giou_dn_1: 0.7150 (0.6867)  loss_giou_dn_2: 0.7067 (0.6773)  loss_vfl: 0.4485 (0.4828)  loss_vfl_aux_0: 0.4499 (0.4963)  loss_vfl_aux_1: 0.4526 (0.4905)  loss_vfl_aux_2: 0.4426 (0.4917)  loss_vfl_dn_0: 0.4588 (0.4646)  loss_vfl_dn_1: 0.4360 (0.4380)  loss_vfl_dn_2: 0.4275 (0.4315)  time: 0.8914  data: 0.0267  max mem: 11522
Epoch: [70] Total time: 0:13:38 (1.0116 s / it)
Averaged stats: lr: 0.000100  loss: 10.0911 (9.8498)  loss_bbox: 0.0721 (0.0860)  loss_bbox_aux_0: 0.0787 (0.0912)  loss_bbox_aux_1: 0.0739 (0.0875)  loss_bbox_aux_2: 0.0970 (0.1061)  loss_bbox_dn_0: 0.0455 (0.0523)  loss_bbox_dn_1: 0.0363 (0.0429)  loss_bbox_dn_2: 0.0352 (0.0418)  loss_giou: 1.0345 (0.9457)  loss_giou_aux_0: 1.0607 (0.9756)  loss_giou_aux_1: 1.0458 (0.9524)  loss_giou_aux_2: 1.1203 (1.0441)  loss_giou_dn_0: 0.7957 (0.7650)  loss_giou_dn_1: 0.7150 (0.6867)  loss_giou_dn_2: 0.7067 (0.6773)  loss_vfl: 0.4485 (0.4828)  loss_vfl_aux_0: 0.4499 (0.4963)  loss_vfl_aux_1: 0.4526 (0.4905)  loss_vfl_aux_2: 0.4426 (0.4917)  loss_vfl_dn_0: 0.4588 (0.4646)  loss_vfl_dn_1: 0.4360 (0.4380)  loss_vfl_dn_2: 0.4275 (0.4315)
Test:  [ 0/69]  eta: 0:01:38    time: 1.4342  data: 0.8998  max mem: 11522
Test:  [10/69]  eta: 0:00:35    time: 0.6062  data: 0.1028  max mem: 11522
Test:  [20/69]  eta: 0:00:30    time: 0.5812  data: 0.0222  max mem: 11522
Test:  [30/69]  eta: 0:00:22    time: 0.5616  data: 0.0203  max mem: 11522
Test:  [40/69]  eta: 0:00:15    time: 0.4750  data: 0.0203  max mem: 11522
Test:  [50/69]  eta: 0:00:10    time: 0.4516  data: 0.0207  max mem: 11522
Test:  [60/69]  eta: 0:00:04    time: 0.4423  data: 0.0205  max mem: 11522
Test:  [68/69]  eta: 0:00:00    time: 0.4484  data: 0.0194  max mem: 11522
Test: Total time: 0:00:35 (0.5099 s / it)
Averaged stats: 
Accumulating evaluation results...
DONE (t=1.91s).
IoU metric: bbox
 Average Precision  (AP) @[ IoU=0.50:0.95 | area=   all | maxDets=100 ] = 0.226
 Average Precision  (AP) @[ IoU=0.50      | area=   all | maxDets=100 ] = 0.379
 Average Precision  (AP) @[ IoU=0.75      | area=   all | maxDets=100 ] = 0.231
 Average Precision  (AP) @[ IoU=0.50:0.95 | area= small | maxDets=100 ] = 0.139
 Average Precision  (AP) @[ IoU=0.50:0.95 | area=medium | maxDets=100 ] = 0.322
 Average Precision  (AP) @[ IoU=0.50:0.95 | area= large | maxDets=100 ] = 0.460
 Average Recall     (AR) @[ IoU=0.50:0.95 | area=   all | maxDets=  1 ] = 0.100
 Average Recall     (AR) @[ IoU=0.50:0.95 | area=   all | maxDets= 10 ] = 0.281
 Average Recall     (AR) @[ IoU=0.50:0.95 | area=   all | maxDets=100 ] = 0.378
 Average Recall     (AR) @[ IoU=0.50:0.95 | area= small | maxDets=100 ] = 0.282
 Average Recall     (AR) @[ IoU=0.50:0.95 | area=medium | maxDets=100 ] = 0.504
 Average Recall     (AR) @[ IoU=0.50:0.95 | area= large | maxDets=100 ] = 0.635
best_stat:  {'epoch': 70, 'coco_eval_bbox': 0.22645796535648452}
Epoch: [71]  [  0/809]  eta: 1:18:08  lr: 0.000100  loss: 9.1502 (9.1502)  loss_bbox: 0.0724 (0.0724)  loss_bbox_aux_0: 0.0746 (0.0746)  loss_bbox_aux_1: 0.0752 (0.0752)  loss_bbox_aux_2: 0.0812 (0.0812)  loss_bbox_dn_0: 0.0570 (0.0570)  loss_bbox_dn_1: 0.0460 (0.0460)  loss_bbox_dn_2: 0.0446 (0.0446)  loss_giou: 0.8207 (0.8207)  loss_giou_aux_0: 0.8332 (0.8332)  loss_giou_aux_1: 0.8142 (0.8142)  loss_giou_aux_2: 0.8853 (0.8853)  loss_giou_dn_0: 0.7099 (0.7099)  loss_giou_dn_1: 0.6318 (0.6318)  loss_giou_dn_2: 0.6279 (0.6279)  loss_vfl: 0.4851 (0.4851)  loss_vfl_aux_0: 0.5161 (0.5161)  loss_vfl_aux_1: 0.4930 (0.4930)  loss_vfl_aux_2: 0.5292 (0.5292)  loss_vfl_dn_0: 0.4705 (0.4705)  loss_vfl_dn_1: 0.4448 (0.4448)  loss_vfl_dn_2: 0.4375 (0.4375)  time: 5.7955  data: 3.4715  max mem: 11522
Epoch: [71]  [100/809]  eta: 0:12:33  lr: 0.000100  loss: 9.4218 (9.6322)  loss_bbox: 0.0731 (0.0756)  loss_bbox_aux_0: 0.0749 (0.0796)  loss_bbox_aux_1: 0.0752 (0.0765)  loss_bbox_aux_2: 0.0892 (0.0933)  loss_bbox_dn_0: 0.0557 (0.0535)  loss_bbox_dn_1: 0.0451 (0.0437)  loss_bbox_dn_2: 0.0424 (0.0424)  loss_giou: 0.8283 (0.9020)  loss_giou_aux_0: 0.8558 (0.9280)  loss_giou_aux_1: 0.8379 (0.9068)  loss_giou_aux_2: 0.9255 (0.9968)  loss_giou_dn_0: 0.7639 (0.7546)  loss_giou_dn_1: 0.6743 (0.6747)  loss_giou_dn_2: 0.6639 (0.6648)  loss_vfl: 0.5021 (0.4931)  loss_vfl_aux_0: 0.5224 (0.5095)  loss_vfl_aux_1: 0.5083 (0.5021)  loss_vfl_aux_2: 0.5145 (0.5043)  loss_vfl_dn_0: 0.4624 (0.4637)  loss_vfl_dn_1: 0.4349 (0.4367)  loss_vfl_dn_2: 0.4324 (0.4305)  time: 1.0283  data: 0.0288  max mem: 11522
Epoch: [71]  [200/809]  eta: 0:10:35  lr: 0.000100  loss: 9.9212 (9.6450)  loss_bbox: 0.0755 (0.0781)  loss_bbox_aux_0: 0.0800 (0.0821)  loss_bbox_aux_1: 0.0764 (0.0790)  loss_bbox_aux_2: 0.0960 (0.0961)  loss_bbox_dn_0: 0.0520 (0.0546)  loss_bbox_dn_1: 0.0418 (0.0444)  loss_bbox_dn_2: 0.0404 (0.0431)  loss_giou: 0.9534 (0.9012)  loss_giou_aux_0: 0.9636 (0.9267)  loss_giou_aux_1: 0.9626 (0.9064)  loss_giou_aux_2: 1.0328 (0.9968)  loss_giou_dn_0: 0.7861 (0.7544)  loss_giou_dn_1: 0.7091 (0.6744)  loss_giou_dn_2: 0.6962 (0.6646)  loss_vfl: 0.4709 (0.4937)  loss_vfl_aux_0: 0.4865 (0.5104)  loss_vfl_aux_1: 0.4768 (0.5024)  loss_vfl_aux_2: 0.4787 (0.5059)  loss_vfl_dn_0: 0.4615 (0.4646)  loss_vfl_dn_1: 0.4322 (0.4362)  loss_vfl_dn_2: 0.4267 (0.4297)  time: 0.9712  data: 0.0294  max mem: 11522
Epoch: [71]  [300/809]  eta: 0:08:50  lr: 0.000100  loss: 9.9154 (9.6777)  loss_bbox: 0.0710 (0.0805)  loss_bbox_aux_0: 0.0738 (0.0846)  loss_bbox_aux_1: 0.0717 (0.0816)  loss_bbox_aux_2: 0.0838 (0.0985)  loss_bbox_dn_0: 0.0501 (0.0539)  loss_bbox_dn_1: 0.0424 (0.0440)  loss_bbox_dn_2: 0.0412 (0.0428)  loss_giou: 0.9542 (0.9067)  loss_giou_aux_0: 0.9807 (0.9331)  loss_giou_aux_1: 0.9620 (0.9124)  loss_giou_aux_2: 1.0337 (1.0030)  loss_giou_dn_0: 0.7805 (0.7545)  loss_giou_dn_1: 0.7008 (0.6753)  loss_giou_dn_2: 0.6910 (0.6657)  loss_vfl: 0.4837 (0.4930)  loss_vfl_aux_0: 0.5143 (0.5091)  loss_vfl_aux_1: 0.4882 (0.5014)  loss_vfl_aux_2: 0.5251 (0.5051)  loss_vfl_dn_0: 0.4629 (0.4651)  loss_vfl_dn_1: 0.4324 (0.4370)  loss_vfl_dn_2: 0.4270 (0.4305)  time: 1.0353  data: 0.0302  max mem: 11522
Epoch: [71]  [400/809]  eta: 0:07:05  lr: 0.000100  loss: 9.8618 (9.7036)  loss_bbox: 0.0762 (0.0809)  loss_bbox_aux_0: 0.0824 (0.0851)  loss_bbox_aux_1: 0.0766 (0.0819)  loss_bbox_aux_2: 0.0968 (0.0991)  loss_bbox_dn_0: 0.0490 (0.0533)  loss_bbox_dn_1: 0.0402 (0.0436)  loss_bbox_dn_2: 0.0395 (0.0424)  loss_giou: 0.9146 (0.9143)  loss_giou_aux_0: 0.9407 (0.9415)  loss_giou_aux_1: 0.9230 (0.9204)  loss_giou_aux_2: 1.0089 (1.0109)  loss_giou_dn_0: 0.7567 (0.7548)  loss_giou_dn_1: 0.6804 (0.6759)  loss_giou_dn_2: 0.6704 (0.6664)  loss_vfl: 0.4938 (0.4914)  loss_vfl_aux_0: 0.5158 (0.5066)  loss_vfl_aux_1: 0.5041 (0.4994)  loss_vfl_aux_2: 0.5024 (0.5024)  loss_vfl_dn_0: 0.4674 (0.4652)  loss_vfl_dn_1: 0.4425 (0.4373)  loss_vfl_dn_2: 0.4376 (0.4308)  time: 1.0752  data: 0.0304  max mem: 11522
Epoch: [71]  [500/809]  eta: 0:05:20  lr: 0.000100  loss: 9.5583 (9.7234)  loss_bbox: 0.0701 (0.0814)  loss_bbox_aux_0: 0.0742 (0.0856)  loss_bbox_aux_1: 0.0717 (0.0824)  loss_bbox_aux_2: 0.0859 (0.0993)  loss_bbox_dn_0: 0.0583 (0.0534)  loss_bbox_dn_1: 0.0490 (0.0436)  loss_bbox_dn_2: 0.0469 (0.0425)  loss_giou: 0.8404 (0.9182)  loss_giou_aux_0: 0.8614 (0.9453)  loss_giou_aux_1: 0.8483 (0.9243)  loss_giou_aux_2: 0.9356 (1.0145)  loss_giou_dn_0: 0.7556 (0.7569)  loss_giou_dn_1: 0.6776 (0.6778)  loss_giou_dn_2: 0.6581 (0.6684)  loss_vfl: 0.5124 (0.4905)  loss_vfl_aux_0: 0.5381 (0.5053)  loss_vfl_aux_1: 0.5226 (0.4985)  loss_vfl_aux_2: 0.5385 (0.5014)  loss_vfl_dn_0: 0.4647 (0.4653)  loss_vfl_dn_1: 0.4422 (0.4377)  loss_vfl_dn_2: 0.4347 (0.4312)  time: 1.0075  data: 0.0274  max mem: 11522
Epoch: [71]  [600/809]  eta: 0:03:36  lr: 0.000100  loss: 9.9438 (9.7800)  loss_bbox: 0.0934 (0.0827)  loss_bbox_aux_0: 0.0966 (0.0869)  loss_bbox_aux_1: 0.0928 (0.0839)  loss_bbox_aux_2: 0.1054 (0.1007)  loss_bbox_dn_0: 0.0513 (0.0529)  loss_bbox_dn_1: 0.0408 (0.0433)  loss_bbox_dn_2: 0.0398 (0.0422)  loss_giou: 0.9922 (0.9307)  loss_giou_aux_0: 1.0241 (0.9575)  loss_giou_aux_1: 0.9897 (0.9368)  loss_giou_aux_2: 1.0792 (1.0260)  loss_giou_dn_0: 0.7578 (0.7616)  loss_giou_dn_1: 0.6856 (0.6832)  loss_giou_dn_2: 0.6772 (0.6739)  loss_vfl: 0.4514 (0.4876)  loss_vfl_aux_0: 0.4696 (0.5024)  loss_vfl_aux_1: 0.4682 (0.4955)  loss_vfl_aux_2: 0.4615 (0.4982)  loss_vfl_dn_0: 0.4676 (0.4652)  loss_vfl_dn_1: 0.4402 (0.4377)  loss_vfl_dn_2: 0.4349 (0.4314)  time: 1.0405  data: 0.0301  max mem: 11522
Epoch: [71]  [700/809]  eta: 0:01:53  lr: 0.000100  loss: 9.9335 (9.7798)  loss_bbox: 0.0864 (0.0825)  loss_bbox_aux_0: 0.0862 (0.0868)  loss_bbox_aux_1: 0.0836 (0.0836)  loss_bbox_aux_2: 0.0959 (0.1008)  loss_bbox_dn_0: 0.0506 (0.0529)  loss_bbox_dn_1: 0.0387 (0.0433)  loss_bbox_dn_2: 0.0371 (0.0422)  loss_giou: 0.9783 (0.9308)  loss_giou_aux_0: 1.0070 (0.9573)  loss_giou_aux_1: 0.9836 (0.9371)  loss_giou_aux_2: 1.0441 (1.0259)  loss_giou_dn_0: 0.7692 (0.7620)  loss_giou_dn_1: 0.6915 (0.6831)  loss_giou_dn_2: 0.6815 (0.6737)  loss_vfl: 0.4706 (0.4874)  loss_vfl_aux_0: 0.4763 (0.5021)  loss_vfl_aux_1: 0.4765 (0.4953)  loss_vfl_aux_2: 0.4648 (0.4978)  loss_vfl_dn_0: 0.4688 (0.4654)  loss_vfl_dn_1: 0.4385 (0.4381)  loss_vfl_dn_2: 0.4329 (0.4318)  time: 1.0384  data: 0.0304  max mem: 11522
Epoch: [71]  [800/809]  eta: 0:00:09  lr: 0.000100  loss: 9.6484 (9.7838)  loss_bbox: 0.0812 (0.0828)  loss_bbox_aux_0: 0.0867 (0.0875)  loss_bbox_aux_1: 0.0842 (0.0840)  loss_bbox_aux_2: 0.1163 (0.1018)  loss_bbox_dn_0: 0.0509 (0.0530)  loss_bbox_dn_1: 0.0416 (0.0433)  loss_bbox_dn_2: 0.0409 (0.0422)  loss_giou: 0.9134 (0.9318)  loss_giou_aux_0: 0.9583 (0.9585)  loss_giou_aux_1: 0.9290 (0.9383)  loss_giou_aux_2: 1.0486 (1.0268)  loss_giou_dn_0: 0.7560 (0.7613)  loss_giou_dn_1: 0.6930 (0.6827)  loss_giou_dn_2: 0.6809 (0.6733)  loss_vfl: 0.4501 (0.4869)  loss_vfl_aux_0: 0.4719 (0.5017)  loss_vfl_aux_1: 0.4632 (0.4947)  loss_vfl_aux_2: 0.4908 (0.4980)  loss_vfl_dn_0: 0.4640 (0.4655)  loss_vfl_dn_1: 0.4367 (0.4381)  loss_vfl_dn_2: 0.4331 (0.4317)  time: 1.0392  data: 0.0288  max mem: 11522
Epoch: [71]  [808/809]  eta: 0:00:01  lr: 0.000100  loss: 9.2235 (9.7771)  loss_bbox: 0.0735 (0.0827)  loss_bbox_aux_0: 0.0813 (0.0873)  loss_bbox_aux_1: 0.0765 (0.0839)  loss_bbox_aux_2: 0.0960 (0.1017)  loss_bbox_dn_0: 0.0509 (0.0529)  loss_bbox_dn_1: 0.0416 (0.0433)  loss_bbox_dn_2: 0.0409 (0.0422)  loss_giou: 0.8539 (0.9306)  loss_giou_aux_0: 0.8672 (0.9572)  loss_giou_aux_1: 0.8500 (0.9371)  loss_giou_aux_2: 0.9338 (1.0255)  loss_giou_dn_0: 0.7097 (0.7606)  loss_giou_dn_1: 0.6311 (0.6821)  loss_giou_dn_2: 0.6311 (0.6726)  loss_vfl: 0.4862 (0.4871)  loss_vfl_aux_0: 0.5058 (0.5020)  loss_vfl_aux_1: 0.4985 (0.4950)  loss_vfl_aux_2: 0.5111 (0.4983)  loss_vfl_dn_0: 0.4649 (0.4655)  loss_vfl_dn_1: 0.4362 (0.4380)  loss_vfl_dn_2: 0.4320 (0.4316)  time: 0.8977  data: 0.0254  max mem: 11522
Epoch: [71] Total time: 0:13:53 (1.0308 s / it)
Averaged stats: lr: 0.000100  loss: 9.2235 (9.7771)  loss_bbox: 0.0735 (0.0827)  loss_bbox_aux_0: 0.0813 (0.0873)  loss_bbox_aux_1: 0.0765 (0.0839)  loss_bbox_aux_2: 0.0960 (0.1017)  loss_bbox_dn_0: 0.0509 (0.0529)  loss_bbox_dn_1: 0.0416 (0.0433)  loss_bbox_dn_2: 0.0409 (0.0422)  loss_giou: 0.8539 (0.9306)  loss_giou_aux_0: 0.8672 (0.9572)  loss_giou_aux_1: 0.8500 (0.9371)  loss_giou_aux_2: 0.9338 (1.0255)  loss_giou_dn_0: 0.7097 (0.7606)  loss_giou_dn_1: 0.6311 (0.6821)  loss_giou_dn_2: 0.6311 (0.6726)  loss_vfl: 0.4862 (0.4871)  loss_vfl_aux_0: 0.5058 (0.5020)  loss_vfl_aux_1: 0.4985 (0.4950)  loss_vfl_aux_2: 0.5111 (0.4983)  loss_vfl_dn_0: 0.4649 (0.4655)  loss_vfl_dn_1: 0.4362 (0.4380)  loss_vfl_dn_2: 0.4320 (0.4316)
Test:  [ 0/69]  eta: 0:01:22    time: 1.1926  data: 0.6661  max mem: 11522
Test:  [10/69]  eta: 0:00:36    time: 0.6175  data: 0.0801  max mem: 11522
Test:  [20/69]  eta: 0:00:31    time: 0.6260  data: 0.0218  max mem: 11522
Test:  [30/69]  eta: 0:00:23    time: 0.6023  data: 0.0223  max mem: 11522
Test:  [40/69]  eta: 0:00:16    time: 0.5008  data: 0.0224  max mem: 11522
Test:  [50/69]  eta: 0:00:10    time: 0.4609  data: 0.0221  max mem: 11522
Test:  [60/69]  eta: 0:00:04    time: 0.4238  data: 0.0216  max mem: 11522
Test:  [68/69]  eta: 0:00:00    time: 0.4412  data: 0.0197  max mem: 11522
Test: Total time: 0:00:36 (0.5248 s / it)
Averaged stats: 
Accumulating evaluation results...
DONE (t=2.01s).
IoU metric: bbox
 Average Precision  (AP) @[ IoU=0.50:0.95 | area=   all | maxDets=100 ] = 0.226
 Average Precision  (AP) @[ IoU=0.50      | area=   all | maxDets=100 ] = 0.379
 Average Precision  (AP) @[ IoU=0.75      | area=   all | maxDets=100 ] = 0.230
 Average Precision  (AP) @[ IoU=0.50:0.95 | area= small | maxDets=100 ] = 0.139
 Average Precision  (AP) @[ IoU=0.50:0.95 | area=medium | maxDets=100 ] = 0.322
 Average Precision  (AP) @[ IoU=0.50:0.95 | area= large | maxDets=100 ] = 0.459
 Average Recall     (AR) @[ IoU=0.50:0.95 | area=   all | maxDets=  1 ] = 0.100
 Average Recall     (AR) @[ IoU=0.50:0.95 | area=   all | maxDets= 10 ] = 0.281
 Average Recall     (AR) @[ IoU=0.50:0.95 | area=   all | maxDets=100 ] = 0.378
 Average Recall     (AR) @[ IoU=0.50:0.95 | area= small | maxDets=100 ] = 0.282
 Average Recall     (AR) @[ IoU=0.50:0.95 | area=medium | maxDets=100 ] = 0.504
 Average Recall     (AR) @[ IoU=0.50:0.95 | area= large | maxDets=100 ] = 0.639
best_stat:  {'epoch': 70, 'coco_eval_bbox': 0.22645796535648452}
Epoch: [72]  [  0/809]  eta: 1:31:54  lr: 0.000100  loss: 9.2496 (9.2496)  loss_bbox: 0.0581 (0.0581)  loss_bbox_aux_0: 0.0614 (0.0614)  loss_bbox_aux_1: 0.0588 (0.0588)  loss_bbox_aux_2: 0.0849 (0.0849)  loss_bbox_dn_0: 0.0510 (0.0510)  loss_bbox_dn_1: 0.0425 (0.0425)  loss_bbox_dn_2: 0.0416 (0.0416)  loss_giou: 0.8044 (0.8044)  loss_giou_aux_0: 0.8178 (0.8178)  loss_giou_aux_1: 0.8099 (0.8099)  loss_giou_aux_2: 0.9557 (0.9557)  loss_giou_dn_0: 0.6931 (0.6931)  loss_giou_dn_1: 0.6303 (0.6303)  loss_giou_dn_2: 0.6175 (0.6175)  loss_vfl: 0.5565 (0.5565)  loss_vfl_aux_0: 0.5674 (0.5674)  loss_vfl_aux_1: 0.5604 (0.5604)  loss_vfl_aux_2: 0.5133 (0.5133)  loss_vfl_dn_0: 0.4662 (0.4662)  loss_vfl_dn_1: 0.4331 (0.4331)  loss_vfl_dn_2: 0.4258 (0.4258)  time: 6.8168  data: 1.8511  max mem: 11522
Epoch: [72]  [100/809]  eta: 0:12:58  lr: 0.000100  loss: 10.1240 (9.8354)  loss_bbox: 0.0862 (0.0896)  loss_bbox_aux_0: 0.0860 (0.0929)  loss_bbox_aux_1: 0.0870 (0.0902)  loss_bbox_aux_2: 0.1065 (0.1077)  loss_bbox_dn_0: 0.0489 (0.0498)  loss_bbox_dn_1: 0.0388 (0.0409)  loss_bbox_dn_2: 0.0376 (0.0399)  loss_giou: 0.9972 (0.9581)  loss_giou_aux_0: 1.0264 (0.9848)  loss_giou_aux_1: 1.0047 (0.9628)  loss_giou_aux_2: 1.0820 (1.0508)  loss_giou_dn_0: 0.7893 (0.7625)  loss_giou_dn_1: 0.7014 (0.6831)  loss_giou_dn_2: 0.6863 (0.6736)  loss_vfl: 0.4527 (0.4716)  loss_vfl_aux_0: 0.4699 (0.4831)  loss_vfl_aux_1: 0.4603 (0.4787)  loss_vfl_aux_2: 0.4699 (0.4818)  loss_vfl_dn_0: 0.4574 (0.4647)  loss_vfl_dn_1: 0.4389 (0.4376)  loss_vfl_dn_2: 0.4322 (0.4312)  time: 1.0079  data: 0.0281  max mem: 11522
Epoch: [72]  [200/809]  eta: 0:10:44  lr: 0.000100  loss: 9.5996 (9.8832)  loss_bbox: 0.0845 (0.0912)  loss_bbox_aux_0: 0.0852 (0.0960)  loss_bbox_aux_1: 0.0841 (0.0926)  loss_bbox_aux_2: 0.1017 (0.1107)  loss_bbox_dn_0: 0.0543 (0.0511)  loss_bbox_dn_1: 0.0452 (0.0421)  loss_bbox_dn_2: 0.0439 (0.0410)  loss_giou: 0.9041 (0.9604)  loss_giou_aux_0: 0.9285 (0.9858)  loss_giou_aux_1: 0.8998 (0.9652)  loss_giou_aux_2: 0.9920 (1.0540)  loss_giou_dn_0: 0.7336 (0.7658)  loss_giou_dn_1: 0.6539 (0.6873)  loss_giou_dn_2: 0.6447 (0.6777)  loss_vfl: 0.4955 (0.4745)  loss_vfl_aux_0: 0.4996 (0.4876)  loss_vfl_aux_1: 0.4919 (0.4816)  loss_vfl_aux_2: 0.4978 (0.4843)  loss_vfl_dn_0: 0.4673 (0.4646)  loss_vfl_dn_1: 0.4348 (0.4381)  loss_vfl_dn_2: 0.4280 (0.4316)  time: 0.9786  data: 0.0276  max mem: 11522
Epoch: [72]  [300/809]  eta: 0:08:53  lr: 0.000100  loss: 9.6422 (9.8889)  loss_bbox: 0.0731 (0.0910)  loss_bbox_aux_0: 0.0757 (0.0960)  loss_bbox_aux_1: 0.0739 (0.0927)  loss_bbox_aux_2: 0.0864 (0.1105)  loss_bbox_dn_0: 0.0479 (0.0510)  loss_bbox_dn_1: 0.0383 (0.0419)  loss_bbox_dn_2: 0.0370 (0.0408)  loss_giou: 0.8916 (0.9611)  loss_giou_aux_0: 0.9118 (0.9867)  loss_giou_aux_1: 0.8932 (0.9659)  loss_giou_aux_2: 0.9897 (1.0546)  loss_giou_dn_0: 0.7592 (0.7669)  loss_giou_dn_1: 0.6818 (0.6878)  loss_giou_dn_2: 0.6735 (0.6781)  loss_vfl: 0.5092 (0.4745)  loss_vfl_aux_0: 0.5241 (0.4880)  loss_vfl_aux_1: 0.5253 (0.4823)  loss_vfl_aux_2: 0.5127 (0.4852)  loss_vfl_dn_0: 0.4690 (0.4646)  loss_vfl_dn_1: 0.4394 (0.4380)  loss_vfl_dn_2: 0.4335 (0.4313)  time: 1.0215  data: 0.0276  max mem: 11522
Epoch: [72]  [400/809]  eta: 0:07:06  lr: 0.000100  loss: 9.9676 (9.8764)  loss_bbox: 0.0809 (0.0901)  loss_bbox_aux_0: 0.0841 (0.0952)  loss_bbox_aux_1: 0.0820 (0.0917)  loss_bbox_aux_2: 0.1016 (0.1095)  loss_bbox_dn_0: 0.0515 (0.0516)  loss_bbox_dn_1: 0.0439 (0.0423)  loss_bbox_dn_2: 0.0432 (0.0412)  loss_giou: 0.9229 (0.9558)  loss_giou_aux_0: 0.9464 (0.9810)  loss_giou_aux_1: 0.9245 (0.9602)  loss_giou_aux_2: 1.0286 (1.0503)  loss_giou_dn_0: 0.7672 (0.7658)  loss_giou_dn_1: 0.6905 (0.6872)  loss_giou_dn_2: 0.6842 (0.6773)  loss_vfl: 0.4943 (0.4781)  loss_vfl_aux_0: 0.5106 (0.4913)  loss_vfl_aux_1: 0.4976 (0.4854)  loss_vfl_aux_2: 0.4969 (0.4880)  loss_vfl_dn_0: 0.4643 (0.4646)  loss_vfl_dn_1: 0.4329 (0.4381)  loss_vfl_dn_2: 0.4245 (0.4316)  time: 1.0130  data: 0.0311  max mem: 11522
Epoch: [72]  [500/809]  eta: 0:05:21  lr: 0.000100  loss: 9.6568 (9.8586)  loss_bbox: 0.0742 (0.0883)  loss_bbox_aux_0: 0.0749 (0.0934)  loss_bbox_aux_1: 0.0735 (0.0897)  loss_bbox_aux_2: 0.0885 (0.1080)  loss_bbox_dn_0: 0.0508 (0.0518)  loss_bbox_dn_1: 0.0422 (0.0425)  loss_bbox_dn_2: 0.0405 (0.0413)  loss_giou: 0.9225 (0.9529)  loss_giou_aux_0: 0.9474 (0.9779)  loss_giou_aux_1: 0.9284 (0.9564)  loss_giou_aux_2: 1.0114 (1.0476)  loss_giou_dn_0: 0.7569 (0.7639)  loss_giou_dn_1: 0.6863 (0.6855)  loss_giou_dn_2: 0.6803 (0.6757)  loss_vfl: 0.4782 (0.4797)  loss_vfl_aux_0: 0.4952 (0.4930)  loss_vfl_aux_1: 0.5015 (0.4872)  loss_vfl_aux_2: 0.4870 (0.4891)  loss_vfl_dn_0: 0.4592 (0.4650)  loss_vfl_dn_1: 0.4373 (0.4382)  loss_vfl_dn_2: 0.4296 (0.4316)  time: 1.0114  data: 0.0272  max mem: 11522
Epoch: [72]  [600/809]  eta: 0:03:37  lr: 0.000100  loss: 9.6255 (9.8532)  loss_bbox: 0.0693 (0.0876)  loss_bbox_aux_0: 0.0726 (0.0926)  loss_bbox_aux_1: 0.0710 (0.0890)  loss_bbox_aux_2: 0.0853 (0.1071)  loss_bbox_dn_0: 0.0529 (0.0520)  loss_bbox_dn_1: 0.0436 (0.0427)  loss_bbox_dn_2: 0.0424 (0.0416)  loss_giou: 0.8749 (0.9502)  loss_giou_aux_0: 0.8975 (0.9754)  loss_giou_aux_1: 0.8680 (0.9541)  loss_giou_aux_2: 0.9617 (1.0450)  loss_giou_dn_0: 0.7570 (0.7635)  loss_giou_dn_1: 0.6821 (0.6851)  loss_giou_dn_2: 0.6626 (0.6755)  loss_vfl: 0.4904 (0.4816)  loss_vfl_aux_0: 0.5072 (0.4951)  loss_vfl_aux_1: 0.5040 (0.4891)  loss_vfl_aux_2: 0.5076 (0.4909)  loss_vfl_dn_0: 0.4634 (0.4652)  loss_vfl_dn_1: 0.4326 (0.4383)  loss_vfl_dn_2: 0.4273 (0.4317)  time: 0.9841  data: 0.0250  max mem: 11522
Epoch: [72]  [700/809]  eta: 0:01:52  lr: 0.000100  loss: 9.4390 (9.8335)  loss_bbox: 0.0671 (0.0865)  loss_bbox_aux_0: 0.0702 (0.0917)  loss_bbox_aux_1: 0.0698 (0.0879)  loss_bbox_aux_2: 0.0876 (0.1066)  loss_bbox_dn_0: 0.0563 (0.0523)  loss_bbox_dn_1: 0.0447 (0.0428)  loss_bbox_dn_2: 0.0427 (0.0417)  loss_giou: 0.8525 (0.9458)  loss_giou_aux_0: 0.8850 (0.9714)  loss_giou_aux_1: 0.8739 (0.9500)  loss_giou_aux_2: 0.9613 (1.0416)  loss_giou_dn_0: 0.7295 (0.7629)  loss_giou_dn_1: 0.6513 (0.6842)  loss_giou_dn_2: 0.6444 (0.6745)  loss_vfl: 0.4994 (0.4821)  loss_vfl_aux_0: 0.5209 (0.4958)  loss_vfl_aux_1: 0.5090 (0.4896)  loss_vfl_aux_2: 0.5109 (0.4916)  loss_vfl_dn_0: 0.4656 (0.4651)  loss_vfl_dn_1: 0.4342 (0.4379)  loss_vfl_dn_2: 0.4298 (0.4313)  time: 0.9907  data: 0.0283  max mem: 11522
Epoch: [72]  [800/809]  eta: 0:00:09  lr: 0.000100  loss: 9.9228 (9.8457)  loss_bbox: 0.0705 (0.0863)  loss_bbox_aux_0: 0.0801 (0.0915)  loss_bbox_aux_1: 0.0734 (0.0877)  loss_bbox_aux_2: 0.0915 (0.1062)  loss_bbox_dn_0: 0.0445 (0.0520)  loss_bbox_dn_1: 0.0373 (0.0426)  loss_bbox_dn_2: 0.0360 (0.0414)  loss_giou: 1.0037 (0.9494)  loss_giou_aux_0: 1.0303 (0.9747)  loss_giou_aux_1: 1.0059 (0.9538)  loss_giou_aux_2: 1.1156 (1.0450)  loss_giou_dn_0: 0.7754 (0.7643)  loss_giou_dn_1: 0.6971 (0.6853)  loss_giou_dn_2: 0.6886 (0.6757)  loss_vfl: 0.4694 (0.4812)  loss_vfl_aux_0: 0.4743 (0.4951)  loss_vfl_aux_1: 0.4642 (0.4886)  loss_vfl_aux_2: 0.4689 (0.4907)  loss_vfl_dn_0: 0.4662 (0.4650)  loss_vfl_dn_1: 0.4385 (0.4379)  loss_vfl_dn_2: 0.4342 (0.4314)  time: 1.0429  data: 0.0263  max mem: 11522
Epoch: [72]  [808/809]  eta: 0:00:01  lr: 0.000100  loss: 9.9981 (9.8473)  loss_bbox: 0.0797 (0.0862)  loss_bbox_aux_0: 0.0812 (0.0914)  loss_bbox_aux_1: 0.0801 (0.0876)  loss_bbox_aux_2: 0.0973 (0.1061)  loss_bbox_dn_0: 0.0467 (0.0520)  loss_bbox_dn_1: 0.0405 (0.0426)  loss_bbox_dn_2: 0.0394 (0.0414)  loss_giou: 1.0020 (0.9496)  loss_giou_aux_0: 1.0152 (0.9749)  loss_giou_aux_1: 1.0059 (0.9540)  loss_giou_aux_2: 1.0851 (1.0452)  loss_giou_dn_0: 0.7962 (0.7644)  loss_giou_dn_1: 0.7188 (0.6855)  loss_giou_dn_2: 0.7154 (0.6759)  loss_vfl: 0.4665 (0.4814)  loss_vfl_aux_0: 0.4780 (0.4952)  loss_vfl_aux_1: 0.4794 (0.4887)  loss_vfl_aux_2: 0.4668 (0.4907)  loss_vfl_dn_0: 0.4595 (0.4650)  loss_vfl_dn_1: 0.4346 (0.4379)  loss_vfl_dn_2: 0.4315 (0.4314)  time: 0.9008  data: 0.0250  max mem: 11522
Epoch: [72] Total time: 0:13:55 (1.0332 s / it)
Averaged stats: lr: 0.000100  loss: 9.9981 (9.8473)  loss_bbox: 0.0797 (0.0862)  loss_bbox_aux_0: 0.0812 (0.0914)  loss_bbox_aux_1: 0.0801 (0.0876)  loss_bbox_aux_2: 0.0973 (0.1061)  loss_bbox_dn_0: 0.0467 (0.0520)  loss_bbox_dn_1: 0.0405 (0.0426)  loss_bbox_dn_2: 0.0394 (0.0414)  loss_giou: 1.0020 (0.9496)  loss_giou_aux_0: 1.0152 (0.9749)  loss_giou_aux_1: 1.0059 (0.9540)  loss_giou_aux_2: 1.0851 (1.0452)  loss_giou_dn_0: 0.7962 (0.7644)  loss_giou_dn_1: 0.7188 (0.6855)  loss_giou_dn_2: 0.7154 (0.6759)  loss_vfl: 0.4665 (0.4814)  loss_vfl_aux_0: 0.4780 (0.4952)  loss_vfl_aux_1: 0.4794 (0.4887)  loss_vfl_aux_2: 0.4668 (0.4907)  loss_vfl_dn_0: 0.4595 (0.4650)  loss_vfl_dn_1: 0.4346 (0.4379)  loss_vfl_dn_2: 0.4315 (0.4314)
Test:  [ 0/69]  eta: 0:01:12    time: 1.0477  data: 0.6108  max mem: 11522
Test:  [10/69]  eta: 0:00:35    time: 0.6013  data: 0.0749  max mem: 11522
Test:  [20/69]  eta: 0:00:28    time: 0.5633  data: 0.0216  max mem: 11522
Test:  [30/69]  eta: 0:00:22    time: 0.5816  data: 0.0213  max mem: 11522
Test:  [40/69]  eta: 0:00:16    time: 0.5472  data: 0.0216  max mem: 11522
Test:  [50/69]  eta: 0:00:10    time: 0.4699  data: 0.0229  max mem: 11522
Test:  [60/69]  eta: 0:00:04    time: 0.4347  data: 0.0233  max mem: 11522
Test:  [68/69]  eta: 0:00:00    time: 0.4408  data: 0.0230  max mem: 11522
Test: Total time: 0:00:35 (0.5182 s / it)
Averaged stats: 
Accumulating evaluation results...
DONE (t=1.96s).
IoU metric: bbox
 Average Precision  (AP) @[ IoU=0.50:0.95 | area=   all | maxDets=100 ] = 0.228
 Average Precision  (AP) @[ IoU=0.50      | area=   all | maxDets=100 ] = 0.381
 Average Precision  (AP) @[ IoU=0.75      | area=   all | maxDets=100 ] = 0.232
 Average Precision  (AP) @[ IoU=0.50:0.95 | area= small | maxDets=100 ] = 0.140
 Average Precision  (AP) @[ IoU=0.50:0.95 | area=medium | maxDets=100 ] = 0.323
 Average Precision  (AP) @[ IoU=0.50:0.95 | area= large | maxDets=100 ] = 0.457
 Average Recall     (AR) @[ IoU=0.50:0.95 | area=   all | maxDets=  1 ] = 0.101
 Average Recall     (AR) @[ IoU=0.50:0.95 | area=   all | maxDets= 10 ] = 0.281
 Average Recall     (AR) @[ IoU=0.50:0.95 | area=   all | maxDets=100 ] = 0.379
 Average Recall     (AR) @[ IoU=0.50:0.95 | area= small | maxDets=100 ] = 0.284
 Average Recall     (AR) @[ IoU=0.50:0.95 | area=medium | maxDets=100 ] = 0.505
 Average Recall     (AR) @[ IoU=0.50:0.95 | area= large | maxDets=100 ] = 0.635
best_stat:  {'epoch': 72, 'coco_eval_bbox': 0.22808662076782568}
Epoch: [73]  [  0/809]  eta: 1:27:41  lr: 0.000100  loss: 11.5470 (11.5470)  loss_bbox: 0.1033 (0.1033)  loss_bbox_aux_0: 0.1107 (0.1107)  loss_bbox_aux_1: 0.1027 (0.1027)  loss_bbox_aux_2: 0.1432 (0.1432)  loss_bbox_dn_0: 0.0358 (0.0358)  loss_bbox_dn_1: 0.0305 (0.0305)  loss_bbox_dn_2: 0.0298 (0.0298)  loss_giou: 1.3455 (1.3455)  loss_giou_aux_0: 1.3762 (1.3762)  loss_giou_aux_1: 1.3547 (1.3547)  loss_giou_aux_2: 1.4583 (1.4583)  loss_giou_dn_0: 0.9499 (0.9499)  loss_giou_dn_1: 0.8680 (0.8680)  loss_giou_dn_2: 0.8585 (0.8585)  loss_vfl: 0.3611 (0.3611)  loss_vfl_aux_0: 0.3589 (0.3589)  loss_vfl_aux_1: 0.3629 (0.3629)  loss_vfl_aux_2: 0.3329 (0.3329)  loss_vfl_dn_0: 0.4702 (0.4702)  loss_vfl_dn_1: 0.4482 (0.4482)  loss_vfl_dn_2: 0.4457 (0.4457)  time: 6.5035  data: 3.9129  max mem: 11522
Epoch: [73]  [100/809]  eta: 0:12:52  lr: 0.000100  loss: 9.8610 (9.8444)  loss_bbox: 0.0727 (0.0857)  loss_bbox_aux_0: 0.0773 (0.0921)  loss_bbox_aux_1: 0.0735 (0.0877)  loss_bbox_aux_2: 0.0908 (0.1089)  loss_bbox_dn_0: 0.0509 (0.0550)  loss_bbox_dn_1: 0.0399 (0.0448)  loss_bbox_dn_2: 0.0381 (0.0435)  loss_giou: 0.8935 (0.9461)  loss_giou_aux_0: 0.9413 (0.9726)  loss_giou_aux_1: 0.9017 (0.9514)  loss_giou_aux_2: 0.9967 (1.0384)  loss_giou_dn_0: 0.7603 (0.7707)  loss_giou_dn_1: 0.6995 (0.6899)  loss_giou_dn_2: 0.6851 (0.6805)  loss_vfl: 0.4685 (0.4791)  loss_vfl_aux_0: 0.4896 (0.4914)  loss_vfl_aux_1: 0.4816 (0.4855)  loss_vfl_aux_2: 0.4893 (0.4888)  loss_vfl_dn_0: 0.4608 (0.4645)  loss_vfl_dn_1: 0.4399 (0.4372)  loss_vfl_dn_2: 0.4322 (0.4305)  time: 1.0222  data: 0.0289  max mem: 11522
Epoch: [73]  [200/809]  eta: 0:10:48  lr: 0.000100  loss: 9.5345 (9.8304)  loss_bbox: 0.0726 (0.0814)  loss_bbox_aux_0: 0.0772 (0.0873)  loss_bbox_aux_1: 0.0743 (0.0833)  loss_bbox_aux_2: 0.0893 (0.1034)  loss_bbox_dn_0: 0.0502 (0.0528)  loss_bbox_dn_1: 0.0400 (0.0432)  loss_bbox_dn_2: 0.0389 (0.0420)  loss_giou: 0.9020 (0.9463)  loss_giou_aux_0: 0.9289 (0.9720)  loss_giou_aux_1: 0.8959 (0.9521)  loss_giou_aux_2: 1.0073 (1.0408)  loss_giou_dn_0: 0.7489 (0.7685)  loss_giou_dn_1: 0.6545 (0.6889)  loss_giou_dn_2: 0.6452 (0.6792)  loss_vfl: 0.4902 (0.4821)  loss_vfl_aux_0: 0.5023 (0.4947)  loss_vfl_aux_1: 0.4919 (0.4886)  loss_vfl_aux_2: 0.5018 (0.4901)  loss_vfl_dn_0: 0.4626 (0.4646)  loss_vfl_dn_1: 0.4404 (0.4376)  loss_vfl_dn_2: 0.4327 (0.4313)  time: 1.0613  data: 0.0316  max mem: 11522
Epoch: [73]  [300/809]  eta: 0:08:56  lr: 0.000100  loss: 9.4855 (9.8455)  loss_bbox: 0.0745 (0.0830)  loss_bbox_aux_0: 0.0815 (0.0888)  loss_bbox_aux_1: 0.0780 (0.0848)  loss_bbox_aux_2: 0.0991 (0.1045)  loss_bbox_dn_0: 0.0554 (0.0528)  loss_bbox_dn_1: 0.0448 (0.0432)  loss_bbox_dn_2: 0.0436 (0.0420)  loss_giou: 0.8770 (0.9518)  loss_giou_aux_0: 0.9147 (0.9770)  loss_giou_aux_1: 0.8790 (0.9577)  loss_giou_aux_2: 0.9787 (1.0466)  loss_giou_dn_0: 0.7863 (0.7691)  loss_giou_dn_1: 0.6947 (0.6894)  loss_giou_dn_2: 0.6789 (0.6797)  loss_vfl: 0.4688 (0.4791)  loss_vfl_aux_0: 0.4836 (0.4921)  loss_vfl_aux_1: 0.4757 (0.4860)  loss_vfl_aux_2: 0.4808 (0.4872)  loss_vfl_dn_0: 0.4546 (0.4635)  loss_vfl_dn_1: 0.4284 (0.4368)  loss_vfl_dn_2: 0.4213 (0.4305)  time: 1.0000  data: 0.0269  max mem: 11522
Epoch: [73]  [400/809]  eta: 0:07:07  lr: 0.000100  loss: 10.1683 (9.8407)  loss_bbox: 0.0753 (0.0823)  loss_bbox_aux_0: 0.0788 (0.0881)  loss_bbox_aux_1: 0.0763 (0.0840)  loss_bbox_aux_2: 0.0959 (0.1036)  loss_bbox_dn_0: 0.0484 (0.0530)  loss_bbox_dn_1: 0.0406 (0.0432)  loss_bbox_dn_2: 0.0397 (0.0421)  loss_giou: 1.0387 (0.9486)  loss_giou_aux_0: 1.0477 (0.9740)  loss_giou_aux_1: 1.0413 (0.9542)  loss_giou_aux_2: 1.1055 (1.0435)  loss_giou_dn_0: 0.8095 (0.7695)  loss_giou_dn_1: 0.7188 (0.6893)  loss_giou_dn_2: 0.7156 (0.6796)  loss_vfl: 0.4825 (0.4814)  loss_vfl_aux_0: 0.4883 (0.4941)  loss_vfl_aux_1: 0.4904 (0.4882)  loss_vfl_aux_2: 0.4768 (0.4897)  loss_vfl_dn_0: 0.4616 (0.4639)  loss_vfl_dn_1: 0.4395 (0.4375)  loss_vfl_dn_2: 0.4340 (0.4310)  time: 0.9488  data: 0.0281  max mem: 11522
Epoch: [73]  [500/809]  eta: 0:05:22  lr: 0.000100  loss: 9.7682 (9.8591)  loss_bbox: 0.0749 (0.0834)  loss_bbox_aux_0: 0.0766 (0.0894)  loss_bbox_aux_1: 0.0733 (0.0852)  loss_bbox_aux_2: 0.0923 (0.1047)  loss_bbox_dn_0: 0.0491 (0.0525)  loss_bbox_dn_1: 0.0390 (0.0429)  loss_bbox_dn_2: 0.0375 (0.0417)  loss_giou: 0.9502 (0.9527)  loss_giou_aux_0: 0.9696 (0.9779)  loss_giou_aux_1: 0.9582 (0.9581)  loss_giou_aux_2: 1.0332 (1.0483)  loss_giou_dn_0: 0.7675 (0.7704)  loss_giou_dn_1: 0.6956 (0.6903)  loss_giou_dn_2: 0.6857 (0.6807)  loss_vfl: 0.4786 (0.4803)  loss_vfl_aux_0: 0.4932 (0.4928)  loss_vfl_aux_1: 0.4847 (0.4871)  loss_vfl_aux_2: 0.4840 (0.4882)  loss_vfl_dn_0: 0.4664 (0.4640)  loss_vfl_dn_1: 0.4420 (0.4375)  loss_vfl_dn_2: 0.4364 (0.4310)  time: 1.0191  data: 0.0307  max mem: 11522
Epoch: [73]  [600/809]  eta: 0:03:37  lr: 0.000100  loss: 9.6700 (9.8473)  loss_bbox: 0.0691 (0.0832)  loss_bbox_aux_0: 0.0738 (0.0891)  loss_bbox_aux_1: 0.0724 (0.0850)  loss_bbox_aux_2: 0.0885 (0.1041)  loss_bbox_dn_0: 0.0513 (0.0526)  loss_bbox_dn_1: 0.0417 (0.0429)  loss_bbox_dn_2: 0.0404 (0.0418)  loss_giou: 0.9418 (0.9492)  loss_giou_aux_0: 0.9671 (0.9747)  loss_giou_aux_1: 0.9463 (0.9546)  loss_giou_aux_2: 1.0299 (1.0448)  loss_giou_dn_0: 0.7626 (0.7696)  loss_giou_dn_1: 0.6968 (0.6894)  loss_giou_dn_2: 0.6853 (0.6798)  loss_vfl: 0.4761 (0.4815)  loss_vfl_aux_0: 0.4857 (0.4942)  loss_vfl_aux_1: 0.4852 (0.4885)  loss_vfl_aux_2: 0.4886 (0.4895)  loss_vfl_dn_0: 0.4648 (0.4641)  loss_vfl_dn_1: 0.4412 (0.4376)  loss_vfl_dn_2: 0.4325 (0.4311)  time: 1.0527  data: 0.0277  max mem: 11522
Epoch: [73]  [700/809]  eta: 0:01:52  lr: 0.000100  loss: 10.0432 (9.8429)  loss_bbox: 0.0797 (0.0833)  loss_bbox_aux_0: 0.0836 (0.0891)  loss_bbox_aux_1: 0.0836 (0.0851)  loss_bbox_aux_2: 0.0935 (0.1041)  loss_bbox_dn_0: 0.0452 (0.0527)  loss_bbox_dn_1: 0.0379 (0.0430)  loss_bbox_dn_2: 0.0367 (0.0418)  loss_giou: 0.9869 (0.9476)  loss_giou_aux_0: 1.0073 (0.9734)  loss_giou_aux_1: 0.9887 (0.9532)  loss_giou_aux_2: 1.0747 (1.0438)  loss_giou_dn_0: 0.7997 (0.7687)  loss_giou_dn_1: 0.7202 (0.6886)  loss_giou_dn_2: 0.7071 (0.6789)  loss_vfl: 0.4893 (0.4823)  loss_vfl_aux_0: 0.4996 (0.4950)  loss_vfl_aux_1: 0.4995 (0.4892)  loss_vfl_aux_2: 0.4832 (0.4902)  loss_vfl_dn_0: 0.4668 (0.4643)  loss_vfl_dn_1: 0.4435 (0.4377)  loss_vfl_dn_2: 0.4349 (0.4310)  time: 0.9763  data: 0.0285  max mem: 11522
Epoch: [73]  [800/809]  eta: 0:00:09  lr: 0.000100  loss: 9.6149 (9.8271)  loss_bbox: 0.0734 (0.0831)  loss_bbox_aux_0: 0.0767 (0.0889)  loss_bbox_aux_1: 0.0735 (0.0849)  loss_bbox_aux_2: 0.0958 (0.1037)  loss_bbox_dn_0: 0.0524 (0.0527)  loss_bbox_dn_1: 0.0445 (0.0430)  loss_bbox_dn_2: 0.0440 (0.0418)  loss_giou: 0.8894 (0.9439)  loss_giou_aux_0: 0.9226 (0.9699)  loss_giou_aux_1: 0.8927 (0.9495)  loss_giou_aux_2: 0.9854 (1.0402)  loss_giou_dn_0: 0.7597 (0.7662)  loss_giou_dn_1: 0.6767 (0.6863)  loss_giou_dn_2: 0.6647 (0.6766)  loss_vfl: 0.4979 (0.4838)  loss_vfl_aux_0: 0.5099 (0.4965)  loss_vfl_aux_1: 0.5075 (0.4908)  loss_vfl_aux_2: 0.4972 (0.4919)  loss_vfl_dn_0: 0.4655 (0.4646)  loss_vfl_dn_1: 0.4437 (0.4378)  loss_vfl_dn_2: 0.4377 (0.4312)  time: 1.0044  data: 0.0295  max mem: 11522
Epoch: [73]  [808/809]  eta: 0:00:01  lr: 0.000100  loss: 9.7006 (9.8326)  loss_bbox: 0.0796 (0.0833)  loss_bbox_aux_0: 0.0825 (0.0892)  loss_bbox_aux_1: 0.0803 (0.0851)  loss_bbox_aux_2: 0.1034 (0.1040)  loss_bbox_dn_0: 0.0514 (0.0526)  loss_bbox_dn_1: 0.0416 (0.0430)  loss_bbox_dn_2: 0.0394 (0.0418)  loss_giou: 0.8997 (0.9453)  loss_giou_aux_0: 0.9430 (0.9713)  loss_giou_aux_1: 0.9026 (0.9509)  loss_giou_aux_2: 0.9911 (1.0415)  loss_giou_dn_0: 0.7597 (0.7666)  loss_giou_dn_1: 0.6751 (0.6867)  loss_giou_dn_2: 0.6630 (0.6770)  loss_vfl: 0.4774 (0.4832)  loss_vfl_aux_0: 0.4934 (0.4959)  loss_vfl_aux_1: 0.4856 (0.4903)  loss_vfl_aux_2: 0.4972 (0.4913)  loss_vfl_dn_0: 0.4651 (0.4645)  loss_vfl_dn_1: 0.4416 (0.4378)  loss_vfl_dn_2: 0.4351 (0.4312)  time: 0.8727  data: 0.0249  max mem: 11522
Epoch: [73] Total time: 0:13:53 (1.0299 s / it)
Averaged stats: lr: 0.000100  loss: 9.7006 (9.8326)  loss_bbox: 0.0796 (0.0833)  loss_bbox_aux_0: 0.0825 (0.0892)  loss_bbox_aux_1: 0.0803 (0.0851)  loss_bbox_aux_2: 0.1034 (0.1040)  loss_bbox_dn_0: 0.0514 (0.0526)  loss_bbox_dn_1: 0.0416 (0.0430)  loss_bbox_dn_2: 0.0394 (0.0418)  loss_giou: 0.8997 (0.9453)  loss_giou_aux_0: 0.9430 (0.9713)  loss_giou_aux_1: 0.9026 (0.9509)  loss_giou_aux_2: 0.9911 (1.0415)  loss_giou_dn_0: 0.7597 (0.7666)  loss_giou_dn_1: 0.6751 (0.6867)  loss_giou_dn_2: 0.6630 (0.6770)  loss_vfl: 0.4774 (0.4832)  loss_vfl_aux_0: 0.4934 (0.4959)  loss_vfl_aux_1: 0.4856 (0.4903)  loss_vfl_aux_2: 0.4972 (0.4913)  loss_vfl_dn_0: 0.4651 (0.4645)  loss_vfl_dn_1: 0.4416 (0.4378)  loss_vfl_dn_2: 0.4351 (0.4312)
Test:  [ 0/69]  eta: 0:01:21    time: 1.1768  data: 0.6072  max mem: 11522
Test:  [10/69]  eta: 0:00:34    time: 0.5926  data: 0.0744  max mem: 11522
Test:  [20/69]  eta: 0:00:28    time: 0.5469  data: 0.0213  max mem: 11522
Test:  [30/69]  eta: 0:00:22    time: 0.5590  data: 0.0214  max mem: 11522
Test:  [40/69]  eta: 0:00:15    time: 0.5110  data: 0.0214  max mem: 11522
Test:  [50/69]  eta: 0:00:09    time: 0.4483  data: 0.0215  max mem: 11522
Test:  [60/69]  eta: 0:00:04    time: 0.4325  data: 0.0217  max mem: 11522
Test:  [68/69]  eta: 0:00:00    time: 0.4446  data: 0.0200  max mem: 11522
Test: Total time: 0:00:34 (0.5047 s / it)
Averaged stats: 
Accumulating evaluation results...
DONE (t=1.98s).
IoU metric: bbox
 Average Precision  (AP) @[ IoU=0.50:0.95 | area=   all | maxDets=100 ] = 0.229
 Average Precision  (AP) @[ IoU=0.50      | area=   all | maxDets=100 ] = 0.382
 Average Precision  (AP) @[ IoU=0.75      | area=   all | maxDets=100 ] = 0.232
 Average Precision  (AP) @[ IoU=0.50:0.95 | area= small | maxDets=100 ] = 0.140
 Average Precision  (AP) @[ IoU=0.50:0.95 | area=medium | maxDets=100 ] = 0.323
 Average Precision  (AP) @[ IoU=0.50:0.95 | area= large | maxDets=100 ] = 0.457
 Average Recall     (AR) @[ IoU=0.50:0.95 | area=   all | maxDets=  1 ] = 0.101
 Average Recall     (AR) @[ IoU=0.50:0.95 | area=   all | maxDets= 10 ] = 0.282
 Average Recall     (AR) @[ IoU=0.50:0.95 | area=   all | maxDets=100 ] = 0.380
 Average Recall     (AR) @[ IoU=0.50:0.95 | area= small | maxDets=100 ] = 0.285
 Average Recall     (AR) @[ IoU=0.50:0.95 | area=medium | maxDets=100 ] = 0.506
 Average Recall     (AR) @[ IoU=0.50:0.95 | area= large | maxDets=100 ] = 0.632
best_stat:  {'epoch': 73, 'coco_eval_bbox': 0.22853958561879442}
Epoch: [74]  [  0/809]  eta: 1:23:09  lr: 0.000100  loss: 9.6978 (9.6978)  loss_bbox: 0.0738 (0.0738)  loss_bbox_aux_0: 0.0820 (0.0820)  loss_bbox_aux_1: 0.0777 (0.0777)  loss_bbox_aux_2: 0.0967 (0.0967)  loss_bbox_dn_0: 0.0692 (0.0692)  loss_bbox_dn_1: 0.0587 (0.0587)  loss_bbox_dn_2: 0.0571 (0.0571)  loss_giou: 0.7929 (0.7929)  loss_giou_aux_0: 0.8616 (0.8616)  loss_giou_aux_1: 0.7863 (0.7863)  loss_giou_aux_2: 0.9420 (0.9420)  loss_giou_dn_0: 0.7486 (0.7486)  loss_giou_dn_1: 0.6803 (0.6803)  loss_giou_dn_2: 0.6699 (0.6699)  loss_vfl: 0.5823 (0.5823)  loss_vfl_aux_0: 0.5899 (0.5899)  loss_vfl_aux_1: 0.5943 (0.5943)  loss_vfl_aux_2: 0.5749 (0.5749)  loss_vfl_dn_0: 0.4739 (0.4739)  loss_vfl_dn_1: 0.4452 (0.4452)  loss_vfl_dn_2: 0.4407 (0.4407)  time: 6.1674  data: 3.5682  max mem: 11522
Epoch: [74]  [100/809]  eta: 0:12:59  lr: 0.000100  loss: 9.6189 (9.7562)  loss_bbox: 0.0783 (0.0772)  loss_bbox_aux_0: 0.0834 (0.0837)  loss_bbox_aux_1: 0.0793 (0.0790)  loss_bbox_aux_2: 0.0999 (0.0982)  loss_bbox_dn_0: 0.0522 (0.0519)  loss_bbox_dn_1: 0.0421 (0.0427)  loss_bbox_dn_2: 0.0414 (0.0416)  loss_giou: 0.9056 (0.9240)  loss_giou_aux_0: 0.9287 (0.9566)  loss_giou_aux_1: 0.9136 (0.9303)  loss_giou_aux_2: 1.0044 (1.0238)  loss_giou_dn_0: 0.7379 (0.7574)  loss_giou_dn_1: 0.6517 (0.6805)  loss_giou_dn_2: 0.6401 (0.6710)  loss_vfl: 0.4855 (0.4925)  loss_vfl_aux_0: 0.4922 (0.5065)  loss_vfl_aux_1: 0.4917 (0.5013)  loss_vfl_aux_2: 0.4815 (0.4982)  loss_vfl_dn_0: 0.4673 (0.4679)  loss_vfl_dn_1: 0.4423 (0.4392)  loss_vfl_dn_2: 0.4330 (0.4325)  time: 0.9888  data: 0.0290  max mem: 11522
Epoch: [74]  [200/809]  eta: 0:10:47  lr: 0.000100  loss: 9.8021 (9.7847)  loss_bbox: 0.0746 (0.0815)  loss_bbox_aux_0: 0.0791 (0.0875)  loss_bbox_aux_1: 0.0763 (0.0832)  loss_bbox_aux_2: 0.0923 (0.1021)  loss_bbox_dn_0: 0.0473 (0.0514)  loss_bbox_dn_1: 0.0401 (0.0421)  loss_bbox_dn_2: 0.0388 (0.0410)  loss_giou: 0.9317 (0.9353)  loss_giou_aux_0: 0.9501 (0.9666)  loss_giou_aux_1: 0.9250 (0.9430)  loss_giou_aux_2: 1.0366 (1.0366)  loss_giou_dn_0: 0.7718 (0.7597)  loss_giou_dn_1: 0.6791 (0.6815)  loss_giou_dn_2: 0.6703 (0.6718)  loss_vfl: 0.4731 (0.4839)  loss_vfl_aux_0: 0.4833 (0.4985)  loss_vfl_aux_1: 0.4777 (0.4918)  loss_vfl_aux_2: 0.4855 (0.4927)  loss_vfl_dn_0: 0.4598 (0.4656)  loss_vfl_dn_1: 0.4366 (0.4378)  loss_vfl_dn_2: 0.4283 (0.4310)  time: 1.0499  data: 0.0287  max mem: 11522
Epoch: [74]  [300/809]  eta: 0:08:53  lr: 0.000100  loss: 9.5653 (9.7927)  loss_bbox: 0.0759 (0.0832)  loss_bbox_aux_0: 0.0765 (0.0890)  loss_bbox_aux_1: 0.0784 (0.0849)  loss_bbox_aux_2: 0.0917 (0.1035)  loss_bbox_dn_0: 0.0546 (0.0518)  loss_bbox_dn_1: 0.0438 (0.0426)  loss_bbox_dn_2: 0.0409 (0.0414)  loss_giou: 0.8659 (0.9363)  loss_giou_aux_0: 0.9131 (0.9667)  loss_giou_aux_1: 0.8713 (0.9432)  loss_giou_aux_2: 0.9787 (1.0350)  loss_giou_dn_0: 0.7569 (0.7603)  loss_giou_dn_1: 0.6717 (0.6823)  loss_giou_dn_2: 0.6563 (0.6724)  loss_vfl: 0.4967 (0.4835)  loss_vfl_aux_0: 0.5030 (0.4977)  loss_vfl_aux_1: 0.5018 (0.4908)  loss_vfl_aux_2: 0.4953 (0.4929)  loss_vfl_dn_0: 0.4660 (0.4657)  loss_vfl_dn_1: 0.4366 (0.4381)  loss_vfl_dn_2: 0.4335 (0.4314)  time: 0.9799  data: 0.0259  max mem: 11522
Epoch: [74]  [400/809]  eta: 0:07:06  lr: 0.000100  loss: 9.5252 (9.7615)  loss_bbox: 0.0732 (0.0821)  loss_bbox_aux_0: 0.0776 (0.0878)  loss_bbox_aux_1: 0.0741 (0.0837)  loss_bbox_aux_2: 0.0897 (0.1017)  loss_bbox_dn_0: 0.0554 (0.0521)  loss_bbox_dn_1: 0.0461 (0.0427)  loss_bbox_dn_2: 0.0445 (0.0416)  loss_giou: 0.8521 (0.9280)  loss_giou_aux_0: 0.8727 (0.9582)  loss_giou_aux_1: 0.8554 (0.9348)  loss_giou_aux_2: 0.9414 (1.0273)  loss_giou_dn_0: 0.7497 (0.7587)  loss_giou_dn_1: 0.6623 (0.6795)  loss_giou_dn_2: 0.6478 (0.6696)  loss_vfl: 0.4809 (0.4866)  loss_vfl_aux_0: 0.4841 (0.5009)  loss_vfl_aux_1: 0.4826 (0.4943)  loss_vfl_aux_2: 0.4847 (0.4965)  loss_vfl_dn_0: 0.4617 (0.4659)  loss_vfl_dn_1: 0.4356 (0.4382)  loss_vfl_dn_2: 0.4304 (0.4314)  time: 1.0214  data: 0.0253  max mem: 11522
Epoch: [74]  [500/809]  eta: 0:05:20  lr: 0.000100  loss: 9.7248 (9.7402)  loss_bbox: 0.0753 (0.0819)  loss_bbox_aux_0: 0.0829 (0.0876)  loss_bbox_aux_1: 0.0760 (0.0837)  loss_bbox_aux_2: 0.0947 (0.1012)  loss_bbox_dn_0: 0.0508 (0.0524)  loss_bbox_dn_1: 0.0390 (0.0429)  loss_bbox_dn_2: 0.0383 (0.0418)  loss_giou: 0.8858 (0.9227)  loss_giou_aux_0: 0.8915 (0.9532)  loss_giou_aux_1: 0.8959 (0.9300)  loss_giou_aux_2: 0.9745 (1.0223)  loss_giou_dn_0: 0.7620 (0.7560)  loss_giou_dn_1: 0.6859 (0.6765)  loss_giou_dn_2: 0.6798 (0.6664)  loss_vfl: 0.4863 (0.4882)  loss_vfl_aux_0: 0.4922 (0.5026)  loss_vfl_aux_1: 0.4989 (0.4960)  loss_vfl_aux_2: 0.4883 (0.4992)  loss_vfl_dn_0: 0.4648 (0.4661)  loss_vfl_dn_1: 0.4365 (0.4381)  loss_vfl_dn_2: 0.4308 (0.4313)  time: 0.9980  data: 0.0317  max mem: 11522
Epoch: [74]  [600/809]  eta: 0:03:35  lr: 0.000100  loss: 9.5461 (9.7274)  loss_bbox: 0.0762 (0.0818)  loss_bbox_aux_0: 0.0819 (0.0874)  loss_bbox_aux_1: 0.0776 (0.0835)  loss_bbox_aux_2: 0.1037 (0.1013)  loss_bbox_dn_0: 0.0527 (0.0526)  loss_bbox_dn_1: 0.0429 (0.0430)  loss_bbox_dn_2: 0.0415 (0.0419)  loss_giou: 0.9036 (0.9207)  loss_giou_aux_0: 0.9452 (0.9511)  loss_giou_aux_1: 0.9160 (0.9283)  loss_giou_aux_2: 1.0146 (1.0194)  loss_giou_dn_0: 0.7353 (0.7564)  loss_giou_dn_1: 0.6562 (0.6767)  loss_giou_dn_2: 0.6464 (0.6665)  loss_vfl: 0.4891 (0.4870)  loss_vfl_aux_0: 0.5110 (0.5014)  loss_vfl_aux_1: 0.4900 (0.4950)  loss_vfl_aux_2: 0.5172 (0.4983)  loss_vfl_dn_0: 0.4669 (0.4661)  loss_vfl_dn_1: 0.4412 (0.4379)  loss_vfl_dn_2: 0.4338 (0.4312)  time: 1.0254  data: 0.0315  max mem: 11522
Epoch: [74]  [700/809]  eta: 0:01:52  lr: 0.000100  loss: 9.6055 (9.7489)  loss_bbox: 0.0666 (0.0819)  loss_bbox_aux_0: 0.0676 (0.0873)  loss_bbox_aux_1: 0.0674 (0.0837)  loss_bbox_aux_2: 0.0821 (0.1010)  loss_bbox_dn_0: 0.0474 (0.0526)  loss_bbox_dn_1: 0.0387 (0.0430)  loss_bbox_dn_2: 0.0374 (0.0418)  loss_giou: 0.9217 (0.9242)  loss_giou_aux_0: 0.9484 (0.9533)  loss_giou_aux_1: 0.9273 (0.9313)  loss_giou_aux_2: 1.0363 (1.0222)  loss_giou_dn_0: 0.7713 (0.7583)  loss_giou_dn_1: 0.6808 (0.6785)  loss_giou_dn_2: 0.6680 (0.6685)  loss_vfl: 0.4763 (0.4880)  loss_vfl_aux_0: 0.4906 (0.5027)  loss_vfl_aux_1: 0.4873 (0.4960)  loss_vfl_aux_2: 0.4833 (0.4988)  loss_vfl_dn_0: 0.4598 (0.4660)  loss_vfl_dn_1: 0.4346 (0.4381)  loss_vfl_dn_2: 0.4309 (0.4316)  time: 1.0462  data: 0.0290  max mem: 11522
Epoch: [74]  [800/809]  eta: 0:00:09  lr: 0.000100  loss: 9.3765 (9.7543)  loss_bbox: 0.0766 (0.0826)  loss_bbox_aux_0: 0.0801 (0.0878)  loss_bbox_aux_1: 0.0793 (0.0845)  loss_bbox_aux_2: 0.0924 (0.1015)  loss_bbox_dn_0: 0.0473 (0.0526)  loss_bbox_dn_1: 0.0393 (0.0430)  loss_bbox_dn_2: 0.0393 (0.0418)  loss_giou: 0.8500 (0.9265)  loss_giou_aux_0: 0.8594 (0.9549)  loss_giou_aux_1: 0.8458 (0.9335)  loss_giou_aux_2: 0.9409 (1.0243)  loss_giou_dn_0: 0.7273 (0.7583)  loss_giou_dn_1: 0.6654 (0.6789)  loss_giou_dn_2: 0.6521 (0.6689)  loss_vfl: 0.4872 (0.4868)  loss_vfl_aux_0: 0.4990 (0.5017)  loss_vfl_aux_1: 0.4974 (0.4946)  loss_vfl_aux_2: 0.4991 (0.4973)  loss_vfl_dn_0: 0.4688 (0.4658)  loss_vfl_dn_1: 0.4338 (0.4378)  loss_vfl_dn_2: 0.4262 (0.4312)  time: 1.0149  data: 0.0318  max mem: 11522
Epoch: [74]  [808/809]  eta: 0:00:01  lr: 0.000100  loss: 9.3589 (9.7499)  loss_bbox: 0.0736 (0.0826)  loss_bbox_aux_0: 0.0800 (0.0878)  loss_bbox_aux_1: 0.0763 (0.0844)  loss_bbox_aux_2: 0.0924 (0.1015)  loss_bbox_dn_0: 0.0533 (0.0527)  loss_bbox_dn_1: 0.0431 (0.0431)  loss_bbox_dn_2: 0.0423 (0.0420)  loss_giou: 0.8452 (0.9254)  loss_giou_aux_0: 0.8594 (0.9536)  loss_giou_aux_1: 0.8458 (0.9323)  loss_giou_aux_2: 0.9312 (1.0232)  loss_giou_dn_0: 0.7273 (0.7578)  loss_giou_dn_1: 0.6423 (0.6784)  loss_giou_dn_2: 0.6353 (0.6683)  loss_vfl: 0.4931 (0.4871)  loss_vfl_aux_0: 0.5197 (0.5022)  loss_vfl_aux_1: 0.5133 (0.4951)  loss_vfl_aux_2: 0.5251 (0.4978)  loss_vfl_dn_0: 0.4691 (0.4658)  loss_vfl_dn_1: 0.4353 (0.4378)  loss_vfl_dn_2: 0.4259 (0.4312)  time: 0.8986  data: 0.0280  max mem: 11522
Epoch: [74] Total time: 0:13:49 (1.0252 s / it)
Averaged stats: lr: 0.000100  loss: 9.3589 (9.7499)  loss_bbox: 0.0736 (0.0826)  loss_bbox_aux_0: 0.0800 (0.0878)  loss_bbox_aux_1: 0.0763 (0.0844)  loss_bbox_aux_2: 0.0924 (0.1015)  loss_bbox_dn_0: 0.0533 (0.0527)  loss_bbox_dn_1: 0.0431 (0.0431)  loss_bbox_dn_2: 0.0423 (0.0420)  loss_giou: 0.8452 (0.9254)  loss_giou_aux_0: 0.8594 (0.9536)  loss_giou_aux_1: 0.8458 (0.9323)  loss_giou_aux_2: 0.9312 (1.0232)  loss_giou_dn_0: 0.7273 (0.7578)  loss_giou_dn_1: 0.6423 (0.6784)  loss_giou_dn_2: 0.6353 (0.6683)  loss_vfl: 0.4931 (0.4871)  loss_vfl_aux_0: 0.5197 (0.5022)  loss_vfl_aux_1: 0.5133 (0.4951)  loss_vfl_aux_2: 0.5251 (0.4978)  loss_vfl_dn_0: 0.4691 (0.4658)  loss_vfl_dn_1: 0.4353 (0.4378)  loss_vfl_dn_2: 0.4259 (0.4312)
Test:  [ 0/69]  eta: 0:01:38    time: 1.4203  data: 1.0067  max mem: 11522
Test:  [10/69]  eta: 0:00:36    time: 0.6148  data: 0.1063  max mem: 11522
Test:  [20/69]  eta: 0:00:28    time: 0.5496  data: 0.0194  max mem: 11522
Test:  [30/69]  eta: 0:00:23    time: 0.5785  data: 0.0222  max mem: 11522
Test:  [40/69]  eta: 0:00:16    time: 0.5351  data: 0.0215  max mem: 11522
Test:  [50/69]  eta: 0:00:10    time: 0.4569  data: 0.0211  max mem: 11522
Test:  [60/69]  eta: 0:00:04    time: 0.4413  data: 0.0216  max mem: 11522
Test:  [68/69]  eta: 0:00:00    time: 0.4539  data: 0.0204  max mem: 11522
Test: Total time: 0:00:35 (0.5196 s / it)
Averaged stats: 
Accumulating evaluation results...
DONE (t=1.96s).
IoU metric: bbox
 Average Precision  (AP) @[ IoU=0.50:0.95 | area=   all | maxDets=100 ] = 0.228
 Average Precision  (AP) @[ IoU=0.50      | area=   all | maxDets=100 ] = 0.382
 Average Precision  (AP) @[ IoU=0.75      | area=   all | maxDets=100 ] = 0.233
 Average Precision  (AP) @[ IoU=0.50:0.95 | area= small | maxDets=100 ] = 0.141
 Average Precision  (AP) @[ IoU=0.50:0.95 | area=medium | maxDets=100 ] = 0.323
 Average Precision  (AP) @[ IoU=0.50:0.95 | area= large | maxDets=100 ] = 0.456
 Average Recall     (AR) @[ IoU=0.50:0.95 | area=   all | maxDets=  1 ] = 0.101
 Average Recall     (AR) @[ IoU=0.50:0.95 | area=   all | maxDets= 10 ] = 0.282
 Average Recall     (AR) @[ IoU=0.50:0.95 | area=   all | maxDets=100 ] = 0.380
 Average Recall     (AR) @[ IoU=0.50:0.95 | area= small | maxDets=100 ] = 0.285
 Average Recall     (AR) @[ IoU=0.50:0.95 | area=medium | maxDets=100 ] = 0.505
 Average Recall     (AR) @[ IoU=0.50:0.95 | area= large | maxDets=100 ] = 0.627
best_stat:  {'epoch': 73, 'coco_eval_bbox': 0.22853958561879442}
Epoch: [75]  [  0/809]  eta: 1:25:46  lr: 0.000100  loss: 9.9854 (9.9854)  loss_bbox: 0.0896 (0.0896)  loss_bbox_aux_0: 0.0924 (0.0924)  loss_bbox_aux_1: 0.0882 (0.0882)  loss_bbox_aux_2: 0.1039 (0.1039)  loss_bbox_dn_0: 0.0430 (0.0430)  loss_bbox_dn_1: 0.0344 (0.0344)  loss_bbox_dn_2: 0.0334 (0.0334)  loss_giou: 1.0423 (1.0423)  loss_giou_aux_0: 1.0581 (1.0581)  loss_giou_aux_1: 1.0494 (1.0494)  loss_giou_aux_2: 1.1307 (1.1307)  loss_giou_dn_0: 0.8023 (0.8023)  loss_giou_dn_1: 0.7158 (0.7158)  loss_giou_dn_2: 0.7060 (0.7060)  loss_vfl: 0.4179 (0.4179)  loss_vfl_aux_0: 0.4460 (0.4460)  loss_vfl_aux_1: 0.4302 (0.4302)  loss_vfl_aux_2: 0.4253 (0.4253)  loss_vfl_dn_0: 0.4418 (0.4418)  loss_vfl_dn_1: 0.4201 (0.4201)  loss_vfl_dn_2: 0.4146 (0.4146)  time: 6.3619  data: 4.6423  max mem: 11522
Epoch: [75]  [100/809]  eta: 0:13:09  lr: 0.000100  loss: 9.6306 (9.8939)  loss_bbox: 0.0687 (0.0860)  loss_bbox_aux_0: 0.0700 (0.0911)  loss_bbox_aux_1: 0.0682 (0.0871)  loss_bbox_aux_2: 0.0872 (0.1048)  loss_bbox_dn_0: 0.0444 (0.0497)  loss_bbox_dn_1: 0.0368 (0.0405)  loss_bbox_dn_2: 0.0361 (0.0393)  loss_giou: 0.9657 (0.9694)  loss_giou_aux_0: 0.9817 (0.9945)  loss_giou_aux_1: 0.9740 (0.9748)  loss_giou_aux_2: 1.0353 (1.0632)  loss_giou_dn_0: 0.7706 (0.7727)  loss_giou_dn_1: 0.7018 (0.6920)  loss_giou_dn_2: 0.6895 (0.6827)  loss_vfl: 0.4471 (0.4727)  loss_vfl_aux_0: 0.4695 (0.4870)  loss_vfl_aux_1: 0.4556 (0.4799)  loss_vfl_aux_2: 0.4580 (0.4809)  loss_vfl_dn_0: 0.4591 (0.4618)  loss_vfl_dn_1: 0.4309 (0.4352)  loss_vfl_dn_2: 0.4220 (0.4286)  time: 1.0623  data: 0.0317  max mem: 11522
Epoch: [75]  [200/809]  eta: 0:10:49  lr: 0.000100  loss: 9.6828 (9.8190)  loss_bbox: 0.0713 (0.0839)  loss_bbox_aux_0: 0.0750 (0.0888)  loss_bbox_aux_1: 0.0720 (0.0852)  loss_bbox_aux_2: 0.0870 (0.1023)  loss_bbox_dn_0: 0.0495 (0.0511)  loss_bbox_dn_1: 0.0402 (0.0418)  loss_bbox_dn_2: 0.0389 (0.0406)  loss_giou: 0.8689 (0.9469)  loss_giou_aux_0: 0.8916 (0.9701)  loss_giou_aux_1: 0.8682 (0.9521)  loss_giou_aux_2: 0.9640 (1.0393)  loss_giou_dn_0: 0.7308 (0.7668)  loss_giou_dn_1: 0.6571 (0.6881)  loss_giou_dn_2: 0.6491 (0.6784)  loss_vfl: 0.5282 (0.4810)  loss_vfl_aux_0: 0.5339 (0.4945)  loss_vfl_aux_1: 0.5326 (0.4884)  loss_vfl_aux_2: 0.5125 (0.4906)  loss_vfl_dn_0: 0.4706 (0.4631)  loss_vfl_dn_1: 0.4436 (0.4362)  loss_vfl_dn_2: 0.4383 (0.4298)  time: 1.0551  data: 0.0297  max mem: 11522
Epoch: [75]  [300/809]  eta: 0:08:55  lr: 0.000100  loss: 9.4546 (9.8490)  loss_bbox: 0.0852 (0.0858)  loss_bbox_aux_0: 0.0857 (0.0905)  loss_bbox_aux_1: 0.0859 (0.0872)  loss_bbox_aux_2: 0.0953 (0.1035)  loss_bbox_dn_0: 0.0493 (0.0513)  loss_bbox_dn_1: 0.0411 (0.0419)  loss_bbox_dn_2: 0.0400 (0.0408)  loss_giou: 0.8441 (0.9548)  loss_giou_aux_0: 0.8729 (0.9786)  loss_giou_aux_1: 0.8455 (0.9597)  loss_giou_aux_2: 0.9180 (1.0473)  loss_giou_dn_0: 0.7363 (0.7678)  loss_giou_dn_1: 0.6573 (0.6887)  loss_giou_dn_2: 0.6476 (0.6790)  loss_vfl: 0.4721 (0.4780)  loss_vfl_aux_0: 0.4856 (0.4912)  loss_vfl_aux_1: 0.4778 (0.4849)  loss_vfl_aux_2: 0.4885 (0.4880)  loss_vfl_dn_0: 0.4637 (0.4633)  loss_vfl_dn_1: 0.4389 (0.4365)  loss_vfl_dn_2: 0.4320 (0.4302)  time: 1.0840  data: 0.0343  max mem: 11522
Epoch: [75]  [400/809]  eta: 0:07:07  lr: 0.000100  loss: 9.6566 (9.8589)  loss_bbox: 0.0851 (0.0861)  loss_bbox_aux_0: 0.0891 (0.0911)  loss_bbox_aux_1: 0.0872 (0.0876)  loss_bbox_aux_2: 0.0998 (0.1042)  loss_bbox_dn_0: 0.0561 (0.0519)  loss_bbox_dn_1: 0.0453 (0.0424)  loss_bbox_dn_2: 0.0434 (0.0413)  loss_giou: 0.8312 (0.9561)  loss_giou_aux_0: 0.8541 (0.9799)  loss_giou_aux_1: 0.8426 (0.9606)  loss_giou_aux_2: 0.9206 (1.0489)  loss_giou_dn_0: 0.7401 (0.7693)  loss_giou_dn_1: 0.6566 (0.6903)  loss_giou_dn_2: 0.6475 (0.6806)  loss_vfl: 0.4857 (0.4778)  loss_vfl_aux_0: 0.5056 (0.4904)  loss_vfl_aux_1: 0.4888 (0.4843)  loss_vfl_aux_2: 0.4888 (0.4871)  loss_vfl_dn_0: 0.4619 (0.4630)  loss_vfl_dn_1: 0.4283 (0.4360)  loss_vfl_dn_2: 0.4217 (0.4300)  time: 0.9949  data: 0.0299  max mem: 11522
Epoch: [75]  [500/809]  eta: 0:05:21  lr: 0.000100  loss: 9.7536 (9.8451)  loss_bbox: 0.0722 (0.0860)  loss_bbox_aux_0: 0.0736 (0.0908)  loss_bbox_aux_1: 0.0718 (0.0874)  loss_bbox_aux_2: 0.0832 (0.1039)  loss_bbox_dn_0: 0.0482 (0.0520)  loss_bbox_dn_1: 0.0387 (0.0425)  loss_bbox_dn_2: 0.0376 (0.0414)  loss_giou: 0.8648 (0.9526)  loss_giou_aux_0: 0.9123 (0.9765)  loss_giou_aux_1: 0.8889 (0.9573)  loss_giou_aux_2: 0.9823 (1.0450)  loss_giou_dn_0: 0.7780 (0.7678)  loss_giou_dn_1: 0.6894 (0.6886)  loss_giou_dn_2: 0.6774 (0.6789)  loss_vfl: 0.4971 (0.4790)  loss_vfl_aux_0: 0.5020 (0.4919)  loss_vfl_aux_1: 0.4978 (0.4856)  loss_vfl_aux_2: 0.5086 (0.4888)  loss_vfl_dn_0: 0.4611 (0.4632)  loss_vfl_dn_1: 0.4355 (0.4360)  loss_vfl_dn_2: 0.4265 (0.4300)  time: 1.0484  data: 0.0276  max mem: 11522
Epoch: [75]  [600/809]  eta: 0:03:37  lr: 0.000100  loss: 9.8243 (9.8475)  loss_bbox: 0.0827 (0.0857)  loss_bbox_aux_0: 0.0877 (0.0906)  loss_bbox_aux_1: 0.0852 (0.0871)  loss_bbox_aux_2: 0.1011 (0.1035)  loss_bbox_dn_0: 0.0482 (0.0518)  loss_bbox_dn_1: 0.0409 (0.0424)  loss_bbox_dn_2: 0.0390 (0.0413)  loss_giou: 0.9232 (0.9532)  loss_giou_aux_0: 0.9508 (0.9781)  loss_giou_aux_1: 0.9224 (0.9580)  loss_giou_aux_2: 1.0073 (1.0461)  loss_giou_dn_0: 0.7682 (0.7670)  loss_giou_dn_1: 0.6905 (0.6884)  loss_giou_dn_2: 0.6859 (0.6787)  loss_vfl: 0.5024 (0.4795)  loss_vfl_aux_0: 0.5039 (0.4915)  loss_vfl_aux_1: 0.5013 (0.4859)  loss_vfl_aux_2: 0.4885 (0.4886)  loss_vfl_dn_0: 0.4645 (0.4635)  loss_vfl_dn_1: 0.4359 (0.4363)  loss_vfl_dn_2: 0.4303 (0.4303)  time: 1.0351  data: 0.0313  max mem: 11522
Epoch: [75]  [700/809]  eta: 0:01:53  lr: 0.000100  loss: 9.5885 (9.8160)  loss_bbox: 0.0778 (0.0843)  loss_bbox_aux_0: 0.0800 (0.0892)  loss_bbox_aux_1: 0.0769 (0.0857)  loss_bbox_aux_2: 0.0923 (0.1020)  loss_bbox_dn_0: 0.0510 (0.0521)  loss_bbox_dn_1: 0.0415 (0.0427)  loss_bbox_dn_2: 0.0403 (0.0416)  loss_giou: 0.8237 (0.9446)  loss_giou_aux_0: 0.8427 (0.9702)  loss_giou_aux_1: 0.8236 (0.9491)  loss_giou_aux_2: 0.9313 (1.0381)  loss_giou_dn_0: 0.7540 (0.7643)  loss_giou_dn_1: 0.6744 (0.6856)  loss_giou_dn_2: 0.6615 (0.6758)  loss_vfl: 0.5055 (0.4830)  loss_vfl_aux_0: 0.5341 (0.4951)  loss_vfl_aux_1: 0.5171 (0.4896)  loss_vfl_aux_2: 0.5357 (0.4921)  loss_vfl_dn_0: 0.4636 (0.4640)  loss_vfl_dn_1: 0.4389 (0.4365)  loss_vfl_dn_2: 0.4339 (0.4303)  time: 1.0527  data: 0.0279  max mem: 11522
Epoch: [75]  [800/809]  eta: 0:00:09  lr: 0.000100  loss: 9.5553 (9.8319)  loss_bbox: 0.0691 (0.0849)  loss_bbox_aux_0: 0.0736 (0.0897)  loss_bbox_aux_1: 0.0701 (0.0863)  loss_bbox_aux_2: 0.0880 (0.1028)  loss_bbox_dn_0: 0.0471 (0.0519)  loss_bbox_dn_1: 0.0395 (0.0425)  loss_bbox_dn_2: 0.0374 (0.0414)  loss_giou: 0.9099 (0.9486)  loss_giou_aux_0: 0.9474 (0.9749)  loss_giou_aux_1: 0.9264 (0.9531)  loss_giou_aux_2: 1.0251 (1.0423)  loss_giou_dn_0: 0.7644 (0.7654)  loss_giou_dn_1: 0.6940 (0.6867)  loss_giou_dn_2: 0.6777 (0.6769)  loss_vfl: 0.4755 (0.4815)  loss_vfl_aux_0: 0.4800 (0.4937)  loss_vfl_aux_1: 0.4774 (0.4880)  loss_vfl_aux_2: 0.4678 (0.4904)  loss_vfl_dn_0: 0.4620 (0.4639)  loss_vfl_dn_1: 0.4356 (0.4366)  loss_vfl_dn_2: 0.4274 (0.4304)  time: 1.0383  data: 0.0273  max mem: 11522
Epoch: [75]  [808/809]  eta: 0:00:01  lr: 0.000100  loss: 9.4955 (9.8321)  loss_bbox: 0.0794 (0.0850)  loss_bbox_aux_0: 0.0828 (0.0898)  loss_bbox_aux_1: 0.0810 (0.0864)  loss_bbox_aux_2: 0.0960 (0.1029)  loss_bbox_dn_0: 0.0519 (0.0519)  loss_bbox_dn_1: 0.0414 (0.0425)  loss_bbox_dn_2: 0.0417 (0.0414)  loss_giou: 0.9415 (0.9488)  loss_giou_aux_0: 0.9690 (0.9751)  loss_giou_aux_1: 0.9410 (0.9533)  loss_giou_aux_2: 1.0328 (1.0425)  loss_giou_dn_0: 0.7446 (0.7654)  loss_giou_dn_1: 0.6737 (0.6867)  loss_giou_dn_2: 0.6677 (0.6769)  loss_vfl: 0.4661 (0.4812)  loss_vfl_aux_0: 0.4872 (0.4935)  loss_vfl_aux_1: 0.4704 (0.4877)  loss_vfl_aux_2: 0.4749 (0.4903)  loss_vfl_dn_0: 0.4624 (0.4639)  loss_vfl_dn_1: 0.4320 (0.4365)  loss_vfl_dn_2: 0.4251 (0.4303)  time: 0.9036  data: 0.0252  max mem: 11522
Epoch: [75] Total time: 0:13:56 (1.0339 s / it)
Averaged stats: lr: 0.000100  loss: 9.4955 (9.8321)  loss_bbox: 0.0794 (0.0850)  loss_bbox_aux_0: 0.0828 (0.0898)  loss_bbox_aux_1: 0.0810 (0.0864)  loss_bbox_aux_2: 0.0960 (0.1029)  loss_bbox_dn_0: 0.0519 (0.0519)  loss_bbox_dn_1: 0.0414 (0.0425)  loss_bbox_dn_2: 0.0417 (0.0414)  loss_giou: 0.9415 (0.9488)  loss_giou_aux_0: 0.9690 (0.9751)  loss_giou_aux_1: 0.9410 (0.9533)  loss_giou_aux_2: 1.0328 (1.0425)  loss_giou_dn_0: 0.7446 (0.7654)  loss_giou_dn_1: 0.6737 (0.6867)  loss_giou_dn_2: 0.6677 (0.6769)  loss_vfl: 0.4661 (0.4812)  loss_vfl_aux_0: 0.4872 (0.4935)  loss_vfl_aux_1: 0.4704 (0.4877)  loss_vfl_aux_2: 0.4749 (0.4903)  loss_vfl_dn_0: 0.4624 (0.4639)  loss_vfl_dn_1: 0.4320 (0.4365)  loss_vfl_dn_2: 0.4251 (0.4303)
Test:  [ 0/69]  eta: 0:01:13    time: 1.0662  data: 0.6212  max mem: 11522
Test:  [10/69]  eta: 0:00:34    time: 0.5767  data: 0.0756  max mem: 11522
Test:  [20/69]  eta: 0:00:27    time: 0.5444  data: 0.0208  max mem: 11522
Test:  [30/69]  eta: 0:00:22    time: 0.5713  data: 0.0676  max mem: 11522
Test:  [40/69]  eta: 0:00:15    time: 0.5304  data: 0.0677  max mem: 11522
Test:  [50/69]  eta: 0:00:10    time: 0.4596  data: 0.0207  max mem: 11522
Test:  [60/69]  eta: 0:00:04    time: 0.4288  data: 0.0209  max mem: 11522
Test:  [68/69]  eta: 0:00:00    time: 0.4346  data: 0.0195  max mem: 11522
Test: Total time: 0:00:34 (0.5059 s / it)
Averaged stats: 
Accumulating evaluation results...
DONE (t=1.98s).
IoU metric: bbox
 Average Precision  (AP) @[ IoU=0.50:0.95 | area=   all | maxDets=100 ] = 0.228
 Average Precision  (AP) @[ IoU=0.50      | area=   all | maxDets=100 ] = 0.382
 Average Precision  (AP) @[ IoU=0.75      | area=   all | maxDets=100 ] = 0.232
 Average Precision  (AP) @[ IoU=0.50:0.95 | area= small | maxDets=100 ] = 0.141
 Average Precision  (AP) @[ IoU=0.50:0.95 | area=medium | maxDets=100 ] = 0.323
 Average Precision  (AP) @[ IoU=0.50:0.95 | area= large | maxDets=100 ] = 0.450
 Average Recall     (AR) @[ IoU=0.50:0.95 | area=   all | maxDets=  1 ] = 0.101
 Average Recall     (AR) @[ IoU=0.50:0.95 | area=   all | maxDets= 10 ] = 0.282
 Average Recall     (AR) @[ IoU=0.50:0.95 | area=   all | maxDets=100 ] = 0.380
 Average Recall     (AR) @[ IoU=0.50:0.95 | area= small | maxDets=100 ] = 0.286
 Average Recall     (AR) @[ IoU=0.50:0.95 | area=medium | maxDets=100 ] = 0.505
 Average Recall     (AR) @[ IoU=0.50:0.95 | area= large | maxDets=100 ] = 0.625
best_stat:  {'epoch': 73, 'coco_eval_bbox': 0.22853958561879442}
Epoch: [76]  [  0/809]  eta: 1:25:51  lr: 0.000100  loss: 9.5272 (9.5272)  loss_bbox: 0.0880 (0.0880)  loss_bbox_aux_0: 0.0940 (0.0940)  loss_bbox_aux_1: 0.0899 (0.0899)  loss_bbox_aux_2: 0.1189 (0.1189)  loss_bbox_dn_0: 0.0691 (0.0691)  loss_bbox_dn_1: 0.0476 (0.0476)  loss_bbox_dn_2: 0.0455 (0.0455)  loss_giou: 0.9416 (0.9416)  loss_giou_aux_0: 0.9327 (0.9327)  loss_giou_aux_1: 0.9448 (0.9448)  loss_giou_aux_2: 1.0255 (1.0255)  loss_giou_dn_0: 0.7653 (0.7653)  loss_giou_dn_1: 0.6593 (0.6593)  loss_giou_dn_2: 0.6491 (0.6491)  loss_vfl: 0.4373 (0.4373)  loss_vfl_aux_0: 0.4702 (0.4702)  loss_vfl_aux_1: 0.4442 (0.4442)  loss_vfl_aux_2: 0.4636 (0.4636)  loss_vfl_dn_0: 0.4451 (0.4451)  loss_vfl_dn_1: 0.3994 (0.3994)  loss_vfl_dn_2: 0.3962 (0.3962)  time: 6.3680  data: 2.7203  max mem: 11522
Epoch: [76]  [100/809]  eta: 0:12:53  lr: 0.000100  loss: 9.5141 (9.8728)  loss_bbox: 0.0714 (0.0853)  loss_bbox_aux_0: 0.0752 (0.0894)  loss_bbox_aux_1: 0.0718 (0.0866)  loss_bbox_aux_2: 0.0909 (0.1041)  loss_bbox_dn_0: 0.0481 (0.0518)  loss_bbox_dn_1: 0.0396 (0.0422)  loss_bbox_dn_2: 0.0396 (0.0411)  loss_giou: 0.8522 (0.9530)  loss_giou_aux_0: 0.8760 (0.9785)  loss_giou_aux_1: 0.8524 (0.9594)  loss_giou_aux_2: 0.9756 (1.0474)  loss_giou_dn_0: 0.7579 (0.7713)  loss_giou_dn_1: 0.6722 (0.6927)  loss_giou_dn_2: 0.6619 (0.6837)  loss_vfl: 0.4873 (0.4812)  loss_vfl_aux_0: 0.5090 (0.4955)  loss_vfl_aux_1: 0.4990 (0.4880)  loss_vfl_aux_2: 0.4992 (0.4913)  loss_vfl_dn_0: 0.4660 (0.4645)  loss_vfl_dn_1: 0.4374 (0.4362)  loss_vfl_dn_2: 0.4292 (0.4297)  time: 1.0593  data: 0.0269  max mem: 11522
Epoch: [76]  [200/809]  eta: 0:10:49  lr: 0.000100  loss: 9.9563 (9.8089)  loss_bbox: 0.0839 (0.0871)  loss_bbox_aux_0: 0.0911 (0.0914)  loss_bbox_aux_1: 0.0842 (0.0884)  loss_bbox_aux_2: 0.1015 (0.1065)  loss_bbox_dn_0: 0.0512 (0.0520)  loss_bbox_dn_1: 0.0407 (0.0426)  loss_bbox_dn_2: 0.0404 (0.0415)  loss_giou: 0.9690 (0.9421)  loss_giou_aux_0: 1.0006 (0.9684)  loss_giou_aux_1: 0.9747 (0.9490)  loss_giou_aux_2: 1.0303 (1.0373)  loss_giou_dn_0: 0.7716 (0.7610)  loss_giou_dn_1: 0.6771 (0.6840)  loss_giou_dn_2: 0.6745 (0.6751)  loss_vfl: 0.4696 (0.4804)  loss_vfl_aux_0: 0.4728 (0.4945)  loss_vfl_aux_1: 0.4729 (0.4872)  loss_vfl_aux_2: 0.4686 (0.4906)  loss_vfl_dn_0: 0.4628 (0.4645)  loss_vfl_dn_1: 0.4402 (0.4360)  loss_vfl_dn_2: 0.4356 (0.4292)  time: 1.0244  data: 0.0294  max mem: 11522
Epoch: [76]  [300/809]  eta: 0:08:57  lr: 0.000100  loss: 9.7366 (9.8289)  loss_bbox: 0.0960 (0.0872)  loss_bbox_aux_0: 0.0970 (0.0921)  loss_bbox_aux_1: 0.0985 (0.0887)  loss_bbox_aux_2: 0.1079 (0.1074)  loss_bbox_dn_0: 0.0479 (0.0519)  loss_bbox_dn_1: 0.0397 (0.0423)  loss_bbox_dn_2: 0.0386 (0.0412)  loss_giou: 0.9519 (0.9486)  loss_giou_aux_0: 0.9683 (0.9734)  loss_giou_aux_1: 0.9660 (0.9540)  loss_giou_aux_2: 1.0720 (1.0416)  loss_giou_dn_0: 0.7542 (0.7632)  loss_giou_dn_1: 0.6944 (0.6846)  loss_giou_dn_2: 0.6847 (0.6755)  loss_vfl: 0.4678 (0.4786)  loss_vfl_aux_0: 0.4787 (0.4930)  loss_vfl_aux_1: 0.4785 (0.4858)  loss_vfl_aux_2: 0.4818 (0.4888)  loss_vfl_dn_0: 0.4660 (0.4644)  loss_vfl_dn_1: 0.4348 (0.4366)  loss_vfl_dn_2: 0.4299 (0.4298)  time: 1.0413  data: 0.0280  max mem: 11522
Epoch: [76]  [400/809]  eta: 0:07:08  lr: 0.000100  loss: 9.7906 (9.8462)  loss_bbox: 0.0721 (0.0884)  loss_bbox_aux_0: 0.0814 (0.0935)  loss_bbox_aux_1: 0.0754 (0.0900)  loss_bbox_aux_2: 0.0942 (0.1088)  loss_bbox_dn_0: 0.0483 (0.0519)  loss_bbox_dn_1: 0.0382 (0.0424)  loss_bbox_dn_2: 0.0372 (0.0413)  loss_giou: 0.9996 (0.9549)  loss_giou_aux_0: 1.0518 (0.9794)  loss_giou_aux_1: 1.0182 (0.9601)  loss_giou_aux_2: 1.0864 (1.0476)  loss_giou_dn_0: 0.7850 (0.7638)  loss_giou_dn_1: 0.6966 (0.6852)  loss_giou_dn_2: 0.6901 (0.6759)  loss_vfl: 0.4564 (0.4758)  loss_vfl_aux_0: 0.4658 (0.4895)  loss_vfl_aux_1: 0.4645 (0.4827)  loss_vfl_aux_2: 0.4583 (0.4852)  loss_vfl_dn_0: 0.4603 (0.4640)  loss_vfl_dn_1: 0.4345 (0.4363)  loss_vfl_dn_2: 0.4317 (0.4296)  time: 1.0452  data: 0.0327  max mem: 11522
Epoch: [76]  [500/809]  eta: 0:05:21  lr: 0.000100  loss: 9.6007 (9.8252)  loss_bbox: 0.0769 (0.0869)  loss_bbox_aux_0: 0.0800 (0.0920)  loss_bbox_aux_1: 0.0777 (0.0885)  loss_bbox_aux_2: 0.0946 (0.1072)  loss_bbox_dn_0: 0.0500 (0.0522)  loss_bbox_dn_1: 0.0404 (0.0425)  loss_bbox_dn_2: 0.0394 (0.0414)  loss_giou: 0.8696 (0.9470)  loss_giou_aux_0: 0.9167 (0.9728)  loss_giou_aux_1: 0.8759 (0.9526)  loss_giou_aux_2: 0.9951 (1.0411)  loss_giou_dn_0: 0.7494 (0.7633)  loss_giou_dn_1: 0.6689 (0.6839)  loss_giou_dn_2: 0.6650 (0.6742)  loss_vfl: 0.4929 (0.4799)  loss_vfl_aux_0: 0.5232 (0.4932)  loss_vfl_aux_1: 0.4945 (0.4866)  loss_vfl_aux_2: 0.5197 (0.4890)  loss_vfl_dn_0: 0.4618 (0.4642)  loss_vfl_dn_1: 0.4359 (0.4368)  loss_vfl_dn_2: 0.4295 (0.4299)  time: 1.0350  data: 0.0276  max mem: 11522
Epoch: [76]  [600/809]  eta: 0:03:39  lr: 0.000100  loss: 9.6100 (9.8229)  loss_bbox: 0.0729 (0.0862)  loss_bbox_aux_0: 0.0828 (0.0913)  loss_bbox_aux_1: 0.0770 (0.0879)  loss_bbox_aux_2: 0.0898 (0.1063)  loss_bbox_dn_0: 0.0501 (0.0522)  loss_bbox_dn_1: 0.0412 (0.0425)  loss_bbox_dn_2: 0.0406 (0.0414)  loss_giou: 0.8816 (0.9458)  loss_giou_aux_0: 0.9111 (0.9721)  loss_giou_aux_1: 0.8930 (0.9514)  loss_giou_aux_2: 0.9937 (1.0407)  loss_giou_dn_0: 0.7680 (0.7632)  loss_giou_dn_1: 0.6894 (0.6837)  loss_giou_dn_2: 0.6869 (0.6741)  loss_vfl: 0.4958 (0.4809)  loss_vfl_aux_0: 0.5015 (0.4938)  loss_vfl_aux_1: 0.4991 (0.4875)  loss_vfl_aux_2: 0.4842 (0.4897)  loss_vfl_dn_0: 0.4574 (0.4647)  loss_vfl_dn_1: 0.4333 (0.4371)  loss_vfl_dn_2: 0.4279 (0.4302)  time: 1.1672  data: 0.0335  max mem: 11522
Epoch: [76]  [700/809]  eta: 0:01:54  lr: 0.000100  loss: 10.4140 (9.8226)  loss_bbox: 0.0797 (0.0858)  loss_bbox_aux_0: 0.0860 (0.0910)  loss_bbox_aux_1: 0.0812 (0.0875)  loss_bbox_aux_2: 0.1010 (0.1060)  loss_bbox_dn_0: 0.0443 (0.0518)  loss_bbox_dn_1: 0.0363 (0.0423)  loss_bbox_dn_2: 0.0352 (0.0411)  loss_giou: 1.0640 (0.9465)  loss_giou_aux_0: 1.1236 (0.9738)  loss_giou_aux_1: 1.0860 (0.9527)  loss_giou_aux_2: 1.1915 (1.0425)  loss_giou_dn_0: 0.8252 (0.7633)  loss_giou_dn_1: 0.7441 (0.6837)  loss_giou_dn_2: 0.7361 (0.6741)  loss_vfl: 0.4432 (0.4802)  loss_vfl_aux_0: 0.4429 (0.4930)  loss_vfl_aux_1: 0.4466 (0.4868)  loss_vfl_aux_2: 0.4185 (0.4890)  loss_vfl_dn_0: 0.4592 (0.4644)  loss_vfl_dn_1: 0.4401 (0.4369)  loss_vfl_dn_2: 0.4327 (0.4301)  time: 1.0505  data: 0.0301  max mem: 11522
Epoch: [76]  [800/809]  eta: 0:00:09  lr: 0.000100  loss: 10.2595 (9.8213)  loss_bbox: 0.0807 (0.0855)  loss_bbox_aux_0: 0.0866 (0.0906)  loss_bbox_aux_1: 0.0790 (0.0870)  loss_bbox_aux_2: 0.1012 (0.1055)  loss_bbox_dn_0: 0.0461 (0.0519)  loss_bbox_dn_1: 0.0385 (0.0423)  loss_bbox_dn_2: 0.0377 (0.0412)  loss_giou: 1.0418 (0.9449)  loss_giou_aux_0: 1.0852 (0.9727)  loss_giou_aux_1: 1.0546 (0.9514)  loss_giou_aux_2: 1.1397 (1.0412)  loss_giou_dn_0: 0.8157 (0.7630)  loss_giou_dn_1: 0.7377 (0.6836)  loss_giou_dn_2: 0.7323 (0.6740)  loss_vfl: 0.4411 (0.4818)  loss_vfl_aux_0: 0.4629 (0.4943)  loss_vfl_aux_1: 0.4507 (0.4884)  loss_vfl_aux_2: 0.4504 (0.4901)  loss_vfl_dn_0: 0.4675 (0.4644)  loss_vfl_dn_1: 0.4343 (0.4370)  loss_vfl_dn_2: 0.4286 (0.4303)  time: 1.0146  data: 0.0319  max mem: 11522
Epoch: [76]  [808/809]  eta: 0:00:01  lr: 0.000100  loss: 10.0357 (9.8204)  loss_bbox: 0.0736 (0.0853)  loss_bbox_aux_0: 0.0793 (0.0905)  loss_bbox_aux_1: 0.0765 (0.0869)  loss_bbox_aux_2: 0.0951 (0.1053)  loss_bbox_dn_0: 0.0475 (0.0519)  loss_bbox_dn_1: 0.0390 (0.0423)  loss_bbox_dn_2: 0.0380 (0.0412)  loss_giou: 0.9955 (0.9446)  loss_giou_aux_0: 1.0363 (0.9723)  loss_giou_aux_1: 0.9977 (0.9511)  loss_giou_aux_2: 1.0856 (1.0408)  loss_giou_dn_0: 0.7943 (0.7630)  loss_giou_dn_1: 0.7098 (0.6836)  loss_giou_dn_2: 0.7003 (0.6740)  loss_vfl: 0.4664 (0.4821)  loss_vfl_aux_0: 0.4750 (0.4945)  loss_vfl_aux_1: 0.4741 (0.4887)  loss_vfl_aux_2: 0.4638 (0.4903)  loss_vfl_dn_0: 0.4728 (0.4645)  loss_vfl_dn_1: 0.4355 (0.4370)  loss_vfl_dn_2: 0.4333 (0.4304)  time: 0.9032  data: 0.0303  max mem: 11522
Epoch: [76] Total time: 0:14:03 (1.0425 s / it)
Averaged stats: lr: 0.000100  loss: 10.0357 (9.8204)  loss_bbox: 0.0736 (0.0853)  loss_bbox_aux_0: 0.0793 (0.0905)  loss_bbox_aux_1: 0.0765 (0.0869)  loss_bbox_aux_2: 0.0951 (0.1053)  loss_bbox_dn_0: 0.0475 (0.0519)  loss_bbox_dn_1: 0.0390 (0.0423)  loss_bbox_dn_2: 0.0380 (0.0412)  loss_giou: 0.9955 (0.9446)  loss_giou_aux_0: 1.0363 (0.9723)  loss_giou_aux_1: 0.9977 (0.9511)  loss_giou_aux_2: 1.0856 (1.0408)  loss_giou_dn_0: 0.7943 (0.7630)  loss_giou_dn_1: 0.7098 (0.6836)  loss_giou_dn_2: 0.7003 (0.6740)  loss_vfl: 0.4664 (0.4821)  loss_vfl_aux_0: 0.4750 (0.4945)  loss_vfl_aux_1: 0.4741 (0.4887)  loss_vfl_aux_2: 0.4638 (0.4903)  loss_vfl_dn_0: 0.4728 (0.4645)  loss_vfl_dn_1: 0.4355 (0.4370)  loss_vfl_dn_2: 0.4333 (0.4304)
Test:  [ 0/69]  eta: 0:01:40    time: 1.4608  data: 0.9894  max mem: 11522
Test:  [10/69]  eta: 0:00:36    time: 0.6242  data: 0.1074  max mem: 11522
Test:  [20/69]  eta: 0:00:29    time: 0.5484  data: 0.0206  max mem: 11522
Test:  [30/69]  eta: 0:00:22    time: 0.5680  data: 0.0215  max mem: 11522
Test:  [40/69]  eta: 0:00:16    time: 0.5323  data: 0.0224  max mem: 11522
Test:  [50/69]  eta: 0:00:10    time: 0.4622  data: 0.0220  max mem: 11522
Test:  [60/69]  eta: 0:00:04    time: 0.4324  data: 0.0219  max mem: 11522
Test:  [68/69]  eta: 0:00:00    time: 0.4493  data: 0.0221  max mem: 11522
Test: Total time: 0:00:35 (0.5161 s / it)
Averaged stats: 
Accumulating evaluation results...
DONE (t=1.94s).
IoU metric: bbox
 Average Precision  (AP) @[ IoU=0.50:0.95 | area=   all | maxDets=100 ] = 0.228
 Average Precision  (AP) @[ IoU=0.50      | area=   all | maxDets=100 ] = 0.382
 Average Precision  (AP) @[ IoU=0.75      | area=   all | maxDets=100 ] = 0.232
 Average Precision  (AP) @[ IoU=0.50:0.95 | area= small | maxDets=100 ] = 0.141
 Average Precision  (AP) @[ IoU=0.50:0.95 | area=medium | maxDets=100 ] = 0.322
 Average Precision  (AP) @[ IoU=0.50:0.95 | area= large | maxDets=100 ] = 0.451
 Average Recall     (AR) @[ IoU=0.50:0.95 | area=   all | maxDets=  1 ] = 0.101
 Average Recall     (AR) @[ IoU=0.50:0.95 | area=   all | maxDets= 10 ] = 0.282
 Average Recall     (AR) @[ IoU=0.50:0.95 | area=   all | maxDets=100 ] = 0.380
 Average Recall     (AR) @[ IoU=0.50:0.95 | area= small | maxDets=100 ] = 0.285
 Average Recall     (AR) @[ IoU=0.50:0.95 | area=medium | maxDets=100 ] = 0.505
 Average Recall     (AR) @[ IoU=0.50:0.95 | area= large | maxDets=100 ] = 0.639
best_stat:  {'epoch': 73, 'coco_eval_bbox': 0.22853958561879442}
Epoch: [77]  [  0/809]  eta: 1:26:51  lr: 0.000100  loss: 10.6085 (10.6085)  loss_bbox: 0.0736 (0.0736)  loss_bbox_aux_0: 0.0776 (0.0776)  loss_bbox_aux_1: 0.0727 (0.0727)  loss_bbox_aux_2: 0.0900 (0.0900)  loss_bbox_dn_0: 0.0332 (0.0332)  loss_bbox_dn_1: 0.0282 (0.0282)  loss_bbox_dn_2: 0.0276 (0.0276)  loss_giou: 1.1461 (1.1461)  loss_giou_aux_0: 1.1847 (1.1847)  loss_giou_aux_1: 1.1676 (1.1676)  loss_giou_aux_2: 1.2261 (1.2261)  loss_giou_dn_0: 0.8553 (0.8553)  loss_giou_dn_1: 0.7917 (0.7917)  loss_giou_dn_2: 0.7814 (0.7814)  loss_vfl: 0.4400 (0.4400)  loss_vfl_aux_0: 0.4408 (0.4408)  loss_vfl_aux_1: 0.4414 (0.4414)  loss_vfl_aux_2: 0.4342 (0.4342)  loss_vfl_dn_0: 0.4491 (0.4491)  loss_vfl_dn_1: 0.4259 (0.4259)  loss_vfl_dn_2: 0.4214 (0.4214)  time: 6.4418  data: 2.9005  max mem: 11522
Epoch: [77]  [100/809]  eta: 0:12:43  lr: 0.000100  loss: 10.3291 (9.8698)  loss_bbox: 0.1015 (0.0883)  loss_bbox_aux_0: 0.1072 (0.0921)  loss_bbox_aux_1: 0.1012 (0.0893)  loss_bbox_aux_2: 0.1179 (0.1071)  loss_bbox_dn_0: 0.0497 (0.0524)  loss_bbox_dn_1: 0.0407 (0.0435)  loss_bbox_dn_2: 0.0389 (0.0423)  loss_giou: 1.0588 (0.9485)  loss_giou_aux_0: 1.0624 (0.9790)  loss_giou_aux_1: 1.0545 (0.9575)  loss_giou_aux_2: 1.1348 (1.0503)  loss_giou_dn_0: 0.7867 (0.7613)  loss_giou_dn_1: 0.7083 (0.6849)  loss_giou_dn_2: 0.7040 (0.6748)  loss_vfl: 0.4677 (0.4830)  loss_vfl_aux_0: 0.4840 (0.4961)  loss_vfl_aux_1: 0.4694 (0.4903)  loss_vfl_aux_2: 0.4789 (0.4910)  loss_vfl_dn_0: 0.4666 (0.4662)  loss_vfl_dn_1: 0.4375 (0.4387)  loss_vfl_dn_2: 0.4313 (0.4331)  time: 1.0576  data: 0.0300  max mem: 11522
Epoch: [77]  [200/809]  eta: 0:10:38  lr: 0.000100  loss: 9.7536 (9.7517)  loss_bbox: 0.0808 (0.0849)  loss_bbox_aux_0: 0.0848 (0.0893)  loss_bbox_aux_1: 0.0828 (0.0859)  loss_bbox_aux_2: 0.0997 (0.1041)  loss_bbox_dn_0: 0.0491 (0.0522)  loss_bbox_dn_1: 0.0397 (0.0429)  loss_bbox_dn_2: 0.0393 (0.0418)  loss_giou: 0.9197 (0.9297)  loss_giou_aux_0: 0.9301 (0.9585)  loss_giou_aux_1: 0.9077 (0.9384)  loss_giou_aux_2: 1.0257 (1.0290)  loss_giou_dn_0: 0.7670 (0.7548)  loss_giou_dn_1: 0.6925 (0.6769)  loss_giou_dn_2: 0.6790 (0.6668)  loss_vfl: 0.4691 (0.4823)  loss_vfl_aux_0: 0.4696 (0.4964)  loss_vfl_aux_1: 0.4632 (0.4899)  loss_vfl_aux_2: 0.4760 (0.4933)  loss_vfl_dn_0: 0.4675 (0.4658)  loss_vfl_dn_1: 0.4376 (0.4376)  loss_vfl_dn_2: 0.4329 (0.4311)  time: 1.0281  data: 0.0303  max mem: 11522
Epoch: [77]  [300/809]  eta: 0:08:47  lr: 0.000100  loss: 9.9100 (9.7797)  loss_bbox: 0.0782 (0.0840)  loss_bbox_aux_0: 0.0861 (0.0884)  loss_bbox_aux_1: 0.0809 (0.0852)  loss_bbox_aux_2: 0.0953 (0.1032)  loss_bbox_dn_0: 0.0465 (0.0523)  loss_bbox_dn_1: 0.0368 (0.0428)  loss_bbox_dn_2: 0.0355 (0.0416)  loss_giou: 0.9347 (0.9353)  loss_giou_aux_0: 1.0059 (0.9647)  loss_giou_aux_1: 0.9572 (0.9431)  loss_giou_aux_2: 1.0870 (1.0339)  loss_giou_dn_0: 0.7637 (0.7598)  loss_giou_dn_1: 0.7106 (0.6813)  loss_giou_dn_2: 0.6986 (0.6712)  loss_vfl: 0.4601 (0.4822)  loss_vfl_aux_0: 0.4762 (0.4962)  loss_vfl_aux_1: 0.4681 (0.4898)  loss_vfl_aux_2: 0.4608 (0.4923)  loss_vfl_dn_0: 0.4615 (0.4648)  loss_vfl_dn_1: 0.4331 (0.4370)  loss_vfl_dn_2: 0.4277 (0.4306)  time: 0.9826  data: 0.0281  max mem: 11522
Epoch: [77]  [400/809]  eta: 0:07:03  lr: 0.000100  loss: 9.5208 (9.7623)  loss_bbox: 0.0813 (0.0844)  loss_bbox_aux_0: 0.0928 (0.0889)  loss_bbox_aux_1: 0.0813 (0.0857)  loss_bbox_aux_2: 0.1003 (0.1034)  loss_bbox_dn_0: 0.0499 (0.0526)  loss_bbox_dn_1: 0.0397 (0.0431)  loss_bbox_dn_2: 0.0388 (0.0418)  loss_giou: 0.8969 (0.9314)  loss_giou_aux_0: 0.9249 (0.9610)  loss_giou_aux_1: 0.8956 (0.9386)  loss_giou_aux_2: 0.9903 (1.0295)  loss_giou_dn_0: 0.7524 (0.7568)  loss_giou_dn_1: 0.6611 (0.6779)  loss_giou_dn_2: 0.6450 (0.6678)  loss_vfl: 0.4934 (0.4837)  loss_vfl_aux_0: 0.5103 (0.4975)  loss_vfl_aux_1: 0.5028 (0.4914)  loss_vfl_aux_2: 0.5120 (0.4943)  loss_vfl_dn_0: 0.4717 (0.4651)  loss_vfl_dn_1: 0.4405 (0.4370)  loss_vfl_dn_2: 0.4335 (0.4305)  time: 0.9903  data: 0.0286  max mem: 11522
Epoch: [77]  [500/809]  eta: 0:05:19  lr: 0.000100  loss: 10.0622 (9.8042)  loss_bbox: 0.0814 (0.0870)  loss_bbox_aux_0: 0.0878 (0.0921)  loss_bbox_aux_1: 0.0851 (0.0884)  loss_bbox_aux_2: 0.0957 (0.1064)  loss_bbox_dn_0: 0.0419 (0.0520)  loss_bbox_dn_1: 0.0358 (0.0425)  loss_bbox_dn_2: 0.0350 (0.0413)  loss_giou: 0.9874 (0.9409)  loss_giou_aux_0: 1.0134 (0.9710)  loss_giou_aux_1: 0.9999 (0.9483)  loss_giou_aux_2: 1.0881 (1.0390)  loss_giou_dn_0: 0.7836 (0.7590)  loss_giou_dn_1: 0.7262 (0.6799)  loss_giou_dn_2: 0.7240 (0.6698)  loss_vfl: 0.4627 (0.4809)  loss_vfl_aux_0: 0.4840 (0.4945)  loss_vfl_aux_1: 0.4740 (0.4882)  loss_vfl_aux_2: 0.4686 (0.4913)  loss_vfl_dn_0: 0.4677 (0.4647)  loss_vfl_dn_1: 0.4430 (0.4368)  loss_vfl_dn_2: 0.4376 (0.4304)  time: 1.0598  data: 0.0321  max mem: 11522
Epoch: [77]  [600/809]  eta: 0:03:36  lr: 0.000100  loss: 9.6188 (9.8116)  loss_bbox: 0.0777 (0.0870)  loss_bbox_aux_0: 0.0798 (0.0922)  loss_bbox_aux_1: 0.0782 (0.0885)  loss_bbox_aux_2: 0.0955 (0.1060)  loss_bbox_dn_0: 0.0481 (0.0519)  loss_bbox_dn_1: 0.0396 (0.0425)  loss_bbox_dn_2: 0.0383 (0.0414)  loss_giou: 0.8977 (0.9422)  loss_giou_aux_0: 0.9363 (0.9722)  loss_giou_aux_1: 0.9101 (0.9494)  loss_giou_aux_2: 1.0050 (1.0393)  loss_giou_dn_0: 0.7441 (0.7602)  loss_giou_dn_1: 0.6715 (0.6812)  loss_giou_dn_2: 0.6635 (0.6712)  loss_vfl: 0.4869 (0.4805)  loss_vfl_aux_0: 0.5026 (0.4944)  loss_vfl_aux_1: 0.4902 (0.4880)  loss_vfl_aux_2: 0.4940 (0.4916)  loss_vfl_dn_0: 0.4627 (0.4646)  loss_vfl_dn_1: 0.4385 (0.4369)  loss_vfl_dn_2: 0.4304 (0.4304)  time: 1.0013  data: 0.0304  max mem: 11522
Epoch: [77]  [700/809]  eta: 0:01:52  lr: 0.000100  loss: 9.5472 (9.7907)  loss_bbox: 0.0697 (0.0860)  loss_bbox_aux_0: 0.0771 (0.0915)  loss_bbox_aux_1: 0.0722 (0.0876)  loss_bbox_aux_2: 0.0862 (0.1050)  loss_bbox_dn_0: 0.0500 (0.0520)  loss_bbox_dn_1: 0.0410 (0.0425)  loss_bbox_dn_2: 0.0407 (0.0413)  loss_giou: 0.8569 (0.9387)  loss_giou_aux_0: 0.8864 (0.9689)  loss_giou_aux_1: 0.8726 (0.9458)  loss_giou_aux_2: 0.9463 (1.0357)  loss_giou_dn_0: 0.7473 (0.7589)  loss_giou_dn_1: 0.6532 (0.6795)  loss_giou_dn_2: 0.6421 (0.6695)  loss_vfl: 0.5034 (0.4810)  loss_vfl_aux_0: 0.5184 (0.4946)  loss_vfl_aux_1: 0.5144 (0.4886)  loss_vfl_aux_2: 0.4994 (0.4921)  loss_vfl_dn_0: 0.4650 (0.4647)  loss_vfl_dn_1: 0.4395 (0.4367)  loss_vfl_dn_2: 0.4308 (0.4301)  time: 0.9982  data: 0.0272  max mem: 11522
Epoch: [77]  [800/809]  eta: 0:00:09  lr: 0.000100  loss: 9.6340 (9.7926)  loss_bbox: 0.0796 (0.0856)  loss_bbox_aux_0: 0.0858 (0.0911)  loss_bbox_aux_1: 0.0811 (0.0872)  loss_bbox_aux_2: 0.1003 (0.1046)  loss_bbox_dn_0: 0.0532 (0.0520)  loss_bbox_dn_1: 0.0441 (0.0425)  loss_bbox_dn_2: 0.0430 (0.0414)  loss_giou: 0.8871 (0.9384)  loss_giou_aux_0: 0.9143 (0.9685)  loss_giou_aux_1: 0.9016 (0.9453)  loss_giou_aux_2: 0.9828 (1.0354)  loss_giou_dn_0: 0.7548 (0.7596)  loss_giou_dn_1: 0.6774 (0.6801)  loss_giou_dn_2: 0.6661 (0.6702)  loss_vfl: 0.5154 (0.4818)  loss_vfl_aux_0: 0.5333 (0.4951)  loss_vfl_aux_1: 0.5185 (0.4893)  loss_vfl_aux_2: 0.5142 (0.4924)  loss_vfl_dn_0: 0.4646 (0.4647)  loss_vfl_dn_1: 0.4378 (0.4369)  loss_vfl_dn_2: 0.4296 (0.4303)  time: 1.0161  data: 0.0281  max mem: 11522
Epoch: [77]  [808/809]  eta: 0:00:01  lr: 0.000100  loss: 9.5447 (9.7931)  loss_bbox: 0.0799 (0.0856)  loss_bbox_aux_0: 0.0853 (0.0910)  loss_bbox_aux_1: 0.0812 (0.0871)  loss_bbox_aux_2: 0.0990 (0.1045)  loss_bbox_dn_0: 0.0526 (0.0520)  loss_bbox_dn_1: 0.0413 (0.0425)  loss_bbox_dn_2: 0.0404 (0.0413)  loss_giou: 0.8939 (0.9388)  loss_giou_aux_0: 0.9176 (0.9687)  loss_giou_aux_1: 0.9148 (0.9456)  loss_giou_aux_2: 0.9965 (1.0356)  loss_giou_dn_0: 0.7548 (0.7598)  loss_giou_dn_1: 0.6795 (0.6805)  loss_giou_dn_2: 0.6752 (0.6706)  loss_vfl: 0.4720 (0.4816)  loss_vfl_aux_0: 0.4855 (0.4948)  loss_vfl_aux_1: 0.4867 (0.4890)  loss_vfl_aux_2: 0.5002 (0.4922)  loss_vfl_dn_0: 0.4634 (0.4647)  loss_vfl_dn_1: 0.4407 (0.4370)  loss_vfl_dn_2: 0.4298 (0.4303)  time: 0.8964  data: 0.0271  max mem: 11522
Epoch: [77] Total time: 0:13:52 (1.0296 s / it)
Averaged stats: lr: 0.000100  loss: 9.5447 (9.7931)  loss_bbox: 0.0799 (0.0856)  loss_bbox_aux_0: 0.0853 (0.0910)  loss_bbox_aux_1: 0.0812 (0.0871)  loss_bbox_aux_2: 0.0990 (0.1045)  loss_bbox_dn_0: 0.0526 (0.0520)  loss_bbox_dn_1: 0.0413 (0.0425)  loss_bbox_dn_2: 0.0404 (0.0413)  loss_giou: 0.8939 (0.9388)  loss_giou_aux_0: 0.9176 (0.9687)  loss_giou_aux_1: 0.9148 (0.9456)  loss_giou_aux_2: 0.9965 (1.0356)  loss_giou_dn_0: 0.7548 (0.7598)  loss_giou_dn_1: 0.6795 (0.6805)  loss_giou_dn_2: 0.6752 (0.6706)  loss_vfl: 0.4720 (0.4816)  loss_vfl_aux_0: 0.4855 (0.4948)  loss_vfl_aux_1: 0.4867 (0.4890)  loss_vfl_aux_2: 0.5002 (0.4922)  loss_vfl_dn_0: 0.4634 (0.4647)  loss_vfl_dn_1: 0.4407 (0.4370)  loss_vfl_dn_2: 0.4298 (0.4303)
Test:  [ 0/69]  eta: 0:01:22    time: 1.1997  data: 0.6214  max mem: 11522
Test:  [10/69]  eta: 0:00:34    time: 0.5807  data: 0.0771  max mem: 11522
Test:  [20/69]  eta: 0:00:28    time: 0.5433  data: 0.0221  max mem: 11522
Test:  [30/69]  eta: 0:00:22    time: 0.5734  data: 0.0218  max mem: 11522
Test:  [40/69]  eta: 0:00:16    time: 0.5339  data: 0.0218  max mem: 11522
Test:  [50/69]  eta: 0:00:10    time: 0.4630  data: 0.0210  max mem: 11522
Test:  [60/69]  eta: 0:00:04    time: 0.4366  data: 0.0214  max mem: 11522
Test:  [68/69]  eta: 0:00:00    time: 0.4550  data: 0.0204  max mem: 11522
Test: Total time: 0:00:35 (0.5146 s / it)
Averaged stats: 
Accumulating evaluation results...
DONE (t=2.06s).
IoU metric: bbox
 Average Precision  (AP) @[ IoU=0.50:0.95 | area=   all | maxDets=100 ] = 0.229
 Average Precision  (AP) @[ IoU=0.50      | area=   all | maxDets=100 ] = 0.384
 Average Precision  (AP) @[ IoU=0.75      | area=   all | maxDets=100 ] = 0.233
 Average Precision  (AP) @[ IoU=0.50:0.95 | area= small | maxDets=100 ] = 0.141
 Average Precision  (AP) @[ IoU=0.50:0.95 | area=medium | maxDets=100 ] = 0.325
 Average Precision  (AP) @[ IoU=0.50:0.95 | area= large | maxDets=100 ] = 0.456
 Average Recall     (AR) @[ IoU=0.50:0.95 | area=   all | maxDets=  1 ] = 0.100
 Average Recall     (AR) @[ IoU=0.50:0.95 | area=   all | maxDets= 10 ] = 0.282
 Average Recall     (AR) @[ IoU=0.50:0.95 | area=   all | maxDets=100 ] = 0.380
 Average Recall     (AR) @[ IoU=0.50:0.95 | area= small | maxDets=100 ] = 0.285
 Average Recall     (AR) @[ IoU=0.50:0.95 | area=medium | maxDets=100 ] = 0.506
 Average Recall     (AR) @[ IoU=0.50:0.95 | area= large | maxDets=100 ] = 0.636
best_stat:  {'epoch': 77, 'coco_eval_bbox': 0.22880605258009332}
Epoch: [78]  [  0/809]  eta: 1:44:45  lr: 0.000100  loss: 10.4804 (10.4804)  loss_bbox: 0.1117 (0.1117)  loss_bbox_aux_0: 0.1171 (0.1171)  loss_bbox_aux_1: 0.1096 (0.1096)  loss_bbox_aux_2: 0.1338 (0.1338)  loss_bbox_dn_0: 0.0679 (0.0679)  loss_bbox_dn_1: 0.0577 (0.0577)  loss_bbox_dn_2: 0.0565 (0.0565)  loss_giou: 1.0120 (1.0120)  loss_giou_aux_0: 1.0360 (1.0360)  loss_giou_aux_1: 1.0136 (1.0136)  loss_giou_aux_2: 1.1034 (1.1034)  loss_giou_dn_0: 0.8167 (0.8167)  loss_giou_dn_1: 0.7399 (0.7399)  loss_giou_dn_2: 0.7306 (0.7306)  loss_vfl: 0.5268 (0.5268)  loss_vfl_aux_0: 0.5283 (0.5283)  loss_vfl_aux_1: 0.5376 (0.5376)  loss_vfl_aux_2: 0.4900 (0.4900)  loss_vfl_dn_0: 0.4510 (0.4510)  loss_vfl_dn_1: 0.4213 (0.4213)  loss_vfl_dn_2: 0.4187 (0.4187)  time: 7.7693  data: 2.1510  max mem: 11522
Epoch: [78]  [100/809]  eta: 0:12:52  lr: 0.000100  loss: 9.6690 (9.7469)  loss_bbox: 0.0873 (0.0850)  loss_bbox_aux_0: 0.0926 (0.0908)  loss_bbox_aux_1: 0.0912 (0.0867)  loss_bbox_aux_2: 0.1057 (0.1054)  loss_bbox_dn_0: 0.0513 (0.0523)  loss_bbox_dn_1: 0.0413 (0.0427)  loss_bbox_dn_2: 0.0405 (0.0415)  loss_giou: 0.8597 (0.9250)  loss_giou_aux_0: 0.8795 (0.9486)  loss_giou_aux_1: 0.8667 (0.9299)  loss_giou_aux_2: 0.9497 (1.0213)  loss_giou_dn_0: 0.7412 (0.7554)  loss_giou_dn_1: 0.6531 (0.6740)  loss_giou_dn_2: 0.6436 (0.6634)  loss_vfl: 0.4987 (0.4911)  loss_vfl_aux_0: 0.5216 (0.5036)  loss_vfl_aux_1: 0.5083 (0.4984)  loss_vfl_aux_2: 0.5148 (0.4982)  loss_vfl_dn_0: 0.4692 (0.4656)  loss_vfl_dn_1: 0.4354 (0.4375)  loss_vfl_dn_2: 0.4262 (0.4307)  time: 1.0366  data: 0.0329  max mem: 11522
Epoch: [78]  [200/809]  eta: 0:10:49  lr: 0.000100  loss: 9.3334 (9.7663)  loss_bbox: 0.0698 (0.0833)  loss_bbox_aux_0: 0.0738 (0.0891)  loss_bbox_aux_1: 0.0704 (0.0849)  loss_bbox_aux_2: 0.0886 (0.1042)  loss_bbox_dn_0: 0.0494 (0.0520)  loss_bbox_dn_1: 0.0395 (0.0428)  loss_bbox_dn_2: 0.0385 (0.0417)  loss_giou: 0.8228 (0.9277)  loss_giou_aux_0: 0.8511 (0.9545)  loss_giou_aux_1: 0.8179 (0.9327)  loss_giou_aux_2: 0.9202 (1.0250)  loss_giou_dn_0: 0.7265 (0.7584)  loss_giou_dn_1: 0.6552 (0.6796)  loss_giou_dn_2: 0.6443 (0.6694)  loss_vfl: 0.5259 (0.4913)  loss_vfl_aux_0: 0.5354 (0.5024)  loss_vfl_aux_1: 0.5310 (0.4979)  loss_vfl_aux_2: 0.5249 (0.4961)  loss_vfl_dn_0: 0.4654 (0.4650)  loss_vfl_dn_1: 0.4349 (0.4376)  loss_vfl_dn_2: 0.4270 (0.4310)  time: 1.0371  data: 0.0297  max mem: 11522
Epoch: [78]  [300/809]  eta: 0:08:57  lr: 0.000100  loss: 9.4981 (9.7256)  loss_bbox: 0.0794 (0.0829)  loss_bbox_aux_0: 0.0822 (0.0884)  loss_bbox_aux_1: 0.0810 (0.0845)  loss_bbox_aux_2: 0.0935 (0.1029)  loss_bbox_dn_0: 0.0529 (0.0524)  loss_bbox_dn_1: 0.0426 (0.0429)  loss_bbox_dn_2: 0.0426 (0.0418)  loss_giou: 0.8395 (0.9213)  loss_giou_aux_0: 0.8691 (0.9477)  loss_giou_aux_1: 0.8380 (0.9266)  loss_giou_aux_2: 0.9481 (1.0187)  loss_giou_dn_0: 0.7299 (0.7552)  loss_giou_dn_1: 0.6535 (0.6754)  loss_giou_dn_2: 0.6435 (0.6652)  loss_vfl: 0.4919 (0.4903)  loss_vfl_aux_0: 0.5076 (0.5028)  loss_vfl_aux_1: 0.4928 (0.4968)  loss_vfl_aux_2: 0.5063 (0.4974)  loss_vfl_dn_0: 0.4642 (0.4651)  loss_vfl_dn_1: 0.4373 (0.4371)  loss_vfl_dn_2: 0.4286 (0.4302)  time: 1.0369  data: 0.0272  max mem: 11522
Epoch: [78]  [400/809]  eta: 0:07:09  lr: 0.000100  loss: 9.7855 (9.7694)  loss_bbox: 0.0819 (0.0863)  loss_bbox_aux_0: 0.0878 (0.0921)  loss_bbox_aux_1: 0.0840 (0.0881)  loss_bbox_aux_2: 0.0991 (0.1069)  loss_bbox_dn_0: 0.0470 (0.0525)  loss_bbox_dn_1: 0.0401 (0.0430)  loss_bbox_dn_2: 0.0391 (0.0419)  loss_giou: 0.9472 (0.9320)  loss_giou_aux_0: 0.9766 (0.9580)  loss_giou_aux_1: 0.9619 (0.9368)  loss_giou_aux_2: 1.0515 (1.0290)  loss_giou_dn_0: 0.7652 (0.7570)  loss_giou_dn_1: 0.6962 (0.6773)  loss_giou_dn_2: 0.6859 (0.6672)  loss_vfl: 0.4550 (0.4854)  loss_vfl_aux_0: 0.4795 (0.4983)  loss_vfl_aux_1: 0.4707 (0.4922)  loss_vfl_aux_2: 0.4784 (0.4932)  loss_vfl_dn_0: 0.4674 (0.4650)  loss_vfl_dn_1: 0.4395 (0.4370)  loss_vfl_dn_2: 0.4346 (0.4302)  time: 1.0717  data: 0.0322  max mem: 11522
Epoch: [78]  [500/809]  eta: 0:05:22  lr: 0.000100  loss: 9.6727 (9.7549)  loss_bbox: 0.0748 (0.0857)  loss_bbox_aux_0: 0.0866 (0.0914)  loss_bbox_aux_1: 0.0786 (0.0875)  loss_bbox_aux_2: 0.0974 (0.1058)  loss_bbox_dn_0: 0.0436 (0.0523)  loss_bbox_dn_1: 0.0357 (0.0428)  loss_bbox_dn_2: 0.0338 (0.0417)  loss_giou: 0.9349 (0.9305)  loss_giou_aux_0: 0.9537 (0.9561)  loss_giou_aux_1: 0.9382 (0.9353)  loss_giou_aux_2: 1.0305 (1.0263)  loss_giou_dn_0: 0.7614 (0.7552)  loss_giou_dn_1: 0.6864 (0.6755)  loss_giou_dn_2: 0.6831 (0.6653)  loss_vfl: 0.4569 (0.4852)  loss_vfl_aux_0: 0.4730 (0.4991)  loss_vfl_aux_1: 0.4698 (0.4923)  loss_vfl_aux_2: 0.4673 (0.4948)  loss_vfl_dn_0: 0.4612 (0.4651)  loss_vfl_dn_1: 0.4366 (0.4368)  loss_vfl_dn_2: 0.4286 (0.4300)  time: 1.0603  data: 0.0303  max mem: 11522
Epoch: [78]  [600/809]  eta: 0:03:38  lr: 0.000100  loss: 9.3338 (9.7693)  loss_bbox: 0.0731 (0.0855)  loss_bbox_aux_0: 0.0771 (0.0909)  loss_bbox_aux_1: 0.0781 (0.0871)  loss_bbox_aux_2: 0.0868 (0.1054)  loss_bbox_dn_0: 0.0548 (0.0521)  loss_bbox_dn_1: 0.0441 (0.0427)  loss_bbox_dn_2: 0.0433 (0.0416)  loss_giou: 0.8601 (0.9356)  loss_giou_aux_0: 0.8738 (0.9611)  loss_giou_aux_1: 0.8615 (0.9405)  loss_giou_aux_2: 0.9540 (1.0313)  loss_giou_dn_0: 0.7245 (0.7572)  loss_giou_dn_1: 0.6484 (0.6775)  loss_giou_dn_2: 0.6375 (0.6674)  loss_vfl: 0.4915 (0.4832)  loss_vfl_aux_0: 0.4990 (0.4969)  loss_vfl_aux_1: 0.4953 (0.4903)  loss_vfl_aux_2: 0.5085 (0.4924)  loss_vfl_dn_0: 0.4608 (0.4644)  loss_vfl_dn_1: 0.4302 (0.4364)  loss_vfl_dn_2: 0.4255 (0.4297)  time: 1.0140  data: 0.0280  max mem: 11522
Epoch: [78]  [700/809]  eta: 0:01:53  lr: 0.000100  loss: 9.4309 (9.7851)  loss_bbox: 0.0754 (0.0864)  loss_bbox_aux_0: 0.0822 (0.0920)  loss_bbox_aux_1: 0.0781 (0.0882)  loss_bbox_aux_2: 0.0903 (0.1066)  loss_bbox_dn_0: 0.0538 (0.0523)  loss_bbox_dn_1: 0.0452 (0.0428)  loss_bbox_dn_2: 0.0437 (0.0417)  loss_giou: 0.9136 (0.9379)  loss_giou_aux_0: 0.9373 (0.9640)  loss_giou_aux_1: 0.9246 (0.9432)  loss_giou_aux_2: 0.9967 (1.0338)  loss_giou_dn_0: 0.7273 (0.7578)  loss_giou_dn_1: 0.6535 (0.6785)  loss_giou_dn_2: 0.6433 (0.6684)  loss_vfl: 0.4945 (0.4826)  loss_vfl_aux_0: 0.5284 (0.4967)  loss_vfl_aux_1: 0.5074 (0.4900)  loss_vfl_aux_2: 0.5192 (0.4918)  loss_vfl_dn_0: 0.4622 (0.4643)  loss_vfl_dn_1: 0.4381 (0.4364)  loss_vfl_dn_2: 0.4306 (0.4298)  time: 1.0473  data: 0.0295  max mem: 11522
Epoch: [78]  [800/809]  eta: 0:00:09  lr: 0.000100  loss: 9.8127 (9.7843)  loss_bbox: 0.0841 (0.0863)  loss_bbox_aux_0: 0.0883 (0.0921)  loss_bbox_aux_1: 0.0819 (0.0881)  loss_bbox_aux_2: 0.0961 (0.1064)  loss_bbox_dn_0: 0.0489 (0.0520)  loss_bbox_dn_1: 0.0397 (0.0426)  loss_bbox_dn_2: 0.0392 (0.0414)  loss_giou: 0.9407 (0.9382)  loss_giou_aux_0: 0.9953 (0.9656)  loss_giou_aux_1: 0.9496 (0.9439)  loss_giou_aux_2: 1.0612 (1.0341)  loss_giou_dn_0: 0.7710 (0.7578)  loss_giou_dn_1: 0.6845 (0.6785)  loss_giou_dn_2: 0.6723 (0.6684)  loss_vfl: 0.4603 (0.4818)  loss_vfl_aux_0: 0.4643 (0.4957)  loss_vfl_aux_1: 0.4680 (0.4892)  loss_vfl_aux_2: 0.4772 (0.4915)  loss_vfl_dn_0: 0.4586 (0.4643)  loss_vfl_dn_1: 0.4341 (0.4365)  loss_vfl_dn_2: 0.4280 (0.4298)  time: 1.0327  data: 0.0300  max mem: 11522
Epoch: [78]  [808/809]  eta: 0:00:01  lr: 0.000100  loss: 9.6853 (9.7753)  loss_bbox: 0.0782 (0.0861)  loss_bbox_aux_0: 0.0850 (0.0919)  loss_bbox_aux_1: 0.0778 (0.0879)  loss_bbox_aux_2: 0.0897 (0.1062)  loss_bbox_dn_0: 0.0489 (0.0520)  loss_bbox_dn_1: 0.0410 (0.0426)  loss_bbox_dn_2: 0.0401 (0.0414)  loss_giou: 0.8820 (0.9365)  loss_giou_aux_0: 0.9282 (0.9639)  loss_giou_aux_1: 0.8992 (0.9423)  loss_giou_aux_2: 0.9958 (1.0326)  loss_giou_dn_0: 0.7327 (0.7570)  loss_giou_dn_1: 0.6761 (0.6776)  loss_giou_dn_2: 0.6664 (0.6675)  loss_vfl: 0.4721 (0.4821)  loss_vfl_aux_0: 0.4879 (0.4960)  loss_vfl_aux_1: 0.4787 (0.4894)  loss_vfl_aux_2: 0.4863 (0.4918)  loss_vfl_dn_0: 0.4567 (0.4643)  loss_vfl_dn_1: 0.4317 (0.4364)  loss_vfl_dn_2: 0.4266 (0.4297)  time: 0.8835  data: 0.0270  max mem: 11522
Epoch: [78] Total time: 0:13:58 (1.0370 s / it)
Averaged stats: lr: 0.000100  loss: 9.6853 (9.7753)  loss_bbox: 0.0782 (0.0861)  loss_bbox_aux_0: 0.0850 (0.0919)  loss_bbox_aux_1: 0.0778 (0.0879)  loss_bbox_aux_2: 0.0897 (0.1062)  loss_bbox_dn_0: 0.0489 (0.0520)  loss_bbox_dn_1: 0.0410 (0.0426)  loss_bbox_dn_2: 0.0401 (0.0414)  loss_giou: 0.8820 (0.9365)  loss_giou_aux_0: 0.9282 (0.9639)  loss_giou_aux_1: 0.8992 (0.9423)  loss_giou_aux_2: 0.9958 (1.0326)  loss_giou_dn_0: 0.7327 (0.7570)  loss_giou_dn_1: 0.6761 (0.6776)  loss_giou_dn_2: 0.6664 (0.6675)  loss_vfl: 0.4721 (0.4821)  loss_vfl_aux_0: 0.4879 (0.4960)  loss_vfl_aux_1: 0.4787 (0.4894)  loss_vfl_aux_2: 0.4863 (0.4918)  loss_vfl_dn_0: 0.4567 (0.4643)  loss_vfl_dn_1: 0.4317 (0.4364)  loss_vfl_dn_2: 0.4266 (0.4297)
Test:  [ 0/69]  eta: 0:01:37    time: 1.4196  data: 0.8827  max mem: 11522
Test:  [10/69]  eta: 0:00:36    time: 0.6143  data: 0.1002  max mem: 11522
Test:  [20/69]  eta: 0:00:28    time: 0.5374  data: 0.0218  max mem: 11522
Test:  [30/69]  eta: 0:00:22    time: 0.5648  data: 0.0221  max mem: 11522
Test:  [40/69]  eta: 0:00:16    time: 0.5501  data: 0.0227  max mem: 11522
Test:  [50/69]  eta: 0:00:10    time: 0.4796  data: 0.0221  max mem: 11522
Test:  [60/69]  eta: 0:00:04    time: 0.4466  data: 0.0222  max mem: 11522
Test:  [68/69]  eta: 0:00:00    time: 0.4503  data: 0.0215  max mem: 11522
Test: Total time: 0:00:35 (0.5206 s / it)
Averaged stats: 
Accumulating evaluation results...
DONE (t=1.98s).
IoU metric: bbox
 Average Precision  (AP) @[ IoU=0.50:0.95 | area=   all | maxDets=100 ] = 0.229
 Average Precision  (AP) @[ IoU=0.50      | area=   all | maxDets=100 ] = 0.384
 Average Precision  (AP) @[ IoU=0.75      | area=   all | maxDets=100 ] = 0.232
 Average Precision  (AP) @[ IoU=0.50:0.95 | area= small | maxDets=100 ] = 0.141
 Average Precision  (AP) @[ IoU=0.50:0.95 | area=medium | maxDets=100 ] = 0.325
 Average Precision  (AP) @[ IoU=0.50:0.95 | area= large | maxDets=100 ] = 0.464
 Average Recall     (AR) @[ IoU=0.50:0.95 | area=   all | maxDets=  1 ] = 0.100
 Average Recall     (AR) @[ IoU=0.50:0.95 | area=   all | maxDets= 10 ] = 0.282
 Average Recall     (AR) @[ IoU=0.50:0.95 | area=   all | maxDets=100 ] = 0.381
 Average Recall     (AR) @[ IoU=0.50:0.95 | area= small | maxDets=100 ] = 0.286
 Average Recall     (AR) @[ IoU=0.50:0.95 | area=medium | maxDets=100 ] = 0.506
 Average Recall     (AR) @[ IoU=0.50:0.95 | area= large | maxDets=100 ] = 0.643
best_stat:  {'epoch': 77, 'coco_eval_bbox': 0.22880605258009332}
Epoch: [79]  [  0/809]  eta: 1:19:30  lr: 0.000100  loss: 9.5521 (9.5521)  loss_bbox: 0.0832 (0.0832)  loss_bbox_aux_0: 0.0873 (0.0873)  loss_bbox_aux_1: 0.0870 (0.0870)  loss_bbox_aux_2: 0.1047 (0.1047)  loss_bbox_dn_0: 0.0585 (0.0585)  loss_bbox_dn_1: 0.0498 (0.0498)  loss_bbox_dn_2: 0.0480 (0.0480)  loss_giou: 0.8525 (0.8525)  loss_giou_aux_0: 0.8806 (0.8806)  loss_giou_aux_1: 0.8659 (0.8659)  loss_giou_aux_2: 1.0040 (1.0040)  loss_giou_dn_0: 0.6909 (0.6909)  loss_giou_dn_1: 0.6330 (0.6330)  loss_giou_dn_2: 0.6323 (0.6323)  loss_vfl: 0.5319 (0.5319)  loss_vfl_aux_0: 0.5528 (0.5528)  loss_vfl_aux_1: 0.5351 (0.5351)  loss_vfl_aux_2: 0.5227 (0.5227)  loss_vfl_dn_0: 0.4891 (0.4891)  loss_vfl_dn_1: 0.4256 (0.4256)  loss_vfl_dn_2: 0.4172 (0.4172)  time: 5.8972  data: 2.1491  max mem: 11522
Epoch: [79]  [100/809]  eta: 0:12:53  lr: 0.000100  loss: 9.9643 (9.8515)  loss_bbox: 0.0762 (0.0949)  loss_bbox_aux_0: 0.0795 (0.0998)  loss_bbox_aux_1: 0.0771 (0.0971)  loss_bbox_aux_2: 0.0951 (0.1132)  loss_bbox_dn_0: 0.0492 (0.0502)  loss_bbox_dn_1: 0.0401 (0.0410)  loss_bbox_dn_2: 0.0387 (0.0398)  loss_giou: 0.9796 (0.9588)  loss_giou_aux_0: 0.9860 (0.9877)  loss_giou_aux_1: 0.9624 (0.9652)  loss_giou_aux_2: 1.0547 (1.0553)  loss_giou_dn_0: 0.7854 (0.7538)  loss_giou_dn_1: 0.6932 (0.6744)  loss_giou_dn_2: 0.6907 (0.6646)  loss_vfl: 0.4762 (0.4732)  loss_vfl_aux_0: 0.4847 (0.4856)  loss_vfl_aux_1: 0.4852 (0.4805)  loss_vfl_aux_2: 0.4844 (0.4851)  loss_vfl_dn_0: 0.4662 (0.4647)  loss_vfl_dn_1: 0.4357 (0.4364)  loss_vfl_dn_2: 0.4312 (0.4302)  time: 1.0421  data: 0.0292  max mem: 11522
Epoch: [79]  [200/809]  eta: 0:10:50  lr: 0.000100  loss: 9.6731 (9.8323)  loss_bbox: 0.0722 (0.0891)  loss_bbox_aux_0: 0.0773 (0.0938)  loss_bbox_aux_1: 0.0731 (0.0908)  loss_bbox_aux_2: 0.0913 (0.1073)  loss_bbox_dn_0: 0.0490 (0.0513)  loss_bbox_dn_1: 0.0396 (0.0419)  loss_bbox_dn_2: 0.0383 (0.0407)  loss_giou: 0.9383 (0.9514)  loss_giou_aux_0: 0.9645 (0.9774)  loss_giou_aux_1: 0.9465 (0.9568)  loss_giou_aux_2: 1.0294 (1.0464)  loss_giou_dn_0: 0.7681 (0.7582)  loss_giou_dn_1: 0.6770 (0.6782)  loss_giou_dn_2: 0.6663 (0.6686)  loss_vfl: 0.4750 (0.4789)  loss_vfl_aux_0: 0.4860 (0.4925)  loss_vfl_aux_1: 0.4743 (0.4872)  loss_vfl_aux_2: 0.4686 (0.4899)  loss_vfl_dn_0: 0.4599 (0.4645)  loss_vfl_dn_1: 0.4377 (0.4369)  loss_vfl_dn_2: 0.4274 (0.4305)  time: 1.0512  data: 0.0256  max mem: 11522
Epoch: [79]  [300/809]  eta: 0:08:58  lr: 0.000100  loss: 10.0541 (9.8850)  loss_bbox: 0.0773 (0.0895)  loss_bbox_aux_0: 0.0904 (0.0946)  loss_bbox_aux_1: 0.0809 (0.0914)  loss_bbox_aux_2: 0.1050 (0.1083)  loss_bbox_dn_0: 0.0507 (0.0514)  loss_bbox_dn_1: 0.0412 (0.0421)  loss_bbox_dn_2: 0.0402 (0.0409)  loss_giou: 1.0179 (0.9618)  loss_giou_aux_0: 1.0168 (0.9871)  loss_giou_aux_1: 1.0206 (0.9676)  loss_giou_aux_2: 1.0873 (1.0548)  loss_giou_dn_0: 0.7701 (0.7637)  loss_giou_dn_1: 0.6991 (0.6842)  loss_giou_dn_2: 0.6892 (0.6744)  loss_vfl: 0.4503 (0.4773)  loss_vfl_aux_0: 0.4634 (0.4917)  loss_vfl_aux_1: 0.4608 (0.4851)  loss_vfl_aux_2: 0.4566 (0.4878)  loss_vfl_dn_0: 0.4605 (0.4641)  loss_vfl_dn_1: 0.4301 (0.4368)  loss_vfl_dn_2: 0.4236 (0.4303)  time: 1.0671  data: 0.0327  max mem: 11522
Epoch: [79]  [400/809]  eta: 0:07:10  lr: 0.000100  loss: 9.9406 (9.8961)  loss_bbox: 0.0747 (0.0879)  loss_bbox_aux_0: 0.0791 (0.0931)  loss_bbox_aux_1: 0.0770 (0.0898)  loss_bbox_aux_2: 0.0977 (0.1070)  loss_bbox_dn_0: 0.0498 (0.0508)  loss_bbox_dn_1: 0.0397 (0.0417)  loss_bbox_dn_2: 0.0386 (0.0405)  loss_giou: 0.9431 (0.9644)  loss_giou_aux_0: 0.9743 (0.9899)  loss_giou_aux_1: 0.9461 (0.9703)  loss_giou_aux_2: 1.0613 (1.0583)  loss_giou_dn_0: 0.7642 (0.7658)  loss_giou_dn_1: 0.6884 (0.6863)  loss_giou_dn_2: 0.6742 (0.6765)  loss_vfl: 0.4785 (0.4781)  loss_vfl_aux_0: 0.4851 (0.4918)  loss_vfl_aux_1: 0.4939 (0.4857)  loss_vfl_aux_2: 0.4921 (0.4865)  loss_vfl_dn_0: 0.4620 (0.4641)  loss_vfl_dn_1: 0.4334 (0.4369)  loss_vfl_dn_2: 0.4293 (0.4306)  time: 1.0840  data: 0.0316  max mem: 11522
Epoch: [79]  [500/809]  eta: 0:05:24  lr: 0.000100  loss: 9.6745 (9.8667)  loss_bbox: 0.0798 (0.0883)  loss_bbox_aux_0: 0.0869 (0.0936)  loss_bbox_aux_1: 0.0810 (0.0902)  loss_bbox_aux_2: 0.0977 (0.1076)  loss_bbox_dn_0: 0.0460 (0.0508)  loss_bbox_dn_1: 0.0386 (0.0416)  loss_bbox_dn_2: 0.0374 (0.0404)  loss_giou: 0.9474 (0.9596)  loss_giou_aux_0: 0.9807 (0.9859)  loss_giou_aux_1: 0.9546 (0.9653)  loss_giou_aux_2: 1.0523 (1.0539)  loss_giou_dn_0: 0.7556 (0.7640)  loss_giou_dn_1: 0.6688 (0.6842)  loss_giou_dn_2: 0.6534 (0.6743)  loss_vfl: 0.4575 (0.4766)  loss_vfl_aux_0: 0.4792 (0.4901)  loss_vfl_aux_1: 0.4769 (0.4843)  loss_vfl_aux_2: 0.4748 (0.4855)  loss_vfl_dn_0: 0.4594 (0.4639)  loss_vfl_dn_1: 0.4284 (0.4365)  loss_vfl_dn_2: 0.4197 (0.4302)  time: 1.0670  data: 0.0286  max mem: 11522
Epoch: [79]  [600/809]  eta: 0:03:38  lr: 0.000100  loss: 9.6624 (9.8586)  loss_bbox: 0.0711 (0.0877)  loss_bbox_aux_0: 0.0772 (0.0930)  loss_bbox_aux_1: 0.0746 (0.0896)  loss_bbox_aux_2: 0.0906 (0.1070)  loss_bbox_dn_0: 0.0531 (0.0512)  loss_bbox_dn_1: 0.0432 (0.0419)  loss_bbox_dn_2: 0.0414 (0.0407)  loss_giou: 0.8742 (0.9559)  loss_giou_aux_0: 0.8988 (0.9828)  loss_giou_aux_1: 0.8889 (0.9617)  loss_giou_aux_2: 0.9838 (1.0502)  loss_giou_dn_0: 0.7432 (0.7632)  loss_giou_dn_1: 0.6754 (0.6833)  loss_giou_dn_2: 0.6622 (0.6733)  loss_vfl: 0.5351 (0.4785)  loss_vfl_aux_0: 0.5477 (0.4923)  loss_vfl_aux_1: 0.5376 (0.4861)  loss_vfl_aux_2: 0.5309 (0.4879)  loss_vfl_dn_0: 0.4726 (0.4644)  loss_vfl_dn_1: 0.4456 (0.4371)  loss_vfl_dn_2: 0.4378 (0.4306)  time: 1.0538  data: 0.0320  max mem: 11522
Epoch: [79]  [700/809]  eta: 0:01:54  lr: 0.000100  loss: 9.7592 (9.8211)  loss_bbox: 0.0723 (0.0861)  loss_bbox_aux_0: 0.0763 (0.0913)  loss_bbox_aux_1: 0.0754 (0.0879)  loss_bbox_aux_2: 0.0929 (0.1053)  loss_bbox_dn_0: 0.0425 (0.0513)  loss_bbox_dn_1: 0.0357 (0.0419)  loss_bbox_dn_2: 0.0337 (0.0407)  loss_giou: 0.9594 (0.9495)  loss_giou_aux_0: 0.9821 (0.9763)  loss_giou_aux_1: 0.9583 (0.9552)  loss_giou_aux_2: 1.0429 (1.0440)  loss_giou_dn_0: 0.7378 (0.7618)  loss_giou_dn_1: 0.6591 (0.6817)  loss_giou_dn_2: 0.6462 (0.6715)  loss_vfl: 0.4474 (0.4784)  loss_vfl_aux_0: 0.4687 (0.4922)  loss_vfl_aux_1: 0.4603 (0.4861)  loss_vfl_aux_2: 0.4575 (0.4882)  loss_vfl_dn_0: 0.4644 (0.4643)  loss_vfl_dn_1: 0.4347 (0.4370)  loss_vfl_dn_2: 0.4263 (0.4304)  time: 1.0361  data: 0.0266  max mem: 11522
Epoch: [79]  [800/809]  eta: 0:00:09  lr: 0.000100  loss: 9.8161 (9.8045)  loss_bbox: 0.0706 (0.0850)  loss_bbox_aux_0: 0.0776 (0.0903)  loss_bbox_aux_1: 0.0726 (0.0868)  loss_bbox_aux_2: 0.0906 (0.1043)  loss_bbox_dn_0: 0.0507 (0.0513)  loss_bbox_dn_1: 0.0423 (0.0420)  loss_bbox_dn_2: 0.0407 (0.0408)  loss_giou: 0.9445 (0.9459)  loss_giou_aux_0: 0.9611 (0.9726)  loss_giou_aux_1: 0.9406 (0.9513)  loss_giou_aux_2: 1.0118 (1.0402)  loss_giou_dn_0: 0.7813 (0.7613)  loss_giou_dn_1: 0.6992 (0.6814)  loss_giou_dn_2: 0.6856 (0.6711)  loss_vfl: 0.4913 (0.4792)  loss_vfl_aux_0: 0.5081 (0.4932)  loss_vfl_aux_1: 0.5073 (0.4870)  loss_vfl_aux_2: 0.4937 (0.4891)  loss_vfl_dn_0: 0.4590 (0.4645)  loss_vfl_dn_1: 0.4357 (0.4370)  loss_vfl_dn_2: 0.4272 (0.4303)  time: 1.0678  data: 0.0319  max mem: 11522
Epoch: [79]  [808/809]  eta: 0:00:01  lr: 0.000100  loss: 9.9157 (9.8055)  loss_bbox: 0.0764 (0.0850)  loss_bbox_aux_0: 0.0839 (0.0903)  loss_bbox_aux_1: 0.0787 (0.0868)  loss_bbox_aux_2: 0.0955 (0.1043)  loss_bbox_dn_0: 0.0469 (0.0514)  loss_bbox_dn_1: 0.0383 (0.0420)  loss_bbox_dn_2: 0.0368 (0.0408)  loss_giou: 0.9942 (0.9461)  loss_giou_aux_0: 1.0067 (0.9728)  loss_giou_aux_1: 0.9942 (0.9515)  loss_giou_aux_2: 1.0567 (1.0404)  loss_giou_dn_0: 0.7871 (0.7616)  loss_giou_dn_1: 0.7160 (0.6816)  loss_giou_dn_2: 0.7050 (0.6714)  loss_vfl: 0.4798 (0.4791)  loss_vfl_aux_0: 0.4873 (0.4930)  loss_vfl_aux_1: 0.4865 (0.4868)  loss_vfl_aux_2: 0.4662 (0.4889)  loss_vfl_dn_0: 0.4566 (0.4644)  loss_vfl_dn_1: 0.4347 (0.4369)  loss_vfl_dn_2: 0.4291 (0.4303)  time: 0.8811  data: 0.0300  max mem: 11522
Epoch: [79] Total time: 0:14:01 (1.0405 s / it)
Averaged stats: lr: 0.000100  loss: 9.9157 (9.8055)  loss_bbox: 0.0764 (0.0850)  loss_bbox_aux_0: 0.0839 (0.0903)  loss_bbox_aux_1: 0.0787 (0.0868)  loss_bbox_aux_2: 0.0955 (0.1043)  loss_bbox_dn_0: 0.0469 (0.0514)  loss_bbox_dn_1: 0.0383 (0.0420)  loss_bbox_dn_2: 0.0368 (0.0408)  loss_giou: 0.9942 (0.9461)  loss_giou_aux_0: 1.0067 (0.9728)  loss_giou_aux_1: 0.9942 (0.9515)  loss_giou_aux_2: 1.0567 (1.0404)  loss_giou_dn_0: 0.7871 (0.7616)  loss_giou_dn_1: 0.7160 (0.6816)  loss_giou_dn_2: 0.7050 (0.6714)  loss_vfl: 0.4798 (0.4791)  loss_vfl_aux_0: 0.4873 (0.4930)  loss_vfl_aux_1: 0.4865 (0.4868)  loss_vfl_aux_2: 0.4662 (0.4889)  loss_vfl_dn_0: 0.4566 (0.4644)  loss_vfl_dn_1: 0.4347 (0.4369)  loss_vfl_dn_2: 0.4291 (0.4303)
Test:  [ 0/69]  eta: 0:01:25    time: 1.2451  data: 0.6739  max mem: 11522
Test:  [10/69]  eta: 0:00:36    time: 0.6105  data: 0.0821  max mem: 11522
Test:  [20/69]  eta: 0:00:29    time: 0.5639  data: 0.0227  max mem: 11522
Test:  [30/69]  eta: 0:00:23    time: 0.5921  data: 0.0650  max mem: 11522
Test:  [40/69]  eta: 0:00:16    time: 0.5453  data: 0.0646  max mem: 11522
Test:  [50/69]  eta: 0:00:10    time: 0.4629  data: 0.0218  max mem: 11522
Test:  [60/69]  eta: 0:00:04    time: 0.4428  data: 0.0221  max mem: 11522
Test:  [68/69]  eta: 0:00:00    time: 0.4592  data: 0.0213  max mem: 11522
Test: Total time: 0:00:36 (0.5254 s / it)
Averaged stats: 
Accumulating evaluation results...
DONE (t=2.02s).
IoU metric: bbox
 Average Precision  (AP) @[ IoU=0.50:0.95 | area=   all | maxDets=100 ] = 0.229
 Average Precision  (AP) @[ IoU=0.50      | area=   all | maxDets=100 ] = 0.384
 Average Precision  (AP) @[ IoU=0.75      | area=   all | maxDets=100 ] = 0.233
 Average Precision  (AP) @[ IoU=0.50:0.95 | area= small | maxDets=100 ] = 0.142
 Average Precision  (AP) @[ IoU=0.50:0.95 | area=medium | maxDets=100 ] = 0.325
 Average Precision  (AP) @[ IoU=0.50:0.95 | area= large | maxDets=100 ] = 0.468
 Average Recall     (AR) @[ IoU=0.50:0.95 | area=   all | maxDets=  1 ] = 0.101
 Average Recall     (AR) @[ IoU=0.50:0.95 | area=   all | maxDets= 10 ] = 0.282
 Average Recall     (AR) @[ IoU=0.50:0.95 | area=   all | maxDets=100 ] = 0.380
 Average Recall     (AR) @[ IoU=0.50:0.95 | area= small | maxDets=100 ] = 0.285
 Average Recall     (AR) @[ IoU=0.50:0.95 | area=medium | maxDets=100 ] = 0.506
 Average Recall     (AR) @[ IoU=0.50:0.95 | area= large | maxDets=100 ] = 0.633
best_stat:  {'epoch': 79, 'coco_eval_bbox': 0.22936552604630284}
Epoch: [80]  [  0/809]  eta: 1:16:09  lr: 0.000010  loss: 10.7440 (10.7440)  loss_bbox: 0.0916 (0.0916)  loss_bbox_aux_0: 0.0902 (0.0902)  loss_bbox_aux_1: 0.0977 (0.0977)  loss_bbox_aux_2: 0.1137 (0.1137)  loss_bbox_dn_0: 0.0474 (0.0474)  loss_bbox_dn_1: 0.0386 (0.0386)  loss_bbox_dn_2: 0.0366 (0.0366)  loss_giou: 1.1700 (1.1700)  loss_giou_aux_0: 1.1891 (1.1891)  loss_giou_aux_1: 1.1605 (1.1605)  loss_giou_aux_2: 1.2020 (1.2020)  loss_giou_dn_0: 0.8663 (0.8663)  loss_giou_dn_1: 0.7962 (0.7962)  loss_giou_dn_2: 0.7893 (0.7893)  loss_vfl: 0.4343 (0.4343)  loss_vfl_aux_0: 0.4363 (0.4363)  loss_vfl_aux_1: 0.4277 (0.4277)  loss_vfl_aux_2: 0.4433 (0.4433)  loss_vfl_dn_0: 0.4552 (0.4552)  loss_vfl_dn_1: 0.4332 (0.4332)  loss_vfl_dn_2: 0.4248 (0.4248)  time: 5.6484  data: 3.4037  max mem: 11522
Epoch: [80]  [100/809]  eta: 0:12:35  lr: 0.000010  loss: 9.6365 (9.7213)  loss_bbox: 0.0731 (0.0811)  loss_bbox_aux_0: 0.0766 (0.0863)  loss_bbox_aux_1: 0.0733 (0.0829)  loss_bbox_aux_2: 0.0894 (0.1008)  loss_bbox_dn_0: 0.0431 (0.0485)  loss_bbox_dn_1: 0.0366 (0.0402)  loss_bbox_dn_2: 0.0361 (0.0392)  loss_giou: 0.9396 (0.9434)  loss_giou_aux_0: 0.9752 (0.9686)  loss_giou_aux_1: 0.9486 (0.9472)  loss_giou_aux_2: 1.0476 (1.0362)  loss_giou_dn_0: 0.7569 (0.7474)  loss_giou_dn_1: 0.6769 (0.6702)  loss_giou_dn_2: 0.6670 (0.6611)  loss_vfl: 0.4679 (0.4773)  loss_vfl_aux_0: 0.4900 (0.4911)  loss_vfl_aux_1: 0.4763 (0.4832)  loss_vfl_aux_2: 0.4858 (0.4888)  loss_vfl_dn_0: 0.4610 (0.4635)  loss_vfl_dn_1: 0.4338 (0.4355)  loss_vfl_dn_2: 0.4275 (0.4287)  time: 1.0477  data: 0.0263  max mem: 11522
Epoch: [80]  [200/809]  eta: 0:10:39  lr: 0.000010  loss: 9.8275 (9.6656)  loss_bbox: 0.0715 (0.0811)  loss_bbox_aux_0: 0.0771 (0.0868)  loss_bbox_aux_1: 0.0726 (0.0831)  loss_bbox_aux_2: 0.0900 (0.1015)  loss_bbox_dn_0: 0.0462 (0.0496)  loss_bbox_dn_1: 0.0392 (0.0412)  loss_bbox_dn_2: 0.0380 (0.0402)  loss_giou: 0.9521 (0.9245)  loss_giou_aux_0: 0.9826 (0.9488)  loss_giou_aux_1: 0.9612 (0.9282)  loss_giou_aux_2: 1.0505 (1.0182)  loss_giou_dn_0: 0.7781 (0.7411)  loss_giou_dn_1: 0.7006 (0.6660)  loss_giou_dn_2: 0.6930 (0.6568)  loss_vfl: 0.4512 (0.4837)  loss_vfl_aux_0: 0.4565 (0.4983)  loss_vfl_aux_1: 0.4552 (0.4903)  loss_vfl_aux_2: 0.4663 (0.4957)  loss_vfl_dn_0: 0.4573 (0.4648)  loss_vfl_dn_1: 0.4326 (0.4363)  loss_vfl_dn_2: 0.4275 (0.4296)  time: 1.0697  data: 0.0279  max mem: 11522
Epoch: [80]  [300/809]  eta: 0:08:48  lr: 0.000010  loss: 9.4022 (9.6446)  loss_bbox: 0.0763 (0.0818)  loss_bbox_aux_0: 0.0817 (0.0877)  loss_bbox_aux_1: 0.0757 (0.0837)  loss_bbox_aux_2: 0.0939 (0.1021)  loss_bbox_dn_0: 0.0502 (0.0496)  loss_bbox_dn_1: 0.0438 (0.0411)  loss_bbox_dn_2: 0.0414 (0.0401)  loss_giou: 0.8230 (0.9237)  loss_giou_aux_0: 0.8570 (0.9482)  loss_giou_aux_1: 0.8272 (0.9276)  loss_giou_aux_2: 0.9231 (1.0160)  loss_giou_dn_0: 0.7172 (0.7388)  loss_giou_dn_1: 0.6419 (0.6651)  loss_giou_dn_2: 0.6308 (0.6555)  loss_vfl: 0.5076 (0.4798)  loss_vfl_aux_0: 0.5248 (0.4950)  loss_vfl_aux_1: 0.5096 (0.4868)  loss_vfl_aux_2: 0.5240 (0.4931)  loss_vfl_dn_0: 0.4633 (0.4646)  loss_vfl_dn_1: 0.4329 (0.4355)  loss_vfl_dn_2: 0.4235 (0.4288)  time: 0.9971  data: 0.0299  max mem: 11522
Epoch: [80]  [400/809]  eta: 0:07:00  lr: 0.000010  loss: 9.5774 (9.6290)  loss_bbox: 0.0662 (0.0812)  loss_bbox_aux_0: 0.0685 (0.0871)  loss_bbox_aux_1: 0.0651 (0.0829)  loss_bbox_aux_2: 0.0838 (0.1015)  loss_bbox_dn_0: 0.0452 (0.0501)  loss_bbox_dn_1: 0.0376 (0.0416)  loss_bbox_dn_2: 0.0374 (0.0405)  loss_giou: 0.9078 (0.9193)  loss_giou_aux_0: 0.9187 (0.9439)  loss_giou_aux_1: 0.9004 (0.9230)  loss_giou_aux_2: 0.9742 (1.0114)  loss_giou_dn_0: 0.7355 (0.7373)  loss_giou_dn_1: 0.6593 (0.6641)  loss_giou_dn_2: 0.6527 (0.6543)  loss_vfl: 0.4868 (0.4823)  loss_vfl_aux_0: 0.5153 (0.4970)  loss_vfl_aux_1: 0.4981 (0.4894)  loss_vfl_aux_2: 0.4949 (0.4952)  loss_vfl_dn_0: 0.4571 (0.4641)  loss_vfl_dn_1: 0.4297 (0.4348)  loss_vfl_dn_2: 0.4229 (0.4280)  time: 1.0285  data: 0.0318  max mem: 11522
Epoch: [80]  [500/809]  eta: 0:05:17  lr: 0.000010  loss: 9.5549 (9.6079)  loss_bbox: 0.0652 (0.0802)  loss_bbox_aux_0: 0.0701 (0.0860)  loss_bbox_aux_1: 0.0640 (0.0819)  loss_bbox_aux_2: 0.0891 (0.1005)  loss_bbox_dn_0: 0.0426 (0.0495)  loss_bbox_dn_1: 0.0356 (0.0411)  loss_bbox_dn_2: 0.0355 (0.0400)  loss_giou: 0.8803 (0.9187)  loss_giou_aux_0: 0.9117 (0.9435)  loss_giou_aux_1: 0.8907 (0.9225)  loss_giou_aux_2: 0.9700 (1.0106)  loss_giou_dn_0: 0.7244 (0.7359)  loss_giou_dn_1: 0.6544 (0.6630)  loss_giou_dn_2: 0.6488 (0.6532)  loss_vfl: 0.4748 (0.4801)  loss_vfl_aux_0: 0.4995 (0.4950)  loss_vfl_aux_1: 0.4860 (0.4872)  loss_vfl_aux_2: 0.4936 (0.4934)  loss_vfl_dn_0: 0.4640 (0.4637)  loss_vfl_dn_1: 0.4383 (0.4344)  loss_vfl_dn_2: 0.4350 (0.4275)  time: 0.9984  data: 0.0294  max mem: 11522
Epoch: [80]  [600/809]  eta: 0:03:34  lr: 0.000010  loss: 9.6412 (9.6257)  loss_bbox: 0.0681 (0.0813)  loss_bbox_aux_0: 0.0733 (0.0872)  loss_bbox_aux_1: 0.0703 (0.0831)  loss_bbox_aux_2: 0.0827 (0.1017)  loss_bbox_dn_0: 0.0444 (0.0495)  loss_bbox_dn_1: 0.0364 (0.0411)  loss_bbox_dn_2: 0.0348 (0.0401)  loss_giou: 0.9306 (0.9208)  loss_giou_aux_0: 0.9563 (0.9457)  loss_giou_aux_1: 0.9348 (0.9246)  loss_giou_aux_2: 0.9913 (1.0130)  loss_giou_dn_0: 0.7428 (0.7366)  loss_giou_dn_1: 0.6761 (0.6635)  loss_giou_dn_2: 0.6613 (0.6538)  loss_vfl: 0.4648 (0.4806)  loss_vfl_aux_0: 0.4880 (0.4955)  loss_vfl_aux_1: 0.4758 (0.4877)  loss_vfl_aux_2: 0.4826 (0.4936)  loss_vfl_dn_0: 0.4554 (0.4640)  loss_vfl_dn_1: 0.4297 (0.4345)  loss_vfl_dn_2: 0.4215 (0.4276)  time: 1.0362  data: 0.0306  max mem: 11522
Epoch: [80]  [700/809]  eta: 0:01:51  lr: 0.000010  loss: 9.2363 (9.6098)  loss_bbox: 0.0654 (0.0805)  loss_bbox_aux_0: 0.0698 (0.0862)  loss_bbox_aux_1: 0.0669 (0.0822)  loss_bbox_aux_2: 0.0853 (0.1006)  loss_bbox_dn_0: 0.0502 (0.0492)  loss_bbox_dn_1: 0.0429 (0.0409)  loss_bbox_dn_2: 0.0418 (0.0398)  loss_giou: 0.7683 (0.9184)  loss_giou_aux_0: 0.7937 (0.9432)  loss_giou_aux_1: 0.7707 (0.9222)  loss_giou_aux_2: 0.8753 (1.0099)  loss_giou_dn_0: 0.6954 (0.7360)  loss_giou_dn_1: 0.6236 (0.6627)  loss_giou_dn_2: 0.6144 (0.6530)  loss_vfl: 0.5189 (0.4807)  loss_vfl_aux_0: 0.5482 (0.4958)  loss_vfl_aux_1: 0.5218 (0.4879)  loss_vfl_aux_2: 0.5580 (0.4942)  loss_vfl_dn_0: 0.4631 (0.4641)  loss_vfl_dn_1: 0.4342 (0.4345)  loss_vfl_dn_2: 0.4289 (0.4277)  time: 1.0019  data: 0.0270  max mem: 11522
Epoch: [80]  [800/809]  eta: 0:00:09  lr: 0.000010  loss: 9.1184 (9.6076)  loss_bbox: 0.0706 (0.0806)  loss_bbox_aux_0: 0.0722 (0.0861)  loss_bbox_aux_1: 0.0704 (0.0823)  loss_bbox_aux_2: 0.0893 (0.1005)  loss_bbox_dn_0: 0.0484 (0.0492)  loss_bbox_dn_1: 0.0402 (0.0408)  loss_bbox_dn_2: 0.0390 (0.0398)  loss_giou: 0.8209 (0.9181)  loss_giou_aux_0: 0.8355 (0.9432)  loss_giou_aux_1: 0.8204 (0.9222)  loss_giou_aux_2: 0.9202 (1.0105)  loss_giou_dn_0: 0.6893 (0.7356)  loss_giou_dn_1: 0.6244 (0.6623)  loss_giou_dn_2: 0.6156 (0.6525)  loss_vfl: 0.5023 (0.4805)  loss_vfl_aux_0: 0.5053 (0.4956)  loss_vfl_aux_1: 0.5013 (0.4878)  loss_vfl_aux_2: 0.5001 (0.4939)  loss_vfl_dn_0: 0.4637 (0.4641)  loss_vfl_dn_1: 0.4310 (0.4344)  loss_vfl_dn_2: 0.4220 (0.4276)  time: 1.0170  data: 0.0303  max mem: 11522
Epoch: [80]  [808/809]  eta: 0:00:01  lr: 0.000010  loss: 9.4624 (9.6071)  loss_bbox: 0.0745 (0.0806)  loss_bbox_aux_0: 0.0786 (0.0861)  loss_bbox_aux_1: 0.0758 (0.0823)  loss_bbox_aux_2: 0.0894 (0.1005)  loss_bbox_dn_0: 0.0461 (0.0492)  loss_bbox_dn_1: 0.0376 (0.0408)  loss_bbox_dn_2: 0.0366 (0.0398)  loss_giou: 0.8960 (0.9181)  loss_giou_aux_0: 0.9196 (0.9432)  loss_giou_aux_1: 0.8990 (0.9222)  loss_giou_aux_2: 0.9947 (1.0104)  loss_giou_dn_0: 0.7180 (0.7356)  loss_giou_dn_1: 0.6538 (0.6623)  loss_giou_dn_2: 0.6400 (0.6524)  loss_vfl: 0.4808 (0.4805)  loss_vfl_aux_0: 0.4877 (0.4956)  loss_vfl_aux_1: 0.4814 (0.4877)  loss_vfl_aux_2: 0.4838 (0.4939)  loss_vfl_dn_0: 0.4615 (0.4641)  loss_vfl_dn_1: 0.4293 (0.4344)  loss_vfl_dn_2: 0.4199 (0.4275)  time: 0.9079  data: 0.0242  max mem: 11522
Epoch: [80] Total time: 0:13:45 (1.0198 s / it)
Averaged stats: lr: 0.000010  loss: 9.4624 (9.6071)  loss_bbox: 0.0745 (0.0806)  loss_bbox_aux_0: 0.0786 (0.0861)  loss_bbox_aux_1: 0.0758 (0.0823)  loss_bbox_aux_2: 0.0894 (0.1005)  loss_bbox_dn_0: 0.0461 (0.0492)  loss_bbox_dn_1: 0.0376 (0.0408)  loss_bbox_dn_2: 0.0366 (0.0398)  loss_giou: 0.8960 (0.9181)  loss_giou_aux_0: 0.9196 (0.9432)  loss_giou_aux_1: 0.8990 (0.9222)  loss_giou_aux_2: 0.9947 (1.0104)  loss_giou_dn_0: 0.7180 (0.7356)  loss_giou_dn_1: 0.6538 (0.6623)  loss_giou_dn_2: 0.6400 (0.6524)  loss_vfl: 0.4808 (0.4805)  loss_vfl_aux_0: 0.4877 (0.4956)  loss_vfl_aux_1: 0.4814 (0.4877)  loss_vfl_aux_2: 0.4838 (0.4939)  loss_vfl_dn_0: 0.4615 (0.4641)  loss_vfl_dn_1: 0.4293 (0.4344)  loss_vfl_dn_2: 0.4199 (0.4275)
Test:  [ 0/69]  eta: 0:01:42    time: 1.4923  data: 0.7861  max mem: 11522
Test:  [10/69]  eta: 0:00:35    time: 0.6090  data: 0.0912  max mem: 11522
Test:  [20/69]  eta: 0:00:28    time: 0.5345  data: 0.0211  max mem: 11522
Test:  [30/69]  eta: 0:00:22    time: 0.5786  data: 0.0207  max mem: 11522
Test:  [40/69]  eta: 0:00:16    time: 0.5541  data: 0.0207  max mem: 11522
Test:  [50/69]  eta: 0:00:10    time: 0.4777  data: 0.0211  max mem: 11522
Test:  [60/69]  eta: 0:00:04    time: 0.4592  data: 0.0214  max mem: 11522
Test:  [68/69]  eta: 0:00:00    time: 0.4656  data: 0.0204  max mem: 11522
Test: Total time: 0:00:36 (0.5276 s / it)
Averaged stats: 
Accumulating evaluation results...
DONE (t=1.96s).
IoU metric: bbox
 Average Precision  (AP) @[ IoU=0.50:0.95 | area=   all | maxDets=100 ] = 0.229
 Average Precision  (AP) @[ IoU=0.50      | area=   all | maxDets=100 ] = 0.385
 Average Precision  (AP) @[ IoU=0.75      | area=   all | maxDets=100 ] = 0.233
 Average Precision  (AP) @[ IoU=0.50:0.95 | area= small | maxDets=100 ] = 0.142
 Average Precision  (AP) @[ IoU=0.50:0.95 | area=medium | maxDets=100 ] = 0.325
 Average Precision  (AP) @[ IoU=0.50:0.95 | area= large | maxDets=100 ] = 0.465
 Average Recall     (AR) @[ IoU=0.50:0.95 | area=   all | maxDets=  1 ] = 0.101
 Average Recall     (AR) @[ IoU=0.50:0.95 | area=   all | maxDets= 10 ] = 0.283
 Average Recall     (AR) @[ IoU=0.50:0.95 | area=   all | maxDets=100 ] = 0.381
 Average Recall     (AR) @[ IoU=0.50:0.95 | area= small | maxDets=100 ] = 0.286
 Average Recall     (AR) @[ IoU=0.50:0.95 | area=medium | maxDets=100 ] = 0.507
 Average Recall     (AR) @[ IoU=0.50:0.95 | area= large | maxDets=100 ] = 0.631
best_stat:  {'epoch': 79, 'coco_eval_bbox': 0.22936552604630284}
Epoch: [81]  [  0/809]  eta: 1:34:59  lr: 0.000010  loss: 9.8250 (9.8250)  loss_bbox: 0.0630 (0.0630)  loss_bbox_aux_0: 0.0713 (0.0713)  loss_bbox_aux_1: 0.0649 (0.0649)  loss_bbox_aux_2: 0.0967 (0.0967)  loss_bbox_dn_0: 0.0408 (0.0408)  loss_bbox_dn_1: 0.0339 (0.0339)  loss_bbox_dn_2: 0.0328 (0.0328)  loss_giou: 0.9309 (0.9309)  loss_giou_aux_0: 0.9657 (0.9657)  loss_giou_aux_1: 0.9382 (0.9382)  loss_giou_aux_2: 1.0656 (1.0656)  loss_giou_dn_0: 0.7796 (0.7796)  loss_giou_dn_1: 0.7165 (0.7165)  loss_giou_dn_2: 0.7049 (0.7049)  loss_vfl: 0.4957 (0.4957)  loss_vfl_aux_0: 0.5121 (0.5121)  loss_vfl_aux_1: 0.5024 (0.5024)  loss_vfl_aux_2: 0.4862 (0.4862)  loss_vfl_dn_0: 0.4687 (0.4687)  loss_vfl_dn_1: 0.4308 (0.4308)  loss_vfl_dn_2: 0.4242 (0.4242)  time: 7.0446  data: 2.9046  max mem: 11522
Epoch: [81]  [100/809]  eta: 0:12:46  lr: 0.000010  loss: 9.7272 (9.7528)  loss_bbox: 0.0724 (0.0817)  loss_bbox_aux_0: 0.0799 (0.0880)  loss_bbox_aux_1: 0.0726 (0.0831)  loss_bbox_aux_2: 0.0929 (0.1028)  loss_bbox_dn_0: 0.0439 (0.0471)  loss_bbox_dn_1: 0.0362 (0.0391)  loss_bbox_dn_2: 0.0352 (0.0382)  loss_giou: 0.9334 (0.9535)  loss_giou_aux_0: 0.9594 (0.9805)  loss_giou_aux_1: 0.9440 (0.9597)  loss_giou_aux_2: 1.0075 (1.0436)  loss_giou_dn_0: 0.7466 (0.7520)  loss_giou_dn_1: 0.6646 (0.6820)  loss_giou_dn_2: 0.6584 (0.6722)  loss_vfl: 0.4668 (0.4692)  loss_vfl_aux_0: 0.4943 (0.4815)  loss_vfl_aux_1: 0.4818 (0.4749)  loss_vfl_aux_2: 0.4941 (0.4781)  loss_vfl_dn_0: 0.4582 (0.4627)  loss_vfl_dn_1: 0.4321 (0.4345)  loss_vfl_dn_2: 0.4252 (0.4284)  time: 0.9684  data: 0.0292  max mem: 11522
Epoch: [81]  [200/809]  eta: 0:10:36  lr: 0.000010  loss: 9.3319 (9.5634)  loss_bbox: 0.0620 (0.0781)  loss_bbox_aux_0: 0.0695 (0.0833)  loss_bbox_aux_1: 0.0649 (0.0792)  loss_bbox_aux_2: 0.0843 (0.0976)  loss_bbox_dn_0: 0.0439 (0.0480)  loss_bbox_dn_1: 0.0365 (0.0398)  loss_bbox_dn_2: 0.0354 (0.0389)  loss_giou: 0.8129 (0.9120)  loss_giou_aux_0: 0.8398 (0.9393)  loss_giou_aux_1: 0.8173 (0.9179)  loss_giou_aux_2: 0.9114 (1.0048)  loss_giou_dn_0: 0.7395 (0.7340)  loss_giou_dn_1: 0.6550 (0.6626)  loss_giou_dn_2: 0.6403 (0.6523)  loss_vfl: 0.4894 (0.4798)  loss_vfl_aux_0: 0.5012 (0.4937)  loss_vfl_aux_1: 0.4975 (0.4867)  loss_vfl_aux_2: 0.5038 (0.4914)  loss_vfl_dn_0: 0.4631 (0.4632)  loss_vfl_dn_1: 0.4345 (0.4338)  loss_vfl_dn_2: 0.4243 (0.4269)  time: 1.0641  data: 0.0275  max mem: 11522
Epoch: [81]  [300/809]  eta: 0:08:49  lr: 0.000010  loss: 9.4883 (9.5798)  loss_bbox: 0.0763 (0.0788)  loss_bbox_aux_0: 0.0807 (0.0840)  loss_bbox_aux_1: 0.0782 (0.0800)  loss_bbox_aux_2: 0.0953 (0.0985)  loss_bbox_dn_0: 0.0466 (0.0484)  loss_bbox_dn_1: 0.0398 (0.0401)  loss_bbox_dn_2: 0.0389 (0.0392)  loss_giou: 0.8982 (0.9152)  loss_giou_aux_0: 0.9431 (0.9432)  loss_giou_aux_1: 0.9100 (0.9213)  loss_giou_aux_2: 0.9917 (1.0078)  loss_giou_dn_0: 0.7271 (0.7331)  loss_giou_dn_1: 0.6567 (0.6612)  loss_giou_dn_2: 0.6416 (0.6511)  loss_vfl: 0.4698 (0.4798)  loss_vfl_aux_0: 0.4846 (0.4936)  loss_vfl_aux_1: 0.4775 (0.4862)  loss_vfl_aux_2: 0.4827 (0.4918)  loss_vfl_dn_0: 0.4614 (0.4643)  loss_vfl_dn_1: 0.4319 (0.4346)  loss_vfl_dn_2: 0.4246 (0.4276)  time: 0.9783  data: 0.0278  max mem: 11522
Epoch: [81]  [400/809]  eta: 0:07:05  lr: 0.000010  loss: 9.4825 (9.5695)  loss_bbox: 0.0675 (0.0783)  loss_bbox_aux_0: 0.0720 (0.0833)  loss_bbox_aux_1: 0.0695 (0.0795)  loss_bbox_aux_2: 0.0842 (0.0977)  loss_bbox_dn_0: 0.0495 (0.0487)  loss_bbox_dn_1: 0.0434 (0.0404)  loss_bbox_dn_2: 0.0422 (0.0394)  loss_giou: 0.8837 (0.9111)  loss_giou_aux_0: 0.9155 (0.9393)  loss_giou_aux_1: 0.8926 (0.9174)  loss_giou_aux_2: 0.9752 (1.0035)  loss_giou_dn_0: 0.7072 (0.7335)  loss_giou_dn_1: 0.6303 (0.6618)  loss_giou_dn_2: 0.6172 (0.6517)  loss_vfl: 0.5065 (0.4813)  loss_vfl_aux_0: 0.5180 (0.4950)  loss_vfl_aux_1: 0.5115 (0.4879)  loss_vfl_aux_2: 0.5135 (0.4934)  loss_vfl_dn_0: 0.4671 (0.4643)  loss_vfl_dn_1: 0.4382 (0.4346)  loss_vfl_dn_2: 0.4310 (0.4276)  time: 1.0613  data: 0.0286  max mem: 11522
Epoch: [81]  [500/809]  eta: 0:05:20  lr: 0.000010  loss: 9.2870 (9.5821)  loss_bbox: 0.0749 (0.0789)  loss_bbox_aux_0: 0.0799 (0.0840)  loss_bbox_aux_1: 0.0744 (0.0803)  loss_bbox_aux_2: 0.0919 (0.0985)  loss_bbox_dn_0: 0.0487 (0.0487)  loss_bbox_dn_1: 0.0394 (0.0404)  loss_bbox_dn_2: 0.0387 (0.0394)  loss_giou: 0.8744 (0.9141)  loss_giou_aux_0: 0.9019 (0.9424)  loss_giou_aux_1: 0.8794 (0.9203)  loss_giou_aux_2: 0.9682 (1.0075)  loss_giou_dn_0: 0.6977 (0.7344)  loss_giou_dn_1: 0.6388 (0.6626)  loss_giou_dn_2: 0.6348 (0.6525)  loss_vfl: 0.5004 (0.4801)  loss_vfl_aux_0: 0.5156 (0.4940)  loss_vfl_aux_1: 0.5114 (0.4869)  loss_vfl_aux_2: 0.5038 (0.4921)  loss_vfl_dn_0: 0.4627 (0.4639)  loss_vfl_dn_1: 0.4361 (0.4340)  loss_vfl_dn_2: 0.4326 (0.4271)  time: 1.0174  data: 0.0287  max mem: 11522
Epoch: [81]  [600/809]  eta: 0:03:36  lr: 0.000010  loss: 9.3778 (9.5717)  loss_bbox: 0.0717 (0.0787)  loss_bbox_aux_0: 0.0737 (0.0839)  loss_bbox_aux_1: 0.0700 (0.0801)  loss_bbox_aux_2: 0.0902 (0.0984)  loss_bbox_dn_0: 0.0445 (0.0486)  loss_bbox_dn_1: 0.0364 (0.0403)  loss_bbox_dn_2: 0.0360 (0.0393)  loss_giou: 0.8837 (0.9124)  loss_giou_aux_0: 0.9215 (0.9403)  loss_giou_aux_1: 0.8751 (0.9182)  loss_giou_aux_2: 0.9682 (1.0054)  loss_giou_dn_0: 0.7148 (0.7341)  loss_giou_dn_1: 0.6582 (0.6621)  loss_giou_dn_2: 0.6504 (0.6520)  loss_vfl: 0.4847 (0.4798)  loss_vfl_aux_0: 0.5106 (0.4943)  loss_vfl_aux_1: 0.5020 (0.4868)  loss_vfl_aux_2: 0.5043 (0.4924)  loss_vfl_dn_0: 0.4668 (0.4639)  loss_vfl_dn_1: 0.4331 (0.4338)  loss_vfl_dn_2: 0.4240 (0.4268)  time: 1.0106  data: 0.0280  max mem: 11522
Epoch: [81]  [700/809]  eta: 0:01:52  lr: 0.000010  loss: 9.5450 (9.5568)  loss_bbox: 0.0738 (0.0780)  loss_bbox_aux_0: 0.0769 (0.0830)  loss_bbox_aux_1: 0.0747 (0.0794)  loss_bbox_aux_2: 0.0860 (0.0975)  loss_bbox_dn_0: 0.0438 (0.0486)  loss_bbox_dn_1: 0.0367 (0.0403)  loss_bbox_dn_2: 0.0362 (0.0393)  loss_giou: 0.9108 (0.9102)  loss_giou_aux_0: 0.9493 (0.9378)  loss_giou_aux_1: 0.9136 (0.9156)  loss_giou_aux_2: 1.0323 (1.0033)  loss_giou_dn_0: 0.7453 (0.7331)  loss_giou_dn_1: 0.6819 (0.6612)  loss_giou_dn_2: 0.6623 (0.6509)  loss_vfl: 0.4627 (0.4802)  loss_vfl_aux_0: 0.4789 (0.4947)  loss_vfl_aux_1: 0.4716 (0.4872)  loss_vfl_aux_2: 0.4644 (0.4926)  loss_vfl_dn_0: 0.4553 (0.4637)  loss_vfl_dn_1: 0.4285 (0.4336)  loss_vfl_dn_2: 0.4230 (0.4266)  time: 1.0682  data: 0.0299  max mem: 11522
Epoch: [81]  [800/809]  eta: 0:00:09  lr: 0.000010  loss: 9.3957 (9.5790)  loss_bbox: 0.0777 (0.0791)  loss_bbox_aux_0: 0.0764 (0.0841)  loss_bbox_aux_1: 0.0802 (0.0804)  loss_bbox_aux_2: 0.1011 (0.0985)  loss_bbox_dn_0: 0.0492 (0.0489)  loss_bbox_dn_1: 0.0411 (0.0406)  loss_bbox_dn_2: 0.0410 (0.0395)  loss_giou: 0.8837 (0.9144)  loss_giou_aux_0: 0.9054 (0.9416)  loss_giou_aux_1: 0.8901 (0.9197)  loss_giou_aux_2: 0.9768 (1.0072)  loss_giou_dn_0: 0.7149 (0.7348)  loss_giou_dn_1: 0.6374 (0.6629)  loss_giou_dn_2: 0.6287 (0.6527)  loss_vfl: 0.4928 (0.4790)  loss_vfl_aux_0: 0.4953 (0.4934)  loss_vfl_aux_1: 0.5000 (0.4860)  loss_vfl_aux_2: 0.5128 (0.4913)  loss_vfl_dn_0: 0.4676 (0.4639)  loss_vfl_dn_1: 0.4369 (0.4340)  loss_vfl_dn_2: 0.4289 (0.4270)  time: 1.0200  data: 0.0281  max mem: 11522
Epoch: [81]  [808/809]  eta: 0:00:01  lr: 0.000010  loss: 9.8079 (9.5793)  loss_bbox: 0.0724 (0.0790)  loss_bbox_aux_0: 0.0749 (0.0840)  loss_bbox_aux_1: 0.0737 (0.0803)  loss_bbox_aux_2: 0.0903 (0.0984)  loss_bbox_dn_0: 0.0477 (0.0489)  loss_bbox_dn_1: 0.0407 (0.0405)  loss_bbox_dn_2: 0.0393 (0.0395)  loss_giou: 0.9428 (0.9144)  loss_giou_aux_0: 0.9645 (0.9416)  loss_giou_aux_1: 0.9573 (0.9197)  loss_giou_aux_2: 1.0248 (1.0072)  loss_giou_dn_0: 0.7677 (0.7350)  loss_giou_dn_1: 0.6789 (0.6629)  loss_giou_dn_2: 0.6687 (0.6528)  loss_vfl: 0.4928 (0.4791)  loss_vfl_aux_0: 0.4951 (0.4935)  loss_vfl_aux_1: 0.4988 (0.4861)  loss_vfl_aux_2: 0.4854 (0.4914)  loss_vfl_dn_0: 0.4605 (0.4639)  loss_vfl_dn_1: 0.4360 (0.4340)  loss_vfl_dn_2: 0.4299 (0.4271)  time: 0.9378  data: 0.0266  max mem: 11522
Epoch: [81] Total time: 0:13:53 (1.0304 s / it)
Averaged stats: lr: 0.000010  loss: 9.8079 (9.5793)  loss_bbox: 0.0724 (0.0790)  loss_bbox_aux_0: 0.0749 (0.0840)  loss_bbox_aux_1: 0.0737 (0.0803)  loss_bbox_aux_2: 0.0903 (0.0984)  loss_bbox_dn_0: 0.0477 (0.0489)  loss_bbox_dn_1: 0.0407 (0.0405)  loss_bbox_dn_2: 0.0393 (0.0395)  loss_giou: 0.9428 (0.9144)  loss_giou_aux_0: 0.9645 (0.9416)  loss_giou_aux_1: 0.9573 (0.9197)  loss_giou_aux_2: 1.0248 (1.0072)  loss_giou_dn_0: 0.7677 (0.7350)  loss_giou_dn_1: 0.6789 (0.6629)  loss_giou_dn_2: 0.6687 (0.6528)  loss_vfl: 0.4928 (0.4791)  loss_vfl_aux_0: 0.4951 (0.4935)  loss_vfl_aux_1: 0.4988 (0.4861)  loss_vfl_aux_2: 0.4854 (0.4914)  loss_vfl_dn_0: 0.4605 (0.4639)  loss_vfl_dn_1: 0.4360 (0.4340)  loss_vfl_dn_2: 0.4299 (0.4271)
Test:  [ 0/69]  eta: 0:01:25    time: 1.2414  data: 0.7670  max mem: 11522
Test:  [10/69]  eta: 0:00:35    time: 0.6055  data: 0.0868  max mem: 11522
Test:  [20/69]  eta: 0:00:28    time: 0.5512  data: 0.0205  max mem: 11522
Test:  [30/69]  eta: 0:00:23    time: 0.5840  data: 0.0223  max mem: 11522
Test:  [40/69]  eta: 0:00:16    time: 0.5523  data: 0.0223  max mem: 11522
Test:  [50/69]  eta: 0:00:10    time: 0.4605  data: 0.0232  max mem: 11522
Test:  [60/69]  eta: 0:00:04    time: 0.4250  data: 0.0227  max mem: 11522
Test:  [68/69]  eta: 0:00:00    time: 0.4523  data: 0.0200  max mem: 11522
Test: Total time: 0:00:35 (0.5204 s / it)
Averaged stats: 
Accumulating evaluation results...
DONE (t=2.05s).
IoU metric: bbox
 Average Precision  (AP) @[ IoU=0.50:0.95 | area=   all | maxDets=100 ] = 0.229
 Average Precision  (AP) @[ IoU=0.50      | area=   all | maxDets=100 ] = 0.384
 Average Precision  (AP) @[ IoU=0.75      | area=   all | maxDets=100 ] = 0.232
 Average Precision  (AP) @[ IoU=0.50:0.95 | area= small | maxDets=100 ] = 0.141
 Average Precision  (AP) @[ IoU=0.50:0.95 | area=medium | maxDets=100 ] = 0.325
 Average Precision  (AP) @[ IoU=0.50:0.95 | area= large | maxDets=100 ] = 0.468
 Average Recall     (AR) @[ IoU=0.50:0.95 | area=   all | maxDets=  1 ] = 0.101
 Average Recall     (AR) @[ IoU=0.50:0.95 | area=   all | maxDets= 10 ] = 0.283
 Average Recall     (AR) @[ IoU=0.50:0.95 | area=   all | maxDets=100 ] = 0.381
 Average Recall     (AR) @[ IoU=0.50:0.95 | area= small | maxDets=100 ] = 0.286
 Average Recall     (AR) @[ IoU=0.50:0.95 | area=medium | maxDets=100 ] = 0.507
 Average Recall     (AR) @[ IoU=0.50:0.95 | area= large | maxDets=100 ] = 0.632
best_stat:  {'epoch': 79, 'coco_eval_bbox': 0.22936552604630284}
Epoch: [82]  [  0/809]  eta: 1:26:19  lr: 0.000010  loss: 10.9547 (10.9547)  loss_bbox: 0.0984 (0.0984)  loss_bbox_aux_0: 0.1047 (0.1047)  loss_bbox_aux_1: 0.1005 (0.1005)  loss_bbox_aux_2: 0.1301 (0.1301)  loss_bbox_dn_0: 0.0407 (0.0407)  loss_bbox_dn_1: 0.0348 (0.0348)  loss_bbox_dn_2: 0.0346 (0.0346)  loss_giou: 1.2285 (1.2285)  loss_giou_aux_0: 1.2788 (1.2788)  loss_giou_aux_1: 1.2527 (1.2527)  loss_giou_aux_2: 1.3467 (1.3467)  loss_giou_dn_0: 0.8957 (0.8957)  loss_giou_dn_1: 0.8314 (0.8314)  loss_giou_dn_2: 0.8229 (0.8229)  loss_vfl: 0.3742 (0.3742)  loss_vfl_aux_0: 0.3731 (0.3731)  loss_vfl_aux_1: 0.3749 (0.3749)  loss_vfl_aux_2: 0.3391 (0.3391)  loss_vfl_dn_0: 0.4448 (0.4448)  loss_vfl_dn_1: 0.4243 (0.4243)  loss_vfl_dn_2: 0.4238 (0.4238)  time: 6.4022  data: 3.9551  max mem: 11522
Epoch: [82]  [100/809]  eta: 0:12:54  lr: 0.000010  loss: 9.3773 (9.5781)  loss_bbox: 0.0750 (0.0766)  loss_bbox_aux_0: 0.0787 (0.0815)  loss_bbox_aux_1: 0.0759 (0.0780)  loss_bbox_aux_2: 0.0920 (0.0957)  loss_bbox_dn_0: 0.0523 (0.0493)  loss_bbox_dn_1: 0.0416 (0.0412)  loss_bbox_dn_2: 0.0402 (0.0402)  loss_giou: 0.9039 (0.9173)  loss_giou_aux_0: 0.9316 (0.9438)  loss_giou_aux_1: 0.9050 (0.9234)  loss_giou_aux_2: 0.9827 (1.0123)  loss_giou_dn_0: 0.7335 (0.7365)  loss_giou_dn_1: 0.6578 (0.6650)  loss_giou_dn_2: 0.6487 (0.6553)  loss_vfl: 0.4578 (0.4783)  loss_vfl_aux_0: 0.4754 (0.4922)  loss_vfl_aux_1: 0.4652 (0.4851)  loss_vfl_aux_2: 0.4789 (0.4877)  loss_vfl_dn_0: 0.4666 (0.4611)  loss_vfl_dn_1: 0.4352 (0.4320)  loss_vfl_dn_2: 0.4287 (0.4255)  time: 1.0529  data: 0.0317  max mem: 11522
Epoch: [82]  [200/809]  eta: 0:10:53  lr: 0.000010  loss: 9.1288 (9.5703)  loss_bbox: 0.0675 (0.0762)  loss_bbox_aux_0: 0.0749 (0.0810)  loss_bbox_aux_1: 0.0682 (0.0776)  loss_bbox_aux_2: 0.0853 (0.0952)  loss_bbox_dn_0: 0.0467 (0.0488)  loss_bbox_dn_1: 0.0369 (0.0408)  loss_bbox_dn_2: 0.0356 (0.0398)  loss_giou: 0.8479 (0.9116)  loss_giou_aux_0: 0.8700 (0.9382)  loss_giou_aux_1: 0.8506 (0.9172)  loss_giou_aux_2: 0.9504 (1.0065)  loss_giou_dn_0: 0.6885 (0.7340)  loss_giou_dn_1: 0.6152 (0.6632)  loss_giou_dn_2: 0.6105 (0.6532)  loss_vfl: 0.4766 (0.4824)  loss_vfl_aux_0: 0.4980 (0.4965)  loss_vfl_aux_1: 0.4863 (0.4893)  loss_vfl_aux_2: 0.4990 (0.4934)  loss_vfl_dn_0: 0.4627 (0.4639)  loss_vfl_dn_1: 0.4290 (0.4342)  loss_vfl_dn_2: 0.4204 (0.4273)  time: 1.0247  data: 0.0262  max mem: 11522
Epoch: [82]  [300/809]  eta: 0:09:00  lr: 0.000010  loss: 9.7164 (9.5844)  loss_bbox: 0.0850 (0.0778)  loss_bbox_aux_0: 0.0844 (0.0824)  loss_bbox_aux_1: 0.0883 (0.0792)  loss_bbox_aux_2: 0.1004 (0.0963)  loss_bbox_dn_0: 0.0440 (0.0490)  loss_bbox_dn_1: 0.0374 (0.0408)  loss_bbox_dn_2: 0.0363 (0.0398)  loss_giou: 0.9309 (0.9161)  loss_giou_aux_0: 0.9475 (0.9418)  loss_giou_aux_1: 0.9310 (0.9214)  loss_giou_aux_2: 1.0491 (1.0098)  loss_giou_dn_0: 0.7466 (0.7341)  loss_giou_dn_1: 0.6795 (0.6627)  loss_giou_dn_2: 0.6720 (0.6524)  loss_vfl: 0.4590 (0.4809)  loss_vfl_aux_0: 0.4756 (0.4955)  loss_vfl_aux_1: 0.4669 (0.4883)  loss_vfl_aux_2: 0.4685 (0.4922)  loss_vfl_dn_0: 0.4639 (0.4637)  loss_vfl_dn_1: 0.4344 (0.4335)  loss_vfl_dn_2: 0.4316 (0.4268)  time: 1.0281  data: 0.0308  max mem: 11522
Epoch: [82]  [400/809]  eta: 0:07:11  lr: 0.000010  loss: 9.5947 (9.5432)  loss_bbox: 0.0624 (0.0772)  loss_bbox_aux_0: 0.0666 (0.0817)  loss_bbox_aux_1: 0.0633 (0.0785)  loss_bbox_aux_2: 0.0820 (0.0953)  loss_bbox_dn_0: 0.0425 (0.0487)  loss_bbox_dn_1: 0.0378 (0.0405)  loss_bbox_dn_2: 0.0369 (0.0395)  loss_giou: 0.8720 (0.9076)  loss_giou_aux_0: 0.8865 (0.9329)  loss_giou_aux_1: 0.8692 (0.9129)  loss_giou_aux_2: 0.9738 (1.0015)  loss_giou_dn_0: 0.7307 (0.7310)  loss_giou_dn_1: 0.6702 (0.6595)  loss_giou_dn_2: 0.6687 (0.6492)  loss_vfl: 0.4757 (0.4821)  loss_vfl_aux_0: 0.4936 (0.4971)  loss_vfl_aux_1: 0.4813 (0.4897)  loss_vfl_aux_2: 0.4896 (0.4943)  loss_vfl_dn_0: 0.4625 (0.4638)  loss_vfl_dn_1: 0.4310 (0.4335)  loss_vfl_dn_2: 0.4233 (0.4265)  time: 0.9971  data: 0.0327  max mem: 11522
Epoch: [82]  [500/809]  eta: 0:05:22  lr: 0.000010  loss: 9.1627 (9.5441)  loss_bbox: 0.0640 (0.0773)  loss_bbox_aux_0: 0.0706 (0.0818)  loss_bbox_aux_1: 0.0660 (0.0785)  loss_bbox_aux_2: 0.0826 (0.0953)  loss_bbox_dn_0: 0.0440 (0.0484)  loss_bbox_dn_1: 0.0364 (0.0402)  loss_bbox_dn_2: 0.0349 (0.0392)  loss_giou: 0.8423 (0.9077)  loss_giou_aux_0: 0.8595 (0.9331)  loss_giou_aux_1: 0.8501 (0.9130)  loss_giou_aux_2: 0.9624 (1.0022)  loss_giou_dn_0: 0.7085 (0.7312)  loss_giou_dn_1: 0.6293 (0.6597)  loss_giou_dn_2: 0.6228 (0.6495)  loss_vfl: 0.4842 (0.4819)  loss_vfl_aux_0: 0.5013 (0.4971)  loss_vfl_aux_1: 0.4898 (0.4896)  loss_vfl_aux_2: 0.4951 (0.4941)  loss_vfl_dn_0: 0.4607 (0.4638)  loss_vfl_dn_1: 0.4320 (0.4337)  loss_vfl_dn_2: 0.4267 (0.4268)  time: 0.9733  data: 0.0283  max mem: 11522
Epoch: [82]  [600/809]  eta: 0:03:37  lr: 0.000010  loss: 9.1403 (9.5181)  loss_bbox: 0.0655 (0.0769)  loss_bbox_aux_0: 0.0688 (0.0814)  loss_bbox_aux_1: 0.0671 (0.0782)  loss_bbox_aux_2: 0.0814 (0.0951)  loss_bbox_dn_0: 0.0426 (0.0481)  loss_bbox_dn_1: 0.0371 (0.0400)  loss_bbox_dn_2: 0.0369 (0.0391)  loss_giou: 0.8160 (0.9029)  loss_giou_aux_0: 0.8433 (0.9277)  loss_giou_aux_1: 0.8249 (0.9081)  loss_giou_aux_2: 0.9031 (0.9969)  loss_giou_dn_0: 0.7038 (0.7297)  loss_giou_dn_1: 0.6419 (0.6587)  loss_giou_dn_2: 0.6303 (0.6485)  loss_vfl: 0.5052 (0.4818)  loss_vfl_aux_0: 0.5242 (0.4973)  loss_vfl_aux_1: 0.5153 (0.4895)  loss_vfl_aux_2: 0.5221 (0.4946)  loss_vfl_dn_0: 0.4588 (0.4636)  loss_vfl_dn_1: 0.4328 (0.4334)  loss_vfl_dn_2: 0.4244 (0.4264)  time: 0.9985  data: 0.0288  max mem: 11522
Epoch: [82]  [700/809]  eta: 0:01:53  lr: 0.000010  loss: 9.7059 (9.5118)  loss_bbox: 0.0756 (0.0764)  loss_bbox_aux_0: 0.0772 (0.0809)  loss_bbox_aux_1: 0.0742 (0.0777)  loss_bbox_aux_2: 0.0912 (0.0944)  loss_bbox_dn_0: 0.0471 (0.0482)  loss_bbox_dn_1: 0.0393 (0.0401)  loss_bbox_dn_2: 0.0384 (0.0391)  loss_giou: 0.9408 (0.9010)  loss_giou_aux_0: 0.9630 (0.9261)  loss_giou_aux_1: 0.9421 (0.9063)  loss_giou_aux_2: 1.0232 (0.9951)  loss_giou_dn_0: 0.7594 (0.7293)  loss_giou_dn_1: 0.6848 (0.6582)  loss_giou_dn_2: 0.6692 (0.6480)  loss_vfl: 0.4623 (0.4827)  loss_vfl_aux_0: 0.4754 (0.4983)  loss_vfl_aux_1: 0.4648 (0.4905)  loss_vfl_aux_2: 0.4765 (0.4958)  loss_vfl_dn_0: 0.4597 (0.4636)  loss_vfl_dn_1: 0.4333 (0.4335)  loss_vfl_dn_2: 0.4259 (0.4265)  time: 1.0547  data: 0.0288  max mem: 11522
Epoch: [82]  [800/809]  eta: 0:00:09  lr: 0.000010  loss: 9.7389 (9.5192)  loss_bbox: 0.0754 (0.0768)  loss_bbox_aux_0: 0.0771 (0.0813)  loss_bbox_aux_1: 0.0753 (0.0781)  loss_bbox_aux_2: 0.0916 (0.0948)  loss_bbox_dn_0: 0.0412 (0.0482)  loss_bbox_dn_1: 0.0347 (0.0401)  loss_bbox_dn_2: 0.0340 (0.0391)  loss_giou: 0.9595 (0.9028)  loss_giou_aux_0: 0.9889 (0.9279)  loss_giou_aux_1: 0.9599 (0.9078)  loss_giou_aux_2: 1.0469 (0.9967)  loss_giou_dn_0: 0.7305 (0.7289)  loss_giou_dn_1: 0.6552 (0.6578)  loss_giou_dn_2: 0.6405 (0.6477)  loss_vfl: 0.4681 (0.4829)  loss_vfl_aux_0: 0.4944 (0.4982)  loss_vfl_aux_1: 0.4753 (0.4906)  loss_vfl_aux_2: 0.4772 (0.4956)  loss_vfl_dn_0: 0.4600 (0.4638)  loss_vfl_dn_1: 0.4304 (0.4335)  loss_vfl_dn_2: 0.4229 (0.4265)  time: 1.0049  data: 0.0315  max mem: 11522
Epoch: [82]  [808/809]  eta: 0:00:01  lr: 0.000010  loss: 9.4748 (9.5205)  loss_bbox: 0.0784 (0.0768)  loss_bbox_aux_0: 0.0818 (0.0814)  loss_bbox_aux_1: 0.0792 (0.0782)  loss_bbox_aux_2: 0.0916 (0.0949)  loss_bbox_dn_0: 0.0447 (0.0482)  loss_bbox_dn_1: 0.0357 (0.0401)  loss_bbox_dn_2: 0.0341 (0.0392)  loss_giou: 0.9054 (0.9030)  loss_giou_aux_0: 0.9333 (0.9281)  loss_giou_aux_1: 0.9107 (0.9080)  loss_giou_aux_2: 1.0073 (0.9969)  loss_giou_dn_0: 0.7212 (0.7290)  loss_giou_dn_1: 0.6507 (0.6579)  loss_giou_dn_2: 0.6402 (0.6477)  loss_vfl: 0.4719 (0.4829)  loss_vfl_aux_0: 0.4944 (0.4983)  loss_vfl_aux_1: 0.4784 (0.4906)  loss_vfl_aux_2: 0.4799 (0.4956)  loss_vfl_dn_0: 0.4617 (0.4637)  loss_vfl_dn_1: 0.4304 (0.4335)  loss_vfl_dn_2: 0.4234 (0.4265)  time: 0.8646  data: 0.0268  max mem: 11522
Epoch: [82] Total time: 0:13:55 (1.0331 s / it)
Averaged stats: lr: 0.000010  loss: 9.4748 (9.5205)  loss_bbox: 0.0784 (0.0768)  loss_bbox_aux_0: 0.0818 (0.0814)  loss_bbox_aux_1: 0.0792 (0.0782)  loss_bbox_aux_2: 0.0916 (0.0949)  loss_bbox_dn_0: 0.0447 (0.0482)  loss_bbox_dn_1: 0.0357 (0.0401)  loss_bbox_dn_2: 0.0341 (0.0392)  loss_giou: 0.9054 (0.9030)  loss_giou_aux_0: 0.9333 (0.9281)  loss_giou_aux_1: 0.9107 (0.9080)  loss_giou_aux_2: 1.0073 (0.9969)  loss_giou_dn_0: 0.7212 (0.7290)  loss_giou_dn_1: 0.6507 (0.6579)  loss_giou_dn_2: 0.6402 (0.6477)  loss_vfl: 0.4719 (0.4829)  loss_vfl_aux_0: 0.4944 (0.4983)  loss_vfl_aux_1: 0.4784 (0.4906)  loss_vfl_aux_2: 0.4799 (0.4956)  loss_vfl_dn_0: 0.4617 (0.4637)  loss_vfl_dn_1: 0.4304 (0.4335)  loss_vfl_dn_2: 0.4234 (0.4265)
Test:  [ 0/69]  eta: 0:01:43    time: 1.4998  data: 0.8190  max mem: 11522
Test:  [10/69]  eta: 0:00:36    time: 0.6247  data: 0.0892  max mem: 11522
Test:  [20/69]  eta: 0:00:29    time: 0.5557  data: 0.0190  max mem: 11522
Test:  [30/69]  eta: 0:00:22    time: 0.5344  data: 0.0211  max mem: 11522
Test:  [40/69]  eta: 0:00:16    time: 0.5267  data: 0.0216  max mem: 11522
Test:  [50/69]  eta: 0:00:10    time: 0.4954  data: 0.0220  max mem: 11522
Test:  [60/69]  eta: 0:00:04    time: 0.4361  data: 0.0214  max mem: 11522
Test:  [68/69]  eta: 0:00:00    time: 0.4533  data: 0.0199  max mem: 11522
Test: Total time: 0:00:35 (0.5194 s / it)
Averaged stats: 
Accumulating evaluation results...
DONE (t=1.93s).
IoU metric: bbox
 Average Precision  (AP) @[ IoU=0.50:0.95 | area=   all | maxDets=100 ] = 0.229
 Average Precision  (AP) @[ IoU=0.50      | area=   all | maxDets=100 ] = 0.385
 Average Precision  (AP) @[ IoU=0.75      | area=   all | maxDets=100 ] = 0.233
 Average Precision  (AP) @[ IoU=0.50:0.95 | area= small | maxDets=100 ] = 0.141
 Average Precision  (AP) @[ IoU=0.50:0.95 | area=medium | maxDets=100 ] = 0.325
 Average Precision  (AP) @[ IoU=0.50:0.95 | area= large | maxDets=100 ] = 0.476
 Average Recall     (AR) @[ IoU=0.50:0.95 | area=   all | maxDets=  1 ] = 0.101
 Average Recall     (AR) @[ IoU=0.50:0.95 | area=   all | maxDets= 10 ] = 0.283
 Average Recall     (AR) @[ IoU=0.50:0.95 | area=   all | maxDets=100 ] = 0.381
 Average Recall     (AR) @[ IoU=0.50:0.95 | area= small | maxDets=100 ] = 0.286
 Average Recall     (AR) @[ IoU=0.50:0.95 | area=medium | maxDets=100 ] = 0.507
 Average Recall     (AR) @[ IoU=0.50:0.95 | area= large | maxDets=100 ] = 0.631
best_stat:  {'epoch': 79, 'coco_eval_bbox': 0.22936552604630284}
Epoch: [83]  [  0/809]  eta: 1:17:21  lr: 0.000010  loss: 9.2970 (9.2970)  loss_bbox: 0.0558 (0.0558)  loss_bbox_aux_0: 0.0591 (0.0591)  loss_bbox_aux_1: 0.0571 (0.0571)  loss_bbox_aux_2: 0.0705 (0.0705)  loss_bbox_dn_0: 0.0394 (0.0394)  loss_bbox_dn_1: 0.0336 (0.0336)  loss_bbox_dn_2: 0.0332 (0.0332)  loss_giou: 0.9184 (0.9184)  loss_giou_aux_0: 0.9380 (0.9380)  loss_giou_aux_1: 0.9188 (0.9188)  loss_giou_aux_2: 1.0100 (1.0100)  loss_giou_dn_0: 0.7491 (0.7491)  loss_giou_dn_1: 0.6848 (0.6848)  loss_giou_dn_2: 0.6779 (0.6779)  loss_vfl: 0.4342 (0.4342)  loss_vfl_aux_0: 0.4411 (0.4411)  loss_vfl_aux_1: 0.4376 (0.4376)  loss_vfl_aux_2: 0.4551 (0.4551)  loss_vfl_dn_0: 0.4502 (0.4502)  loss_vfl_dn_1: 0.4228 (0.4228)  loss_vfl_dn_2: 0.4104 (0.4104)  time: 5.7371  data: 4.0365  max mem: 11522
Epoch: [83]  [100/809]  eta: 0:12:24  lr: 0.000010  loss: 9.4305 (9.3565)  loss_bbox: 0.0662 (0.0740)  loss_bbox_aux_0: 0.0718 (0.0780)  loss_bbox_aux_1: 0.0663 (0.0752)  loss_bbox_aux_2: 0.0852 (0.0910)  loss_bbox_dn_0: 0.0451 (0.0481)  loss_bbox_dn_1: 0.0371 (0.0398)  loss_bbox_dn_2: 0.0361 (0.0388)  loss_giou: 0.8865 (0.8753)  loss_giou_aux_0: 0.9010 (0.8976)  loss_giou_aux_1: 0.8882 (0.8793)  loss_giou_aux_2: 0.9704 (0.9688)  loss_giou_dn_0: 0.7205 (0.7155)  loss_giou_dn_1: 0.6512 (0.6433)  loss_giou_dn_2: 0.6467 (0.6337)  loss_vfl: 0.4788 (0.4832)  loss_vfl_aux_0: 0.4955 (0.5007)  loss_vfl_aux_1: 0.4861 (0.4912)  loss_vfl_aux_2: 0.4861 (0.5004)  loss_vfl_dn_0: 0.4590 (0.4638)  loss_vfl_dn_1: 0.4282 (0.4330)  loss_vfl_dn_2: 0.4232 (0.4256)  time: 1.0278  data: 0.0258  max mem: 11522
Epoch: [83]  [200/809]  eta: 0:10:21  lr: 0.000010  loss: 9.3131 (9.5140)  loss_bbox: 0.0686 (0.0778)  loss_bbox_aux_0: 0.0735 (0.0820)  loss_bbox_aux_1: 0.0705 (0.0792)  loss_bbox_aux_2: 0.0864 (0.0958)  loss_bbox_dn_0: 0.0454 (0.0485)  loss_bbox_dn_1: 0.0368 (0.0403)  loss_bbox_dn_2: 0.0363 (0.0394)  loss_giou: 0.8586 (0.9069)  loss_giou_aux_0: 0.8909 (0.9296)  loss_giou_aux_1: 0.8780 (0.9108)  loss_giou_aux_2: 0.9373 (0.9999)  loss_giou_dn_0: 0.7247 (0.7291)  loss_giou_dn_1: 0.6648 (0.6584)  loss_giou_dn_2: 0.6540 (0.6492)  loss_vfl: 0.4773 (0.4768)  loss_vfl_aux_0: 0.4828 (0.4926)  loss_vfl_aux_1: 0.4883 (0.4844)  loss_vfl_aux_2: 0.4939 (0.4912)  loss_vfl_dn_0: 0.4626 (0.4632)  loss_vfl_dn_1: 0.4342 (0.4331)  loss_vfl_dn_2: 0.4272 (0.4259)  time: 0.9770  data: 0.0251  max mem: 11522
Epoch: [83]  [300/809]  eta: 0:08:35  lr: 0.000010  loss: 9.7193 (9.4933)  loss_bbox: 0.0707 (0.0767)  loss_bbox_aux_0: 0.0729 (0.0809)  loss_bbox_aux_1: 0.0727 (0.0780)  loss_bbox_aux_2: 0.0866 (0.0945)  loss_bbox_dn_0: 0.0467 (0.0485)  loss_bbox_dn_1: 0.0381 (0.0403)  loss_bbox_dn_2: 0.0381 (0.0394)  loss_giou: 0.9255 (0.9024)  loss_giou_aux_0: 0.9511 (0.9249)  loss_giou_aux_1: 0.9395 (0.9057)  loss_giou_aux_2: 1.0380 (0.9955)  loss_giou_dn_0: 0.7479 (0.7273)  loss_giou_dn_1: 0.6746 (0.6561)  loss_giou_dn_2: 0.6556 (0.6467)  loss_vfl: 0.4752 (0.4791)  loss_vfl_aux_0: 0.4913 (0.4946)  loss_vfl_aux_1: 0.4787 (0.4865)  loss_vfl_aux_2: 0.4859 (0.4932)  loss_vfl_dn_0: 0.4626 (0.4634)  loss_vfl_dn_1: 0.4347 (0.4332)  loss_vfl_dn_2: 0.4300 (0.4260)  time: 0.9806  data: 0.0285  max mem: 11522
Epoch: [83]  [400/809]  eta: 0:06:52  lr: 0.000010  loss: 9.0839 (9.5205)  loss_bbox: 0.0656 (0.0774)  loss_bbox_aux_0: 0.0680 (0.0818)  loss_bbox_aux_1: 0.0668 (0.0788)  loss_bbox_aux_2: 0.0808 (0.0957)  loss_bbox_dn_0: 0.0455 (0.0484)  loss_bbox_dn_1: 0.0368 (0.0402)  loss_bbox_dn_2: 0.0356 (0.0393)  loss_giou: 0.8095 (0.9083)  loss_giou_aux_0: 0.8178 (0.9316)  loss_giou_aux_1: 0.8083 (0.9122)  loss_giou_aux_2: 0.9051 (1.0007)  loss_giou_dn_0: 0.7137 (0.7296)  loss_giou_dn_1: 0.6300 (0.6583)  loss_giou_dn_2: 0.6219 (0.6488)  loss_vfl: 0.4952 (0.4781)  loss_vfl_aux_0: 0.5101 (0.4935)  loss_vfl_aux_1: 0.5014 (0.4850)  loss_vfl_aux_2: 0.5005 (0.4919)  loss_vfl_dn_0: 0.4624 (0.4625)  loss_vfl_dn_1: 0.4283 (0.4327)  loss_vfl_dn_2: 0.4238 (0.4255)  time: 0.9629  data: 0.0259  max mem: 11522
Epoch: [83]  [500/809]  eta: 0:05:13  lr: 0.000010  loss: 9.3009 (9.4967)  loss_bbox: 0.0668 (0.0772)  loss_bbox_aux_0: 0.0747 (0.0815)  loss_bbox_aux_1: 0.0695 (0.0785)  loss_bbox_aux_2: 0.0831 (0.0953)  loss_bbox_dn_0: 0.0445 (0.0484)  loss_bbox_dn_1: 0.0370 (0.0402)  loss_bbox_dn_2: 0.0352 (0.0393)  loss_giou: 0.8932 (0.9040)  loss_giou_aux_0: 0.9042 (0.9271)  loss_giou_aux_1: 0.8953 (0.9077)  loss_giou_aux_2: 0.9590 (0.9954)  loss_giou_dn_0: 0.7158 (0.7269)  loss_giou_dn_1: 0.6406 (0.6556)  loss_giou_dn_2: 0.6332 (0.6460)  loss_vfl: 0.4758 (0.4788)  loss_vfl_aux_0: 0.4844 (0.4948)  loss_vfl_aux_1: 0.4784 (0.4861)  loss_vfl_aux_2: 0.4868 (0.4936)  loss_vfl_dn_0: 0.4622 (0.4627)  loss_vfl_dn_1: 0.4291 (0.4325)  loss_vfl_dn_2: 0.4265 (0.4253)  time: 1.0263  data: 0.0299  max mem: 11522
Epoch: [83]  [600/809]  eta: 0:03:32  lr: 0.000010  loss: 9.7416 (9.5325)  loss_bbox: 0.0761 (0.0784)  loss_bbox_aux_0: 0.0825 (0.0830)  loss_bbox_aux_1: 0.0784 (0.0798)  loss_bbox_aux_2: 0.0958 (0.0967)  loss_bbox_dn_0: 0.0474 (0.0484)  loss_bbox_dn_1: 0.0411 (0.0403)  loss_bbox_dn_2: 0.0399 (0.0393)  loss_giou: 0.9438 (0.9108)  loss_giou_aux_0: 0.9567 (0.9346)  loss_giou_aux_1: 0.9541 (0.9149)  loss_giou_aux_2: 1.0405 (1.0023)  loss_giou_dn_0: 0.7470 (0.7288)  loss_giou_dn_1: 0.6840 (0.6578)  loss_giou_dn_2: 0.6740 (0.6481)  loss_vfl: 0.4676 (0.4776)  loss_vfl_aux_0: 0.4824 (0.4933)  loss_vfl_aux_1: 0.4758 (0.4847)  loss_vfl_aux_2: 0.4652 (0.4920)  loss_vfl_dn_0: 0.4658 (0.4630)  loss_vfl_dn_1: 0.4353 (0.4329)  loss_vfl_dn_2: 0.4282 (0.4259)  time: 1.0302  data: 0.0321  max mem: 11522
Epoch: [83]  [700/809]  eta: 0:01:51  lr: 0.000010  loss: 9.2902 (9.5179)  loss_bbox: 0.0708 (0.0782)  loss_bbox_aux_0: 0.0722 (0.0828)  loss_bbox_aux_1: 0.0693 (0.0796)  loss_bbox_aux_2: 0.0828 (0.0965)  loss_bbox_dn_0: 0.0465 (0.0485)  loss_bbox_dn_1: 0.0384 (0.0403)  loss_bbox_dn_2: 0.0376 (0.0393)  loss_giou: 0.8541 (0.9075)  loss_giou_aux_0: 0.8723 (0.9315)  loss_giou_aux_1: 0.8532 (0.9119)  loss_giou_aux_2: 0.9360 (0.9987)  loss_giou_dn_0: 0.7118 (0.7272)  loss_giou_dn_1: 0.6490 (0.6560)  loss_giou_dn_2: 0.6371 (0.6462)  loss_vfl: 0.4972 (0.4786)  loss_vfl_aux_0: 0.5127 (0.4943)  loss_vfl_aux_1: 0.5090 (0.4858)  loss_vfl_aux_2: 0.5018 (0.4933)  loss_vfl_dn_0: 0.4625 (0.4631)  loss_vfl_dn_1: 0.4277 (0.4328)  loss_vfl_dn_2: 0.4216 (0.4257)  time: 1.1052  data: 0.0329  max mem: 11522
Epoch: [83]  [800/809]  eta: 0:00:09  lr: 0.000010  loss: 9.4104 (9.5321)  loss_bbox: 0.0812 (0.0789)  loss_bbox_aux_0: 0.0826 (0.0836)  loss_bbox_aux_1: 0.0833 (0.0804)  loss_bbox_aux_2: 0.0963 (0.0972)  loss_bbox_dn_0: 0.0470 (0.0486)  loss_bbox_dn_1: 0.0389 (0.0404)  loss_bbox_dn_2: 0.0379 (0.0394)  loss_giou: 0.8634 (0.9101)  loss_giou_aux_0: 0.8882 (0.9339)  loss_giou_aux_1: 0.8659 (0.9144)  loss_giou_aux_2: 0.9750 (1.0009)  loss_giou_dn_0: 0.7325 (0.7281)  loss_giou_dn_1: 0.6654 (0.6569)  loss_giou_dn_2: 0.6513 (0.6470)  loss_vfl: 0.4731 (0.4781)  loss_vfl_aux_0: 0.4858 (0.4937)  loss_vfl_aux_1: 0.4768 (0.4853)  loss_vfl_aux_2: 0.4756 (0.4926)  loss_vfl_dn_0: 0.4582 (0.4632)  loss_vfl_dn_1: 0.4362 (0.4332)  loss_vfl_dn_2: 0.4280 (0.4261)  time: 1.0333  data: 0.0296  max mem: 11522
Epoch: [83]  [808/809]  eta: 0:00:01  lr: 0.000010  loss: 9.3632 (9.5307)  loss_bbox: 0.0812 (0.0789)  loss_bbox_aux_0: 0.0826 (0.0836)  loss_bbox_aux_1: 0.0833 (0.0803)  loss_bbox_aux_2: 0.0963 (0.0971)  loss_bbox_dn_0: 0.0485 (0.0486)  loss_bbox_dn_1: 0.0389 (0.0404)  loss_bbox_dn_2: 0.0373 (0.0393)  loss_giou: 0.8526 (0.9099)  loss_giou_aux_0: 0.8748 (0.9337)  loss_giou_aux_1: 0.8603 (0.9141)  loss_giou_aux_2: 0.9435 (1.0007)  loss_giou_dn_0: 0.7322 (0.7280)  loss_giou_dn_1: 0.6637 (0.6567)  loss_giou_dn_2: 0.6451 (0.6469)  loss_vfl: 0.4802 (0.4781)  loss_vfl_aux_0: 0.4863 (0.4938)  loss_vfl_aux_1: 0.4863 (0.4854)  loss_vfl_aux_2: 0.4756 (0.4927)  loss_vfl_dn_0: 0.4599 (0.4632)  loss_vfl_dn_1: 0.4351 (0.4332)  loss_vfl_dn_2: 0.4283 (0.4261)  time: 0.9064  data: 0.0260  max mem: 11522
Epoch: [83] Total time: 0:13:41 (1.0154 s / it)
Averaged stats: lr: 0.000010  loss: 9.3632 (9.5307)  loss_bbox: 0.0812 (0.0789)  loss_bbox_aux_0: 0.0826 (0.0836)  loss_bbox_aux_1: 0.0833 (0.0803)  loss_bbox_aux_2: 0.0963 (0.0971)  loss_bbox_dn_0: 0.0485 (0.0486)  loss_bbox_dn_1: 0.0389 (0.0404)  loss_bbox_dn_2: 0.0373 (0.0393)  loss_giou: 0.8526 (0.9099)  loss_giou_aux_0: 0.8748 (0.9337)  loss_giou_aux_1: 0.8603 (0.9141)  loss_giou_aux_2: 0.9435 (1.0007)  loss_giou_dn_0: 0.7322 (0.7280)  loss_giou_dn_1: 0.6637 (0.6567)  loss_giou_dn_2: 0.6451 (0.6469)  loss_vfl: 0.4802 (0.4781)  loss_vfl_aux_0: 0.4863 (0.4938)  loss_vfl_aux_1: 0.4863 (0.4854)  loss_vfl_aux_2: 0.4756 (0.4927)  loss_vfl_dn_0: 0.4599 (0.4632)  loss_vfl_dn_1: 0.4351 (0.4332)  loss_vfl_dn_2: 0.4283 (0.4261)
Test:  [ 0/69]  eta: 0:01:18    time: 1.1421  data: 0.6439  max mem: 11522
Test:  [10/69]  eta: 0:00:34    time: 0.5808  data: 0.0754  max mem: 11522
Test:  [20/69]  eta: 0:00:28    time: 0.5449  data: 0.0195  max mem: 11522
Test:  [30/69]  eta: 0:00:21    time: 0.5329  data: 0.0211  max mem: 11522
Test:  [40/69]  eta: 0:00:16    time: 0.5299  data: 0.0204  max mem: 11522
Test:  [50/69]  eta: 0:00:10    time: 0.4973  data: 0.0203  max mem: 11522
Test:  [60/69]  eta: 0:00:04    time: 0.4391  data: 0.0207  max mem: 11522
Test:  [68/69]  eta: 0:00:00    time: 0.4606  data: 0.0198  max mem: 11522
Test: Total time: 0:00:35 (0.5143 s / it)
Averaged stats: 
Accumulating evaluation results...
DONE (t=2.01s).
IoU metric: bbox
 Average Precision  (AP) @[ IoU=0.50:0.95 | area=   all | maxDets=100 ] = 0.229
 Average Precision  (AP) @[ IoU=0.50      | area=   all | maxDets=100 ] = 0.385
 Average Precision  (AP) @[ IoU=0.75      | area=   all | maxDets=100 ] = 0.232
 Average Precision  (AP) @[ IoU=0.50:0.95 | area= small | maxDets=100 ] = 0.140
 Average Precision  (AP) @[ IoU=0.50:0.95 | area=medium | maxDets=100 ] = 0.325
 Average Precision  (AP) @[ IoU=0.50:0.95 | area= large | maxDets=100 ] = 0.475
 Average Recall     (AR) @[ IoU=0.50:0.95 | area=   all | maxDets=  1 ] = 0.101
 Average Recall     (AR) @[ IoU=0.50:0.95 | area=   all | maxDets= 10 ] = 0.283
 Average Recall     (AR) @[ IoU=0.50:0.95 | area=   all | maxDets=100 ] = 0.380
 Average Recall     (AR) @[ IoU=0.50:0.95 | area= small | maxDets=100 ] = 0.286
 Average Recall     (AR) @[ IoU=0.50:0.95 | area=medium | maxDets=100 ] = 0.505
 Average Recall     (AR) @[ IoU=0.50:0.95 | area= large | maxDets=100 ] = 0.629
best_stat:  {'epoch': 79, 'coco_eval_bbox': 0.22936552604630284}
Epoch: [84]  [  0/809]  eta: 1:09:12  lr: 0.000010  loss: 9.1824 (9.1824)  loss_bbox: 0.0562 (0.0562)  loss_bbox_aux_0: 0.0573 (0.0573)  loss_bbox_aux_1: 0.0573 (0.0573)  loss_bbox_aux_2: 0.0738 (0.0738)  loss_bbox_dn_0: 0.0361 (0.0361)  loss_bbox_dn_1: 0.0294 (0.0294)  loss_bbox_dn_2: 0.0288 (0.0288)  loss_giou: 0.8695 (0.8695)  loss_giou_aux_0: 0.8886 (0.8886)  loss_giou_aux_1: 0.8736 (0.8736)  loss_giou_aux_2: 0.9952 (0.9952)  loss_giou_dn_0: 0.7221 (0.7221)  loss_giou_dn_1: 0.6385 (0.6385)  loss_giou_dn_2: 0.6239 (0.6239)  loss_vfl: 0.4821 (0.4821)  loss_vfl_aux_0: 0.4978 (0.4978)  loss_vfl_aux_1: 0.4866 (0.4866)  loss_vfl_aux_2: 0.4875 (0.4875)  loss_vfl_dn_0: 0.4450 (0.4450)  loss_vfl_dn_1: 0.4185 (0.4185)  loss_vfl_dn_2: 0.4144 (0.4144)  time: 5.1334  data: 2.3419  max mem: 11522
Epoch: [84]  [100/809]  eta: 0:12:44  lr: 0.000010  loss: 9.4578 (9.6096)  loss_bbox: 0.0733 (0.0790)  loss_bbox_aux_0: 0.0756 (0.0846)  loss_bbox_aux_1: 0.0745 (0.0805)  loss_bbox_aux_2: 0.0898 (0.1005)  loss_bbox_dn_0: 0.0487 (0.0480)  loss_bbox_dn_1: 0.0381 (0.0399)  loss_bbox_dn_2: 0.0364 (0.0390)  loss_giou: 0.8486 (0.9291)  loss_giou_aux_0: 0.8926 (0.9565)  loss_giou_aux_1: 0.8550 (0.9348)  loss_giou_aux_2: 1.0419 (1.0246)  loss_giou_dn_0: 0.7154 (0.7350)  loss_giou_dn_1: 0.6431 (0.6646)  loss_giou_dn_2: 0.6412 (0.6553)  loss_vfl: 0.4814 (0.4726)  loss_vfl_aux_0: 0.4947 (0.4849)  loss_vfl_aux_1: 0.4825 (0.4798)  loss_vfl_aux_2: 0.4772 (0.4825)  loss_vfl_dn_0: 0.4557 (0.4607)  loss_vfl_dn_1: 0.4294 (0.4322)  loss_vfl_dn_2: 0.4247 (0.4255)  time: 1.0303  data: 0.0311  max mem: 11522
Epoch: [84]  [200/809]  eta: 0:10:40  lr: 0.000010  loss: 9.8104 (9.5174)  loss_bbox: 0.0747 (0.0762)  loss_bbox_aux_0: 0.0797 (0.0812)  loss_bbox_aux_1: 0.0757 (0.0776)  loss_bbox_aux_2: 0.0963 (0.0956)  loss_bbox_dn_0: 0.0456 (0.0476)  loss_bbox_dn_1: 0.0384 (0.0396)  loss_bbox_dn_2: 0.0372 (0.0386)  loss_giou: 0.9788 (0.9098)  loss_giou_aux_0: 0.9842 (0.9348)  loss_giou_aux_1: 0.9756 (0.9148)  loss_giou_aux_2: 1.0566 (1.0031)  loss_giou_dn_0: 0.7755 (0.7279)  loss_giou_dn_1: 0.7029 (0.6574)  loss_giou_dn_2: 0.6904 (0.6476)  loss_vfl: 0.4607 (0.4787)  loss_vfl_aux_0: 0.4791 (0.4914)  loss_vfl_aux_1: 0.4806 (0.4860)  loss_vfl_aux_2: 0.4673 (0.4893)  loss_vfl_dn_0: 0.4633 (0.4620)  loss_vfl_dn_1: 0.4373 (0.4328)  loss_vfl_dn_2: 0.4284 (0.4257)  time: 1.0462  data: 0.0312  max mem: 11522
Epoch: [84]  [300/809]  eta: 0:08:54  lr: 0.000010  loss: 9.3371 (9.5462)  loss_bbox: 0.0734 (0.0777)  loss_bbox_aux_0: 0.0767 (0.0827)  loss_bbox_aux_1: 0.0756 (0.0791)  loss_bbox_aux_2: 0.0929 (0.0967)  loss_bbox_dn_0: 0.0505 (0.0475)  loss_bbox_dn_1: 0.0405 (0.0395)  loss_bbox_dn_2: 0.0394 (0.0386)  loss_giou: 0.8469 (0.9146)  loss_giou_aux_0: 0.8583 (0.9395)  loss_giou_aux_1: 0.8519 (0.9199)  loss_giou_aux_2: 0.9411 (1.0064)  loss_giou_dn_0: 0.7153 (0.7293)  loss_giou_dn_1: 0.6435 (0.6591)  loss_giou_dn_2: 0.6333 (0.6494)  loss_vfl: 0.4765 (0.4777)  loss_vfl_aux_0: 0.4883 (0.4914)  loss_vfl_aux_1: 0.4851 (0.4852)  loss_vfl_aux_2: 0.4881 (0.4889)  loss_vfl_dn_0: 0.4681 (0.4630)  loss_vfl_dn_1: 0.4368 (0.4335)  loss_vfl_dn_2: 0.4296 (0.4263)  time: 1.0519  data: 0.0292  max mem: 11522
Epoch: [84]  [400/809]  eta: 0:07:06  lr: 0.000010  loss: 9.2838 (9.5619)  loss_bbox: 0.0688 (0.0791)  loss_bbox_aux_0: 0.0711 (0.0840)  loss_bbox_aux_1: 0.0689 (0.0805)  loss_bbox_aux_2: 0.0783 (0.0979)  loss_bbox_dn_0: 0.0446 (0.0478)  loss_bbox_dn_1: 0.0382 (0.0399)  loss_bbox_dn_2: 0.0373 (0.0390)  loss_giou: 0.8588 (0.9173)  loss_giou_aux_0: 0.8736 (0.9421)  loss_giou_aux_1: 0.8586 (0.9224)  loss_giou_aux_2: 0.9326 (1.0082)  loss_giou_dn_0: 0.7201 (0.7315)  loss_giou_dn_1: 0.6631 (0.6614)  loss_giou_dn_2: 0.6539 (0.6518)  loss_vfl: 0.4722 (0.4759)  loss_vfl_aux_0: 0.4995 (0.4896)  loss_vfl_aux_1: 0.4857 (0.4835)  loss_vfl_aux_2: 0.5043 (0.4872)  loss_vfl_dn_0: 0.4654 (0.4628)  loss_vfl_dn_1: 0.4335 (0.4334)  loss_vfl_dn_2: 0.4269 (0.4262)  time: 0.9936  data: 0.0262  max mem: 11522
Epoch: [84]  [500/809]  eta: 0:05:21  lr: 0.000010  loss: 9.5319 (9.5647)  loss_bbox: 0.0744 (0.0792)  loss_bbox_aux_0: 0.0811 (0.0839)  loss_bbox_aux_1: 0.0766 (0.0805)  loss_bbox_aux_2: 0.0958 (0.0979)  loss_bbox_dn_0: 0.0464 (0.0482)  loss_bbox_dn_1: 0.0392 (0.0402)  loss_bbox_dn_2: 0.0386 (0.0392)  loss_giou: 0.9066 (0.9186)  loss_giou_aux_0: 0.9249 (0.9430)  loss_giou_aux_1: 0.9208 (0.9235)  loss_giou_aux_2: 1.0067 (1.0093)  loss_giou_dn_0: 0.7364 (0.7316)  loss_giou_dn_1: 0.6772 (0.6615)  loss_giou_dn_2: 0.6629 (0.6517)  loss_vfl: 0.4543 (0.4754)  loss_vfl_aux_0: 0.4863 (0.4896)  loss_vfl_aux_1: 0.4587 (0.4827)  loss_vfl_aux_2: 0.4781 (0.4872)  loss_vfl_dn_0: 0.4560 (0.4626)  loss_vfl_dn_1: 0.4309 (0.4330)  loss_vfl_dn_2: 0.4249 (0.4260)  time: 1.0352  data: 0.0289  max mem: 11522
Epoch: [84]  [600/809]  eta: 0:03:36  lr: 0.000010  loss: 9.5097 (9.5501)  loss_bbox: 0.0693 (0.0794)  loss_bbox_aux_0: 0.0737 (0.0841)  loss_bbox_aux_1: 0.0711 (0.0807)  loss_bbox_aux_2: 0.0845 (0.0980)  loss_bbox_dn_0: 0.0462 (0.0483)  loss_bbox_dn_1: 0.0398 (0.0403)  loss_bbox_dn_2: 0.0383 (0.0393)  loss_giou: 0.9356 (0.9143)  loss_giou_aux_0: 0.9747 (0.9386)  loss_giou_aux_1: 0.9442 (0.9192)  loss_giou_aux_2: 1.0230 (1.0053)  loss_giou_dn_0: 0.7371 (0.7297)  loss_giou_dn_1: 0.6839 (0.6594)  loss_giou_dn_2: 0.6709 (0.6495)  loss_vfl: 0.4937 (0.4770)  loss_vfl_aux_0: 0.5217 (0.4913)  loss_vfl_aux_1: 0.5056 (0.4844)  loss_vfl_aux_2: 0.5012 (0.4892)  loss_vfl_dn_0: 0.4647 (0.4630)  loss_vfl_dn_1: 0.4285 (0.4331)  loss_vfl_dn_2: 0.4207 (0.4260)  time: 1.0063  data: 0.0267  max mem: 11522
Epoch: [84]  [700/809]  eta: 0:01:52  lr: 0.000010  loss: 9.4547 (9.5534)  loss_bbox: 0.0701 (0.0798)  loss_bbox_aux_0: 0.0756 (0.0846)  loss_bbox_aux_1: 0.0714 (0.0812)  loss_bbox_aux_2: 0.0918 (0.0986)  loss_bbox_dn_0: 0.0441 (0.0482)  loss_bbox_dn_1: 0.0371 (0.0402)  loss_bbox_dn_2: 0.0363 (0.0393)  loss_giou: 0.8956 (0.9148)  loss_giou_aux_0: 0.9272 (0.9393)  loss_giou_aux_1: 0.9002 (0.9197)  loss_giou_aux_2: 0.9943 (1.0058)  loss_giou_dn_0: 0.7262 (0.7297)  loss_giou_dn_1: 0.6558 (0.6591)  loss_giou_dn_2: 0.6388 (0.6492)  loss_vfl: 0.4753 (0.4769)  loss_vfl_aux_0: 0.4940 (0.4914)  loss_vfl_aux_1: 0.4841 (0.4843)  loss_vfl_aux_2: 0.4836 (0.4896)  loss_vfl_dn_0: 0.4620 (0.4630)  loss_vfl_dn_1: 0.4341 (0.4328)  loss_vfl_dn_2: 0.4293 (0.4257)  time: 1.0144  data: 0.0255  max mem: 11522
Epoch: [84]  [800/809]  eta: 0:00:09  lr: 0.000010  loss: 8.9338 (9.5447)  loss_bbox: 0.0722 (0.0802)  loss_bbox_aux_0: 0.0765 (0.0850)  loss_bbox_aux_1: 0.0741 (0.0817)  loss_bbox_aux_2: 0.0877 (0.0991)  loss_bbox_dn_0: 0.0460 (0.0483)  loss_bbox_dn_1: 0.0368 (0.0403)  loss_bbox_dn_2: 0.0364 (0.0393)  loss_giou: 0.7853 (0.9120)  loss_giou_aux_0: 0.8120 (0.9364)  loss_giou_aux_1: 0.7942 (0.9168)  loss_giou_aux_2: 0.8848 (1.0034)  loss_giou_dn_0: 0.6768 (0.7279)  loss_giou_dn_1: 0.6117 (0.6574)  loss_giou_dn_2: 0.6015 (0.6475)  loss_vfl: 0.4995 (0.4780)  loss_vfl_aux_0: 0.5169 (0.4928)  loss_vfl_aux_1: 0.5033 (0.4855)  loss_vfl_aux_2: 0.5109 (0.4911)  loss_vfl_dn_0: 0.4645 (0.4633)  loss_vfl_dn_1: 0.4344 (0.4329)  loss_vfl_dn_2: 0.4280 (0.4258)  time: 1.0337  data: 0.0349  max mem: 11522
Epoch: [84]  [808/809]  eta: 0:00:01  lr: 0.000010  loss: 9.0586 (9.5439)  loss_bbox: 0.0704 (0.0803)  loss_bbox_aux_0: 0.0738 (0.0851)  loss_bbox_aux_1: 0.0731 (0.0818)  loss_bbox_aux_2: 0.0865 (0.0992)  loss_bbox_dn_0: 0.0480 (0.0483)  loss_bbox_dn_1: 0.0400 (0.0403)  loss_bbox_dn_2: 0.0390 (0.0393)  loss_giou: 0.8212 (0.9116)  loss_giou_aux_0: 0.8372 (0.9360)  loss_giou_aux_1: 0.8253 (0.9164)  loss_giou_aux_2: 0.8922 (1.0029)  loss_giou_dn_0: 0.6967 (0.7280)  loss_giou_dn_1: 0.6226 (0.6574)  loss_giou_dn_2: 0.6170 (0.6475)  loss_vfl: 0.4995 (0.4781)  loss_vfl_aux_0: 0.5169 (0.4929)  loss_vfl_aux_1: 0.5033 (0.4856)  loss_vfl_aux_2: 0.5109 (0.4912)  loss_vfl_dn_0: 0.4615 (0.4633)  loss_vfl_dn_1: 0.4274 (0.4329)  loss_vfl_dn_2: 0.4248 (0.4258)  time: 0.9158  data: 0.0315  max mem: 11522
Epoch: [84] Total time: 0:13:54 (1.0315 s / it)
Averaged stats: lr: 0.000010  loss: 9.0586 (9.5439)  loss_bbox: 0.0704 (0.0803)  loss_bbox_aux_0: 0.0738 (0.0851)  loss_bbox_aux_1: 0.0731 (0.0818)  loss_bbox_aux_2: 0.0865 (0.0992)  loss_bbox_dn_0: 0.0480 (0.0483)  loss_bbox_dn_1: 0.0400 (0.0403)  loss_bbox_dn_2: 0.0390 (0.0393)  loss_giou: 0.8212 (0.9116)  loss_giou_aux_0: 0.8372 (0.9360)  loss_giou_aux_1: 0.8253 (0.9164)  loss_giou_aux_2: 0.8922 (1.0029)  loss_giou_dn_0: 0.6967 (0.7280)  loss_giou_dn_1: 0.6226 (0.6574)  loss_giou_dn_2: 0.6170 (0.6475)  loss_vfl: 0.4995 (0.4781)  loss_vfl_aux_0: 0.5169 (0.4929)  loss_vfl_aux_1: 0.5033 (0.4856)  loss_vfl_aux_2: 0.5109 (0.4912)  loss_vfl_dn_0: 0.4615 (0.4633)  loss_vfl_dn_1: 0.4274 (0.4329)  loss_vfl_dn_2: 0.4248 (0.4258)
Test:  [ 0/69]  eta: 0:01:39    time: 1.4435  data: 1.0068  max mem: 11522
Test:  [10/69]  eta: 0:00:35    time: 0.6084  data: 0.1081  max mem: 11522
Test:  [20/69]  eta: 0:00:28    time: 0.5485  data: 0.0206  max mem: 11522
Test:  [30/69]  eta: 0:00:21    time: 0.5336  data: 0.0229  max mem: 11522
Test:  [40/69]  eta: 0:00:15    time: 0.4944  data: 0.0222  max mem: 11522
Test:  [50/69]  eta: 0:00:10    time: 0.5004  data: 0.0212  max mem: 11522
Test:  [60/69]  eta: 0:00:04    time: 0.4725  data: 0.0210  max mem: 11522
Test:  [68/69]  eta: 0:00:00    time: 0.4438  data: 0.0199  max mem: 11522
Test: Total time: 0:00:35 (0.5159 s / it)
Averaged stats: 
Accumulating evaluation results...
DONE (t=2.04s).
IoU metric: bbox
 Average Precision  (AP) @[ IoU=0.50:0.95 | area=   all | maxDets=100 ] = 0.228
 Average Precision  (AP) @[ IoU=0.50      | area=   all | maxDets=100 ] = 0.385
 Average Precision  (AP) @[ IoU=0.75      | area=   all | maxDets=100 ] = 0.232
 Average Precision  (AP) @[ IoU=0.50:0.95 | area= small | maxDets=100 ] = 0.141
 Average Precision  (AP) @[ IoU=0.50:0.95 | area=medium | maxDets=100 ] = 0.325
 Average Precision  (AP) @[ IoU=0.50:0.95 | area= large | maxDets=100 ] = 0.479
 Average Recall     (AR) @[ IoU=0.50:0.95 | area=   all | maxDets=  1 ] = 0.101
 Average Recall     (AR) @[ IoU=0.50:0.95 | area=   all | maxDets= 10 ] = 0.282
 Average Recall     (AR) @[ IoU=0.50:0.95 | area=   all | maxDets=100 ] = 0.380
 Average Recall     (AR) @[ IoU=0.50:0.95 | area= small | maxDets=100 ] = 0.286
 Average Recall     (AR) @[ IoU=0.50:0.95 | area=medium | maxDets=100 ] = 0.505
 Average Recall     (AR) @[ IoU=0.50:0.95 | area= large | maxDets=100 ] = 0.635
best_stat:  {'epoch': 79, 'coco_eval_bbox': 0.22936552604630284}
Epoch: [85]  [  0/809]  eta: 1:16:49  lr: 0.000010  loss: 7.9613 (7.9613)  loss_bbox: 0.0666 (0.0666)  loss_bbox_aux_0: 0.0731 (0.0731)  loss_bbox_aux_1: 0.0687 (0.0687)  loss_bbox_aux_2: 0.0907 (0.0907)  loss_bbox_dn_0: 0.0672 (0.0672)  loss_bbox_dn_1: 0.0526 (0.0526)  loss_bbox_dn_2: 0.0508 (0.0508)  loss_giou: 0.5643 (0.5643)  loss_giou_aux_0: 0.5893 (0.5893)  loss_giou_aux_1: 0.5685 (0.5685)  loss_giou_aux_2: 0.6868 (0.6868)  loss_giou_dn_0: 0.5715 (0.5715)  loss_giou_dn_1: 0.4976 (0.4976)  loss_giou_dn_2: 0.4901 (0.4901)  loss_vfl: 0.5253 (0.5253)  loss_vfl_aux_0: 0.5491 (0.5491)  loss_vfl_aux_1: 0.5383 (0.5383)  loss_vfl_aux_2: 0.5718 (0.5718)  loss_vfl_dn_0: 0.4842 (0.4842)  loss_vfl_dn_1: 0.4326 (0.4326)  loss_vfl_dn_2: 0.4223 (0.4223)  time: 5.6979  data: 3.7095  max mem: 11522
Epoch: [85]  [100/809]  eta: 0:12:27  lr: 0.000010  loss: 9.2759 (9.4891)  loss_bbox: 0.0707 (0.0752)  loss_bbox_aux_0: 0.0760 (0.0801)  loss_bbox_aux_1: 0.0743 (0.0766)  loss_bbox_aux_2: 0.0914 (0.0941)  loss_bbox_dn_0: 0.0447 (0.0477)  loss_bbox_dn_1: 0.0364 (0.0397)  loss_bbox_dn_2: 0.0360 (0.0388)  loss_giou: 0.8931 (0.9003)  loss_giou_aux_0: 0.9085 (0.9246)  loss_giou_aux_1: 0.9039 (0.9045)  loss_giou_aux_2: 0.9674 (0.9931)  loss_giou_dn_0: 0.7273 (0.7221)  loss_giou_dn_1: 0.6400 (0.6523)  loss_giou_dn_2: 0.6312 (0.6422)  loss_vfl: 0.4788 (0.4853)  loss_vfl_aux_0: 0.5020 (0.5006)  loss_vfl_aux_1: 0.4894 (0.4929)  loss_vfl_aux_2: 0.4887 (0.4965)  loss_vfl_dn_0: 0.4637 (0.4646)  loss_vfl_dn_1: 0.4295 (0.4327)  loss_vfl_dn_2: 0.4234 (0.4252)  time: 0.9565  data: 0.0297  max mem: 11522
Epoch: [85]  [200/809]  eta: 0:10:33  lr: 0.000010  loss: 9.5379 (9.4453)  loss_bbox: 0.0693 (0.0742)  loss_bbox_aux_0: 0.0713 (0.0791)  loss_bbox_aux_1: 0.0724 (0.0755)  loss_bbox_aux_2: 0.0860 (0.0932)  loss_bbox_dn_0: 0.0480 (0.0484)  loss_bbox_dn_1: 0.0384 (0.0402)  loss_bbox_dn_2: 0.0377 (0.0393)  loss_giou: 0.9080 (0.8894)  loss_giou_aux_0: 0.9090 (0.9141)  loss_giou_aux_1: 0.9125 (0.8941)  loss_giou_aux_2: 0.9744 (0.9825)  loss_giou_dn_0: 0.7173 (0.7224)  loss_giou_dn_1: 0.6455 (0.6515)  loss_giou_dn_2: 0.6384 (0.6412)  loss_vfl: 0.4582 (0.4862)  loss_vfl_aux_0: 0.4663 (0.5009)  loss_vfl_aux_1: 0.4665 (0.4936)  loss_vfl_aux_2: 0.4719 (0.4985)  loss_vfl_dn_0: 0.4577 (0.4637)  loss_vfl_dn_1: 0.4303 (0.4322)  loss_vfl_dn_2: 0.4248 (0.4250)  time: 1.0524  data: 0.0282  max mem: 11522
Epoch: [85]  [300/809]  eta: 0:08:44  lr: 0.000010  loss: 9.5932 (9.4339)  loss_bbox: 0.0751 (0.0745)  loss_bbox_aux_0: 0.0789 (0.0796)  loss_bbox_aux_1: 0.0731 (0.0758)  loss_bbox_aux_2: 0.0928 (0.0935)  loss_bbox_dn_0: 0.0451 (0.0486)  loss_bbox_dn_1: 0.0375 (0.0404)  loss_bbox_dn_2: 0.0370 (0.0394)  loss_giou: 0.9382 (0.8860)  loss_giou_aux_0: 0.9618 (0.9115)  loss_giou_aux_1: 0.9506 (0.8907)  loss_giou_aux_2: 1.0406 (0.9808)  loss_giou_dn_0: 0.7282 (0.7214)  loss_giou_dn_1: 0.6501 (0.6505)  loss_giou_dn_2: 0.6434 (0.6403)  loss_vfl: 0.4611 (0.4865)  loss_vfl_aux_0: 0.4686 (0.5011)  loss_vfl_aux_1: 0.4612 (0.4940)  loss_vfl_aux_2: 0.4669 (0.4989)  loss_vfl_dn_0: 0.4587 (0.4633)  loss_vfl_dn_1: 0.4297 (0.4321)  loss_vfl_dn_2: 0.4225 (0.4250)  time: 1.0135  data: 0.0290  max mem: 11522
Epoch: [85]  [400/809]  eta: 0:07:02  lr: 0.000010  loss: 9.4223 (9.4654)  loss_bbox: 0.0635 (0.0762)  loss_bbox_aux_0: 0.0681 (0.0812)  loss_bbox_aux_1: 0.0623 (0.0775)  loss_bbox_aux_2: 0.0800 (0.0948)  loss_bbox_dn_0: 0.0403 (0.0485)  loss_bbox_dn_1: 0.0335 (0.0402)  loss_bbox_dn_2: 0.0327 (0.0393)  loss_giou: 0.8769 (0.8919)  loss_giou_aux_0: 0.8941 (0.9168)  loss_giou_aux_1: 0.8744 (0.8963)  loss_giou_aux_2: 0.9747 (0.9856)  loss_giou_dn_0: 0.7498 (0.7236)  loss_giou_dn_1: 0.6548 (0.6521)  loss_giou_dn_2: 0.6472 (0.6418)  loss_vfl: 0.4722 (0.4854)  loss_vfl_aux_0: 0.4882 (0.5006)  loss_vfl_aux_1: 0.4761 (0.4933)  loss_vfl_aux_2: 0.4769 (0.4983)  loss_vfl_dn_0: 0.4610 (0.4636)  loss_vfl_dn_1: 0.4382 (0.4328)  loss_vfl_dn_2: 0.4318 (0.4256)  time: 1.0491  data: 0.0329  max mem: 11522
Epoch: [85]  [500/809]  eta: 0:05:19  lr: 0.000010  loss: 9.2528 (9.4666)  loss_bbox: 0.0667 (0.0760)  loss_bbox_aux_0: 0.0717 (0.0809)  loss_bbox_aux_1: 0.0671 (0.0773)  loss_bbox_aux_2: 0.0788 (0.0946)  loss_bbox_dn_0: 0.0442 (0.0485)  loss_bbox_dn_1: 0.0380 (0.0403)  loss_bbox_dn_2: 0.0373 (0.0394)  loss_giou: 0.8699 (0.8926)  loss_giou_aux_0: 0.8876 (0.9181)  loss_giou_aux_1: 0.8712 (0.8971)  loss_giou_aux_2: 0.9358 (0.9861)  loss_giou_dn_0: 0.7074 (0.7243)  loss_giou_dn_1: 0.6236 (0.6526)  loss_giou_dn_2: 0.6117 (0.6425)  loss_vfl: 0.4951 (0.4847)  loss_vfl_aux_0: 0.5210 (0.4997)  loss_vfl_aux_1: 0.5109 (0.4924)  loss_vfl_aux_2: 0.5268 (0.4976)  loss_vfl_dn_0: 0.4638 (0.4634)  loss_vfl_dn_1: 0.4353 (0.4328)  loss_vfl_dn_2: 0.4272 (0.4257)  time: 1.0084  data: 0.0260  max mem: 11522
Epoch: [85]  [600/809]  eta: 0:03:35  lr: 0.000010  loss: 9.0478 (9.4603)  loss_bbox: 0.0724 (0.0760)  loss_bbox_aux_0: 0.0800 (0.0809)  loss_bbox_aux_1: 0.0755 (0.0774)  loss_bbox_aux_2: 0.0927 (0.0943)  loss_bbox_dn_0: 0.0476 (0.0486)  loss_bbox_dn_1: 0.0389 (0.0404)  loss_bbox_dn_2: 0.0382 (0.0394)  loss_giou: 0.7723 (0.8916)  loss_giou_aux_0: 0.8230 (0.9167)  loss_giou_aux_1: 0.7972 (0.8961)  loss_giou_aux_2: 0.9225 (0.9843)  loss_giou_dn_0: 0.7005 (0.7235)  loss_giou_dn_1: 0.6193 (0.6518)  loss_giou_dn_2: 0.6141 (0.6415)  loss_vfl: 0.5022 (0.4847)  loss_vfl_aux_0: 0.5071 (0.4998)  loss_vfl_aux_1: 0.5076 (0.4922)  loss_vfl_aux_2: 0.5127 (0.4985)  loss_vfl_dn_0: 0.4654 (0.4636)  loss_vfl_dn_1: 0.4342 (0.4330)  loss_vfl_dn_2: 0.4295 (0.4260)  time: 1.0257  data: 0.0340  max mem: 11522
Epoch: [85]  [700/809]  eta: 0:01:52  lr: 0.000010  loss: 9.1788 (9.4866)  loss_bbox: 0.0660 (0.0765)  loss_bbox_aux_0: 0.0724 (0.0814)  loss_bbox_aux_1: 0.0671 (0.0778)  loss_bbox_aux_2: 0.0878 (0.0947)  loss_bbox_dn_0: 0.0454 (0.0482)  loss_bbox_dn_1: 0.0387 (0.0401)  loss_bbox_dn_2: 0.0374 (0.0391)  loss_giou: 0.8411 (0.8984)  loss_giou_aux_0: 0.8584 (0.9232)  loss_giou_aux_1: 0.8453 (0.9027)  loss_giou_aux_2: 0.9468 (0.9901)  loss_giou_dn_0: 0.7233 (0.7256)  loss_giou_dn_1: 0.6395 (0.6544)  loss_giou_dn_2: 0.6357 (0.6440)  loss_vfl: 0.4868 (0.4828)  loss_vfl_aux_0: 0.5048 (0.4977)  loss_vfl_aux_1: 0.4967 (0.4903)  loss_vfl_aux_2: 0.5017 (0.4964)  loss_vfl_dn_0: 0.4684 (0.4638)  loss_vfl_dn_1: 0.4317 (0.4332)  loss_vfl_dn_2: 0.4241 (0.4262)  time: 1.0625  data: 0.0303  max mem: 11522
Epoch: [85]  [800/809]  eta: 0:00:09  lr: 0.000010  loss: 9.6560 (9.4968)  loss_bbox: 0.0718 (0.0767)  loss_bbox_aux_0: 0.0766 (0.0816)  loss_bbox_aux_1: 0.0727 (0.0781)  loss_bbox_aux_2: 0.0900 (0.0950)  loss_bbox_dn_0: 0.0468 (0.0483)  loss_bbox_dn_1: 0.0391 (0.0402)  loss_bbox_dn_2: 0.0395 (0.0392)  loss_giou: 0.9454 (0.9013)  loss_giou_aux_0: 0.9725 (0.9261)  loss_giou_aux_1: 0.9535 (0.9056)  loss_giou_aux_2: 1.0383 (0.9925)  loss_giou_dn_0: 0.7155 (0.7266)  loss_giou_dn_1: 0.6521 (0.6555)  loss_giou_dn_2: 0.6454 (0.6452)  loss_vfl: 0.4623 (0.4815)  loss_vfl_aux_0: 0.4690 (0.4964)  loss_vfl_aux_1: 0.4653 (0.4889)  loss_vfl_aux_2: 0.4619 (0.4951)  loss_vfl_dn_0: 0.4629 (0.4636)  loss_vfl_dn_1: 0.4335 (0.4332)  loss_vfl_dn_2: 0.4288 (0.4263)  time: 1.0246  data: 0.0270  max mem: 11522
Epoch: [85]  [808/809]  eta: 0:00:01  lr: 0.000010  loss: 9.6560 (9.5015)  loss_bbox: 0.0711 (0.0769)  loss_bbox_aux_0: 0.0758 (0.0819)  loss_bbox_aux_1: 0.0715 (0.0783)  loss_bbox_aux_2: 0.0880 (0.0952)  loss_bbox_dn_0: 0.0495 (0.0483)  loss_bbox_dn_1: 0.0413 (0.0402)  loss_bbox_dn_2: 0.0405 (0.0393)  loss_giou: 0.9948 (0.9020)  loss_giou_aux_0: 0.9987 (0.9268)  loss_giou_aux_1: 0.9813 (0.9063)  loss_giou_aux_2: 1.0532 (0.9932)  loss_giou_dn_0: 0.7322 (0.7268)  loss_giou_dn_1: 0.6546 (0.6558)  loss_giou_dn_2: 0.6533 (0.6455)  loss_vfl: 0.4553 (0.4815)  loss_vfl_aux_0: 0.4687 (0.4963)  loss_vfl_aux_1: 0.4623 (0.4889)  loss_vfl_aux_2: 0.4619 (0.4951)  loss_vfl_dn_0: 0.4638 (0.4637)  loss_vfl_dn_1: 0.4335 (0.4332)  loss_vfl_dn_2: 0.4275 (0.4264)  time: 0.8853  data: 0.0255  max mem: 11522
Epoch: [85] Total time: 0:13:54 (1.0318 s / it)
Averaged stats: lr: 0.000010  loss: 9.6560 (9.5015)  loss_bbox: 0.0711 (0.0769)  loss_bbox_aux_0: 0.0758 (0.0819)  loss_bbox_aux_1: 0.0715 (0.0783)  loss_bbox_aux_2: 0.0880 (0.0952)  loss_bbox_dn_0: 0.0495 (0.0483)  loss_bbox_dn_1: 0.0413 (0.0402)  loss_bbox_dn_2: 0.0405 (0.0393)  loss_giou: 0.9948 (0.9020)  loss_giou_aux_0: 0.9987 (0.9268)  loss_giou_aux_1: 0.9813 (0.9063)  loss_giou_aux_2: 1.0532 (0.9932)  loss_giou_dn_0: 0.7322 (0.7268)  loss_giou_dn_1: 0.6546 (0.6558)  loss_giou_dn_2: 0.6533 (0.6455)  loss_vfl: 0.4553 (0.4815)  loss_vfl_aux_0: 0.4687 (0.4963)  loss_vfl_aux_1: 0.4623 (0.4889)  loss_vfl_aux_2: 0.4619 (0.4951)  loss_vfl_dn_0: 0.4638 (0.4637)  loss_vfl_dn_1: 0.4335 (0.4332)  loss_vfl_dn_2: 0.4275 (0.4264)
Test:  [ 0/69]  eta: 0:01:19    time: 1.1562  data: 0.6527  max mem: 11522
Test:  [10/69]  eta: 0:00:35    time: 0.5942  data: 0.0792  max mem: 11522
Test:  [20/69]  eta: 0:00:28    time: 0.5470  data: 0.0211  max mem: 11522
Test:  [30/69]  eta: 0:00:21    time: 0.5233  data: 0.0212  max mem: 11522
Test:  [40/69]  eta: 0:00:15    time: 0.4920  data: 0.0219  max mem: 11522
Test:  [50/69]  eta: 0:00:10    time: 0.5042  data: 0.0217  max mem: 11522
Test:  [60/69]  eta: 0:00:04    time: 0.4650  data: 0.0214  max mem: 11522
Test:  [68/69]  eta: 0:00:00    time: 0.4466  data: 0.0206  max mem: 11522
Test: Total time: 0:00:35 (0.5119 s / it)
Averaged stats: 
Accumulating evaluation results...
DONE (t=1.96s).
IoU metric: bbox
 Average Precision  (AP) @[ IoU=0.50:0.95 | area=   all | maxDets=100 ] = 0.229
 Average Precision  (AP) @[ IoU=0.50      | area=   all | maxDets=100 ] = 0.385
 Average Precision  (AP) @[ IoU=0.75      | area=   all | maxDets=100 ] = 0.232
 Average Precision  (AP) @[ IoU=0.50:0.95 | area= small | maxDets=100 ] = 0.141
 Average Precision  (AP) @[ IoU=0.50:0.95 | area=medium | maxDets=100 ] = 0.325
 Average Precision  (AP) @[ IoU=0.50:0.95 | area= large | maxDets=100 ] = 0.477
 Average Recall     (AR) @[ IoU=0.50:0.95 | area=   all | maxDets=  1 ] = 0.101
 Average Recall     (AR) @[ IoU=0.50:0.95 | area=   all | maxDets= 10 ] = 0.282
 Average Recall     (AR) @[ IoU=0.50:0.95 | area=   all | maxDets=100 ] = 0.380
 Average Recall     (AR) @[ IoU=0.50:0.95 | area= small | maxDets=100 ] = 0.286
 Average Recall     (AR) @[ IoU=0.50:0.95 | area=medium | maxDets=100 ] = 0.505
 Average Recall     (AR) @[ IoU=0.50:0.95 | area= large | maxDets=100 ] = 0.632
best_stat:  {'epoch': 79, 'coco_eval_bbox': 0.22936552604630284}
Epoch: [86]  [  0/809]  eta: 1:19:06  lr: 0.000010  loss: 8.6656 (8.6656)  loss_bbox: 0.0738 (0.0738)  loss_bbox_aux_0: 0.0801 (0.0801)  loss_bbox_aux_1: 0.0769 (0.0769)  loss_bbox_aux_2: 0.0887 (0.0887)  loss_bbox_dn_0: 0.0695 (0.0695)  loss_bbox_dn_1: 0.0604 (0.0604)  loss_bbox_dn_2: 0.0585 (0.0585)  loss_giou: 0.6480 (0.6480)  loss_giou_aux_0: 0.6819 (0.6819)  loss_giou_aux_1: 0.6507 (0.6507)  loss_giou_aux_2: 0.7647 (0.7647)  loss_giou_dn_0: 0.6448 (0.6448)  loss_giou_dn_1: 0.5784 (0.5784)  loss_giou_dn_2: 0.5595 (0.5595)  loss_vfl: 0.5742 (0.5742)  loss_vfl_aux_0: 0.5706 (0.5706)  loss_vfl_aux_1: 0.5860 (0.5860)  loss_vfl_aux_2: 0.5805 (0.5805)  loss_vfl_dn_0: 0.4693 (0.4693)  loss_vfl_dn_1: 0.4273 (0.4273)  loss_vfl_dn_2: 0.4220 (0.4220)  time: 5.8673  data: 2.5100  max mem: 11522
