2026-02-15 20:08:46.355339: E external/local_xla/xla/stream_executor/cuda/cuda_fft.cc:485] Unable to register cuFFT factory: Attempting to register factory for plugin cuFFT when one has already been registered
2026-02-15 20:08:46.355369: E external/local_xla/xla/stream_executor/cuda/cuda_fft.cc:485] Unable to register cuFFT factory: Attempting to register factory for plugin cuFFT when one has already been registered
2026-02-15 20:08:46.374212: E external/local_xla/xla/stream_executor/cuda/cuda_dnn.cc:8454] Unable to register cuDNN factory: Attempting to register factory for plugin cuDNN when one has already been registered
2026-02-15 20:08:46.374225: E external/local_xla/xla/stream_executor/cuda/cuda_dnn.cc:8454] Unable to register cuDNN factory: Attempting to register factory for plugin cuDNN when one has already been registered
2026-02-15 20:08:46.379881: E external/local_xla/xla/stream_executor/cuda/cuda_blas.cc:1452] Unable to register cuBLAS factory: Attempting to register factory for plugin cuBLAS when one has already been registered
2026-02-15 20:08:46.379899: E external/local_xla/xla/stream_executor/cuda/cuda_blas.cc:1452] Unable to register cuBLAS factory: Attempting to register factory for plugin cuBLAS when one has already been registered
Initialized distributed mode...
Start training
/usr/local/lib/python3.10/dist-packages/torchvision/models/_utils.py:208: UserWarning: The parameter 'pretrained' is deprecated since 0.13 and may be removed in the future, please use 'weights' instead.
  warnings.warn(
/usr/local/lib/python3.10/dist-packages/torchvision/models/_utils.py:223: UserWarning: Arguments other than a weight enum or `None` for 'weights' are deprecated since 0.13 and may be removed in the future. The current behavior is equivalent to passing `weights=EfficientNet_B2_Weights.IMAGENET1K_V1`. You can also use `weights=EfficientNet_B2_Weights.DEFAULT` to get the most up-to-date weights.
  warnings.warn(msg)
/usr/local/lib/python3.10/dist-packages/torchvision/models/_utils.py:208: UserWarning: The parameter 'pretrained' is deprecated since 0.13 and may be removed in the future, please use 'weights' instead.
  warnings.warn(
/usr/local/lib/python3.10/dist-packages/torchvision/models/_utils.py:223: UserWarning: Arguments other than a weight enum or `None` for 'weights' are deprecated since 0.13 and may be removed in the future. The current behavior is equivalent to passing `weights=EfficientNet_B2_Weights.IMAGENET1K_V1`. You can also use `weights=EfficientNet_B2_Weights.DEFAULT` to get the most up-to-date weights.
  warnings.warn(msg)
Initial lr:  [0.0001, 0.0001]
loading annotations into memory...
Done (t=2.14s)
creating index...
index created!
loading annotations into memory...
Done (t=0.11s)
creating index...
index created!
number of params: 16499354
Epoch: [0]  [  0/809]  eta: 1:50:27  lr: 0.000100  loss: 18.0633 (18.0633)  loss_bbox: 0.5454 (0.5454)  loss_bbox_aux_0: 0.5493 (0.5493)  loss_bbox_aux_1: 0.5419 (0.5419)  loss_bbox_aux_2: 0.5499 (0.5499)  loss_bbox_dn_0: 0.1478 (0.1478)  loss_bbox_dn_1: 0.1478 (0.1478)  loss_bbox_dn_2: 0.1478 (0.1478)  loss_giou: 2.1053 (2.1053)  loss_giou_aux_0: 2.1183 (2.1183)  loss_giou_aux_1: 2.1179 (2.1179)  loss_giou_aux_2: 2.1189 (2.1189)  loss_giou_dn_0: 1.3903 (1.3903)  loss_giou_dn_1: 1.3903 (1.3903)  loss_giou_dn_2: 1.3903 (1.3903)  loss_vfl: 0.1283 (0.1283)  loss_vfl_aux_0: 0.1241 (0.1241)  loss_vfl_aux_1: 0.1223 (0.1223)  loss_vfl_aux_2: 0.1181 (0.1181)  loss_vfl_dn_0: 0.8104 (0.8104)  loss_vfl_dn_1: 0.7558 (0.7558)  loss_vfl_dn_2: 0.7432 (0.7432)  time: 8.1920  data: 5.4189  max mem: 7242
Epoch: [0]  [100/809]  eta: 0:12:17  lr: 0.000100  loss: 15.0700 (16.4846)  loss_bbox: 0.3520 (0.5264)  loss_bbox_aux_0: 0.3594 (0.5366)  loss_bbox_aux_1: 0.3517 (0.5294)  loss_bbox_aux_2: 0.3708 (0.5535)  loss_bbox_dn_0: 0.1231 (0.1368)  loss_bbox_dn_1: 0.1220 (0.1363)  loss_bbox_dn_2: 0.1213 (0.1362)  loss_giou: 1.7597 (1.9304)  loss_giou_aux_0: 1.7687 (1.9369)  loss_giou_aux_1: 1.7657 (1.9317)  loss_giou_aux_2: 1.8004 (1.9524)  loss_giou_dn_0: 1.3883 (1.3900)  loss_giou_dn_1: 1.3964 (1.3946)  loss_giou_dn_2: 1.3970 (1.4013)  loss_vfl: 0.2623 (0.2212)  loss_vfl_aux_0: 0.2309 (0.1962)  loss_vfl_aux_1: 0.2453 (0.2070)  loss_vfl_aux_2: 0.2141 (0.1828)  loss_vfl_dn_0: 0.3438 (0.3996)  loss_vfl_dn_1: 0.3459 (0.3948)  loss_vfl_dn_2: 0.3530 (0.3907)  time: 0.9688  data: 0.0249  max mem: 8740
Epoch: [0]  [200/809]  eta: 0:10:27  lr: 0.000100  loss: 15.1388 (15.9188)  loss_bbox: 0.3256 (0.4425)  loss_bbox_aux_0: 0.3356 (0.4505)  loss_bbox_aux_1: 0.3293 (0.4451)  loss_bbox_aux_2: 0.3440 (0.4660)  loss_bbox_dn_0: 0.1236 (0.1343)  loss_bbox_dn_1: 0.1210 (0.1334)  loss_bbox_dn_2: 0.1204 (0.1333)  loss_giou: 1.7075 (1.8418)  loss_giou_aux_0: 1.7479 (1.8548)  loss_giou_aux_1: 1.7216 (1.8462)  loss_giou_aux_2: 1.7681 (1.8768)  loss_giou_dn_0: 1.3297 (1.3745)  loss_giou_dn_1: 1.3130 (1.3743)  loss_giou_dn_2: 1.3084 (1.3779)  loss_vfl: 0.3330 (0.2793)  loss_vfl_aux_0: 0.3020 (0.2499)  loss_vfl_aux_1: 0.3256 (0.2630)  loss_vfl_aux_2: 0.2993 (0.2346)  loss_vfl_dn_0: 0.3661 (0.3789)  loss_vfl_dn_1: 0.3754 (0.3796)  loss_vfl_dn_2: 0.3819 (0.3820)  time: 1.0398  data: 0.0290  max mem: 8740
Epoch: [0]  [300/809]  eta: 0:08:41  lr: 0.000100  loss: 14.6197 (15.5358)  loss_bbox: 0.2529 (0.3976)  loss_bbox_aux_0: 0.2712 (0.4060)  loss_bbox_aux_1: 0.2569 (0.3999)  loss_bbox_aux_2: 0.2993 (0.4236)  loss_bbox_dn_0: 0.1055 (0.1310)  loss_bbox_dn_1: 0.0998 (0.1287)  loss_bbox_dn_2: 0.0986 (0.1284)  loss_giou: 1.6226 (1.7619)  loss_giou_aux_0: 1.6141 (1.7822)  loss_giou_aux_1: 1.6157 (1.7670)  loss_giou_aux_2: 1.6869 (1.8219)  loss_giou_dn_0: 1.2783 (1.3507)  loss_giou_dn_1: 1.2371 (1.3389)  loss_giou_dn_2: 1.2255 (1.3393)  loss_vfl: 0.4386 (0.3303)  loss_vfl_aux_0: 0.3995 (0.2941)  loss_vfl_aux_1: 0.4282 (0.3152)  loss_vfl_aux_2: 0.3216 (0.2652)  loss_vfl_dn_0: 0.3851 (0.3785)  loss_vfl_dn_1: 0.4043 (0.3850)  loss_vfl_dn_2: 0.4190 (0.3906)  time: 0.9982  data: 0.0274  max mem: 8766
Epoch: [0]  [400/809]  eta: 0:06:57  lr: 0.000100  loss: 13.7176 (15.1979)  loss_bbox: 0.2092 (0.3598)  loss_bbox_aux_0: 0.2148 (0.3674)  loss_bbox_aux_1: 0.2124 (0.3619)  loss_bbox_aux_2: 0.2248 (0.3862)  loss_bbox_dn_0: 0.1166 (0.1276)  loss_bbox_dn_1: 0.1082 (0.1245)  loss_bbox_dn_2: 0.1085 (0.1241)  loss_giou: 1.3855 (1.6954)  loss_giou_aux_0: 1.4032 (1.7152)  loss_giou_aux_1: 1.3835 (1.7002)  loss_giou_aux_2: 1.4752 (1.7639)  loss_giou_dn_0: 1.2100 (1.3252)  loss_giou_dn_1: 1.1549 (1.3047)  loss_giou_dn_2: 1.1455 (1.3027)  loss_vfl: 0.5085 (0.3717)  loss_vfl_aux_0: 0.4976 (0.3356)  loss_vfl_aux_1: 0.5140 (0.3573)  loss_vfl_aux_2: 0.4001 (0.2972)  loss_vfl_dn_0: 0.4049 (0.3830)  loss_vfl_dn_1: 0.4319 (0.3930)  loss_vfl_dn_2: 0.4475 (0.4014)  time: 1.0193  data: 0.0276  max mem: 8779
Epoch: [0]  [500/809]  eta: 0:05:13  lr: 0.000100  loss: 13.5652 (14.9593)  loss_bbox: 0.2057 (0.3357)  loss_bbox_aux_0: 0.2061 (0.3428)  loss_bbox_aux_1: 0.2059 (0.3377)  loss_bbox_aux_2: 0.2297 (0.3614)  loss_bbox_dn_0: 0.1022 (0.1255)  loss_bbox_dn_1: 0.0984 (0.1218)  loss_bbox_dn_2: 0.1017 (0.1213)  loss_giou: 1.4488 (1.6507)  loss_giou_aux_0: 1.4522 (1.6700)  loss_giou_aux_1: 1.4485 (1.6552)  loss_giou_aux_2: 1.4589 (1.7236)  loss_giou_dn_0: 1.2061 (1.3044)  loss_giou_dn_1: 1.1548 (1.2775)  loss_giou_dn_2: 1.1531 (1.2738)  loss_vfl: 0.4628 (0.3972)  loss_vfl_aux_0: 0.4479 (0.3625)  loss_vfl_aux_1: 0.4571 (0.3833)  loss_vfl_aux_2: 0.4141 (0.3204)  loss_vfl_dn_0: 0.3997 (0.3870)  loss_vfl_dn_1: 0.4189 (0.3988)  loss_vfl_dn_2: 0.4389 (0.4085)  time: 0.9941  data: 0.0252  max mem: 8779
Epoch: [0]  [600/809]  eta: 0:03:30  lr: 0.000100  loss: 13.6879 (14.7559)  loss_bbox: 0.1986 (0.3147)  loss_bbox_aux_0: 0.1974 (0.3213)  loss_bbox_aux_1: 0.1998 (0.3166)  loss_bbox_aux_2: 0.2176 (0.3395)  loss_bbox_dn_0: 0.1086 (0.1225)  loss_bbox_dn_1: 0.1013 (0.1183)  loss_bbox_dn_2: 0.0994 (0.1176)  loss_giou: 1.4438 (1.6168)  loss_giou_aux_0: 1.4531 (1.6354)  loss_giou_aux_1: 1.4441 (1.6212)  loss_giou_aux_2: 1.5274 (1.6905)  loss_giou_dn_0: 1.1750 (1.2888)  loss_giou_dn_1: 1.1264 (1.2575)  loss_giou_dn_2: 1.1153 (1.2525)  loss_vfl: 0.5358 (0.4150)  loss_vfl_aux_0: 0.4969 (0.3818)  loss_vfl_aux_1: 0.5206 (0.4017)  loss_vfl_aux_2: 0.4347 (0.3373)  loss_vfl_dn_0: 0.4127 (0.3901)  loss_vfl_dn_1: 0.4284 (0.4032)  loss_vfl_dn_2: 0.4489 (0.4136)  time: 0.9830  data: 0.0275  max mem: 9238
Epoch: [0]  [700/809]  eta: 0:01:49  lr: 0.000100  loss: 13.2433 (14.5791)  loss_bbox: 0.1789 (0.2979)  loss_bbox_aux_0: 0.1804 (0.3040)  loss_bbox_aux_1: 0.1793 (0.2996)  loss_bbox_aux_2: 0.2041 (0.3218)  loss_bbox_dn_0: 0.1039 (0.1198)  loss_bbox_dn_1: 0.0977 (0.1151)  loss_bbox_dn_2: 0.0963 (0.1143)  loss_giou: 1.3530 (1.5887)  loss_giou_aux_0: 1.3846 (1.6073)  loss_giou_aux_1: 1.3629 (1.5930)  loss_giou_aux_2: 1.4940 (1.6648)  loss_giou_dn_0: 1.1738 (1.2745)  loss_giou_dn_1: 1.1139 (1.2392)  loss_giou_dn_2: 1.0977 (1.2331)  loss_vfl: 0.4974 (0.4274)  loss_vfl_aux_0: 0.4840 (0.3958)  loss_vfl_aux_1: 0.4914 (0.4153)  loss_vfl_aux_2: 0.4075 (0.3501)  loss_vfl_dn_0: 0.4142 (0.3930)  loss_vfl_dn_1: 0.4319 (0.4069)  loss_vfl_dn_2: 0.4441 (0.4175)  time: 1.0183  data: 0.0282  max mem: 9238
Epoch: [0]  [800/809]  eta: 0:00:09  lr: 0.000100  loss: 13.4405 (14.4552)  loss_bbox: 0.1938 (0.2879)  loss_bbox_aux_0: 0.1961 (0.2938)  loss_bbox_aux_1: 0.1914 (0.2896)  loss_bbox_aux_2: 0.2131 (0.3114)  loss_bbox_dn_0: 0.1045 (0.1188)  loss_bbox_dn_1: 0.0992 (0.1137)  loss_bbox_dn_2: 0.0975 (0.1127)  loss_giou: 1.4286 (1.5651)  loss_giou_aux_0: 1.4495 (1.5838)  loss_giou_aux_1: 1.4347 (1.5694)  loss_giou_aux_2: 1.5027 (1.6433)  loss_giou_dn_0: 1.1656 (1.2610)  loss_giou_dn_1: 1.1103 (1.2225)  loss_giou_dn_2: 1.0977 (1.2153)  loss_vfl: 0.4651 (0.4395)  loss_vfl_aux_0: 0.4385 (0.4097)  loss_vfl_aux_1: 0.4512 (0.4282)  loss_vfl_aux_2: 0.4023 (0.3625)  loss_vfl_dn_0: 0.4208 (0.3961)  loss_vfl_dn_1: 0.4304 (0.4102)  loss_vfl_dn_2: 0.4403 (0.4207)  time: 1.0133  data: 0.0262  max mem: 9238
Epoch: [0]  [808/809]  eta: 0:00:01  lr: 0.000100  loss: 13.3518 (14.4437)  loss_bbox: 0.1811 (0.2870)  loss_bbox_aux_0: 0.1841 (0.2929)  loss_bbox_aux_1: 0.1841 (0.2887)  loss_bbox_aux_2: 0.2012 (0.3105)  loss_bbox_dn_0: 0.1045 (0.1187)  loss_bbox_dn_1: 0.0992 (0.1136)  loss_bbox_dn_2: 0.0975 (0.1126)  loss_giou: 1.3407 (1.5627)  loss_giou_aux_0: 1.3267 (1.5815)  loss_giou_aux_1: 1.3341 (1.5671)  loss_giou_aux_2: 1.4061 (1.6411)  loss_giou_dn_0: 1.1489 (1.2598)  loss_giou_dn_1: 1.0835 (1.2210)  loss_giou_dn_2: 1.0694 (1.2138)  loss_vfl: 0.5425 (0.4408)  loss_vfl_aux_0: 0.5138 (0.4109)  loss_vfl_aux_1: 0.5262 (0.4294)  loss_vfl_aux_2: 0.4498 (0.3636)  loss_vfl_dn_0: 0.4220 (0.3964)  loss_vfl_dn_1: 0.4314 (0.4106)  loss_vfl_dn_2: 0.4439 (0.4211)  time: 0.8869  data: 0.0251  max mem: 9238
Epoch: [0] Total time: 0:13:29 (1.0011 s / it)
Averaged stats: lr: 0.000100  loss: 13.3518 (14.4437)  loss_bbox: 0.1811 (0.2870)  loss_bbox_aux_0: 0.1841 (0.2929)  loss_bbox_aux_1: 0.1841 (0.2887)  loss_bbox_aux_2: 0.2012 (0.3105)  loss_bbox_dn_0: 0.1045 (0.1187)  loss_bbox_dn_1: 0.0992 (0.1136)  loss_bbox_dn_2: 0.0975 (0.1126)  loss_giou: 1.3407 (1.5627)  loss_giou_aux_0: 1.3267 (1.5815)  loss_giou_aux_1: 1.3341 (1.5671)  loss_giou_aux_2: 1.4061 (1.6411)  loss_giou_dn_0: 1.1489 (1.2598)  loss_giou_dn_1: 1.0835 (1.2210)  loss_giou_dn_2: 1.0694 (1.2138)  loss_vfl: 0.5425 (0.4408)  loss_vfl_aux_0: 0.5138 (0.4109)  loss_vfl_aux_1: 0.5262 (0.4294)  loss_vfl_aux_2: 0.4498 (0.3636)  loss_vfl_dn_0: 0.4220 (0.3964)  loss_vfl_dn_1: 0.4314 (0.4106)  loss_vfl_dn_2: 0.4439 (0.4211)
Test:  [ 0/69]  eta: 0:01:49    time: 1.5871  data: 0.7347  max mem: 9238
Test:  [10/69]  eta: 0:00:36    time: 0.6229  data: 0.0854  max mem: 9238
Test:  [20/69]  eta: 0:00:30    time: 0.5796  data: 0.0209  max mem: 9238
Test:  [30/69]  eta: 0:00:23    time: 0.5849  data: 0.0208  max mem: 9238
Test:  [40/69]  eta: 0:00:16    time: 0.5258  data: 0.0205  max mem: 9238
Test:  [50/69]  eta: 0:00:10    time: 0.4864  data: 0.0203  max mem: 9238
Test:  [60/69]  eta: 0:00:04    time: 0.4665  data: 0.0204  max mem: 9238
Test:  [68/69]  eta: 0:00:00    time: 0.4738  data: 0.0201  max mem: 9238
Test: Total time: 0:00:36 (0.5355 s / it)
Averaged stats: 
Accumulating evaluation results...
DONE (t=1.66s).
IoU metric: bbox
 Average Precision  (AP) @[ IoU=0.50:0.95 | area=   all | maxDets=100 ] = 0.027
 Average Precision  (AP) @[ IoU=0.50      | area=   all | maxDets=100 ] = 0.053
 Average Precision  (AP) @[ IoU=0.75      | area=   all | maxDets=100 ] = 0.025
 Average Precision  (AP) @[ IoU=0.50:0.95 | area= small | maxDets=100 ] = 0.015
 Average Precision  (AP) @[ IoU=0.50:0.95 | area=medium | maxDets=100 ] = 0.040
 Average Precision  (AP) @[ IoU=0.50:0.95 | area= large | maxDets=100 ] = 0.074
 Average Recall     (AR) @[ IoU=0.50:0.95 | area=   all | maxDets=  1 ] = 0.018
 Average Recall     (AR) @[ IoU=0.50:0.95 | area=   all | maxDets= 10 ] = 0.051
 Average Recall     (AR) @[ IoU=0.50:0.95 | area=   all | maxDets=100 ] = 0.094
 Average Recall     (AR) @[ IoU=0.50:0.95 | area= small | maxDets=100 ] = 0.057
 Average Recall     (AR) @[ IoU=0.50:0.95 | area=medium | maxDets=100 ] = 0.157
 Average Recall     (AR) @[ IoU=0.50:0.95 | area= large | maxDets=100 ] = 0.184
best_stat:  {'epoch': 0, 'coco_eval_bbox': 0.026899160344109718}
Epoch: [1]  [  0/809]  eta: 1:08:09  lr: 0.000100  loss: 13.7410 (13.7410)  loss_bbox: 0.2024 (0.2024)  loss_bbox_aux_0: 0.2074 (0.2074)  loss_bbox_aux_1: 0.2074 (0.2074)  loss_bbox_aux_2: 0.2361 (0.2361)  loss_bbox_dn_0: 0.1178 (0.1178)  loss_bbox_dn_1: 0.1106 (0.1106)  loss_bbox_dn_2: 0.1090 (0.1090)  loss_giou: 1.5113 (1.5113)  loss_giou_aux_0: 1.5227 (1.5227)  loss_giou_aux_1: 1.5184 (1.5184)  loss_giou_aux_2: 1.5903 (1.5903)  loss_giou_dn_0: 1.2161 (1.2161)  loss_giou_dn_1: 1.1740 (1.1740)  loss_giou_dn_2: 1.1623 (1.1623)  loss_vfl: 0.4146 (0.4146)  loss_vfl_aux_0: 0.4160 (0.4160)  loss_vfl_aux_1: 0.4120 (0.4120)  loss_vfl_aux_2: 0.3641 (0.3641)  loss_vfl_dn_0: 0.4060 (0.4060)  loss_vfl_dn_1: 0.4198 (0.4198)  loss_vfl_dn_2: 0.4230 (0.4230)  time: 5.0552  data: 3.3022  max mem: 9238
Epoch: [1]  [100/809]  eta: 0:12:35  lr: 0.000100  loss: 12.9767 (13.3671)  loss_bbox: 0.1673 (0.1932)  loss_bbox_aux_0: 0.1698 (0.1971)  loss_bbox_aux_1: 0.1680 (0.1944)  loss_bbox_aux_2: 0.1844 (0.2128)  loss_bbox_dn_0: 0.0930 (0.1021)  loss_bbox_dn_1: 0.0867 (0.0938)  loss_bbox_dn_2: 0.0871 (0.0915)  loss_giou: 1.2871 (1.3912)  loss_giou_aux_0: 1.3220 (1.4120)  loss_giou_aux_1: 1.2883 (1.3970)  loss_giou_aux_2: 1.3806 (1.4817)  loss_giou_dn_0: 1.1406 (1.1522)  loss_giou_dn_1: 1.0769 (1.0901)  loss_giou_dn_2: 1.0676 (1.0748)  loss_vfl: 0.4871 (0.5204)  loss_vfl_aux_0: 0.4742 (0.4999)  loss_vfl_aux_1: 0.4901 (0.5115)  loss_vfl_aux_2: 0.4430 (0.4501)  loss_vfl_dn_0: 0.4236 (0.4207)  loss_vfl_dn_1: 0.4416 (0.4358)  loss_vfl_dn_2: 0.4485 (0.4449)  time: 0.9803  data: 0.0274  max mem: 9238
Epoch: [1]  [200/809]  eta: 0:10:36  lr: 0.000100  loss: 13.4357 (13.3920)  loss_bbox: 0.1895 (0.1989)  loss_bbox_aux_0: 0.2029 (0.2026)  loss_bbox_aux_1: 0.1970 (0.2001)  loss_bbox_aux_2: 0.2141 (0.2175)  loss_bbox_dn_0: 0.1001 (0.1013)  loss_bbox_dn_1: 0.0911 (0.0928)  loss_bbox_dn_2: 0.0866 (0.0905)  loss_giou: 1.5092 (1.3991)  loss_giou_aux_0: 1.5202 (1.4200)  loss_giou_aux_1: 1.5134 (1.4053)  loss_giou_aux_2: 1.5803 (1.4861)  loss_giou_dn_0: 1.1595 (1.1508)  loss_giou_dn_1: 1.0974 (1.0883)  loss_giou_dn_2: 1.0756 (1.0730)  loss_vfl: 0.4466 (0.5148)  loss_vfl_aux_0: 0.4446 (0.4952)  loss_vfl_aux_1: 0.4524 (0.5055)  loss_vfl_aux_2: 0.4294 (0.4473)  loss_vfl_dn_0: 0.4170 (0.4214)  loss_vfl_dn_1: 0.4341 (0.4364)  loss_vfl_dn_2: 0.4381 (0.4450)  time: 0.9947  data: 0.0253  max mem: 9238
Epoch: [1]  [300/809]  eta: 0:08:49  lr: 0.000100  loss: 12.6955 (13.2919)  loss_bbox: 0.1569 (0.1946)  loss_bbox_aux_0: 0.1596 (0.1985)  loss_bbox_aux_1: 0.1582 (0.1959)  loss_bbox_aux_2: 0.1833 (0.2137)  loss_bbox_dn_0: 0.0978 (0.1010)  loss_bbox_dn_1: 0.0887 (0.0920)  loss_bbox_dn_2: 0.0865 (0.0896)  loss_giou: 1.2462 (1.3772)  loss_giou_aux_0: 1.2678 (1.3985)  loss_giou_aux_1: 1.2577 (1.3839)  loss_giou_aux_2: 1.3517 (1.4679)  loss_giou_dn_0: 1.0858 (1.1425)  loss_giou_dn_1: 1.0108 (1.0777)  loss_giou_dn_2: 0.9939 (1.0622)  loss_vfl: 0.5107 (0.5218)  loss_vfl_aux_0: 0.4875 (0.5023)  loss_vfl_aux_1: 0.4913 (0.5125)  loss_vfl_aux_2: 0.4552 (0.4539)  loss_vfl_dn_0: 0.4277 (0.4230)  loss_vfl_dn_1: 0.4431 (0.4379)  loss_vfl_dn_2: 0.4471 (0.4453)  time: 1.0577  data: 0.0292  max mem: 9238
Epoch: [1]  [400/809]  eta: 0:07:02  lr: 0.000100  loss: 13.3289 (13.2590)  loss_bbox: 0.1839 (0.1944)  loss_bbox_aux_0: 0.1849 (0.1982)  loss_bbox_aux_1: 0.1803 (0.1956)  loss_bbox_aux_2: 0.2048 (0.2131)  loss_bbox_dn_0: 0.0938 (0.1012)  loss_bbox_dn_1: 0.0873 (0.0921)  loss_bbox_dn_2: 0.0863 (0.0897)  loss_giou: 1.3498 (1.3723)  loss_giou_aux_0: 1.3857 (1.3943)  loss_giou_aux_1: 1.3594 (1.3794)  loss_giou_aux_2: 1.4753 (1.4625)  loss_giou_dn_0: 1.1224 (1.1378)  loss_giou_dn_1: 1.0477 (1.0729)  loss_giou_dn_2: 1.0256 (1.0571)  loss_vfl: 0.5196 (0.5210)  loss_vfl_aux_0: 0.4820 (0.5015)  loss_vfl_aux_1: 0.5086 (0.5118)  loss_vfl_aux_2: 0.4489 (0.4555)  loss_vfl_dn_0: 0.4294 (0.4237)  loss_vfl_dn_1: 0.4410 (0.4387)  loss_vfl_dn_2: 0.4454 (0.4458)  time: 0.9960  data: 0.0296  max mem: 9238
Epoch: [1]  [500/809]  eta: 0:05:18  lr: 0.000100  loss: 12.6172 (13.2340)  loss_bbox: 0.1716 (0.1973)  loss_bbox_aux_0: 0.1765 (0.2009)  loss_bbox_aux_1: 0.1739 (0.1985)  loss_bbox_aux_2: 0.1844 (0.2154)  loss_bbox_dn_0: 0.0924 (0.1003)  loss_bbox_dn_1: 0.0835 (0.0911)  loss_bbox_dn_2: 0.0838 (0.0887)  loss_giou: 1.2858 (1.3697)  loss_giou_aux_0: 1.3147 (1.3923)  loss_giou_aux_1: 1.2938 (1.3767)  loss_giou_aux_2: 1.3973 (1.4603)  loss_giou_dn_0: 1.0976 (1.1326)  loss_giou_dn_1: 1.0414 (1.0671)  loss_giou_dn_2: 1.0254 (1.0514)  loss_vfl: 0.5137 (0.5178)  loss_vfl_aux_0: 0.5053 (0.4991)  loss_vfl_aux_1: 0.4965 (0.5097)  loss_vfl_aux_2: 0.4796 (0.4547)  loss_vfl_dn_0: 0.4292 (0.4250)  loss_vfl_dn_1: 0.4433 (0.4395)  loss_vfl_dn_2: 0.4442 (0.4459)  time: 1.0205  data: 0.0343  max mem: 9238
Epoch: [1]  [600/809]  eta: 0:03:34  lr: 0.000100  loss: 13.0545 (13.2283)  loss_bbox: 0.1598 (0.1999)  loss_bbox_aux_0: 0.1664 (0.2035)  loss_bbox_aux_1: 0.1617 (0.2011)  loss_bbox_aux_2: 0.1756 (0.2179)  loss_bbox_dn_0: 0.0956 (0.1000)  loss_bbox_dn_1: 0.0853 (0.0907)  loss_bbox_dn_2: 0.0847 (0.0882)  loss_giou: 1.3736 (1.3698)  loss_giou_aux_0: 1.4046 (1.3925)  loss_giou_aux_1: 1.3822 (1.3767)  loss_giou_aux_2: 1.4681 (1.4598)  loss_giou_dn_0: 1.1187 (1.1295)  loss_giou_dn_1: 1.0543 (1.0635)  loss_giou_dn_2: 1.0312 (1.0478)  loss_vfl: 0.4782 (0.5158)  loss_vfl_aux_0: 0.4452 (0.4973)  loss_vfl_aux_1: 0.4676 (0.5078)  loss_vfl_aux_2: 0.4210 (0.4550)  loss_vfl_dn_0: 0.4267 (0.4258)  loss_vfl_dn_1: 0.4401 (0.4400)  loss_vfl_dn_2: 0.4445 (0.4458)  time: 0.9699  data: 0.0289  max mem: 9238
Epoch: [1]  [700/809]  eta: 0:01:51  lr: 0.000100  loss: 12.5947 (13.2043)  loss_bbox: 0.1599 (0.1989)  loss_bbox_aux_0: 0.1629 (0.2026)  loss_bbox_aux_1: 0.1633 (0.2001)  loss_bbox_aux_2: 0.1702 (0.2168)  loss_bbox_dn_0: 0.0868 (0.0995)  loss_bbox_dn_1: 0.0780 (0.0902)  loss_bbox_dn_2: 0.0775 (0.0878)  loss_giou: 1.3034 (1.3686)  loss_giou_aux_0: 1.3239 (1.3916)  loss_giou_aux_1: 1.3081 (1.3757)  loss_giou_aux_2: 1.4072 (1.4582)  loss_giou_dn_0: 1.1088 (1.1272)  loss_giou_dn_1: 1.0486 (1.0610)  loss_giou_dn_2: 1.0271 (1.0454)  loss_vfl: 0.4774 (0.5136)  loss_vfl_aux_0: 0.4833 (0.4949)  loss_vfl_aux_1: 0.4820 (0.5055)  loss_vfl_aux_2: 0.4394 (0.4540)  loss_vfl_dn_0: 0.4313 (0.4262)  loss_vfl_dn_1: 0.4447 (0.4405)  loss_vfl_dn_2: 0.4462 (0.4461)  time: 0.9927  data: 0.0315  max mem: 9238
Epoch: [1]  [800/809]  eta: 0:00:09  lr: 0.000100  loss: 12.5488 (13.1513)  loss_bbox: 0.1509 (0.1962)  loss_bbox_aux_0: 0.1551 (0.1999)  loss_bbox_aux_1: 0.1517 (0.1974)  loss_bbox_aux_2: 0.1688 (0.2141)  loss_bbox_dn_0: 0.0961 (0.0999)  loss_bbox_dn_1: 0.0853 (0.0903)  loss_bbox_dn_2: 0.0810 (0.0878)  loss_giou: 1.2528 (1.3592)  loss_giou_aux_0: 1.2827 (1.3824)  loss_giou_aux_1: 1.2604 (1.3664)  loss_giou_aux_2: 1.3461 (1.4488)  loss_giou_dn_0: 1.0759 (1.1211)  loss_giou_dn_1: 1.0037 (1.0538)  loss_giou_dn_2: 0.9841 (1.0381)  loss_vfl: 0.4996 (0.5156)  loss_vfl_aux_0: 0.4720 (0.4976)  loss_vfl_aux_1: 0.4840 (0.5078)  loss_vfl_aux_2: 0.4591 (0.4582)  loss_vfl_dn_0: 0.4378 (0.4279)  loss_vfl_dn_1: 0.4468 (0.4419)  loss_vfl_dn_2: 0.4507 (0.4471)  time: 1.0342  data: 0.0313  max mem: 9238
Epoch: [1]  [808/809]  eta: 0:00:01  lr: 0.000100  loss: 12.5951 (13.1453)  loss_bbox: 0.1509 (0.1958)  loss_bbox_aux_0: 0.1551 (0.1995)  loss_bbox_aux_1: 0.1517 (0.1970)  loss_bbox_aux_2: 0.1688 (0.2137)  loss_bbox_dn_0: 0.0984 (0.0998)  loss_bbox_dn_1: 0.0853 (0.0903)  loss_bbox_dn_2: 0.0812 (0.0878)  loss_giou: 1.2736 (1.3580)  loss_giou_aux_0: 1.2998 (1.3812)  loss_giou_aux_1: 1.2832 (1.3651)  loss_giou_aux_2: 1.3775 (1.4477)  loss_giou_dn_0: 1.0598 (1.1204)  loss_giou_dn_1: 0.9854 (1.0530)  loss_giou_dn_2: 0.9611 (1.0372)  loss_vfl: 0.5154 (0.5161)  loss_vfl_aux_0: 0.5222 (0.4982)  loss_vfl_aux_1: 0.5154 (0.5084)  loss_vfl_aux_2: 0.4867 (0.4588)  loss_vfl_dn_0: 0.4434 (0.4281)  loss_vfl_dn_1: 0.4579 (0.4422)  loss_vfl_dn_2: 0.4599 (0.4473)  time: 0.8920  data: 0.0289  max mem: 9238
Epoch: [1] Total time: 0:13:45 (1.0198 s / it)
Averaged stats: lr: 0.000100  loss: 12.5951 (13.1453)  loss_bbox: 0.1509 (0.1958)  loss_bbox_aux_0: 0.1551 (0.1995)  loss_bbox_aux_1: 0.1517 (0.1970)  loss_bbox_aux_2: 0.1688 (0.2137)  loss_bbox_dn_0: 0.0984 (0.0998)  loss_bbox_dn_1: 0.0853 (0.0903)  loss_bbox_dn_2: 0.0812 (0.0878)  loss_giou: 1.2736 (1.3580)  loss_giou_aux_0: 1.2998 (1.3812)  loss_giou_aux_1: 1.2832 (1.3651)  loss_giou_aux_2: 1.3775 (1.4477)  loss_giou_dn_0: 1.0598 (1.1204)  loss_giou_dn_1: 0.9854 (1.0530)  loss_giou_dn_2: 0.9611 (1.0372)  loss_vfl: 0.5154 (0.5161)  loss_vfl_aux_0: 0.5222 (0.4982)  loss_vfl_aux_1: 0.5154 (0.5084)  loss_vfl_aux_2: 0.4867 (0.4588)  loss_vfl_dn_0: 0.4434 (0.4281)  loss_vfl_dn_1: 0.4579 (0.4422)  loss_vfl_dn_2: 0.4599 (0.4473)
Test:  [ 0/69]  eta: 0:01:21    time: 1.1848  data: 0.6578  max mem: 9238
Test:  [10/69]  eta: 0:00:39    time: 0.6752  data: 0.0789  max mem: 9238
Test:  [20/69]  eta: 0:00:30    time: 0.5918  data: 0.0206  max mem: 9238
Test:  [30/69]  eta: 0:00:23    time: 0.5520  data: 0.0209  max mem: 9238
Test:  [40/69]  eta: 0:00:16    time: 0.5291  data: 0.0215  max mem: 9238
Test:  [50/69]  eta: 0:00:10    time: 0.4864  data: 0.0218  max mem: 9238
Test:  [60/69]  eta: 0:00:04    time: 0.4625  data: 0.0219  max mem: 9238
Test:  [68/69]  eta: 0:00:00    time: 0.4858  data: 0.0205  max mem: 9238
Test: Total time: 0:00:37 (0.5379 s / it)
Averaged stats: 
Accumulating evaluation results...
DONE (t=1.88s).
IoU metric: bbox
 Average Precision  (AP) @[ IoU=0.50:0.95 | area=   all | maxDets=100 ] = 0.051
 Average Precision  (AP) @[ IoU=0.50      | area=   all | maxDets=100 ] = 0.099
 Average Precision  (AP) @[ IoU=0.75      | area=   all | maxDets=100 ] = 0.049
 Average Precision  (AP) @[ IoU=0.50:0.95 | area= small | maxDets=100 ] = 0.029
 Average Precision  (AP) @[ IoU=0.50:0.95 | area=medium | maxDets=100 ] = 0.076
 Average Precision  (AP) @[ IoU=0.50:0.95 | area= large | maxDets=100 ] = 0.115
 Average Recall     (AR) @[ IoU=0.50:0.95 | area=   all | maxDets=  1 ] = 0.034
 Average Recall     (AR) @[ IoU=0.50:0.95 | area=   all | maxDets= 10 ] = 0.099
 Average Recall     (AR) @[ IoU=0.50:0.95 | area=   all | maxDets=100 ] = 0.158
 Average Recall     (AR) @[ IoU=0.50:0.95 | area= small | maxDets=100 ] = 0.101
 Average Recall     (AR) @[ IoU=0.50:0.95 | area=medium | maxDets=100 ] = 0.239
 Average Recall     (AR) @[ IoU=0.50:0.95 | area= large | maxDets=100 ] = 0.311
best_stat:  {'epoch': 1, 'coco_eval_bbox': 0.05083732313209402}
Epoch: [2]  [  0/809]  eta: 1:14:03  lr: 0.000100  loss: 11.1730 (11.1730)  loss_bbox: 0.1000 (0.1000)  loss_bbox_aux_0: 0.1030 (0.1030)  loss_bbox_aux_1: 0.0993 (0.0993)  loss_bbox_aux_2: 0.1161 (0.1161)  loss_bbox_dn_0: 0.0976 (0.0976)  loss_bbox_dn_1: 0.0813 (0.0813)  loss_bbox_dn_2: 0.0798 (0.0798)  loss_giou: 0.9172 (0.9172)  loss_giou_aux_0: 0.9344 (0.9344)  loss_giou_aux_1: 0.9170 (0.9170)  loss_giou_aux_2: 1.0036 (1.0036)  loss_giou_dn_0: 0.9664 (0.9664)  loss_giou_dn_1: 0.8624 (0.8624)  loss_giou_dn_2: 0.8542 (0.8542)  loss_vfl: 0.6691 (0.6691)  loss_vfl_aux_0: 0.6614 (0.6614)  loss_vfl_aux_1: 0.6768 (0.6768)  loss_vfl_aux_2: 0.6289 (0.6289)  loss_vfl_dn_0: 0.4552 (0.4552)  loss_vfl_dn_1: 0.4761 (0.4761)  loss_vfl_dn_2: 0.4733 (0.4733)  time: 5.4931  data: 2.8835  max mem: 9238
Epoch: [2]  [100/809]  eta: 0:12:37  lr: 0.000100  loss: 12.6861 (12.9362)  loss_bbox: 0.1427 (0.1966)  loss_bbox_aux_0: 0.1457 (0.1998)  loss_bbox_aux_1: 0.1445 (0.1977)  loss_bbox_aux_2: 0.1643 (0.2132)  loss_bbox_dn_0: 0.0841 (0.0922)  loss_bbox_dn_1: 0.0764 (0.0820)  loss_bbox_dn_2: 0.0743 (0.0797)  loss_giou: 1.3654 (1.3549)  loss_giou_aux_0: 1.3706 (1.3805)  loss_giou_aux_1: 1.3716 (1.3638)  loss_giou_aux_2: 1.4301 (1.4441)  loss_giou_dn_0: 1.1193 (1.0878)  loss_giou_dn_1: 1.0547 (1.0184)  loss_giou_dn_2: 1.0421 (1.0032)  loss_vfl: 0.4425 (0.4888)  loss_vfl_aux_0: 0.4296 (0.4770)  loss_vfl_aux_1: 0.4413 (0.4843)  loss_vfl_aux_2: 0.4021 (0.4519)  loss_vfl_dn_0: 0.4154 (0.4327)  loss_vfl_dn_1: 0.4281 (0.4433)  loss_vfl_dn_2: 0.4282 (0.4442)  time: 1.0674  data: 0.0305  max mem: 9238
Epoch: [2]  [200/809]  eta: 0:10:35  lr: 0.000100  loss: 12.2519 (12.9085)  loss_bbox: 0.1336 (0.1932)  loss_bbox_aux_0: 0.1365 (0.1967)  loss_bbox_aux_1: 0.1355 (0.1943)  loss_bbox_aux_2: 0.1609 (0.2103)  loss_bbox_dn_0: 0.0826 (0.0907)  loss_bbox_dn_1: 0.0718 (0.0806)  loss_bbox_dn_2: 0.0700 (0.0781)  loss_giou: 1.1909 (1.3505)  loss_giou_aux_0: 1.2193 (1.3771)  loss_giou_aux_1: 1.1999 (1.3594)  loss_giou_aux_2: 1.3033 (1.4412)  loss_giou_dn_0: 1.0419 (1.0861)  loss_giou_dn_1: 0.9513 (1.0135)  loss_giou_dn_2: 0.9333 (0.9984)  loss_vfl: 0.5333 (0.4939)  loss_vfl_aux_0: 0.5210 (0.4804)  loss_vfl_aux_1: 0.5272 (0.4886)  loss_vfl_aux_2: 0.4997 (0.4536)  loss_vfl_dn_0: 0.4368 (0.4326)  loss_vfl_dn_1: 0.4458 (0.4441)  loss_vfl_dn_2: 0.4510 (0.4452)  time: 1.0063  data: 0.0283  max mem: 9238
Epoch: [2]  [300/809]  eta: 0:08:45  lr: 0.000100  loss: 13.1214 (12.8303)  loss_bbox: 0.1841 (0.1860)  loss_bbox_aux_0: 0.1904 (0.1897)  loss_bbox_aux_1: 0.1878 (0.1872)  loss_bbox_aux_2: 0.2035 (0.2042)  loss_bbox_dn_0: 0.0870 (0.0916)  loss_bbox_dn_1: 0.0793 (0.0813)  loss_bbox_dn_2: 0.0760 (0.0787)  loss_giou: 1.3799 (1.3334)  loss_giou_aux_0: 1.4011 (1.3597)  loss_giou_aux_1: 1.3841 (1.3423)  loss_giou_aux_2: 1.4749 (1.4255)  loss_giou_dn_0: 1.0874 (1.0809)  loss_giou_dn_1: 1.0254 (1.0081)  loss_giou_dn_2: 1.0119 (0.9926)  loss_vfl: 0.4876 (0.5001)  loss_vfl_aux_0: 0.4648 (0.4857)  loss_vfl_aux_1: 0.4800 (0.4942)  loss_vfl_aux_2: 0.4258 (0.4576)  loss_vfl_dn_0: 0.4404 (0.4357)  loss_vfl_dn_1: 0.4463 (0.4473)  loss_vfl_dn_2: 0.4507 (0.4487)  time: 1.0444  data: 0.0271  max mem: 9238
Epoch: [2]  [400/809]  eta: 0:07:00  lr: 0.000100  loss: 12.5936 (12.8126)  loss_bbox: 0.1808 (0.1844)  loss_bbox_aux_0: 0.1860 (0.1881)  loss_bbox_aux_1: 0.1832 (0.1857)  loss_bbox_aux_2: 0.1975 (0.2027)  loss_bbox_dn_0: 0.0796 (0.0917)  loss_bbox_dn_1: 0.0688 (0.0814)  loss_bbox_dn_2: 0.0658 (0.0788)  loss_giou: 1.3725 (1.3334)  loss_giou_aux_0: 1.3990 (1.3593)  loss_giou_aux_1: 1.3888 (1.3423)  loss_giou_aux_2: 1.4263 (1.4256)  loss_giou_dn_0: 1.0848 (1.0793)  loss_giou_dn_1: 1.0200 (1.0062)  loss_giou_dn_2: 1.0062 (0.9908)  loss_vfl: 0.4515 (0.4975)  loss_vfl_aux_0: 0.4335 (0.4846)  loss_vfl_aux_1: 0.4419 (0.4918)  loss_vfl_aux_2: 0.4115 (0.4564)  loss_vfl_dn_0: 0.4318 (0.4360)  loss_vfl_dn_1: 0.4405 (0.4477)  loss_vfl_dn_2: 0.4455 (0.4490)  time: 1.0240  data: 0.0298  max mem: 9238
Epoch: [2]  [500/809]  eta: 0:05:15  lr: 0.000100  loss: 12.2057 (12.7806)  loss_bbox: 0.1528 (0.1845)  loss_bbox_aux_0: 0.1554 (0.1881)  loss_bbox_aux_1: 0.1548 (0.1857)  loss_bbox_aux_2: 0.1770 (0.2028)  loss_bbox_dn_0: 0.0815 (0.0909)  loss_bbox_dn_1: 0.0708 (0.0805)  loss_bbox_dn_2: 0.0693 (0.0780)  loss_giou: 1.2712 (1.3288)  loss_giou_aux_0: 1.2883 (1.3550)  loss_giou_aux_1: 1.2777 (1.3376)  loss_giou_aux_2: 1.3549 (1.4210)  loss_giou_dn_0: 1.0572 (1.0758)  loss_giou_dn_1: 0.9750 (1.0019)  loss_giou_dn_2: 0.9616 (0.9863)  loss_vfl: 0.4859 (0.4964)  loss_vfl_aux_0: 0.4848 (0.4837)  loss_vfl_aux_1: 0.4893 (0.4913)  loss_vfl_aux_2: 0.4459 (0.4563)  loss_vfl_dn_0: 0.4459 (0.4373)  loss_vfl_dn_1: 0.4516 (0.4488)  loss_vfl_dn_2: 0.4523 (0.4500)  time: 1.0299  data: 0.0269  max mem: 9238
Epoch: [2]  [600/809]  eta: 0:03:32  lr: 0.000100  loss: 12.4019 (12.7279)  loss_bbox: 0.1480 (0.1807)  loss_bbox_aux_0: 0.1504 (0.1844)  loss_bbox_aux_1: 0.1496 (0.1819)  loss_bbox_aux_2: 0.1670 (0.1993)  loss_bbox_dn_0: 0.0796 (0.0907)  loss_bbox_dn_1: 0.0696 (0.0802)  loss_bbox_dn_2: 0.0659 (0.0777)  loss_giou: 1.3215 (1.3193)  loss_giou_aux_0: 1.3595 (1.3458)  loss_giou_aux_1: 1.3422 (1.3282)  loss_giou_aux_2: 1.4315 (1.4130)  loss_giou_dn_0: 1.0668 (1.0703)  loss_giou_dn_1: 0.9908 (0.9958)  loss_giou_dn_2: 0.9811 (0.9803)  loss_vfl: 0.4325 (0.4993)  loss_vfl_aux_0: 0.4300 (0.4868)  loss_vfl_aux_1: 0.4426 (0.4944)  loss_vfl_aux_2: 0.4234 (0.4591)  loss_vfl_dn_0: 0.4330 (0.4391)  loss_vfl_dn_1: 0.4389 (0.4504)  loss_vfl_dn_2: 0.4379 (0.4513)  time: 1.0112  data: 0.0289  max mem: 9238
Epoch: [2]  [700/809]  eta: 0:01:51  lr: 0.000100  loss: 12.5416 (12.7067)  loss_bbox: 0.1556 (0.1806)  loss_bbox_aux_0: 0.1581 (0.1842)  loss_bbox_aux_1: 0.1557 (0.1818)  loss_bbox_aux_2: 0.1750 (0.1988)  loss_bbox_dn_0: 0.0752 (0.0898)  loss_bbox_dn_1: 0.0671 (0.0793)  loss_bbox_dn_2: 0.0660 (0.0769)  loss_giou: 1.2616 (1.3171)  loss_giou_aux_0: 1.2851 (1.3434)  loss_giou_aux_1: 1.2633 (1.3259)  loss_giou_aux_2: 1.3418 (1.4101)  loss_giou_dn_0: 1.0432 (1.0679)  loss_giou_dn_1: 0.9664 (0.9933)  loss_giou_dn_2: 0.9528 (0.9779)  loss_vfl: 0.4701 (0.4984)  loss_vfl_aux_0: 0.4518 (0.4859)  loss_vfl_aux_1: 0.4672 (0.4935)  loss_vfl_aux_2: 0.4360 (0.4589)  loss_vfl_dn_0: 0.4420 (0.4400)  loss_vfl_dn_1: 0.4552 (0.4511)  loss_vfl_dn_2: 0.4577 (0.4519)  time: 1.0450  data: 0.0296  max mem: 9238
Epoch: [2]  [800/809]  eta: 0:00:09  lr: 0.000100  loss: 12.1393 (12.6878)  loss_bbox: 0.1414 (0.1805)  loss_bbox_aux_0: 0.1478 (0.1841)  loss_bbox_aux_1: 0.1419 (0.1816)  loss_bbox_aux_2: 0.1700 (0.1988)  loss_bbox_dn_0: 0.0848 (0.0898)  loss_bbox_dn_1: 0.0740 (0.0792)  loss_bbox_dn_2: 0.0720 (0.0768)  loss_giou: 1.2026 (1.3135)  loss_giou_aux_0: 1.2614 (1.3401)  loss_giou_aux_1: 1.2175 (1.3225)  loss_giou_aux_2: 1.3294 (1.4078)  loss_giou_dn_0: 0.9924 (1.0642)  loss_giou_dn_1: 0.9097 (0.9890)  loss_giou_dn_2: 0.8929 (0.9735)  loss_vfl: 0.5184 (0.4998)  loss_vfl_aux_0: 0.5210 (0.4870)  loss_vfl_aux_1: 0.5258 (0.4948)  loss_vfl_aux_2: 0.4762 (0.4603)  loss_vfl_dn_0: 0.4457 (0.4407)  loss_vfl_dn_1: 0.4586 (0.4516)  loss_vfl_dn_2: 0.4550 (0.4523)  time: 1.0401  data: 0.0322  max mem: 9238
Epoch: [2]  [808/809]  eta: 0:00:01  lr: 0.000100  loss: 12.1393 (12.6869)  loss_bbox: 0.1497 (0.1803)  loss_bbox_aux_0: 0.1542 (0.1839)  loss_bbox_aux_1: 0.1503 (0.1814)  loss_bbox_aux_2: 0.1672 (0.1986)  loss_bbox_dn_0: 0.0764 (0.0897)  loss_bbox_dn_1: 0.0678 (0.0791)  loss_bbox_dn_2: 0.0671 (0.0767)  loss_giou: 1.2632 (1.3142)  loss_giou_aux_0: 1.2890 (1.3406)  loss_giou_aux_1: 1.2718 (1.3231)  loss_giou_aux_2: 1.3654 (1.4084)  loss_giou_dn_0: 1.0283 (1.0646)  loss_giou_dn_1: 0.9720 (0.9894)  loss_giou_dn_2: 0.9639 (0.9740)  loss_vfl: 0.5066 (0.4990)  loss_vfl_aux_0: 0.4875 (0.4862)  loss_vfl_aux_1: 0.4942 (0.4940)  loss_vfl_aux_2: 0.4673 (0.4596)  loss_vfl_dn_0: 0.4430 (0.4406)  loss_vfl_dn_1: 0.4519 (0.4515)  loss_vfl_dn_2: 0.4492 (0.4522)  time: 0.8878  data: 0.0292  max mem: 9238
Epoch: [2] Total time: 0:13:40 (1.0138 s / it)
Averaged stats: lr: 0.000100  loss: 12.1393 (12.6869)  loss_bbox: 0.1497 (0.1803)  loss_bbox_aux_0: 0.1542 (0.1839)  loss_bbox_aux_1: 0.1503 (0.1814)  loss_bbox_aux_2: 0.1672 (0.1986)  loss_bbox_dn_0: 0.0764 (0.0897)  loss_bbox_dn_1: 0.0678 (0.0791)  loss_bbox_dn_2: 0.0671 (0.0767)  loss_giou: 1.2632 (1.3142)  loss_giou_aux_0: 1.2890 (1.3406)  loss_giou_aux_1: 1.2718 (1.3231)  loss_giou_aux_2: 1.3654 (1.4084)  loss_giou_dn_0: 1.0283 (1.0646)  loss_giou_dn_1: 0.9720 (0.9894)  loss_giou_dn_2: 0.9639 (0.9740)  loss_vfl: 0.5066 (0.4990)  loss_vfl_aux_0: 0.4875 (0.4862)  loss_vfl_aux_1: 0.4942 (0.4940)  loss_vfl_aux_2: 0.4673 (0.4596)  loss_vfl_dn_0: 0.4430 (0.4406)  loss_vfl_dn_1: 0.4519 (0.4515)  loss_vfl_dn_2: 0.4492 (0.4522)
Test:  [ 0/69]  eta: 0:01:45    time: 1.5226  data: 1.0637  max mem: 9238
Test:  [10/69]  eta: 0:00:43    time: 0.7342  data: 0.1130  max mem: 9238
Test:  [20/69]  eta: 0:00:31    time: 0.6046  data: 0.0208  max mem: 9238
Test:  [30/69]  eta: 0:00:23    time: 0.5330  data: 0.0228  max mem: 9238
Test:  [40/69]  eta: 0:00:16    time: 0.5024  data: 0.0220  max mem: 9238
Test:  [50/69]  eta: 0:00:10    time: 0.4755  data: 0.0224  max mem: 9238
Test:  [60/69]  eta: 0:00:04    time: 0.4624  data: 0.0221  max mem: 9238
Test:  [68/69]  eta: 0:00:00    time: 0.4761  data: 0.0199  max mem: 9238
Test: Total time: 0:00:36 (0.5352 s / it)
Averaged stats: 
Accumulating evaluation results...
DONE (t=1.82s).
IoU metric: bbox
 Average Precision  (AP) @[ IoU=0.50:0.95 | area=   all | maxDets=100 ] = 0.060
 Average Precision  (AP) @[ IoU=0.50      | area=   all | maxDets=100 ] = 0.116
 Average Precision  (AP) @[ IoU=0.75      | area=   all | maxDets=100 ] = 0.058
 Average Precision  (AP) @[ IoU=0.50:0.95 | area= small | maxDets=100 ] = 0.035
 Average Precision  (AP) @[ IoU=0.50:0.95 | area=medium | maxDets=100 ] = 0.092
 Average Precision  (AP) @[ IoU=0.50:0.95 | area= large | maxDets=100 ] = 0.140
 Average Recall     (AR) @[ IoU=0.50:0.95 | area=   all | maxDets=  1 ] = 0.037
 Average Recall     (AR) @[ IoU=0.50:0.95 | area=   all | maxDets= 10 ] = 0.116
 Average Recall     (AR) @[ IoU=0.50:0.95 | area=   all | maxDets=100 ] = 0.176
 Average Recall     (AR) @[ IoU=0.50:0.95 | area= small | maxDets=100 ] = 0.108
 Average Recall     (AR) @[ IoU=0.50:0.95 | area=medium | maxDets=100 ] = 0.275
 Average Recall     (AR) @[ IoU=0.50:0.95 | area= large | maxDets=100 ] = 0.354
best_stat:  {'epoch': 2, 'coco_eval_bbox': 0.06040305190510466}
Epoch: [3]  [  0/809]  eta: 1:20:09  lr: 0.000100  loss: 13.7200 (13.7200)  loss_bbox: 0.2275 (0.2275)  loss_bbox_aux_0: 0.2298 (0.2298)  loss_bbox_aux_1: 0.2294 (0.2294)  loss_bbox_aux_2: 0.2424 (0.2424)  loss_bbox_dn_0: 0.0737 (0.0737)  loss_bbox_dn_1: 0.0646 (0.0646)  loss_bbox_dn_2: 0.0630 (0.0630)  loss_giou: 1.5652 (1.5652)  loss_giou_aux_0: 1.5921 (1.5921)  loss_giou_aux_1: 1.5741 (1.5741)  loss_giou_aux_2: 1.6431 (1.6431)  loss_giou_dn_0: 1.1328 (1.1328)  loss_giou_dn_1: 1.0802 (1.0802)  loss_giou_dn_2: 1.0748 (1.0748)  loss_vfl: 0.4044 (0.4044)  loss_vfl_aux_0: 0.3950 (0.3950)  loss_vfl_aux_1: 0.3996 (0.3996)  loss_vfl_aux_2: 0.3683 (0.3683)  loss_vfl_dn_0: 0.4429 (0.4429)  loss_vfl_dn_1: 0.4557 (0.4557)  loss_vfl_dn_2: 0.4612 (0.4612)  time: 5.9454  data: 4.8264  max mem: 9238
Epoch: [3]  [100/809]  eta: 0:12:45  lr: 0.000100  loss: 12.0708 (12.3758)  loss_bbox: 0.1296 (0.1654)  loss_bbox_aux_0: 0.1343 (0.1690)  loss_bbox_aux_1: 0.1303 (0.1665)  loss_bbox_aux_2: 0.1486 (0.1828)  loss_bbox_dn_0: 0.0808 (0.0882)  loss_bbox_dn_1: 0.0725 (0.0771)  loss_bbox_dn_2: 0.0713 (0.0744)  loss_giou: 1.1944 (1.2589)  loss_giou_aux_0: 1.2174 (1.2831)  loss_giou_aux_1: 1.2061 (1.2677)  loss_giou_aux_2: 1.2834 (1.3500)  loss_giou_dn_0: 1.0250 (1.0304)  loss_giou_dn_1: 0.9521 (0.9496)  loss_giou_dn_2: 0.9380 (0.9342)  loss_vfl: 0.5118 (0.5127)  loss_vfl_aux_0: 0.5128 (0.5045)  loss_vfl_aux_1: 0.5126 (0.5098)  loss_vfl_aux_2: 0.4855 (0.4826)  loss_vfl_dn_0: 0.4477 (0.4504)  loss_vfl_dn_1: 0.4526 (0.4598)  loss_vfl_dn_2: 0.4498 (0.4588)  time: 1.0455  data: 0.0298  max mem: 9238
Epoch: [3]  [200/809]  eta: 0:10:32  lr: 0.000100  loss: 12.1869 (12.3430)  loss_bbox: 0.1473 (0.1620)  loss_bbox_aux_0: 0.1490 (0.1655)  loss_bbox_aux_1: 0.1481 (0.1631)  loss_bbox_aux_2: 0.1591 (0.1792)  loss_bbox_dn_0: 0.0918 (0.0864)  loss_bbox_dn_1: 0.0792 (0.0754)  loss_bbox_dn_2: 0.0751 (0.0727)  loss_giou: 1.1976 (1.2640)  loss_giou_aux_0: 1.2197 (1.2884)  loss_giou_aux_1: 1.2046 (1.2728)  loss_giou_aux_2: 1.3043 (1.3563)  loss_giou_dn_0: 1.0367 (1.0307)  loss_giou_dn_1: 0.9321 (0.9497)  loss_giou_dn_2: 0.9146 (0.9347)  loss_vfl: 0.5158 (0.5040)  loss_vfl_aux_0: 0.4971 (0.4962)  loss_vfl_aux_1: 0.5098 (0.5010)  loss_vfl_aux_2: 0.4724 (0.4760)  loss_vfl_dn_0: 0.4484 (0.4493)  loss_vfl_dn_1: 0.4550 (0.4586)  loss_vfl_dn_2: 0.4536 (0.4570)  time: 0.9839  data: 0.0310  max mem: 9238
Epoch: [3]  [300/809]  eta: 0:08:39  lr: 0.000100  loss: 12.3827 (12.3633)  loss_bbox: 0.1353 (0.1655)  loss_bbox_aux_0: 0.1431 (0.1693)  loss_bbox_aux_1: 0.1373 (0.1667)  loss_bbox_aux_2: 0.1580 (0.1831)  loss_bbox_dn_0: 0.0793 (0.0859)  loss_bbox_dn_1: 0.0672 (0.0748)  loss_bbox_dn_2: 0.0648 (0.0722)  loss_giou: 1.2377 (1.2672)  loss_giou_aux_0: 1.2845 (1.2918)  loss_giou_aux_1: 1.2484 (1.2757)  loss_giou_aux_2: 1.3192 (1.3610)  loss_giou_dn_0: 1.0620 (1.0279)  loss_giou_dn_1: 0.9803 (0.9465)  loss_giou_dn_2: 0.9672 (0.9315)  loss_vfl: 0.5273 (0.5049)  loss_vfl_aux_0: 0.5021 (0.4969)  loss_vfl_aux_1: 0.5069 (0.5019)  loss_vfl_aux_2: 0.4578 (0.4753)  loss_vfl_dn_0: 0.4402 (0.4493)  loss_vfl_dn_1: 0.4528 (0.4586)  loss_vfl_dn_2: 0.4543 (0.4571)  time: 0.9871  data: 0.0261  max mem: 9238
Epoch: [3]  [400/809]  eta: 0:06:58  lr: 0.000100  loss: 12.1462 (12.3178)  loss_bbox: 0.1421 (0.1637)  loss_bbox_aux_0: 0.1493 (0.1675)  loss_bbox_aux_1: 0.1455 (0.1649)  loss_bbox_aux_2: 0.1594 (0.1813)  loss_bbox_dn_0: 0.0674 (0.0861)  loss_bbox_dn_1: 0.0578 (0.0750)  loss_bbox_dn_2: 0.0566 (0.0724)  loss_giou: 1.3191 (1.2570)  loss_giou_aux_0: 1.3311 (1.2818)  loss_giou_aux_1: 1.3212 (1.2657)  loss_giou_aux_2: 1.3981 (1.3513)  loss_giou_dn_0: 1.0325 (1.0252)  loss_giou_dn_1: 0.9677 (0.9442)  loss_giou_dn_2: 0.9592 (0.9291)  loss_vfl: 0.4466 (0.5074)  loss_vfl_aux_0: 0.4449 (0.4987)  loss_vfl_aux_1: 0.4494 (0.5038)  loss_vfl_aux_2: 0.4291 (0.4772)  loss_vfl_dn_0: 0.4408 (0.4497)  loss_vfl_dn_1: 0.4478 (0.4586)  loss_vfl_dn_2: 0.4440 (0.4572)  time: 1.0649  data: 0.0320  max mem: 9238
Epoch: [3]  [500/809]  eta: 0:05:15  lr: 0.000100  loss: 11.6722 (12.3002)  loss_bbox: 0.1297 (0.1627)  loss_bbox_aux_0: 0.1376 (0.1666)  loss_bbox_aux_1: 0.1309 (0.1639)  loss_bbox_aux_2: 0.1499 (0.1807)  loss_bbox_dn_0: 0.0748 (0.0856)  loss_bbox_dn_1: 0.0623 (0.0743)  loss_bbox_dn_2: 0.0615 (0.0717)  loss_giou: 1.1874 (1.2579)  loss_giou_aux_0: 1.2008 (1.2829)  loss_giou_aux_1: 1.1940 (1.2668)  loss_giou_aux_2: 1.2744 (1.3526)  loss_giou_dn_0: 0.9976 (1.0241)  loss_giou_dn_1: 0.9209 (0.9427)  loss_giou_dn_2: 0.9051 (0.9276)  loss_vfl: 0.4771 (0.5045)  loss_vfl_aux_0: 0.4737 (0.4958)  loss_vfl_aux_1: 0.4711 (0.5007)  loss_vfl_aux_2: 0.4550 (0.4743)  loss_vfl_dn_0: 0.4470 (0.4497)  loss_vfl_dn_1: 0.4564 (0.4582)  loss_vfl_dn_2: 0.4518 (0.4568)  time: 1.0498  data: 0.0319  max mem: 9238
Epoch: [3]  [600/809]  eta: 0:03:33  lr: 0.000100  loss: 12.4845 (12.2971)  loss_bbox: 0.1496 (0.1617)  loss_bbox_aux_0: 0.1537 (0.1657)  loss_bbox_aux_1: 0.1533 (0.1629)  loss_bbox_aux_2: 0.1634 (0.1798)  loss_bbox_dn_0: 0.0813 (0.0847)  loss_bbox_dn_1: 0.0710 (0.0736)  loss_bbox_dn_2: 0.0698 (0.0711)  loss_giou: 1.2756 (1.2602)  loss_giou_aux_0: 1.3311 (1.2853)  loss_giou_aux_1: 1.3033 (1.2692)  loss_giou_aux_2: 1.3890 (1.3550)  loss_giou_dn_0: 1.0156 (1.0227)  loss_giou_dn_1: 0.9295 (0.9418)  loss_giou_dn_2: 0.9187 (0.9268)  loss_vfl: 0.4911 (0.5035)  loss_vfl_aux_0: 0.4811 (0.4950)  loss_vfl_aux_1: 0.4803 (0.4999)  loss_vfl_aux_2: 0.4669 (0.4728)  loss_vfl_dn_0: 0.4476 (0.4500)  loss_vfl_dn_1: 0.4590 (0.4585)  loss_vfl_dn_2: 0.4574 (0.4572)  time: 1.0194  data: 0.0323  max mem: 9238
Epoch: [3]  [700/809]  eta: 0:01:51  lr: 0.000100  loss: 12.0382 (12.2783)  loss_bbox: 0.1435 (0.1605)  loss_bbox_aux_0: 0.1498 (0.1644)  loss_bbox_aux_1: 0.1455 (0.1617)  loss_bbox_aux_2: 0.1691 (0.1786)  loss_bbox_dn_0: 0.0838 (0.0844)  loss_bbox_dn_1: 0.0752 (0.0732)  loss_bbox_dn_2: 0.0739 (0.0707)  loss_giou: 1.1769 (1.2567)  loss_giou_aux_0: 1.2260 (1.2821)  loss_giou_aux_1: 1.1882 (1.2658)  loss_giou_aux_2: 1.3167 (1.3522)  loss_giou_dn_0: 0.9981 (1.0202)  loss_giou_dn_1: 0.9228 (0.9393)  loss_giou_dn_2: 0.9102 (0.9244)  loss_vfl: 0.4859 (0.5047)  loss_vfl_aux_0: 0.4881 (0.4963)  loss_vfl_aux_1: 0.4853 (0.5011)  loss_vfl_aux_2: 0.4587 (0.4737)  loss_vfl_dn_0: 0.4558 (0.4509)  loss_vfl_dn_1: 0.4720 (0.4593)  loss_vfl_dn_2: 0.4682 (0.4581)  time: 0.9657  data: 0.0295  max mem: 9238
Epoch: [3]  [800/809]  eta: 0:00:09  lr: 0.000100  loss: 11.7215 (12.2579)  loss_bbox: 0.1189 (0.1601)  loss_bbox_aux_0: 0.1275 (0.1641)  loss_bbox_aux_1: 0.1231 (0.1613)  loss_bbox_aux_2: 0.1490 (0.1784)  loss_bbox_dn_0: 0.0777 (0.0843)  loss_bbox_dn_1: 0.0663 (0.0731)  loss_bbox_dn_2: 0.0643 (0.0706)  loss_giou: 1.1076 (1.2527)  loss_giou_aux_0: 1.1355 (1.2782)  loss_giou_aux_1: 1.1128 (1.2617)  loss_giou_aux_2: 1.1870 (1.3481)  loss_giou_dn_0: 0.9817 (1.0180)  loss_giou_dn_1: 0.8890 (0.9364)  loss_giou_dn_2: 0.8780 (0.9215)  loss_vfl: 0.5327 (0.5056)  loss_vfl_aux_0: 0.5414 (0.4975)  loss_vfl_aux_1: 0.5351 (0.5023)  loss_vfl_aux_2: 0.5230 (0.4757)  loss_vfl_dn_0: 0.4567 (0.4511)  loss_vfl_dn_1: 0.4665 (0.4594)  loss_vfl_dn_2: 0.4654 (0.4580)  time: 1.0571  data: 0.0298  max mem: 9238
Epoch: [3]  [808/809]  eta: 0:00:01  lr: 0.000100  loss: 11.7215 (12.2576)  loss_bbox: 0.1230 (0.1601)  loss_bbox_aux_0: 0.1323 (0.1640)  loss_bbox_aux_1: 0.1254 (0.1612)  loss_bbox_aux_2: 0.1610 (0.1783)  loss_bbox_dn_0: 0.0797 (0.0843)  loss_bbox_dn_1: 0.0687 (0.0730)  loss_bbox_dn_2: 0.0670 (0.0705)  loss_giou: 1.1076 (1.2529)  loss_giou_aux_0: 1.1355 (1.2784)  loss_giou_aux_1: 1.1128 (1.2620)  loss_giou_aux_2: 1.1870 (1.3483)  loss_giou_dn_0: 0.9822 (1.0180)  loss_giou_dn_1: 0.8890 (0.9365)  loss_giou_dn_2: 0.8780 (0.9215)  loss_vfl: 0.5216 (0.5053)  loss_vfl_aux_0: 0.5179 (0.4972)  loss_vfl_aux_1: 0.5259 (0.5019)  loss_vfl_aux_2: 0.5005 (0.4755)  loss_vfl_dn_0: 0.4542 (0.4511)  loss_vfl_dn_1: 0.4656 (0.4594)  loss_vfl_dn_2: 0.4637 (0.4580)  time: 0.8937  data: 0.0266  max mem: 9238
Epoch: [3] Total time: 0:13:41 (1.0151 s / it)
Averaged stats: lr: 0.000100  loss: 11.7215 (12.2576)  loss_bbox: 0.1230 (0.1601)  loss_bbox_aux_0: 0.1323 (0.1640)  loss_bbox_aux_1: 0.1254 (0.1612)  loss_bbox_aux_2: 0.1610 (0.1783)  loss_bbox_dn_0: 0.0797 (0.0843)  loss_bbox_dn_1: 0.0687 (0.0730)  loss_bbox_dn_2: 0.0670 (0.0705)  loss_giou: 1.1076 (1.2529)  loss_giou_aux_0: 1.1355 (1.2784)  loss_giou_aux_1: 1.1128 (1.2620)  loss_giou_aux_2: 1.1870 (1.3483)  loss_giou_dn_0: 0.9822 (1.0180)  loss_giou_dn_1: 0.8890 (0.9365)  loss_giou_dn_2: 0.8780 (0.9215)  loss_vfl: 0.5216 (0.5053)  loss_vfl_aux_0: 0.5179 (0.4972)  loss_vfl_aux_1: 0.5259 (0.5019)  loss_vfl_aux_2: 0.5005 (0.4755)  loss_vfl_dn_0: 0.4542 (0.4511)  loss_vfl_dn_1: 0.4656 (0.4594)  loss_vfl_dn_2: 0.4637 (0.4580)
Test:  [ 0/69]  eta: 0:01:27    time: 1.2709  data: 0.7616  max mem: 9238
Test:  [10/69]  eta: 0:00:35    time: 0.6075  data: 0.0853  max mem: 9238
Test:  [20/69]  eta: 0:00:30    time: 0.5922  data: 0.0198  max mem: 9238
Test:  [30/69]  eta: 0:00:22    time: 0.5706  data: 0.0218  max mem: 9238
Test:  [40/69]  eta: 0:00:16    time: 0.4915  data: 0.0215  max mem: 9238
Test:  [50/69]  eta: 0:00:10    time: 0.4620  data: 0.0205  max mem: 9238
Test:  [60/69]  eta: 0:00:04    time: 0.4392  data: 0.0205  max mem: 9238
Test:  [68/69]  eta: 0:00:00    time: 0.4605  data: 0.0194  max mem: 9238
Test: Total time: 0:00:35 (0.5183 s / it)
Averaged stats: 
Accumulating evaluation results...
DONE (t=1.93s).
IoU metric: bbox
 Average Precision  (AP) @[ IoU=0.50:0.95 | area=   all | maxDets=100 ] = 0.085
 Average Precision  (AP) @[ IoU=0.50      | area=   all | maxDets=100 ] = 0.157
 Average Precision  (AP) @[ IoU=0.75      | area=   all | maxDets=100 ] = 0.080
 Average Precision  (AP) @[ IoU=0.50:0.95 | area= small | maxDets=100 ] = 0.047
 Average Precision  (AP) @[ IoU=0.50:0.95 | area=medium | maxDets=100 ] = 0.129
 Average Precision  (AP) @[ IoU=0.50:0.95 | area= large | maxDets=100 ] = 0.202
 Average Recall     (AR) @[ IoU=0.50:0.95 | area=   all | maxDets=  1 ] = 0.051
 Average Recall     (AR) @[ IoU=0.50:0.95 | area=   all | maxDets= 10 ] = 0.145
 Average Recall     (AR) @[ IoU=0.50:0.95 | area=   all | maxDets=100 ] = 0.214
 Average Recall     (AR) @[ IoU=0.50:0.95 | area= small | maxDets=100 ] = 0.129
 Average Recall     (AR) @[ IoU=0.50:0.95 | area=medium | maxDets=100 ] = 0.324
 Average Recall     (AR) @[ IoU=0.50:0.95 | area= large | maxDets=100 ] = 0.365
best_stat:  {'epoch': 3, 'coco_eval_bbox': 0.08512655773856259}
Epoch: [4]  [  0/809]  eta: 1:11:29  lr: 0.000100  loss: 11.9833 (11.9833)  loss_bbox: 0.1278 (0.1278)  loss_bbox_aux_0: 0.1371 (0.1371)  loss_bbox_aux_1: 0.1322 (0.1322)  loss_bbox_aux_2: 0.1676 (0.1676)  loss_bbox_dn_0: 0.1091 (0.1091)  loss_bbox_dn_1: 0.0941 (0.0941)  loss_bbox_dn_2: 0.0891 (0.0891)  loss_giou: 0.9808 (0.9808)  loss_giou_aux_0: 1.0345 (1.0345)  loss_giou_aux_1: 0.9942 (0.9942)  loss_giou_aux_2: 1.1231 (1.1231)  loss_giou_dn_0: 0.9461 (0.9461)  loss_giou_dn_1: 0.8405 (0.8405)  loss_giou_dn_2: 0.8139 (0.8139)  loss_vfl: 0.7549 (0.7549)  loss_vfl_aux_0: 0.7395 (0.7395)  loss_vfl_aux_1: 0.7372 (0.7372)  loss_vfl_aux_2: 0.6881 (0.6881)  loss_vfl_dn_0: 0.4827 (0.4827)  loss_vfl_dn_1: 0.4939 (0.4939)  loss_vfl_dn_2: 0.4967 (0.4967)  time: 5.3028  data: 2.4526  max mem: 9238
Epoch: [4]  [100/809]  eta: 0:12:53  lr: 0.000100  loss: 12.0690 (12.1864)  loss_bbox: 0.1438 (0.1555)  loss_bbox_aux_0: 0.1479 (0.1596)  loss_bbox_aux_1: 0.1435 (0.1569)  loss_bbox_aux_2: 0.1571 (0.1763)  loss_bbox_dn_0: 0.0791 (0.0801)  loss_bbox_dn_1: 0.0685 (0.0687)  loss_bbox_dn_2: 0.0663 (0.0664)  loss_giou: 1.1967 (1.2552)  loss_giou_aux_0: 1.2199 (1.2812)  loss_giou_aux_1: 1.2010 (1.2644)  loss_giou_aux_2: 1.3116 (1.3510)  loss_giou_dn_0: 0.9863 (1.0029)  loss_giou_dn_1: 0.8998 (0.9204)  loss_giou_dn_2: 0.8870 (0.9069)  loss_vfl: 0.5001 (0.5002)  loss_vfl_aux_0: 0.4966 (0.4955)  loss_vfl_aux_1: 0.4921 (0.4987)  loss_vfl_aux_2: 0.4784 (0.4744)  loss_vfl_dn_0: 0.4580 (0.4538)  loss_vfl_dn_1: 0.4638 (0.4602)  loss_vfl_dn_2: 0.4609 (0.4580)  time: 1.0111  data: 0.0281  max mem: 9238
Epoch: [4]  [200/809]  eta: 0:10:42  lr: 0.000100  loss: 12.1815 (12.0832)  loss_bbox: 0.1438 (0.1496)  loss_bbox_aux_0: 0.1435 (0.1539)  loss_bbox_aux_1: 0.1430 (0.1510)  loss_bbox_aux_2: 0.1653 (0.1709)  loss_bbox_dn_0: 0.0716 (0.0829)  loss_bbox_dn_1: 0.0630 (0.0708)  loss_bbox_dn_2: 0.0604 (0.0684)  loss_giou: 1.2777 (1.2271)  loss_giou_aux_0: 1.3054 (1.2532)  loss_giou_aux_1: 1.2874 (1.2366)  loss_giou_aux_2: 1.3739 (1.3271)  loss_giou_dn_0: 1.0286 (0.9994)  loss_giou_dn_1: 0.9263 (0.9125)  loss_giou_dn_2: 0.9103 (0.8984)  loss_vfl: 0.4682 (0.5113)  loss_vfl_aux_0: 0.4580 (0.5051)  loss_vfl_aux_1: 0.4707 (0.5089)  loss_vfl_aux_2: 0.4319 (0.4803)  loss_vfl_dn_0: 0.4466 (0.4546)  loss_vfl_dn_1: 0.4592 (0.4619)  loss_vfl_dn_2: 0.4617 (0.4594)  time: 1.0670  data: 0.0267  max mem: 9238
Epoch: [4]  [300/809]  eta: 0:08:50  lr: 0.000100  loss: 11.7873 (12.0779)  loss_bbox: 0.1264 (0.1512)  loss_bbox_aux_0: 0.1328 (0.1555)  loss_bbox_aux_1: 0.1271 (0.1525)  loss_bbox_aux_2: 0.1442 (0.1714)  loss_bbox_dn_0: 0.0815 (0.0820)  loss_bbox_dn_1: 0.0695 (0.0701)  loss_bbox_dn_2: 0.0645 (0.0677)  loss_giou: 1.1531 (1.2312)  loss_giou_aux_0: 1.1697 (1.2571)  loss_giou_aux_1: 1.1504 (1.2403)  loss_giou_aux_2: 1.2184 (1.3289)  loss_giou_dn_0: 0.9917 (0.9997)  loss_giou_dn_1: 0.8988 (0.9140)  loss_giou_dn_2: 0.8847 (0.9000)  loss_vfl: 0.5300 (0.5055)  loss_vfl_aux_0: 0.5087 (0.4987)  loss_vfl_aux_1: 0.5134 (0.5031)  loss_vfl_aux_2: 0.4991 (0.4768)  loss_vfl_dn_0: 0.4550 (0.4536)  loss_vfl_dn_1: 0.4643 (0.4604)  loss_vfl_dn_2: 0.4616 (0.4583)  time: 1.0070  data: 0.0281  max mem: 9238
Epoch: [4]  [400/809]  eta: 0:07:05  lr: 0.000100  loss: 12.0112 (12.0715)  loss_bbox: 0.1305 (0.1501)  loss_bbox_aux_0: 0.1378 (0.1545)  loss_bbox_aux_1: 0.1322 (0.1514)  loss_bbox_aux_2: 0.1500 (0.1701)  loss_bbox_dn_0: 0.0766 (0.0814)  loss_bbox_dn_1: 0.0661 (0.0698)  loss_bbox_dn_2: 0.0647 (0.0675)  loss_giou: 1.1855 (1.2315)  loss_giou_aux_0: 1.2084 (1.2571)  loss_giou_aux_1: 1.1956 (1.2402)  loss_giou_aux_2: 1.2919 (1.3292)  loss_giou_dn_0: 0.9851 (0.9985)  loss_giou_dn_1: 0.8904 (0.9134)  loss_giou_dn_2: 0.8824 (0.8998)  loss_vfl: 0.5364 (0.5050)  loss_vfl_aux_0: 0.5176 (0.4986)  loss_vfl_aux_1: 0.5266 (0.5030)  loss_vfl_aux_2: 0.4834 (0.4761)  loss_vfl_dn_0: 0.4514 (0.4543)  loss_vfl_dn_1: 0.4583 (0.4612)  loss_vfl_dn_2: 0.4594 (0.4589)  time: 1.0432  data: 0.0312  max mem: 9238
Epoch: [4]  [500/809]  eta: 0:05:21  lr: 0.000100  loss: 11.7154 (12.0513)  loss_bbox: 0.1226 (0.1510)  loss_bbox_aux_0: 0.1293 (0.1555)  loss_bbox_aux_1: 0.1264 (0.1523)  loss_bbox_aux_2: 0.1447 (0.1711)  loss_bbox_dn_0: 0.0724 (0.0816)  loss_bbox_dn_1: 0.0611 (0.0698)  loss_bbox_dn_2: 0.0586 (0.0674)  loss_giou: 1.1771 (1.2271)  loss_giou_aux_0: 1.2078 (1.2530)  loss_giou_aux_1: 1.1911 (1.2361)  loss_giou_aux_2: 1.2680 (1.3250)  loss_giou_dn_0: 0.9905 (0.9964)  loss_giou_dn_1: 0.9044 (0.9096)  loss_giou_dn_2: 0.8905 (0.8958)  loss_vfl: 0.4963 (0.5058)  loss_vfl_aux_0: 0.4836 (0.4987)  loss_vfl_aux_1: 0.4899 (0.5031)  loss_vfl_aux_2: 0.4623 (0.4763)  loss_vfl_dn_0: 0.4453 (0.4546)  loss_vfl_dn_1: 0.4548 (0.4616)  loss_vfl_dn_2: 0.4597 (0.4594)  time: 1.0743  data: 0.0326  max mem: 9238
Epoch: [4]  [600/809]  eta: 0:03:36  lr: 0.000100  loss: 12.1226 (12.0659)  loss_bbox: 0.1554 (0.1517)  loss_bbox_aux_0: 0.1600 (0.1562)  loss_bbox_aux_1: 0.1592 (0.1531)  loss_bbox_aux_2: 0.1829 (0.1717)  loss_bbox_dn_0: 0.0780 (0.0816)  loss_bbox_dn_1: 0.0667 (0.0698)  loss_bbox_dn_2: 0.0648 (0.0674)  loss_giou: 1.1336 (1.2293)  loss_giou_aux_0: 1.1453 (1.2554)  loss_giou_aux_1: 1.1413 (1.2386)  loss_giou_aux_2: 1.2448 (1.3284)  loss_giou_dn_0: 0.9946 (0.9958)  loss_giou_dn_1: 0.8960 (0.9093)  loss_giou_dn_2: 0.8815 (0.8955)  loss_vfl: 0.5247 (0.5062)  loss_vfl_aux_0: 0.5069 (0.4989)  loss_vfl_aux_1: 0.5106 (0.5030)  loss_vfl_aux_2: 0.4776 (0.4761)  loss_vfl_dn_0: 0.4575 (0.4554)  loss_vfl_dn_1: 0.4623 (0.4623)  loss_vfl_dn_2: 0.4659 (0.4602)  time: 1.0528  data: 0.0311  max mem: 9238
Epoch: [4]  [700/809]  eta: 0:01:52  lr: 0.000100  loss: 12.1851 (12.0430)  loss_bbox: 0.1569 (0.1502)  loss_bbox_aux_0: 0.1569 (0.1548)  loss_bbox_aux_1: 0.1593 (0.1516)  loss_bbox_aux_2: 0.1643 (0.1703)  loss_bbox_dn_0: 0.0756 (0.0819)  loss_bbox_dn_1: 0.0627 (0.0700)  loss_bbox_dn_2: 0.0630 (0.0676)  loss_giou: 1.2530 (1.2239)  loss_giou_aux_0: 1.2943 (1.2503)  loss_giou_aux_1: 1.2685 (1.2333)  loss_giou_aux_2: 1.3234 (1.3240)  loss_giou_dn_0: 1.0103 (0.9928)  loss_giou_dn_1: 0.9144 (0.9066)  loss_giou_dn_2: 0.9019 (0.8927)  loss_vfl: 0.4770 (0.5085)  loss_vfl_aux_0: 0.4784 (0.5015)  loss_vfl_aux_1: 0.4757 (0.5053)  loss_vfl_aux_2: 0.4571 (0.4787)  loss_vfl_dn_0: 0.4498 (0.4560)  loss_vfl_dn_1: 0.4578 (0.4625)  loss_vfl_dn_2: 0.4568 (0.4603)  time: 1.0392  data: 0.0303  max mem: 9238
Epoch: [4]  [800/809]  eta: 0:00:09  lr: 0.000100  loss: 12.1805 (12.0463)  loss_bbox: 0.1220 (0.1504)  loss_bbox_aux_0: 0.1277 (0.1550)  loss_bbox_aux_1: 0.1247 (0.1518)  loss_bbox_aux_2: 0.1359 (0.1701)  loss_bbox_dn_0: 0.0701 (0.0812)  loss_bbox_dn_1: 0.0583 (0.0694)  loss_bbox_dn_2: 0.0572 (0.0671)  loss_giou: 1.2343 (1.2258)  loss_giou_aux_0: 1.2558 (1.2521)  loss_giou_aux_1: 1.2435 (1.2352)  loss_giou_aux_2: 1.3385 (1.3254)  loss_giou_dn_0: 0.9902 (0.9922)  loss_giou_dn_1: 0.9007 (0.9060)  loss_giou_dn_2: 0.8848 (0.8923)  loss_vfl: 0.4599 (0.5083)  loss_vfl_aux_0: 0.4583 (0.5011)  loss_vfl_aux_1: 0.4601 (0.5049)  loss_vfl_aux_2: 0.4343 (0.4782)  loss_vfl_dn_0: 0.4563 (0.4563)  loss_vfl_dn_1: 0.4607 (0.4628)  loss_vfl_dn_2: 0.4577 (0.4608)  time: 1.0184  data: 0.0284  max mem: 9238
Epoch: [4]  [808/809]  eta: 0:00:01  lr: 0.000100  loss: 12.0321 (12.0494)  loss_bbox: 0.1130 (0.1507)  loss_bbox_aux_0: 0.1195 (0.1552)  loss_bbox_aux_1: 0.1141 (0.1521)  loss_bbox_aux_2: 0.1355 (0.1703)  loss_bbox_dn_0: 0.0721 (0.0812)  loss_bbox_dn_1: 0.0625 (0.0693)  loss_bbox_dn_2: 0.0615 (0.0670)  loss_giou: 1.1736 (1.2262)  loss_giou_aux_0: 1.2055 (1.2526)  loss_giou_aux_1: 1.1826 (1.2356)  loss_giou_aux_2: 1.2773 (1.3256)  loss_giou_dn_0: 0.9902 (0.9922)  loss_giou_dn_1: 0.9147 (0.9061)  loss_giou_dn_2: 0.9042 (0.8923)  loss_vfl: 0.4691 (0.5086)  loss_vfl_aux_0: 0.4623 (0.5012)  loss_vfl_aux_1: 0.4646 (0.5052)  loss_vfl_aux_2: 0.4509 (0.4783)  loss_vfl_dn_0: 0.4563 (0.4563)  loss_vfl_dn_1: 0.4599 (0.4628)  loss_vfl_dn_2: 0.4577 (0.4608)  time: 0.9024  data: 0.0252  max mem: 9238
Epoch: [4] Total time: 0:13:51 (1.0279 s / it)
Averaged stats: lr: 0.000100  loss: 12.0321 (12.0494)  loss_bbox: 0.1130 (0.1507)  loss_bbox_aux_0: 0.1195 (0.1552)  loss_bbox_aux_1: 0.1141 (0.1521)  loss_bbox_aux_2: 0.1355 (0.1703)  loss_bbox_dn_0: 0.0721 (0.0812)  loss_bbox_dn_1: 0.0625 (0.0693)  loss_bbox_dn_2: 0.0615 (0.0670)  loss_giou: 1.1736 (1.2262)  loss_giou_aux_0: 1.2055 (1.2526)  loss_giou_aux_1: 1.1826 (1.2356)  loss_giou_aux_2: 1.2773 (1.3256)  loss_giou_dn_0: 0.9902 (0.9922)  loss_giou_dn_1: 0.9147 (0.9061)  loss_giou_dn_2: 0.9042 (0.8923)  loss_vfl: 0.4691 (0.5086)  loss_vfl_aux_0: 0.4623 (0.5012)  loss_vfl_aux_1: 0.4646 (0.5052)  loss_vfl_aux_2: 0.4509 (0.4783)  loss_vfl_dn_0: 0.4563 (0.4563)  loss_vfl_dn_1: 0.4599 (0.4628)  loss_vfl_dn_2: 0.4577 (0.4608)
Test:  [ 0/69]  eta: 0:01:41    time: 1.4706  data: 0.8037  max mem: 9238
Test:  [10/69]  eta: 0:00:37    time: 0.6424  data: 0.0927  max mem: 9238
Test:  [20/69]  eta: 0:00:31    time: 0.6088  data: 0.0221  max mem: 9238
Test:  [30/69]  eta: 0:00:23    time: 0.5890  data: 0.0224  max mem: 9238
Test:  [40/69]  eta: 0:00:16    time: 0.5144  data: 0.0217  max mem: 9238
Test:  [50/69]  eta: 0:00:10    time: 0.4857  data: 0.0219  max mem: 9238
Test:  [60/69]  eta: 0:00:04    time: 0.4751  data: 0.0231  max mem: 9238
Test:  [68/69]  eta: 0:00:00    time: 0.4830  data: 0.0216  max mem: 9238
Test: Total time: 0:00:37 (0.5437 s / it)
Averaged stats: 
Accumulating evaluation results...
DONE (t=1.87s).
IoU metric: bbox
 Average Precision  (AP) @[ IoU=0.50:0.95 | area=   all | maxDets=100 ] = 0.088
 Average Precision  (AP) @[ IoU=0.50      | area=   all | maxDets=100 ] = 0.159
 Average Precision  (AP) @[ IoU=0.75      | area=   all | maxDets=100 ] = 0.088
 Average Precision  (AP) @[ IoU=0.50:0.95 | area= small | maxDets=100 ] = 0.051
 Average Precision  (AP) @[ IoU=0.50:0.95 | area=medium | maxDets=100 ] = 0.135
 Average Precision  (AP) @[ IoU=0.50:0.95 | area= large | maxDets=100 ] = 0.180
 Average Recall     (AR) @[ IoU=0.50:0.95 | area=   all | maxDets=  1 ] = 0.053
 Average Recall     (AR) @[ IoU=0.50:0.95 | area=   all | maxDets= 10 ] = 0.149
 Average Recall     (AR) @[ IoU=0.50:0.95 | area=   all | maxDets=100 ] = 0.216
 Average Recall     (AR) @[ IoU=0.50:0.95 | area= small | maxDets=100 ] = 0.138
 Average Recall     (AR) @[ IoU=0.50:0.95 | area=medium | maxDets=100 ] = 0.311
 Average Recall     (AR) @[ IoU=0.50:0.95 | area= large | maxDets=100 ] = 0.405
best_stat:  {'epoch': 4, 'coco_eval_bbox': 0.08799120885024977}
Epoch: [5]  [  0/809]  eta: 1:05:17  lr: 0.000100  loss: 12.9843 (12.9843)  loss_bbox: 0.1724 (0.1724)  loss_bbox_aux_0: 0.1755 (0.1755)  loss_bbox_aux_1: 0.1745 (0.1745)  loss_bbox_aux_2: 0.1723 (0.1723)  loss_bbox_dn_0: 0.0663 (0.0663)  loss_bbox_dn_1: 0.0513 (0.0513)  loss_bbox_dn_2: 0.0499 (0.0499)  loss_giou: 1.4952 (1.4952)  loss_giou_aux_0: 1.5048 (1.5048)  loss_giou_aux_1: 1.4998 (1.4998)  loss_giou_aux_2: 1.5483 (1.5483)  loss_giou_dn_0: 1.0545 (1.0545)  loss_giou_dn_1: 0.9572 (0.9572)  loss_giou_dn_2: 0.9469 (0.9469)  loss_vfl: 0.4658 (0.4658)  loss_vfl_aux_0: 0.4317 (0.4317)  loss_vfl_aux_1: 0.4424 (0.4424)  loss_vfl_aux_2: 0.4259 (0.4259)  loss_vfl_dn_0: 0.4439 (0.4439)  loss_vfl_dn_1: 0.4520 (0.4520)  loss_vfl_dn_2: 0.4538 (0.4538)  time: 4.8418  data: 1.9488  max mem: 9238
Epoch: [5]  [100/809]  eta: 0:12:39  lr: 0.000100  loss: 11.7053 (11.8677)  loss_bbox: 0.1346 (0.1443)  loss_bbox_aux_0: 0.1426 (0.1498)  loss_bbox_aux_1: 0.1352 (0.1459)  loss_bbox_aux_2: 0.1496 (0.1644)  loss_bbox_dn_0: 0.0732 (0.0834)  loss_bbox_dn_1: 0.0623 (0.0702)  loss_bbox_dn_2: 0.0600 (0.0677)  loss_giou: 1.1907 (1.1942)  loss_giou_aux_0: 1.2121 (1.2215)  loss_giou_aux_1: 1.1951 (1.2031)  loss_giou_aux_2: 1.2996 (1.2962)  loss_giou_dn_0: 0.9599 (0.9721)  loss_giou_dn_1: 0.8653 (0.8806)  loss_giou_dn_2: 0.8493 (0.8667)  loss_vfl: 0.4997 (0.5117)  loss_vfl_aux_0: 0.4892 (0.5073)  loss_vfl_aux_1: 0.4936 (0.5109)  loss_vfl_aux_2: 0.4658 (0.4917)  loss_vfl_dn_0: 0.4526 (0.4589)  loss_vfl_dn_1: 0.4678 (0.4654)  loss_vfl_dn_2: 0.4588 (0.4617)  time: 1.0271  data: 0.0308  max mem: 9238
Epoch: [5]  [200/809]  eta: 0:10:35  lr: 0.000100  loss: 11.7705 (11.8303)  loss_bbox: 0.1250 (0.1384)  loss_bbox_aux_0: 0.1281 (0.1432)  loss_bbox_aux_1: 0.1245 (0.1398)  loss_bbox_aux_2: 0.1438 (0.1572)  loss_bbox_dn_0: 0.0688 (0.0802)  loss_bbox_dn_1: 0.0613 (0.0678)  loss_bbox_dn_2: 0.0600 (0.0656)  loss_giou: 1.1826 (1.1918)  loss_giou_aux_0: 1.2085 (1.2183)  loss_giou_aux_1: 1.1895 (1.2010)  loss_giou_aux_2: 1.2718 (1.2913)  loss_giou_dn_0: 0.9823 (0.9744)  loss_giou_dn_1: 0.8977 (0.8867)  loss_giou_dn_2: 0.8889 (0.8735)  loss_vfl: 0.4930 (0.5106)  loss_vfl_aux_0: 0.4941 (0.5072)  loss_vfl_aux_1: 0.4843 (0.5095)  loss_vfl_aux_2: 0.4619 (0.4893)  loss_vfl_dn_0: 0.4508 (0.4592)  loss_vfl_dn_1: 0.4532 (0.4645)  loss_vfl_dn_2: 0.4496 (0.4609)  time: 0.9947  data: 0.0276  max mem: 9238
Epoch: [5]  [300/809]  eta: 0:08:48  lr: 0.000100  loss: 11.6966 (11.7646)  loss_bbox: 0.1316 (0.1362)  loss_bbox_aux_0: 0.1372 (0.1410)  loss_bbox_aux_1: 0.1327 (0.1376)  loss_bbox_aux_2: 0.1516 (0.1554)  loss_bbox_dn_0: 0.0828 (0.0805)  loss_bbox_dn_1: 0.0684 (0.0682)  loss_bbox_dn_2: 0.0661 (0.0660)  loss_giou: 1.1464 (1.1756)  loss_giou_aux_0: 1.1787 (1.2028)  loss_giou_aux_1: 1.1592 (1.1848)  loss_giou_aux_2: 1.2829 (1.2771)  loss_giou_dn_0: 0.9632 (0.9667)  loss_giou_dn_1: 0.8616 (0.8791)  loss_giou_dn_2: 0.8477 (0.8660)  loss_vfl: 0.5212 (0.5172)  loss_vfl_aux_0: 0.5164 (0.5126)  loss_vfl_aux_1: 0.5209 (0.5160)  loss_vfl_aux_2: 0.4918 (0.4946)  loss_vfl_dn_0: 0.4580 (0.4604)  loss_vfl_dn_1: 0.4603 (0.4651)  loss_vfl_dn_2: 0.4601 (0.4618)  time: 1.0572  data: 0.0365  max mem: 9238
Epoch: [5]  [400/809]  eta: 0:07:01  lr: 0.000100  loss: 11.5269 (11.7817)  loss_bbox: 0.1313 (0.1384)  loss_bbox_aux_0: 0.1337 (0.1431)  loss_bbox_aux_1: 0.1328 (0.1398)  loss_bbox_aux_2: 0.1506 (0.1574)  loss_bbox_dn_0: 0.0755 (0.0802)  loss_bbox_dn_1: 0.0613 (0.0679)  loss_bbox_dn_2: 0.0580 (0.0656)  loss_giou: 1.1810 (1.1792)  loss_giou_aux_0: 1.2203 (1.2063)  loss_giou_aux_1: 1.1932 (1.1884)  loss_giou_aux_2: 1.2534 (1.2787)  loss_giou_dn_0: 0.9565 (0.9688)  loss_giou_dn_1: 0.8606 (0.8821)  loss_giou_dn_2: 0.8395 (0.8690)  loss_vfl: 0.4888 (0.5148)  loss_vfl_aux_0: 0.4903 (0.5105)  loss_vfl_aux_1: 0.4816 (0.5139)  loss_vfl_aux_2: 0.4747 (0.4923)  loss_vfl_dn_0: 0.4615 (0.4599)  loss_vfl_dn_1: 0.4598 (0.4644)  loss_vfl_dn_2: 0.4578 (0.4611)  time: 0.9781  data: 0.0287  max mem: 9238
Epoch: [5]  [500/809]  eta: 0:05:18  lr: 0.000100  loss: 11.6498 (11.8297)  loss_bbox: 0.1307 (0.1414)  loss_bbox_aux_0: 0.1340 (0.1461)  loss_bbox_aux_1: 0.1306 (0.1427)  loss_bbox_aux_2: 0.1474 (0.1602)  loss_bbox_dn_0: 0.0820 (0.0800)  loss_bbox_dn_1: 0.0658 (0.0676)  loss_bbox_dn_2: 0.0643 (0.0654)  loss_giou: 1.1263 (1.1912)  loss_giou_aux_0: 1.1599 (1.2182)  loss_giou_aux_1: 1.1331 (1.2002)  loss_giou_aux_2: 1.2035 (1.2908)  loss_giou_dn_0: 0.9588 (0.9724)  loss_giou_dn_1: 0.8847 (0.8847)  loss_giou_dn_2: 0.8647 (0.8719)  loss_vfl: 0.5273 (0.5104)  loss_vfl_aux_0: 0.5121 (0.5056)  loss_vfl_aux_1: 0.5236 (0.5092)  loss_vfl_aux_2: 0.5090 (0.4872)  loss_vfl_dn_0: 0.4611 (0.4592)  loss_vfl_dn_1: 0.4688 (0.4642)  loss_vfl_dn_2: 0.4624 (0.4610)  time: 1.0636  data: 0.0310  max mem: 9238
Epoch: [5]  [600/809]  eta: 0:03:36  lr: 0.000100  loss: 11.7307 (11.8026)  loss_bbox: 0.1188 (0.1400)  loss_bbox_aux_0: 0.1199 (0.1444)  loss_bbox_aux_1: 0.1197 (0.1413)  loss_bbox_aux_2: 0.1380 (0.1585)  loss_bbox_dn_0: 0.0720 (0.0790)  loss_bbox_dn_1: 0.0605 (0.0668)  loss_bbox_dn_2: 0.0592 (0.0646)  loss_giou: 1.1761 (1.1892)  loss_giou_aux_0: 1.2011 (1.2159)  loss_giou_aux_1: 1.1838 (1.1983)  loss_giou_aux_2: 1.3176 (1.2885)  loss_giou_dn_0: 0.9466 (0.9698)  loss_giou_dn_1: 0.8761 (0.8825)  loss_giou_dn_2: 0.8618 (0.8696)  loss_vfl: 0.4763 (0.5092)  loss_vfl_aux_0: 0.4824 (0.5052)  loss_vfl_aux_1: 0.4804 (0.5080)  loss_vfl_aux_2: 0.4545 (0.4872)  loss_vfl_dn_0: 0.4654 (0.4594)  loss_vfl_dn_1: 0.4705 (0.4641)  loss_vfl_dn_2: 0.4687 (0.4611)  time: 1.1141  data: 0.0314  max mem: 9238
Epoch: [5]  [700/809]  eta: 0:01:52  lr: 0.000100  loss: 11.5974 (11.8151)  loss_bbox: 0.1268 (0.1410)  loss_bbox_aux_0: 0.1371 (0.1456)  loss_bbox_aux_1: 0.1300 (0.1424)  loss_bbox_aux_2: 0.1484 (0.1598)  loss_bbox_dn_0: 0.0696 (0.0786)  loss_bbox_dn_1: 0.0616 (0.0665)  loss_bbox_dn_2: 0.0588 (0.0643)  loss_giou: 1.0949 (1.1925)  loss_giou_aux_0: 1.1281 (1.2194)  loss_giou_aux_1: 1.1124 (1.2017)  loss_giou_aux_2: 1.2110 (1.2920)  loss_giou_dn_0: 0.9522 (0.9684)  loss_giou_dn_1: 0.8559 (0.8816)  loss_giou_dn_2: 0.8465 (0.8690)  loss_vfl: 0.5408 (0.5087)  loss_vfl_aux_0: 0.5231 (0.5044)  loss_vfl_aux_1: 0.5317 (0.5074)  loss_vfl_aux_2: 0.5038 (0.4865)  loss_vfl_dn_0: 0.4633 (0.4599)  loss_vfl_dn_1: 0.4733 (0.4642)  loss_vfl_dn_2: 0.4657 (0.4611)  time: 1.0202  data: 0.0296  max mem: 9238
Epoch: [5]  [800/809]  eta: 0:00:09  lr: 0.000100  loss: 12.1289 (11.8152)  loss_bbox: 0.1349 (0.1415)  loss_bbox_aux_0: 0.1411 (0.1461)  loss_bbox_aux_1: 0.1367 (0.1429)  loss_bbox_aux_2: 0.1567 (0.1603)  loss_bbox_dn_0: 0.0653 (0.0780)  loss_bbox_dn_1: 0.0562 (0.0660)  loss_bbox_dn_2: 0.0550 (0.0639)  loss_giou: 1.3194 (1.1947)  loss_giou_aux_0: 1.3450 (1.2216)  loss_giou_aux_1: 1.3357 (1.2040)  loss_giou_aux_2: 1.3919 (1.2933)  loss_giou_dn_0: 0.9822 (0.9670)  loss_giou_dn_1: 0.9148 (0.8811)  loss_giou_dn_2: 0.9107 (0.8687)  loss_vfl: 0.4352 (0.5069)  loss_vfl_aux_0: 0.4370 (0.5029)  loss_vfl_aux_1: 0.4342 (0.5059)  loss_vfl_aux_2: 0.4143 (0.4855)  loss_vfl_dn_0: 0.4584 (0.4602)  loss_vfl_dn_1: 0.4581 (0.4639)  loss_vfl_dn_2: 0.4511 (0.4608)  time: 1.0525  data: 0.0324  max mem: 9238
Epoch: [5]  [808/809]  eta: 0:00:01  lr: 0.000100  loss: 11.9362 (11.8144)  loss_bbox: 0.1205 (0.1416)  loss_bbox_aux_0: 0.1250 (0.1462)  loss_bbox_aux_1: 0.1160 (0.1430)  loss_bbox_aux_2: 0.1480 (0.1604)  loss_bbox_dn_0: 0.0700 (0.0780)  loss_bbox_dn_1: 0.0615 (0.0660)  loss_bbox_dn_2: 0.0596 (0.0639)  loss_giou: 1.2226 (1.1943)  loss_giou_aux_0: 1.2350 (1.2212)  loss_giou_aux_1: 1.2294 (1.2036)  loss_giou_aux_2: 1.3347 (1.2931)  loss_giou_dn_0: 0.9485 (0.9667)  loss_giou_dn_1: 0.8627 (0.8808)  loss_giou_dn_2: 0.8563 (0.8684)  loss_vfl: 0.5064 (0.5071)  loss_vfl_aux_0: 0.5106 (0.5030)  loss_vfl_aux_1: 0.5144 (0.5060)  loss_vfl_aux_2: 0.4736 (0.4857)  loss_vfl_dn_0: 0.4668 (0.4603)  loss_vfl_dn_1: 0.4654 (0.4640)  loss_vfl_dn_2: 0.4660 (0.4610)  time: 0.9316  data: 0.0274  max mem: 9238
Epoch: [5] Total time: 0:13:54 (1.0311 s / it)
Averaged stats: lr: 0.000100  loss: 11.9362 (11.8144)  loss_bbox: 0.1205 (0.1416)  loss_bbox_aux_0: 0.1250 (0.1462)  loss_bbox_aux_1: 0.1160 (0.1430)  loss_bbox_aux_2: 0.1480 (0.1604)  loss_bbox_dn_0: 0.0700 (0.0780)  loss_bbox_dn_1: 0.0615 (0.0660)  loss_bbox_dn_2: 0.0596 (0.0639)  loss_giou: 1.2226 (1.1943)  loss_giou_aux_0: 1.2350 (1.2212)  loss_giou_aux_1: 1.2294 (1.2036)  loss_giou_aux_2: 1.3347 (1.2931)  loss_giou_dn_0: 0.9485 (0.9667)  loss_giou_dn_1: 0.8627 (0.8808)  loss_giou_dn_2: 0.8563 (0.8684)  loss_vfl: 0.5064 (0.5071)  loss_vfl_aux_0: 0.5106 (0.5030)  loss_vfl_aux_1: 0.5144 (0.5060)  loss_vfl_aux_2: 0.4736 (0.4857)  loss_vfl_dn_0: 0.4668 (0.4603)  loss_vfl_dn_1: 0.4654 (0.4640)  loss_vfl_dn_2: 0.4660 (0.4610)
Test:  [ 0/69]  eta: 0:01:21    time: 1.1868  data: 0.7682  max mem: 9238
Test:  [10/69]  eta: 0:00:41    time: 0.6958  data: 0.0841  max mem: 9238
Test:  [20/69]  eta: 0:00:31    time: 0.6103  data: 0.0179  max mem: 9238
Test:  [30/69]  eta: 0:00:23    time: 0.5425  data: 0.0214  max mem: 9238
Test:  [40/69]  eta: 0:00:16    time: 0.5033  data: 0.0218  max mem: 9238
Test:  [50/69]  eta: 0:00:10    time: 0.4763  data: 0.0211  max mem: 9238
Test:  [60/69]  eta: 0:00:04    time: 0.4508  data: 0.0208  max mem: 9238
Test:  [68/69]  eta: 0:00:00    time: 0.4719  data: 0.0191  max mem: 9238
Test: Total time: 0:00:36 (0.5319 s / it)
Averaged stats: 
Accumulating evaluation results...
DONE (t=1.96s).
IoU metric: bbox
 Average Precision  (AP) @[ IoU=0.50:0.95 | area=   all | maxDets=100 ] = 0.104
 Average Precision  (AP) @[ IoU=0.50      | area=   all | maxDets=100 ] = 0.190
 Average Precision  (AP) @[ IoU=0.75      | area=   all | maxDets=100 ] = 0.100
 Average Precision  (AP) @[ IoU=0.50:0.95 | area= small | maxDets=100 ] = 0.060
 Average Precision  (AP) @[ IoU=0.50:0.95 | area=medium | maxDets=100 ] = 0.154
 Average Precision  (AP) @[ IoU=0.50:0.95 | area= large | maxDets=100 ] = 0.216
 Average Recall     (AR) @[ IoU=0.50:0.95 | area=   all | maxDets=  1 ] = 0.060
 Average Recall     (AR) @[ IoU=0.50:0.95 | area=   all | maxDets= 10 ] = 0.171
 Average Recall     (AR) @[ IoU=0.50:0.95 | area=   all | maxDets=100 ] = 0.248
 Average Recall     (AR) @[ IoU=0.50:0.95 | area= small | maxDets=100 ] = 0.167
 Average Recall     (AR) @[ IoU=0.50:0.95 | area=medium | maxDets=100 ] = 0.352
 Average Recall     (AR) @[ IoU=0.50:0.95 | area= large | maxDets=100 ] = 0.456
best_stat:  {'epoch': 5, 'coco_eval_bbox': 0.10361081416590535}
Epoch: [6]  [  0/809]  eta: 1:19:06  lr: 0.000100  loss: 10.9811 (10.9811)  loss_bbox: 0.1141 (0.1141)  loss_bbox_aux_0: 0.1185 (0.1185)  loss_bbox_aux_1: 0.1153 (0.1153)  loss_bbox_aux_2: 0.1326 (0.1326)  loss_bbox_dn_0: 0.0907 (0.0907)  loss_bbox_dn_1: 0.0793 (0.0793)  loss_bbox_dn_2: 0.0761 (0.0761)  loss_giou: 1.0086 (1.0086)  loss_giou_aux_0: 1.0245 (1.0245)  loss_giou_aux_1: 1.0152 (1.0152)  loss_giou_aux_2: 1.1281 (1.1281)  loss_giou_dn_0: 0.8912 (0.8912)  loss_giou_dn_1: 0.8164 (0.8164)  loss_giou_dn_2: 0.7993 (0.7993)  loss_vfl: 0.5529 (0.5529)  loss_vfl_aux_0: 0.5419 (0.5419)  loss_vfl_aux_1: 0.5520 (0.5520)  loss_vfl_aux_2: 0.5099 (0.5099)  loss_vfl_dn_0: 0.4782 (0.4782)  loss_vfl_dn_1: 0.4703 (0.4703)  loss_vfl_dn_2: 0.4661 (0.4661)  time: 5.8669  data: 2.9492  max mem: 9238
Epoch: [6]  [100/809]  eta: 0:12:38  lr: 0.000100  loss: 11.8642 (11.9395)  loss_bbox: 0.1295 (0.1564)  loss_bbox_aux_0: 0.1313 (0.1612)  loss_bbox_aux_1: 0.1293 (0.1575)  loss_bbox_aux_2: 0.1522 (0.1761)  loss_bbox_dn_0: 0.0719 (0.0776)  loss_bbox_dn_1: 0.0630 (0.0661)  loss_bbox_dn_2: 0.0614 (0.0641)  loss_giou: 1.1983 (1.2243)  loss_giou_aux_0: 1.2121 (1.2505)  loss_giou_aux_1: 1.2085 (1.2335)  loss_giou_aux_2: 1.2516 (1.3206)  loss_giou_dn_0: 0.9527 (0.9639)  loss_giou_dn_1: 0.8792 (0.8821)  loss_giou_dn_2: 0.8752 (0.8712)  loss_vfl: 0.4812 (0.4945)  loss_vfl_aux_0: 0.4602 (0.4901)  loss_vfl_aux_1: 0.4738 (0.4936)  loss_vfl_aux_2: 0.4462 (0.4725)  loss_vfl_dn_0: 0.4566 (0.4618)  loss_vfl_dn_1: 0.4584 (0.4623)  loss_vfl_dn_2: 0.4541 (0.4597)  time: 1.0101  data: 0.0289  max mem: 9238
Epoch: [6]  [200/809]  eta: 0:10:32  lr: 0.000100  loss: 11.6480 (11.7551)  loss_bbox: 0.1229 (0.1435)  loss_bbox_aux_0: 0.1233 (0.1484)  loss_bbox_aux_1: 0.1224 (0.1449)  loss_bbox_aux_2: 0.1455 (0.1632)  loss_bbox_dn_0: 0.0704 (0.0777)  loss_bbox_dn_1: 0.0664 (0.0664)  loss_bbox_dn_2: 0.0632 (0.0645)  loss_giou: 1.1551 (1.1816)  loss_giou_aux_0: 1.2055 (1.2089)  loss_giou_aux_1: 1.1930 (1.1916)  loss_giou_aux_2: 1.3049 (1.2818)  loss_giou_dn_0: 0.9323 (0.9505)  loss_giou_dn_1: 0.8501 (0.8676)  loss_giou_dn_2: 0.8429 (0.8562)  loss_vfl: 0.5057 (0.5115)  loss_vfl_aux_0: 0.5141 (0.5066)  loss_vfl_aux_1: 0.5136 (0.5098)  loss_vfl_aux_2: 0.4922 (0.4895)  loss_vfl_dn_0: 0.4553 (0.4640)  loss_vfl_dn_1: 0.4601 (0.4646)  loss_vfl_dn_2: 0.4603 (0.4623)  time: 1.0120  data: 0.0280  max mem: 9238
Epoch: [6]  [300/809]  eta: 0:08:49  lr: 0.000100  loss: 11.7808 (11.7374)  loss_bbox: 0.1243 (0.1449)  loss_bbox_aux_0: 0.1306 (0.1497)  loss_bbox_aux_1: 0.1259 (0.1463)  loss_bbox_aux_2: 0.1447 (0.1642)  loss_bbox_dn_0: 0.0708 (0.0772)  loss_bbox_dn_1: 0.0599 (0.0658)  loss_bbox_dn_2: 0.0578 (0.0639)  loss_giou: 1.1981 (1.1808)  loss_giou_aux_0: 1.2262 (1.2085)  loss_giou_aux_1: 1.2023 (1.1909)  loss_giou_aux_2: 1.3221 (1.2800)  loss_giou_dn_0: 0.9988 (0.9518)  loss_giou_dn_1: 0.9336 (0.8673)  loss_giou_dn_2: 0.9156 (0.8560)  loss_vfl: 0.4870 (0.5068)  loss_vfl_aux_0: 0.4645 (0.5030)  loss_vfl_aux_1: 0.4824 (0.5054)  loss_vfl_aux_2: 0.4624 (0.4872)  loss_vfl_dn_0: 0.4513 (0.4628)  loss_vfl_dn_1: 0.4554 (0.4637)  loss_vfl_dn_2: 0.4501 (0.4611)  time: 1.0662  data: 0.0317  max mem: 9238
Epoch: [6]  [400/809]  eta: 0:07:02  lr: 0.000100  loss: 11.3589 (11.7156)  loss_bbox: 0.1185 (0.1422)  loss_bbox_aux_0: 0.1211 (0.1470)  loss_bbox_aux_1: 0.1195 (0.1436)  loss_bbox_aux_2: 0.1365 (0.1610)  loss_bbox_dn_0: 0.0674 (0.0769)  loss_bbox_dn_1: 0.0570 (0.0654)  loss_bbox_dn_2: 0.0534 (0.0634)  loss_giou: 1.1121 (1.1780)  loss_giou_aux_0: 1.1480 (1.2054)  loss_giou_aux_1: 1.1168 (1.1880)  loss_giou_aux_2: 1.2019 (1.2760)  loss_giou_dn_0: 0.9213 (0.9504)  loss_giou_dn_1: 0.8355 (0.8653)  loss_giou_dn_2: 0.8223 (0.8538)  loss_vfl: 0.5091 (0.5086)  loss_vfl_aux_0: 0.5113 (0.5049)  loss_vfl_aux_1: 0.5066 (0.5073)  loss_vfl_aux_2: 0.5032 (0.4897)  loss_vfl_dn_0: 0.4729 (0.4633)  loss_vfl_dn_1: 0.4669 (0.4642)  loss_vfl_dn_2: 0.4612 (0.4615)  time: 0.9981  data: 0.0255  max mem: 9238
Epoch: [6]  [500/809]  eta: 0:05:20  lr: 0.000100  loss: 10.9817 (11.6933)  loss_bbox: 0.1215 (0.1401)  loss_bbox_aux_0: 0.1308 (0.1452)  loss_bbox_aux_1: 0.1229 (0.1415)  loss_bbox_aux_2: 0.1379 (0.1592)  loss_bbox_dn_0: 0.0731 (0.0772)  loss_bbox_dn_1: 0.0671 (0.0654)  loss_bbox_dn_2: 0.0635 (0.0634)  loss_giou: 0.9853 (1.1734)  loss_giou_aux_0: 1.0161 (1.2011)  loss_giou_aux_1: 0.9959 (1.1831)  loss_giou_aux_2: 1.1061 (1.2720)  loss_giou_dn_0: 0.8993 (0.9498)  loss_giou_dn_1: 0.8079 (0.8634)  loss_giou_dn_2: 0.7948 (0.8517)  loss_vfl: 0.5543 (0.5099)  loss_vfl_aux_0: 0.5449 (0.5060)  loss_vfl_aux_1: 0.5519 (0.5088)  loss_vfl_aux_2: 0.5444 (0.4911)  loss_vfl_dn_0: 0.4746 (0.4637)  loss_vfl_dn_1: 0.4691 (0.4651)  loss_vfl_dn_2: 0.4606 (0.4621)  time: 1.0211  data: 0.0321  max mem: 9238
Epoch: [6]  [600/809]  eta: 0:03:35  lr: 0.000100  loss: 11.7044 (11.6751)  loss_bbox: 0.1197 (0.1386)  loss_bbox_aux_0: 0.1250 (0.1438)  loss_bbox_aux_1: 0.1192 (0.1401)  loss_bbox_aux_2: 0.1422 (0.1583)  loss_bbox_dn_0: 0.0683 (0.0769)  loss_bbox_dn_1: 0.0557 (0.0651)  loss_bbox_dn_2: 0.0541 (0.0630)  loss_giou: 1.2440 (1.1701)  loss_giou_aux_0: 1.2709 (1.1979)  loss_giou_aux_1: 1.2445 (1.1796)  loss_giou_aux_2: 1.3705 (1.2699)  loss_giou_dn_0: 0.9375 (0.9475)  loss_giou_dn_1: 0.8574 (0.8606)  loss_giou_dn_2: 0.8390 (0.8489)  loss_vfl: 0.4647 (0.5118)  loss_vfl_aux_0: 0.4662 (0.5083)  loss_vfl_aux_1: 0.4644 (0.5110)  loss_vfl_aux_2: 0.4403 (0.4925)  loss_vfl_dn_0: 0.4497 (0.4638)  loss_vfl_dn_1: 0.4536 (0.4652)  loss_vfl_dn_2: 0.4469 (0.4621)  time: 0.9933  data: 0.0292  max mem: 9238
Epoch: [6]  [700/809]  eta: 0:01:52  lr: 0.000100  loss: 11.3958 (11.6920)  loss_bbox: 0.1071 (0.1399)  loss_bbox_aux_0: 0.1101 (0.1451)  loss_bbox_aux_1: 0.1087 (0.1415)  loss_bbox_aux_2: 0.1258 (0.1597)  loss_bbox_dn_0: 0.0686 (0.0768)  loss_bbox_dn_1: 0.0608 (0.0649)  loss_bbox_dn_2: 0.0592 (0.0629)  loss_giou: 1.1360 (1.1734)  loss_giou_aux_0: 1.1548 (1.2009)  loss_giou_aux_1: 1.1454 (1.1829)  loss_giou_aux_2: 1.2311 (1.2725)  loss_giou_dn_0: 0.9456 (0.9481)  loss_giou_dn_1: 0.8599 (0.8610)  loss_giou_dn_2: 0.8540 (0.8493)  loss_vfl: 0.4907 (0.5116)  loss_vfl_aux_0: 0.5139 (0.5082)  loss_vfl_aux_1: 0.4908 (0.5107)  loss_vfl_aux_2: 0.4777 (0.4922)  loss_vfl_dn_0: 0.4672 (0.4634)  loss_vfl_dn_1: 0.4657 (0.4651)  loss_vfl_dn_2: 0.4535 (0.4620)  time: 1.0345  data: 0.0299  max mem: 9238
Epoch: [6]  [800/809]  eta: 0:00:09  lr: 0.000100  loss: 11.4203 (11.6801)  loss_bbox: 0.1153 (0.1386)  loss_bbox_aux_0: 0.1210 (0.1437)  loss_bbox_aux_1: 0.1197 (0.1402)  loss_bbox_aux_2: 0.1377 (0.1584)  loss_bbox_dn_0: 0.0696 (0.0763)  loss_bbox_dn_1: 0.0594 (0.0646)  loss_bbox_dn_2: 0.0569 (0.0626)  loss_giou: 1.1494 (1.1726)  loss_giou_aux_0: 1.1836 (1.2002)  loss_giou_aux_1: 1.1507 (1.1824)  loss_giou_aux_2: 1.2114 (1.2715)  loss_giou_dn_0: 0.9415 (0.9478)  loss_giou_dn_1: 0.8473 (0.8612)  loss_giou_dn_2: 0.8300 (0.8495)  loss_vfl: 0.4875 (0.5110)  loss_vfl_aux_0: 0.4863 (0.5078)  loss_vfl_aux_1: 0.4849 (0.5101)  loss_vfl_aux_2: 0.4824 (0.4916)  loss_vfl_dn_0: 0.4545 (0.4633)  loss_vfl_dn_1: 0.4592 (0.4650)  loss_vfl_dn_2: 0.4523 (0.4618)  time: 1.0129  data: 0.0325  max mem: 9238
Epoch: [6]  [808/809]  eta: 0:00:01  lr: 0.000100  loss: 11.5277 (11.6802)  loss_bbox: 0.1127 (0.1385)  loss_bbox_aux_0: 0.1196 (0.1437)  loss_bbox_aux_1: 0.1160 (0.1401)  loss_bbox_aux_2: 0.1385 (0.1583)  loss_bbox_dn_0: 0.0622 (0.0764)  loss_bbox_dn_1: 0.0543 (0.0646)  loss_bbox_dn_2: 0.0536 (0.0627)  loss_giou: 1.1401 (1.1725)  loss_giou_aux_0: 1.1761 (1.2001)  loss_giou_aux_1: 1.1472 (1.1822)  loss_giou_aux_2: 1.2273 (1.2714)  loss_giou_dn_0: 0.9682 (0.9478)  loss_giou_dn_1: 0.8589 (0.8613)  loss_giou_dn_2: 0.8503 (0.8497)  loss_vfl: 0.5009 (0.5111)  loss_vfl_aux_0: 0.4970 (0.5078)  loss_vfl_aux_1: 0.4879 (0.5102)  loss_vfl_aux_2: 0.4824 (0.4917)  loss_vfl_dn_0: 0.4571 (0.4633)  loss_vfl_dn_1: 0.4537 (0.4650)  loss_vfl_dn_2: 0.4514 (0.4618)  time: 0.9103  data: 0.0275  max mem: 9238
Epoch: [6] Total time: 0:13:50 (1.0271 s / it)
Averaged stats: lr: 0.000100  loss: 11.5277 (11.6802)  loss_bbox: 0.1127 (0.1385)  loss_bbox_aux_0: 0.1196 (0.1437)  loss_bbox_aux_1: 0.1160 (0.1401)  loss_bbox_aux_2: 0.1385 (0.1583)  loss_bbox_dn_0: 0.0622 (0.0764)  loss_bbox_dn_1: 0.0543 (0.0646)  loss_bbox_dn_2: 0.0536 (0.0627)  loss_giou: 1.1401 (1.1725)  loss_giou_aux_0: 1.1761 (1.2001)  loss_giou_aux_1: 1.1472 (1.1822)  loss_giou_aux_2: 1.2273 (1.2714)  loss_giou_dn_0: 0.9682 (0.9478)  loss_giou_dn_1: 0.8589 (0.8613)  loss_giou_dn_2: 0.8503 (0.8497)  loss_vfl: 0.5009 (0.5111)  loss_vfl_aux_0: 0.4970 (0.5078)  loss_vfl_aux_1: 0.4879 (0.5102)  loss_vfl_aux_2: 0.4824 (0.4917)  loss_vfl_dn_0: 0.4571 (0.4633)  loss_vfl_dn_1: 0.4537 (0.4650)  loss_vfl_dn_2: 0.4514 (0.4618)
Test:  [ 0/69]  eta: 0:01:43    time: 1.5063  data: 0.8840  max mem: 9238
Test:  [10/69]  eta: 0:00:37    time: 0.6392  data: 0.0984  max mem: 9238
Test:  [20/69]  eta: 0:00:31    time: 0.5980  data: 0.0210  max mem: 9238
Test:  [30/69]  eta: 0:00:23    time: 0.5839  data: 0.0218  max mem: 9238
Test:  [40/69]  eta: 0:00:16    time: 0.5122  data: 0.0223  max mem: 9238
Test:  [50/69]  eta: 0:00:10    time: 0.4747  data: 0.0232  max mem: 9238
Test:  [60/69]  eta: 0:00:04    time: 0.4585  data: 0.0225  max mem: 9238
Test:  [68/69]  eta: 0:00:00    time: 0.4724  data: 0.0206  max mem: 9238
Test: Total time: 0:00:36 (0.5344 s / it)
Averaged stats: 
Accumulating evaluation results...
DONE (t=1.93s).
IoU metric: bbox
 Average Precision  (AP) @[ IoU=0.50:0.95 | area=   all | maxDets=100 ] = 0.115
 Average Precision  (AP) @[ IoU=0.50      | area=   all | maxDets=100 ] = 0.205
 Average Precision  (AP) @[ IoU=0.75      | area=   all | maxDets=100 ] = 0.112
 Average Precision  (AP) @[ IoU=0.50:0.95 | area= small | maxDets=100 ] = 0.067
 Average Precision  (AP) @[ IoU=0.50:0.95 | area=medium | maxDets=100 ] = 0.174
 Average Precision  (AP) @[ IoU=0.50:0.95 | area= large | maxDets=100 ] = 0.220
 Average Recall     (AR) @[ IoU=0.50:0.95 | area=   all | maxDets=  1 ] = 0.065
 Average Recall     (AR) @[ IoU=0.50:0.95 | area=   all | maxDets= 10 ] = 0.184
 Average Recall     (AR) @[ IoU=0.50:0.95 | area=   all | maxDets=100 ] = 0.265
 Average Recall     (AR) @[ IoU=0.50:0.95 | area= small | maxDets=100 ] = 0.181
 Average Recall     (AR) @[ IoU=0.50:0.95 | area=medium | maxDets=100 ] = 0.376
 Average Recall     (AR) @[ IoU=0.50:0.95 | area= large | maxDets=100 ] = 0.435
best_stat:  {'epoch': 6, 'coco_eval_bbox': 0.11486849802874285}
Epoch: [7]  [  0/809]  eta: 1:16:01  lr: 0.000100  loss: 10.1735 (10.1735)  loss_bbox: 0.0822 (0.0822)  loss_bbox_aux_0: 0.0847 (0.0847)  loss_bbox_aux_1: 0.0830 (0.0830)  loss_bbox_aux_2: 0.1030 (0.1030)  loss_bbox_dn_0: 0.0731 (0.0731)  loss_bbox_dn_1: 0.0655 (0.0655)  loss_bbox_dn_2: 0.0640 (0.0640)  loss_giou: 0.7921 (0.7921)  loss_giou_aux_0: 0.8087 (0.8087)  loss_giou_aux_1: 0.8003 (0.8003)  loss_giou_aux_2: 0.9145 (0.9145)  loss_giou_dn_0: 0.8019 (0.8019)  loss_giou_dn_1: 0.7207 (0.7207)  loss_giou_dn_2: 0.7060 (0.7060)  loss_vfl: 0.6480 (0.6480)  loss_vfl_aux_0: 0.6441 (0.6441)  loss_vfl_aux_1: 0.6406 (0.6406)  loss_vfl_aux_2: 0.6164 (0.6164)  loss_vfl_dn_0: 0.5059 (0.5059)  loss_vfl_dn_1: 0.5101 (0.5101)  loss_vfl_dn_2: 0.5087 (0.5087)  time: 5.6386  data: 2.1973  max mem: 9238
Epoch: [7]  [100/809]  eta: 0:12:26  lr: 0.000100  loss: 11.0811 (11.6845)  loss_bbox: 0.0980 (0.1430)  loss_bbox_aux_0: 0.1095 (0.1488)  loss_bbox_aux_1: 0.0999 (0.1445)  loss_bbox_aux_2: 0.1275 (0.1639)  loss_bbox_dn_0: 0.0674 (0.0735)  loss_bbox_dn_1: 0.0576 (0.0615)  loss_bbox_dn_2: 0.0543 (0.0594)  loss_giou: 1.0787 (1.1796)  loss_giou_aux_0: 1.1179 (1.2078)  loss_giou_aux_1: 1.0914 (1.1887)  loss_giou_aux_2: 1.1713 (1.2761)  loss_giou_dn_0: 0.8985 (0.9446)  loss_giou_dn_1: 0.7996 (0.8604)  loss_giou_dn_2: 0.7858 (0.8490)  loss_vfl: 0.5011 (0.5052)  loss_vfl_aux_0: 0.5117 (0.5011)  loss_vfl_aux_1: 0.5022 (0.5038)  loss_vfl_aux_2: 0.5108 (0.4871)  loss_vfl_dn_0: 0.4702 (0.4633)  loss_vfl_dn_1: 0.4672 (0.4632)  loss_vfl_dn_2: 0.4603 (0.4601)  time: 0.9703  data: 0.0339  max mem: 9238
Epoch: [7]  [200/809]  eta: 0:10:31  lr: 0.000100  loss: 11.5178 (11.6296)  loss_bbox: 0.1167 (0.1373)  loss_bbox_aux_0: 0.1213 (0.1427)  loss_bbox_aux_1: 0.1181 (0.1387)  loss_bbox_aux_2: 0.1337 (0.1568)  loss_bbox_dn_0: 0.0715 (0.0739)  loss_bbox_dn_1: 0.0608 (0.0624)  loss_bbox_dn_2: 0.0583 (0.0605)  loss_giou: 1.1345 (1.1741)  loss_giou_aux_0: 1.1507 (1.2004)  loss_giou_aux_1: 1.1374 (1.1832)  loss_giou_aux_2: 1.2266 (1.2687)  loss_giou_dn_0: 0.9639 (0.9427)  loss_giou_dn_1: 0.8875 (0.8593)  loss_giou_dn_2: 0.8792 (0.8487)  loss_vfl: 0.4958 (0.5037)  loss_vfl_aux_0: 0.4914 (0.5006)  loss_vfl_aux_1: 0.4975 (0.5027)  loss_vfl_aux_2: 0.4661 (0.4864)  loss_vfl_dn_0: 0.4608 (0.4634)  loss_vfl_dn_1: 0.4589 (0.4635)  loss_vfl_dn_2: 0.4568 (0.4598)  time: 0.9984  data: 0.0294  max mem: 9238
Epoch: [7]  [300/809]  eta: 0:08:48  lr: 0.000100  loss: 11.1076 (11.6316)  loss_bbox: 0.1075 (0.1354)  loss_bbox_aux_0: 0.1133 (0.1409)  loss_bbox_aux_1: 0.1072 (0.1370)  loss_bbox_aux_2: 0.1260 (0.1550)  loss_bbox_dn_0: 0.0683 (0.0735)  loss_bbox_dn_1: 0.0611 (0.0621)  loss_bbox_dn_2: 0.0595 (0.0603)  loss_giou: 1.0735 (1.1790)  loss_giou_aux_0: 1.0985 (1.2052)  loss_giou_aux_1: 1.0806 (1.1882)  loss_giou_aux_2: 1.1658 (1.2745)  loss_giou_dn_0: 0.9167 (0.9443)  loss_giou_dn_1: 0.8223 (0.8606)  loss_giou_dn_2: 0.8146 (0.8502)  loss_vfl: 0.5272 (0.5006)  loss_vfl_aux_0: 0.5206 (0.4978)  loss_vfl_aux_1: 0.5301 (0.5000)  loss_vfl_aux_2: 0.5040 (0.4827)  loss_vfl_dn_0: 0.4567 (0.4625)  loss_vfl_dn_1: 0.4580 (0.4626)  loss_vfl_dn_2: 0.4578 (0.4591)  time: 1.0189  data: 0.0314  max mem: 9238
Epoch: [7]  [400/809]  eta: 0:07:03  lr: 0.000100  loss: 12.1866 (11.6777)  loss_bbox: 0.1616 (0.1393)  loss_bbox_aux_0: 0.1625 (0.1449)  loss_bbox_aux_1: 0.1658 (0.1409)  loss_bbox_aux_2: 0.1762 (0.1589)  loss_bbox_dn_0: 0.0675 (0.0740)  loss_bbox_dn_1: 0.0565 (0.0625)  loss_bbox_dn_2: 0.0550 (0.0606)  loss_giou: 1.3287 (1.1870)  loss_giou_aux_0: 1.3554 (1.2137)  loss_giou_aux_1: 1.3373 (1.1963)  loss_giou_aux_2: 1.4081 (1.2810)  loss_giou_dn_0: 0.9925 (0.9452)  loss_giou_dn_1: 0.8952 (0.8614)  loss_giou_dn_2: 0.8914 (0.8509)  loss_vfl: 0.4600 (0.4992)  loss_vfl_aux_0: 0.4495 (0.4963)  loss_vfl_aux_1: 0.4623 (0.4989)  loss_vfl_aux_2: 0.4545 (0.4819)  loss_vfl_dn_0: 0.4485 (0.4624)  loss_vfl_dn_1: 0.4512 (0.4629)  loss_vfl_dn_2: 0.4482 (0.4595)  time: 1.0225  data: 0.0309  max mem: 9238
Epoch: [7]  [500/809]  eta: 0:05:19  lr: 0.000100  loss: 11.7636 (11.6523)  loss_bbox: 0.1384 (0.1379)  loss_bbox_aux_0: 0.1412 (0.1436)  loss_bbox_aux_1: 0.1389 (0.1396)  loss_bbox_aux_2: 0.1518 (0.1579)  loss_bbox_dn_0: 0.0708 (0.0746)  loss_bbox_dn_1: 0.0595 (0.0629)  loss_bbox_dn_2: 0.0580 (0.0609)  loss_giou: 1.2280 (1.1804)  loss_giou_aux_0: 1.2599 (1.2079)  loss_giou_aux_1: 1.2443 (1.1900)  loss_giou_aux_2: 1.3098 (1.2743)  loss_giou_dn_0: 0.9624 (0.9424)  loss_giou_dn_1: 0.8756 (0.8578)  loss_giou_dn_2: 0.8619 (0.8472)  loss_vfl: 0.4970 (0.5025)  loss_vfl_aux_0: 0.4846 (0.4991)  loss_vfl_aux_1: 0.4949 (0.5017)  loss_vfl_aux_2: 0.4568 (0.4851)  loss_vfl_dn_0: 0.4624 (0.4630)  loss_vfl_dn_1: 0.4738 (0.4635)  loss_vfl_dn_2: 0.4717 (0.4601)  time: 1.0206  data: 0.0318  max mem: 9238
Epoch: [7]  [600/809]  eta: 0:03:35  lr: 0.000100  loss: 11.1226 (11.6386)  loss_bbox: 0.1204 (0.1368)  loss_bbox_aux_0: 0.1248 (0.1425)  loss_bbox_aux_1: 0.1218 (0.1384)  loss_bbox_aux_2: 0.1389 (0.1567)  loss_bbox_dn_0: 0.0690 (0.0743)  loss_bbox_dn_1: 0.0592 (0.0626)  loss_bbox_dn_2: 0.0590 (0.0608)  loss_giou: 1.0981 (1.1787)  loss_giou_aux_0: 1.1267 (1.2062)  loss_giou_aux_1: 1.1114 (1.1884)  loss_giou_aux_2: 1.2104 (1.2722)  loss_giou_dn_0: 0.9020 (0.9411)  loss_giou_dn_1: 0.8210 (0.8570)  loss_giou_dn_2: 0.8145 (0.8465)  loss_vfl: 0.5048 (0.5024)  loss_vfl_aux_0: 0.5028 (0.4992)  loss_vfl_aux_1: 0.5120 (0.5023)  loss_vfl_aux_2: 0.5107 (0.4854)  loss_vfl_dn_0: 0.4596 (0.4635)  loss_vfl_dn_1: 0.4584 (0.4636)  loss_vfl_dn_2: 0.4549 (0.4603)  time: 0.9958  data: 0.0293  max mem: 9238
Epoch: [7]  [700/809]  eta: 0:01:52  lr: 0.000100  loss: 11.3227 (11.6342)  loss_bbox: 0.1261 (0.1360)  loss_bbox_aux_0: 0.1295 (0.1416)  loss_bbox_aux_1: 0.1289 (0.1376)  loss_bbox_aux_2: 0.1387 (0.1559)  loss_bbox_dn_0: 0.0691 (0.0739)  loss_bbox_dn_1: 0.0587 (0.0623)  loss_bbox_dn_2: 0.0575 (0.0605)  loss_giou: 1.1117 (1.1806)  loss_giou_aux_0: 1.1352 (1.2078)  loss_giou_aux_1: 1.1208 (1.1904)  loss_giou_aux_2: 1.2024 (1.2741)  loss_giou_dn_0: 0.9234 (0.9406)  loss_giou_dn_1: 0.8306 (0.8568)  loss_giou_dn_2: 0.8193 (0.8463)  loss_vfl: 0.5005 (0.5007)  loss_vfl_aux_0: 0.5072 (0.4979)  loss_vfl_aux_1: 0.5047 (0.5007)  loss_vfl_aux_2: 0.4911 (0.4838)  loss_vfl_dn_0: 0.4702 (0.4635)  loss_vfl_dn_1: 0.4606 (0.4633)  loss_vfl_dn_2: 0.4575 (0.4602)  time: 1.0875  data: 0.0313  max mem: 9238
Epoch: [7]  [800/809]  eta: 0:00:09  lr: 0.000100  loss: 11.5409 (11.6355)  loss_bbox: 0.1305 (0.1358)  loss_bbox_aux_0: 0.1379 (0.1414)  loss_bbox_aux_1: 0.1350 (0.1374)  loss_bbox_aux_2: 0.1556 (0.1558)  loss_bbox_dn_0: 0.0653 (0.0735)  loss_bbox_dn_1: 0.0559 (0.0620)  loss_bbox_dn_2: 0.0553 (0.0601)  loss_giou: 1.2092 (1.1816)  loss_giou_aux_0: 1.2487 (1.2092)  loss_giou_aux_1: 1.2214 (1.1917)  loss_giou_aux_2: 1.3040 (1.2753)  loss_giou_dn_0: 0.9136 (0.9400)  loss_giou_dn_1: 0.8229 (0.8555)  loss_giou_dn_2: 0.8186 (0.8451)  loss_vfl: 0.4875 (0.5009)  loss_vfl_aux_0: 0.4811 (0.4980)  loss_vfl_aux_1: 0.4856 (0.5007)  loss_vfl_aux_2: 0.4654 (0.4839)  loss_vfl_dn_0: 0.4653 (0.4635)  loss_vfl_dn_1: 0.4669 (0.4636)  loss_vfl_dn_2: 0.4602 (0.4604)  time: 0.9893  data: 0.0318  max mem: 9238
Epoch: [7]  [808/809]  eta: 0:00:01  lr: 0.000100  loss: 11.5409 (11.6325)  loss_bbox: 0.1211 (0.1358)  loss_bbox_aux_0: 0.1252 (0.1414)  loss_bbox_aux_1: 0.1201 (0.1374)  loss_bbox_aux_2: 0.1424 (0.1558)  loss_bbox_dn_0: 0.0653 (0.0735)  loss_bbox_dn_1: 0.0559 (0.0619)  loss_bbox_dn_2: 0.0553 (0.0601)  loss_giou: 1.1250 (1.1810)  loss_giou_aux_0: 1.1451 (1.2087)  loss_giou_aux_1: 1.1265 (1.1912)  loss_giou_aux_2: 1.2275 (1.2748)  loss_giou_dn_0: 0.8995 (0.9396)  loss_giou_dn_1: 0.8144 (0.8550)  loss_giou_dn_2: 0.8032 (0.8446)  loss_vfl: 0.5028 (0.5010)  loss_vfl_aux_0: 0.4969 (0.4981)  loss_vfl_aux_1: 0.4909 (0.5007)  loss_vfl_aux_2: 0.4858 (0.4842)  loss_vfl_dn_0: 0.4715 (0.4636)  loss_vfl_dn_1: 0.4703 (0.4637)  loss_vfl_dn_2: 0.4625 (0.4605)  time: 0.8820  data: 0.0273  max mem: 9238
Epoch: [7] Total time: 0:13:48 (1.0247 s / it)
Averaged stats: lr: 0.000100  loss: 11.5409 (11.6325)  loss_bbox: 0.1211 (0.1358)  loss_bbox_aux_0: 0.1252 (0.1414)  loss_bbox_aux_1: 0.1201 (0.1374)  loss_bbox_aux_2: 0.1424 (0.1558)  loss_bbox_dn_0: 0.0653 (0.0735)  loss_bbox_dn_1: 0.0559 (0.0619)  loss_bbox_dn_2: 0.0553 (0.0601)  loss_giou: 1.1250 (1.1810)  loss_giou_aux_0: 1.1451 (1.2087)  loss_giou_aux_1: 1.1265 (1.1912)  loss_giou_aux_2: 1.2275 (1.2748)  loss_giou_dn_0: 0.8995 (0.9396)  loss_giou_dn_1: 0.8144 (0.8550)  loss_giou_dn_2: 0.8032 (0.8446)  loss_vfl: 0.5028 (0.5010)  loss_vfl_aux_0: 0.4969 (0.4981)  loss_vfl_aux_1: 0.4909 (0.5007)  loss_vfl_aux_2: 0.4858 (0.4842)  loss_vfl_dn_0: 0.4715 (0.4636)  loss_vfl_dn_1: 0.4703 (0.4637)  loss_vfl_dn_2: 0.4625 (0.4605)
Test:  [ 0/69]  eta: 0:01:19    time: 1.1574  data: 0.6610  max mem: 9238
Test:  [10/69]  eta: 0:00:35    time: 0.6094  data: 0.0771  max mem: 9238
Test:  [20/69]  eta: 0:00:30    time: 0.5966  data: 0.0203  max mem: 9238
Test:  [30/69]  eta: 0:00:23    time: 0.5889  data: 0.0222  max mem: 9238
Test:  [40/69]  eta: 0:00:16    time: 0.5183  data: 0.0223  max mem: 9238
Test:  [50/69]  eta: 0:00:10    time: 0.4712  data: 0.0216  max mem: 9238
Test:  [60/69]  eta: 0:00:04    time: 0.4443  data: 0.0212  max mem: 9238
Test:  [68/69]  eta: 0:00:00    time: 0.4576  data: 0.0203  max mem: 9238
Test: Total time: 0:00:36 (0.5269 s / it)
Averaged stats: 
Accumulating evaluation results...
DONE (t=1.96s).
IoU metric: bbox
 Average Precision  (AP) @[ IoU=0.50:0.95 | area=   all | maxDets=100 ] = 0.122
 Average Precision  (AP) @[ IoU=0.50      | area=   all | maxDets=100 ] = 0.217
 Average Precision  (AP) @[ IoU=0.75      | area=   all | maxDets=100 ] = 0.121
 Average Precision  (AP) @[ IoU=0.50:0.95 | area= small | maxDets=100 ] = 0.069
 Average Precision  (AP) @[ IoU=0.50:0.95 | area=medium | maxDets=100 ] = 0.182
 Average Precision  (AP) @[ IoU=0.50:0.95 | area= large | maxDets=100 ] = 0.261
 Average Recall     (AR) @[ IoU=0.50:0.95 | area=   all | maxDets=  1 ] = 0.070
 Average Recall     (AR) @[ IoU=0.50:0.95 | area=   all | maxDets= 10 ] = 0.191
 Average Recall     (AR) @[ IoU=0.50:0.95 | area=   all | maxDets=100 ] = 0.271
 Average Recall     (AR) @[ IoU=0.50:0.95 | area= small | maxDets=100 ] = 0.183
 Average Recall     (AR) @[ IoU=0.50:0.95 | area=medium | maxDets=100 ] = 0.385
 Average Recall     (AR) @[ IoU=0.50:0.95 | area= large | maxDets=100 ] = 0.471
best_stat:  {'epoch': 7, 'coco_eval_bbox': 0.1218563641312887}
Epoch: [8]  [  0/809]  eta: 1:23:05  lr: 0.000100  loss: 11.5584 (11.5584)  loss_bbox: 0.1157 (0.1157)  loss_bbox_aux_0: 0.1241 (0.1241)  loss_bbox_aux_1: 0.1196 (0.1196)  loss_bbox_aux_2: 0.1329 (0.1329)  loss_bbox_dn_0: 0.0906 (0.0906)  loss_bbox_dn_1: 0.0774 (0.0774)  loss_bbox_dn_2: 0.0751 (0.0751)  loss_giou: 1.0775 (1.0775)  loss_giou_aux_0: 1.1001 (1.1001)  loss_giou_aux_1: 1.0935 (1.0935)  loss_giou_aux_2: 1.1347 (1.1347)  loss_giou_dn_0: 0.9745 (0.9745)  loss_giou_dn_1: 0.8684 (0.8684)  loss_giou_dn_2: 0.8603 (0.8603)  loss_vfl: 0.5767 (0.5767)  loss_vfl_aux_0: 0.5653 (0.5653)  loss_vfl_aux_1: 0.5773 (0.5773)  loss_vfl_aux_2: 0.5691 (0.5691)  loss_vfl_dn_0: 0.4681 (0.4681)  loss_vfl_dn_1: 0.4786 (0.4786)  loss_vfl_dn_2: 0.4789 (0.4789)  time: 6.1628  data: 1.7130  max mem: 9238
Epoch: [8]  [100/809]  eta: 0:12:33  lr: 0.000100  loss: 11.5707 (11.4922)  loss_bbox: 0.1192 (0.1343)  loss_bbox_aux_0: 0.1258 (0.1396)  loss_bbox_aux_1: 0.1221 (0.1357)  loss_bbox_aux_2: 0.1367 (0.1531)  loss_bbox_dn_0: 0.0692 (0.0728)  loss_bbox_dn_1: 0.0561 (0.0618)  loss_bbox_dn_2: 0.0541 (0.0601)  loss_giou: 1.1858 (1.1563)  loss_giou_aux_0: 1.2147 (1.1862)  loss_giou_aux_1: 1.2005 (1.1690)  loss_giou_aux_2: 1.2742 (1.2503)  loss_giou_dn_0: 0.9232 (0.9240)  loss_giou_dn_1: 0.8526 (0.8411)  loss_giou_dn_2: 0.8434 (0.8314)  loss_vfl: 0.4665 (0.5023)  loss_vfl_aux_0: 0.4651 (0.4961)  loss_vfl_aux_1: 0.4613 (0.5002)  loss_vfl_aux_2: 0.4455 (0.4857)  loss_vfl_dn_0: 0.4616 (0.4658)  loss_vfl_dn_1: 0.4623 (0.4648)  loss_vfl_dn_2: 0.4571 (0.4615)  time: 0.9720  data: 0.0277  max mem: 9238
Epoch: [8]  [200/809]  eta: 0:10:35  lr: 0.000100  loss: 11.1644 (11.4708)  loss_bbox: 0.1048 (0.1325)  loss_bbox_aux_0: 0.1141 (0.1381)  loss_bbox_aux_1: 0.1076 (0.1340)  loss_bbox_aux_2: 0.1314 (0.1519)  loss_bbox_dn_0: 0.0664 (0.0731)  loss_bbox_dn_1: 0.0535 (0.0615)  loss_bbox_dn_2: 0.0515 (0.0597)  loss_giou: 1.1047 (1.1497)  loss_giou_aux_0: 1.1448 (1.1797)  loss_giou_aux_1: 1.1138 (1.1620)  loss_giou_aux_2: 1.2117 (1.2438)  loss_giou_dn_0: 0.9058 (0.9233)  loss_giou_dn_1: 0.8250 (0.8388)  loss_giou_dn_2: 0.8133 (0.8291)  loss_vfl: 0.5243 (0.5057)  loss_vfl_aux_0: 0.5136 (0.5007)  loss_vfl_aux_1: 0.5214 (0.5046)  loss_vfl_aux_2: 0.5079 (0.4890)  loss_vfl_dn_0: 0.4689 (0.4660)  loss_vfl_dn_1: 0.4707 (0.4655)  loss_vfl_dn_2: 0.4647 (0.4622)  time: 1.0214  data: 0.0284  max mem: 9238
Epoch: [8]  [300/809]  eta: 0:08:48  lr: 0.000100  loss: 11.3045 (11.4671)  loss_bbox: 0.1177 (0.1313)  loss_bbox_aux_0: 0.1224 (0.1369)  loss_bbox_aux_1: 0.1187 (0.1328)  loss_bbox_aux_2: 0.1338 (0.1508)  loss_bbox_dn_0: 0.0682 (0.0727)  loss_bbox_dn_1: 0.0558 (0.0611)  loss_bbox_dn_2: 0.0531 (0.0593)  loss_giou: 1.1174 (1.1499)  loss_giou_aux_0: 1.1468 (1.1793)  loss_giou_aux_1: 1.1192 (1.1615)  loss_giou_aux_2: 1.2095 (1.2429)  loss_giou_dn_0: 0.9332 (0.9255)  loss_giou_dn_1: 0.8543 (0.8400)  loss_giou_dn_2: 0.8404 (0.8300)  loss_vfl: 0.5199 (0.5061)  loss_vfl_aux_0: 0.5117 (0.5008)  loss_vfl_aux_1: 0.5203 (0.5051)  loss_vfl_aux_2: 0.5012 (0.4898)  loss_vfl_dn_0: 0.4630 (0.4649)  loss_vfl_dn_1: 0.4600 (0.4649)  loss_vfl_dn_2: 0.4582 (0.4616)  time: 1.0688  data: 0.0313  max mem: 9238
Epoch: [8]  [400/809]  eta: 0:07:01  lr: 0.000100  loss: 11.7420 (11.4599)  loss_bbox: 0.1297 (0.1307)  loss_bbox_aux_0: 0.1349 (0.1365)  loss_bbox_aux_1: 0.1319 (0.1323)  loss_bbox_aux_2: 0.1485 (0.1507)  loss_bbox_dn_0: 0.0618 (0.0731)  loss_bbox_dn_1: 0.0504 (0.0615)  loss_bbox_dn_2: 0.0490 (0.0597)  loss_giou: 1.2570 (1.1463)  loss_giou_aux_0: 1.2867 (1.1759)  loss_giou_aux_1: 1.2684 (1.1580)  loss_giou_aux_2: 1.3278 (1.2406)  loss_giou_dn_0: 0.9472 (0.9226)  loss_giou_dn_1: 0.8774 (0.8378)  loss_giou_dn_2: 0.8691 (0.8279)  loss_vfl: 0.4363 (0.5093)  loss_vfl_aux_0: 0.4271 (0.5040)  loss_vfl_aux_1: 0.4377 (0.5084)  loss_vfl_aux_2: 0.4190 (0.4917)  loss_vfl_dn_0: 0.4537 (0.4656)  loss_vfl_dn_1: 0.4573 (0.4653)  loss_vfl_dn_2: 0.4508 (0.4621)  time: 1.0167  data: 0.0284  max mem: 9238
Epoch: [8]  [500/809]  eta: 0:05:15  lr: 0.000100  loss: 11.4186 (11.4505)  loss_bbox: 0.1107 (0.1297)  loss_bbox_aux_0: 0.1171 (0.1357)  loss_bbox_aux_1: 0.1094 (0.1313)  loss_bbox_aux_2: 0.1362 (0.1498)  loss_bbox_dn_0: 0.0669 (0.0730)  loss_bbox_dn_1: 0.0527 (0.0614)  loss_bbox_dn_2: 0.0503 (0.0596)  loss_giou: 1.1481 (1.1452)  loss_giou_aux_0: 1.1750 (1.1745)  loss_giou_aux_1: 1.1527 (1.1565)  loss_giou_aux_2: 1.2243 (1.2399)  loss_giou_dn_0: 0.8927 (0.9216)  loss_giou_dn_1: 0.8136 (0.8365)  loss_giou_dn_2: 0.8050 (0.8264)  loss_vfl: 0.4988 (0.5098)  loss_vfl_aux_0: 0.5112 (0.5054)  loss_vfl_aux_1: 0.5015 (0.5092)  loss_vfl_aux_2: 0.5146 (0.4929)  loss_vfl_dn_0: 0.4713 (0.4657)  loss_vfl_dn_1: 0.4716 (0.4649)  loss_vfl_dn_2: 0.4661 (0.4615)  time: 0.9876  data: 0.0283  max mem: 9238
Epoch: [8]  [600/809]  eta: 0:03:33  lr: 0.000100  loss: 11.4436 (11.4446)  loss_bbox: 0.1298 (0.1289)  loss_bbox_aux_0: 0.1321 (0.1348)  loss_bbox_aux_1: 0.1304 (0.1305)  loss_bbox_aux_2: 0.1465 (0.1488)  loss_bbox_dn_0: 0.0705 (0.0730)  loss_bbox_dn_1: 0.0574 (0.0615)  loss_bbox_dn_2: 0.0554 (0.0597)  loss_giou: 1.0941 (1.1432)  loss_giou_aux_0: 1.1404 (1.1724)  loss_giou_aux_1: 1.1119 (1.1542)  loss_giou_aux_2: 1.1955 (1.2375)  loss_giou_dn_0: 0.9161 (0.9210)  loss_giou_dn_1: 0.8256 (0.8363)  loss_giou_dn_2: 0.8156 (0.8261)  loss_vfl: 0.5084 (0.5117)  loss_vfl_aux_0: 0.5294 (0.5070)  loss_vfl_aux_1: 0.5214 (0.5113)  loss_vfl_aux_2: 0.5154 (0.4948)  loss_vfl_dn_0: 0.4647 (0.4658)  loss_vfl_dn_1: 0.4665 (0.4648)  loss_vfl_dn_2: 0.4591 (0.4614)  time: 1.0597  data: 0.0313  max mem: 9238
Epoch: [8]  [700/809]  eta: 0:01:51  lr: 0.000100  loss: 11.6504 (11.4358)  loss_bbox: 0.1144 (0.1282)  loss_bbox_aux_0: 0.1193 (0.1341)  loss_bbox_aux_1: 0.1151 (0.1298)  loss_bbox_aux_2: 0.1318 (0.1480)  loss_bbox_dn_0: 0.0679 (0.0732)  loss_bbox_dn_1: 0.0600 (0.0616)  loss_bbox_dn_2: 0.0590 (0.0598)  loss_giou: 1.1794 (1.1413)  loss_giou_aux_0: 1.2269 (1.1706)  loss_giou_aux_1: 1.2042 (1.1523)  loss_giou_aux_2: 1.2696 (1.2359)  loss_giou_dn_0: 0.9380 (0.9197)  loss_giou_dn_1: 0.8608 (0.8353)  loss_giou_dn_2: 0.8510 (0.8250)  loss_vfl: 0.4626 (0.5125)  loss_vfl_aux_0: 0.4641 (0.5080)  loss_vfl_aux_1: 0.4495 (0.5120)  loss_vfl_aux_2: 0.4417 (0.4956)  loss_vfl_dn_0: 0.4617 (0.4663)  loss_vfl_dn_1: 0.4566 (0.4649)  loss_vfl_dn_2: 0.4559 (0.4615)  time: 1.0607  data: 0.0276  max mem: 9238
Epoch: [8]  [800/809]  eta: 0:00:09  lr: 0.000100  loss: 11.0333 (11.4356)  loss_bbox: 0.1203 (0.1282)  loss_bbox_aux_0: 0.1268 (0.1342)  loss_bbox_aux_1: 0.1227 (0.1299)  loss_bbox_aux_2: 0.1382 (0.1479)  loss_bbox_dn_0: 0.0723 (0.0733)  loss_bbox_dn_1: 0.0619 (0.0617)  loss_bbox_dn_2: 0.0606 (0.0599)  loss_giou: 1.0305 (1.1411)  loss_giou_aux_0: 1.0413 (1.1704)  loss_giou_aux_1: 1.0273 (1.1520)  loss_giou_aux_2: 1.1079 (1.2350)  loss_giou_dn_0: 0.8595 (0.9192)  loss_giou_dn_1: 0.7776 (0.8347)  loss_giou_dn_2: 0.7716 (0.8244)  loss_vfl: 0.5397 (0.5128)  loss_vfl_aux_0: 0.5563 (0.5083)  loss_vfl_aux_1: 0.5486 (0.5123)  loss_vfl_aux_2: 0.5418 (0.4965)  loss_vfl_dn_0: 0.4707 (0.4666)  loss_vfl_dn_1: 0.4663 (0.4651)  loss_vfl_dn_2: 0.4611 (0.4619)  time: 0.9554  data: 0.0280  max mem: 9238
Epoch: [8]  [808/809]  eta: 0:00:01  lr: 0.000100  loss: 11.0333 (11.4294)  loss_bbox: 0.1203 (0.1280)  loss_bbox_aux_0: 0.1268 (0.1339)  loss_bbox_aux_1: 0.1236 (0.1296)  loss_bbox_aux_2: 0.1387 (0.1477)  loss_bbox_dn_0: 0.0740 (0.0734)  loss_bbox_dn_1: 0.0619 (0.0617)  loss_bbox_dn_2: 0.0606 (0.0599)  loss_giou: 1.0305 (1.1401)  loss_giou_aux_0: 1.0413 (1.1693)  loss_giou_aux_1: 1.0273 (1.1509)  loss_giou_aux_2: 1.1079 (1.2340)  loss_giou_dn_0: 0.8794 (0.9187)  loss_giou_dn_1: 0.8013 (0.8342)  loss_giou_dn_2: 0.7875 (0.8239)  loss_vfl: 0.4916 (0.5131)  loss_vfl_aux_0: 0.4968 (0.5084)  loss_vfl_aux_1: 0.4869 (0.5125)  loss_vfl_aux_2: 0.4885 (0.4967)  loss_vfl_dn_0: 0.4665 (0.4666)  loss_vfl_dn_1: 0.4636 (0.4651)  loss_vfl_dn_2: 0.4609 (0.4618)  time: 0.8365  data: 0.0249  max mem: 9238
Epoch: [8] Total time: 0:13:42 (1.0162 s / it)
Averaged stats: lr: 0.000100  loss: 11.0333 (11.4294)  loss_bbox: 0.1203 (0.1280)  loss_bbox_aux_0: 0.1268 (0.1339)  loss_bbox_aux_1: 0.1236 (0.1296)  loss_bbox_aux_2: 0.1387 (0.1477)  loss_bbox_dn_0: 0.0740 (0.0734)  loss_bbox_dn_1: 0.0619 (0.0617)  loss_bbox_dn_2: 0.0606 (0.0599)  loss_giou: 1.0305 (1.1401)  loss_giou_aux_0: 1.0413 (1.1693)  loss_giou_aux_1: 1.0273 (1.1509)  loss_giou_aux_2: 1.1079 (1.2340)  loss_giou_dn_0: 0.8794 (0.9187)  loss_giou_dn_1: 0.8013 (0.8342)  loss_giou_dn_2: 0.7875 (0.8239)  loss_vfl: 0.4916 (0.5131)  loss_vfl_aux_0: 0.4968 (0.5084)  loss_vfl_aux_1: 0.4869 (0.5125)  loss_vfl_aux_2: 0.4885 (0.4967)  loss_vfl_dn_0: 0.4665 (0.4666)  loss_vfl_dn_1: 0.4636 (0.4651)  loss_vfl_dn_2: 0.4609 (0.4618)
Test:  [ 0/69]  eta: 0:01:44    time: 1.5115  data: 0.6606  max mem: 9238
Test:  [10/69]  eta: 0:00:37    time: 0.6274  data: 0.0780  max mem: 9238
Test:  [20/69]  eta: 0:00:31    time: 0.6086  data: 0.0212  max mem: 9238
Test:  [30/69]  eta: 0:00:23    time: 0.5964  data: 0.0218  max mem: 9238
Test:  [40/69]  eta: 0:00:16    time: 0.5016  data: 0.0212  max mem: 9238
Test:  [50/69]  eta: 0:00:10    time: 0.4796  data: 0.0218  max mem: 9238
Test:  [60/69]  eta: 0:00:04    time: 0.4670  data: 0.0221  max mem: 9238
Test:  [68/69]  eta: 0:00:00    time: 0.4707  data: 0.0203  max mem: 9238
Test: Total time: 0:00:37 (0.5370 s / it)
Averaged stats: 
Accumulating evaluation results...
DONE (t=1.88s).
IoU metric: bbox
 Average Precision  (AP) @[ IoU=0.50:0.95 | area=   all | maxDets=100 ] = 0.129
 Average Precision  (AP) @[ IoU=0.50      | area=   all | maxDets=100 ] = 0.227
 Average Precision  (AP) @[ IoU=0.75      | area=   all | maxDets=100 ] = 0.129
 Average Precision  (AP) @[ IoU=0.50:0.95 | area= small | maxDets=100 ] = 0.074
 Average Precision  (AP) @[ IoU=0.50:0.95 | area=medium | maxDets=100 ] = 0.187
 Average Precision  (AP) @[ IoU=0.50:0.95 | area= large | maxDets=100 ] = 0.288
 Average Recall     (AR) @[ IoU=0.50:0.95 | area=   all | maxDets=  1 ] = 0.071
 Average Recall     (AR) @[ IoU=0.50:0.95 | area=   all | maxDets= 10 ] = 0.198
 Average Recall     (AR) @[ IoU=0.50:0.95 | area=   all | maxDets=100 ] = 0.278
 Average Recall     (AR) @[ IoU=0.50:0.95 | area= small | maxDets=100 ] = 0.184
 Average Recall     (AR) @[ IoU=0.50:0.95 | area=medium | maxDets=100 ] = 0.391
 Average Recall     (AR) @[ IoU=0.50:0.95 | area= large | maxDets=100 ] = 0.509
best_stat:  {'epoch': 8, 'coco_eval_bbox': 0.12895262802753604}
Epoch: [9]  [  0/809]  eta: 1:20:39  lr: 0.000100  loss: 10.6653 (10.6653)  loss_bbox: 0.0871 (0.0871)  loss_bbox_aux_0: 0.0907 (0.0907)  loss_bbox_aux_1: 0.0880 (0.0880)  loss_bbox_aux_2: 0.1068 (0.1068)  loss_bbox_dn_0: 0.0731 (0.0731)  loss_bbox_dn_1: 0.0630 (0.0630)  loss_bbox_dn_2: 0.0623 (0.0623)  loss_giou: 0.9461 (0.9461)  loss_giou_aux_0: 0.9945 (0.9945)  loss_giou_aux_1: 0.9681 (0.9681)  loss_giou_aux_2: 1.0426 (1.0426)  loss_giou_dn_0: 0.8597 (0.8597)  loss_giou_dn_1: 0.7571 (0.7571)  loss_giou_dn_2: 0.7448 (0.7448)  loss_vfl: 0.6084 (0.6084)  loss_vfl_aux_0: 0.5886 (0.5886)  loss_vfl_aux_1: 0.6024 (0.6024)  loss_vfl_aux_2: 0.5798 (0.5798)  loss_vfl_dn_0: 0.4668 (0.4668)  loss_vfl_dn_1: 0.4718 (0.4718)  loss_vfl_dn_2: 0.4636 (0.4636)  time: 5.9816  data: 4.3253  max mem: 9238
Epoch: [9]  [100/809]  eta: 0:12:32  lr: 0.000100  loss: 10.7914 (11.2301)  loss_bbox: 0.1023 (0.1208)  loss_bbox_aux_0: 0.1091 (0.1258)  loss_bbox_aux_1: 0.1040 (0.1218)  loss_bbox_aux_2: 0.1223 (0.1395)  loss_bbox_dn_0: 0.0701 (0.0713)  loss_bbox_dn_1: 0.0601 (0.0594)  loss_bbox_dn_2: 0.0581 (0.0577)  loss_giou: 0.9774 (1.1081)  loss_giou_aux_0: 1.0000 (1.1353)  loss_giou_aux_1: 0.9835 (1.1174)  loss_giou_aux_2: 1.1065 (1.1986)  loss_giou_dn_0: 0.8573 (0.9012)  loss_giou_dn_1: 0.7753 (0.8161)  loss_giou_dn_2: 0.7693 (0.8064)  loss_vfl: 0.4963 (0.5147)  loss_vfl_aux_0: 0.5051 (0.5154)  loss_vfl_aux_1: 0.5030 (0.5179)  loss_vfl_aux_2: 0.5307 (0.5076)  loss_vfl_dn_0: 0.4711 (0.4687)  loss_vfl_dn_1: 0.4632 (0.4651)  loss_vfl_dn_2: 0.4563 (0.4614)  time: 1.0051  data: 0.0310  max mem: 9238
Epoch: [9]  [200/809]  eta: 0:10:31  lr: 0.000100  loss: 11.2469 (11.3069)  loss_bbox: 0.1079 (0.1259)  loss_bbox_aux_0: 0.1154 (0.1311)  loss_bbox_aux_1: 0.1101 (0.1272)  loss_bbox_aux_2: 0.1266 (0.1442)  loss_bbox_dn_0: 0.0678 (0.0710)  loss_bbox_dn_1: 0.0553 (0.0595)  loss_bbox_dn_2: 0.0531 (0.0579)  loss_giou: 1.0973 (1.1225)  loss_giou_aux_0: 1.1152 (1.1490)  loss_giou_aux_1: 1.1101 (1.1317)  loss_giou_aux_2: 1.1714 (1.2112)  loss_giou_dn_0: 0.9041 (0.9052)  loss_giou_dn_1: 0.8244 (0.8203)  loss_giou_dn_2: 0.8122 (0.8107)  loss_vfl: 0.5093 (0.5127)  loss_vfl_aux_0: 0.5001 (0.5122)  loss_vfl_aux_1: 0.5076 (0.5149)  loss_vfl_aux_2: 0.4865 (0.5033)  loss_vfl_dn_0: 0.4696 (0.4687)  loss_vfl_dn_1: 0.4691 (0.4658)  loss_vfl_dn_2: 0.4653 (0.4621)  time: 0.9933  data: 0.0299  max mem: 9238
Epoch: [9]  [300/809]  eta: 0:08:40  lr: 0.000100  loss: 11.4971 (11.3314)  loss_bbox: 0.1109 (0.1255)  loss_bbox_aux_0: 0.1164 (0.1308)  loss_bbox_aux_1: 0.1115 (0.1268)  loss_bbox_aux_2: 0.1203 (0.1439)  loss_bbox_dn_0: 0.0676 (0.0709)  loss_bbox_dn_1: 0.0576 (0.0596)  loss_bbox_dn_2: 0.0559 (0.0581)  loss_giou: 1.1137 (1.1297)  loss_giou_aux_0: 1.1394 (1.1565)  loss_giou_aux_1: 1.1329 (1.1392)  loss_giou_aux_2: 1.2127 (1.2177)  loss_giou_dn_0: 0.9184 (0.9076)  loss_giou_dn_1: 0.8397 (0.8243)  loss_giou_dn_2: 0.8280 (0.8149)  loss_vfl: 0.5090 (0.5099)  loss_vfl_aux_0: 0.5094 (0.5087)  loss_vfl_aux_1: 0.5108 (0.5118)  loss_vfl_aux_2: 0.4915 (0.4991)  loss_vfl_dn_0: 0.4666 (0.4684)  loss_vfl_dn_1: 0.4688 (0.4657)  loss_vfl_dn_2: 0.4651 (0.4622)  time: 1.0191  data: 0.0263  max mem: 9238
Epoch: [9]  [400/809]  eta: 0:06:56  lr: 0.000100  loss: 11.3508 (11.3353)  loss_bbox: 0.1149 (0.1258)  loss_bbox_aux_0: 0.1196 (0.1312)  loss_bbox_aux_1: 0.1184 (0.1273)  loss_bbox_aux_2: 0.1369 (0.1442)  loss_bbox_dn_0: 0.0629 (0.0706)  loss_bbox_dn_1: 0.0545 (0.0594)  loss_bbox_dn_2: 0.0528 (0.0578)  loss_giou: 1.1660 (1.1338)  loss_giou_aux_0: 1.1994 (1.1607)  loss_giou_aux_1: 1.1942 (1.1434)  loss_giou_aux_2: 1.2233 (1.2212)  loss_giou_dn_0: 0.9374 (0.9104)  loss_giou_dn_1: 0.8593 (0.8274)  loss_giou_dn_2: 0.8454 (0.8180)  loss_vfl: 0.4417 (0.5050)  loss_vfl_aux_0: 0.4374 (0.5039)  loss_vfl_aux_1: 0.4472 (0.5066)  loss_vfl_aux_2: 0.4393 (0.4955)  loss_vfl_dn_0: 0.4509 (0.4673)  loss_vfl_dn_1: 0.4531 (0.4645)  loss_vfl_dn_2: 0.4501 (0.4611)  time: 1.0098  data: 0.0262  max mem: 9238
Epoch: [9]  [500/809]  eta: 0:05:17  lr: 0.000100  loss: 11.2276 (11.3201)  loss_bbox: 0.1148 (0.1240)  loss_bbox_aux_0: 0.1229 (0.1294)  loss_bbox_aux_1: 0.1173 (0.1255)  loss_bbox_aux_2: 0.1358 (0.1421)  loss_bbox_dn_0: 0.0611 (0.0699)  loss_bbox_dn_1: 0.0523 (0.0588)  loss_bbox_dn_2: 0.0513 (0.0573)  loss_giou: 1.1587 (1.1335)  loss_giou_aux_0: 1.1776 (1.1607)  loss_giou_aux_1: 1.1664 (1.1433)  loss_giou_aux_2: 1.2342 (1.2212)  loss_giou_dn_0: 0.9039 (0.9094)  loss_giou_dn_1: 0.8280 (0.8265)  loss_giou_dn_2: 0.8237 (0.8172)  loss_vfl: 0.5071 (0.5045)  loss_vfl_aux_0: 0.4933 (0.5032)  loss_vfl_aux_1: 0.5062 (0.5060)  loss_vfl_aux_2: 0.4795 (0.4951)  loss_vfl_dn_0: 0.4694 (0.4673)  loss_vfl_dn_1: 0.4621 (0.4643)  loss_vfl_dn_2: 0.4557 (0.4608)  time: 0.9797  data: 0.0283  max mem: 9238
Epoch: [9]  [600/809]  eta: 0:03:34  lr: 0.000100  loss: 11.3365 (11.3296)  loss_bbox: 0.1084 (0.1240)  loss_bbox_aux_0: 0.1130 (0.1294)  loss_bbox_aux_1: 0.1094 (0.1255)  loss_bbox_aux_2: 0.1302 (0.1423)  loss_bbox_dn_0: 0.0624 (0.0699)  loss_bbox_dn_1: 0.0516 (0.0588)  loss_bbox_dn_2: 0.0500 (0.0572)  loss_giou: 1.0930 (1.1350)  loss_giou_aux_0: 1.1114 (1.1625)  loss_giou_aux_1: 1.0987 (1.1452)  loss_giou_aux_2: 1.1871 (1.2235)  loss_giou_dn_0: 0.9178 (0.9107)  loss_giou_dn_1: 0.8337 (0.8273)  loss_giou_dn_2: 0.8220 (0.8179)  loss_vfl: 0.5385 (0.5046)  loss_vfl_aux_0: 0.5197 (0.5032)  loss_vfl_aux_1: 0.5401 (0.5059)  loss_vfl_aux_2: 0.5017 (0.4945)  loss_vfl_dn_0: 0.4626 (0.4671)  loss_vfl_dn_1: 0.4681 (0.4644)  loss_vfl_dn_2: 0.4608 (0.4609)  time: 1.0219  data: 0.0306  max mem: 9238
Epoch: [9]  [700/809]  eta: 0:01:51  lr: 0.000100  loss: 11.0616 (11.3205)  loss_bbox: 0.1009 (0.1246)  loss_bbox_aux_0: 0.1072 (0.1300)  loss_bbox_aux_1: 0.1044 (0.1261)  loss_bbox_aux_2: 0.1191 (0.1429)  loss_bbox_dn_0: 0.0660 (0.0702)  loss_bbox_dn_1: 0.0540 (0.0589)  loss_bbox_dn_2: 0.0529 (0.0574)  loss_giou: 1.1015 (1.1326)  loss_giou_aux_0: 1.1185 (1.1602)  loss_giou_aux_1: 1.1211 (1.1426)  loss_giou_aux_2: 1.1843 (1.2214)  loss_giou_dn_0: 0.9197 (0.9093)  loss_giou_dn_1: 0.8223 (0.8257)  loss_giou_dn_2: 0.8085 (0.8163)  loss_vfl: 0.4929 (0.5051)  loss_vfl_aux_0: 0.4865 (0.5036)  loss_vfl_aux_1: 0.4919 (0.5065)  loss_vfl_aux_2: 0.4834 (0.4948)  loss_vfl_dn_0: 0.4631 (0.4672)  loss_vfl_dn_1: 0.4616 (0.4644)  loss_vfl_dn_2: 0.4567 (0.4608)  time: 1.0491  data: 0.0294  max mem: 9238
Epoch: [9]  [800/809]  eta: 0:00:09  lr: 0.000100  loss: 11.3965 (11.3215)  loss_bbox: 0.1184 (0.1244)  loss_bbox_aux_0: 0.1254 (0.1299)  loss_bbox_aux_1: 0.1194 (0.1259)  loss_bbox_aux_2: 0.1338 (0.1426)  loss_bbox_dn_0: 0.0719 (0.0699)  loss_bbox_dn_1: 0.0639 (0.0587)  loss_bbox_dn_2: 0.0606 (0.0572)  loss_giou: 1.1789 (1.1343)  loss_giou_aux_0: 1.2146 (1.1621)  loss_giou_aux_1: 1.1851 (1.1444)  loss_giou_aux_2: 1.2613 (1.2225)  loss_giou_dn_0: 0.9018 (0.9098)  loss_giou_dn_1: 0.8387 (0.8264)  loss_giou_dn_2: 0.8304 (0.8171)  loss_vfl: 0.4608 (0.5038)  loss_vfl_aux_0: 0.4669 (0.5022)  loss_vfl_aux_1: 0.4742 (0.5053)  loss_vfl_aux_2: 0.4616 (0.4936)  loss_vfl_dn_0: 0.4630 (0.4670)  loss_vfl_dn_1: 0.4574 (0.4641)  loss_vfl_dn_2: 0.4544 (0.4605)  time: 1.0092  data: 0.0282  max mem: 9238
Epoch: [9]  [808/809]  eta: 0:00:01  lr: 0.000100  loss: 11.2269 (11.3211)  loss_bbox: 0.1108 (0.1243)  loss_bbox_aux_0: 0.1173 (0.1298)  loss_bbox_aux_1: 0.1130 (0.1258)  loss_bbox_aux_2: 0.1239 (0.1425)  loss_bbox_dn_0: 0.0720 (0.0699)  loss_bbox_dn_1: 0.0583 (0.0587)  loss_bbox_dn_2: 0.0551 (0.0572)  loss_giou: 1.0390 (1.1342)  loss_giou_aux_0: 1.0764 (1.1620)  loss_giou_aux_1: 1.0479 (1.1443)  loss_giou_aux_2: 1.1405 (1.2223)  loss_giou_dn_0: 0.9002 (0.9098)  loss_giou_dn_1: 0.8377 (0.8266)  loss_giou_dn_2: 0.8226 (0.8173)  loss_vfl: 0.5149 (0.5038)  loss_vfl_aux_0: 0.5242 (0.5023)  loss_vfl_aux_1: 0.5148 (0.5053)  loss_vfl_aux_2: 0.5267 (0.4938)  loss_vfl_dn_0: 0.4671 (0.4670)  loss_vfl_dn_1: 0.4587 (0.4640)  loss_vfl_dn_2: 0.4556 (0.4604)  time: 0.9356  data: 0.0269  max mem: 9238
Epoch: [9] Total time: 0:13:43 (1.0185 s / it)
Averaged stats: lr: 0.000100  loss: 11.2269 (11.3211)  loss_bbox: 0.1108 (0.1243)  loss_bbox_aux_0: 0.1173 (0.1298)  loss_bbox_aux_1: 0.1130 (0.1258)  loss_bbox_aux_2: 0.1239 (0.1425)  loss_bbox_dn_0: 0.0720 (0.0699)  loss_bbox_dn_1: 0.0583 (0.0587)  loss_bbox_dn_2: 0.0551 (0.0572)  loss_giou: 1.0390 (1.1342)  loss_giou_aux_0: 1.0764 (1.1620)  loss_giou_aux_1: 1.0479 (1.1443)  loss_giou_aux_2: 1.1405 (1.2223)  loss_giou_dn_0: 0.9002 (0.9098)  loss_giou_dn_1: 0.8377 (0.8266)  loss_giou_dn_2: 0.8226 (0.8173)  loss_vfl: 0.5149 (0.5038)  loss_vfl_aux_0: 0.5242 (0.5023)  loss_vfl_aux_1: 0.5148 (0.5053)  loss_vfl_aux_2: 0.5267 (0.4938)  loss_vfl_dn_0: 0.4671 (0.4670)  loss_vfl_dn_1: 0.4587 (0.4640)  loss_vfl_dn_2: 0.4556 (0.4604)
Test:  [ 0/69]  eta: 0:01:20    time: 1.1738  data: 0.7212  max mem: 9238
Test:  [10/69]  eta: 0:00:35    time: 0.6040  data: 0.0821  max mem: 9238
Test:  [20/69]  eta: 0:00:30    time: 0.5865  data: 0.0209  max mem: 9238
Test:  [30/69]  eta: 0:00:22    time: 0.5731  data: 0.0223  max mem: 9238
Test:  [40/69]  eta: 0:00:16    time: 0.5033  data: 0.0206  max mem: 9238
Test:  [50/69]  eta: 0:00:10    time: 0.4669  data: 0.0207  max mem: 9238
Test:  [60/69]  eta: 0:00:04    time: 0.4420  data: 0.0206  max mem: 9238
Test:  [68/69]  eta: 0:00:00    time: 0.4524  data: 0.0184  max mem: 9238
Test: Total time: 0:00:35 (0.5192 s / it)
Averaged stats: 
Accumulating evaluation results...
DONE (t=1.90s).
IoU metric: bbox
 Average Precision  (AP) @[ IoU=0.50:0.95 | area=   all | maxDets=100 ] = 0.132
 Average Precision  (AP) @[ IoU=0.50      | area=   all | maxDets=100 ] = 0.233
 Average Precision  (AP) @[ IoU=0.75      | area=   all | maxDets=100 ] = 0.131
 Average Precision  (AP) @[ IoU=0.50:0.95 | area= small | maxDets=100 ] = 0.078
 Average Precision  (AP) @[ IoU=0.50:0.95 | area=medium | maxDets=100 ] = 0.196
 Average Precision  (AP) @[ IoU=0.50:0.95 | area= large | maxDets=100 ] = 0.273
 Average Recall     (AR) @[ IoU=0.50:0.95 | area=   all | maxDets=  1 ] = 0.072
 Average Recall     (AR) @[ IoU=0.50:0.95 | area=   all | maxDets= 10 ] = 0.199
 Average Recall     (AR) @[ IoU=0.50:0.95 | area=   all | maxDets=100 ] = 0.281
 Average Recall     (AR) @[ IoU=0.50:0.95 | area= small | maxDets=100 ] = 0.191
 Average Recall     (AR) @[ IoU=0.50:0.95 | area=medium | maxDets=100 ] = 0.397
 Average Recall     (AR) @[ IoU=0.50:0.95 | area= large | maxDets=100 ] = 0.462
best_stat:  {'epoch': 9, 'coco_eval_bbox': 0.13238879116249638}
Epoch: [10]  [  0/809]  eta: 1:26:01  lr: 0.000100  loss: 11.9052 (11.9052)  loss_bbox: 0.1369 (0.1369)  loss_bbox_aux_0: 0.1428 (0.1428)  loss_bbox_aux_1: 0.1404 (0.1404)  loss_bbox_aux_2: 0.1550 (0.1550)  loss_bbox_dn_0: 0.0584 (0.0584)  loss_bbox_dn_1: 0.0490 (0.0490)  loss_bbox_dn_2: 0.0473 (0.0473)  loss_giou: 1.3369 (1.3369)  loss_giou_aux_0: 1.3661 (1.3661)  loss_giou_aux_1: 1.3488 (1.3488)  loss_giou_aux_2: 1.4085 (1.4085)  loss_giou_dn_0: 0.9999 (0.9999)  loss_giou_dn_1: 0.9088 (0.9088)  loss_giou_dn_2: 0.8975 (0.8975)  loss_vfl: 0.3930 (0.3930)  loss_vfl_aux_0: 0.3807 (0.3807)  loss_vfl_aux_1: 0.3917 (0.3917)  loss_vfl_aux_2: 0.3920 (0.3920)  loss_vfl_dn_0: 0.4509 (0.4509)  loss_vfl_dn_1: 0.4527 (0.4527)  loss_vfl_dn_2: 0.4479 (0.4479)  time: 6.3805  data: 1.6939  max mem: 9238
Epoch: [10]  [100/809]  eta: 0:12:34  lr: 0.000100  loss: 10.8861 (11.2485)  loss_bbox: 0.1082 (0.1197)  loss_bbox_aux_0: 0.1130 (0.1254)  loss_bbox_aux_1: 0.1091 (0.1213)  loss_bbox_aux_2: 0.1246 (0.1379)  loss_bbox_dn_0: 0.0718 (0.0712)  loss_bbox_dn_1: 0.0613 (0.0597)  loss_bbox_dn_2: 0.0596 (0.0581)  loss_giou: 0.9775 (1.1201)  loss_giou_aux_0: 1.0185 (1.1501)  loss_giou_aux_1: 0.9849 (1.1303)  loss_giou_aux_2: 1.0982 (1.2089)  loss_giou_dn_0: 0.8622 (0.9010)  loss_giou_dn_1: 0.7901 (0.8174)  loss_giou_dn_2: 0.7812 (0.8084)  loss_vfl: 0.5574 (0.5102)  loss_vfl_aux_0: 0.5399 (0.5077)  loss_vfl_aux_1: 0.5486 (0.5113)  loss_vfl_aux_2: 0.5348 (0.5005)  loss_vfl_dn_0: 0.4748 (0.4678)  loss_vfl_dn_1: 0.4632 (0.4630)  loss_vfl_dn_2: 0.4603 (0.4586)  time: 1.0670  data: 0.0320  max mem: 9238
Epoch: [10]  [200/809]  eta: 0:10:33  lr: 0.000100  loss: 10.9058 (11.2510)  loss_bbox: 0.1009 (0.1196)  loss_bbox_aux_0: 0.1068 (0.1254)  loss_bbox_aux_1: 0.1036 (0.1213)  loss_bbox_aux_2: 0.1177 (0.1380)  loss_bbox_dn_0: 0.0681 (0.0700)  loss_bbox_dn_1: 0.0576 (0.0587)  loss_bbox_dn_2: 0.0552 (0.0571)  loss_giou: 1.0628 (1.1193)  loss_giou_aux_0: 1.1038 (1.1497)  loss_giou_aux_1: 1.0762 (1.1299)  loss_giou_aux_2: 1.1662 (1.2109)  loss_giou_dn_0: 0.8746 (0.9019)  loss_giou_dn_1: 0.7963 (0.8171)  loss_giou_dn_2: 0.7863 (0.8076)  loss_vfl: 0.5195 (0.5112)  loss_vfl_aux_0: 0.5166 (0.5089)  loss_vfl_aux_1: 0.5177 (0.5117)  loss_vfl_aux_2: 0.4904 (0.5003)  loss_vfl_dn_0: 0.4679 (0.4681)  loss_vfl_dn_1: 0.4669 (0.4641)  loss_vfl_dn_2: 0.4611 (0.4603)  time: 1.0496  data: 0.0290  max mem: 9238
Epoch: [10]  [300/809]  eta: 0:08:44  lr: 0.000100  loss: 11.1951 (11.3267)  loss_bbox: 0.1118 (0.1245)  loss_bbox_aux_0: 0.1186 (0.1301)  loss_bbox_aux_1: 0.1145 (0.1262)  loss_bbox_aux_2: 0.1247 (0.1428)  loss_bbox_dn_0: 0.0679 (0.0694)  loss_bbox_dn_1: 0.0582 (0.0583)  loss_bbox_dn_2: 0.0568 (0.0567)  loss_giou: 1.1108 (1.1380)  loss_giou_aux_0: 1.1511 (1.1681)  loss_giou_aux_1: 1.1195 (1.1482)  loss_giou_aux_2: 1.2175 (1.2270)  loss_giou_dn_0: 0.9237 (0.9062)  loss_giou_dn_1: 0.8384 (0.8215)  loss_giou_dn_2: 0.8353 (0.8122)  loss_vfl: 0.4929 (0.5050)  loss_vfl_aux_0: 0.4756 (0.5024)  loss_vfl_aux_1: 0.4930 (0.5055)  loss_vfl_aux_2: 0.4910 (0.4934)  loss_vfl_dn_0: 0.4681 (0.4672)  loss_vfl_dn_1: 0.4698 (0.4637)  loss_vfl_dn_2: 0.4666 (0.4600)  time: 1.0205  data: 0.0263  max mem: 9238
Epoch: [10]  [400/809]  eta: 0:06:59  lr: 0.000100  loss: 11.2494 (11.3378)  loss_bbox: 0.1282 (0.1273)  loss_bbox_aux_0: 0.1370 (0.1329)  loss_bbox_aux_1: 0.1295 (0.1288)  loss_bbox_aux_2: 0.1479 (0.1458)  loss_bbox_dn_0: 0.0711 (0.0701)  loss_bbox_dn_1: 0.0629 (0.0590)  loss_bbox_dn_2: 0.0641 (0.0574)  loss_giou: 1.1352 (1.1381)  loss_giou_aux_0: 1.1625 (1.1684)  loss_giou_aux_1: 1.1450 (1.1486)  loss_giou_aux_2: 1.2023 (1.2268)  loss_giou_dn_0: 0.9213 (0.9057)  loss_giou_dn_1: 0.8091 (0.8211)  loss_giou_dn_2: 0.7973 (0.8118)  loss_vfl: 0.4747 (0.5044)  loss_vfl_aux_0: 0.4640 (0.5020)  loss_vfl_aux_1: 0.4735 (0.5049)  loss_vfl_aux_2: 0.4487 (0.4938)  loss_vfl_dn_0: 0.4606 (0.4672)  loss_vfl_dn_1: 0.4606 (0.4637)  loss_vfl_dn_2: 0.4547 (0.4601)  time: 0.9988  data: 0.0264  max mem: 9238
Epoch: [10]  [500/809]  eta: 0:05:14  lr: 0.000100  loss: 11.1610 (11.3148)  loss_bbox: 0.1151 (0.1257)  loss_bbox_aux_0: 0.1226 (0.1315)  loss_bbox_aux_1: 0.1166 (0.1273)  loss_bbox_aux_2: 0.1307 (0.1443)  loss_bbox_dn_0: 0.0635 (0.0702)  loss_bbox_dn_1: 0.0534 (0.0590)  loss_bbox_dn_2: 0.0523 (0.0574)  loss_giou: 1.1045 (1.1323)  loss_giou_aux_0: 1.1364 (1.1627)  loss_giou_aux_1: 1.1191 (1.1428)  loss_giou_aux_2: 1.1679 (1.2212)  loss_giou_dn_0: 0.8881 (0.9032)  loss_giou_dn_1: 0.8053 (0.8190)  loss_giou_dn_2: 0.8020 (0.8097)  loss_vfl: 0.5141 (0.5070)  loss_vfl_aux_0: 0.5161 (0.5048)  loss_vfl_aux_1: 0.5130 (0.5078)  loss_vfl_aux_2: 0.5034 (0.4967)  loss_vfl_dn_0: 0.4624 (0.4679)  loss_vfl_dn_1: 0.4620 (0.4640)  loss_vfl_dn_2: 0.4563 (0.4604)  time: 0.9617  data: 0.0293  max mem: 9238
Epoch: [10]  [600/809]  eta: 0:03:32  lr: 0.000100  loss: 12.0340 (11.3204)  loss_bbox: 0.1477 (0.1257)  loss_bbox_aux_0: 0.1546 (0.1316)  loss_bbox_aux_1: 0.1478 (0.1273)  loss_bbox_aux_2: 0.1665 (0.1445)  loss_bbox_dn_0: 0.0626 (0.0695)  loss_bbox_dn_1: 0.0538 (0.0585)  loss_bbox_dn_2: 0.0524 (0.0569)  loss_giou: 1.3528 (1.1365)  loss_giou_aux_0: 1.3928 (1.1667)  loss_giou_aux_1: 1.3728 (1.1471)  loss_giou_aux_2: 1.4022 (1.2242)  loss_giou_dn_0: 0.9780 (0.9033)  loss_giou_dn_1: 0.8900 (0.8204)  loss_giou_dn_2: 0.8834 (0.8112)  loss_vfl: 0.4267 (0.5043)  loss_vfl_aux_0: 0.4256 (0.5023)  loss_vfl_aux_1: 0.4292 (0.5052)  loss_vfl_aux_2: 0.4061 (0.4944)  loss_vfl_dn_0: 0.4584 (0.4674)  loss_vfl_dn_1: 0.4551 (0.4634)  loss_vfl_dn_2: 0.4555 (0.4599)  time: 1.0065  data: 0.0321  max mem: 9238
Epoch: [10]  [700/809]  eta: 0:01:50  lr: 0.000100  loss: 11.0571 (11.3071)  loss_bbox: 0.1204 (0.1255)  loss_bbox_aux_0: 0.1242 (0.1315)  loss_bbox_aux_1: 0.1200 (0.1271)  loss_bbox_aux_2: 0.1352 (0.1443)  loss_bbox_dn_0: 0.0671 (0.0697)  loss_bbox_dn_1: 0.0568 (0.0586)  loss_bbox_dn_2: 0.0546 (0.0570)  loss_giou: 1.0660 (1.1337)  loss_giou_aux_0: 1.1052 (1.1643)  loss_giou_aux_1: 1.0902 (1.1445)  loss_giou_aux_2: 1.1781 (1.2213)  loss_giou_dn_0: 0.8488 (0.9027)  loss_giou_dn_1: 0.7689 (0.8196)  loss_giou_dn_2: 0.7592 (0.8104)  loss_vfl: 0.4917 (0.5041)  loss_vfl_aux_0: 0.5046 (0.5019)  loss_vfl_aux_1: 0.4918 (0.5050)  loss_vfl_aux_2: 0.4852 (0.4947)  loss_vfl_dn_0: 0.4664 (0.4675)  loss_vfl_dn_1: 0.4564 (0.4636)  loss_vfl_dn_2: 0.4513 (0.4599)  time: 0.9779  data: 0.0268  max mem: 9238
Epoch: [10]  [800/809]  eta: 0:00:09  lr: 0.000100  loss: 10.9997 (11.3004)  loss_bbox: 0.1168 (0.1250)  loss_bbox_aux_0: 0.1246 (0.1309)  loss_bbox_aux_1: 0.1205 (0.1266)  loss_bbox_aux_2: 0.1336 (0.1435)  loss_bbox_dn_0: 0.0631 (0.0695)  loss_bbox_dn_1: 0.0544 (0.0585)  loss_bbox_dn_2: 0.0535 (0.0569)  loss_giou: 1.1439 (1.1342)  loss_giou_aux_0: 1.1962 (1.1644)  loss_giou_aux_1: 1.1672 (1.1449)  loss_giou_aux_2: 1.2262 (1.2208)  loss_giou_dn_0: 0.8968 (0.9028)  loss_giou_dn_1: 0.7892 (0.8198)  loss_giou_dn_2: 0.7797 (0.8105)  loss_vfl: 0.5108 (0.5029)  loss_vfl_aux_0: 0.4971 (0.5007)  loss_vfl_aux_1: 0.4977 (0.5037)  loss_vfl_aux_2: 0.4856 (0.4943)  loss_vfl_dn_0: 0.4692 (0.4674)  loss_vfl_dn_1: 0.4647 (0.4634)  loss_vfl_dn_2: 0.4612 (0.4598)  time: 1.0593  data: 0.0312  max mem: 9238
Epoch: [10]  [808/809]  eta: 0:00:01  lr: 0.000100  loss: 11.1359 (11.3044)  loss_bbox: 0.1176 (0.1251)  loss_bbox_aux_0: 0.1262 (0.1310)  loss_bbox_aux_1: 0.1214 (0.1267)  loss_bbox_aux_2: 0.1356 (0.1437)  loss_bbox_dn_0: 0.0666 (0.0696)  loss_bbox_dn_1: 0.0544 (0.0585)  loss_bbox_dn_2: 0.0536 (0.0569)  loss_giou: 1.1452 (1.1347)  loss_giou_aux_0: 1.1831 (1.1649)  loss_giou_aux_1: 1.1545 (1.1454)  loss_giou_aux_2: 1.2328 (1.2213)  loss_giou_dn_0: 0.9000 (0.9029)  loss_giou_dn_1: 0.8111 (0.8200)  loss_giou_dn_2: 0.8013 (0.8108)  loss_vfl: 0.5040 (0.5032)  loss_vfl_aux_0: 0.4893 (0.5010)  loss_vfl_aux_1: 0.5123 (0.5041)  loss_vfl_aux_2: 0.4657 (0.4942)  loss_vfl_dn_0: 0.4692 (0.4674)  loss_vfl_dn_1: 0.4604 (0.4633)  loss_vfl_dn_2: 0.4594 (0.4597)  time: 0.9286  data: 0.0276  max mem: 9238
Epoch: [10] Total time: 0:13:40 (1.0143 s / it)
Averaged stats: lr: 0.000100  loss: 11.1359 (11.3044)  loss_bbox: 0.1176 (0.1251)  loss_bbox_aux_0: 0.1262 (0.1310)  loss_bbox_aux_1: 0.1214 (0.1267)  loss_bbox_aux_2: 0.1356 (0.1437)  loss_bbox_dn_0: 0.0666 (0.0696)  loss_bbox_dn_1: 0.0544 (0.0585)  loss_bbox_dn_2: 0.0536 (0.0569)  loss_giou: 1.1452 (1.1347)  loss_giou_aux_0: 1.1831 (1.1649)  loss_giou_aux_1: 1.1545 (1.1454)  loss_giou_aux_2: 1.2328 (1.2213)  loss_giou_dn_0: 0.9000 (0.9029)  loss_giou_dn_1: 0.8111 (0.8200)  loss_giou_dn_2: 0.8013 (0.8108)  loss_vfl: 0.5040 (0.5032)  loss_vfl_aux_0: 0.4893 (0.5010)  loss_vfl_aux_1: 0.5123 (0.5041)  loss_vfl_aux_2: 0.4657 (0.4942)  loss_vfl_dn_0: 0.4692 (0.4674)  loss_vfl_dn_1: 0.4604 (0.4633)  loss_vfl_dn_2: 0.4594 (0.4597)
Test:  [ 0/69]  eta: 0:01:42    time: 1.4816  data: 0.9900  max mem: 9238
Test:  [10/69]  eta: 0:00:37    time: 0.6350  data: 0.1050  max mem: 9238
Test:  [20/69]  eta: 0:00:29    time: 0.5596  data: 0.0189  max mem: 9238
Test:  [30/69]  eta: 0:00:23    time: 0.5847  data: 0.0217  max mem: 9238
Test:  [40/69]  eta: 0:00:16    time: 0.5486  data: 0.0221  max mem: 9238
Test:  [50/69]  eta: 0:00:10    time: 0.4678  data: 0.0225  max mem: 9238
Test:  [60/69]  eta: 0:00:04    time: 0.4493  data: 0.0226  max mem: 9238
Test:  [68/69]  eta: 0:00:00    time: 0.4628  data: 0.0204  max mem: 9238
Test: Total time: 0:00:36 (0.5307 s / it)
Averaged stats: 
Accumulating evaluation results...
DONE (t=2.01s).
IoU metric: bbox
 Average Precision  (AP) @[ IoU=0.50:0.95 | area=   all | maxDets=100 ] = 0.138
 Average Precision  (AP) @[ IoU=0.50      | area=   all | maxDets=100 ] = 0.244
 Average Precision  (AP) @[ IoU=0.75      | area=   all | maxDets=100 ] = 0.137
 Average Precision  (AP) @[ IoU=0.50:0.95 | area= small | maxDets=100 ] = 0.082
 Average Precision  (AP) @[ IoU=0.50:0.95 | area=medium | maxDets=100 ] = 0.203
 Average Precision  (AP) @[ IoU=0.50:0.95 | area= large | maxDets=100 ] = 0.294
 Average Recall     (AR) @[ IoU=0.50:0.95 | area=   all | maxDets=  1 ] = 0.073
 Average Recall     (AR) @[ IoU=0.50:0.95 | area=   all | maxDets= 10 ] = 0.204
 Average Recall     (AR) @[ IoU=0.50:0.95 | area=   all | maxDets=100 ] = 0.288
 Average Recall     (AR) @[ IoU=0.50:0.95 | area= small | maxDets=100 ] = 0.196
 Average Recall     (AR) @[ IoU=0.50:0.95 | area=medium | maxDets=100 ] = 0.403
 Average Recall     (AR) @[ IoU=0.50:0.95 | area= large | maxDets=100 ] = 0.515
best_stat:  {'epoch': 10, 'coco_eval_bbox': 0.13841150535902333}
Epoch: [11]  [  0/809]  eta: 1:34:29  lr: 0.000100  loss: 11.6414 (11.6414)  loss_bbox: 0.1482 (0.1482)  loss_bbox_aux_0: 0.1501 (0.1501)  loss_bbox_aux_1: 0.1491 (0.1491)  loss_bbox_aux_2: 0.1625 (0.1625)  loss_bbox_dn_0: 0.0603 (0.0603)  loss_bbox_dn_1: 0.0510 (0.0510)  loss_bbox_dn_2: 0.0499 (0.0499)  loss_giou: 1.2578 (1.2578)  loss_giou_aux_0: 1.2860 (1.2860)  loss_giou_aux_1: 1.2652 (1.2652)  loss_giou_aux_2: 1.3311 (1.3311)  loss_giou_dn_0: 0.8943 (0.8943)  loss_giou_dn_1: 0.8252 (0.8252)  loss_giou_dn_2: 0.8194 (0.8194)  loss_vfl: 0.4735 (0.4735)  loss_vfl_aux_0: 0.4713 (0.4713)  loss_vfl_aux_1: 0.4813 (0.4813)  loss_vfl_aux_2: 0.4400 (0.4400)  loss_vfl_dn_0: 0.4506 (0.4506)  loss_vfl_dn_1: 0.4399 (0.4399)  loss_vfl_dn_2: 0.4346 (0.4346)  time: 7.0077  data: 1.1795  max mem: 9238
Epoch: [11]  [100/809]  eta: 0:13:05  lr: 0.000100  loss: 11.1651 (11.3004)  loss_bbox: 0.0967 (0.1270)  loss_bbox_aux_0: 0.1009 (0.1331)  loss_bbox_aux_1: 0.0978 (0.1287)  loss_bbox_aux_2: 0.1115 (0.1450)  loss_bbox_dn_0: 0.0666 (0.0670)  loss_bbox_dn_1: 0.0537 (0.0566)  loss_bbox_dn_2: 0.0521 (0.0551)  loss_giou: 1.1105 (1.1437)  loss_giou_aux_0: 1.1361 (1.1734)  loss_giou_aux_1: 1.1170 (1.1543)  loss_giou_aux_2: 1.1817 (1.2306)  loss_giou_dn_0: 0.8947 (0.9024)  loss_giou_dn_1: 0.8247 (0.8233)  loss_giou_dn_2: 0.8171 (0.8145)  loss_vfl: 0.4921 (0.4918)  loss_vfl_aux_0: 0.4988 (0.4905)  loss_vfl_aux_1: 0.5040 (0.4942)  loss_vfl_aux_2: 0.4875 (0.4863)  loss_vfl_dn_0: 0.4704 (0.4656)  loss_vfl_dn_1: 0.4651 (0.4602)  loss_vfl_dn_2: 0.4573 (0.4570)  time: 1.0528  data: 0.0282  max mem: 9238
Epoch: [11]  [200/809]  eta: 0:10:47  lr: 0.000100  loss: 11.2399 (11.2585)  loss_bbox: 0.1075 (0.1254)  loss_bbox_aux_0: 0.1110 (0.1314)  loss_bbox_aux_1: 0.1091 (0.1268)  loss_bbox_aux_2: 0.1254 (0.1437)  loss_bbox_dn_0: 0.0620 (0.0684)  loss_bbox_dn_1: 0.0498 (0.0578)  loss_bbox_dn_2: 0.0497 (0.0562)  loss_giou: 1.1382 (1.1258)  loss_giou_aux_0: 1.1602 (1.1551)  loss_giou_aux_1: 1.1527 (1.1359)  loss_giou_aux_2: 1.2224 (1.2140)  loss_giou_dn_0: 0.8858 (0.8966)  loss_giou_dn_1: 0.8100 (0.8172)  loss_giou_dn_2: 0.8050 (0.8078)  loss_vfl: 0.4879 (0.5030)  loss_vfl_aux_0: 0.4814 (0.5013)  loss_vfl_aux_1: 0.4903 (0.5050)  loss_vfl_aux_2: 0.4593 (0.4952)  loss_vfl_dn_0: 0.4689 (0.4685)  loss_vfl_dn_1: 0.4682 (0.4632)  loss_vfl_dn_2: 0.4632 (0.4602)  time: 1.0113  data: 0.0350  max mem: 9238
Epoch: [11]  [300/809]  eta: 0:08:56  lr: 0.000100  loss: 11.1146 (11.2147)  loss_bbox: 0.1027 (0.1238)  loss_bbox_aux_0: 0.1074 (0.1297)  loss_bbox_aux_1: 0.1039 (0.1253)  loss_bbox_aux_2: 0.1248 (0.1424)  loss_bbox_dn_0: 0.0586 (0.0689)  loss_bbox_dn_1: 0.0486 (0.0580)  loss_bbox_dn_2: 0.0476 (0.0565)  loss_giou: 1.1216 (1.1166)  loss_giou_aux_0: 1.1490 (1.1463)  loss_giou_aux_1: 1.1327 (1.1273)  loss_giou_aux_2: 1.1935 (1.2043)  loss_giou_dn_0: 0.8918 (0.8915)  loss_giou_dn_1: 0.8032 (0.8114)  loss_giou_dn_2: 0.7939 (0.8022)  loss_vfl: 0.4835 (0.5061)  loss_vfl_aux_0: 0.4730 (0.5050)  loss_vfl_aux_1: 0.4780 (0.5075)  loss_vfl_aux_2: 0.4598 (0.4994)  loss_vfl_dn_0: 0.4659 (0.4691)  loss_vfl_dn_1: 0.4600 (0.4633)  loss_vfl_dn_2: 0.4546 (0.4600)  time: 1.0573  data: 0.0288  max mem: 9238
Epoch: [11]  [400/809]  eta: 0:07:05  lr: 0.000100  loss: 11.2019 (11.2395)  loss_bbox: 0.1081 (0.1240)  loss_bbox_aux_0: 0.1151 (0.1299)  loss_bbox_aux_1: 0.1110 (0.1255)  loss_bbox_aux_2: 0.1300 (0.1427)  loss_bbox_dn_0: 0.0635 (0.0683)  loss_bbox_dn_1: 0.0549 (0.0575)  loss_bbox_dn_2: 0.0537 (0.0560)  loss_giou: 1.0901 (1.1251)  loss_giou_aux_0: 1.1028 (1.1547)  loss_giou_aux_1: 1.0905 (1.1358)  loss_giou_aux_2: 1.1614 (1.2125)  loss_giou_dn_0: 0.8921 (0.8927)  loss_giou_dn_1: 0.8113 (0.8124)  loss_giou_dn_2: 0.8018 (0.8033)  loss_vfl: 0.4969 (0.5038)  loss_vfl_aux_0: 0.5024 (0.5026)  loss_vfl_aux_1: 0.4990 (0.5054)  loss_vfl_aux_2: 0.4926 (0.4959)  loss_vfl_dn_0: 0.4661 (0.4687)  loss_vfl_dn_1: 0.4617 (0.4631)  loss_vfl_dn_2: 0.4559 (0.4598)  time: 1.0080  data: 0.0314  max mem: 9238
Epoch: [11]  [500/809]  eta: 0:05:19  lr: 0.000100  loss: 11.3362 (11.2411)  loss_bbox: 0.1183 (0.1239)  loss_bbox_aux_0: 0.1208 (0.1297)  loss_bbox_aux_1: 0.1158 (0.1253)  loss_bbox_aux_2: 0.1369 (0.1426)  loss_bbox_dn_0: 0.0627 (0.0679)  loss_bbox_dn_1: 0.0531 (0.0571)  loss_bbox_dn_2: 0.0515 (0.0556)  loss_giou: 1.1595 (1.1281)  loss_giou_aux_0: 1.1706 (1.1572)  loss_giou_aux_1: 1.1592 (1.1386)  loss_giou_aux_2: 1.2203 (1.2154)  loss_giou_dn_0: 0.8999 (0.8936)  loss_giou_dn_1: 0.8317 (0.8124)  loss_giou_dn_2: 0.8278 (0.8033)  loss_vfl: 0.4781 (0.5019)  loss_vfl_aux_0: 0.4795 (0.5005)  loss_vfl_aux_1: 0.4810 (0.5035)  loss_vfl_aux_2: 0.4682 (0.4938)  loss_vfl_dn_0: 0.4633 (0.4681)  loss_vfl_dn_1: 0.4606 (0.4630)  loss_vfl_dn_2: 0.4578 (0.4596)  time: 1.0111  data: 0.0265  max mem: 9238
Epoch: [11]  [600/809]  eta: 0:03:35  lr: 0.000100  loss: 11.4738 (11.2465)  loss_bbox: 0.1136 (0.1240)  loss_bbox_aux_0: 0.1197 (0.1299)  loss_bbox_aux_1: 0.1209 (0.1254)  loss_bbox_aux_2: 0.1325 (0.1427)  loss_bbox_dn_0: 0.0690 (0.0679)  loss_bbox_dn_1: 0.0543 (0.0571)  loss_bbox_dn_2: 0.0527 (0.0556)  loss_giou: 1.1651 (1.1305)  loss_giou_aux_0: 1.2000 (1.1598)  loss_giou_aux_1: 1.1809 (1.1411)  loss_giou_aux_2: 1.2844 (1.2174)  loss_giou_dn_0: 0.8905 (0.8949)  loss_giou_dn_1: 0.8143 (0.8138)  loss_giou_dn_2: 0.8099 (0.8048)  loss_vfl: 0.5151 (0.4999)  loss_vfl_aux_0: 0.5008 (0.4985)  loss_vfl_aux_1: 0.5051 (0.5014)  loss_vfl_aux_2: 0.4828 (0.4922)  loss_vfl_dn_0: 0.4727 (0.4677)  loss_vfl_dn_1: 0.4684 (0.4625)  loss_vfl_dn_2: 0.4616 (0.4593)  time: 1.0072  data: 0.0258  max mem: 9238
Epoch: [11]  [700/809]  eta: 0:01:52  lr: 0.000100  loss: 11.1439 (11.2491)  loss_bbox: 0.1188 (0.1237)  loss_bbox_aux_0: 0.1246 (0.1296)  loss_bbox_aux_1: 0.1191 (0.1251)  loss_bbox_aux_2: 0.1326 (0.1422)  loss_bbox_dn_0: 0.0633 (0.0679)  loss_bbox_dn_1: 0.0534 (0.0571)  loss_bbox_dn_2: 0.0524 (0.0557)  loss_giou: 1.1014 (1.1310)  loss_giou_aux_0: 1.1606 (1.1605)  loss_giou_aux_1: 1.1249 (1.1416)  loss_giou_aux_2: 1.2217 (1.2174)  loss_giou_dn_0: 0.9038 (0.8960)  loss_giou_dn_1: 0.8234 (0.8155)  loss_giou_dn_2: 0.8188 (0.8067)  loss_vfl: 0.5019 (0.4996)  loss_vfl_aux_0: 0.4855 (0.4980)  loss_vfl_aux_1: 0.5056 (0.5011)  loss_vfl_aux_2: 0.4859 (0.4921)  loss_vfl_dn_0: 0.4617 (0.4674)  loss_vfl_dn_1: 0.4568 (0.4622)  loss_vfl_dn_2: 0.4537 (0.4588)  time: 1.0976  data: 0.0312  max mem: 9238
Epoch: [11]  [800/809]  eta: 0:00:09  lr: 0.000100  loss: 10.9823 (11.2429)  loss_bbox: 0.0928 (0.1234)  loss_bbox_aux_0: 0.0937 (0.1293)  loss_bbox_aux_1: 0.0960 (0.1248)  loss_bbox_aux_2: 0.1088 (0.1420)  loss_bbox_dn_0: 0.0643 (0.0678)  loss_bbox_dn_1: 0.0545 (0.0571)  loss_bbox_dn_2: 0.0537 (0.0556)  loss_giou: 1.0474 (1.1299)  loss_giou_aux_0: 1.0671 (1.1594)  loss_giou_aux_1: 1.0523 (1.1404)  loss_giou_aux_2: 1.1586 (1.2172)  loss_giou_dn_0: 0.9051 (0.8958)  loss_giou_dn_1: 0.8262 (0.8152)  loss_giou_dn_2: 0.8167 (0.8064)  loss_vfl: 0.5385 (0.4995)  loss_vfl_aux_0: 0.5331 (0.4978)  loss_vfl_aux_1: 0.5401 (0.5010)  loss_vfl_aux_2: 0.5148 (0.4915)  loss_vfl_dn_0: 0.4591 (0.4676)  loss_vfl_dn_1: 0.4557 (0.4622)  loss_vfl_dn_2: 0.4480 (0.4589)  time: 1.0043  data: 0.0273  max mem: 9238
Epoch: [11]  [808/809]  eta: 0:00:01  lr: 0.000100  loss: 11.2698 (11.2429)  loss_bbox: 0.0997 (0.1234)  loss_bbox_aux_0: 0.1021 (0.1293)  loss_bbox_aux_1: 0.0998 (0.1248)  loss_bbox_aux_2: 0.1188 (0.1420)  loss_bbox_dn_0: 0.0567 (0.0678)  loss_bbox_dn_1: 0.0483 (0.0570)  loss_bbox_dn_2: 0.0475 (0.0556)  loss_giou: 1.0969 (1.1301)  loss_giou_aux_0: 1.0999 (1.1598)  loss_giou_aux_1: 1.0988 (1.1407)  loss_giou_aux_2: 1.1845 (1.2175)  loss_giou_dn_0: 0.9051 (0.8959)  loss_giou_dn_1: 0.8262 (0.8153)  loss_giou_dn_2: 0.8167 (0.8065)  loss_vfl: 0.4987 (0.4992)  loss_vfl_aux_0: 0.4976 (0.4975)  loss_vfl_aux_1: 0.4994 (0.5007)  loss_vfl_aux_2: 0.4912 (0.4913)  loss_vfl_dn_0: 0.4598 (0.4676)  loss_vfl_dn_1: 0.4527 (0.4622)  loss_vfl_dn_2: 0.4515 (0.4588)  time: 0.8176  data: 0.0251  max mem: 9238
Epoch: [11] Total time: 0:13:47 (1.0224 s / it)
Averaged stats: lr: 0.000100  loss: 11.2698 (11.2429)  loss_bbox: 0.0997 (0.1234)  loss_bbox_aux_0: 0.1021 (0.1293)  loss_bbox_aux_1: 0.0998 (0.1248)  loss_bbox_aux_2: 0.1188 (0.1420)  loss_bbox_dn_0: 0.0567 (0.0678)  loss_bbox_dn_1: 0.0483 (0.0570)  loss_bbox_dn_2: 0.0475 (0.0556)  loss_giou: 1.0969 (1.1301)  loss_giou_aux_0: 1.0999 (1.1598)  loss_giou_aux_1: 1.0988 (1.1407)  loss_giou_aux_2: 1.1845 (1.2175)  loss_giou_dn_0: 0.9051 (0.8959)  loss_giou_dn_1: 0.8262 (0.8153)  loss_giou_dn_2: 0.8167 (0.8065)  loss_vfl: 0.4987 (0.4992)  loss_vfl_aux_0: 0.4976 (0.4975)  loss_vfl_aux_1: 0.4994 (0.5007)  loss_vfl_aux_2: 0.4912 (0.4913)  loss_vfl_dn_0: 0.4598 (0.4676)  loss_vfl_dn_1: 0.4527 (0.4622)  loss_vfl_dn_2: 0.4515 (0.4588)
Test:  [ 0/69]  eta: 0:01:23    time: 1.2131  data: 0.5428  max mem: 9238
Test:  [10/69]  eta: 0:00:35    time: 0.6033  data: 0.0689  max mem: 9238
Test:  [20/69]  eta: 0:00:30    time: 0.5844  data: 0.0216  max mem: 9238
Test:  [30/69]  eta: 0:00:22    time: 0.5666  data: 0.0216  max mem: 9238
Test:  [40/69]  eta: 0:00:16    time: 0.4947  data: 0.0211  max mem: 9238
Test:  [50/69]  eta: 0:00:10    time: 0.4610  data: 0.0214  max mem: 9238
Test:  [60/69]  eta: 0:00:04    time: 0.4341  data: 0.0218  max mem: 9238
Test:  [68/69]  eta: 0:00:00    time: 0.4478  data: 0.0199  max mem: 9238
Test: Total time: 0:00:35 (0.5141 s / it)
Averaged stats: 
Accumulating evaluation results...
DONE (t=1.92s).
IoU metric: bbox
 Average Precision  (AP) @[ IoU=0.50:0.95 | area=   all | maxDets=100 ] = 0.142
 Average Precision  (AP) @[ IoU=0.50      | area=   all | maxDets=100 ] = 0.248
 Average Precision  (AP) @[ IoU=0.75      | area=   all | maxDets=100 ] = 0.142
 Average Precision  (AP) @[ IoU=0.50:0.95 | area= small | maxDets=100 ] = 0.084
 Average Precision  (AP) @[ IoU=0.50:0.95 | area=medium | maxDets=100 ] = 0.208
 Average Precision  (AP) @[ IoU=0.50:0.95 | area= large | maxDets=100 ] = 0.312
 Average Recall     (AR) @[ IoU=0.50:0.95 | area=   all | maxDets=  1 ] = 0.074
 Average Recall     (AR) @[ IoU=0.50:0.95 | area=   all | maxDets= 10 ] = 0.211
 Average Recall     (AR) @[ IoU=0.50:0.95 | area=   all | maxDets=100 ] = 0.294
 Average Recall     (AR) @[ IoU=0.50:0.95 | area= small | maxDets=100 ] = 0.202
 Average Recall     (AR) @[ IoU=0.50:0.95 | area=medium | maxDets=100 ] = 0.409
 Average Recall     (AR) @[ IoU=0.50:0.95 | area= large | maxDets=100 ] = 0.516
best_stat:  {'epoch': 11, 'coco_eval_bbox': 0.14236421876940336}
Epoch: [12]  [  0/809]  eta: 1:33:41  lr: 0.000100  loss: 10.1675 (10.1675)  loss_bbox: 0.0860 (0.0860)  loss_bbox_aux_0: 0.0925 (0.0925)  loss_bbox_aux_1: 0.0908 (0.0908)  loss_bbox_aux_2: 0.1054 (0.1054)  loss_bbox_dn_0: 0.0738 (0.0738)  loss_bbox_dn_1: 0.0610 (0.0610)  loss_bbox_dn_2: 0.0590 (0.0590)  loss_giou: 0.8858 (0.8858)  loss_giou_aux_0: 0.9192 (0.9192)  loss_giou_aux_1: 0.8945 (0.8945)  loss_giou_aux_2: 0.9808 (0.9808)  loss_giou_dn_0: 0.8214 (0.8214)  loss_giou_dn_1: 0.7431 (0.7431)  loss_giou_dn_2: 0.7299 (0.7299)  loss_vfl: 0.5496 (0.5496)  loss_vfl_aux_0: 0.5447 (0.5447)  loss_vfl_aux_1: 0.5436 (0.5436)  loss_vfl_aux_2: 0.5358 (0.5358)  loss_vfl_dn_0: 0.4915 (0.4915)  loss_vfl_dn_1: 0.4795 (0.4795)  loss_vfl_dn_2: 0.4797 (0.4797)  time: 6.9485  data: 1.8285  max mem: 9238
Epoch: [12]  [100/809]  eta: 0:12:33  lr: 0.000100  loss: 10.7924 (11.1315)  loss_bbox: 0.1091 (0.1179)  loss_bbox_aux_0: 0.1098 (0.1241)  loss_bbox_aux_1: 0.1075 (0.1198)  loss_bbox_aux_2: 0.1248 (0.1366)  loss_bbox_dn_0: 0.0727 (0.0671)  loss_bbox_dn_1: 0.0597 (0.0565)  loss_bbox_dn_2: 0.0570 (0.0550)  loss_giou: 0.9917 (1.1135)  loss_giou_aux_0: 1.0357 (1.1445)  loss_giou_aux_1: 1.0002 (1.1246)  loss_giou_aux_2: 1.0978 (1.2015)  loss_giou_dn_0: 0.8537 (0.8859)  loss_giou_dn_1: 0.7687 (0.8075)  loss_giou_dn_2: 0.7543 (0.7989)  loss_vfl: 0.5296 (0.4981)  loss_vfl_aux_0: 0.5298 (0.4969)  loss_vfl_aux_1: 0.5398 (0.4999)  loss_vfl_aux_2: 0.5258 (0.4917)  loss_vfl_dn_0: 0.4748 (0.4699)  loss_vfl_dn_1: 0.4649 (0.4627)  loss_vfl_dn_2: 0.4583 (0.4586)  time: 1.0019  data: 0.0285  max mem: 9238
Epoch: [12]  [200/809]  eta: 0:10:29  lr: 0.000100  loss: 10.7613 (11.1359)  loss_bbox: 0.1105 (0.1154)  loss_bbox_aux_0: 0.1173 (0.1217)  loss_bbox_aux_1: 0.1091 (0.1170)  loss_bbox_aux_2: 0.1264 (0.1346)  loss_bbox_dn_0: 0.0588 (0.0667)  loss_bbox_dn_1: 0.0486 (0.0561)  loss_bbox_dn_2: 0.0475 (0.0547)  loss_giou: 1.0151 (1.1163)  loss_giou_aux_0: 1.0375 (1.1481)  loss_giou_aux_1: 1.0290 (1.1267)  loss_giou_aux_2: 1.1202 (1.2030)  loss_giou_dn_0: 0.8478 (0.8880)  loss_giou_dn_1: 0.7638 (0.8092)  loss_giou_dn_2: 0.7587 (0.8008)  loss_vfl: 0.5130 (0.4998)  loss_vfl_aux_0: 0.5140 (0.4974)  loss_vfl_aux_1: 0.5192 (0.5013)  loss_vfl_aux_2: 0.5054 (0.4915)  loss_vfl_dn_0: 0.4676 (0.4679)  loss_vfl_dn_1: 0.4670 (0.4616)  loss_vfl_dn_2: 0.4646 (0.4580)  time: 1.0091  data: 0.0290  max mem: 9238
Epoch: [12]  [300/809]  eta: 0:08:42  lr: 0.000100  loss: 11.4573 (11.1099)  loss_bbox: 0.1083 (0.1155)  loss_bbox_aux_0: 0.1163 (0.1216)  loss_bbox_aux_1: 0.1116 (0.1170)  loss_bbox_aux_2: 0.1305 (0.1347)  loss_bbox_dn_0: 0.0633 (0.0664)  loss_bbox_dn_1: 0.0562 (0.0559)  loss_bbox_dn_2: 0.0547 (0.0545)  loss_giou: 1.2018 (1.1117)  loss_giou_aux_0: 1.2407 (1.1433)  loss_giou_aux_1: 1.2166 (1.1220)  loss_giou_aux_2: 1.2818 (1.1992)  loss_giou_dn_0: 0.9297 (0.8843)  loss_giou_dn_1: 0.8550 (0.8054)  loss_giou_dn_2: 0.8476 (0.7969)  loss_vfl: 0.4143 (0.5006)  loss_vfl_aux_0: 0.4081 (0.4988)  loss_vfl_aux_1: 0.4175 (0.5018)  loss_vfl_aux_2: 0.4190 (0.4925)  loss_vfl_dn_0: 0.4733 (0.4685)  loss_vfl_dn_1: 0.4591 (0.4616)  loss_vfl_dn_2: 0.4531 (0.4580)  time: 1.0292  data: 0.0271  max mem: 9238
Epoch: [12]  [400/809]  eta: 0:06:56  lr: 0.000100  loss: 11.0910 (11.1287)  loss_bbox: 0.1172 (0.1162)  loss_bbox_aux_0: 0.1218 (0.1222)  loss_bbox_aux_1: 0.1180 (0.1178)  loss_bbox_aux_2: 0.1391 (0.1355)  loss_bbox_dn_0: 0.0653 (0.0663)  loss_bbox_dn_1: 0.0568 (0.0559)  loss_bbox_dn_2: 0.0556 (0.0544)  loss_giou: 1.1035 (1.1156)  loss_giou_aux_0: 1.1225 (1.1469)  loss_giou_aux_1: 1.1092 (1.1266)  loss_giou_aux_2: 1.1828 (1.2026)  loss_giou_dn_0: 0.8663 (0.8866)  loss_giou_dn_1: 0.7817 (0.8072)  loss_giou_dn_2: 0.7764 (0.7986)  loss_vfl: 0.4998 (0.4991)  loss_vfl_aux_0: 0.4952 (0.4976)  loss_vfl_aux_1: 0.4897 (0.4998)  loss_vfl_aux_2: 0.4852 (0.4910)  loss_vfl_dn_0: 0.4709 (0.4686)  loss_vfl_dn_1: 0.4672 (0.4619)  loss_vfl_dn_2: 0.4596 (0.4583)  time: 0.9523  data: 0.0266  max mem: 9238
Epoch: [12]  [500/809]  eta: 0:05:15  lr: 0.000100  loss: 11.1882 (11.1429)  loss_bbox: 0.1098 (0.1189)  loss_bbox_aux_0: 0.1211 (0.1249)  loss_bbox_aux_1: 0.1127 (0.1204)  loss_bbox_aux_2: 0.1287 (0.1379)  loss_bbox_dn_0: 0.0681 (0.0672)  loss_bbox_dn_1: 0.0573 (0.0565)  loss_bbox_dn_2: 0.0561 (0.0551)  loss_giou: 1.1231 (1.1155)  loss_giou_aux_0: 1.1605 (1.1467)  loss_giou_aux_1: 1.1421 (1.1267)  loss_giou_aux_2: 1.2012 (1.2024)  loss_giou_dn_0: 0.9032 (0.8868)  loss_giou_dn_1: 0.8195 (0.8070)  loss_giou_dn_2: 0.8089 (0.7983)  loss_vfl: 0.4855 (0.4997)  loss_vfl_aux_0: 0.4760 (0.4983)  loss_vfl_aux_1: 0.4830 (0.5005)  loss_vfl_aux_2: 0.4757 (0.4918)  loss_vfl_dn_0: 0.4642 (0.4684)  loss_vfl_dn_1: 0.4602 (0.4618)  loss_vfl_dn_2: 0.4569 (0.4582)  time: 1.0471  data: 0.0349  max mem: 9238
Epoch: [12]  [600/809]  eta: 0:03:32  lr: 0.000100  loss: 11.3475 (11.1224)  loss_bbox: 0.1059 (0.1181)  loss_bbox_aux_0: 0.1073 (0.1240)  loss_bbox_aux_1: 0.1073 (0.1197)  loss_bbox_aux_2: 0.1197 (0.1368)  loss_bbox_dn_0: 0.0670 (0.0676)  loss_bbox_dn_1: 0.0592 (0.0569)  loss_bbox_dn_2: 0.0576 (0.0555)  loss_giou: 1.1675 (1.1090)  loss_giou_aux_0: 1.1907 (1.1397)  loss_giou_aux_1: 1.1715 (1.1199)  loss_giou_aux_2: 1.2441 (1.1952)  loss_giou_dn_0: 0.9078 (0.8866)  loss_giou_dn_1: 0.8278 (0.8066)  loss_giou_dn_2: 0.8215 (0.7978)  loss_vfl: 0.4844 (0.5019)  loss_vfl_aux_0: 0.4798 (0.5007)  loss_vfl_aux_1: 0.4860 (0.5026)  loss_vfl_aux_2: 0.4692 (0.4947)  loss_vfl_dn_0: 0.4586 (0.4684)  loss_vfl_dn_1: 0.4565 (0.4621)  loss_vfl_dn_2: 0.4536 (0.4586)  time: 0.9774  data: 0.0311  max mem: 9238
Epoch: [12]  [700/809]  eta: 0:01:50  lr: 0.000100  loss: 11.3639 (11.1251)  loss_bbox: 0.1093 (0.1182)  loss_bbox_aux_0: 0.1098 (0.1240)  loss_bbox_aux_1: 0.1139 (0.1196)  loss_bbox_aux_2: 0.1314 (0.1367)  loss_bbox_dn_0: 0.0614 (0.0677)  loss_bbox_dn_1: 0.0522 (0.0571)  loss_bbox_dn_2: 0.0505 (0.0556)  loss_giou: 1.0737 (1.1085)  loss_giou_aux_0: 1.0965 (1.1388)  loss_giou_aux_1: 1.0770 (1.1191)  loss_giou_aux_2: 1.1926 (1.1949)  loss_giou_dn_0: 0.8863 (0.8865)  loss_giou_dn_1: 0.8067 (0.8067)  loss_giou_dn_2: 0.8010 (0.7979)  loss_vfl: 0.4646 (0.5030)  loss_vfl_aux_0: 0.4709 (0.5019)  loss_vfl_aux_1: 0.4814 (0.5040)  loss_vfl_aux_2: 0.4474 (0.4957)  loss_vfl_dn_0: 0.4577 (0.4685)  loss_vfl_dn_1: 0.4563 (0.4621)  loss_vfl_dn_2: 0.4522 (0.4587)  time: 1.0358  data: 0.0329  max mem: 9238
Epoch: [12]  [800/809]  eta: 0:00:09  lr: 0.000100  loss: 11.1793 (11.1280)  loss_bbox: 0.1149 (0.1182)  loss_bbox_aux_0: 0.1176 (0.1240)  loss_bbox_aux_1: 0.1183 (0.1197)  loss_bbox_aux_2: 0.1317 (0.1369)  loss_bbox_dn_0: 0.0704 (0.0675)  loss_bbox_dn_1: 0.0556 (0.0569)  loss_bbox_dn_2: 0.0550 (0.0554)  loss_giou: 1.1219 (1.1105)  loss_giou_aux_0: 1.1416 (1.1407)  loss_giou_aux_1: 1.1331 (1.1209)  loss_giou_aux_2: 1.1904 (1.1969)  loss_giou_dn_0: 0.8868 (0.8863)  loss_giou_dn_1: 0.8085 (0.8068)  loss_giou_dn_2: 0.8028 (0.7980)  loss_vfl: 0.5145 (0.5020)  loss_vfl_aux_0: 0.5186 (0.5012)  loss_vfl_aux_1: 0.5138 (0.5032)  loss_vfl_aux_2: 0.5071 (0.4947)  loss_vfl_dn_0: 0.4726 (0.4683)  loss_vfl_dn_1: 0.4606 (0.4617)  loss_vfl_dn_2: 0.4586 (0.4583)  time: 1.0051  data: 0.0295  max mem: 9238
Epoch: [12]  [808/809]  eta: 0:00:01  lr: 0.000100  loss: 11.2898 (11.1318)  loss_bbox: 0.1156 (0.1182)  loss_bbox_aux_0: 0.1227 (0.1241)  loss_bbox_aux_1: 0.1198 (0.1197)  loss_bbox_aux_2: 0.1368 (0.1369)  loss_bbox_dn_0: 0.0738 (0.0675)  loss_bbox_dn_1: 0.0591 (0.0569)  loss_bbox_dn_2: 0.0576 (0.0554)  loss_giou: 1.1280 (1.1112)  loss_giou_aux_0: 1.1609 (1.1414)  loss_giou_aux_1: 1.1376 (1.1217)  loss_giou_aux_2: 1.1997 (1.1976)  loss_giou_dn_0: 0.8987 (0.8866)  loss_giou_dn_1: 0.8186 (0.8070)  loss_giou_dn_2: 0.8067 (0.7983)  loss_vfl: 0.5064 (0.5020)  loss_vfl_aux_0: 0.5097 (0.5012)  loss_vfl_aux_1: 0.5138 (0.5032)  loss_vfl_aux_2: 0.4916 (0.4945)  loss_vfl_dn_0: 0.4726 (0.4683)  loss_vfl_dn_1: 0.4598 (0.4617)  loss_vfl_dn_2: 0.4571 (0.4583)  time: 0.8594  data: 0.0258  max mem: 9238
Epoch: [12] Total time: 0:13:39 (1.0132 s / it)
Averaged stats: lr: 0.000100  loss: 11.2898 (11.1318)  loss_bbox: 0.1156 (0.1182)  loss_bbox_aux_0: 0.1227 (0.1241)  loss_bbox_aux_1: 0.1198 (0.1197)  loss_bbox_aux_2: 0.1368 (0.1369)  loss_bbox_dn_0: 0.0738 (0.0675)  loss_bbox_dn_1: 0.0591 (0.0569)  loss_bbox_dn_2: 0.0576 (0.0554)  loss_giou: 1.1280 (1.1112)  loss_giou_aux_0: 1.1609 (1.1414)  loss_giou_aux_1: 1.1376 (1.1217)  loss_giou_aux_2: 1.1997 (1.1976)  loss_giou_dn_0: 0.8987 (0.8866)  loss_giou_dn_1: 0.8186 (0.8070)  loss_giou_dn_2: 0.8067 (0.7983)  loss_vfl: 0.5064 (0.5020)  loss_vfl_aux_0: 0.5097 (0.5012)  loss_vfl_aux_1: 0.5138 (0.5032)  loss_vfl_aux_2: 0.4916 (0.4945)  loss_vfl_dn_0: 0.4726 (0.4683)  loss_vfl_dn_1: 0.4598 (0.4617)  loss_vfl_dn_2: 0.4571 (0.4583)
Test:  [ 0/69]  eta: 0:01:13    time: 1.0603  data: 0.5887  max mem: 9238
Test:  [10/69]  eta: 0:00:36    time: 0.6195  data: 0.0728  max mem: 9238
Test:  [20/69]  eta: 0:00:31    time: 0.6159  data: 0.0213  max mem: 9238
Test:  [30/69]  eta: 0:00:23    time: 0.5918  data: 0.0215  max mem: 9238
Test:  [40/69]  eta: 0:00:16    time: 0.5093  data: 0.0214  max mem: 9238
Test:  [50/69]  eta: 0:00:10    time: 0.4766  data: 0.0217  max mem: 9238
Test:  [60/69]  eta: 0:00:04    time: 0.4592  data: 0.0228  max mem: 9238
Test:  [68/69]  eta: 0:00:00    time: 0.4606  data: 0.0213  max mem: 9238
Test: Total time: 0:00:36 (0.5312 s / it)
Averaged stats: 
Accumulating evaluation results...
DONE (t=1.91s).
IoU metric: bbox
 Average Precision  (AP) @[ IoU=0.50:0.95 | area=   all | maxDets=100 ] = 0.150
 Average Precision  (AP) @[ IoU=0.50      | area=   all | maxDets=100 ] = 0.258
 Average Precision  (AP) @[ IoU=0.75      | area=   all | maxDets=100 ] = 0.152
 Average Precision  (AP) @[ IoU=0.50:0.95 | area= small | maxDets=100 ] = 0.086
 Average Precision  (AP) @[ IoU=0.50:0.95 | area=medium | maxDets=100 ] = 0.216
 Average Precision  (AP) @[ IoU=0.50:0.95 | area= large | maxDets=100 ] = 0.314
 Average Recall     (AR) @[ IoU=0.50:0.95 | area=   all | maxDets=  1 ] = 0.077
 Average Recall     (AR) @[ IoU=0.50:0.95 | area=   all | maxDets= 10 ] = 0.215
 Average Recall     (AR) @[ IoU=0.50:0.95 | area=   all | maxDets=100 ] = 0.298
 Average Recall     (AR) @[ IoU=0.50:0.95 | area= small | maxDets=100 ] = 0.205
 Average Recall     (AR) @[ IoU=0.50:0.95 | area=medium | maxDets=100 ] = 0.415
 Average Recall     (AR) @[ IoU=0.50:0.95 | area= large | maxDets=100 ] = 0.504
best_stat:  {'epoch': 12, 'coco_eval_bbox': 0.15029317348293086}
Epoch: [13]  [  0/809]  eta: 1:09:35  lr: 0.000100  loss: 10.5736 (10.5736)  loss_bbox: 0.1242 (0.1242)  loss_bbox_aux_0: 0.1248 (0.1248)  loss_bbox_aux_1: 0.1250 (0.1250)  loss_bbox_aux_2: 0.1350 (0.1350)  loss_bbox_dn_0: 0.0809 (0.0809)  loss_bbox_dn_1: 0.0677 (0.0677)  loss_bbox_dn_2: 0.0658 (0.0658)  loss_giou: 1.0365 (1.0365)  loss_giou_aux_0: 1.0563 (1.0563)  loss_giou_aux_1: 1.0460 (1.0460)  loss_giou_aux_2: 1.1164 (1.1164)  loss_giou_dn_0: 0.8249 (0.8249)  loss_giou_dn_1: 0.7395 (0.7395)  loss_giou_dn_2: 0.7295 (0.7295)  loss_vfl: 0.4686 (0.4686)  loss_vfl_aux_0: 0.4910 (0.4910)  loss_vfl_aux_1: 0.4726 (0.4726)  loss_vfl_aux_2: 0.5045 (0.5045)  loss_vfl_dn_0: 0.4734 (0.4734)  loss_vfl_dn_1: 0.4498 (0.4498)  loss_vfl_dn_2: 0.4411 (0.4411)  time: 5.1617  data: 3.2659  max mem: 9238
Epoch: [13]  [100/809]  eta: 0:12:38  lr: 0.000100  loss: 10.8402 (11.1028)  loss_bbox: 0.1128 (0.1174)  loss_bbox_aux_0: 0.1167 (0.1232)  loss_bbox_aux_1: 0.1151 (0.1186)  loss_bbox_aux_2: 0.1255 (0.1348)  loss_bbox_dn_0: 0.0661 (0.0670)  loss_bbox_dn_1: 0.0512 (0.0556)  loss_bbox_dn_2: 0.0514 (0.0540)  loss_giou: 1.1069 (1.1106)  loss_giou_aux_0: 1.1510 (1.1448)  loss_giou_aux_1: 1.1173 (1.1238)  loss_giou_aux_2: 1.1808 (1.1978)  loss_giou_dn_0: 0.9026 (0.8857)  loss_giou_dn_1: 0.8152 (0.8013)  loss_giou_dn_2: 0.8068 (0.7920)  loss_vfl: 0.4755 (0.5025)  loss_vfl_aux_0: 0.4674 (0.4962)  loss_vfl_aux_1: 0.4780 (0.5022)  loss_vfl_aux_2: 0.4660 (0.4907)  loss_vfl_dn_0: 0.4542 (0.4662)  loss_vfl_dn_1: 0.4497 (0.4610)  loss_vfl_dn_2: 0.4489 (0.4574)  time: 1.0250  data: 0.0339  max mem: 9238
Epoch: [13]  [200/809]  eta: 0:10:37  lr: 0.000100  loss: 11.1922 (11.0609)  loss_bbox: 0.1034 (0.1152)  loss_bbox_aux_0: 0.1081 (0.1204)  loss_bbox_aux_1: 0.1043 (0.1164)  loss_bbox_aux_2: 0.1253 (0.1321)  loss_bbox_dn_0: 0.0636 (0.0663)  loss_bbox_dn_1: 0.0529 (0.0554)  loss_bbox_dn_2: 0.0514 (0.0540)  loss_giou: 1.1093 (1.0999)  loss_giou_aux_0: 1.1457 (1.1326)  loss_giou_aux_1: 1.1234 (1.1125)  loss_giou_aux_2: 1.2059 (1.1877)  loss_giou_dn_0: 0.8820 (0.8801)  loss_giou_dn_1: 0.8115 (0.8000)  loss_giou_dn_2: 0.8049 (0.7910)  loss_vfl: 0.5057 (0.5058)  loss_vfl_aux_0: 0.4970 (0.5029)  loss_vfl_aux_1: 0.5002 (0.5064)  loss_vfl_aux_2: 0.4869 (0.4970)  loss_vfl_dn_0: 0.4674 (0.4674)  loss_vfl_dn_1: 0.4616 (0.4606)  loss_vfl_dn_2: 0.4587 (0.4573)  time: 0.9981  data: 0.0272  max mem: 9238
Epoch: [13]  [300/809]  eta: 0:08:46  lr: 0.000100  loss: 10.8294 (11.0590)  loss_bbox: 0.1076 (0.1151)  loss_bbox_aux_0: 0.1163 (0.1209)  loss_bbox_aux_1: 0.1124 (0.1165)  loss_bbox_aux_2: 0.1358 (0.1328)  loss_bbox_dn_0: 0.0738 (0.0679)  loss_bbox_dn_1: 0.0627 (0.0569)  loss_bbox_dn_2: 0.0611 (0.0554)  loss_giou: 0.9912 (1.0956)  loss_giou_aux_0: 1.0370 (1.1280)  loss_giou_aux_1: 0.9995 (1.1074)  loss_giou_aux_2: 1.1067 (1.1852)  loss_giou_dn_0: 0.8316 (0.8797)  loss_giou_dn_1: 0.7567 (0.7993)  loss_giou_dn_2: 0.7516 (0.7903)  loss_vfl: 0.5489 (0.5082)  loss_vfl_aux_0: 0.5465 (0.5050)  loss_vfl_aux_1: 0.5598 (0.5089)  loss_vfl_aux_2: 0.5358 (0.4972)  loss_vfl_dn_0: 0.4747 (0.4688)  loss_vfl_dn_1: 0.4577 (0.4615)  loss_vfl_dn_2: 0.4593 (0.4584)  time: 1.0029  data: 0.0246  max mem: 9238
Epoch: [13]  [400/809]  eta: 0:06:58  lr: 0.000100  loss: 10.7259 (11.0555)  loss_bbox: 0.0909 (0.1155)  loss_bbox_aux_0: 0.1017 (0.1211)  loss_bbox_aux_1: 0.0939 (0.1170)  loss_bbox_aux_2: 0.1130 (0.1331)  loss_bbox_dn_0: 0.0670 (0.0678)  loss_bbox_dn_1: 0.0562 (0.0569)  loss_bbox_dn_2: 0.0541 (0.0553)  loss_giou: 0.9585 (1.0950)  loss_giou_aux_0: 1.0007 (1.1268)  loss_giou_aux_1: 0.9731 (1.1060)  loss_giou_aux_2: 1.1144 (1.1843)  loss_giou_dn_0: 0.8517 (0.8779)  loss_giou_dn_1: 0.7715 (0.7979)  loss_giou_dn_2: 0.7575 (0.7890)  loss_vfl: 0.5761 (0.5080)  loss_vfl_aux_0: 0.5676 (0.5064)  loss_vfl_aux_1: 0.5746 (0.5095)  loss_vfl_aux_2: 0.5497 (0.4991)  loss_vfl_dn_0: 0.4803 (0.4691)  loss_vfl_dn_1: 0.4688 (0.4615)  loss_vfl_dn_2: 0.4661 (0.4583)  time: 1.0069  data: 0.0305  max mem: 9238
Epoch: [13]  [500/809]  eta: 0:05:16  lr: 0.000100  loss: 11.1151 (11.0576)  loss_bbox: 0.1043 (0.1157)  loss_bbox_aux_0: 0.1093 (0.1213)  loss_bbox_aux_1: 0.1047 (0.1172)  loss_bbox_aux_2: 0.1180 (0.1335)  loss_bbox_dn_0: 0.0644 (0.0667)  loss_bbox_dn_1: 0.0553 (0.0560)  loss_bbox_dn_2: 0.0531 (0.0545)  loss_giou: 1.1029 (1.0983)  loss_giou_aux_0: 1.1387 (1.1298)  loss_giou_aux_1: 1.1252 (1.1087)  loss_giou_aux_2: 1.2007 (1.1872)  loss_giou_dn_0: 0.9128 (0.8775)  loss_giou_dn_1: 0.8402 (0.7977)  loss_giou_dn_2: 0.8310 (0.7888)  loss_vfl: 0.4730 (0.5058)  loss_vfl_aux_0: 0.4769 (0.5046)  loss_vfl_aux_1: 0.4711 (0.5073)  loss_vfl_aux_2: 0.4551 (0.4979)  loss_vfl_dn_0: 0.4660 (0.4692)  loss_vfl_dn_1: 0.4561 (0.4616)  loss_vfl_dn_2: 0.4538 (0.4583)  time: 0.9844  data: 0.0260  max mem: 9238
Epoch: [13]  [600/809]  eta: 0:03:32  lr: 0.000100  loss: 11.1019 (11.0596)  loss_bbox: 0.1072 (0.1172)  loss_bbox_aux_0: 0.1220 (0.1228)  loss_bbox_aux_1: 0.1092 (0.1186)  loss_bbox_aux_2: 0.1374 (0.1351)  loss_bbox_dn_0: 0.0612 (0.0668)  loss_bbox_dn_1: 0.0530 (0.0561)  loss_bbox_dn_2: 0.0513 (0.0546)  loss_giou: 1.0382 (1.0975)  loss_giou_aux_0: 1.0825 (1.1290)  loss_giou_aux_1: 1.0556 (1.1078)  loss_giou_aux_2: 1.1173 (1.1868)  loss_giou_dn_0: 0.8792 (0.8764)  loss_giou_dn_1: 0.8033 (0.7964)  loss_giou_dn_2: 0.7903 (0.7876)  loss_vfl: 0.5182 (0.5064)  loss_vfl_aux_0: 0.5014 (0.5054)  loss_vfl_aux_1: 0.5214 (0.5080)  loss_vfl_aux_2: 0.4956 (0.4987)  loss_vfl_dn_0: 0.4625 (0.4692)  loss_vfl_dn_1: 0.4577 (0.4613)  loss_vfl_dn_2: 0.4544 (0.4581)  time: 1.0449  data: 0.0280  max mem: 9238
Epoch: [13]  [700/809]  eta: 0:01:50  lr: 0.000100  loss: 11.1285 (11.0627)  loss_bbox: 0.1101 (0.1169)  loss_bbox_aux_0: 0.1175 (0.1226)  loss_bbox_aux_1: 0.1090 (0.1184)  loss_bbox_aux_2: 0.1373 (0.1346)  loss_bbox_dn_0: 0.0670 (0.0672)  loss_bbox_dn_1: 0.0518 (0.0563)  loss_bbox_dn_2: 0.0506 (0.0548)  loss_giou: 1.1511 (1.0978)  loss_giou_aux_0: 1.1737 (1.1291)  loss_giou_aux_1: 1.1541 (1.1080)  loss_giou_aux_2: 1.2192 (1.1867)  loss_giou_dn_0: 0.8929 (0.8779)  loss_giou_dn_1: 0.8036 (0.7970)  loss_giou_dn_2: 0.7900 (0.7883)  loss_vfl: 0.4717 (0.5065)  loss_vfl_aux_0: 0.4550 (0.5052)  loss_vfl_aux_1: 0.4728 (0.5081)  loss_vfl_aux_2: 0.4749 (0.4990)  loss_vfl_dn_0: 0.4578 (0.4689)  loss_vfl_dn_1: 0.4541 (0.4612)  loss_vfl_dn_2: 0.4490 (0.4580)  time: 0.9973  data: 0.0275  max mem: 9238
Epoch: [13]  [800/809]  eta: 0:00:09  lr: 0.000100  loss: 11.0084 (11.0671)  loss_bbox: 0.1170 (0.1167)  loss_bbox_aux_0: 0.1213 (0.1226)  loss_bbox_aux_1: 0.1197 (0.1182)  loss_bbox_aux_2: 0.1333 (0.1345)  loss_bbox_dn_0: 0.0602 (0.0669)  loss_bbox_dn_1: 0.0476 (0.0561)  loss_bbox_dn_2: 0.0457 (0.0547)  loss_giou: 1.1375 (1.0997)  loss_giou_aux_0: 1.1710 (1.1309)  loss_giou_aux_1: 1.1536 (1.1097)  loss_giou_aux_2: 1.1993 (1.1883)  loss_giou_dn_0: 0.8860 (0.8785)  loss_giou_dn_1: 0.8205 (0.7981)  loss_giou_dn_2: 0.8107 (0.7894)  loss_vfl: 0.4699 (0.5059)  loss_vfl_aux_0: 0.4690 (0.5044)  loss_vfl_aux_1: 0.4742 (0.5074)  loss_vfl_aux_2: 0.4596 (0.4984)  loss_vfl_dn_0: 0.4622 (0.4684)  loss_vfl_dn_1: 0.4558 (0.4608)  loss_vfl_dn_2: 0.4551 (0.4575)  time: 1.0767  data: 0.0313  max mem: 9238
Epoch: [13]  [808/809]  eta: 0:00:01  lr: 0.000100  loss: 10.9484 (11.0654)  loss_bbox: 0.1092 (0.1166)  loss_bbox_aux_0: 0.1189 (0.1225)  loss_bbox_aux_1: 0.1108 (0.1181)  loss_bbox_aux_2: 0.1283 (0.1344)  loss_bbox_dn_0: 0.0633 (0.0670)  loss_bbox_dn_1: 0.0511 (0.0561)  loss_bbox_dn_2: 0.0501 (0.0547)  loss_giou: 1.0903 (1.0993)  loss_giou_aux_0: 1.1223 (1.1304)  loss_giou_aux_1: 1.1071 (1.1093)  loss_giou_aux_2: 1.1558 (1.1879)  loss_giou_dn_0: 0.8927 (0.8784)  loss_giou_dn_1: 0.8043 (0.7979)  loss_giou_dn_2: 0.7905 (0.7892)  loss_vfl: 0.4903 (0.5060)  loss_vfl_aux_0: 0.4783 (0.5047)  loss_vfl_aux_1: 0.4906 (0.5077)  loss_vfl_aux_2: 0.4817 (0.4987)  loss_vfl_dn_0: 0.4605 (0.4684)  loss_vfl_dn_1: 0.4558 (0.4608)  loss_vfl_dn_2: 0.4551 (0.4575)  time: 0.9209  data: 0.0250  max mem: 9238
Epoch: [13] Total time: 0:13:39 (1.0126 s / it)
Averaged stats: lr: 0.000100  loss: 10.9484 (11.0654)  loss_bbox: 0.1092 (0.1166)  loss_bbox_aux_0: 0.1189 (0.1225)  loss_bbox_aux_1: 0.1108 (0.1181)  loss_bbox_aux_2: 0.1283 (0.1344)  loss_bbox_dn_0: 0.0633 (0.0670)  loss_bbox_dn_1: 0.0511 (0.0561)  loss_bbox_dn_2: 0.0501 (0.0547)  loss_giou: 1.0903 (1.0993)  loss_giou_aux_0: 1.1223 (1.1304)  loss_giou_aux_1: 1.1071 (1.1093)  loss_giou_aux_2: 1.1558 (1.1879)  loss_giou_dn_0: 0.8927 (0.8784)  loss_giou_dn_1: 0.8043 (0.7979)  loss_giou_dn_2: 0.7905 (0.7892)  loss_vfl: 0.4903 (0.5060)  loss_vfl_aux_0: 0.4783 (0.5047)  loss_vfl_aux_1: 0.4906 (0.5077)  loss_vfl_aux_2: 0.4817 (0.4987)  loss_vfl_dn_0: 0.4605 (0.4684)  loss_vfl_dn_1: 0.4558 (0.4608)  loss_vfl_dn_2: 0.4551 (0.4575)
Test:  [ 0/69]  eta: 0:01:24    time: 1.2194  data: 0.6360  max mem: 9238
Test:  [10/69]  eta: 0:00:36    time: 0.6113  data: 0.0756  max mem: 9238
Test:  [20/69]  eta: 0:00:31    time: 0.6048  data: 0.0202  max mem: 9238
Test:  [30/69]  eta: 0:00:23    time: 0.5864  data: 0.0217  max mem: 9238
Test:  [40/69]  eta: 0:00:16    time: 0.4972  data: 0.0218  max mem: 9238
Test:  [50/69]  eta: 0:00:10    time: 0.4762  data: 0.0209  max mem: 9238
Test:  [60/69]  eta: 0:00:04    time: 0.4624  data: 0.0212  max mem: 9238
Test:  [68/69]  eta: 0:00:00    time: 0.4678  data: 0.0202  max mem: 9238
Test: Total time: 0:00:36 (0.5301 s / it)
Averaged stats: 
Accumulating evaluation results...
DONE (t=1.99s).
IoU metric: bbox
 Average Precision  (AP) @[ IoU=0.50:0.95 | area=   all | maxDets=100 ] = 0.153
 Average Precision  (AP) @[ IoU=0.50      | area=   all | maxDets=100 ] = 0.264
 Average Precision  (AP) @[ IoU=0.75      | area=   all | maxDets=100 ] = 0.152
 Average Precision  (AP) @[ IoU=0.50:0.95 | area= small | maxDets=100 ] = 0.090
 Average Precision  (AP) @[ IoU=0.50:0.95 | area=medium | maxDets=100 ] = 0.222
 Average Precision  (AP) @[ IoU=0.50:0.95 | area= large | maxDets=100 ] = 0.330
 Average Recall     (AR) @[ IoU=0.50:0.95 | area=   all | maxDets=  1 ] = 0.079
 Average Recall     (AR) @[ IoU=0.50:0.95 | area=   all | maxDets= 10 ] = 0.220
 Average Recall     (AR) @[ IoU=0.50:0.95 | area=   all | maxDets=100 ] = 0.303
 Average Recall     (AR) @[ IoU=0.50:0.95 | area= small | maxDets=100 ] = 0.210
 Average Recall     (AR) @[ IoU=0.50:0.95 | area=medium | maxDets=100 ] = 0.420
 Average Recall     (AR) @[ IoU=0.50:0.95 | area= large | maxDets=100 ] = 0.545
best_stat:  {'epoch': 13, 'coco_eval_bbox': 0.15264770192113652}
Epoch: [14]  [  0/809]  eta: 1:19:57  lr: 0.000100  loss: 10.6019 (10.6019)  loss_bbox: 0.0796 (0.0796)  loss_bbox_aux_0: 0.0857 (0.0857)  loss_bbox_aux_1: 0.0809 (0.0809)  loss_bbox_aux_2: 0.0916 (0.0916)  loss_bbox_dn_0: 0.0559 (0.0559)  loss_bbox_dn_1: 0.0452 (0.0452)  loss_bbox_dn_2: 0.0441 (0.0441)  loss_giou: 0.9378 (0.9378)  loss_giou_aux_0: 0.9697 (0.9697)  loss_giou_aux_1: 0.9476 (0.9476)  loss_giou_aux_2: 1.0382 (1.0382)  loss_giou_dn_0: 0.8572 (0.8572)  loss_giou_dn_1: 0.7806 (0.7806)  loss_giou_dn_2: 0.7670 (0.7670)  loss_vfl: 0.6266 (0.6266)  loss_vfl_aux_0: 0.5996 (0.5996)  loss_vfl_aux_1: 0.6245 (0.6245)  loss_vfl_aux_2: 0.5680 (0.5680)  loss_vfl_dn_0: 0.4698 (0.4698)  loss_vfl_dn_1: 0.4643 (0.4643)  loss_vfl_dn_2: 0.4680 (0.4680)  time: 5.9301  data: 3.5911  max mem: 9238
Epoch: [14]  [100/809]  eta: 0:12:45  lr: 0.000100  loss: 10.7342 (11.0973)  loss_bbox: 0.1015 (0.1208)  loss_bbox_aux_0: 0.1094 (0.1275)  loss_bbox_aux_1: 0.1019 (0.1224)  loss_bbox_aux_2: 0.1213 (0.1394)  loss_bbox_dn_0: 0.0730 (0.0678)  loss_bbox_dn_1: 0.0589 (0.0559)  loss_bbox_dn_2: 0.0571 (0.0541)  loss_giou: 1.0412 (1.1112)  loss_giou_aux_0: 1.0844 (1.1462)  loss_giou_aux_1: 1.0619 (1.1221)  loss_giou_aux_2: 1.1114 (1.1994)  loss_giou_dn_0: 0.8809 (0.8832)  loss_giou_dn_1: 0.8147 (0.7991)  loss_giou_dn_2: 0.8039 (0.7899)  loss_vfl: 0.5006 (0.4953)  loss_vfl_aux_0: 0.4895 (0.4924)  loss_vfl_aux_1: 0.4941 (0.4969)  loss_vfl_aux_2: 0.4907 (0.4878)  loss_vfl_dn_0: 0.4688 (0.4671)  loss_vfl_dn_1: 0.4630 (0.4613)  loss_vfl_dn_2: 0.4607 (0.4577)  time: 1.0287  data: 0.0289  max mem: 9238
Epoch: [14]  [200/809]  eta: 0:10:41  lr: 0.000100  loss: 11.0011 (11.0900)  loss_bbox: 0.1041 (0.1189)  loss_bbox_aux_0: 0.1088 (0.1257)  loss_bbox_aux_1: 0.1073 (0.1203)  loss_bbox_aux_2: 0.1257 (0.1377)  loss_bbox_dn_0: 0.0619 (0.0664)  loss_bbox_dn_1: 0.0502 (0.0550)  loss_bbox_dn_2: 0.0493 (0.0534)  loss_giou: 1.0780 (1.1128)  loss_giou_aux_0: 1.1163 (1.1480)  loss_giou_aux_1: 1.0902 (1.1231)  loss_giou_aux_2: 1.1567 (1.2015)  loss_giou_dn_0: 0.8565 (0.8813)  loss_giou_dn_1: 0.7713 (0.7984)  loss_giou_dn_2: 0.7638 (0.7898)  loss_vfl: 0.5217 (0.4946)  loss_vfl_aux_0: 0.5067 (0.4930)  loss_vfl_aux_1: 0.5224 (0.4972)  loss_vfl_aux_2: 0.4992 (0.4875)  loss_vfl_dn_0: 0.4672 (0.4668)  loss_vfl_dn_1: 0.4592 (0.4610)  loss_vfl_dn_2: 0.4541 (0.4575)  time: 0.9643  data: 0.0291  max mem: 9238
Epoch: [14]  [300/809]  eta: 0:08:50  lr: 0.000100  loss: 10.6485 (11.1202)  loss_bbox: 0.0899 (0.1203)  loss_bbox_aux_0: 0.0957 (0.1268)  loss_bbox_aux_1: 0.0906 (0.1218)  loss_bbox_aux_2: 0.1164 (0.1385)  loss_bbox_dn_0: 0.0607 (0.0660)  loss_bbox_dn_1: 0.0487 (0.0548)  loss_bbox_dn_2: 0.0474 (0.0533)  loss_giou: 1.0281 (1.1187)  loss_giou_aux_0: 1.0588 (1.1528)  loss_giou_aux_1: 1.0420 (1.1299)  loss_giou_aux_2: 1.1230 (1.2050)  loss_giou_dn_0: 0.8658 (0.8844)  loss_giou_dn_1: 0.7834 (0.8014)  loss_giou_dn_2: 0.7746 (0.7927)  loss_vfl: 0.4849 (0.4935)  loss_vfl_aux_0: 0.4817 (0.4927)  loss_vfl_aux_1: 0.4831 (0.4959)  loss_vfl_aux_2: 0.4766 (0.4879)  loss_vfl_dn_0: 0.4649 (0.4665)  loss_vfl_dn_1: 0.4615 (0.4605)  loss_vfl_dn_2: 0.4528 (0.4570)  time: 1.0422  data: 0.0306  max mem: 9238
Epoch: [14]  [400/809]  eta: 0:07:04  lr: 0.000100  loss: 11.1674 (11.1380)  loss_bbox: 0.1126 (0.1231)  loss_bbox_aux_0: 0.1212 (0.1294)  loss_bbox_aux_1: 0.1164 (0.1246)  loss_bbox_aux_2: 0.1276 (0.1411)  loss_bbox_dn_0: 0.0611 (0.0655)  loss_bbox_dn_1: 0.0480 (0.0545)  loss_bbox_dn_2: 0.0470 (0.0531)  loss_giou: 1.1024 (1.1205)  loss_giou_aux_0: 1.1352 (1.1540)  loss_giou_aux_1: 1.1102 (1.1317)  loss_giou_aux_2: 1.2112 (1.2061)  loss_giou_dn_0: 0.8577 (0.8835)  loss_giou_dn_1: 0.7763 (0.8014)  loss_giou_dn_2: 0.7639 (0.7928)  loss_vfl: 0.5037 (0.4943)  loss_vfl_aux_0: 0.4953 (0.4935)  loss_vfl_aux_1: 0.5066 (0.4966)  loss_vfl_aux_2: 0.4944 (0.4893)  loss_vfl_dn_0: 0.4671 (0.4665)  loss_vfl_dn_1: 0.4578 (0.4600)  loss_vfl_dn_2: 0.4581 (0.4566)  time: 1.0320  data: 0.0303  max mem: 9238
Epoch: [14]  [500/809]  eta: 0:05:19  lr: 0.000100  loss: 11.0780 (11.1345)  loss_bbox: 0.1050 (0.1227)  loss_bbox_aux_0: 0.1143 (0.1289)  loss_bbox_aux_1: 0.1092 (0.1242)  loss_bbox_aux_2: 0.1222 (0.1406)  loss_bbox_dn_0: 0.0646 (0.0656)  loss_bbox_dn_1: 0.0544 (0.0547)  loss_bbox_dn_2: 0.0536 (0.0533)  loss_giou: 1.0999 (1.1206)  loss_giou_aux_0: 1.1313 (1.1539)  loss_giou_aux_1: 1.1158 (1.1322)  loss_giou_aux_2: 1.1927 (1.2052)  loss_giou_dn_0: 0.8954 (0.8833)  loss_giou_dn_1: 0.8239 (0.8015)  loss_giou_dn_2: 0.8215 (0.7929)  loss_vfl: 0.4653 (0.4934)  loss_vfl_aux_0: 0.4552 (0.4934)  loss_vfl_aux_1: 0.4661 (0.4958)  loss_vfl_aux_2: 0.4541 (0.4892)  loss_vfl_dn_0: 0.4592 (0.4664)  loss_vfl_dn_1: 0.4610 (0.4600)  loss_vfl_dn_2: 0.4543 (0.4566)  time: 0.9991  data: 0.0281  max mem: 9238
Epoch: [14]  [600/809]  eta: 0:03:35  lr: 0.000100  loss: 10.9335 (11.0802)  loss_bbox: 0.1095 (0.1203)  loss_bbox_aux_0: 0.1147 (0.1264)  loss_bbox_aux_1: 0.1083 (0.1217)  loss_bbox_aux_2: 0.1319 (0.1381)  loss_bbox_dn_0: 0.0662 (0.0663)  loss_bbox_dn_1: 0.0544 (0.0553)  loss_bbox_dn_2: 0.0529 (0.0539)  loss_giou: 1.0573 (1.1059)  loss_giou_aux_0: 1.0915 (1.1390)  loss_giou_aux_1: 1.0663 (1.1172)  loss_giou_aux_2: 1.1305 (1.1914)  loss_giou_dn_0: 0.8435 (0.8786)  loss_giou_dn_1: 0.7596 (0.7961)  loss_giou_dn_2: 0.7527 (0.7875)  loss_vfl: 0.5108 (0.4995)  loss_vfl_aux_0: 0.5079 (0.4995)  loss_vfl_aux_1: 0.5116 (0.5019)  loss_vfl_aux_2: 0.5211 (0.4957)  loss_vfl_dn_0: 0.4714 (0.4675)  loss_vfl_dn_1: 0.4628 (0.4609)  loss_vfl_dn_2: 0.4594 (0.4575)  time: 1.0264  data: 0.0269  max mem: 9238
Epoch: [14]  [700/809]  eta: 0:01:52  lr: 0.000100  loss: 11.1495 (11.0662)  loss_bbox: 0.1072 (0.1190)  loss_bbox_aux_0: 0.1155 (0.1252)  loss_bbox_aux_1: 0.1090 (0.1205)  loss_bbox_aux_2: 0.1277 (0.1370)  loss_bbox_dn_0: 0.0631 (0.0665)  loss_bbox_dn_1: 0.0514 (0.0555)  loss_bbox_dn_2: 0.0496 (0.0540)  loss_giou: 1.1232 (1.1022)  loss_giou_aux_0: 1.1547 (1.1353)  loss_giou_aux_1: 1.1392 (1.1137)  loss_giou_aux_2: 1.2129 (1.1887)  loss_giou_dn_0: 0.8948 (0.8776)  loss_giou_dn_1: 0.8114 (0.7956)  loss_giou_dn_2: 0.8034 (0.7870)  loss_vfl: 0.5121 (0.5010)  loss_vfl_aux_0: 0.5058 (0.5008)  loss_vfl_aux_1: 0.5163 (0.5032)  loss_vfl_aux_2: 0.4611 (0.4969)  loss_vfl_dn_0: 0.4620 (0.4680)  loss_vfl_dn_1: 0.4601 (0.4609)  loss_vfl_dn_2: 0.4529 (0.4576)  time: 1.0568  data: 0.0333  max mem: 9238
Epoch: [14]  [800/809]  eta: 0:00:09  lr: 0.000100  loss: 10.3920 (11.0359)  loss_bbox: 0.0845 (0.1175)  loss_bbox_aux_0: 0.0880 (0.1237)  loss_bbox_aux_1: 0.0829 (0.1190)  loss_bbox_aux_2: 0.0984 (0.1356)  loss_bbox_dn_0: 0.0554 (0.0665)  loss_bbox_dn_1: 0.0469 (0.0555)  loss_bbox_dn_2: 0.0451 (0.0540)  loss_giou: 0.9598 (1.0966)  loss_giou_aux_0: 0.9827 (1.1294)  loss_giou_aux_1: 0.9693 (1.1077)  loss_giou_aux_2: 1.0511 (1.1828)  loss_giou_dn_0: 0.8216 (0.8756)  loss_giou_dn_1: 0.7347 (0.7939)  loss_giou_dn_2: 0.7191 (0.7852)  loss_vfl: 0.5256 (0.5019)  loss_vfl_aux_0: 0.5213 (0.5018)  loss_vfl_aux_1: 0.5241 (0.5041)  loss_vfl_aux_2: 0.5384 (0.4985)  loss_vfl_dn_0: 0.4635 (0.4682)  loss_vfl_dn_1: 0.4494 (0.4609)  loss_vfl_dn_2: 0.4497 (0.4575)  time: 1.0189  data: 0.0283  max mem: 9238
Epoch: [14]  [808/809]  eta: 0:00:01  lr: 0.000100  loss: 10.7743 (11.0391)  loss_bbox: 0.0987 (0.1176)  loss_bbox_aux_0: 0.1030 (0.1238)  loss_bbox_aux_1: 0.0990 (0.1191)  loss_bbox_aux_2: 0.1132 (0.1356)  loss_bbox_dn_0: 0.0548 (0.0663)  loss_bbox_dn_1: 0.0438 (0.0554)  loss_bbox_dn_2: 0.0425 (0.0539)  loss_giou: 1.1024 (1.0979)  loss_giou_aux_0: 1.1352 (1.1307)  loss_giou_aux_1: 1.1182 (1.1091)  loss_giou_aux_2: 1.1829 (1.1840)  loss_giou_dn_0: 0.8660 (0.8758)  loss_giou_dn_1: 0.7900 (0.7942)  loss_giou_dn_2: 0.7780 (0.7856)  loss_vfl: 0.4661 (0.5012)  loss_vfl_aux_0: 0.4603 (0.5011)  loss_vfl_aux_1: 0.4662 (0.5034)  loss_vfl_aux_2: 0.4682 (0.4977)  loss_vfl_dn_0: 0.4622 (0.4681)  loss_vfl_dn_1: 0.4494 (0.4608)  loss_vfl_dn_2: 0.4480 (0.4575)  time: 0.8769  data: 0.0252  max mem: 9238
Epoch: [14] Total time: 0:13:49 (1.0250 s / it)
Averaged stats: lr: 0.000100  loss: 10.7743 (11.0391)  loss_bbox: 0.0987 (0.1176)  loss_bbox_aux_0: 0.1030 (0.1238)  loss_bbox_aux_1: 0.0990 (0.1191)  loss_bbox_aux_2: 0.1132 (0.1356)  loss_bbox_dn_0: 0.0548 (0.0663)  loss_bbox_dn_1: 0.0438 (0.0554)  loss_bbox_dn_2: 0.0425 (0.0539)  loss_giou: 1.1024 (1.0979)  loss_giou_aux_0: 1.1352 (1.1307)  loss_giou_aux_1: 1.1182 (1.1091)  loss_giou_aux_2: 1.1829 (1.1840)  loss_giou_dn_0: 0.8660 (0.8758)  loss_giou_dn_1: 0.7900 (0.7942)  loss_giou_dn_2: 0.7780 (0.7856)  loss_vfl: 0.4661 (0.5012)  loss_vfl_aux_0: 0.4603 (0.5011)  loss_vfl_aux_1: 0.4662 (0.5034)  loss_vfl_aux_2: 0.4682 (0.4977)  loss_vfl_dn_0: 0.4622 (0.4681)  loss_vfl_dn_1: 0.4494 (0.4608)  loss_vfl_dn_2: 0.4480 (0.4575)
Test:  [ 0/69]  eta: 0:01:57    time: 1.6972  data: 1.1989  max mem: 9238
Test:  [10/69]  eta: 0:00:38    time: 0.6451  data: 0.1250  max mem: 9238
Test:  [20/69]  eta: 0:00:29    time: 0.5393  data: 0.0197  max mem: 9238
Test:  [30/69]  eta: 0:00:23    time: 0.5727  data: 0.0217  max mem: 9238
Test:  [40/69]  eta: 0:00:16    time: 0.5470  data: 0.0223  max mem: 9238
Test:  [50/69]  eta: 0:00:10    time: 0.4677  data: 0.0223  max mem: 9238
Test:  [60/69]  eta: 0:00:04    time: 0.4396  data: 0.0209  max mem: 9238
Test:  [68/69]  eta: 0:00:00    time: 0.4447  data: 0.0200  max mem: 9238
Test: Total time: 0:00:36 (0.5235 s / it)
Averaged stats: 
Accumulating evaluation results...
DONE (t=1.93s).
IoU metric: bbox
 Average Precision  (AP) @[ IoU=0.50:0.95 | area=   all | maxDets=100 ] = 0.158
 Average Precision  (AP) @[ IoU=0.50      | area=   all | maxDets=100 ] = 0.271
 Average Precision  (AP) @[ IoU=0.75      | area=   all | maxDets=100 ] = 0.160
 Average Precision  (AP) @[ IoU=0.50:0.95 | area= small | maxDets=100 ] = 0.092
 Average Precision  (AP) @[ IoU=0.50:0.95 | area=medium | maxDets=100 ] = 0.230
 Average Precision  (AP) @[ IoU=0.50:0.95 | area= large | maxDets=100 ] = 0.322
 Average Recall     (AR) @[ IoU=0.50:0.95 | area=   all | maxDets=  1 ] = 0.081
 Average Recall     (AR) @[ IoU=0.50:0.95 | area=   all | maxDets= 10 ] = 0.225
 Average Recall     (AR) @[ IoU=0.50:0.95 | area=   all | maxDets=100 ] = 0.310
 Average Recall     (AR) @[ IoU=0.50:0.95 | area= small | maxDets=100 ] = 0.215
 Average Recall     (AR) @[ IoU=0.50:0.95 | area=medium | maxDets=100 ] = 0.428
 Average Recall     (AR) @[ IoU=0.50:0.95 | area= large | maxDets=100 ] = 0.537
best_stat:  {'epoch': 14, 'coco_eval_bbox': 0.15798243460353772}
Epoch: [15]  [  0/809]  eta: 1:19:40  lr: 0.000100  loss: 11.1937 (11.1937)  loss_bbox: 0.1174 (0.1174)  loss_bbox_aux_0: 0.1233 (0.1233)  loss_bbox_aux_1: 0.1199 (0.1199)  loss_bbox_aux_2: 0.1367 (0.1367)  loss_bbox_dn_0: 0.0783 (0.0783)  loss_bbox_dn_1: 0.0643 (0.0643)  loss_bbox_dn_2: 0.0635 (0.0635)  loss_giou: 1.0865 (1.0865)  loss_giou_aux_0: 1.1235 (1.1235)  loss_giou_aux_1: 1.0913 (1.0913)  loss_giou_aux_2: 1.1632 (1.1632)  loss_giou_dn_0: 0.8922 (0.8922)  loss_giou_dn_1: 0.8225 (0.8225)  loss_giou_dn_2: 0.8124 (0.8124)  loss_vfl: 0.5508 (0.5508)  loss_vfl_aux_0: 0.5563 (0.5563)  loss_vfl_aux_1: 0.5457 (0.5457)  loss_vfl_aux_2: 0.5273 (0.5273)  loss_vfl_dn_0: 0.4473 (0.4473)  loss_vfl_dn_1: 0.4365 (0.4365)  loss_vfl_dn_2: 0.4346 (0.4346)  time: 5.9094  data: 4.1184  max mem: 9238
Epoch: [15]  [100/809]  eta: 0:12:32  lr: 0.000100  loss: 10.9509 (10.9931)  loss_bbox: 0.1091 (0.1127)  loss_bbox_aux_0: 0.1088 (0.1185)  loss_bbox_aux_1: 0.1101 (0.1141)  loss_bbox_aux_2: 0.1227 (0.1311)  loss_bbox_dn_0: 0.0644 (0.0672)  loss_bbox_dn_1: 0.0531 (0.0559)  loss_bbox_dn_2: 0.0532 (0.0545)  loss_giou: 1.0828 (1.0896)  loss_giou_aux_0: 1.1136 (1.1192)  loss_giou_aux_1: 1.0784 (1.0996)  loss_giou_aux_2: 1.1335 (1.1765)  loss_giou_dn_0: 0.8726 (0.8744)  loss_giou_dn_1: 0.7891 (0.7912)  loss_giou_dn_2: 0.7819 (0.7824)  loss_vfl: 0.4997 (0.5032)  loss_vfl_aux_0: 0.5130 (0.5059)  loss_vfl_aux_1: 0.5128 (0.5064)  loss_vfl_aux_2: 0.5209 (0.4998)  loss_vfl_dn_0: 0.4686 (0.4692)  loss_vfl_dn_1: 0.4625 (0.4628)  loss_vfl_dn_2: 0.4560 (0.4590)  time: 0.9693  data: 0.0261  max mem: 9238
Epoch: [15]  [200/809]  eta: 0:10:33  lr: 0.000100  loss: 10.7202 (10.9427)  loss_bbox: 0.1002 (0.1121)  loss_bbox_aux_0: 0.1056 (0.1181)  loss_bbox_aux_1: 0.1012 (0.1137)  loss_bbox_aux_2: 0.1199 (0.1307)  loss_bbox_dn_0: 0.0606 (0.0668)  loss_bbox_dn_1: 0.0503 (0.0558)  loss_bbox_dn_2: 0.0491 (0.0544)  loss_giou: 1.0646 (1.0822)  loss_giou_aux_0: 1.0700 (1.1123)  loss_giou_aux_1: 1.0701 (1.0929)  loss_giou_aux_2: 1.1084 (1.1677)  loss_giou_dn_0: 0.8629 (0.8686)  loss_giou_dn_1: 0.7950 (0.7878)  loss_giou_dn_2: 0.7872 (0.7792)  loss_vfl: 0.4675 (0.5036)  loss_vfl_aux_0: 0.4679 (0.5048)  loss_vfl_aux_1: 0.4571 (0.5061)  loss_vfl_aux_2: 0.4676 (0.5005)  loss_vfl_dn_0: 0.4683 (0.4685)  loss_vfl_dn_1: 0.4640 (0.4604)  loss_vfl_dn_2: 0.4561 (0.4566)  time: 0.9999  data: 0.0316  max mem: 9238
Epoch: [15]  [300/809]  eta: 0:08:46  lr: 0.000100  loss: 10.8680 (10.9487)  loss_bbox: 0.1045 (0.1118)  loss_bbox_aux_0: 0.1117 (0.1178)  loss_bbox_aux_1: 0.1081 (0.1134)  loss_bbox_aux_2: 0.1247 (0.1304)  loss_bbox_dn_0: 0.0663 (0.0658)  loss_bbox_dn_1: 0.0535 (0.0552)  loss_bbox_dn_2: 0.0509 (0.0538)  loss_giou: 1.0910 (1.0843)  loss_giou_aux_0: 1.1109 (1.1147)  loss_giou_aux_1: 1.0887 (1.0945)  loss_giou_aux_2: 1.1664 (1.1697)  loss_giou_dn_0: 0.8772 (0.8685)  loss_giou_dn_1: 0.7804 (0.7884)  loss_giou_dn_2: 0.7745 (0.7800)  loss_vfl: 0.4791 (0.5041)  loss_vfl_aux_0: 0.4731 (0.5050)  loss_vfl_aux_1: 0.4929 (0.5069)  loss_vfl_aux_2: 0.4836 (0.5007)  loss_vfl_dn_0: 0.4643 (0.4681)  loss_vfl_dn_1: 0.4555 (0.4598)  loss_vfl_dn_2: 0.4544 (0.4560)  time: 0.9929  data: 0.0289  max mem: 9238
Epoch: [15]  [400/809]  eta: 0:07:00  lr: 0.000100  loss: 10.9475 (10.9626)  loss_bbox: 0.1171 (0.1135)  loss_bbox_aux_0: 0.1185 (0.1193)  loss_bbox_aux_1: 0.1171 (0.1150)  loss_bbox_aux_2: 0.1303 (0.1318)  loss_bbox_dn_0: 0.0594 (0.0653)  loss_bbox_dn_1: 0.0516 (0.0548)  loss_bbox_dn_2: 0.0507 (0.0534)  loss_giou: 1.1185 (1.0891)  loss_giou_aux_0: 1.1503 (1.1193)  loss_giou_aux_1: 1.1321 (1.0990)  loss_giou_aux_2: 1.1856 (1.1741)  loss_giou_dn_0: 0.8643 (0.8708)  loss_giou_dn_1: 0.7761 (0.7906)  loss_giou_dn_2: 0.7700 (0.7822)  loss_vfl: 0.4795 (0.5001)  loss_vfl_aux_0: 0.4756 (0.5013)  loss_vfl_aux_1: 0.4784 (0.5031)  loss_vfl_aux_2: 0.4783 (0.4972)  loss_vfl_dn_0: 0.4688 (0.4675)  loss_vfl_dn_1: 0.4547 (0.4594)  loss_vfl_dn_2: 0.4518 (0.4558)  time: 0.9828  data: 0.0257  max mem: 9238
Epoch: [15]  [500/809]  eta: 0:05:17  lr: 0.000100  loss: 10.9675 (10.9512)  loss_bbox: 0.1046 (0.1137)  loss_bbox_aux_0: 0.1091 (0.1196)  loss_bbox_aux_1: 0.1040 (0.1152)  loss_bbox_aux_2: 0.1233 (0.1321)  loss_bbox_dn_0: 0.0625 (0.0655)  loss_bbox_dn_1: 0.0518 (0.0548)  loss_bbox_dn_2: 0.0511 (0.0534)  loss_giou: 1.0716 (1.0864)  loss_giou_aux_0: 1.1207 (1.1168)  loss_giou_aux_1: 1.1007 (1.0964)  loss_giou_aux_2: 1.1493 (1.1726)  loss_giou_dn_0: 0.8737 (0.8693)  loss_giou_dn_1: 0.7894 (0.7889)  loss_giou_dn_2: 0.7805 (0.7804)  loss_vfl: 0.4859 (0.5004)  loss_vfl_aux_0: 0.4942 (0.5020)  loss_vfl_aux_1: 0.4915 (0.5037)  loss_vfl_aux_2: 0.4852 (0.4978)  loss_vfl_dn_0: 0.4665 (0.4676)  loss_vfl_dn_1: 0.4634 (0.4592)  loss_vfl_dn_2: 0.4547 (0.4555)  time: 1.0306  data: 0.0283  max mem: 9238
Epoch: [15]  [600/809]  eta: 0:03:34  lr: 0.000100  loss: 10.7626 (10.9611)  loss_bbox: 0.0977 (0.1136)  loss_bbox_aux_0: 0.1053 (0.1194)  loss_bbox_aux_1: 0.1002 (0.1151)  loss_bbox_aux_2: 0.1142 (0.1315)  loss_bbox_dn_0: 0.0636 (0.0652)  loss_bbox_dn_1: 0.0499 (0.0547)  loss_bbox_dn_2: 0.0489 (0.0533)  loss_giou: 1.0694 (1.0893)  loss_giou_aux_0: 1.1089 (1.1195)  loss_giou_aux_1: 1.0864 (1.0992)  loss_giou_aux_2: 1.1364 (1.1745)  loss_giou_dn_0: 0.8910 (0.8712)  loss_giou_dn_1: 0.7777 (0.7911)  loss_giou_dn_2: 0.7631 (0.7825)  loss_vfl: 0.4626 (0.4989)  loss_vfl_aux_0: 0.4716 (0.5005)  loss_vfl_aux_1: 0.4716 (0.5022)  loss_vfl_aux_2: 0.5016 (0.4970)  loss_vfl_dn_0: 0.4713 (0.4675)  loss_vfl_dn_1: 0.4591 (0.4592)  loss_vfl_dn_2: 0.4530 (0.4557)  time: 1.0267  data: 0.0313  max mem: 9238
Epoch: [15]  [700/809]  eta: 0:01:51  lr: 0.000100  loss: 10.9067 (10.9770)  loss_bbox: 0.1056 (0.1141)  loss_bbox_aux_0: 0.1095 (0.1200)  loss_bbox_aux_1: 0.1078 (0.1156)  loss_bbox_aux_2: 0.1229 (0.1321)  loss_bbox_dn_0: 0.0636 (0.0653)  loss_bbox_dn_1: 0.0541 (0.0548)  loss_bbox_dn_2: 0.0535 (0.0534)  loss_giou: 1.1101 (1.0916)  loss_giou_aux_0: 1.1304 (1.1220)  loss_giou_aux_1: 1.1109 (1.1015)  loss_giou_aux_2: 1.1630 (1.1770)  loss_giou_dn_0: 0.8589 (0.8715)  loss_giou_dn_1: 0.7922 (0.7918)  loss_giou_dn_2: 0.7843 (0.7832)  loss_vfl: 0.4969 (0.4993)  loss_vfl_aux_0: 0.4839 (0.5007)  loss_vfl_aux_1: 0.5006 (0.5026)  loss_vfl_aux_2: 0.4842 (0.4968)  loss_vfl_dn_0: 0.4698 (0.4679)  loss_vfl_dn_1: 0.4677 (0.4596)  loss_vfl_dn_2: 0.4656 (0.4562)  time: 1.0776  data: 0.0439  max mem: 9238
Epoch: [15]  [800/809]  eta: 0:00:09  lr: 0.000100  loss: 11.1207 (10.9933)  loss_bbox: 0.1185 (0.1152)  loss_bbox_aux_0: 0.1247 (0.1211)  loss_bbox_aux_1: 0.1211 (0.1167)  loss_bbox_aux_2: 0.1361 (0.1334)  loss_bbox_dn_0: 0.0578 (0.0653)  loss_bbox_dn_1: 0.0510 (0.0547)  loss_bbox_dn_2: 0.0496 (0.0533)  loss_giou: 1.1001 (1.0946)  loss_giou_aux_0: 1.1436 (1.1251)  loss_giou_aux_1: 1.1133 (1.1044)  loss_giou_aux_2: 1.1684 (1.1802)  loss_giou_dn_0: 0.8852 (0.8725)  loss_giou_dn_1: 0.7940 (0.7918)  loss_giou_dn_2: 0.7833 (0.7832)  loss_vfl: 0.4404 (0.4991)  loss_vfl_aux_0: 0.4448 (0.5006)  loss_vfl_aux_1: 0.4374 (0.5023)  loss_vfl_aux_2: 0.4548 (0.4967)  loss_vfl_dn_0: 0.4550 (0.4676)  loss_vfl_dn_1: 0.4543 (0.4594)  loss_vfl_dn_2: 0.4517 (0.4560)  time: 0.9675  data: 0.0291  max mem: 9238
Epoch: [15]  [808/809]  eta: 0:00:01  lr: 0.000100  loss: 10.9080 (10.9895)  loss_bbox: 0.1162 (0.1151)  loss_bbox_aux_0: 0.1229 (0.1209)  loss_bbox_aux_1: 0.1173 (0.1166)  loss_bbox_aux_2: 0.1343 (0.1333)  loss_bbox_dn_0: 0.0613 (0.0653)  loss_bbox_dn_1: 0.0510 (0.0547)  loss_bbox_dn_2: 0.0502 (0.0533)  loss_giou: 1.1001 (1.0937)  loss_giou_aux_0: 1.1436 (1.1243)  loss_giou_aux_1: 1.1133 (1.1036)  loss_giou_aux_2: 1.1937 (1.1793)  loss_giou_dn_0: 0.8808 (0.8720)  loss_giou_dn_1: 0.7821 (0.7913)  loss_giou_dn_2: 0.7728 (0.7828)  loss_vfl: 0.4538 (0.4995)  loss_vfl_aux_0: 0.4510 (0.5009)  loss_vfl_aux_1: 0.4600 (0.5027)  loss_vfl_aux_2: 0.4673 (0.4970)  loss_vfl_dn_0: 0.4630 (0.4677)  loss_vfl_dn_1: 0.4583 (0.4594)  loss_vfl_dn_2: 0.4550 (0.4560)  time: 0.8259  data: 0.0252  max mem: 9238
Epoch: [15] Total time: 0:13:43 (1.0181 s / it)
Averaged stats: lr: 0.000100  loss: 10.9080 (10.9895)  loss_bbox: 0.1162 (0.1151)  loss_bbox_aux_0: 0.1229 (0.1209)  loss_bbox_aux_1: 0.1173 (0.1166)  loss_bbox_aux_2: 0.1343 (0.1333)  loss_bbox_dn_0: 0.0613 (0.0653)  loss_bbox_dn_1: 0.0510 (0.0547)  loss_bbox_dn_2: 0.0502 (0.0533)  loss_giou: 1.1001 (1.0937)  loss_giou_aux_0: 1.1436 (1.1243)  loss_giou_aux_1: 1.1133 (1.1036)  loss_giou_aux_2: 1.1937 (1.1793)  loss_giou_dn_0: 0.8808 (0.8720)  loss_giou_dn_1: 0.7821 (0.7913)  loss_giou_dn_2: 0.7728 (0.7828)  loss_vfl: 0.4538 (0.4995)  loss_vfl_aux_0: 0.4510 (0.5009)  loss_vfl_aux_1: 0.4600 (0.5027)  loss_vfl_aux_2: 0.4673 (0.4970)  loss_vfl_dn_0: 0.4630 (0.4677)  loss_vfl_dn_1: 0.4583 (0.4594)  loss_vfl_dn_2: 0.4550 (0.4560)
Test:  [ 0/69]  eta: 0:01:22    time: 1.1927  data: 0.7323  max mem: 9238
Test:  [10/69]  eta: 0:00:36    time: 0.6250  data: 0.0868  max mem: 9238
Test:  [20/69]  eta: 0:00:29    time: 0.5674  data: 0.0222  max mem: 9238
Test:  [30/69]  eta: 0:00:23    time: 0.5853  data: 0.0218  max mem: 9238
Test:  [40/69]  eta: 0:00:16    time: 0.5328  data: 0.0213  max mem: 9238
Test:  [50/69]  eta: 0:00:10    time: 0.4528  data: 0.0213  max mem: 9238
Test:  [60/69]  eta: 0:00:04    time: 0.4316  data: 0.0215  max mem: 9238
Test:  [68/69]  eta: 0:00:00    time: 0.4397  data: 0.0203  max mem: 9238
Test: Total time: 0:00:35 (0.5170 s / it)
Averaged stats: 
Accumulating evaluation results...
DONE (t=1.92s).
IoU metric: bbox
 Average Precision  (AP) @[ IoU=0.50:0.95 | area=   all | maxDets=100 ] = 0.160
 Average Precision  (AP) @[ IoU=0.50      | area=   all | maxDets=100 ] = 0.275
 Average Precision  (AP) @[ IoU=0.75      | area=   all | maxDets=100 ] = 0.161
 Average Precision  (AP) @[ IoU=0.50:0.95 | area= small | maxDets=100 ] = 0.094
 Average Precision  (AP) @[ IoU=0.50:0.95 | area=medium | maxDets=100 ] = 0.234
 Average Precision  (AP) @[ IoU=0.50:0.95 | area= large | maxDets=100 ] = 0.328
 Average Recall     (AR) @[ IoU=0.50:0.95 | area=   all | maxDets=  1 ] = 0.082
 Average Recall     (AR) @[ IoU=0.50:0.95 | area=   all | maxDets= 10 ] = 0.225
 Average Recall     (AR) @[ IoU=0.50:0.95 | area=   all | maxDets=100 ] = 0.310
 Average Recall     (AR) @[ IoU=0.50:0.95 | area= small | maxDets=100 ] = 0.216
 Average Recall     (AR) @[ IoU=0.50:0.95 | area=medium | maxDets=100 ] = 0.429
 Average Recall     (AR) @[ IoU=0.50:0.95 | area= large | maxDets=100 ] = 0.514
best_stat:  {'epoch': 15, 'coco_eval_bbox': 0.160437608454237}
Epoch: [16]  [  0/809]  eta: 1:21:10  lr: 0.000100  loss: 10.7575 (10.7575)  loss_bbox: 0.0991 (0.0991)  loss_bbox_aux_0: 0.1030 (0.1030)  loss_bbox_aux_1: 0.1003 (0.1003)  loss_bbox_aux_2: 0.1065 (0.1065)  loss_bbox_dn_0: 0.0619 (0.0619)  loss_bbox_dn_1: 0.0573 (0.0573)  loss_bbox_dn_2: 0.0557 (0.0557)  loss_giou: 1.0191 (1.0191)  loss_giou_aux_0: 1.0420 (1.0420)  loss_giou_aux_1: 1.0375 (1.0375)  loss_giou_aux_2: 1.0995 (1.0995)  loss_giou_dn_0: 0.8369 (0.8369)  loss_giou_dn_1: 0.7861 (0.7861)  loss_giou_dn_2: 0.7750 (0.7750)  loss_vfl: 0.5447 (0.5447)  loss_vfl_aux_0: 0.5523 (0.5523)  loss_vfl_aux_1: 0.5504 (0.5504)  loss_vfl_aux_2: 0.5537 (0.5537)  loss_vfl_dn_0: 0.4600 (0.4600)  loss_vfl_dn_1: 0.4610 (0.4610)  loss_vfl_dn_2: 0.4552 (0.4552)  time: 6.0210  data: 2.8366  max mem: 9238
Epoch: [16]  [100/809]  eta: 0:12:38  lr: 0.000100  loss: 10.7759 (10.9837)  loss_bbox: 0.0990 (0.1272)  loss_bbox_aux_0: 0.1041 (0.1341)  loss_bbox_aux_1: 0.1023 (0.1286)  loss_bbox_aux_2: 0.1159 (0.1476)  loss_bbox_dn_0: 0.0597 (0.0648)  loss_bbox_dn_1: 0.0477 (0.0539)  loss_bbox_dn_2: 0.0469 (0.0523)  loss_giou: 1.0623 (1.0875)  loss_giou_aux_0: 1.0882 (1.1218)  loss_giou_aux_1: 1.0683 (1.0982)  loss_giou_aux_2: 1.1362 (1.1784)  loss_giou_dn_0: 0.8385 (0.8612)  loss_giou_dn_1: 0.7643 (0.7793)  loss_giou_dn_2: 0.7530 (0.7697)  loss_vfl: 0.4983 (0.4981)  loss_vfl_aux_0: 0.5060 (0.4987)  loss_vfl_aux_1: 0.4991 (0.5009)  loss_vfl_aux_2: 0.5013 (0.4955)  loss_vfl_dn_0: 0.4686 (0.4688)  loss_vfl_dn_1: 0.4607 (0.4599)  loss_vfl_dn_2: 0.4576 (0.4571)  time: 1.0434  data: 0.0270  max mem: 9238
Epoch: [16]  [200/809]  eta: 0:10:30  lr: 0.000100  loss: 11.1557 (10.9676)  loss_bbox: 0.1029 (0.1207)  loss_bbox_aux_0: 0.1073 (0.1269)  loss_bbox_aux_1: 0.1060 (0.1223)  loss_bbox_aux_2: 0.1232 (0.1399)  loss_bbox_dn_0: 0.0671 (0.0648)  loss_bbox_dn_1: 0.0550 (0.0542)  loss_bbox_dn_2: 0.0538 (0.0527)  loss_giou: 1.0443 (1.0847)  loss_giou_aux_0: 1.0754 (1.1165)  loss_giou_aux_1: 1.0604 (1.0961)  loss_giou_aux_2: 1.1185 (1.1753)  loss_giou_dn_0: 0.8531 (0.8621)  loss_giou_dn_1: 0.7735 (0.7824)  loss_giou_dn_2: 0.7680 (0.7737)  loss_vfl: 0.4882 (0.5021)  loss_vfl_aux_0: 0.4984 (0.5024)  loss_vfl_aux_1: 0.4918 (0.5048)  loss_vfl_aux_2: 0.5068 (0.4987)  loss_vfl_dn_0: 0.4671 (0.4695)  loss_vfl_dn_1: 0.4542 (0.4603)  loss_vfl_dn_2: 0.4514 (0.4575)  time: 0.9786  data: 0.0281  max mem: 9238
Epoch: [16]  [300/809]  eta: 0:08:45  lr: 0.000100  loss: 10.7190 (10.9265)  loss_bbox: 0.0926 (0.1195)  loss_bbox_aux_0: 0.1023 (0.1257)  loss_bbox_aux_1: 0.0931 (0.1212)  loss_bbox_aux_2: 0.1134 (0.1384)  loss_bbox_dn_0: 0.0557 (0.0650)  loss_bbox_dn_1: 0.0478 (0.0543)  loss_bbox_dn_2: 0.0467 (0.0529)  loss_giou: 1.0414 (1.0763)  loss_giou_aux_0: 1.0804 (1.1078)  loss_giou_aux_1: 1.0526 (1.0870)  loss_giou_aux_2: 1.1526 (1.1658)  loss_giou_dn_0: 0.8595 (0.8574)  loss_giou_dn_1: 0.7869 (0.7784)  loss_giou_dn_2: 0.7757 (0.7698)  loss_vfl: 0.4837 (0.5041)  loss_vfl_aux_0: 0.4919 (0.5052)  loss_vfl_aux_1: 0.4864 (0.5073)  loss_vfl_aux_2: 0.4833 (0.5023)  loss_vfl_dn_0: 0.4637 (0.4706)  loss_vfl_dn_1: 0.4519 (0.4604)  loss_vfl_dn_2: 0.4459 (0.4572)  time: 0.9852  data: 0.0296  max mem: 9238
Epoch: [16]  [400/809]  eta: 0:07:00  lr: 0.000100  loss: 10.8002 (10.9476)  loss_bbox: 0.1029 (0.1176)  loss_bbox_aux_0: 0.1122 (0.1237)  loss_bbox_aux_1: 0.1061 (0.1192)  loss_bbox_aux_2: 0.1226 (0.1364)  loss_bbox_dn_0: 0.0606 (0.0644)  loss_bbox_dn_1: 0.0528 (0.0538)  loss_bbox_dn_2: 0.0511 (0.0524)  loss_giou: 1.0283 (1.0842)  loss_giou_aux_0: 1.0506 (1.1159)  loss_giou_aux_1: 1.0422 (1.0944)  loss_giou_aux_2: 1.1173 (1.1739)  loss_giou_dn_0: 0.8640 (0.8608)  loss_giou_dn_1: 0.7874 (0.7824)  loss_giou_dn_2: 0.7802 (0.7739)  loss_vfl: 0.5068 (0.5022)  loss_vfl_aux_0: 0.5083 (0.5028)  loss_vfl_aux_1: 0.5088 (0.5048)  loss_vfl_aux_2: 0.4996 (0.4984)  loss_vfl_dn_0: 0.4662 (0.4699)  loss_vfl_dn_1: 0.4583 (0.4598)  loss_vfl_dn_2: 0.4563 (0.4565)  time: 1.0446  data: 0.0301  max mem: 9238
Epoch: [16]  [500/809]  eta: 0:05:16  lr: 0.000100  loss: 10.8424 (10.9734)  loss_bbox: 0.1012 (0.1184)  loss_bbox_aux_0: 0.1064 (0.1246)  loss_bbox_aux_1: 0.0996 (0.1200)  loss_bbox_aux_2: 0.1196 (0.1373)  loss_bbox_dn_0: 0.0547 (0.0643)  loss_bbox_dn_1: 0.0452 (0.0539)  loss_bbox_dn_2: 0.0443 (0.0525)  loss_giou: 1.1032 (1.0912)  loss_giou_aux_0: 1.1416 (1.1228)  loss_giou_aux_1: 1.1188 (1.1015)  loss_giou_aux_2: 1.1823 (1.1792)  loss_giou_dn_0: 0.8684 (0.8631)  loss_giou_dn_1: 0.7900 (0.7850)  loss_giou_dn_2: 0.7852 (0.7764)  loss_vfl: 0.4880 (0.4995)  loss_vfl_aux_0: 0.4903 (0.5001)  loss_vfl_aux_1: 0.4959 (0.5024)  loss_vfl_aux_2: 0.4787 (0.4961)  loss_vfl_dn_0: 0.4595 (0.4693)  loss_vfl_dn_1: 0.4453 (0.4594)  loss_vfl_dn_2: 0.4485 (0.4564)  time: 1.0400  data: 0.0305  max mem: 9238
Epoch: [16]  [600/809]  eta: 0:03:34  lr: 0.000100  loss: 10.9899 (10.9918)  loss_bbox: 0.1001 (0.1184)  loss_bbox_aux_0: 0.1063 (0.1245)  loss_bbox_aux_1: 0.1026 (0.1200)  loss_bbox_aux_2: 0.1138 (0.1372)  loss_bbox_dn_0: 0.0619 (0.0641)  loss_bbox_dn_1: 0.0505 (0.0536)  loss_bbox_dn_2: 0.0496 (0.0523)  loss_giou: 1.0793 (1.0961)  loss_giou_aux_0: 1.1171 (1.1271)  loss_giou_aux_1: 1.0992 (1.1062)  loss_giou_aux_2: 1.1624 (1.1839)  loss_giou_dn_0: 0.8647 (0.8658)  loss_giou_dn_1: 0.7897 (0.7871)  loss_giou_dn_2: 0.7873 (0.7787)  loss_vfl: 0.5091 (0.4980)  loss_vfl_aux_0: 0.5107 (0.4988)  loss_vfl_aux_1: 0.5071 (0.5010)  loss_vfl_aux_2: 0.5013 (0.4944)  loss_vfl_dn_0: 0.4787 (0.4690)  loss_vfl_dn_1: 0.4655 (0.4594)  loss_vfl_dn_2: 0.4607 (0.4563)  time: 1.0258  data: 0.0298  max mem: 9238
Epoch: [16]  [700/809]  eta: 0:01:51  lr: 0.000100  loss: 11.0369 (10.9929)  loss_bbox: 0.1090 (0.1184)  loss_bbox_aux_0: 0.1136 (0.1243)  loss_bbox_aux_1: 0.1098 (0.1200)  loss_bbox_aux_2: 0.1234 (0.1370)  loss_bbox_dn_0: 0.0676 (0.0642)  loss_bbox_dn_1: 0.0571 (0.0538)  loss_bbox_dn_2: 0.0573 (0.0524)  loss_giou: 1.0706 (1.0957)  loss_giou_aux_0: 1.0930 (1.1265)  loss_giou_aux_1: 1.0866 (1.1059)  loss_giou_aux_2: 1.1580 (1.1831)  loss_giou_dn_0: 0.8588 (0.8671)  loss_giou_dn_1: 0.7806 (0.7884)  loss_giou_dn_2: 0.7782 (0.7800)  loss_vfl: 0.5047 (0.4978)  loss_vfl_aux_0: 0.4888 (0.4990)  loss_vfl_aux_1: 0.5026 (0.5009)  loss_vfl_aux_2: 0.4791 (0.4943)  loss_vfl_dn_0: 0.4732 (0.4686)  loss_vfl_dn_1: 0.4603 (0.4592)  loss_vfl_dn_2: 0.4585 (0.4561)  time: 1.0322  data: 0.0331  max mem: 9238
Epoch: [16]  [800/809]  eta: 0:00:09  lr: 0.000100  loss: 10.9785 (10.9839)  loss_bbox: 0.0973 (0.1178)  loss_bbox_aux_0: 0.1028 (0.1237)  loss_bbox_aux_1: 0.0986 (0.1194)  loss_bbox_aux_2: 0.1211 (0.1365)  loss_bbox_dn_0: 0.0628 (0.0643)  loss_bbox_dn_1: 0.0517 (0.0539)  loss_bbox_dn_2: 0.0506 (0.0526)  loss_giou: 1.0704 (1.0938)  loss_giou_aux_0: 1.0889 (1.1249)  loss_giou_aux_1: 1.0716 (1.1041)  loss_giou_aux_2: 1.1105 (1.1815)  loss_giou_dn_0: 0.8662 (0.8659)  loss_giou_dn_1: 0.8013 (0.7875)  loss_giou_dn_2: 0.7945 (0.7792)  loss_vfl: 0.4905 (0.4985)  loss_vfl_aux_0: 0.4833 (0.4995)  loss_vfl_aux_1: 0.4944 (0.5016)  loss_vfl_aux_2: 0.4702 (0.4947)  loss_vfl_dn_0: 0.4722 (0.4688)  loss_vfl_dn_1: 0.4638 (0.4594)  loss_vfl_dn_2: 0.4610 (0.4563)  time: 1.0175  data: 0.0307  max mem: 9238
Epoch: [16]  [808/809]  eta: 0:00:01  lr: 0.000100  loss: 10.5084 (10.9811)  loss_bbox: 0.0922 (0.1176)  loss_bbox_aux_0: 0.0975 (0.1235)  loss_bbox_aux_1: 0.0918 (0.1192)  loss_bbox_aux_2: 0.1145 (0.1363)  loss_bbox_dn_0: 0.0648 (0.0644)  loss_bbox_dn_1: 0.0552 (0.0540)  loss_bbox_dn_2: 0.0548 (0.0526)  loss_giou: 1.0375 (1.0929)  loss_giou_aux_0: 1.0609 (1.1240)  loss_giou_aux_1: 1.0420 (1.1032)  loss_giou_aux_2: 1.0744 (1.1807)  loss_giou_dn_0: 0.8530 (0.8657)  loss_giou_dn_1: 0.7888 (0.7874)  loss_giou_dn_2: 0.7779 (0.7790)  loss_vfl: 0.5198 (0.4989)  loss_vfl_aux_0: 0.5147 (0.4999)  loss_vfl_aux_1: 0.5197 (0.5021)  loss_vfl_aux_2: 0.5273 (0.4950)  loss_vfl_dn_0: 0.4722 (0.4689)  loss_vfl_dn_1: 0.4539 (0.4594)  loss_vfl_dn_2: 0.4531 (0.4563)  time: 0.8737  data: 0.0262  max mem: 9238
Epoch: [16] Total time: 0:13:43 (1.0184 s / it)
Averaged stats: lr: 0.000100  loss: 10.5084 (10.9811)  loss_bbox: 0.0922 (0.1176)  loss_bbox_aux_0: 0.0975 (0.1235)  loss_bbox_aux_1: 0.0918 (0.1192)  loss_bbox_aux_2: 0.1145 (0.1363)  loss_bbox_dn_0: 0.0648 (0.0644)  loss_bbox_dn_1: 0.0552 (0.0540)  loss_bbox_dn_2: 0.0548 (0.0526)  loss_giou: 1.0375 (1.0929)  loss_giou_aux_0: 1.0609 (1.1240)  loss_giou_aux_1: 1.0420 (1.1032)  loss_giou_aux_2: 1.0744 (1.1807)  loss_giou_dn_0: 0.8530 (0.8657)  loss_giou_dn_1: 0.7888 (0.7874)  loss_giou_dn_2: 0.7779 (0.7790)  loss_vfl: 0.5198 (0.4989)  loss_vfl_aux_0: 0.5147 (0.4999)  loss_vfl_aux_1: 0.5197 (0.5021)  loss_vfl_aux_2: 0.5273 (0.4950)  loss_vfl_dn_0: 0.4722 (0.4689)  loss_vfl_dn_1: 0.4539 (0.4594)  loss_vfl_dn_2: 0.4531 (0.4563)
Test:  [ 0/69]  eta: 0:01:40    time: 1.4521  data: 0.8385  max mem: 9238
Test:  [10/69]  eta: 0:00:35    time: 0.6073  data: 0.0948  max mem: 9238
Test:  [20/69]  eta: 0:00:28    time: 0.5278  data: 0.0200  max mem: 9238
Test:  [30/69]  eta: 0:00:21    time: 0.5181  data: 0.0204  max mem: 9238
Test:  [40/69]  eta: 0:00:16    time: 0.5369  data: 0.0214  max mem: 9238
Test:  [50/69]  eta: 0:00:10    time: 0.5232  data: 0.0216  max mem: 9238
Test:  [60/69]  eta: 0:00:04    time: 0.4624  data: 0.0207  max mem: 9238
Test:  [68/69]  eta: 0:00:00    time: 0.4640  data: 0.0194  max mem: 9238
Test: Total time: 0:00:35 (0.5213 s / it)
Averaged stats: 
Accumulating evaluation results...
DONE (t=1.87s).
IoU metric: bbox
 Average Precision  (AP) @[ IoU=0.50:0.95 | area=   all | maxDets=100 ] = 0.163
 Average Precision  (AP) @[ IoU=0.50      | area=   all | maxDets=100 ] = 0.280
 Average Precision  (AP) @[ IoU=0.75      | area=   all | maxDets=100 ] = 0.164
 Average Precision  (AP) @[ IoU=0.50:0.95 | area= small | maxDets=100 ] = 0.095
 Average Precision  (AP) @[ IoU=0.50:0.95 | area=medium | maxDets=100 ] = 0.239
 Average Precision  (AP) @[ IoU=0.50:0.95 | area= large | maxDets=100 ] = 0.337
 Average Recall     (AR) @[ IoU=0.50:0.95 | area=   all | maxDets=  1 ] = 0.083
 Average Recall     (AR) @[ IoU=0.50:0.95 | area=   all | maxDets= 10 ] = 0.227
 Average Recall     (AR) @[ IoU=0.50:0.95 | area=   all | maxDets=100 ] = 0.313
 Average Recall     (AR) @[ IoU=0.50:0.95 | area= small | maxDets=100 ] = 0.216
 Average Recall     (AR) @[ IoU=0.50:0.95 | area=medium | maxDets=100 ] = 0.433
 Average Recall     (AR) @[ IoU=0.50:0.95 | area= large | maxDets=100 ] = 0.525
best_stat:  {'epoch': 16, 'coco_eval_bbox': 0.16320728684321253}
Epoch: [17]  [  0/809]  eta: 1:18:28  lr: 0.000100  loss: 9.7480 (9.7480)  loss_bbox: 0.0578 (0.0578)  loss_bbox_aux_0: 0.0640 (0.0640)  loss_bbox_aux_1: 0.0582 (0.0582)  loss_bbox_aux_2: 0.0826 (0.0826)  loss_bbox_dn_0: 0.0615 (0.0615)  loss_bbox_dn_1: 0.0469 (0.0469)  loss_bbox_dn_2: 0.0445 (0.0445)  loss_giou: 0.8685 (0.8685)  loss_giou_aux_0: 0.9006 (0.9006)  loss_giou_aux_1: 0.8717 (0.8717)  loss_giou_aux_2: 0.9709 (0.9709)  loss_giou_dn_0: 0.8172 (0.8172)  loss_giou_dn_1: 0.7365 (0.7365)  loss_giou_dn_2: 0.7298 (0.7298)  loss_vfl: 0.5052 (0.5052)  loss_vfl_aux_0: 0.5087 (0.5087)  loss_vfl_aux_1: 0.5119 (0.5119)  loss_vfl_aux_2: 0.5297 (0.5297)  loss_vfl_dn_0: 0.4731 (0.4731)  loss_vfl_dn_1: 0.4560 (0.4560)  loss_vfl_dn_2: 0.4527 (0.4527)  time: 5.8201  data: 3.5215  max mem: 9238
Epoch: [17]  [100/809]  eta: 0:12:26  lr: 0.000100  loss: 10.3779 (10.9246)  loss_bbox: 0.0935 (0.1195)  loss_bbox_aux_0: 0.0993 (0.1245)  loss_bbox_aux_1: 0.0951 (0.1212)  loss_bbox_aux_2: 0.1159 (0.1388)  loss_bbox_dn_0: 0.0673 (0.0642)  loss_bbox_dn_1: 0.0574 (0.0536)  loss_bbox_dn_2: 0.0552 (0.0521)  loss_giou: 0.8947 (1.0907)  loss_giou_aux_0: 0.9154 (1.1213)  loss_giou_aux_1: 0.8993 (1.1009)  loss_giou_aux_2: 0.9984 (1.1812)  loss_giou_dn_0: 0.8089 (0.8650)  loss_giou_dn_1: 0.7426 (0.7854)  loss_giou_dn_2: 0.7371 (0.7774)  loss_vfl: 0.5579 (0.4864)  loss_vfl_aux_0: 0.5623 (0.4908)  loss_vfl_aux_1: 0.5593 (0.4913)  loss_vfl_aux_2: 0.5540 (0.4839)  loss_vfl_dn_0: 0.4688 (0.4676)  loss_vfl_dn_1: 0.4598 (0.4567)  loss_vfl_dn_2: 0.4544 (0.4522)  time: 1.0045  data: 0.0267  max mem: 9238
Epoch: [17]  [200/809]  eta: 0:10:27  lr: 0.000100  loss: 10.8223 (10.9099)  loss_bbox: 0.0969 (0.1142)  loss_bbox_aux_0: 0.1000 (0.1194)  loss_bbox_aux_1: 0.0984 (0.1156)  loss_bbox_aux_2: 0.1188 (0.1328)  loss_bbox_dn_0: 0.0632 (0.0645)  loss_bbox_dn_1: 0.0526 (0.0540)  loss_bbox_dn_2: 0.0526 (0.0526)  loss_giou: 1.0588 (1.0829)  loss_giou_aux_0: 1.1045 (1.1136)  loss_giou_aux_1: 1.0700 (1.0925)  loss_giou_aux_2: 1.1446 (1.1725)  loss_giou_dn_0: 0.8771 (0.8660)  loss_giou_dn_1: 0.8053 (0.7877)  loss_giou_dn_2: 0.8013 (0.7795)  loss_vfl: 0.5042 (0.4940)  loss_vfl_aux_0: 0.5192 (0.4979)  loss_vfl_aux_1: 0.4981 (0.4988)  loss_vfl_aux_2: 0.5180 (0.4925)  loss_vfl_dn_0: 0.4723 (0.4677)  loss_vfl_dn_1: 0.4645 (0.4575)  loss_vfl_dn_2: 0.4619 (0.4537)  time: 1.0199  data: 0.0321  max mem: 9238
Epoch: [17]  [300/809]  eta: 0:08:41  lr: 0.000100  loss: 10.4355 (10.8706)  loss_bbox: 0.0945 (0.1109)  loss_bbox_aux_0: 0.1021 (0.1164)  loss_bbox_aux_1: 0.0945 (0.1122)  loss_bbox_aux_2: 0.1132 (0.1296)  loss_bbox_dn_0: 0.0607 (0.0639)  loss_bbox_dn_1: 0.0506 (0.0535)  loss_bbox_dn_2: 0.0500 (0.0521)  loss_giou: 0.9686 (1.0756)  loss_giou_aux_0: 0.9791 (1.1070)  loss_giou_aux_1: 0.9679 (1.0851)  loss_giou_aux_2: 1.0489 (1.1649)  loss_giou_dn_0: 0.8318 (0.8631)  loss_giou_dn_1: 0.7406 (0.7857)  loss_giou_dn_2: 0.7240 (0.7775)  loss_vfl: 0.5285 (0.4963)  loss_vfl_aux_0: 0.5393 (0.4993)  loss_vfl_aux_1: 0.5330 (0.5012)  loss_vfl_aux_2: 0.5340 (0.4950)  loss_vfl_dn_0: 0.4831 (0.4688)  loss_vfl_dn_1: 0.4643 (0.4581)  loss_vfl_dn_2: 0.4577 (0.4545)  time: 0.9799  data: 0.0324  max mem: 9238
Epoch: [17]  [400/809]  eta: 0:06:56  lr: 0.000100  loss: 10.9380 (10.9178)  loss_bbox: 0.1041 (0.1135)  loss_bbox_aux_0: 0.1126 (0.1193)  loss_bbox_aux_1: 0.1076 (0.1150)  loss_bbox_aux_2: 0.1243 (0.1324)  loss_bbox_dn_0: 0.0605 (0.0638)  loss_bbox_dn_1: 0.0497 (0.0535)  loss_bbox_dn_2: 0.0488 (0.0521)  loss_giou: 1.1103 (1.0828)  loss_giou_aux_0: 1.1353 (1.1145)  loss_giou_aux_1: 1.1148 (1.0923)  loss_giou_aux_2: 1.1558 (1.1712)  loss_giou_dn_0: 0.8795 (0.8640)  loss_giou_dn_1: 0.7956 (0.7868)  loss_giou_dn_2: 0.7849 (0.7786)  loss_vfl: 0.4889 (0.4980)  loss_vfl_aux_0: 0.4877 (0.5007)  loss_vfl_aux_1: 0.4840 (0.5025)  loss_vfl_aux_2: 0.4846 (0.4962)  loss_vfl_dn_0: 0.4597 (0.4683)  loss_vfl_dn_1: 0.4500 (0.4580)  loss_vfl_dn_2: 0.4462 (0.4545)  time: 1.0563  data: 0.0312  max mem: 9238
Epoch: [17]  [500/809]  eta: 0:05:13  lr: 0.000100  loss: 11.2415 (10.9188)  loss_bbox: 0.1127 (0.1136)  loss_bbox_aux_0: 0.1211 (0.1197)  loss_bbox_aux_1: 0.1148 (0.1152)  loss_bbox_aux_2: 0.1358 (0.1332)  loss_bbox_dn_0: 0.0634 (0.0643)  loss_bbox_dn_1: 0.0562 (0.0539)  loss_bbox_dn_2: 0.0551 (0.0525)  loss_giou: 1.0690 (1.0825)  loss_giou_aux_0: 1.1231 (1.1149)  loss_giou_aux_1: 1.0923 (1.0924)  loss_giou_aux_2: 1.1721 (1.1711)  loss_giou_dn_0: 0.9060 (0.8638)  loss_giou_dn_1: 0.8288 (0.7862)  loss_giou_dn_2: 0.8250 (0.7781)  loss_vfl: 0.4799 (0.4978)  loss_vfl_aux_0: 0.4868 (0.5004)  loss_vfl_aux_1: 0.4773 (0.5024)  loss_vfl_aux_2: 0.4856 (0.4957)  loss_vfl_dn_0: 0.4600 (0.4683)  loss_vfl_dn_1: 0.4557 (0.4582)  loss_vfl_dn_2: 0.4534 (0.4547)  time: 0.9932  data: 0.0278  max mem: 9238
Epoch: [17]  [600/809]  eta: 0:03:33  lr: 0.000100  loss: 10.9712 (10.8843)  loss_bbox: 0.1013 (0.1122)  loss_bbox_aux_0: 0.1088 (0.1184)  loss_bbox_aux_1: 0.1057 (0.1138)  loss_bbox_aux_2: 0.1219 (0.1315)  loss_bbox_dn_0: 0.0556 (0.0645)  loss_bbox_dn_1: 0.0447 (0.0540)  loss_bbox_dn_2: 0.0439 (0.0527)  loss_giou: 1.1311 (1.0758)  loss_giou_aux_0: 1.1770 (1.1078)  loss_giou_aux_1: 1.1424 (1.0856)  loss_giou_aux_2: 1.2205 (1.1633)  loss_giou_dn_0: 0.8598 (0.8613)  loss_giou_dn_1: 0.7968 (0.7833)  loss_giou_dn_2: 0.7918 (0.7751)  loss_vfl: 0.4468 (0.4993)  loss_vfl_aux_0: 0.4656 (0.5021)  loss_vfl_aux_1: 0.4553 (0.5039)  loss_vfl_aux_2: 0.4574 (0.4982)  loss_vfl_dn_0: 0.4674 (0.4686)  loss_vfl_dn_1: 0.4542 (0.4583)  loss_vfl_dn_2: 0.4501 (0.4548)  time: 1.0352  data: 0.0327  max mem: 9238
Epoch: [17]  [700/809]  eta: 0:01:50  lr: 0.000100  loss: 10.9004 (10.8912)  loss_bbox: 0.1006 (0.1120)  loss_bbox_aux_0: 0.1070 (0.1182)  loss_bbox_aux_1: 0.1029 (0.1137)  loss_bbox_aux_2: 0.1226 (0.1314)  loss_bbox_dn_0: 0.0623 (0.0644)  loss_bbox_dn_1: 0.0535 (0.0540)  loss_bbox_dn_2: 0.0514 (0.0527)  loss_giou: 1.0809 (1.0777)  loss_giou_aux_0: 1.1282 (1.1093)  loss_giou_aux_1: 1.1026 (1.0875)  loss_giou_aux_2: 1.1854 (1.1654)  loss_giou_dn_0: 0.8806 (0.8611)  loss_giou_dn_1: 0.8005 (0.7832)  loss_giou_dn_2: 0.7921 (0.7751)  loss_vfl: 0.4825 (0.4994)  loss_vfl_aux_0: 0.4940 (0.5023)  loss_vfl_aux_1: 0.4955 (0.5041)  loss_vfl_aux_2: 0.4792 (0.4980)  loss_vfl_dn_0: 0.4655 (0.4686)  loss_vfl_dn_1: 0.4506 (0.4582)  loss_vfl_dn_2: 0.4472 (0.4548)  time: 0.9731  data: 0.0323  max mem: 9238
Epoch: [17]  [800/809]  eta: 0:00:09  lr: 0.000100  loss: 10.6515 (10.8896)  loss_bbox: 0.1032 (0.1132)  loss_bbox_aux_0: 0.1085 (0.1194)  loss_bbox_aux_1: 0.1033 (0.1149)  loss_bbox_aux_2: 0.1192 (0.1326)  loss_bbox_dn_0: 0.0729 (0.0645)  loss_bbox_dn_1: 0.0568 (0.0540)  loss_bbox_dn_2: 0.0545 (0.0527)  loss_giou: 0.9828 (1.0771)  loss_giou_aux_0: 1.0100 (1.1086)  loss_giou_aux_1: 0.9911 (1.0870)  loss_giou_aux_2: 1.0727 (1.1652)  loss_giou_dn_0: 0.8518 (0.8600)  loss_giou_dn_1: 0.7686 (0.7819)  loss_giou_dn_2: 0.7612 (0.7738)  loss_vfl: 0.5224 (0.4992)  loss_vfl_aux_0: 0.5292 (0.5022)  loss_vfl_aux_1: 0.5317 (0.5039)  loss_vfl_aux_2: 0.5194 (0.4979)  loss_vfl_dn_0: 0.4646 (0.4686)  loss_vfl_dn_1: 0.4554 (0.4581)  loss_vfl_dn_2: 0.4510 (0.4548)  time: 1.0750  data: 0.0309  max mem: 9927
Epoch: [17]  [808/809]  eta: 0:00:01  lr: 0.000100  loss: 11.0035 (10.8947)  loss_bbox: 0.0996 (0.1135)  loss_bbox_aux_0: 0.1097 (0.1197)  loss_bbox_aux_1: 0.1031 (0.1152)  loss_bbox_aux_2: 0.1183 (0.1328)  loss_bbox_dn_0: 0.0669 (0.0644)  loss_bbox_dn_1: 0.0531 (0.0540)  loss_bbox_dn_2: 0.0509 (0.0526)  loss_giou: 1.1012 (1.0783)  loss_giou_aux_0: 1.1377 (1.1099)  loss_giou_aux_1: 1.1093 (1.0883)  loss_giou_aux_2: 1.1842 (1.1662)  loss_giou_dn_0: 0.8852 (0.8607)  loss_giou_dn_1: 0.7816 (0.7824)  loss_giou_dn_2: 0.7649 (0.7743)  loss_vfl: 0.4991 (0.4986)  loss_vfl_aux_0: 0.5061 (0.5017)  loss_vfl_aux_1: 0.4848 (0.5033)  loss_vfl_aux_2: 0.5110 (0.4975)  loss_vfl_dn_0: 0.4630 (0.4684)  loss_vfl_dn_1: 0.4554 (0.4580)  loss_vfl_dn_2: 0.4498 (0.4547)  time: 0.9311  data: 0.0260  max mem: 9927
Epoch: [17] Total time: 0:13:40 (1.0142 s / it)
Averaged stats: lr: 0.000100  loss: 11.0035 (10.8947)  loss_bbox: 0.0996 (0.1135)  loss_bbox_aux_0: 0.1097 (0.1197)  loss_bbox_aux_1: 0.1031 (0.1152)  loss_bbox_aux_2: 0.1183 (0.1328)  loss_bbox_dn_0: 0.0669 (0.0644)  loss_bbox_dn_1: 0.0531 (0.0540)  loss_bbox_dn_2: 0.0509 (0.0526)  loss_giou: 1.1012 (1.0783)  loss_giou_aux_0: 1.1377 (1.1099)  loss_giou_aux_1: 1.1093 (1.0883)  loss_giou_aux_2: 1.1842 (1.1662)  loss_giou_dn_0: 0.8852 (0.8607)  loss_giou_dn_1: 0.7816 (0.7824)  loss_giou_dn_2: 0.7649 (0.7743)  loss_vfl: 0.4991 (0.4986)  loss_vfl_aux_0: 0.5061 (0.5017)  loss_vfl_aux_1: 0.4848 (0.5033)  loss_vfl_aux_2: 0.5110 (0.4975)  loss_vfl_dn_0: 0.4630 (0.4684)  loss_vfl_dn_1: 0.4554 (0.4580)  loss_vfl_dn_2: 0.4498 (0.4547)
Test:  [ 0/69]  eta: 0:01:16    time: 1.1041  data: 0.6973  max mem: 9927
Test:  [10/69]  eta: 0:00:35    time: 0.5996  data: 0.0800  max mem: 9927
Test:  [20/69]  eta: 0:00:28    time: 0.5460  data: 0.0199  max mem: 9927
Test:  [30/69]  eta: 0:00:21    time: 0.5182  data: 0.0212  max mem: 9927
Test:  [40/69]  eta: 0:00:15    time: 0.5293  data: 0.0206  max mem: 9927
Test:  [50/69]  eta: 0:00:10    time: 0.5027  data: 0.0204  max mem: 9927
Test:  [60/69]  eta: 0:00:04    time: 0.4336  data: 0.0212  max mem: 9927
Test:  [68/69]  eta: 0:00:00    time: 0.4482  data: 0.0199  max mem: 9927
Test: Total time: 0:00:35 (0.5115 s / it)
Averaged stats: 
Accumulating evaluation results...
DONE (t=1.92s).
IoU metric: bbox
 Average Precision  (AP) @[ IoU=0.50:0.95 | area=   all | maxDets=100 ] = 0.165
 Average Precision  (AP) @[ IoU=0.50      | area=   all | maxDets=100 ] = 0.283
 Average Precision  (AP) @[ IoU=0.75      | area=   all | maxDets=100 ] = 0.166
 Average Precision  (AP) @[ IoU=0.50:0.95 | area= small | maxDets=100 ] = 0.097
 Average Precision  (AP) @[ IoU=0.50:0.95 | area=medium | maxDets=100 ] = 0.242
 Average Precision  (AP) @[ IoU=0.50:0.95 | area= large | maxDets=100 ] = 0.337
 Average Recall     (AR) @[ IoU=0.50:0.95 | area=   all | maxDets=  1 ] = 0.084
 Average Recall     (AR) @[ IoU=0.50:0.95 | area=   all | maxDets= 10 ] = 0.230
 Average Recall     (AR) @[ IoU=0.50:0.95 | area=   all | maxDets=100 ] = 0.316
 Average Recall     (AR) @[ IoU=0.50:0.95 | area= small | maxDets=100 ] = 0.219
 Average Recall     (AR) @[ IoU=0.50:0.95 | area=medium | maxDets=100 ] = 0.438
 Average Recall     (AR) @[ IoU=0.50:0.95 | area= large | maxDets=100 ] = 0.535
best_stat:  {'epoch': 17, 'coco_eval_bbox': 0.165065483822247}
Epoch: [18]  [  0/809]  eta: 1:32:19  lr: 0.000100  loss: 13.0896 (13.0896)  loss_bbox: 0.1952 (0.1952)  loss_bbox_aux_0: 0.2062 (0.2062)  loss_bbox_aux_1: 0.2034 (0.2034)  loss_bbox_aux_2: 0.2289 (0.2289)  loss_bbox_dn_0: 0.0352 (0.0352)  loss_bbox_dn_1: 0.0313 (0.0313)  loss_bbox_dn_2: 0.0316 (0.0316)  loss_giou: 1.6733 (1.6733)  loss_giou_aux_0: 1.7280 (1.7280)  loss_giou_aux_1: 1.6838 (1.6838)  loss_giou_aux_2: 1.7610 (1.7610)  loss_giou_dn_0: 1.0363 (1.0363)  loss_giou_dn_1: 0.9912 (0.9912)  loss_giou_dn_2: 0.9937 (0.9937)  loss_vfl: 0.2406 (0.2406)  loss_vfl_aux_0: 0.2389 (0.2389)  loss_vfl_aux_1: 0.2426 (0.2426)  loss_vfl_aux_2: 0.2326 (0.2326)  loss_vfl_dn_0: 0.4497 (0.4497)  loss_vfl_dn_1: 0.4447 (0.4447)  loss_vfl_dn_2: 0.4411 (0.4411)  time: 6.8477  data: 3.0270  max mem: 9927
Epoch: [18]  [100/809]  eta: 0:12:28  lr: 0.000100  loss: 10.7605 (10.8126)  loss_bbox: 0.0965 (0.1106)  loss_bbox_aux_0: 0.1022 (0.1167)  loss_bbox_aux_1: 0.0985 (0.1124)  loss_bbox_aux_2: 0.1168 (0.1290)  loss_bbox_dn_0: 0.0642 (0.0641)  loss_bbox_dn_1: 0.0553 (0.0537)  loss_bbox_dn_2: 0.0517 (0.0523)  loss_giou: 0.9977 (1.0692)  loss_giou_aux_0: 1.0425 (1.0992)  loss_giou_aux_1: 1.0149 (1.0788)  loss_giou_aux_2: 1.0938 (1.1572)  loss_giou_dn_0: 0.8113 (0.8542)  loss_giou_dn_1: 0.7408 (0.7757)  loss_giou_dn_2: 0.7312 (0.7675)  loss_vfl: 0.5039 (0.4945)  loss_vfl_aux_0: 0.5081 (0.4980)  loss_vfl_aux_1: 0.5051 (0.5005)  loss_vfl_aux_2: 0.5088 (0.4971)  loss_vfl_dn_0: 0.4739 (0.4685)  loss_vfl_dn_1: 0.4563 (0.4584)  loss_vfl_dn_2: 0.4541 (0.4550)  time: 0.9863  data: 0.0304  max mem: 9927
Epoch: [18]  [200/809]  eta: 0:10:26  lr: 0.000100  loss: 10.9709 (10.8446)  loss_bbox: 0.1046 (0.1107)  loss_bbox_aux_0: 0.1142 (0.1167)  loss_bbox_aux_1: 0.1076 (0.1125)  loss_bbox_aux_2: 0.1287 (0.1292)  loss_bbox_dn_0: 0.0605 (0.0651)  loss_bbox_dn_1: 0.0467 (0.0540)  loss_bbox_dn_2: 0.0447 (0.0524)  loss_giou: 1.1105 (1.0727)  loss_giou_aux_0: 1.1535 (1.1030)  loss_giou_aux_1: 1.1207 (1.0836)  loss_giou_aux_2: 1.1897 (1.1594)  loss_giou_dn_0: 0.8814 (0.8588)  loss_giou_dn_1: 0.7869 (0.7777)  loss_giou_dn_2: 0.7779 (0.7694)  loss_vfl: 0.4598 (0.4970)  loss_vfl_aux_0: 0.4560 (0.4987)  loss_vfl_aux_1: 0.4605 (0.5021)  loss_vfl_aux_2: 0.4661 (0.4973)  loss_vfl_dn_0: 0.4635 (0.4688)  loss_vfl_dn_1: 0.4617 (0.4593)  loss_vfl_dn_2: 0.4593 (0.4563)  time: 0.9757  data: 0.0266  max mem: 9927
Epoch: [18]  [300/809]  eta: 0:08:43  lr: 0.000100  loss: 10.7786 (10.8642)  loss_bbox: 0.1017 (0.1109)  loss_bbox_aux_0: 0.1065 (0.1166)  loss_bbox_aux_1: 0.1027 (0.1127)  loss_bbox_aux_2: 0.1244 (0.1288)  loss_bbox_dn_0: 0.0560 (0.0642)  loss_bbox_dn_1: 0.0488 (0.0534)  loss_bbox_dn_2: 0.0479 (0.0520)  loss_giou: 1.1063 (1.0801)  loss_giou_aux_0: 1.1267 (1.1098)  loss_giou_aux_1: 1.1247 (1.0909)  loss_giou_aux_2: 1.1882 (1.1659)  loss_giou_dn_0: 0.8536 (0.8603)  loss_giou_dn_1: 0.7910 (0.7803)  loss_giou_dn_2: 0.7816 (0.7720)  loss_vfl: 0.4686 (0.4936)  loss_vfl_aux_0: 0.4709 (0.4968)  loss_vfl_aux_1: 0.4685 (0.4989)  loss_vfl_aux_2: 0.4626 (0.4954)  loss_vfl_dn_0: 0.4672 (0.4682)  loss_vfl_dn_1: 0.4512 (0.4584)  loss_vfl_dn_2: 0.4473 (0.4550)  time: 1.0677  data: 0.0327  max mem: 9927
Epoch: [18]  [400/809]  eta: 0:06:59  lr: 0.000100  loss: 10.6975 (10.8501)  loss_bbox: 0.0940 (0.1097)  loss_bbox_aux_0: 0.1005 (0.1154)  loss_bbox_aux_1: 0.0953 (0.1114)  loss_bbox_aux_2: 0.1117 (0.1276)  loss_bbox_dn_0: 0.0630 (0.0638)  loss_bbox_dn_1: 0.0527 (0.0532)  loss_bbox_dn_2: 0.0510 (0.0518)  loss_giou: 1.0037 (1.0788)  loss_giou_aux_0: 1.0526 (1.1084)  loss_giou_aux_1: 1.0149 (1.0897)  loss_giou_aux_2: 1.1009 (1.1639)  loss_giou_dn_0: 0.8407 (0.8593)  loss_giou_dn_1: 0.7658 (0.7797)  loss_giou_dn_2: 0.7567 (0.7716)  loss_vfl: 0.5180 (0.4934)  loss_vfl_aux_0: 0.5061 (0.4967)  loss_vfl_aux_1: 0.5225 (0.4988)  loss_vfl_aux_2: 0.5098 (0.4948)  loss_vfl_dn_0: 0.4636 (0.4685)  loss_vfl_dn_1: 0.4556 (0.4586)  loss_vfl_dn_2: 0.4506 (0.4551)  time: 0.9594  data: 0.0270  max mem: 9927
Epoch: [18]  [500/809]  eta: 0:05:15  lr: 0.000100  loss: 10.4814 (10.8711)  loss_bbox: 0.0965 (0.1106)  loss_bbox_aux_0: 0.1022 (0.1162)  loss_bbox_aux_1: 0.0986 (0.1122)  loss_bbox_aux_2: 0.1133 (0.1288)  loss_bbox_dn_0: 0.0641 (0.0638)  loss_bbox_dn_1: 0.0506 (0.0532)  loss_bbox_dn_2: 0.0493 (0.0518)  loss_giou: 1.0178 (1.0833)  loss_giou_aux_0: 1.0470 (1.1132)  loss_giou_aux_1: 1.0263 (1.0942)  loss_giou_aux_2: 1.0943 (1.1680)  loss_giou_dn_0: 0.8244 (0.8598)  loss_giou_dn_1: 0.7652 (0.7806)  loss_giou_dn_2: 0.7520 (0.7725)  loss_vfl: 0.5237 (0.4926)  loss_vfl_aux_0: 0.5276 (0.4957)  loss_vfl_aux_1: 0.5299 (0.4979)  loss_vfl_aux_2: 0.5153 (0.4934)  loss_vfl_dn_0: 0.4812 (0.4691)  loss_vfl_dn_1: 0.4569 (0.4587)  loss_vfl_dn_2: 0.4556 (0.4552)  time: 0.9836  data: 0.0292  max mem: 9927
Epoch: [18]  [600/809]  eta: 0:03:32  lr: 0.000100  loss: 10.6575 (10.8495)  loss_bbox: 0.0900 (0.1104)  loss_bbox_aux_0: 0.0961 (0.1161)  loss_bbox_aux_1: 0.0908 (0.1121)  loss_bbox_aux_2: 0.1060 (0.1286)  loss_bbox_dn_0: 0.0560 (0.0637)  loss_bbox_dn_1: 0.0489 (0.0530)  loss_bbox_dn_2: 0.0470 (0.0516)  loss_giou: 0.9748 (1.0785)  loss_giou_aux_0: 1.0050 (1.1085)  loss_giou_aux_1: 0.9916 (1.0896)  loss_giou_aux_2: 1.0615 (1.1638)  loss_giou_dn_0: 0.8433 (0.8580)  loss_giou_dn_1: 0.7625 (0.7785)  loss_giou_dn_2: 0.7587 (0.7705)  loss_vfl: 0.5043 (0.4938)  loss_vfl_aux_0: 0.5071 (0.4968)  loss_vfl_aux_1: 0.5149 (0.4989)  loss_vfl_aux_2: 0.5013 (0.4940)  loss_vfl_dn_0: 0.4699 (0.4693)  loss_vfl_dn_1: 0.4592 (0.4588)  loss_vfl_dn_2: 0.4568 (0.4552)  time: 1.0148  data: 0.0272  max mem: 9927
Epoch: [18]  [700/809]  eta: 0:01:51  lr: 0.000100  loss: 10.5825 (10.8277)  loss_bbox: 0.0970 (0.1099)  loss_bbox_aux_0: 0.1034 (0.1156)  loss_bbox_aux_1: 0.0994 (0.1116)  loss_bbox_aux_2: 0.1150 (0.1283)  loss_bbox_dn_0: 0.0557 (0.0639)  loss_bbox_dn_1: 0.0470 (0.0532)  loss_bbox_dn_2: 0.0460 (0.0518)  loss_giou: 1.0311 (1.0732)  loss_giou_aux_0: 1.0608 (1.1033)  loss_giou_aux_1: 1.0449 (1.0841)  loss_giou_aux_2: 1.1369 (1.1594)  loss_giou_dn_0: 0.8346 (0.8563)  loss_giou_dn_1: 0.7620 (0.7769)  loss_giou_dn_2: 0.7498 (0.7687)  loss_vfl: 0.4827 (0.4949)  loss_vfl_aux_0: 0.5058 (0.4981)  loss_vfl_aux_1: 0.4900 (0.5000)  loss_vfl_aux_2: 0.4966 (0.4955)  loss_vfl_dn_0: 0.4701 (0.4694)  loss_vfl_dn_1: 0.4617 (0.4586)  loss_vfl_dn_2: 0.4595 (0.4549)  time: 0.9905  data: 0.0282  max mem: 9927
Epoch: [18]  [800/809]  eta: 0:00:09  lr: 0.000100  loss: 10.9103 (10.8364)  loss_bbox: 0.0957 (0.1117)  loss_bbox_aux_0: 0.1042 (0.1174)  loss_bbox_aux_1: 0.0964 (0.1134)  loss_bbox_aux_2: 0.1173 (0.1302)  loss_bbox_dn_0: 0.0588 (0.0639)  loss_bbox_dn_1: 0.0510 (0.0532)  loss_bbox_dn_2: 0.0503 (0.0518)  loss_giou: 1.0898 (1.0743)  loss_giou_aux_0: 1.1259 (1.1047)  loss_giou_aux_1: 1.0995 (1.0851)  loss_giou_aux_2: 1.1930 (1.1603)  loss_giou_dn_0: 0.8694 (0.8557)  loss_giou_dn_1: 0.8096 (0.7764)  loss_giou_dn_2: 0.8060 (0.7683)  loss_vfl: 0.4642 (0.4942)  loss_vfl_aux_0: 0.4666 (0.4978)  loss_vfl_aux_1: 0.4703 (0.4994)  loss_vfl_aux_2: 0.4648 (0.4955)  loss_vfl_dn_0: 0.4680 (0.4695)  loss_vfl_dn_1: 0.4555 (0.4586)  loss_vfl_dn_2: 0.4503 (0.4550)  time: 0.9756  data: 0.0286  max mem: 9927
Epoch: [18]  [808/809]  eta: 0:00:01  lr: 0.000100  loss: 10.7462 (10.8378)  loss_bbox: 0.0957 (0.1117)  loss_bbox_aux_0: 0.1042 (0.1175)  loss_bbox_aux_1: 0.0964 (0.1134)  loss_bbox_aux_2: 0.1197 (0.1302)  loss_bbox_dn_0: 0.0583 (0.0638)  loss_bbox_dn_1: 0.0491 (0.0532)  loss_bbox_dn_2: 0.0480 (0.0517)  loss_giou: 1.0811 (1.0747)  loss_giou_aux_0: 1.0928 (1.1051)  loss_giou_aux_1: 1.0899 (1.0854)  loss_giou_aux_2: 1.1458 (1.1606)  loss_giou_dn_0: 0.8689 (0.8557)  loss_giou_dn_1: 0.7925 (0.7765)  loss_giou_dn_2: 0.7868 (0.7684)  loss_vfl: 0.4857 (0.4942)  loss_vfl_aux_0: 0.4836 (0.4977)  loss_vfl_aux_1: 0.4866 (0.4994)  loss_vfl_aux_2: 0.4702 (0.4954)  loss_vfl_dn_0: 0.4665 (0.4694)  loss_vfl_dn_1: 0.4534 (0.4586)  loss_vfl_dn_2: 0.4552 (0.4549)  time: 0.8662  data: 0.0269  max mem: 9927
Epoch: [18] Total time: 0:13:41 (1.0151 s / it)
Averaged stats: lr: 0.000100  loss: 10.7462 (10.8378)  loss_bbox: 0.0957 (0.1117)  loss_bbox_aux_0: 0.1042 (0.1175)  loss_bbox_aux_1: 0.0964 (0.1134)  loss_bbox_aux_2: 0.1197 (0.1302)  loss_bbox_dn_0: 0.0583 (0.0638)  loss_bbox_dn_1: 0.0491 (0.0532)  loss_bbox_dn_2: 0.0480 (0.0517)  loss_giou: 1.0811 (1.0747)  loss_giou_aux_0: 1.0928 (1.1051)  loss_giou_aux_1: 1.0899 (1.0854)  loss_giou_aux_2: 1.1458 (1.1606)  loss_giou_dn_0: 0.8689 (0.8557)  loss_giou_dn_1: 0.7925 (0.7765)  loss_giou_dn_2: 0.7868 (0.7684)  loss_vfl: 0.4857 (0.4942)  loss_vfl_aux_0: 0.4836 (0.4977)  loss_vfl_aux_1: 0.4866 (0.4994)  loss_vfl_aux_2: 0.4702 (0.4954)  loss_vfl_dn_0: 0.4665 (0.4694)  loss_vfl_dn_1: 0.4534 (0.4586)  loss_vfl_dn_2: 0.4552 (0.4549)
Test:  [ 0/69]  eta: 0:01:40    time: 1.4598  data: 0.9727  max mem: 9927
Test:  [10/69]  eta: 0:00:37    time: 0.6292  data: 0.1043  max mem: 9927
Test:  [20/69]  eta: 0:00:29    time: 0.5532  data: 0.0198  max mem: 9927
Test:  [30/69]  eta: 0:00:22    time: 0.5307  data: 0.0217  max mem: 9927
Test:  [40/69]  eta: 0:00:16    time: 0.5403  data: 0.0209  max mem: 9927
Test:  [50/69]  eta: 0:00:10    time: 0.5053  data: 0.0207  max mem: 9927
Test:  [60/69]  eta: 0:00:04    time: 0.4286  data: 0.0215  max mem: 9927
Test:  [68/69]  eta: 0:00:00    time: 0.4459  data: 0.0201  max mem: 9927
Test: Total time: 0:00:35 (0.5188 s / it)
Averaged stats: 
Accumulating evaluation results...
DONE (t=1.89s).
IoU metric: bbox
 Average Precision  (AP) @[ IoU=0.50:0.95 | area=   all | maxDets=100 ] = 0.169
 Average Precision  (AP) @[ IoU=0.50      | area=   all | maxDets=100 ] = 0.289
 Average Precision  (AP) @[ IoU=0.75      | area=   all | maxDets=100 ] = 0.170
 Average Precision  (AP) @[ IoU=0.50:0.95 | area= small | maxDets=100 ] = 0.099
 Average Precision  (AP) @[ IoU=0.50:0.95 | area=medium | maxDets=100 ] = 0.246
 Average Precision  (AP) @[ IoU=0.50:0.95 | area= large | maxDets=100 ] = 0.348
 Average Recall     (AR) @[ IoU=0.50:0.95 | area=   all | maxDets=  1 ] = 0.084
 Average Recall     (AR) @[ IoU=0.50:0.95 | area=   all | maxDets= 10 ] = 0.234
 Average Recall     (AR) @[ IoU=0.50:0.95 | area=   all | maxDets=100 ] = 0.319
 Average Recall     (AR) @[ IoU=0.50:0.95 | area= small | maxDets=100 ] = 0.223
 Average Recall     (AR) @[ IoU=0.50:0.95 | area=medium | maxDets=100 ] = 0.440
 Average Recall     (AR) @[ IoU=0.50:0.95 | area= large | maxDets=100 ] = 0.538
best_stat:  {'epoch': 18, 'coco_eval_bbox': 0.16863152195121583}
Epoch: [19]  [  0/809]  eta: 1:25:35  lr: 0.000100  loss: 11.1503 (11.1503)  loss_bbox: 0.0902 (0.0902)  loss_bbox_aux_0: 0.0915 (0.0915)  loss_bbox_aux_1: 0.0916 (0.0916)  loss_bbox_aux_2: 0.0920 (0.0920)  loss_bbox_dn_0: 0.0540 (0.0540)  loss_bbox_dn_1: 0.0424 (0.0424)  loss_bbox_dn_2: 0.0418 (0.0418)  loss_giou: 1.1672 (1.1672)  loss_giou_aux_0: 1.1935 (1.1935)  loss_giou_aux_1: 1.1838 (1.1838)  loss_giou_aux_2: 1.2280 (1.2280)  loss_giou_dn_0: 0.9543 (0.9543)  loss_giou_dn_1: 0.8441 (0.8441)  loss_giou_dn_2: 0.8356 (0.8356)  loss_vfl: 0.4639 (0.4639)  loss_vfl_aux_0: 0.4705 (0.4705)  loss_vfl_aux_1: 0.4761 (0.4761)  loss_vfl_aux_2: 0.4695 (0.4695)  loss_vfl_dn_0: 0.4508 (0.4508)  loss_vfl_dn_1: 0.4547 (0.4547)  loss_vfl_dn_2: 0.4547 (0.4547)  time: 6.3480  data: 4.7292  max mem: 9927
Epoch: [19]  [100/809]  eta: 0:12:25  lr: 0.000100  loss: 10.6328 (10.7054)  loss_bbox: 0.0885 (0.1025)  loss_bbox_aux_0: 0.0915 (0.1088)  loss_bbox_aux_1: 0.0870 (0.1040)  loss_bbox_aux_2: 0.1075 (0.1207)  loss_bbox_dn_0: 0.0576 (0.0632)  loss_bbox_dn_1: 0.0488 (0.0524)  loss_bbox_dn_2: 0.0481 (0.0510)  loss_giou: 1.0796 (1.0498)  loss_giou_aux_0: 1.1068 (1.0787)  loss_giou_aux_1: 1.0954 (1.0571)  loss_giou_aux_2: 1.1449 (1.1321)  loss_giou_dn_0: 0.8519 (0.8482)  loss_giou_dn_1: 0.7739 (0.7682)  loss_giou_dn_2: 0.7670 (0.7598)  loss_vfl: 0.4920 (0.5019)  loss_vfl_aux_0: 0.4832 (0.5077)  loss_vfl_aux_1: 0.4979 (0.5089)  loss_vfl_aux_2: 0.4938 (0.5094)  loss_vfl_dn_0: 0.4735 (0.4699)  loss_vfl_dn_1: 0.4607 (0.4576)  loss_vfl_dn_2: 0.4586 (0.4536)  time: 0.9926  data: 0.0248  max mem: 9927
Epoch: [19]  [200/809]  eta: 0:10:26  lr: 0.000100  loss: 11.0129 (10.7625)  loss_bbox: 0.1048 (0.1058)  loss_bbox_aux_0: 0.1152 (0.1120)  loss_bbox_aux_1: 0.1068 (0.1074)  loss_bbox_aux_2: 0.1254 (0.1243)  loss_bbox_dn_0: 0.0635 (0.0634)  loss_bbox_dn_1: 0.0529 (0.0526)  loss_bbox_dn_2: 0.0519 (0.0512)  loss_giou: 1.1032 (1.0588)  loss_giou_aux_0: 1.1290 (1.0895)  loss_giou_aux_1: 1.0995 (1.0674)  loss_giou_aux_2: 1.1908 (1.1443)  loss_giou_dn_0: 0.8580 (0.8493)  loss_giou_dn_1: 0.7836 (0.7701)  loss_giou_dn_2: 0.7724 (0.7616)  loss_vfl: 0.5106 (0.5028)  loss_vfl_aux_0: 0.5092 (0.5061)  loss_vfl_aux_1: 0.5177 (0.5085)  loss_vfl_aux_2: 0.5037 (0.5043)  loss_vfl_dn_0: 0.4731 (0.4701)  loss_vfl_dn_1: 0.4563 (0.4583)  loss_vfl_dn_2: 0.4545 (0.4547)  time: 1.0272  data: 0.0298  max mem: 9927
Epoch: [19]  [300/809]  eta: 0:08:41  lr: 0.000100  loss: 11.2250 (10.8080)  loss_bbox: 0.1169 (0.1080)  loss_bbox_aux_0: 0.1263 (0.1142)  loss_bbox_aux_1: 0.1148 (0.1095)  loss_bbox_aux_2: 0.1323 (0.1266)  loss_bbox_dn_0: 0.0589 (0.0633)  loss_bbox_dn_1: 0.0490 (0.0526)  loss_bbox_dn_2: 0.0485 (0.0512)  loss_giou: 1.1226 (1.0658)  loss_giou_aux_0: 1.1607 (1.0976)  loss_giou_aux_1: 1.1283 (1.0750)  loss_giou_aux_2: 1.2325 (1.1519)  loss_giou_dn_0: 0.9050 (0.8531)  loss_giou_dn_1: 0.8222 (0.7734)  loss_giou_dn_2: 0.8125 (0.7649)  loss_vfl: 0.4699 (0.5019)  loss_vfl_aux_0: 0.4655 (0.5053)  loss_vfl_aux_1: 0.4780 (0.5078)  loss_vfl_aux_2: 0.4705 (0.5031)  loss_vfl_dn_0: 0.4715 (0.4697)  loss_vfl_dn_1: 0.4535 (0.4583)  loss_vfl_dn_2: 0.4550 (0.4547)  time: 1.0241  data: 0.0326  max mem: 9927
Epoch: [19]  [400/809]  eta: 0:06:56  lr: 0.000100  loss: 10.4574 (10.7724)  loss_bbox: 0.1021 (0.1071)  loss_bbox_aux_0: 0.1106 (0.1130)  loss_bbox_aux_1: 0.1058 (0.1086)  loss_bbox_aux_2: 0.1228 (0.1257)  loss_bbox_dn_0: 0.0587 (0.0636)  loss_bbox_dn_1: 0.0475 (0.0529)  loss_bbox_dn_2: 0.0460 (0.0516)  loss_giou: 0.9696 (1.0590)  loss_giou_aux_0: 1.0000 (1.0904)  loss_giou_aux_1: 0.9680 (1.0687)  loss_giou_aux_2: 1.0564 (1.1459)  loss_giou_dn_0: 0.8155 (0.8499)  loss_giou_dn_1: 0.7377 (0.7707)  loss_giou_dn_2: 0.7278 (0.7622)  loss_vfl: 0.5129 (0.5023)  loss_vfl_aux_0: 0.5234 (0.5063)  loss_vfl_aux_1: 0.5162 (0.5078)  loss_vfl_aux_2: 0.5182 (0.5042)  loss_vfl_dn_0: 0.4738 (0.4700)  loss_vfl_dn_1: 0.4546 (0.4581)  loss_vfl_dn_2: 0.4467 (0.4546)  time: 0.9996  data: 0.0285  max mem: 9927
Epoch: [19]  [500/809]  eta: 0:05:13  lr: 0.000100  loss: 10.4269 (10.7618)  loss_bbox: 0.1050 (0.1076)  loss_bbox_aux_0: 0.1088 (0.1135)  loss_bbox_aux_1: 0.1048 (0.1092)  loss_bbox_aux_2: 0.1165 (0.1262)  loss_bbox_dn_0: 0.0650 (0.0638)  loss_bbox_dn_1: 0.0535 (0.0531)  loss_bbox_dn_2: 0.0529 (0.0518)  loss_giou: 0.9735 (1.0550)  loss_giou_aux_0: 1.0043 (1.0865)  loss_giou_aux_1: 0.9864 (1.0646)  loss_giou_aux_2: 1.0674 (1.1427)  loss_giou_dn_0: 0.8492 (0.8496)  loss_giou_dn_1: 0.7543 (0.7708)  loss_giou_dn_2: 0.7451 (0.7622)  loss_vfl: 0.4879 (0.5027)  loss_vfl_aux_0: 0.5087 (0.5067)  loss_vfl_aux_1: 0.5009 (0.5083)  loss_vfl_aux_2: 0.5236 (0.5045)  loss_vfl_dn_0: 0.4755 (0.4700)  loss_vfl_dn_1: 0.4619 (0.4582)  loss_vfl_dn_2: 0.4598 (0.4548)  time: 0.9658  data: 0.0322  max mem: 9927
Epoch: [19]  [600/809]  eta: 0:03:32  lr: 0.000100  loss: 10.8673 (10.7744)  loss_bbox: 0.0963 (0.1092)  loss_bbox_aux_0: 0.1008 (0.1151)  loss_bbox_aux_1: 0.0967 (0.1108)  loss_bbox_aux_2: 0.1122 (0.1277)  loss_bbox_dn_0: 0.0523 (0.0638)  loss_bbox_dn_1: 0.0462 (0.0531)  loss_bbox_dn_2: 0.0443 (0.0518)  loss_giou: 1.0627 (1.0581)  loss_giou_aux_0: 1.0838 (1.0895)  loss_giou_aux_1: 1.0674 (1.0679)  loss_giou_aux_2: 1.1416 (1.1450)  loss_giou_dn_0: 0.8637 (0.8507)  loss_giou_dn_1: 0.7925 (0.7715)  loss_giou_dn_2: 0.7784 (0.7630)  loss_vfl: 0.4806 (0.5006)  loss_vfl_aux_0: 0.4930 (0.5047)  loss_vfl_aux_1: 0.4952 (0.5063)  loss_vfl_aux_2: 0.4769 (0.5026)  loss_vfl_dn_0: 0.4687 (0.4699)  loss_vfl_dn_1: 0.4560 (0.4582)  loss_vfl_dn_2: 0.4526 (0.4548)  time: 1.0489  data: 0.0330  max mem: 9927
Epoch: [19]  [700/809]  eta: 0:01:50  lr: 0.000100  loss: 10.7336 (10.7575)  loss_bbox: 0.0971 (0.1081)  loss_bbox_aux_0: 0.1032 (0.1140)  loss_bbox_aux_1: 0.0989 (0.1096)  loss_bbox_aux_2: 0.1136 (0.1265)  loss_bbox_dn_0: 0.0570 (0.0634)  loss_bbox_dn_1: 0.0485 (0.0529)  loss_bbox_dn_2: 0.0480 (0.0516)  loss_giou: 1.0510 (1.0549)  loss_giou_aux_0: 1.0674 (1.0859)  loss_giou_aux_1: 1.0532 (1.0645)  loss_giou_aux_2: 1.1006 (1.1418)  loss_giou_dn_0: 0.8494 (0.8493)  loss_giou_dn_1: 0.7836 (0.7706)  loss_giou_dn_2: 0.7775 (0.7622)  loss_vfl: 0.5078 (0.5019)  loss_vfl_aux_0: 0.5149 (0.5060)  loss_vfl_aux_1: 0.5084 (0.5076)  loss_vfl_aux_2: 0.5168 (0.5035)  loss_vfl_dn_0: 0.4715 (0.4702)  loss_vfl_dn_1: 0.4554 (0.4582)  loss_vfl_dn_2: 0.4508 (0.4548)  time: 1.0284  data: 0.0304  max mem: 9927
Epoch: [19]  [800/809]  eta: 0:00:09  lr: 0.000100  loss: 11.0221 (10.7680)  loss_bbox: 0.1164 (0.1084)  loss_bbox_aux_0: 0.1267 (0.1145)  loss_bbox_aux_1: 0.1172 (0.1100)  loss_bbox_aux_2: 0.1376 (0.1270)  loss_bbox_dn_0: 0.0624 (0.0634)  loss_bbox_dn_1: 0.0505 (0.0529)  loss_bbox_dn_2: 0.0488 (0.0516)  loss_giou: 1.1291 (1.0587)  loss_giou_aux_0: 1.1736 (1.0902)  loss_giou_aux_1: 1.1624 (1.0685)  loss_giou_aux_2: 1.2341 (1.1451)  loss_giou_dn_0: 0.8465 (0.8499)  loss_giou_dn_1: 0.7536 (0.7710)  loss_giou_dn_2: 0.7445 (0.7627)  loss_vfl: 0.4639 (0.4999)  loss_vfl_aux_0: 0.4648 (0.5041)  loss_vfl_aux_1: 0.4598 (0.5059)  loss_vfl_aux_2: 0.4769 (0.5018)  loss_vfl_dn_0: 0.4688 (0.4698)  loss_vfl_dn_1: 0.4603 (0.4580)  loss_vfl_dn_2: 0.4534 (0.4545)  time: 0.9728  data: 0.0286  max mem: 9927
Epoch: [19]  [808/809]  eta: 0:00:01  lr: 0.000100  loss: 11.3349 (10.7731)  loss_bbox: 0.1126 (0.1087)  loss_bbox_aux_0: 0.1216 (0.1148)  loss_bbox_aux_1: 0.1172 (0.1102)  loss_bbox_aux_2: 0.1299 (0.1272)  loss_bbox_dn_0: 0.0579 (0.0634)  loss_bbox_dn_1: 0.0509 (0.0529)  loss_bbox_dn_2: 0.0496 (0.0516)  loss_giou: 1.1759 (1.0598)  loss_giou_aux_0: 1.2124 (1.0913)  loss_giou_aux_1: 1.1880 (1.0696)  loss_giou_aux_2: 1.2404 (1.1462)  loss_giou_dn_0: 0.9020 (0.8502)  loss_giou_dn_1: 0.8292 (0.7714)  loss_giou_dn_2: 0.8144 (0.7631)  loss_vfl: 0.4382 (0.4997)  loss_vfl_aux_0: 0.4326 (0.5037)  loss_vfl_aux_1: 0.4442 (0.5056)  loss_vfl_aux_2: 0.4341 (0.5014)  loss_vfl_dn_0: 0.4632 (0.4698)  loss_vfl_dn_1: 0.4551 (0.4580)  loss_vfl_dn_2: 0.4509 (0.4545)  time: 0.8543  data: 0.0259  max mem: 9927
Epoch: [19] Total time: 0:13:39 (1.0126 s / it)
Averaged stats: lr: 0.000100  loss: 11.3349 (10.7731)  loss_bbox: 0.1126 (0.1087)  loss_bbox_aux_0: 0.1216 (0.1148)  loss_bbox_aux_1: 0.1172 (0.1102)  loss_bbox_aux_2: 0.1299 (0.1272)  loss_bbox_dn_0: 0.0579 (0.0634)  loss_bbox_dn_1: 0.0509 (0.0529)  loss_bbox_dn_2: 0.0496 (0.0516)  loss_giou: 1.1759 (1.0598)  loss_giou_aux_0: 1.2124 (1.0913)  loss_giou_aux_1: 1.1880 (1.0696)  loss_giou_aux_2: 1.2404 (1.1462)  loss_giou_dn_0: 0.9020 (0.8502)  loss_giou_dn_1: 0.8292 (0.7714)  loss_giou_dn_2: 0.8144 (0.7631)  loss_vfl: 0.4382 (0.4997)  loss_vfl_aux_0: 0.4326 (0.5037)  loss_vfl_aux_1: 0.4442 (0.5056)  loss_vfl_aux_2: 0.4341 (0.5014)  loss_vfl_dn_0: 0.4632 (0.4698)  loss_vfl_dn_1: 0.4551 (0.4580)  loss_vfl_dn_2: 0.4509 (0.4545)
Test:  [ 0/69]  eta: 0:01:21    time: 1.1755  data: 0.7258  max mem: 9927
Test:  [10/69]  eta: 0:00:35    time: 0.5970  data: 0.0803  max mem: 9927
Test:  [20/69]  eta: 0:00:27    time: 0.5370  data: 0.0185  max mem: 9927
Test:  [30/69]  eta: 0:00:21    time: 0.5206  data: 0.0218  max mem: 9927
Test:  [40/69]  eta: 0:00:15    time: 0.5307  data: 0.0218  max mem: 9927
Test:  [50/69]  eta: 0:00:10    time: 0.4986  data: 0.0214  max mem: 9927
Test:  [60/69]  eta: 0:00:04    time: 0.4282  data: 0.0205  max mem: 9927
Test:  [68/69]  eta: 0:00:00    time: 0.4400  data: 0.0185  max mem: 9927
Test: Total time: 0:00:35 (0.5083 s / it)
Averaged stats: 
Accumulating evaluation results...
DONE (t=1.88s).
IoU metric: bbox
 Average Precision  (AP) @[ IoU=0.50:0.95 | area=   all | maxDets=100 ] = 0.172
 Average Precision  (AP) @[ IoU=0.50      | area=   all | maxDets=100 ] = 0.293
 Average Precision  (AP) @[ IoU=0.75      | area=   all | maxDets=100 ] = 0.173
 Average Precision  (AP) @[ IoU=0.50:0.95 | area= small | maxDets=100 ] = 0.100
 Average Precision  (AP) @[ IoU=0.50:0.95 | area=medium | maxDets=100 ] = 0.249
 Average Precision  (AP) @[ IoU=0.50:0.95 | area= large | maxDets=100 ] = 0.351
 Average Recall     (AR) @[ IoU=0.50:0.95 | area=   all | maxDets=  1 ] = 0.084
 Average Recall     (AR) @[ IoU=0.50:0.95 | area=   all | maxDets= 10 ] = 0.234
 Average Recall     (AR) @[ IoU=0.50:0.95 | area=   all | maxDets=100 ] = 0.321
 Average Recall     (AR) @[ IoU=0.50:0.95 | area= small | maxDets=100 ] = 0.225
 Average Recall     (AR) @[ IoU=0.50:0.95 | area=medium | maxDets=100 ] = 0.443
 Average Recall     (AR) @[ IoU=0.50:0.95 | area= large | maxDets=100 ] = 0.537
best_stat:  {'epoch': 19, 'coco_eval_bbox': 0.17160061162886886}
Epoch: [20]  [  0/809]  eta: 1:18:24  lr: 0.000100  loss: 10.4891 (10.4891)  loss_bbox: 0.0903 (0.0903)  loss_bbox_aux_0: 0.0931 (0.0931)  loss_bbox_aux_1: 0.0898 (0.0898)  loss_bbox_aux_2: 0.1083 (0.1083)  loss_bbox_dn_0: 0.0657 (0.0657)  loss_bbox_dn_1: 0.0562 (0.0562)  loss_bbox_dn_2: 0.0552 (0.0552)  loss_giou: 1.0185 (1.0185)  loss_giou_aux_0: 1.0497 (1.0497)  loss_giou_aux_1: 1.0276 (1.0276)  loss_giou_aux_2: 1.1043 (1.1043)  loss_giou_dn_0: 0.8534 (0.8534)  loss_giou_dn_1: 0.7845 (0.7845)  loss_giou_dn_2: 0.7760 (0.7760)  loss_vfl: 0.4893 (0.4893)  loss_vfl_aux_0: 0.4829 (0.4829)  loss_vfl_aux_1: 0.4821 (0.4821)  loss_vfl_aux_2: 0.4953 (0.4953)  loss_vfl_dn_0: 0.4647 (0.4647)  loss_vfl_dn_1: 0.4528 (0.4528)  loss_vfl_dn_2: 0.4494 (0.4494)  time: 5.8151  data: 4.1015  max mem: 9927
Epoch: [20]  [100/809]  eta: 0:12:26  lr: 0.000100  loss: 10.8259 (10.9066)  loss_bbox: 0.0928 (0.1173)  loss_bbox_aux_0: 0.0963 (0.1240)  loss_bbox_aux_1: 0.0928 (0.1187)  loss_bbox_aux_2: 0.1084 (0.1366)  loss_bbox_dn_0: 0.0567 (0.0600)  loss_bbox_dn_1: 0.0512 (0.0501)  loss_bbox_dn_2: 0.0502 (0.0490)  loss_giou: 1.0971 (1.0994)  loss_giou_aux_0: 1.1188 (1.1286)  loss_giou_aux_1: 1.0992 (1.1072)  loss_giou_aux_2: 1.1758 (1.1836)  loss_giou_dn_0: 0.8539 (0.8558)  loss_giou_dn_1: 0.7808 (0.7800)  loss_giou_dn_2: 0.7706 (0.7728)  loss_vfl: 0.4670 (0.4843)  loss_vfl_aux_0: 0.4723 (0.4867)  loss_vfl_aux_1: 0.4774 (0.4909)  loss_vfl_aux_2: 0.4732 (0.4861)  loss_vfl_dn_0: 0.4662 (0.4672)  loss_vfl_dn_1: 0.4532 (0.4560)  loss_vfl_dn_2: 0.4497 (0.4522)  time: 0.9925  data: 0.0276  max mem: 9927
Epoch: [20]  [200/809]  eta: 0:10:36  lr: 0.000100  loss: 10.6639 (10.7898)  loss_bbox: 0.0912 (0.1134)  loss_bbox_aux_0: 0.0947 (0.1203)  loss_bbox_aux_1: 0.0928 (0.1151)  loss_bbox_aux_2: 0.1110 (0.1327)  loss_bbox_dn_0: 0.0563 (0.0615)  loss_bbox_dn_1: 0.0434 (0.0510)  loss_bbox_dn_2: 0.0421 (0.0497)  loss_giou: 1.0922 (1.0688)  loss_giou_aux_0: 1.1407 (1.0984)  loss_giou_aux_1: 1.1140 (1.0777)  loss_giou_aux_2: 1.2065 (1.1532)  loss_giou_dn_0: 0.8642 (0.8502)  loss_giou_dn_1: 0.7720 (0.7705)  loss_giou_dn_2: 0.7697 (0.7623)  loss_vfl: 0.4497 (0.4934)  loss_vfl_aux_0: 0.4497 (0.4967)  loss_vfl_aux_1: 0.4529 (0.4986)  loss_vfl_aux_2: 0.4549 (0.4950)  loss_vfl_dn_0: 0.4629 (0.4691)  loss_vfl_dn_1: 0.4593 (0.4580)  loss_vfl_dn_2: 0.4529 (0.4542)  time: 1.0654  data: 0.0324  max mem: 9927
Epoch: [20]  [300/809]  eta: 0:08:48  lr: 0.000100  loss: 10.6508 (10.7877)  loss_bbox: 0.0967 (0.1121)  loss_bbox_aux_0: 0.0982 (0.1184)  loss_bbox_aux_1: 0.0973 (0.1138)  loss_bbox_aux_2: 0.1183 (0.1308)  loss_bbox_dn_0: 0.0633 (0.0612)  loss_bbox_dn_1: 0.0520 (0.0508)  loss_bbox_dn_2: 0.0515 (0.0495)  loss_giou: 1.0861 (1.0699)  loss_giou_aux_0: 1.1149 (1.0990)  loss_giou_aux_1: 1.0967 (1.0789)  loss_giou_aux_2: 1.1607 (1.1528)  loss_giou_dn_0: 0.8539 (0.8508)  loss_giou_dn_1: 0.7868 (0.7722)  loss_giou_dn_2: 0.7817 (0.7642)  loss_vfl: 0.4842 (0.4921)  loss_vfl_aux_0: 0.4946 (0.4970)  loss_vfl_aux_1: 0.4955 (0.4984)  loss_vfl_aux_2: 0.4900 (0.4951)  loss_vfl_dn_0: 0.4670 (0.4691)  loss_vfl_dn_1: 0.4563 (0.4578)  loss_vfl_dn_2: 0.4499 (0.4540)  time: 1.0614  data: 0.0312  max mem: 9927
Epoch: [20]  [400/809]  eta: 0:06:59  lr: 0.000100  loss: 10.5260 (10.7778)  loss_bbox: 0.0950 (0.1108)  loss_bbox_aux_0: 0.1038 (0.1171)  loss_bbox_aux_1: 0.0982 (0.1125)  loss_bbox_aux_2: 0.1204 (0.1304)  loss_bbox_dn_0: 0.0653 (0.0621)  loss_bbox_dn_1: 0.0540 (0.0516)  loss_bbox_dn_2: 0.0522 (0.0502)  loss_giou: 0.9804 (1.0666)  loss_giou_aux_0: 1.0253 (1.0969)  loss_giou_aux_1: 0.9826 (1.0760)  loss_giou_aux_2: 1.1095 (1.1506)  loss_giou_dn_0: 0.8320 (0.8504)  loss_giou_dn_1: 0.7348 (0.7711)  loss_giou_dn_2: 0.7240 (0.7631)  loss_vfl: 0.5072 (0.4938)  loss_vfl_aux_0: 0.5162 (0.4984)  loss_vfl_aux_1: 0.5099 (0.4998)  loss_vfl_aux_2: 0.5070 (0.4958)  loss_vfl_dn_0: 0.4736 (0.4688)  loss_vfl_dn_1: 0.4623 (0.4579)  loss_vfl_dn_2: 0.4583 (0.4542)  time: 0.9937  data: 0.0256  max mem: 9927
Epoch: [20]  [500/809]  eta: 0:05:15  lr: 0.000100  loss: 10.2513 (10.7775)  loss_bbox: 0.0984 (0.1105)  loss_bbox_aux_0: 0.1029 (0.1168)  loss_bbox_aux_1: 0.0992 (0.1121)  loss_bbox_aux_2: 0.1143 (0.1301)  loss_bbox_dn_0: 0.0567 (0.0619)  loss_bbox_dn_1: 0.0459 (0.0515)  loss_bbox_dn_2: 0.0447 (0.0502)  loss_giou: 0.9661 (1.0683)  loss_giou_aux_0: 1.0199 (1.0987)  loss_giou_aux_1: 0.9640 (1.0777)  loss_giou_aux_2: 1.0557 (1.1518)  loss_giou_dn_0: 0.8128 (0.8501)  loss_giou_dn_1: 0.7302 (0.7711)  loss_giou_dn_2: 0.7198 (0.7630)  loss_vfl: 0.5077 (0.4926)  loss_vfl_aux_0: 0.5200 (0.4975)  loss_vfl_aux_1: 0.5220 (0.4988)  loss_vfl_aux_2: 0.5244 (0.4946)  loss_vfl_dn_0: 0.4693 (0.4686)  loss_vfl_dn_1: 0.4621 (0.4576)  loss_vfl_dn_2: 0.4577 (0.4539)  time: 1.0339  data: 0.0321  max mem: 9927
Epoch: [20]  [600/809]  eta: 0:03:33  lr: 0.000100  loss: 11.2148 (10.8013)  loss_bbox: 0.1174 (0.1125)  loss_bbox_aux_0: 0.1197 (0.1187)  loss_bbox_aux_1: 0.1162 (0.1142)  loss_bbox_aux_2: 0.1344 (0.1320)  loss_bbox_dn_0: 0.0548 (0.0621)  loss_bbox_dn_1: 0.0464 (0.0517)  loss_bbox_dn_2: 0.0460 (0.0505)  loss_giou: 1.2080 (1.0731)  loss_giou_aux_0: 1.2459 (1.1035)  loss_giou_aux_1: 1.2199 (1.0830)  loss_giou_aux_2: 1.2601 (1.1564)  loss_giou_dn_0: 0.8751 (0.8501)  loss_giou_dn_1: 0.7997 (0.7717)  loss_giou_dn_2: 0.7928 (0.7638)  loss_vfl: 0.4398 (0.4909)  loss_vfl_aux_0: 0.4598 (0.4967)  loss_vfl_aux_1: 0.4441 (0.4972)  loss_vfl_aux_2: 0.4351 (0.4938)  loss_vfl_dn_0: 0.4651 (0.4685)  loss_vfl_dn_1: 0.4495 (0.4572)  loss_vfl_dn_2: 0.4489 (0.4537)  time: 1.0088  data: 0.0293  max mem: 9927
Epoch: [20]  [700/809]  eta: 0:01:51  lr: 0.000100  loss: 10.6335 (10.7802)  loss_bbox: 0.0873 (0.1109)  loss_bbox_aux_0: 0.0949 (0.1170)  loss_bbox_aux_1: 0.0892 (0.1126)  loss_bbox_aux_2: 0.1067 (0.1301)  loss_bbox_dn_0: 0.0602 (0.0621)  loss_bbox_dn_1: 0.0493 (0.0517)  loss_bbox_dn_2: 0.0468 (0.0504)  loss_giou: 1.0287 (1.0694)  loss_giou_aux_0: 1.0679 (1.1000)  loss_giou_aux_1: 1.0350 (1.0794)  loss_giou_aux_2: 1.1162 (1.1536)  loss_giou_dn_0: 0.8524 (0.8496)  loss_giou_dn_1: 0.7687 (0.7711)  loss_giou_dn_2: 0.7642 (0.7631)  loss_vfl: 0.5099 (0.4915)  loss_vfl_aux_0: 0.5073 (0.4969)  loss_vfl_aux_1: 0.5192 (0.4978)  loss_vfl_aux_2: 0.5118 (0.4942)  loss_vfl_dn_0: 0.4678 (0.4683)  loss_vfl_dn_1: 0.4537 (0.4570)  loss_vfl_dn_2: 0.4512 (0.4536)  time: 1.0085  data: 0.0279  max mem: 9927
Epoch: [20]  [800/809]  eta: 0:00:09  lr: 0.000100  loss: 10.5354 (10.8002)  loss_bbox: 0.0900 (0.1113)  loss_bbox_aux_0: 0.0946 (0.1173)  loss_bbox_aux_1: 0.0901 (0.1130)  loss_bbox_aux_2: 0.1083 (0.1303)  loss_bbox_dn_0: 0.0578 (0.0621)  loss_bbox_dn_1: 0.0495 (0.0518)  loss_bbox_dn_2: 0.0485 (0.0505)  loss_giou: 1.0217 (1.0740)  loss_giou_aux_0: 1.0553 (1.1045)  loss_giou_aux_1: 1.0455 (1.0840)  loss_giou_aux_2: 1.1218 (1.1586)  loss_giou_dn_0: 0.8563 (0.8508)  loss_giou_dn_1: 0.7707 (0.7728)  loss_giou_dn_2: 0.7644 (0.7648)  loss_vfl: 0.4940 (0.4904)  loss_vfl_aux_0: 0.5041 (0.4961)  loss_vfl_aux_1: 0.5021 (0.4969)  loss_vfl_aux_2: 0.5063 (0.4929)  loss_vfl_dn_0: 0.4717 (0.4681)  loss_vfl_dn_1: 0.4541 (0.4567)  loss_vfl_dn_2: 0.4533 (0.4532)  time: 1.0281  data: 0.0342  max mem: 9927
Epoch: [20]  [808/809]  eta: 0:00:01  lr: 0.000100  loss: 10.6422 (10.8002)  loss_bbox: 0.0900 (0.1112)  loss_bbox_aux_0: 0.0954 (0.1172)  loss_bbox_aux_1: 0.0903 (0.1128)  loss_bbox_aux_2: 0.1139 (0.1302)  loss_bbox_dn_0: 0.0566 (0.0620)  loss_bbox_dn_1: 0.0478 (0.0517)  loss_bbox_dn_2: 0.0471 (0.0505)  loss_giou: 1.0217 (1.0742)  loss_giou_aux_0: 1.0663 (1.1048)  loss_giou_aux_1: 1.0455 (1.0841)  loss_giou_aux_2: 1.1218 (1.1589)  loss_giou_dn_0: 0.8519 (0.8509)  loss_giou_dn_1: 0.7656 (0.7730)  loss_giou_dn_2: 0.7562 (0.7650)  loss_vfl: 0.4927 (0.4903)  loss_vfl_aux_0: 0.5041 (0.4960)  loss_vfl_aux_1: 0.5021 (0.4968)  loss_vfl_aux_2: 0.4992 (0.4927)  loss_vfl_dn_0: 0.4692 (0.4681)  loss_vfl_dn_1: 0.4548 (0.4566)  loss_vfl_dn_2: 0.4533 (0.4532)  time: 0.8934  data: 0.0266  max mem: 9927
Epoch: [20] Total time: 0:13:38 (1.0123 s / it)
Averaged stats: lr: 0.000100  loss: 10.6422 (10.8002)  loss_bbox: 0.0900 (0.1112)  loss_bbox_aux_0: 0.0954 (0.1172)  loss_bbox_aux_1: 0.0903 (0.1128)  loss_bbox_aux_2: 0.1139 (0.1302)  loss_bbox_dn_0: 0.0566 (0.0620)  loss_bbox_dn_1: 0.0478 (0.0517)  loss_bbox_dn_2: 0.0471 (0.0505)  loss_giou: 1.0217 (1.0742)  loss_giou_aux_0: 1.0663 (1.1048)  loss_giou_aux_1: 1.0455 (1.0841)  loss_giou_aux_2: 1.1218 (1.1589)  loss_giou_dn_0: 0.8519 (0.8509)  loss_giou_dn_1: 0.7656 (0.7730)  loss_giou_dn_2: 0.7562 (0.7650)  loss_vfl: 0.4927 (0.4903)  loss_vfl_aux_0: 0.5041 (0.4960)  loss_vfl_aux_1: 0.5021 (0.4968)  loss_vfl_aux_2: 0.4992 (0.4927)  loss_vfl_dn_0: 0.4692 (0.4681)  loss_vfl_dn_1: 0.4548 (0.4566)  loss_vfl_dn_2: 0.4533 (0.4532)
Test:  [ 0/69]  eta: 0:01:38    time: 1.4275  data: 0.6343  max mem: 9927
Test:  [10/69]  eta: 0:00:36    time: 0.6117  data: 0.0748  max mem: 9927
Test:  [20/69]  eta: 0:00:28    time: 0.5380  data: 0.0197  max mem: 9927
Test:  [30/69]  eta: 0:00:21    time: 0.5243  data: 0.0204  max mem: 9927
Test:  [40/69]  eta: 0:00:15    time: 0.4818  data: 0.0207  max mem: 9927
Test:  [50/69]  eta: 0:00:10    time: 0.4928  data: 0.0208  max mem: 9927
Test:  [60/69]  eta: 0:00:04    time: 0.4828  data: 0.0204  max mem: 9927
Test:  [68/69]  eta: 0:00:00    time: 0.4528  data: 0.0198  max mem: 9927
Test: Total time: 0:00:35 (0.5121 s / it)
Averaged stats: 
Accumulating evaluation results...
DONE (t=1.88s).
IoU metric: bbox
 Average Precision  (AP) @[ IoU=0.50:0.95 | area=   all | maxDets=100 ] = 0.174
 Average Precision  (AP) @[ IoU=0.50      | area=   all | maxDets=100 ] = 0.296
 Average Precision  (AP) @[ IoU=0.75      | area=   all | maxDets=100 ] = 0.177
 Average Precision  (AP) @[ IoU=0.50:0.95 | area= small | maxDets=100 ] = 0.101
 Average Precision  (AP) @[ IoU=0.50:0.95 | area=medium | maxDets=100 ] = 0.252
 Average Precision  (AP) @[ IoU=0.50:0.95 | area= large | maxDets=100 ] = 0.350
 Average Recall     (AR) @[ IoU=0.50:0.95 | area=   all | maxDets=  1 ] = 0.085
 Average Recall     (AR) @[ IoU=0.50:0.95 | area=   all | maxDets= 10 ] = 0.236
 Average Recall     (AR) @[ IoU=0.50:0.95 | area=   all | maxDets=100 ] = 0.322
 Average Recall     (AR) @[ IoU=0.50:0.95 | area= small | maxDets=100 ] = 0.227
 Average Recall     (AR) @[ IoU=0.50:0.95 | area=medium | maxDets=100 ] = 0.443
 Average Recall     (AR) @[ IoU=0.50:0.95 | area= large | maxDets=100 ] = 0.535
best_stat:  {'epoch': 20, 'coco_eval_bbox': 0.17417034391636824}
Epoch: [21]  [  0/809]  eta: 1:19:44  lr: 0.000100  loss: 9.7569 (9.7569)  loss_bbox: 0.0672 (0.0672)  loss_bbox_aux_0: 0.0732 (0.0732)  loss_bbox_aux_1: 0.0697 (0.0697)  loss_bbox_aux_2: 0.0756 (0.0756)  loss_bbox_dn_0: 0.0569 (0.0569)  loss_bbox_dn_1: 0.0507 (0.0507)  loss_bbox_dn_2: 0.0501 (0.0501)  loss_giou: 0.8515 (0.8515)  loss_giou_aux_0: 0.8713 (0.8713)  loss_giou_aux_1: 0.8591 (0.8591)  loss_giou_aux_2: 0.9204 (0.9204)  loss_giou_dn_0: 0.7872 (0.7872)  loss_giou_dn_1: 0.7252 (0.7252)  loss_giou_dn_2: 0.7166 (0.7166)  loss_vfl: 0.5462 (0.5462)  loss_vfl_aux_0: 0.5621 (0.5621)  loss_vfl_aux_1: 0.5414 (0.5414)  loss_vfl_aux_2: 0.5689 (0.5689)  loss_vfl_dn_0: 0.4627 (0.4627)  loss_vfl_dn_1: 0.4521 (0.4521)  loss_vfl_dn_2: 0.4488 (0.4488)  time: 5.9143  data: 3.2617  max mem: 9927
Epoch: [21]  [100/809]  eta: 0:12:43  lr: 0.000100  loss: 10.9247 (10.9153)  loss_bbox: 0.0996 (0.1178)  loss_bbox_aux_0: 0.1050 (0.1231)  loss_bbox_aux_1: 0.0999 (0.1194)  loss_bbox_aux_2: 0.1143 (0.1351)  loss_bbox_dn_0: 0.0609 (0.0624)  loss_bbox_dn_1: 0.0529 (0.0524)  loss_bbox_dn_2: 0.0521 (0.0512)  loss_giou: 1.1108 (1.0964)  loss_giou_aux_0: 1.1216 (1.1273)  loss_giou_aux_1: 1.1165 (1.1066)  loss_giou_aux_2: 1.1740 (1.1796)  loss_giou_dn_0: 0.8821 (0.8552)  loss_giou_dn_1: 0.8052 (0.7801)  loss_giou_dn_2: 0.7934 (0.7724)  loss_vfl: 0.4945 (0.4865)  loss_vfl_aux_0: 0.5044 (0.4931)  loss_vfl_aux_1: 0.4982 (0.4932)  loss_vfl_aux_2: 0.5039 (0.4918)  loss_vfl_dn_0: 0.4651 (0.4670)  loss_vfl_dn_1: 0.4551 (0.4542)  loss_vfl_dn_2: 0.4532 (0.4507)  time: 1.0129  data: 0.0315  max mem: 9927
Epoch: [21]  [200/809]  eta: 0:10:30  lr: 0.000100  loss: 10.5785 (10.7670)  loss_bbox: 0.0997 (0.1121)  loss_bbox_aux_0: 0.1066 (0.1180)  loss_bbox_aux_1: 0.1032 (0.1136)  loss_bbox_aux_2: 0.1186 (0.1304)  loss_bbox_dn_0: 0.0558 (0.0638)  loss_bbox_dn_1: 0.0475 (0.0535)  loss_bbox_dn_2: 0.0469 (0.0522)  loss_giou: 1.0340 (1.0647)  loss_giou_aux_0: 1.0437 (1.0957)  loss_giou_aux_1: 1.0301 (1.0742)  loss_giou_aux_2: 1.1052 (1.1501)  loss_giou_dn_0: 0.8467 (0.8426)  loss_giou_dn_1: 0.7737 (0.7669)  loss_giou_dn_2: 0.7629 (0.7585)  loss_vfl: 0.5012 (0.4936)  loss_vfl_aux_0: 0.4937 (0.5002)  loss_vfl_aux_1: 0.5032 (0.5002)  loss_vfl_aux_2: 0.5092 (0.5008)  loss_vfl_dn_0: 0.4765 (0.4688)  loss_vfl_dn_1: 0.4641 (0.4555)  loss_vfl_dn_2: 0.4613 (0.4516)  time: 0.9677  data: 0.0303  max mem: 9927
Epoch: [21]  [300/809]  eta: 0:08:45  lr: 0.000100  loss: 10.6577 (10.7496)  loss_bbox: 0.0887 (0.1098)  loss_bbox_aux_0: 0.0968 (0.1157)  loss_bbox_aux_1: 0.0919 (0.1114)  loss_bbox_aux_2: 0.1071 (0.1276)  loss_bbox_dn_0: 0.0546 (0.0629)  loss_bbox_dn_1: 0.0462 (0.0526)  loss_bbox_dn_2: 0.0464 (0.0512)  loss_giou: 1.0354 (1.0626)  loss_giou_aux_0: 1.0666 (1.0938)  loss_giou_aux_1: 1.0484 (1.0726)  loss_giou_aux_2: 1.1164 (1.1483)  loss_giou_dn_0: 0.8191 (0.8437)  loss_giou_dn_1: 0.7538 (0.7670)  loss_giou_dn_2: 0.7483 (0.7589)  loss_vfl: 0.4976 (0.4946)  loss_vfl_aux_0: 0.4997 (0.5012)  loss_vfl_aux_1: 0.4990 (0.5009)  loss_vfl_aux_2: 0.5046 (0.5012)  loss_vfl_dn_0: 0.4663 (0.4679)  loss_vfl_dn_1: 0.4539 (0.4546)  loss_vfl_dn_2: 0.4477 (0.4510)  time: 1.0378  data: 0.0279  max mem: 9927
Epoch: [21]  [400/809]  eta: 0:06:59  lr: 0.000100  loss: 10.6727 (10.7401)  loss_bbox: 0.0977 (0.1079)  loss_bbox_aux_0: 0.1020 (0.1140)  loss_bbox_aux_1: 0.0991 (0.1096)  loss_bbox_aux_2: 0.1181 (0.1259)  loss_bbox_dn_0: 0.0574 (0.0627)  loss_bbox_dn_1: 0.0479 (0.0523)  loss_bbox_dn_2: 0.0468 (0.0510)  loss_giou: 1.0336 (1.0596)  loss_giou_aux_0: 1.0977 (1.0907)  loss_giou_aux_1: 1.0483 (1.0689)  loss_giou_aux_2: 1.1265 (1.1461)  loss_giou_dn_0: 0.8527 (0.8434)  loss_giou_dn_1: 0.7827 (0.7670)  loss_giou_dn_2: 0.7790 (0.7589)  loss_vfl: 0.5074 (0.4970)  loss_vfl_aux_0: 0.5210 (0.5032)  loss_vfl_aux_1: 0.5132 (0.5034)  loss_vfl_aux_2: 0.5205 (0.5026)  loss_vfl_dn_0: 0.4706 (0.4687)  loss_vfl_dn_1: 0.4515 (0.4554)  loss_vfl_dn_2: 0.4469 (0.4518)  time: 0.9944  data: 0.0292  max mem: 9927
Epoch: [21]  [500/809]  eta: 0:05:15  lr: 0.000100  loss: 10.5286 (10.7082)  loss_bbox: 0.0856 (0.1060)  loss_bbox_aux_0: 0.0910 (0.1121)  loss_bbox_aux_1: 0.0877 (0.1076)  loss_bbox_aux_2: 0.1051 (0.1241)  loss_bbox_dn_0: 0.0614 (0.0631)  loss_bbox_dn_1: 0.0487 (0.0526)  loss_bbox_dn_2: 0.0467 (0.0512)  loss_giou: 0.9353 (1.0520)  loss_giou_aux_0: 0.9777 (1.0834)  loss_giou_aux_1: 0.9464 (1.0611)  loss_giou_aux_2: 1.0406 (1.1393)  loss_giou_dn_0: 0.8219 (0.8431)  loss_giou_dn_1: 0.7286 (0.7653)  loss_giou_dn_2: 0.7180 (0.7570)  loss_vfl: 0.5356 (0.4991)  loss_vfl_aux_0: 0.5379 (0.5052)  loss_vfl_aux_1: 0.5358 (0.5055)  loss_vfl_aux_2: 0.5394 (0.5042)  loss_vfl_dn_0: 0.4707 (0.4686)  loss_vfl_dn_1: 0.4565 (0.4556)  loss_vfl_dn_2: 0.4530 (0.4520)  time: 0.9881  data: 0.0279  max mem: 9927
Epoch: [21]  [600/809]  eta: 0:03:33  lr: 0.000100  loss: 10.9026 (10.7157)  loss_bbox: 0.1004 (0.1060)  loss_bbox_aux_0: 0.1097 (0.1121)  loss_bbox_aux_1: 0.1027 (0.1076)  loss_bbox_aux_2: 0.1271 (0.1242)  loss_bbox_dn_0: 0.0560 (0.0631)  loss_bbox_dn_1: 0.0487 (0.0525)  loss_bbox_dn_2: 0.0467 (0.0512)  loss_giou: 1.1036 (1.0533)  loss_giou_aux_0: 1.1208 (1.0852)  loss_giou_aux_1: 1.1114 (1.0627)  loss_giou_aux_2: 1.1676 (1.1404)  loss_giou_dn_0: 0.8660 (0.8445)  loss_giou_dn_1: 0.7739 (0.7664)  loss_giou_dn_2: 0.7667 (0.7581)  loss_vfl: 0.4736 (0.4993)  loss_vfl_aux_0: 0.4693 (0.5044)  loss_vfl_aux_1: 0.4789 (0.5054)  loss_vfl_aux_2: 0.4765 (0.5033)  loss_vfl_dn_0: 0.4639 (0.4683)  loss_vfl_dn_1: 0.4550 (0.4556)  loss_vfl_dn_2: 0.4526 (0.4521)  time: 1.0067  data: 0.0273  max mem: 9927
Epoch: [21]  [700/809]  eta: 0:01:50  lr: 0.000100  loss: 10.3629 (10.7207)  loss_bbox: 0.0921 (0.1059)  loss_bbox_aux_0: 0.0955 (0.1119)  loss_bbox_aux_1: 0.0922 (0.1074)  loss_bbox_aux_2: 0.1063 (0.1241)  loss_bbox_dn_0: 0.0594 (0.0628)  loss_bbox_dn_1: 0.0494 (0.0523)  loss_bbox_dn_2: 0.0486 (0.0510)  loss_giou: 0.9961 (1.0551)  loss_giou_aux_0: 1.0273 (1.0867)  loss_giou_aux_1: 1.0072 (1.0644)  loss_giou_aux_2: 1.1435 (1.1420)  loss_giou_dn_0: 0.8211 (0.8440)  loss_giou_dn_1: 0.7579 (0.7660)  loss_giou_dn_2: 0.7531 (0.7578)  loss_vfl: 0.4961 (0.4994)  loss_vfl_aux_0: 0.5074 (0.5044)  loss_vfl_aux_1: 0.5020 (0.5055)  loss_vfl_aux_2: 0.5249 (0.5031)  loss_vfl_dn_0: 0.4717 (0.4687)  loss_vfl_dn_1: 0.4579 (0.4559)  loss_vfl_dn_2: 0.4553 (0.4524)  time: 0.9926  data: 0.0265  max mem: 9927
Epoch: [21]  [800/809]  eta: 0:00:09  lr: 0.000100  loss: 10.2762 (10.7282)  loss_bbox: 0.0928 (0.1071)  loss_bbox_aux_0: 0.0982 (0.1131)  loss_bbox_aux_1: 0.0878 (0.1086)  loss_bbox_aux_2: 0.1120 (0.1253)  loss_bbox_dn_0: 0.0620 (0.0624)  loss_bbox_dn_1: 0.0496 (0.0520)  loss_bbox_dn_2: 0.0486 (0.0507)  loss_giou: 0.9474 (1.0580)  loss_giou_aux_0: 0.9715 (1.0892)  loss_giou_aux_1: 0.9486 (1.0670)  loss_giou_aux_2: 1.0389 (1.1446)  loss_giou_dn_0: 0.8262 (0.8440)  loss_giou_dn_1: 0.7309 (0.7660)  loss_giou_dn_2: 0.7225 (0.7579)  loss_vfl: 0.5053 (0.4976)  loss_vfl_aux_0: 0.5115 (0.5027)  loss_vfl_aux_1: 0.5232 (0.5038)  loss_vfl_aux_2: 0.5159 (0.5015)  loss_vfl_dn_0: 0.4675 (0.4687)  loss_vfl_dn_1: 0.4569 (0.4558)  loss_vfl_dn_2: 0.4485 (0.4523)  time: 0.9793  data: 0.0280  max mem: 9927
Epoch: [21]  [808/809]  eta: 0:00:01  lr: 0.000100  loss: 10.4871 (10.7324)  loss_bbox: 0.0928 (0.1072)  loss_bbox_aux_0: 0.0982 (0.1132)  loss_bbox_aux_1: 0.0928 (0.1087)  loss_bbox_aux_2: 0.1117 (0.1254)  loss_bbox_dn_0: 0.0628 (0.0624)  loss_bbox_dn_1: 0.0522 (0.0520)  loss_bbox_dn_2: 0.0505 (0.0507)  loss_giou: 0.9565 (1.0586)  loss_giou_aux_0: 0.9758 (1.0899)  loss_giou_aux_1: 0.9569 (1.0676)  loss_giou_aux_2: 1.0750 (1.1452)  loss_giou_dn_0: 0.8262 (0.8443)  loss_giou_dn_1: 0.7309 (0.7663)  loss_giou_dn_2: 0.7225 (0.7582)  loss_vfl: 0.5107 (0.4978)  loss_vfl_aux_0: 0.5115 (0.5028)  loss_vfl_aux_1: 0.5232 (0.5040)  loss_vfl_aux_2: 0.5107 (0.5013)  loss_vfl_dn_0: 0.4688 (0.4687)  loss_vfl_dn_1: 0.4579 (0.4558)  loss_vfl_dn_2: 0.4535 (0.4523)  time: 0.8656  data: 0.0269  max mem: 9927
Epoch: [21] Total time: 0:13:40 (1.0147 s / it)
Averaged stats: lr: 0.000100  loss: 10.4871 (10.7324)  loss_bbox: 0.0928 (0.1072)  loss_bbox_aux_0: 0.0982 (0.1132)  loss_bbox_aux_1: 0.0928 (0.1087)  loss_bbox_aux_2: 0.1117 (0.1254)  loss_bbox_dn_0: 0.0628 (0.0624)  loss_bbox_dn_1: 0.0522 (0.0520)  loss_bbox_dn_2: 0.0505 (0.0507)  loss_giou: 0.9565 (1.0586)  loss_giou_aux_0: 0.9758 (1.0899)  loss_giou_aux_1: 0.9569 (1.0676)  loss_giou_aux_2: 1.0750 (1.1452)  loss_giou_dn_0: 0.8262 (0.8443)  loss_giou_dn_1: 0.7309 (0.7663)  loss_giou_dn_2: 0.7225 (0.7582)  loss_vfl: 0.5107 (0.4978)  loss_vfl_aux_0: 0.5115 (0.5028)  loss_vfl_aux_1: 0.5232 (0.5040)  loss_vfl_aux_2: 0.5107 (0.5013)  loss_vfl_dn_0: 0.4688 (0.4687)  loss_vfl_dn_1: 0.4579 (0.4558)  loss_vfl_dn_2: 0.4535 (0.4523)
Test:  [ 0/69]  eta: 0:01:21    time: 1.1833  data: 0.6586  max mem: 9927
Test:  [10/69]  eta: 0:00:34    time: 0.5864  data: 0.0761  max mem: 9927
Test:  [20/69]  eta: 0:00:28    time: 0.5451  data: 0.0196  max mem: 9927
Test:  [30/69]  eta: 0:00:21    time: 0.5473  data: 0.0217  max mem: 9927
Test:  [40/69]  eta: 0:00:15    time: 0.5025  data: 0.0218  max mem: 9927
Test:  [50/69]  eta: 0:00:10    time: 0.4952  data: 0.0211  max mem: 9927
Test:  [60/69]  eta: 0:00:04    time: 0.4676  data: 0.0201  max mem: 9927
Test:  [68/69]  eta: 0:00:00    time: 0.4369  data: 0.0188  max mem: 9927
Test: Total time: 0:00:35 (0.5120 s / it)
Averaged stats: 
Accumulating evaluation results...
DONE (t=1.90s).
IoU metric: bbox
 Average Precision  (AP) @[ IoU=0.50:0.95 | area=   all | maxDets=100 ] = 0.177
 Average Precision  (AP) @[ IoU=0.50      | area=   all | maxDets=100 ] = 0.300
 Average Precision  (AP) @[ IoU=0.75      | area=   all | maxDets=100 ] = 0.179
 Average Precision  (AP) @[ IoU=0.50:0.95 | area= small | maxDets=100 ] = 0.102
 Average Precision  (AP) @[ IoU=0.50:0.95 | area=medium | maxDets=100 ] = 0.255
 Average Precision  (AP) @[ IoU=0.50:0.95 | area= large | maxDets=100 ] = 0.359
 Average Recall     (AR) @[ IoU=0.50:0.95 | area=   all | maxDets=  1 ] = 0.085
 Average Recall     (AR) @[ IoU=0.50:0.95 | area=   all | maxDets= 10 ] = 0.238
 Average Recall     (AR) @[ IoU=0.50:0.95 | area=   all | maxDets=100 ] = 0.325
 Average Recall     (AR) @[ IoU=0.50:0.95 | area= small | maxDets=100 ] = 0.229
 Average Recall     (AR) @[ IoU=0.50:0.95 | area=medium | maxDets=100 ] = 0.447
 Average Recall     (AR) @[ IoU=0.50:0.95 | area= large | maxDets=100 ] = 0.536
best_stat:  {'epoch': 21, 'coco_eval_bbox': 0.17672090579068875}
Epoch: [22]  [  0/809]  eta: 1:15:49  lr: 0.000100  loss: 10.0028 (10.0028)  loss_bbox: 0.0859 (0.0859)  loss_bbox_aux_0: 0.0953 (0.0953)  loss_bbox_aux_1: 0.0885 (0.0885)  loss_bbox_aux_2: 0.1138 (0.1138)  loss_bbox_dn_0: 0.0847 (0.0847)  loss_bbox_dn_1: 0.0682 (0.0682)  loss_bbox_dn_2: 0.0664 (0.0664)  loss_giou: 0.8058 (0.8058)  loss_giou_aux_0: 0.8464 (0.8464)  loss_giou_aux_1: 0.8146 (0.8146)  loss_giou_aux_2: 0.9262 (0.9262)  loss_giou_dn_0: 0.7793 (0.7793)  loss_giou_dn_1: 0.6878 (0.6878)  loss_giou_dn_2: 0.6782 (0.6782)  loss_vfl: 0.6156 (0.6156)  loss_vfl_aux_0: 0.6047 (0.6047)  loss_vfl_aux_1: 0.6225 (0.6225)  loss_vfl_aux_2: 0.5977 (0.5977)  loss_vfl_dn_0: 0.4883 (0.4883)  loss_vfl_dn_1: 0.4682 (0.4682)  loss_vfl_dn_2: 0.4647 (0.4647)  time: 5.6242  data: 2.4239  max mem: 9927
Epoch: [22]  [100/809]  eta: 0:12:20  lr: 0.000100  loss: 11.2001 (10.7335)  loss_bbox: 0.1123 (0.1064)  loss_bbox_aux_0: 0.1188 (0.1128)  loss_bbox_aux_1: 0.1128 (0.1083)  loss_bbox_aux_2: 0.1333 (0.1263)  loss_bbox_dn_0: 0.0530 (0.0625)  loss_bbox_dn_1: 0.0442 (0.0523)  loss_bbox_dn_2: 0.0439 (0.0510)  loss_giou: 1.2036 (1.0630)  loss_giou_aux_0: 1.2454 (1.0951)  loss_giou_aux_1: 1.2142 (1.0717)  loss_giou_aux_2: 1.2992 (1.1464)  loss_giou_dn_0: 0.8740 (0.8436)  loss_giou_dn_1: 0.7997 (0.7688)  loss_giou_dn_2: 0.7950 (0.7607)  loss_vfl: 0.4407 (0.4932)  loss_vfl_aux_0: 0.4539 (0.4980)  loss_vfl_aux_1: 0.4461 (0.4980)  loss_vfl_aux_2: 0.4422 (0.4974)  loss_vfl_dn_0: 0.4549 (0.4689)  loss_vfl_dn_1: 0.4512 (0.4563)  loss_vfl_dn_2: 0.4456 (0.4528)  time: 0.9778  data: 0.0263  max mem: 9927
Epoch: [22]  [200/809]  eta: 0:10:20  lr: 0.000100  loss: 10.3793 (10.6777)  loss_bbox: 0.0932 (0.1067)  loss_bbox_aux_0: 0.0996 (0.1128)  loss_bbox_aux_1: 0.0960 (0.1084)  loss_bbox_aux_2: 0.1151 (0.1260)  loss_bbox_dn_0: 0.0578 (0.0624)  loss_bbox_dn_1: 0.0491 (0.0522)  loss_bbox_dn_2: 0.0475 (0.0508)  loss_giou: 1.0009 (1.0496)  loss_giou_aux_0: 1.0398 (1.0813)  loss_giou_aux_1: 1.0202 (1.0590)  loss_giou_aux_2: 1.1001 (1.1354)  loss_giou_dn_0: 0.8192 (0.8417)  loss_giou_dn_1: 0.7288 (0.7655)  loss_giou_dn_2: 0.7186 (0.7572)  loss_vfl: 0.4790 (0.4938)  loss_vfl_aux_0: 0.4959 (0.5000)  loss_vfl_aux_1: 0.4851 (0.4996)  loss_vfl_aux_2: 0.4787 (0.4976)  loss_vfl_dn_0: 0.4695 (0.4693)  loss_vfl_dn_1: 0.4574 (0.4559)  loss_vfl_dn_2: 0.4488 (0.4524)  time: 1.0088  data: 0.0304  max mem: 9927
Epoch: [22]  [300/809]  eta: 0:08:39  lr: 0.000100  loss: 10.5004 (10.6209)  loss_bbox: 0.0893 (0.1055)  loss_bbox_aux_0: 0.0933 (0.1113)  loss_bbox_aux_1: 0.0878 (0.1069)  loss_bbox_aux_2: 0.1067 (0.1245)  loss_bbox_dn_0: 0.0600 (0.0633)  loss_bbox_dn_1: 0.0492 (0.0529)  loss_bbox_dn_2: 0.0483 (0.0515)  loss_giou: 0.9971 (1.0341)  loss_giou_aux_0: 1.0273 (1.0659)  loss_giou_aux_1: 1.0015 (1.0441)  loss_giou_aux_2: 1.0657 (1.1229)  loss_giou_dn_0: 0.8142 (0.8361)  loss_giou_dn_1: 0.7373 (0.7594)  loss_giou_dn_2: 0.7318 (0.7512)  loss_vfl: 0.5245 (0.4992)  loss_vfl_aux_0: 0.5297 (0.5059)  loss_vfl_aux_1: 0.5263 (0.5053)  loss_vfl_aux_2: 0.5146 (0.5036)  loss_vfl_dn_0: 0.4759 (0.4696)  loss_vfl_dn_1: 0.4575 (0.4557)  loss_vfl_dn_2: 0.4515 (0.4521)  time: 1.0119  data: 0.0278  max mem: 9927
Epoch: [22]  [400/809]  eta: 0:06:55  lr: 0.000100  loss: 10.6158 (10.6019)  loss_bbox: 0.0970 (0.1054)  loss_bbox_aux_0: 0.1071 (0.1108)  loss_bbox_aux_1: 0.1032 (0.1067)  loss_bbox_aux_2: 0.1179 (0.1240)  loss_bbox_dn_0: 0.0613 (0.0629)  loss_bbox_dn_1: 0.0526 (0.0525)  loss_bbox_dn_2: 0.0516 (0.0512)  loss_giou: 1.0150 (1.0315)  loss_giou_aux_0: 1.0367 (1.0630)  loss_giou_aux_1: 1.0236 (1.0414)  loss_giou_aux_2: 1.1032 (1.1207)  loss_giou_dn_0: 0.8262 (0.8324)  loss_giou_dn_1: 0.7542 (0.7562)  loss_giou_dn_2: 0.7415 (0.7480)  loss_vfl: 0.5232 (0.4993)  loss_vfl_aux_0: 0.5252 (0.5069)  loss_vfl_aux_1: 0.5204 (0.5061)  loss_vfl_aux_2: 0.5352 (0.5040)  loss_vfl_dn_0: 0.4658 (0.4701)  loss_vfl_dn_1: 0.4542 (0.4561)  loss_vfl_dn_2: 0.4497 (0.4526)  time: 1.0137  data: 0.0272  max mem: 9927
Epoch: [22]  [500/809]  eta: 0:05:13  lr: 0.000100  loss: 10.9427 (10.6377)  loss_bbox: 0.1043 (0.1060)  loss_bbox_aux_0: 0.1147 (0.1118)  loss_bbox_aux_1: 0.1109 (0.1074)  loss_bbox_aux_2: 0.1198 (0.1249)  loss_bbox_dn_0: 0.0591 (0.0629)  loss_bbox_dn_1: 0.0483 (0.0524)  loss_bbox_dn_2: 0.0473 (0.0511)  loss_giou: 1.0494 (1.0385)  loss_giou_aux_0: 1.0752 (1.0706)  loss_giou_aux_1: 1.0607 (1.0487)  loss_giou_aux_2: 1.1326 (1.1275)  loss_giou_dn_0: 0.8700 (0.8345)  loss_giou_dn_1: 0.7854 (0.7581)  loss_giou_dn_2: 0.7857 (0.7500)  loss_vfl: 0.5000 (0.4988)  loss_vfl_aux_0: 0.5024 (0.5058)  loss_vfl_aux_1: 0.5024 (0.5053)  loss_vfl_aux_2: 0.4849 (0.5033)  loss_vfl_dn_0: 0.4694 (0.4705)  loss_vfl_dn_1: 0.4568 (0.4564)  loss_vfl_dn_2: 0.4561 (0.4530)  time: 1.0171  data: 0.0282  max mem: 9927
Epoch: [22]  [600/809]  eta: 0:03:32  lr: 0.000100  loss: 10.8925 (10.6683)  loss_bbox: 0.0982 (0.1074)  loss_bbox_aux_0: 0.1065 (0.1132)  loss_bbox_aux_1: 0.0968 (0.1088)  loss_bbox_aux_2: 0.1240 (0.1263)  loss_bbox_dn_0: 0.0584 (0.0629)  loss_bbox_dn_1: 0.0493 (0.0524)  loss_bbox_dn_2: 0.0485 (0.0511)  loss_giou: 1.1128 (1.0446)  loss_giou_aux_0: 1.1438 (1.0764)  loss_giou_aux_1: 1.1305 (1.0549)  loss_giou_aux_2: 1.1774 (1.1330)  loss_giou_dn_0: 0.8537 (0.8369)  loss_giou_dn_1: 0.7739 (0.7598)  loss_giou_dn_2: 0.7703 (0.7516)  loss_vfl: 0.4637 (0.4981)  loss_vfl_aux_0: 0.4649 (0.5043)  loss_vfl_aux_1: 0.4741 (0.5045)  loss_vfl_aux_2: 0.4585 (0.5018)  loss_vfl_dn_0: 0.4676 (0.4703)  loss_vfl_dn_1: 0.4527 (0.4566)  loss_vfl_dn_2: 0.4472 (0.4533)  time: 1.0269  data: 0.0314  max mem: 9927
Epoch: [22]  [700/809]  eta: 0:01:50  lr: 0.000100  loss: 11.0163 (10.6860)  loss_bbox: 0.1166 (0.1077)  loss_bbox_aux_0: 0.1254 (0.1138)  loss_bbox_aux_1: 0.1193 (0.1091)  loss_bbox_aux_2: 0.1356 (0.1268)  loss_bbox_dn_0: 0.0563 (0.0624)  loss_bbox_dn_1: 0.0452 (0.0521)  loss_bbox_dn_2: 0.0440 (0.0508)  loss_giou: 1.0996 (1.0508)  loss_giou_aux_0: 1.1384 (1.0827)  loss_giou_aux_1: 1.1020 (1.0608)  loss_giou_aux_2: 1.2061 (1.1384)  loss_giou_dn_0: 0.8611 (0.8386)  loss_giou_dn_1: 0.7899 (0.7617)  loss_giou_dn_2: 0.7767 (0.7535)  loss_vfl: 0.4450 (0.4952)  loss_vfl_aux_0: 0.4594 (0.5015)  loss_vfl_aux_1: 0.4505 (0.5018)  loss_vfl_aux_2: 0.4419 (0.4992)  loss_vfl_dn_0: 0.4667 (0.4698)  loss_vfl_dn_1: 0.4532 (0.4562)  loss_vfl_dn_2: 0.4515 (0.4528)  time: 1.0284  data: 0.0322  max mem: 9927
Epoch: [22]  [800/809]  eta: 0:00:09  lr: 0.000100  loss: 10.4871 (10.6789)  loss_bbox: 0.0940 (0.1084)  loss_bbox_aux_0: 0.1006 (0.1145)  loss_bbox_aux_1: 0.0960 (0.1098)  loss_bbox_aux_2: 0.1127 (0.1276)  loss_bbox_dn_0: 0.0643 (0.0625)  loss_bbox_dn_1: 0.0525 (0.0521)  loss_bbox_dn_2: 0.0525 (0.0508)  loss_giou: 0.9925 (1.0489)  loss_giou_aux_0: 1.0323 (1.0805)  loss_giou_aux_1: 1.0066 (1.0587)  loss_giou_aux_2: 1.0855 (1.1362)  loss_giou_dn_0: 0.8389 (0.8377)  loss_giou_dn_1: 0.7602 (0.7602)  loss_giou_dn_2: 0.7481 (0.7520)  loss_vfl: 0.5055 (0.4956)  loss_vfl_aux_0: 0.5027 (0.5020)  loss_vfl_aux_1: 0.5085 (0.5022)  loss_vfl_aux_2: 0.5052 (0.5000)  loss_vfl_dn_0: 0.4690 (0.4699)  loss_vfl_dn_1: 0.4583 (0.4563)  loss_vfl_dn_2: 0.4555 (0.4529)  time: 0.9784  data: 0.0346  max mem: 9927
Epoch: [22]  [808/809]  eta: 0:00:01  lr: 0.000100  loss: 10.4871 (10.6844)  loss_bbox: 0.0915 (0.1084)  loss_bbox_aux_0: 0.0962 (0.1145)  loss_bbox_aux_1: 0.0928 (0.1099)  loss_bbox_aux_2: 0.1097 (0.1277)  loss_bbox_dn_0: 0.0633 (0.0625)  loss_bbox_dn_1: 0.0523 (0.0521)  loss_bbox_dn_2: 0.0493 (0.0508)  loss_giou: 0.9925 (1.0503)  loss_giou_aux_0: 1.0323 (1.0820)  loss_giou_aux_1: 1.0066 (1.0602)  loss_giou_aux_2: 1.1103 (1.1376)  loss_giou_dn_0: 0.8504 (0.8383)  loss_giou_dn_1: 0.7786 (0.7608)  loss_giou_dn_2: 0.7677 (0.7527)  loss_vfl: 0.4936 (0.4951)  loss_vfl_aux_0: 0.5027 (0.5015)  loss_vfl_aux_1: 0.5085 (0.5017)  loss_vfl_aux_2: 0.5090 (0.4995)  loss_vfl_dn_0: 0.4632 (0.4698)  loss_vfl_dn_1: 0.4547 (0.4563)  loss_vfl_dn_2: 0.4525 (0.4528)  time: 0.8910  data: 0.0318  max mem: 9927
Epoch: [22] Total time: 0:13:37 (1.0103 s / it)
Averaged stats: lr: 0.000100  loss: 10.4871 (10.6844)  loss_bbox: 0.0915 (0.1084)  loss_bbox_aux_0: 0.0962 (0.1145)  loss_bbox_aux_1: 0.0928 (0.1099)  loss_bbox_aux_2: 0.1097 (0.1277)  loss_bbox_dn_0: 0.0633 (0.0625)  loss_bbox_dn_1: 0.0523 (0.0521)  loss_bbox_dn_2: 0.0493 (0.0508)  loss_giou: 0.9925 (1.0503)  loss_giou_aux_0: 1.0323 (1.0820)  loss_giou_aux_1: 1.0066 (1.0602)  loss_giou_aux_2: 1.1103 (1.1376)  loss_giou_dn_0: 0.8504 (0.8383)  loss_giou_dn_1: 0.7786 (0.7608)  loss_giou_dn_2: 0.7677 (0.7527)  loss_vfl: 0.4936 (0.4951)  loss_vfl_aux_0: 0.5027 (0.5015)  loss_vfl_aux_1: 0.5085 (0.5017)  loss_vfl_aux_2: 0.5090 (0.4995)  loss_vfl_dn_0: 0.4632 (0.4698)  loss_vfl_dn_1: 0.4547 (0.4563)  loss_vfl_dn_2: 0.4525 (0.4528)
Test:  [ 0/69]  eta: 0:01:35    time: 1.3882  data: 0.6535  max mem: 9927
Test:  [10/69]  eta: 0:00:35    time: 0.6044  data: 0.0788  max mem: 9927
Test:  [20/69]  eta: 0:00:28    time: 0.5401  data: 0.0219  max mem: 9927
Test:  [30/69]  eta: 0:00:22    time: 0.5507  data: 0.0216  max mem: 9927
Test:  [40/69]  eta: 0:00:15    time: 0.5092  data: 0.0212  max mem: 9927
Test:  [50/69]  eta: 0:00:09    time: 0.4498  data: 0.0214  max mem: 9927
Test:  [60/69]  eta: 0:00:04    time: 0.4723  data: 0.0222  max mem: 9927
Test:  [68/69]  eta: 0:00:00    time: 0.4814  data: 0.0211  max mem: 9927
Test: Total time: 0:00:35 (0.5156 s / it)
Averaged stats: 
Accumulating evaluation results...
DONE (t=1.93s).
IoU metric: bbox
 Average Precision  (AP) @[ IoU=0.50:0.95 | area=   all | maxDets=100 ] = 0.179
 Average Precision  (AP) @[ IoU=0.50      | area=   all | maxDets=100 ] = 0.303
 Average Precision  (AP) @[ IoU=0.75      | area=   all | maxDets=100 ] = 0.181
 Average Precision  (AP) @[ IoU=0.50:0.95 | area= small | maxDets=100 ] = 0.103
 Average Precision  (AP) @[ IoU=0.50:0.95 | area=medium | maxDets=100 ] = 0.256
 Average Precision  (AP) @[ IoU=0.50:0.95 | area= large | maxDets=100 ] = 0.363
 Average Recall     (AR) @[ IoU=0.50:0.95 | area=   all | maxDets=  1 ] = 0.086
 Average Recall     (AR) @[ IoU=0.50:0.95 | area=   all | maxDets= 10 ] = 0.240
 Average Recall     (AR) @[ IoU=0.50:0.95 | area=   all | maxDets=100 ] = 0.327
 Average Recall     (AR) @[ IoU=0.50:0.95 | area= small | maxDets=100 ] = 0.231
 Average Recall     (AR) @[ IoU=0.50:0.95 | area=medium | maxDets=100 ] = 0.450
 Average Recall     (AR) @[ IoU=0.50:0.95 | area= large | maxDets=100 ] = 0.538
best_stat:  {'epoch': 22, 'coco_eval_bbox': 0.1785002074938086}
Epoch: [23]  [  0/809]  eta: 1:21:18  lr: 0.000100  loss: 13.0313 (13.0313)  loss_bbox: 0.1834 (0.1834)  loss_bbox_aux_0: 0.1951 (0.1951)  loss_bbox_aux_1: 0.1871 (0.1871)  loss_bbox_aux_2: 0.2104 (0.2104)  loss_bbox_dn_0: 0.0390 (0.0390)  loss_bbox_dn_1: 0.0337 (0.0337)  loss_bbox_dn_2: 0.0327 (0.0327)  loss_giou: 1.6869 (1.6869)  loss_giou_aux_0: 1.6979 (1.6979)  loss_giou_aux_1: 1.6979 (1.6979)  loss_giou_aux_2: 1.6949 (1.6949)  loss_giou_dn_0: 0.9775 (0.9775)  loss_giou_dn_1: 0.9266 (0.9266)  loss_giou_dn_2: 0.9228 (0.9228)  loss_vfl: 0.3026 (0.3026)  loss_vfl_aux_0: 0.3083 (0.3083)  loss_vfl_aux_1: 0.3031 (0.3031)  loss_vfl_aux_2: 0.3033 (0.3033)  loss_vfl_dn_0: 0.4490 (0.4490)  loss_vfl_dn_1: 0.4411 (0.4411)  loss_vfl_dn_2: 0.4381 (0.4381)  time: 6.0307  data: 3.1942  max mem: 9927
Epoch: [23]  [100/809]  eta: 0:12:34  lr: 0.000100  loss: 10.7037 (10.6283)  loss_bbox: 0.0860 (0.1045)  loss_bbox_aux_0: 0.0939 (0.1104)  loss_bbox_aux_1: 0.0861 (0.1055)  loss_bbox_aux_2: 0.1064 (0.1224)  loss_bbox_dn_0: 0.0539 (0.0617)  loss_bbox_dn_1: 0.0454 (0.0506)  loss_bbox_dn_2: 0.0433 (0.0494)  loss_giou: 1.0846 (1.0430)  loss_giou_aux_0: 1.1425 (1.0711)  loss_giou_aux_1: 1.1050 (1.0528)  loss_giou_aux_2: 1.1828 (1.1316)  loss_giou_dn_0: 0.8493 (0.8408)  loss_giou_dn_1: 0.7804 (0.7583)  loss_giou_dn_2: 0.7731 (0.7502)  loss_vfl: 0.4805 (0.4969)  loss_vfl_aux_0: 0.4762 (0.5023)  loss_vfl_aux_1: 0.4893 (0.5046)  loss_vfl_aux_2: 0.4721 (0.4970)  loss_vfl_dn_0: 0.4604 (0.4687)  loss_vfl_dn_1: 0.4545 (0.4550)  loss_vfl_dn_2: 0.4482 (0.4515)  time: 1.0209  data: 0.0299  max mem: 9927
Epoch: [23]  [200/809]  eta: 0:10:34  lr: 0.000100  loss: 10.6234 (10.6715)  loss_bbox: 0.0982 (0.1054)  loss_bbox_aux_0: 0.1061 (0.1117)  loss_bbox_aux_1: 0.1021 (0.1066)  loss_bbox_aux_2: 0.1173 (0.1244)  loss_bbox_dn_0: 0.0571 (0.0607)  loss_bbox_dn_1: 0.0482 (0.0502)  loss_bbox_dn_2: 0.0459 (0.0491)  loss_giou: 1.0247 (1.0489)  loss_giou_aux_0: 1.0503 (1.0781)  loss_giou_aux_1: 1.0306 (1.0591)  loss_giou_aux_2: 1.0999 (1.1371)  loss_giou_dn_0: 0.8464 (0.8398)  loss_giou_dn_1: 0.7595 (0.7592)  loss_giou_dn_2: 0.7497 (0.7514)  loss_vfl: 0.5014 (0.4998)  loss_vfl_aux_0: 0.5090 (0.5047)  loss_vfl_aux_1: 0.5072 (0.5070)  loss_vfl_aux_2: 0.5120 (0.5002)  loss_vfl_dn_0: 0.4663 (0.4694)  loss_vfl_dn_1: 0.4512 (0.4561)  loss_vfl_dn_2: 0.4495 (0.4524)  time: 0.9997  data: 0.0291  max mem: 9927
Epoch: [23]  [300/809]  eta: 0:08:46  lr: 0.000100  loss: 10.4747 (10.7065)  loss_bbox: 0.0972 (0.1072)  loss_bbox_aux_0: 0.1084 (0.1136)  loss_bbox_aux_1: 0.1017 (0.1087)  loss_bbox_aux_2: 0.1196 (0.1267)  loss_bbox_dn_0: 0.0611 (0.0606)  loss_bbox_dn_1: 0.0490 (0.0503)  loss_bbox_dn_2: 0.0483 (0.0491)  loss_giou: 0.9783 (1.0592)  loss_giou_aux_0: 1.0174 (1.0884)  loss_giou_aux_1: 0.9985 (1.0692)  loss_giou_aux_2: 1.0814 (1.1461)  loss_giou_dn_0: 0.8539 (0.8441)  loss_giou_dn_1: 0.7645 (0.7641)  loss_giou_dn_2: 0.7524 (0.7561)  loss_vfl: 0.5066 (0.4941)  loss_vfl_aux_0: 0.5073 (0.4990)  loss_vfl_aux_1: 0.5098 (0.5009)  loss_vfl_aux_2: 0.5142 (0.4947)  loss_vfl_dn_0: 0.4625 (0.4679)  loss_vfl_dn_1: 0.4550 (0.4552)  loss_vfl_dn_2: 0.4494 (0.4514)  time: 1.0015  data: 0.0267  max mem: 9927
Epoch: [23]  [400/809]  eta: 0:07:02  lr: 0.000100  loss: 10.5548 (10.6685)  loss_bbox: 0.1051 (0.1052)  loss_bbox_aux_0: 0.1086 (0.1113)  loss_bbox_aux_1: 0.1074 (0.1067)  loss_bbox_aux_2: 0.1198 (0.1246)  loss_bbox_dn_0: 0.0601 (0.0613)  loss_bbox_dn_1: 0.0527 (0.0509)  loss_bbox_dn_2: 0.0522 (0.0496)  loss_giou: 1.0234 (1.0501)  loss_giou_aux_0: 1.0445 (1.0796)  loss_giou_aux_1: 1.0301 (1.0600)  loss_giou_aux_2: 1.1117 (1.1377)  loss_giou_dn_0: 0.8303 (0.8407)  loss_giou_dn_1: 0.7497 (0.7612)  loss_giou_dn_2: 0.7467 (0.7531)  loss_vfl: 0.4974 (0.4970)  loss_vfl_aux_0: 0.5014 (0.5025)  loss_vfl_aux_1: 0.5029 (0.5038)  loss_vfl_aux_2: 0.4807 (0.4981)  loss_vfl_dn_0: 0.4680 (0.4683)  loss_vfl_dn_1: 0.4581 (0.4553)  loss_vfl_dn_2: 0.4575 (0.4515)  time: 0.9839  data: 0.0255  max mem: 9927
Epoch: [23]  [500/809]  eta: 0:05:17  lr: 0.000100  loss: 10.1374 (10.6493)  loss_bbox: 0.0874 (0.1048)  loss_bbox_aux_0: 0.0972 (0.1109)  loss_bbox_aux_1: 0.0885 (0.1063)  loss_bbox_aux_2: 0.1071 (0.1243)  loss_bbox_dn_0: 0.0684 (0.0619)  loss_bbox_dn_1: 0.0553 (0.0513)  loss_bbox_dn_2: 0.0520 (0.0500)  loss_giou: 0.9503 (1.0464)  loss_giou_aux_0: 0.9698 (1.0756)  loss_giou_aux_1: 0.9563 (1.0562)  loss_giou_aux_2: 1.0315 (1.1340)  loss_giou_dn_0: 0.8241 (0.8388)  loss_giou_dn_1: 0.7422 (0.7596)  loss_giou_dn_2: 0.7335 (0.7515)  loss_vfl: 0.5078 (0.4973)  loss_vfl_aux_0: 0.5052 (0.5029)  loss_vfl_aux_1: 0.5057 (0.5042)  loss_vfl_aux_2: 0.5082 (0.4987)  loss_vfl_dn_0: 0.4688 (0.4681)  loss_vfl_dn_1: 0.4539 (0.4550)  loss_vfl_dn_2: 0.4502 (0.4514)  time: 1.0285  data: 0.0303  max mem: 9927
Epoch: [23]  [600/809]  eta: 0:03:33  lr: 0.000100  loss: 10.6222 (10.6460)  loss_bbox: 0.0969 (0.1051)  loss_bbox_aux_0: 0.1016 (0.1111)  loss_bbox_aux_1: 0.0973 (0.1066)  loss_bbox_aux_2: 0.1159 (0.1245)  loss_bbox_dn_0: 0.0594 (0.0618)  loss_bbox_dn_1: 0.0513 (0.0513)  loss_bbox_dn_2: 0.0498 (0.0500)  loss_giou: 1.0509 (1.0459)  loss_giou_aux_0: 1.0819 (1.0750)  loss_giou_aux_1: 1.0709 (1.0557)  loss_giou_aux_2: 1.1434 (1.1336)  loss_giou_dn_0: 0.8447 (0.8388)  loss_giou_dn_1: 0.7610 (0.7596)  loss_giou_dn_2: 0.7537 (0.7515)  loss_vfl: 0.4709 (0.4966)  loss_vfl_aux_0: 0.4705 (0.5023)  loss_vfl_aux_1: 0.4656 (0.5033)  loss_vfl_aux_2: 0.4639 (0.4985)  loss_vfl_dn_0: 0.4724 (0.4683)  loss_vfl_dn_1: 0.4586 (0.4550)  loss_vfl_dn_2: 0.4544 (0.4514)  time: 0.9887  data: 0.0251  max mem: 9927
Epoch: [23]  [700/809]  eta: 0:01:51  lr: 0.000100  loss: 10.4519 (10.6579)  loss_bbox: 0.1004 (0.1060)  loss_bbox_aux_0: 0.1071 (0.1123)  loss_bbox_aux_1: 0.1025 (0.1077)  loss_bbox_aux_2: 0.1204 (0.1257)  loss_bbox_dn_0: 0.0619 (0.0618)  loss_bbox_dn_1: 0.0508 (0.0513)  loss_bbox_dn_2: 0.0487 (0.0500)  loss_giou: 1.0662 (1.0485)  loss_giou_aux_0: 1.1021 (1.0779)  loss_giou_aux_1: 1.0775 (1.0583)  loss_giou_aux_2: 1.1557 (1.1356)  loss_giou_dn_0: 0.8073 (0.8388)  loss_giou_dn_1: 0.7283 (0.7595)  loss_giou_dn_2: 0.7223 (0.7513)  loss_vfl: 0.4533 (0.4958)  loss_vfl_aux_0: 0.4619 (0.5017)  loss_vfl_aux_1: 0.4737 (0.5027)  loss_vfl_aux_2: 0.4895 (0.4989)  loss_vfl_dn_0: 0.4758 (0.4680)  loss_vfl_dn_1: 0.4613 (0.4549)  loss_vfl_dn_2: 0.4593 (0.4514)  time: 1.0002  data: 0.0277  max mem: 9927
Epoch: [23]  [800/809]  eta: 0:00:09  lr: 0.000100  loss: 11.0068 (10.6779)  loss_bbox: 0.1130 (0.1070)  loss_bbox_aux_0: 0.1192 (0.1132)  loss_bbox_aux_1: 0.1177 (0.1087)  loss_bbox_aux_2: 0.1423 (0.1265)  loss_bbox_dn_0: 0.0554 (0.0618)  loss_bbox_dn_1: 0.0467 (0.0513)  loss_bbox_dn_2: 0.0455 (0.0500)  loss_giou: 1.1172 (1.0539)  loss_giou_aux_0: 1.1398 (1.0835)  loss_giou_aux_1: 1.1191 (1.0637)  loss_giou_aux_2: 1.1767 (1.1406)  loss_giou_dn_0: 0.8465 (0.8411)  loss_giou_dn_1: 0.7665 (0.7617)  loss_giou_dn_2: 0.7543 (0.7534)  loss_vfl: 0.4479 (0.4929)  loss_vfl_aux_0: 0.4579 (0.4991)  loss_vfl_aux_1: 0.4514 (0.4998)  loss_vfl_aux_2: 0.4479 (0.4963)  loss_vfl_dn_0: 0.4601 (0.4676)  loss_vfl_dn_1: 0.4495 (0.4547)  loss_vfl_dn_2: 0.4458 (0.4511)  time: 1.0316  data: 0.0342  max mem: 9927
Epoch: [23]  [808/809]  eta: 0:00:01  lr: 0.000100  loss: 10.8080 (10.6757)  loss_bbox: 0.0916 (0.1068)  loss_bbox_aux_0: 0.1012 (0.1129)  loss_bbox_aux_1: 0.0951 (0.1084)  loss_bbox_aux_2: 0.1241 (0.1263)  loss_bbox_dn_0: 0.0551 (0.0619)  loss_bbox_dn_1: 0.0479 (0.0513)  loss_bbox_dn_2: 0.0456 (0.0500)  loss_giou: 1.0299 (1.0529)  loss_giou_aux_0: 1.0641 (1.0825)  loss_giou_aux_1: 1.0357 (1.0627)  loss_giou_aux_2: 1.1568 (1.1399)  loss_giou_dn_0: 0.8522 (0.8411)  loss_giou_dn_1: 0.7864 (0.7616)  loss_giou_dn_2: 0.7699 (0.7533)  loss_vfl: 0.4944 (0.4935)  loss_vfl_aux_0: 0.4890 (0.4997)  loss_vfl_aux_1: 0.4996 (0.5005)  loss_vfl_aux_2: 0.4819 (0.4969)  loss_vfl_dn_0: 0.4625 (0.4676)  loss_vfl_dn_1: 0.4508 (0.4547)  loss_vfl_dn_2: 0.4473 (0.4511)  time: 0.9262  data: 0.0319  max mem: 9927
Epoch: [23] Total time: 0:13:42 (1.0161 s / it)
Averaged stats: lr: 0.000100  loss: 10.8080 (10.6757)  loss_bbox: 0.0916 (0.1068)  loss_bbox_aux_0: 0.1012 (0.1129)  loss_bbox_aux_1: 0.0951 (0.1084)  loss_bbox_aux_2: 0.1241 (0.1263)  loss_bbox_dn_0: 0.0551 (0.0619)  loss_bbox_dn_1: 0.0479 (0.0513)  loss_bbox_dn_2: 0.0456 (0.0500)  loss_giou: 1.0299 (1.0529)  loss_giou_aux_0: 1.0641 (1.0825)  loss_giou_aux_1: 1.0357 (1.0627)  loss_giou_aux_2: 1.1568 (1.1399)  loss_giou_dn_0: 0.8522 (0.8411)  loss_giou_dn_1: 0.7864 (0.7616)  loss_giou_dn_2: 0.7699 (0.7533)  loss_vfl: 0.4944 (0.4935)  loss_vfl_aux_0: 0.4890 (0.4997)  loss_vfl_aux_1: 0.4996 (0.5005)  loss_vfl_aux_2: 0.4819 (0.4969)  loss_vfl_dn_0: 0.4625 (0.4676)  loss_vfl_dn_1: 0.4508 (0.4547)  loss_vfl_dn_2: 0.4473 (0.4511)
Test:  [ 0/69]  eta: 0:01:19    time: 1.1510  data: 0.6374  max mem: 9927
Test:  [10/69]  eta: 0:00:34    time: 0.5796  data: 0.0758  max mem: 9927
Test:  [20/69]  eta: 0:00:27    time: 0.5343  data: 0.0199  max mem: 9927
Test:  [30/69]  eta: 0:00:21    time: 0.5256  data: 0.0216  max mem: 9927
Test:  [40/69]  eta: 0:00:15    time: 0.4838  data: 0.0223  max mem: 9927
Test:  [50/69]  eta: 0:00:09    time: 0.4568  data: 0.0214  max mem: 9927
Test:  [60/69]  eta: 0:00:04    time: 0.4755  data: 0.0215  max mem: 9927
Test:  [68/69]  eta: 0:00:00    time: 0.4751  data: 0.0199  max mem: 9927
Test: Total time: 0:00:34 (0.5047 s / it)
Averaged stats: 
Accumulating evaluation results...
DONE (t=1.89s).
IoU metric: bbox
 Average Precision  (AP) @[ IoU=0.50:0.95 | area=   all | maxDets=100 ] = 0.179
 Average Precision  (AP) @[ IoU=0.50      | area=   all | maxDets=100 ] = 0.304
 Average Precision  (AP) @[ IoU=0.75      | area=   all | maxDets=100 ] = 0.181
 Average Precision  (AP) @[ IoU=0.50:0.95 | area= small | maxDets=100 ] = 0.105
 Average Precision  (AP) @[ IoU=0.50:0.95 | area=medium | maxDets=100 ] = 0.259
 Average Precision  (AP) @[ IoU=0.50:0.95 | area= large | maxDets=100 ] = 0.365
 Average Recall     (AR) @[ IoU=0.50:0.95 | area=   all | maxDets=  1 ] = 0.085
 Average Recall     (AR) @[ IoU=0.50:0.95 | area=   all | maxDets= 10 ] = 0.241
 Average Recall     (AR) @[ IoU=0.50:0.95 | area=   all | maxDets=100 ] = 0.329
 Average Recall     (AR) @[ IoU=0.50:0.95 | area= small | maxDets=100 ] = 0.233
 Average Recall     (AR) @[ IoU=0.50:0.95 | area=medium | maxDets=100 ] = 0.453
 Average Recall     (AR) @[ IoU=0.50:0.95 | area= large | maxDets=100 ] = 0.561
best_stat:  {'epoch': 23, 'coco_eval_bbox': 0.17904938610895185}
Epoch: [24]  [  0/809]  eta: 1:16:23  lr: 0.000100  loss: 9.8975 (9.8975)  loss_bbox: 0.0790 (0.0790)  loss_bbox_aux_0: 0.0823 (0.0823)  loss_bbox_aux_1: 0.0800 (0.0800)  loss_bbox_aux_2: 0.0889 (0.0889)  loss_bbox_dn_0: 0.0526 (0.0526)  loss_bbox_dn_1: 0.0450 (0.0450)  loss_bbox_dn_2: 0.0441 (0.0441)  loss_giou: 0.9472 (0.9472)  loss_giou_aux_0: 0.9649 (0.9649)  loss_giou_aux_1: 0.9502 (0.9502)  loss_giou_aux_2: 1.0210 (1.0210)  loss_giou_dn_0: 0.7821 (0.7821)  loss_giou_dn_1: 0.7153 (0.7153)  loss_giou_dn_2: 0.7121 (0.7121)  loss_vfl: 0.4732 (0.4732)  loss_vfl_aux_0: 0.4928 (0.4928)  loss_vfl_aux_1: 0.4900 (0.4900)  loss_vfl_aux_2: 0.5084 (0.5084)  loss_vfl_dn_0: 0.4692 (0.4692)  loss_vfl_dn_1: 0.4524 (0.4524)  loss_vfl_dn_2: 0.4469 (0.4469)  time: 5.6656  data: 2.3576  max mem: 9927
Epoch: [24]  [100/809]  eta: 0:12:36  lr: 0.000100  loss: 10.6371 (10.6172)  loss_bbox: 0.1053 (0.1046)  loss_bbox_aux_0: 0.1040 (0.1092)  loss_bbox_aux_1: 0.1026 (0.1060)  loss_bbox_aux_2: 0.1127 (0.1205)  loss_bbox_dn_0: 0.0646 (0.0601)  loss_bbox_dn_1: 0.0514 (0.0501)  loss_bbox_dn_2: 0.0503 (0.0489)  loss_giou: 1.0105 (1.0460)  loss_giou_aux_0: 1.0445 (1.0763)  loss_giou_aux_1: 1.0184 (1.0552)  loss_giou_aux_2: 1.0959 (1.1369)  loss_giou_dn_0: 0.8612 (0.8413)  loss_giou_dn_1: 0.7742 (0.7649)  loss_giou_dn_2: 0.7614 (0.7565)  loss_vfl: 0.4981 (0.4888)  loss_vfl_aux_0: 0.4994 (0.4940)  loss_vfl_aux_1: 0.5145 (0.4958)  loss_vfl_aux_2: 0.4883 (0.4924)  loss_vfl_dn_0: 0.4739 (0.4670)  loss_vfl_dn_1: 0.4571 (0.4530)  loss_vfl_dn_2: 0.4523 (0.4496)  time: 0.9791  data: 0.0291  max mem: 9927
Epoch: [24]  [200/809]  eta: 0:10:37  lr: 0.000100  loss: 10.5321 (10.5714)  loss_bbox: 0.0876 (0.1011)  loss_bbox_aux_0: 0.0929 (0.1060)  loss_bbox_aux_1: 0.0878 (0.1026)  loss_bbox_aux_2: 0.1071 (0.1173)  loss_bbox_dn_0: 0.0576 (0.0601)  loss_bbox_dn_1: 0.0460 (0.0500)  loss_bbox_dn_2: 0.0452 (0.0488)  loss_giou: 1.0308 (1.0355)  loss_giou_aux_0: 1.0558 (1.0639)  loss_giou_aux_1: 1.0307 (1.0436)  loss_giou_aux_2: 1.1311 (1.1239)  loss_giou_dn_0: 0.8318 (0.8380)  loss_giou_dn_1: 0.7898 (0.7609)  loss_giou_dn_2: 0.7822 (0.7526)  loss_vfl: 0.4588 (0.4937)  loss_vfl_aux_0: 0.4516 (0.5008)  loss_vfl_aux_1: 0.4627 (0.5017)  loss_vfl_aux_2: 0.4573 (0.4988)  loss_vfl_dn_0: 0.4624 (0.4679)  loss_vfl_dn_1: 0.4532 (0.4540)  loss_vfl_dn_2: 0.4479 (0.4502)  time: 1.0010  data: 0.0282  max mem: 9927
Epoch: [24]  [300/809]  eta: 0:08:47  lr: 0.000100  loss: 10.9133 (10.5654)  loss_bbox: 0.1002 (0.1029)  loss_bbox_aux_0: 0.1083 (0.1083)  loss_bbox_aux_1: 0.1052 (0.1047)  loss_bbox_aux_2: 0.1181 (0.1195)  loss_bbox_dn_0: 0.0636 (0.0610)  loss_bbox_dn_1: 0.0536 (0.0508)  loss_bbox_dn_2: 0.0508 (0.0496)  loss_giou: 1.0762 (1.0302)  loss_giou_aux_0: 1.1056 (1.0594)  loss_giou_aux_1: 1.0887 (1.0396)  loss_giou_aux_2: 1.1416 (1.1191)  loss_giou_dn_0: 0.8373 (0.8340)  loss_giou_dn_1: 0.7650 (0.7569)  loss_giou_dn_2: 0.7552 (0.7486)  loss_vfl: 0.4770 (0.4966)  loss_vfl_aux_0: 0.4904 (0.5034)  loss_vfl_aux_1: 0.4891 (0.5041)  loss_vfl_aux_2: 0.4910 (0.5024)  loss_vfl_dn_0: 0.4637 (0.4688)  loss_vfl_dn_1: 0.4592 (0.4546)  loss_vfl_dn_2: 0.4531 (0.4508)  time: 1.0226  data: 0.0322  max mem: 9927
Epoch: [24]  [400/809]  eta: 0:07:04  lr: 0.000100  loss: 10.6041 (10.5881)  loss_bbox: 0.0905 (0.1031)  loss_bbox_aux_0: 0.0951 (0.1086)  loss_bbox_aux_1: 0.0923 (0.1049)  loss_bbox_aux_2: 0.1108 (0.1204)  loss_bbox_dn_0: 0.0584 (0.0607)  loss_bbox_dn_1: 0.0491 (0.0505)  loss_bbox_dn_2: 0.0477 (0.0493)  loss_giou: 1.0175 (1.0380)  loss_giou_aux_0: 1.0682 (1.0674)  loss_giou_aux_1: 1.0269 (1.0474)  loss_giou_aux_2: 1.1100 (1.1259)  loss_giou_dn_0: 0.8509 (0.8372)  loss_giou_dn_1: 0.7783 (0.7601)  loss_giou_dn_2: 0.7675 (0.7519)  loss_vfl: 0.4903 (0.4931)  loss_vfl_aux_0: 0.4954 (0.4996)  loss_vfl_aux_1: 0.5010 (0.5006)  loss_vfl_aux_2: 0.4898 (0.4984)  loss_vfl_dn_0: 0.4658 (0.4676)  loss_vfl_dn_1: 0.4540 (0.4536)  loss_vfl_dn_2: 0.4483 (0.4497)  time: 1.0256  data: 0.0296  max mem: 9927
Epoch: [24]  [500/809]  eta: 0:05:18  lr: 0.000100  loss: 10.5277 (10.5991)  loss_bbox: 0.0938 (0.1038)  loss_bbox_aux_0: 0.1002 (0.1092)  loss_bbox_aux_1: 0.0968 (0.1054)  loss_bbox_aux_2: 0.1111 (0.1208)  loss_bbox_dn_0: 0.0588 (0.0610)  loss_bbox_dn_1: 0.0466 (0.0508)  loss_bbox_dn_2: 0.0459 (0.0497)  loss_giou: 0.9895 (1.0382)  loss_giou_aux_0: 1.0130 (1.0676)  loss_giou_aux_1: 0.9901 (1.0474)  loss_giou_aux_2: 1.0846 (1.1255)  loss_giou_dn_0: 0.8216 (0.8360)  loss_giou_dn_1: 0.7474 (0.7590)  loss_giou_dn_2: 0.7406 (0.7508)  loss_vfl: 0.5126 (0.4955)  loss_vfl_aux_0: 0.5121 (0.5021)  loss_vfl_aux_1: 0.5137 (0.5033)  loss_vfl_aux_2: 0.5300 (0.5006)  loss_vfl_dn_0: 0.4736 (0.4681)  loss_vfl_dn_1: 0.4611 (0.4541)  loss_vfl_dn_2: 0.4585 (0.4502)  time: 1.0392  data: 0.0282  max mem: 9927
Epoch: [24]  [600/809]  eta: 0:03:35  lr: 0.000100  loss: 10.3660 (10.5769)  loss_bbox: 0.0902 (0.1026)  loss_bbox_aux_0: 0.0957 (0.1081)  loss_bbox_aux_1: 0.0908 (0.1042)  loss_bbox_aux_2: 0.1124 (0.1200)  loss_bbox_dn_0: 0.0565 (0.0610)  loss_bbox_dn_1: 0.0483 (0.0508)  loss_bbox_dn_2: 0.0479 (0.0496)  loss_giou: 1.0155 (1.0349)  loss_giou_aux_0: 1.0371 (1.0647)  loss_giou_aux_1: 1.0262 (1.0440)  loss_giou_aux_2: 1.1064 (1.1219)  loss_giou_dn_0: 0.8053 (0.8340)  loss_giou_dn_1: 0.7405 (0.7570)  loss_giou_dn_2: 0.7349 (0.7489)  loss_vfl: 0.4833 (0.4959)  loss_vfl_aux_0: 0.4899 (0.5024)  loss_vfl_aux_1: 0.4814 (0.5035)  loss_vfl_aux_2: 0.4835 (0.5014)  loss_vfl_dn_0: 0.4624 (0.4681)  loss_vfl_dn_1: 0.4574 (0.4538)  loss_vfl_dn_2: 0.4497 (0.4499)  time: 1.0236  data: 0.0321  max mem: 9927
Epoch: [24]  [700/809]  eta: 0:01:52  lr: 0.000100  loss: 10.7225 (10.5702)  loss_bbox: 0.0879 (0.1022)  loss_bbox_aux_0: 0.0927 (0.1077)  loss_bbox_aux_1: 0.0894 (0.1037)  loss_bbox_aux_2: 0.1081 (0.1199)  loss_bbox_dn_0: 0.0543 (0.0609)  loss_bbox_dn_1: 0.0471 (0.0508)  loss_bbox_dn_2: 0.0463 (0.0496)  loss_giou: 1.0180 (1.0332)  loss_giou_aux_0: 1.0412 (1.0631)  loss_giou_aux_1: 1.0316 (1.0425)  loss_giou_aux_2: 1.0702 (1.1204)  loss_giou_dn_0: 0.8311 (0.8328)  loss_giou_dn_1: 0.7572 (0.7564)  loss_giou_dn_2: 0.7506 (0.7483)  loss_vfl: 0.4885 (0.4969)  loss_vfl_aux_0: 0.4860 (0.5031)  loss_vfl_aux_1: 0.4944 (0.5042)  loss_vfl_aux_2: 0.4895 (0.5021)  loss_vfl_dn_0: 0.4722 (0.4685)  loss_vfl_dn_1: 0.4507 (0.4539)  loss_vfl_dn_2: 0.4491 (0.4501)  time: 1.0413  data: 0.0278  max mem: 9927
Epoch: [24]  [800/809]  eta: 0:00:09  lr: 0.000100  loss: 10.6178 (10.5596)  loss_bbox: 0.0927 (0.1018)  loss_bbox_aux_0: 0.0958 (0.1074)  loss_bbox_aux_1: 0.0915 (0.1034)  loss_bbox_aux_2: 0.1096 (0.1195)  loss_bbox_dn_0: 0.0541 (0.0610)  loss_bbox_dn_1: 0.0459 (0.0509)  loss_bbox_dn_2: 0.0458 (0.0497)  loss_giou: 1.0577 (1.0303)  loss_giou_aux_0: 1.0686 (1.0605)  loss_giou_aux_1: 1.0596 (1.0396)  loss_giou_aux_2: 1.1015 (1.1180)  loss_giou_dn_0: 0.8244 (0.8328)  loss_giou_dn_1: 0.7563 (0.7560)  loss_giou_dn_2: 0.7426 (0.7479)  loss_vfl: 0.4827 (0.4973)  loss_vfl_aux_0: 0.4858 (0.5036)  loss_vfl_aux_1: 0.4923 (0.5047)  loss_vfl_aux_2: 0.4893 (0.5024)  loss_vfl_dn_0: 0.4704 (0.4685)  loss_vfl_dn_1: 0.4580 (0.4541)  loss_vfl_dn_2: 0.4543 (0.4503)  time: 1.0289  data: 0.0326  max mem: 9927
Epoch: [24]  [808/809]  eta: 0:00:01  lr: 0.000100  loss: 10.6992 (10.5646)  loss_bbox: 0.1046 (0.1019)  loss_bbox_aux_0: 0.1055 (0.1075)  loss_bbox_aux_1: 0.1017 (0.1035)  loss_bbox_aux_2: 0.1177 (0.1196)  loss_bbox_dn_0: 0.0601 (0.0610)  loss_bbox_dn_1: 0.0498 (0.0508)  loss_bbox_dn_2: 0.0489 (0.0497)  loss_giou: 1.0841 (1.0317)  loss_giou_aux_0: 1.1040 (1.0617)  loss_giou_aux_1: 1.0903 (1.0409)  loss_giou_aux_2: 1.1662 (1.1193)  loss_giou_dn_0: 0.8452 (0.8334)  loss_giou_dn_1: 0.7641 (0.7565)  loss_giou_dn_2: 0.7577 (0.7484)  loss_vfl: 0.4809 (0.4968)  loss_vfl_aux_0: 0.4849 (0.5031)  loss_vfl_aux_1: 0.4834 (0.5042)  loss_vfl_aux_2: 0.4811 (0.5019)  loss_vfl_dn_0: 0.4695 (0.4683)  loss_vfl_dn_1: 0.4567 (0.4540)  loss_vfl_dn_2: 0.4506 (0.4502)  time: 0.8656  data: 0.0252  max mem: 9927
Epoch: [24] Total time: 0:13:50 (1.0271 s / it)
Averaged stats: lr: 0.000100  loss: 10.6992 (10.5646)  loss_bbox: 0.1046 (0.1019)  loss_bbox_aux_0: 0.1055 (0.1075)  loss_bbox_aux_1: 0.1017 (0.1035)  loss_bbox_aux_2: 0.1177 (0.1196)  loss_bbox_dn_0: 0.0601 (0.0610)  loss_bbox_dn_1: 0.0498 (0.0508)  loss_bbox_dn_2: 0.0489 (0.0497)  loss_giou: 1.0841 (1.0317)  loss_giou_aux_0: 1.1040 (1.0617)  loss_giou_aux_1: 1.0903 (1.0409)  loss_giou_aux_2: 1.1662 (1.1193)  loss_giou_dn_0: 0.8452 (0.8334)  loss_giou_dn_1: 0.7641 (0.7565)  loss_giou_dn_2: 0.7577 (0.7484)  loss_vfl: 0.4809 (0.4968)  loss_vfl_aux_0: 0.4849 (0.5031)  loss_vfl_aux_1: 0.4834 (0.5042)  loss_vfl_aux_2: 0.4811 (0.5019)  loss_vfl_dn_0: 0.4695 (0.4683)  loss_vfl_dn_1: 0.4567 (0.4540)  loss_vfl_dn_2: 0.4506 (0.4502)
Test:  [ 0/69]  eta: 0:01:40    time: 1.4632  data: 0.8873  max mem: 9927
Test:  [10/69]  eta: 0:00:36    time: 0.6262  data: 0.0966  max mem: 9927
Test:  [20/69]  eta: 0:00:29    time: 0.5489  data: 0.0196  max mem: 9927
Test:  [30/69]  eta: 0:00:22    time: 0.5476  data: 0.0220  max mem: 9927
Test:  [40/69]  eta: 0:00:16    time: 0.5133  data: 0.0228  max mem: 9927
Test:  [50/69]  eta: 0:00:10    time: 0.4633  data: 0.0217  max mem: 9927
Test:  [60/69]  eta: 0:00:04    time: 0.4365  data: 0.0206  max mem: 9927
Test:  [68/69]  eta: 0:00:00    time: 0.4855  data: 0.0194  max mem: 9927
Test: Total time: 0:00:36 (0.5234 s / it)
Averaged stats: 
Accumulating evaluation results...
DONE (t=1.88s).
IoU metric: bbox
 Average Precision  (AP) @[ IoU=0.50:0.95 | area=   all | maxDets=100 ] = 0.181
 Average Precision  (AP) @[ IoU=0.50      | area=   all | maxDets=100 ] = 0.306
 Average Precision  (AP) @[ IoU=0.75      | area=   all | maxDets=100 ] = 0.183
 Average Precision  (AP) @[ IoU=0.50:0.95 | area= small | maxDets=100 ] = 0.106
 Average Precision  (AP) @[ IoU=0.50:0.95 | area=medium | maxDets=100 ] = 0.261
 Average Precision  (AP) @[ IoU=0.50:0.95 | area= large | maxDets=100 ] = 0.371
 Average Recall     (AR) @[ IoU=0.50:0.95 | area=   all | maxDets=  1 ] = 0.086
 Average Recall     (AR) @[ IoU=0.50:0.95 | area=   all | maxDets= 10 ] = 0.243
 Average Recall     (AR) @[ IoU=0.50:0.95 | area=   all | maxDets=100 ] = 0.331
 Average Recall     (AR) @[ IoU=0.50:0.95 | area= small | maxDets=100 ] = 0.235
 Average Recall     (AR) @[ IoU=0.50:0.95 | area=medium | maxDets=100 ] = 0.455
 Average Recall     (AR) @[ IoU=0.50:0.95 | area= large | maxDets=100 ] = 0.563
best_stat:  {'epoch': 24, 'coco_eval_bbox': 0.18076955529464414}
Epoch: [25]  [  0/809]  eta: 1:15:28  lr: 0.000100  loss: 9.8962 (9.8962)  loss_bbox: 0.1058 (0.1058)  loss_bbox_aux_0: 0.1037 (0.1037)  loss_bbox_aux_1: 0.1044 (0.1044)  loss_bbox_aux_2: 0.1130 (0.1130)  loss_bbox_dn_0: 0.0536 (0.0536)  loss_bbox_dn_1: 0.0454 (0.0454)  loss_bbox_dn_2: 0.0446 (0.0446)  loss_giou: 0.9361 (0.9361)  loss_giou_aux_0: 0.9465 (0.9465)  loss_giou_aux_1: 0.9358 (0.9358)  loss_giou_aux_2: 1.0018 (1.0018)  loss_giou_dn_0: 0.7541 (0.7541)  loss_giou_dn_1: 0.6680 (0.6680)  loss_giou_dn_2: 0.6603 (0.6603)  loss_vfl: 0.5026 (0.5026)  loss_vfl_aux_0: 0.5082 (0.5082)  loss_vfl_aux_1: 0.5103 (0.5103)  loss_vfl_aux_2: 0.5254 (0.5254)  loss_vfl_dn_0: 0.4704 (0.4704)  loss_vfl_dn_1: 0.4552 (0.4552)  loss_vfl_dn_2: 0.4511 (0.4511)  time: 5.5981  data: 2.9795  max mem: 9927
Epoch: [25]  [100/809]  eta: 0:12:31  lr: 0.000100  loss: 10.4081 (10.6066)  loss_bbox: 0.0888 (0.1051)  loss_bbox_aux_0: 0.0951 (0.1110)  loss_bbox_aux_1: 0.0882 (0.1066)  loss_bbox_aux_2: 0.1071 (0.1229)  loss_bbox_dn_0: 0.0585 (0.0629)  loss_bbox_dn_1: 0.0485 (0.0521)  loss_bbox_dn_2: 0.0475 (0.0506)  loss_giou: 1.0103 (1.0436)  loss_giou_aux_0: 1.0457 (1.0730)  loss_giou_aux_1: 1.0174 (1.0495)  loss_giou_aux_2: 1.1250 (1.1320)  loss_giou_dn_0: 0.8145 (0.8378)  loss_giou_dn_1: 0.7339 (0.7562)  loss_giou_dn_2: 0.7332 (0.7476)  loss_vfl: 0.5059 (0.4925)  loss_vfl_aux_0: 0.5136 (0.4985)  loss_vfl_aux_1: 0.5121 (0.5003)  loss_vfl_aux_2: 0.5007 (0.4958)  loss_vfl_dn_0: 0.4691 (0.4664)  loss_vfl_dn_1: 0.4481 (0.4527)  loss_vfl_dn_2: 0.4453 (0.4494)  time: 1.0235  data: 0.0278  max mem: 9927
Epoch: [25]  [200/809]  eta: 0:10:31  lr: 0.000100  loss: 10.4949 (10.7339)  loss_bbox: 0.0890 (0.1063)  loss_bbox_aux_0: 0.0952 (0.1127)  loss_bbox_aux_1: 0.0906 (0.1082)  loss_bbox_aux_2: 0.1122 (0.1253)  loss_bbox_dn_0: 0.0552 (0.0591)  loss_bbox_dn_1: 0.0451 (0.0494)  loss_bbox_dn_2: 0.0439 (0.0482)  loss_giou: 1.0217 (1.0812)  loss_giou_aux_0: 1.0839 (1.1129)  loss_giou_aux_1: 1.0305 (1.0879)  loss_giou_aux_2: 1.0920 (1.1649)  loss_giou_dn_0: 0.8406 (0.8480)  loss_giou_dn_1: 0.7791 (0.7722)  loss_giou_dn_2: 0.7725 (0.7647)  loss_vfl: 0.4645 (0.4781)  loss_vfl_aux_0: 0.4635 (0.4833)  loss_vfl_aux_1: 0.4723 (0.4847)  loss_vfl_aux_2: 0.4672 (0.4826)  loss_vfl_dn_0: 0.4640 (0.4652)  loss_vfl_dn_1: 0.4490 (0.4512)  loss_vfl_dn_2: 0.4431 (0.4478)  time: 0.9930  data: 0.0280  max mem: 9927
Epoch: [25]  [300/809]  eta: 0:08:46  lr: 0.000100  loss: 10.3805 (10.6798)  loss_bbox: 0.0839 (0.1038)  loss_bbox_aux_0: 0.0888 (0.1100)  loss_bbox_aux_1: 0.0852 (0.1057)  loss_bbox_aux_2: 0.1018 (0.1226)  loss_bbox_dn_0: 0.0563 (0.0591)  loss_bbox_dn_1: 0.0476 (0.0493)  loss_bbox_dn_2: 0.0478 (0.0482)  loss_giou: 0.9936 (1.0660)  loss_giou_aux_0: 0.9991 (1.0974)  loss_giou_aux_1: 0.9990 (1.0736)  loss_giou_aux_2: 1.0580 (1.1495)  loss_giou_dn_0: 0.8526 (0.8447)  loss_giou_dn_1: 0.7768 (0.7679)  loss_giou_dn_2: 0.7709 (0.7603)  loss_vfl: 0.4880 (0.4841)  loss_vfl_aux_0: 0.5127 (0.4903)  loss_vfl_aux_1: 0.4964 (0.4912)  loss_vfl_aux_2: 0.5138 (0.4897)  loss_vfl_dn_0: 0.4655 (0.4660)  loss_vfl_dn_1: 0.4484 (0.4521)  loss_vfl_dn_2: 0.4400 (0.4484)  time: 1.0084  data: 0.0291  max mem: 9927
Epoch: [25]  [400/809]  eta: 0:07:01  lr: 0.000100  loss: 10.6874 (10.6615)  loss_bbox: 0.1004 (0.1044)  loss_bbox_aux_0: 0.1071 (0.1106)  loss_bbox_aux_1: 0.1010 (0.1063)  loss_bbox_aux_2: 0.1153 (0.1230)  loss_bbox_dn_0: 0.0631 (0.0604)  loss_bbox_dn_1: 0.0523 (0.0503)  loss_bbox_dn_2: 0.0507 (0.0492)  loss_giou: 1.0093 (1.0573)  loss_giou_aux_0: 1.0346 (1.0875)  loss_giou_aux_1: 1.0085 (1.0655)  loss_giou_aux_2: 1.0849 (1.1402)  loss_giou_dn_0: 0.8407 (0.8428)  loss_giou_dn_1: 0.7615 (0.7651)  loss_giou_dn_2: 0.7513 (0.7572)  loss_vfl: 0.5025 (0.4886)  loss_vfl_aux_0: 0.4952 (0.4951)  loss_vfl_aux_1: 0.5051 (0.4954)  loss_vfl_aux_2: 0.4928 (0.4941)  loss_vfl_dn_0: 0.4693 (0.4666)  loss_vfl_dn_1: 0.4536 (0.4528)  loss_vfl_dn_2: 0.4553 (0.4491)  time: 1.0154  data: 0.0295  max mem: 9927
Epoch: [25]  [500/809]  eta: 0:05:16  lr: 0.000100  loss: 10.4400 (10.6426)  loss_bbox: 0.0934 (0.1045)  loss_bbox_aux_0: 0.0977 (0.1108)  loss_bbox_aux_1: 0.0943 (0.1063)  loss_bbox_aux_2: 0.1092 (0.1233)  loss_bbox_dn_0: 0.0558 (0.0608)  loss_bbox_dn_1: 0.0467 (0.0507)  loss_bbox_dn_2: 0.0459 (0.0495)  loss_giou: 1.0055 (1.0530)  loss_giou_aux_0: 1.0294 (1.0833)  loss_giou_aux_1: 1.0085 (1.0615)  loss_giou_aux_2: 1.0711 (1.1365)  loss_giou_dn_0: 0.8344 (0.8411)  loss_giou_dn_1: 0.7279 (0.7628)  loss_giou_dn_2: 0.7217 (0.7549)  loss_vfl: 0.4901 (0.4892)  loss_vfl_aux_0: 0.4794 (0.4954)  loss_vfl_aux_1: 0.4850 (0.4960)  loss_vfl_aux_2: 0.4839 (0.4945)  loss_vfl_dn_0: 0.4682 (0.4667)  loss_vfl_dn_1: 0.4525 (0.4528)  loss_vfl_dn_2: 0.4485 (0.4491)  time: 1.0126  data: 0.0259  max mem: 9927
Epoch: [25]  [600/809]  eta: 0:03:33  lr: 0.000100  loss: 10.1039 (10.6556)  loss_bbox: 0.0871 (0.1043)  loss_bbox_aux_0: 0.0934 (0.1104)  loss_bbox_aux_1: 0.0887 (0.1060)  loss_bbox_aux_2: 0.1027 (0.1231)  loss_bbox_dn_0: 0.0596 (0.0601)  loss_bbox_dn_1: 0.0477 (0.0502)  loss_bbox_dn_2: 0.0463 (0.0490)  loss_giou: 0.9278 (1.0570)  loss_giou_aux_0: 0.9444 (1.0878)  loss_giou_aux_1: 0.9295 (1.0658)  loss_giou_aux_2: 0.9924 (1.1403)  loss_giou_dn_0: 0.8166 (0.8420)  loss_giou_dn_1: 0.7276 (0.7642)  loss_giou_dn_2: 0.7210 (0.7564)  loss_vfl: 0.5138 (0.4879)  loss_vfl_aux_0: 0.5263 (0.4942)  loss_vfl_aux_1: 0.5264 (0.4947)  loss_vfl_aux_2: 0.5230 (0.4931)  loss_vfl_dn_0: 0.4713 (0.4668)  loss_vfl_dn_1: 0.4535 (0.4530)  loss_vfl_dn_2: 0.4519 (0.4493)  time: 0.9483  data: 0.0252  max mem: 9927
Epoch: [25]  [700/809]  eta: 0:01:50  lr: 0.000100  loss: 10.5249 (10.6397)  loss_bbox: 0.0866 (0.1039)  loss_bbox_aux_0: 0.0914 (0.1101)  loss_bbox_aux_1: 0.0880 (0.1056)  loss_bbox_aux_2: 0.1030 (0.1226)  loss_bbox_dn_0: 0.0589 (0.0603)  loss_bbox_dn_1: 0.0506 (0.0503)  loss_bbox_dn_2: 0.0497 (0.0491)  loss_giou: 1.0153 (1.0527)  loss_giou_aux_0: 1.0474 (1.0833)  loss_giou_aux_1: 1.0246 (1.0615)  loss_giou_aux_2: 1.1212 (1.1368)  loss_giou_dn_0: 0.8408 (0.8404)  loss_giou_dn_1: 0.7451 (0.7624)  loss_giou_dn_2: 0.7389 (0.7546)  loss_vfl: 0.5114 (0.4896)  loss_vfl_aux_0: 0.5183 (0.4960)  loss_vfl_aux_1: 0.5287 (0.4965)  loss_vfl_aux_2: 0.5130 (0.4947)  loss_vfl_dn_0: 0.4662 (0.4669)  loss_vfl_dn_1: 0.4559 (0.4530)  loss_vfl_dn_2: 0.4527 (0.4493)  time: 0.9981  data: 0.0268  max mem: 9927
Epoch: [25]  [800/809]  eta: 0:00:09  lr: 0.000100  loss: 10.6354 (10.6394)  loss_bbox: 0.0952 (0.1051)  loss_bbox_aux_0: 0.1017 (0.1113)  loss_bbox_aux_1: 0.0966 (0.1068)  loss_bbox_aux_2: 0.1134 (0.1239)  loss_bbox_dn_0: 0.0615 (0.0608)  loss_bbox_dn_1: 0.0500 (0.0507)  loss_bbox_dn_2: 0.0490 (0.0494)  loss_giou: 1.0364 (1.0510)  loss_giou_aux_0: 1.0723 (1.0815)  loss_giou_aux_1: 1.0426 (1.0597)  loss_giou_aux_2: 1.1365 (1.1356)  loss_giou_dn_0: 0.8502 (0.8397)  loss_giou_dn_1: 0.7751 (0.7617)  loss_giou_dn_2: 0.7680 (0.7537)  loss_vfl: 0.4827 (0.4901)  loss_vfl_aux_0: 0.4842 (0.4967)  loss_vfl_aux_1: 0.4829 (0.4970)  loss_vfl_aux_2: 0.4652 (0.4955)  loss_vfl_dn_0: 0.4617 (0.4669)  loss_vfl_dn_1: 0.4486 (0.4530)  loss_vfl_dn_2: 0.4459 (0.4493)  time: 1.0230  data: 0.0300  max mem: 9927
Epoch: [25]  [808/809]  eta: 0:00:01  lr: 0.000100  loss: 10.6354 (10.6356)  loss_bbox: 0.0902 (0.1050)  loss_bbox_aux_0: 0.0982 (0.1113)  loss_bbox_aux_1: 0.0910 (0.1067)  loss_bbox_aux_2: 0.1134 (0.1239)  loss_bbox_dn_0: 0.0615 (0.0608)  loss_bbox_dn_1: 0.0510 (0.0507)  loss_bbox_dn_2: 0.0490 (0.0495)  loss_giou: 1.0364 (1.0500)  loss_giou_aux_0: 1.0651 (1.0806)  loss_giou_aux_1: 1.0426 (1.0588)  loss_giou_aux_2: 1.1069 (1.1348)  loss_giou_dn_0: 0.8333 (0.8392)  loss_giou_dn_1: 0.7534 (0.7611)  loss_giou_dn_2: 0.7422 (0.7531)  loss_vfl: 0.4972 (0.4904)  loss_vfl_aux_0: 0.4938 (0.4970)  loss_vfl_aux_1: 0.4992 (0.4974)  loss_vfl_aux_2: 0.4926 (0.4957)  loss_vfl_dn_0: 0.4662 (0.4670)  loss_vfl_dn_1: 0.4532 (0.4531)  loss_vfl_dn_2: 0.4503 (0.4494)  time: 0.8906  data: 0.0255  max mem: 9927
Epoch: [25] Total time: 0:13:40 (1.0146 s / it)
Averaged stats: lr: 0.000100  loss: 10.6354 (10.6356)  loss_bbox: 0.0902 (0.1050)  loss_bbox_aux_0: 0.0982 (0.1113)  loss_bbox_aux_1: 0.0910 (0.1067)  loss_bbox_aux_2: 0.1134 (0.1239)  loss_bbox_dn_0: 0.0615 (0.0608)  loss_bbox_dn_1: 0.0510 (0.0507)  loss_bbox_dn_2: 0.0490 (0.0495)  loss_giou: 1.0364 (1.0500)  loss_giou_aux_0: 1.0651 (1.0806)  loss_giou_aux_1: 1.0426 (1.0588)  loss_giou_aux_2: 1.1069 (1.1348)  loss_giou_dn_0: 0.8333 (0.8392)  loss_giou_dn_1: 0.7534 (0.7611)  loss_giou_dn_2: 0.7422 (0.7531)  loss_vfl: 0.4972 (0.4904)  loss_vfl_aux_0: 0.4938 (0.4970)  loss_vfl_aux_1: 0.4992 (0.4974)  loss_vfl_aux_2: 0.4926 (0.4957)  loss_vfl_dn_0: 0.4662 (0.4670)  loss_vfl_dn_1: 0.4532 (0.4531)  loss_vfl_dn_2: 0.4503 (0.4494)
Test:  [ 0/69]  eta: 0:01:25    time: 1.2455  data: 0.7267  max mem: 9927
Test:  [10/69]  eta: 0:00:35    time: 0.5946  data: 0.0834  max mem: 9927
Test:  [20/69]  eta: 0:00:28    time: 0.5465  data: 0.0210  max mem: 9927
Test:  [30/69]  eta: 0:00:21    time: 0.5394  data: 0.0225  max mem: 9927
Test:  [40/69]  eta: 0:00:15    time: 0.5004  data: 0.0225  max mem: 9927
Test:  [50/69]  eta: 0:00:09    time: 0.4674  data: 0.0227  max mem: 9927
Test:  [60/69]  eta: 0:00:04    time: 0.4836  data: 0.0217  max mem: 9927
Test:  [68/69]  eta: 0:00:00    time: 0.4950  data: 0.0197  max mem: 9927
Test: Total time: 0:00:35 (0.5192 s / it)
Averaged stats: 
Accumulating evaluation results...
DONE (t=2.00s).
IoU metric: bbox
 Average Precision  (AP) @[ IoU=0.50:0.95 | area=   all | maxDets=100 ] = 0.182
 Average Precision  (AP) @[ IoU=0.50      | area=   all | maxDets=100 ] = 0.307
 Average Precision  (AP) @[ IoU=0.75      | area=   all | maxDets=100 ] = 0.184
 Average Precision  (AP) @[ IoU=0.50:0.95 | area= small | maxDets=100 ] = 0.106
 Average Precision  (AP) @[ IoU=0.50:0.95 | area=medium | maxDets=100 ] = 0.263
 Average Precision  (AP) @[ IoU=0.50:0.95 | area= large | maxDets=100 ] = 0.366
 Average Recall     (AR) @[ IoU=0.50:0.95 | area=   all | maxDets=  1 ] = 0.087
 Average Recall     (AR) @[ IoU=0.50:0.95 | area=   all | maxDets= 10 ] = 0.244
 Average Recall     (AR) @[ IoU=0.50:0.95 | area=   all | maxDets=100 ] = 0.332
 Average Recall     (AR) @[ IoU=0.50:0.95 | area= small | maxDets=100 ] = 0.236
 Average Recall     (AR) @[ IoU=0.50:0.95 | area=medium | maxDets=100 ] = 0.457
 Average Recall     (AR) @[ IoU=0.50:0.95 | area= large | maxDets=100 ] = 0.566
best_stat:  {'epoch': 25, 'coco_eval_bbox': 0.1815849420677343}
Epoch: [26]  [  0/809]  eta: 1:31:56  lr: 0.000100  loss: 11.3073 (11.3073)  loss_bbox: 0.1041 (0.1041)  loss_bbox_aux_0: 0.1160 (0.1160)  loss_bbox_aux_1: 0.1098 (0.1098)  loss_bbox_aux_2: 0.1324 (0.1324)  loss_bbox_dn_0: 0.0441 (0.0441)  loss_bbox_dn_1: 0.0357 (0.0357)  loss_bbox_dn_2: 0.0342 (0.0342)  loss_giou: 1.2799 (1.2799)  loss_giou_aux_0: 1.3327 (1.3327)  loss_giou_aux_1: 1.3024 (1.3024)  loss_giou_aux_2: 1.3344 (1.3344)  loss_giou_dn_0: 0.9139 (0.9139)  loss_giou_dn_1: 0.8363 (0.8363)  loss_giou_dn_2: 0.8306 (0.8306)  loss_vfl: 0.3803 (0.3803)  loss_vfl_aux_0: 0.3830 (0.3830)  loss_vfl_aux_1: 0.3803 (0.3803)  loss_vfl_aux_2: 0.3788 (0.3788)  loss_vfl_dn_0: 0.4681 (0.4681)  loss_vfl_dn_1: 0.4583 (0.4583)  loss_vfl_dn_2: 0.4516 (0.4516)  time: 6.8191  data: 5.5084  max mem: 9927
Epoch: [26]  [100/809]  eta: 0:12:43  lr: 0.000100  loss: 10.7128 (10.7170)  loss_bbox: 0.0892 (0.1074)  loss_bbox_aux_0: 0.0972 (0.1127)  loss_bbox_aux_1: 0.0921 (0.1086)  loss_bbox_aux_2: 0.1068 (0.1251)  loss_bbox_dn_0: 0.0531 (0.0580)  loss_bbox_dn_1: 0.0431 (0.0485)  loss_bbox_dn_2: 0.0424 (0.0474)  loss_giou: 1.0959 (1.0746)  loss_giou_aux_0: 1.1417 (1.1027)  loss_giou_aux_1: 1.1104 (1.0828)  loss_giou_aux_2: 1.1857 (1.1553)  loss_giou_dn_0: 0.8584 (0.8464)  loss_giou_dn_1: 0.7849 (0.7690)  loss_giou_dn_2: 0.7784 (0.7618)  loss_vfl: 0.5063 (0.4814)  loss_vfl_aux_0: 0.5104 (0.4876)  loss_vfl_aux_1: 0.5162 (0.4874)  loss_vfl_aux_2: 0.4806 (0.4862)  loss_vfl_dn_0: 0.4655 (0.4675)  loss_vfl_dn_1: 0.4547 (0.4547)  loss_vfl_dn_2: 0.4520 (0.4517)  time: 1.0483  data: 0.0269  max mem: 9927
Epoch: [26]  [200/809]  eta: 0:10:31  lr: 0.000100  loss: 10.5756 (10.6558)  loss_bbox: 0.0895 (0.1068)  loss_bbox_aux_0: 0.0936 (0.1123)  loss_bbox_aux_1: 0.0863 (0.1084)  loss_bbox_aux_2: 0.1052 (0.1266)  loss_bbox_dn_0: 0.0566 (0.0593)  loss_bbox_dn_1: 0.0476 (0.0494)  loss_bbox_dn_2: 0.0460 (0.0481)  loss_giou: 1.0158 (1.0645)  loss_giou_aux_0: 1.0565 (1.0921)  loss_giou_aux_1: 1.0407 (1.0732)  loss_giou_aux_2: 1.1104 (1.1467)  loss_giou_dn_0: 0.8340 (0.8414)  loss_giou_dn_1: 0.7552 (0.7634)  loss_giou_dn_2: 0.7492 (0.7554)  loss_vfl: 0.4798 (0.4794)  loss_vfl_aux_0: 0.4921 (0.4877)  loss_vfl_aux_1: 0.4870 (0.4860)  loss_vfl_aux_2: 0.4864 (0.4863)  loss_vfl_dn_0: 0.4632 (0.4670)  loss_vfl_dn_1: 0.4558 (0.4527)  loss_vfl_dn_2: 0.4488 (0.4490)  time: 0.9561  data: 0.0257  max mem: 9927
Epoch: [26]  [300/809]  eta: 0:08:41  lr: 0.000100  loss: 10.5019 (10.6357)  loss_bbox: 0.0879 (0.1052)  loss_bbox_aux_0: 0.0926 (0.1109)  loss_bbox_aux_1: 0.0906 (0.1068)  loss_bbox_aux_2: 0.1094 (0.1250)  loss_bbox_dn_0: 0.0591 (0.0602)  loss_bbox_dn_1: 0.0471 (0.0500)  loss_bbox_dn_2: 0.0463 (0.0487)  loss_giou: 1.0043 (1.0560)  loss_giou_aux_0: 1.0364 (1.0834)  loss_giou_aux_1: 1.0200 (1.0648)  loss_giou_aux_2: 1.0974 (1.1398)  loss_giou_dn_0: 0.8248 (0.8386)  loss_giou_dn_1: 0.7517 (0.7602)  loss_giou_dn_2: 0.7440 (0.7522)  loss_vfl: 0.4911 (0.4856)  loss_vfl_aux_0: 0.4918 (0.4937)  loss_vfl_aux_1: 0.4917 (0.4926)  loss_vfl_aux_2: 0.4885 (0.4921)  loss_vfl_dn_0: 0.4633 (0.4676)  loss_vfl_dn_1: 0.4494 (0.4529)  loss_vfl_dn_2: 0.4475 (0.4492)  time: 1.0143  data: 0.0285  max mem: 9927
Epoch: [26]  [400/809]  eta: 0:06:58  lr: 0.000100  loss: 9.8219 (10.5983)  loss_bbox: 0.0819 (0.1050)  loss_bbox_aux_0: 0.0907 (0.1107)  loss_bbox_aux_1: 0.0838 (0.1067)  loss_bbox_aux_2: 0.0999 (0.1248)  loss_bbox_dn_0: 0.0625 (0.0609)  loss_bbox_dn_1: 0.0506 (0.0505)  loss_bbox_dn_2: 0.0495 (0.0492)  loss_giou: 0.8711 (1.0459)  loss_giou_aux_0: 0.9099 (1.0739)  loss_giou_aux_1: 0.8775 (1.0546)  loss_giou_aux_2: 0.9646 (1.1307)  loss_giou_dn_0: 0.7685 (0.8335)  loss_giou_dn_1: 0.6918 (0.7550)  loss_giou_dn_2: 0.6837 (0.7472)  loss_vfl: 0.5316 (0.4896)  loss_vfl_aux_0: 0.5376 (0.4980)  loss_vfl_aux_1: 0.5426 (0.4971)  loss_vfl_aux_2: 0.5265 (0.4958)  loss_vfl_dn_0: 0.4669 (0.4677)  loss_vfl_dn_1: 0.4523 (0.4528)  loss_vfl_dn_2: 0.4515 (0.4490)  time: 1.0100  data: 0.0260  max mem: 9927
Epoch: [26]  [500/809]  eta: 0:05:15  lr: 0.000100  loss: 10.6265 (10.5913)  loss_bbox: 0.1024 (0.1053)  loss_bbox_aux_0: 0.1053 (0.1111)  loss_bbox_aux_1: 0.1043 (0.1071)  loss_bbox_aux_2: 0.1210 (0.1249)  loss_bbox_dn_0: 0.0531 (0.0605)  loss_bbox_dn_1: 0.0444 (0.0503)  loss_bbox_dn_2: 0.0434 (0.0491)  loss_giou: 1.0473 (1.0440)  loss_giou_aux_0: 1.0683 (1.0722)  loss_giou_aux_1: 1.0615 (1.0529)  loss_giou_aux_2: 1.1296 (1.1288)  loss_giou_dn_0: 0.8437 (0.8311)  loss_giou_dn_1: 0.7761 (0.7534)  loss_giou_dn_2: 0.7653 (0.7456)  loss_vfl: 0.4982 (0.4908)  loss_vfl_aux_0: 0.4970 (0.4988)  loss_vfl_aux_1: 0.4982 (0.4981)  loss_vfl_aux_2: 0.4905 (0.4967)  loss_vfl_dn_0: 0.4665 (0.4681)  loss_vfl_dn_1: 0.4494 (0.4531)  loss_vfl_dn_2: 0.4472 (0.4494)  time: 1.0172  data: 0.0309  max mem: 9927
Epoch: [26]  [600/809]  eta: 0:03:32  lr: 0.000100  loss: 10.7771 (10.5936)  loss_bbox: 0.1042 (0.1049)  loss_bbox_aux_0: 0.1121 (0.1107)  loss_bbox_aux_1: 0.1024 (0.1067)  loss_bbox_aux_2: 0.1264 (0.1243)  loss_bbox_dn_0: 0.0516 (0.0603)  loss_bbox_dn_1: 0.0452 (0.0501)  loss_bbox_dn_2: 0.0443 (0.0489)  loss_giou: 1.1148 (1.0452)  loss_giou_aux_0: 1.1478 (1.0739)  loss_giou_aux_1: 1.1280 (1.0543)  loss_giou_aux_2: 1.1896 (1.1306)  loss_giou_dn_0: 0.8509 (0.8310)  loss_giou_dn_1: 0.7793 (0.7535)  loss_giou_dn_2: 0.7700 (0.7456)  loss_vfl: 0.4705 (0.4904)  loss_vfl_aux_0: 0.4689 (0.4983)  loss_vfl_aux_1: 0.4727 (0.4978)  loss_vfl_aux_2: 0.4703 (0.4959)  loss_vfl_dn_0: 0.4644 (0.4685)  loss_vfl_dn_1: 0.4456 (0.4532)  loss_vfl_dn_2: 0.4455 (0.4494)  time: 1.0342  data: 0.0296  max mem: 9927
Epoch: [26]  [700/809]  eta: 0:01:50  lr: 0.000100  loss: 10.6712 (10.6014)  loss_bbox: 0.0952 (0.1052)  loss_bbox_aux_0: 0.1020 (0.1110)  loss_bbox_aux_1: 0.0986 (0.1071)  loss_bbox_aux_2: 0.1124 (0.1245)  loss_bbox_dn_0: 0.0541 (0.0600)  loss_bbox_dn_1: 0.0436 (0.0500)  loss_bbox_dn_2: 0.0416 (0.0487)  loss_giou: 1.0913 (1.0467)  loss_giou_aux_0: 1.1158 (1.0758)  loss_giou_aux_1: 1.1018 (1.0562)  loss_giou_aux_2: 1.1563 (1.1326)  loss_giou_dn_0: 0.8310 (0.8320)  loss_giou_dn_1: 0.7590 (0.7551)  loss_giou_dn_2: 0.7493 (0.7474)  loss_vfl: 0.4891 (0.4900)  loss_vfl_aux_0: 0.4893 (0.4974)  loss_vfl_aux_1: 0.4951 (0.4972)  loss_vfl_aux_2: 0.4763 (0.4951)  loss_vfl_dn_0: 0.4732 (0.4681)  loss_vfl_dn_1: 0.4529 (0.4527)  loss_vfl_dn_2: 0.4506 (0.4489)  time: 0.9415  data: 0.0255  max mem: 9927
Epoch: [26]  [800/809]  eta: 0:00:09  lr: 0.000100  loss: 10.2417 (10.5895)  loss_bbox: 0.0946 (0.1045)  loss_bbox_aux_0: 0.0981 (0.1103)  loss_bbox_aux_1: 0.0947 (0.1064)  loss_bbox_aux_2: 0.1141 (0.1238)  loss_bbox_dn_0: 0.0548 (0.0599)  loss_bbox_dn_1: 0.0482 (0.0499)  loss_bbox_dn_2: 0.0476 (0.0487)  loss_giou: 0.9726 (1.0445)  loss_giou_aux_0: 0.9909 (1.0739)  loss_giou_aux_1: 0.9774 (1.0541)  loss_giou_aux_2: 1.0497 (1.1307)  loss_giou_dn_0: 0.7911 (0.8306)  loss_giou_dn_1: 0.7173 (0.7541)  loss_giou_dn_2: 0.7117 (0.7464)  loss_vfl: 0.4875 (0.4905)  loss_vfl_aux_0: 0.5014 (0.4979)  loss_vfl_aux_1: 0.5036 (0.4976)  loss_vfl_aux_2: 0.5096 (0.4956)  loss_vfl_dn_0: 0.4610 (0.4682)  loss_vfl_dn_1: 0.4488 (0.4528)  loss_vfl_dn_2: 0.4444 (0.4490)  time: 0.9902  data: 0.0291  max mem: 9927
Epoch: [26]  [808/809]  eta: 0:00:01  lr: 0.000100  loss: 10.2106 (10.5872)  loss_bbox: 0.0948 (0.1045)  loss_bbox_aux_0: 0.0999 (0.1102)  loss_bbox_aux_1: 0.0949 (0.1063)  loss_bbox_aux_2: 0.1149 (0.1237)  loss_bbox_dn_0: 0.0556 (0.0599)  loss_bbox_dn_1: 0.0482 (0.0500)  loss_bbox_dn_2: 0.0476 (0.0487)  loss_giou: 0.9221 (1.0441)  loss_giou_aux_0: 0.9703 (1.0736)  loss_giou_aux_1: 0.9311 (1.0538)  loss_giou_aux_2: 1.0393 (1.1303)  loss_giou_dn_0: 0.7911 (0.8305)  loss_giou_dn_1: 0.7043 (0.7539)  loss_giou_dn_2: 0.6924 (0.7462)  loss_vfl: 0.4979 (0.4904)  loss_vfl_aux_0: 0.5080 (0.4979)  loss_vfl_aux_1: 0.5157 (0.4976)  loss_vfl_aux_2: 0.5251 (0.4957)  loss_vfl_dn_0: 0.4739 (0.4682)  loss_vfl_dn_1: 0.4495 (0.4528)  loss_vfl_dn_2: 0.4472 (0.4490)  time: 0.8609  data: 0.0278  max mem: 9927
Epoch: [26] Total time: 0:13:36 (1.0096 s / it)
Averaged stats: lr: 0.000100  loss: 10.2106 (10.5872)  loss_bbox: 0.0948 (0.1045)  loss_bbox_aux_0: 0.0999 (0.1102)  loss_bbox_aux_1: 0.0949 (0.1063)  loss_bbox_aux_2: 0.1149 (0.1237)  loss_bbox_dn_0: 0.0556 (0.0599)  loss_bbox_dn_1: 0.0482 (0.0500)  loss_bbox_dn_2: 0.0476 (0.0487)  loss_giou: 0.9221 (1.0441)  loss_giou_aux_0: 0.9703 (1.0736)  loss_giou_aux_1: 0.9311 (1.0538)  loss_giou_aux_2: 1.0393 (1.1303)  loss_giou_dn_0: 0.7911 (0.8305)  loss_giou_dn_1: 0.7043 (0.7539)  loss_giou_dn_2: 0.6924 (0.7462)  loss_vfl: 0.4979 (0.4904)  loss_vfl_aux_0: 0.5080 (0.4979)  loss_vfl_aux_1: 0.5157 (0.4976)  loss_vfl_aux_2: 0.5251 (0.4957)  loss_vfl_dn_0: 0.4739 (0.4682)  loss_vfl_dn_1: 0.4495 (0.4528)  loss_vfl_dn_2: 0.4472 (0.4490)
Test:  [ 0/69]  eta: 0:01:42    time: 1.4880  data: 1.0047  max mem: 9927
Test:  [10/69]  eta: 0:00:36    time: 0.6233  data: 0.1080  max mem: 9927
Test:  [20/69]  eta: 0:00:29    time: 0.5524  data: 0.0196  max mem: 9927
Test:  [30/69]  eta: 0:00:22    time: 0.5321  data: 0.0208  max mem: 9927
Test:  [40/69]  eta: 0:00:15    time: 0.4864  data: 0.0212  max mem: 9927
Test:  [50/69]  eta: 0:00:09    time: 0.4526  data: 0.0214  max mem: 9927
Test:  [60/69]  eta: 0:00:04    time: 0.4399  data: 0.0211  max mem: 9927
Test:  [68/69]  eta: 0:00:00    time: 0.4931  data: 0.0198  max mem: 9927
Test: Total time: 0:00:35 (0.5172 s / it)
Averaged stats: 
Accumulating evaluation results...
DONE (t=1.93s).
IoU metric: bbox
 Average Precision  (AP) @[ IoU=0.50:0.95 | area=   all | maxDets=100 ] = 0.184
 Average Precision  (AP) @[ IoU=0.50      | area=   all | maxDets=100 ] = 0.311
 Average Precision  (AP) @[ IoU=0.75      | area=   all | maxDets=100 ] = 0.187
 Average Precision  (AP) @[ IoU=0.50:0.95 | area= small | maxDets=100 ] = 0.107
 Average Precision  (AP) @[ IoU=0.50:0.95 | area=medium | maxDets=100 ] = 0.266
 Average Precision  (AP) @[ IoU=0.50:0.95 | area= large | maxDets=100 ] = 0.370
 Average Recall     (AR) @[ IoU=0.50:0.95 | area=   all | maxDets=  1 ] = 0.087
 Average Recall     (AR) @[ IoU=0.50:0.95 | area=   all | maxDets= 10 ] = 0.247
 Average Recall     (AR) @[ IoU=0.50:0.95 | area=   all | maxDets=100 ] = 0.334
 Average Recall     (AR) @[ IoU=0.50:0.95 | area= small | maxDets=100 ] = 0.237
 Average Recall     (AR) @[ IoU=0.50:0.95 | area=medium | maxDets=100 ] = 0.459
 Average Recall     (AR) @[ IoU=0.50:0.95 | area= large | maxDets=100 ] = 0.558
best_stat:  {'epoch': 26, 'coco_eval_bbox': 0.18390674142841607}
Epoch: [27]  [  0/809]  eta: 1:23:00  lr: 0.000100  loss: 10.2257 (10.2257)  loss_bbox: 0.0680 (0.0680)  loss_bbox_aux_0: 0.0732 (0.0732)  loss_bbox_aux_1: 0.0687 (0.0687)  loss_bbox_aux_2: 0.0837 (0.0837)  loss_bbox_dn_0: 0.0590 (0.0590)  loss_bbox_dn_1: 0.0472 (0.0472)  loss_bbox_dn_2: 0.0458 (0.0458)  loss_giou: 0.8547 (0.8547)  loss_giou_aux_0: 0.8909 (0.8909)  loss_giou_aux_1: 0.8735 (0.8735)  loss_giou_aux_2: 0.9772 (0.9772)  loss_giou_dn_0: 0.7922 (0.7922)  loss_giou_dn_1: 0.7084 (0.7084)  loss_giou_dn_2: 0.6986 (0.6986)  loss_vfl: 0.6274 (0.6274)  loss_vfl_aux_0: 0.6458 (0.6458)  loss_vfl_aux_1: 0.6455 (0.6455)  loss_vfl_aux_2: 0.6273 (0.6273)  loss_vfl_dn_0: 0.4973 (0.4973)  loss_vfl_dn_1: 0.4740 (0.4740)  loss_vfl_dn_2: 0.4674 (0.4674)  time: 6.1558  data: 2.4737  max mem: 9927
Epoch: [27]  [100/809]  eta: 0:12:23  lr: 0.000100  loss: 10.3739 (10.5351)  loss_bbox: 0.0884 (0.1009)  loss_bbox_aux_0: 0.0926 (0.1069)  loss_bbox_aux_1: 0.0910 (0.1027)  loss_bbox_aux_2: 0.1040 (0.1217)  loss_bbox_dn_0: 0.0611 (0.0601)  loss_bbox_dn_1: 0.0500 (0.0496)  loss_bbox_dn_2: 0.0495 (0.0484)  loss_giou: 0.9269 (1.0357)  loss_giou_aux_0: 0.9413 (1.0669)  loss_giou_aux_1: 0.9280 (1.0454)  loss_giou_aux_2: 1.0184 (1.1220)  loss_giou_dn_0: 0.8024 (0.8284)  loss_giou_dn_1: 0.7370 (0.7491)  loss_giou_dn_2: 0.7288 (0.7412)  loss_vfl: 0.5272 (0.4920)  loss_vfl_aux_0: 0.5367 (0.4980)  loss_vfl_aux_1: 0.5353 (0.4991)  loss_vfl_aux_2: 0.5302 (0.4950)  loss_vfl_dn_0: 0.4735 (0.4683)  loss_vfl_dn_1: 0.4534 (0.4541)  loss_vfl_dn_2: 0.4476 (0.4494)  time: 0.9618  data: 0.0296  max mem: 9927
Epoch: [27]  [200/809]  eta: 0:10:23  lr: 0.000100  loss: 10.6895 (10.6632)  loss_bbox: 0.1024 (0.1039)  loss_bbox_aux_0: 0.1081 (0.1093)  loss_bbox_aux_1: 0.1030 (0.1056)  loss_bbox_aux_2: 0.1188 (0.1238)  loss_bbox_dn_0: 0.0610 (0.0601)  loss_bbox_dn_1: 0.0522 (0.0502)  loss_bbox_dn_2: 0.0506 (0.0491)  loss_giou: 1.0325 (1.0621)  loss_giou_aux_0: 1.0738 (1.0926)  loss_giou_aux_1: 1.0386 (1.0728)  loss_giou_aux_2: 1.1019 (1.1494)  loss_giou_dn_0: 0.8464 (0.8424)  loss_giou_dn_1: 0.7745 (0.7636)  loss_giou_dn_2: 0.7584 (0.7557)  loss_vfl: 0.4754 (0.4854)  loss_vfl_aux_0: 0.4740 (0.4910)  loss_vfl_aux_1: 0.4794 (0.4921)  loss_vfl_aux_2: 0.4812 (0.4877)  loss_vfl_dn_0: 0.4604 (0.4653)  loss_vfl_dn_1: 0.4470 (0.4525)  loss_vfl_dn_2: 0.4476 (0.4485)  time: 1.0027  data: 0.0287  max mem: 9927
Epoch: [27]  [300/809]  eta: 0:08:38  lr: 0.000100  loss: 10.7392 (10.6137)  loss_bbox: 0.0995 (0.1034)  loss_bbox_aux_0: 0.1017 (0.1082)  loss_bbox_aux_1: 0.0984 (0.1049)  loss_bbox_aux_2: 0.1128 (0.1228)  loss_bbox_dn_0: 0.0538 (0.0602)  loss_bbox_dn_1: 0.0462 (0.0501)  loss_bbox_dn_2: 0.0453 (0.0489)  loss_giou: 1.0531 (1.0495)  loss_giou_aux_0: 1.0819 (1.0804)  loss_giou_aux_1: 1.0625 (1.0599)  loss_giou_aux_2: 1.1259 (1.1370)  loss_giou_dn_0: 0.8406 (0.8386)  loss_giou_dn_1: 0.7764 (0.7601)  loss_giou_dn_2: 0.7672 (0.7521)  loss_vfl: 0.4974 (0.4879)  loss_vfl_aux_0: 0.5155 (0.4950)  loss_vfl_aux_1: 0.5078 (0.4952)  loss_vfl_aux_2: 0.5075 (0.4929)  loss_vfl_dn_0: 0.4646 (0.4661)  loss_vfl_dn_1: 0.4491 (0.4523)  loss_vfl_dn_2: 0.4469 (0.4484)  time: 1.0105  data: 0.0296  max mem: 9927
Epoch: [27]  [400/809]  eta: 0:07:01  lr: 0.000100  loss: 10.3772 (10.6133)  loss_bbox: 0.0960 (0.1042)  loss_bbox_aux_0: 0.0994 (0.1093)  loss_bbox_aux_1: 0.0964 (0.1058)  loss_bbox_aux_2: 0.1106 (0.1239)  loss_bbox_dn_0: 0.0588 (0.0608)  loss_bbox_dn_1: 0.0473 (0.0506)  loss_bbox_dn_2: 0.0462 (0.0494)  loss_giou: 1.0018 (1.0479)  loss_giou_aux_0: 1.0329 (1.0781)  loss_giou_aux_1: 1.0084 (1.0582)  loss_giou_aux_2: 1.0867 (1.1346)  loss_giou_dn_0: 0.8161 (0.8363)  loss_giou_dn_1: 0.7486 (0.7576)  loss_giou_dn_2: 0.7426 (0.7496)  loss_vfl: 0.4750 (0.4905)  loss_vfl_aux_0: 0.4912 (0.4972)  loss_vfl_aux_1: 0.4871 (0.4971)  loss_vfl_aux_2: 0.4845 (0.4943)  loss_vfl_dn_0: 0.4688 (0.4668)  loss_vfl_dn_1: 0.4502 (0.4526)  loss_vfl_dn_2: 0.4435 (0.4486)  time: 1.0538  data: 0.0297  max mem: 9927
Epoch: [27]  [500/809]  eta: 0:05:16  lr: 0.000100  loss: 10.9480 (10.6280)  loss_bbox: 0.1125 (0.1049)  loss_bbox_aux_0: 0.1182 (0.1102)  loss_bbox_aux_1: 0.1148 (0.1066)  loss_bbox_aux_2: 0.1266 (0.1247)  loss_bbox_dn_0: 0.0523 (0.0604)  loss_bbox_dn_1: 0.0431 (0.0502)  loss_bbox_dn_2: 0.0421 (0.0490)  loss_giou: 1.1122 (1.0515)  loss_giou_aux_0: 1.1626 (1.0819)  loss_giou_aux_1: 1.1321 (1.0616)  loss_giou_aux_2: 1.2166 (1.1383)  loss_giou_dn_0: 0.8384 (0.8350)  loss_giou_dn_1: 0.7704 (0.7570)  loss_giou_dn_2: 0.7645 (0.7493)  loss_vfl: 0.4663 (0.4905)  loss_vfl_aux_0: 0.4580 (0.4974)  loss_vfl_aux_1: 0.4653 (0.4972)  loss_vfl_aux_2: 0.4484 (0.4941)  loss_vfl_dn_0: 0.4662 (0.4671)  loss_vfl_dn_1: 0.4514 (0.4525)  loss_vfl_dn_2: 0.4523 (0.4488)  time: 1.0109  data: 0.0318  max mem: 9927
Epoch: [27]  [600/809]  eta: 0:03:33  lr: 0.000100  loss: 10.4650 (10.6508)  loss_bbox: 0.1061 (0.1068)  loss_bbox_aux_0: 0.1164 (0.1123)  loss_bbox_aux_1: 0.1116 (0.1086)  loss_bbox_aux_2: 0.1333 (0.1266)  loss_bbox_dn_0: 0.0555 (0.0601)  loss_bbox_dn_1: 0.0464 (0.0500)  loss_bbox_dn_2: 0.0450 (0.0488)  loss_giou: 1.0444 (1.0567)  loss_giou_aux_0: 1.0628 (1.0871)  loss_giou_aux_1: 1.0601 (1.0669)  loss_giou_aux_2: 1.1161 (1.1431)  loss_giou_dn_0: 0.8227 (0.8352)  loss_giou_dn_1: 0.7446 (0.7578)  loss_giou_dn_2: 0.7430 (0.7501)  loss_vfl: 0.4523 (0.4887)  loss_vfl_aux_0: 0.4609 (0.4957)  loss_vfl_aux_1: 0.4613 (0.4954)  loss_vfl_aux_2: 0.4520 (0.4931)  loss_vfl_dn_0: 0.4587 (0.4668)  loss_vfl_dn_1: 0.4436 (0.4524)  loss_vfl_dn_2: 0.4381 (0.4485)  time: 0.9913  data: 0.0292  max mem: 9927
Epoch: [27]  [700/809]  eta: 0:01:50  lr: 0.000100  loss: 10.3714 (10.6483)  loss_bbox: 0.1059 (0.1077)  loss_bbox_aux_0: 0.1062 (0.1133)  loss_bbox_aux_1: 0.1086 (0.1095)  loss_bbox_aux_2: 0.1224 (0.1276)  loss_bbox_dn_0: 0.0641 (0.0602)  loss_bbox_dn_1: 0.0521 (0.0500)  loss_bbox_dn_2: 0.0511 (0.0489)  loss_giou: 1.0304 (1.0566)  loss_giou_aux_0: 1.0635 (1.0876)  loss_giou_aux_1: 1.0457 (1.0667)  loss_giou_aux_2: 1.1175 (1.1432)  loss_giou_dn_0: 0.7973 (0.8355)  loss_giou_dn_1: 0.7164 (0.7576)  loss_giou_dn_2: 0.7068 (0.7500)  loss_vfl: 0.4827 (0.4873)  loss_vfl_aux_0: 0.5001 (0.4944)  loss_vfl_aux_1: 0.4914 (0.4942)  loss_vfl_aux_2: 0.4929 (0.4917)  loss_vfl_dn_0: 0.4677 (0.4664)  loss_vfl_dn_1: 0.4469 (0.4519)  loss_vfl_dn_2: 0.4435 (0.4480)  time: 1.0191  data: 0.0293  max mem: 9927
Epoch: [27]  [800/809]  eta: 0:00:09  lr: 0.000100  loss: 10.4199 (10.6355)  loss_bbox: 0.0913 (0.1067)  loss_bbox_aux_0: 0.1000 (0.1125)  loss_bbox_aux_1: 0.0927 (0.1085)  loss_bbox_aux_2: 0.1112 (0.1267)  loss_bbox_dn_0: 0.0604 (0.0603)  loss_bbox_dn_1: 0.0504 (0.0502)  loss_bbox_dn_2: 0.0496 (0.0490)  loss_giou: 0.9841 (1.0543)  loss_giou_aux_0: 1.0403 (1.0852)  loss_giou_aux_1: 1.0030 (1.0643)  loss_giou_aux_2: 1.0824 (1.1407)  loss_giou_dn_0: 0.8220 (0.8348)  loss_giou_dn_1: 0.7680 (0.7574)  loss_giou_dn_2: 0.7632 (0.7499)  loss_vfl: 0.4888 (0.4875)  loss_vfl_aux_0: 0.4893 (0.4947)  loss_vfl_aux_1: 0.4905 (0.4943)  loss_vfl_aux_2: 0.5015 (0.4922)  loss_vfl_dn_0: 0.4660 (0.4666)  loss_vfl_dn_1: 0.4505 (0.4519)  loss_vfl_dn_2: 0.4451 (0.4478)  time: 1.0359  data: 0.0319  max mem: 9927
Epoch: [27]  [808/809]  eta: 0:00:01  lr: 0.000100  loss: 10.4199 (10.6303)  loss_bbox: 0.0874 (0.1065)  loss_bbox_aux_0: 0.0928 (0.1122)  loss_bbox_aux_1: 0.0867 (0.1083)  loss_bbox_aux_2: 0.1032 (0.1264)  loss_bbox_dn_0: 0.0582 (0.0603)  loss_bbox_dn_1: 0.0501 (0.0502)  loss_bbox_dn_2: 0.0479 (0.0490)  loss_giou: 1.0123 (1.0530)  loss_giou_aux_0: 1.0412 (1.0839)  loss_giou_aux_1: 1.0133 (1.0629)  loss_giou_aux_2: 1.0906 (1.1395)  loss_giou_dn_0: 0.8345 (0.8346)  loss_giou_dn_1: 0.7680 (0.7571)  loss_giou_dn_2: 0.7632 (0.7496)  loss_vfl: 0.4597 (0.4879)  loss_vfl_aux_0: 0.4611 (0.4951)  loss_vfl_aux_1: 0.4716 (0.4948)  loss_vfl_aux_2: 0.4659 (0.4926)  loss_vfl_dn_0: 0.4660 (0.4667)  loss_vfl_dn_1: 0.4516 (0.4519)  loss_vfl_dn_2: 0.4477 (0.4478)  time: 0.9465  data: 0.0285  max mem: 9927
Epoch: [27] Total time: 0:13:40 (1.0143 s / it)
Averaged stats: lr: 0.000100  loss: 10.4199 (10.6303)  loss_bbox: 0.0874 (0.1065)  loss_bbox_aux_0: 0.0928 (0.1122)  loss_bbox_aux_1: 0.0867 (0.1083)  loss_bbox_aux_2: 0.1032 (0.1264)  loss_bbox_dn_0: 0.0582 (0.0603)  loss_bbox_dn_1: 0.0501 (0.0502)  loss_bbox_dn_2: 0.0479 (0.0490)  loss_giou: 1.0123 (1.0530)  loss_giou_aux_0: 1.0412 (1.0839)  loss_giou_aux_1: 1.0133 (1.0629)  loss_giou_aux_2: 1.0906 (1.1395)  loss_giou_dn_0: 0.8345 (0.8346)  loss_giou_dn_1: 0.7680 (0.7571)  loss_giou_dn_2: 0.7632 (0.7496)  loss_vfl: 0.4597 (0.4879)  loss_vfl_aux_0: 0.4611 (0.4951)  loss_vfl_aux_1: 0.4716 (0.4948)  loss_vfl_aux_2: 0.4659 (0.4926)  loss_vfl_dn_0: 0.4660 (0.4667)  loss_vfl_dn_1: 0.4516 (0.4519)  loss_vfl_dn_2: 0.4477 (0.4478)
Test:  [ 0/69]  eta: 0:01:17    time: 1.1176  data: 0.6332  max mem: 9927
Test:  [10/69]  eta: 0:00:35    time: 0.6004  data: 0.0738  max mem: 9927
Test:  [20/69]  eta: 0:00:28    time: 0.5522  data: 0.0195  max mem: 9927
Test:  [30/69]  eta: 0:00:21    time: 0.5279  data: 0.0211  max mem: 9927
Test:  [40/69]  eta: 0:00:15    time: 0.4895  data: 0.0209  max mem: 9927
Test:  [50/69]  eta: 0:00:09    time: 0.4593  data: 0.0217  max mem: 9927
Test:  [60/69]  eta: 0:00:04    time: 0.4312  data: 0.0219  max mem: 9927
Test:  [68/69]  eta: 0:00:00    time: 0.4821  data: 0.0197  max mem: 9927
Test: Total time: 0:00:35 (0.5117 s / it)
Averaged stats: 
Accumulating evaluation results...
DONE (t=2.00s).
IoU metric: bbox
 Average Precision  (AP) @[ IoU=0.50:0.95 | area=   all | maxDets=100 ] = 0.185
 Average Precision  (AP) @[ IoU=0.50      | area=   all | maxDets=100 ] = 0.313
 Average Precision  (AP) @[ IoU=0.75      | area=   all | maxDets=100 ] = 0.189
 Average Precision  (AP) @[ IoU=0.50:0.95 | area= small | maxDets=100 ] = 0.109
 Average Precision  (AP) @[ IoU=0.50:0.95 | area=medium | maxDets=100 ] = 0.268
 Average Precision  (AP) @[ IoU=0.50:0.95 | area= large | maxDets=100 ] = 0.371
 Average Recall     (AR) @[ IoU=0.50:0.95 | area=   all | maxDets=  1 ] = 0.088
 Average Recall     (AR) @[ IoU=0.50:0.95 | area=   all | maxDets= 10 ] = 0.246
 Average Recall     (AR) @[ IoU=0.50:0.95 | area=   all | maxDets=100 ] = 0.335
 Average Recall     (AR) @[ IoU=0.50:0.95 | area= small | maxDets=100 ] = 0.239
 Average Recall     (AR) @[ IoU=0.50:0.95 | area=medium | maxDets=100 ] = 0.461
 Average Recall     (AR) @[ IoU=0.50:0.95 | area= large | maxDets=100 ] = 0.564
best_stat:  {'epoch': 27, 'coco_eval_bbox': 0.18538451704983652}
Epoch: [28]  [  0/809]  eta: 1:32:46  lr: 0.000100  loss: 10.9384 (10.9384)  loss_bbox: 0.1096 (0.1096)  loss_bbox_aux_0: 0.1173 (0.1173)  loss_bbox_aux_1: 0.1131 (0.1131)  loss_bbox_aux_2: 0.1234 (0.1234)  loss_bbox_dn_0: 0.0520 (0.0520)  loss_bbox_dn_1: 0.0444 (0.0444)  loss_bbox_dn_2: 0.0437 (0.0437)  loss_giou: 1.1554 (1.1554)  loss_giou_aux_0: 1.1860 (1.1860)  loss_giou_aux_1: 1.1610 (1.1610)  loss_giou_aux_2: 1.2296 (1.2296)  loss_giou_dn_0: 0.8426 (0.8426)  loss_giou_dn_1: 0.7862 (0.7862)  loss_giou_dn_2: 0.7776 (0.7776)  loss_vfl: 0.4494 (0.4494)  loss_vfl_aux_0: 0.4566 (0.4566)  loss_vfl_aux_1: 0.4565 (0.4565)  loss_vfl_aux_2: 0.4434 (0.4434)  loss_vfl_dn_0: 0.4760 (0.4760)  loss_vfl_dn_1: 0.4596 (0.4596)  loss_vfl_dn_2: 0.4551 (0.4551)  time: 6.8806  data: 2.0110  max mem: 9927
Epoch: [28]  [100/809]  eta: 0:12:41  lr: 0.000100  loss: 10.3301 (10.6793)  loss_bbox: 0.0939 (0.1087)  loss_bbox_aux_0: 0.0983 (0.1156)  loss_bbox_aux_1: 0.0970 (0.1105)  loss_bbox_aux_2: 0.1118 (0.1279)  loss_bbox_dn_0: 0.0635 (0.0581)  loss_bbox_dn_1: 0.0528 (0.0487)  loss_bbox_dn_2: 0.0509 (0.0475)  loss_giou: 0.9530 (1.0737)  loss_giou_aux_0: 0.9777 (1.1036)  loss_giou_aux_1: 0.9673 (1.0840)  loss_giou_aux_2: 1.0531 (1.1556)  loss_giou_dn_0: 0.8134 (0.8327)  loss_giou_dn_1: 0.7157 (0.7581)  loss_giou_dn_2: 0.7088 (0.7512)  loss_vfl: 0.5174 (0.4795)  loss_vfl_aux_0: 0.5264 (0.4861)  loss_vfl_aux_1: 0.5248 (0.4863)  loss_vfl_aux_2: 0.5130 (0.4863)  loss_vfl_dn_0: 0.4667 (0.4669)  loss_vfl_dn_1: 0.4550 (0.4509)  loss_vfl_dn_2: 0.4505 (0.4472)  time: 1.0368  data: 0.0286  max mem: 9927
Epoch: [28]  [200/809]  eta: 0:10:26  lr: 0.000100  loss: 10.6638 (10.5743)  loss_bbox: 0.1024 (0.1080)  loss_bbox_aux_0: 0.1065 (0.1145)  loss_bbox_aux_1: 0.1065 (0.1095)  loss_bbox_aux_2: 0.1172 (0.1274)  loss_bbox_dn_0: 0.0568 (0.0596)  loss_bbox_dn_1: 0.0473 (0.0497)  loss_bbox_dn_2: 0.0464 (0.0485)  loss_giou: 1.0634 (1.0476)  loss_giou_aux_0: 1.0900 (1.0772)  loss_giou_aux_1: 1.0665 (1.0572)  loss_giou_aux_2: 1.1375 (1.1326)  loss_giou_dn_0: 0.8345 (0.8229)  loss_giou_dn_1: 0.7556 (0.7468)  loss_giou_dn_2: 0.7498 (0.7393)  loss_vfl: 0.4643 (0.4856)  loss_vfl_aux_0: 0.4843 (0.4936)  loss_vfl_aux_1: 0.4835 (0.4930)  loss_vfl_aux_2: 0.4850 (0.4933)  loss_vfl_dn_0: 0.4695 (0.4689)  loss_vfl_dn_1: 0.4551 (0.4516)  loss_vfl_dn_2: 0.4514 (0.4476)  time: 0.9526  data: 0.0269  max mem: 9927
Epoch: [28]  [300/809]  eta: 0:08:41  lr: 0.000100  loss: 10.1396 (10.5304)  loss_bbox: 0.0880 (0.1040)  loss_bbox_aux_0: 0.0907 (0.1104)  loss_bbox_aux_1: 0.0871 (0.1055)  loss_bbox_aux_2: 0.1024 (0.1235)  loss_bbox_dn_0: 0.0649 (0.0599)  loss_bbox_dn_1: 0.0557 (0.0499)  loss_bbox_dn_2: 0.0545 (0.0486)  loss_giou: 0.8943 (1.0376)  loss_giou_aux_0: 0.9281 (1.0672)  loss_giou_aux_1: 0.9049 (1.0470)  loss_giou_aux_2: 0.9678 (1.1233)  loss_giou_dn_0: 0.7934 (0.8239)  loss_giou_dn_1: 0.7033 (0.7477)  loss_giou_dn_2: 0.6934 (0.7402)  loss_vfl: 0.5274 (0.4883)  loss_vfl_aux_0: 0.5347 (0.4955)  loss_vfl_aux_1: 0.5293 (0.4956)  loss_vfl_aux_2: 0.5291 (0.4946)  loss_vfl_dn_0: 0.4777 (0.4685)  loss_vfl_dn_1: 0.4568 (0.4516)  loss_vfl_dn_2: 0.4532 (0.4476)  time: 1.0386  data: 0.0312  max mem: 9927
Epoch: [28]  [400/809]  eta: 0:07:00  lr: 0.000100  loss: 10.5124 (10.5755)  loss_bbox: 0.0987 (0.1067)  loss_bbox_aux_0: 0.1009 (0.1135)  loss_bbox_aux_1: 0.0949 (0.1084)  loss_bbox_aux_2: 0.1207 (0.1265)  loss_bbox_dn_0: 0.0619 (0.0598)  loss_bbox_dn_1: 0.0494 (0.0498)  loss_bbox_dn_2: 0.0485 (0.0485)  loss_giou: 1.0794 (1.0469)  loss_giou_aux_0: 1.0960 (1.0762)  loss_giou_aux_1: 1.0838 (1.0565)  loss_giou_aux_2: 1.1236 (1.1328)  loss_giou_dn_0: 0.8574 (0.8273)  loss_giou_dn_1: 0.7589 (0.7507)  loss_giou_dn_2: 0.7515 (0.7431)  loss_vfl: 0.4878 (0.4854)  loss_vfl_aux_0: 0.4805 (0.4927)  loss_vfl_aux_1: 0.5015 (0.4927)  loss_vfl_aux_2: 0.4657 (0.4917)  loss_vfl_dn_0: 0.4689 (0.4681)  loss_vfl_dn_1: 0.4466 (0.4511)  loss_vfl_dn_2: 0.4430 (0.4472)  time: 1.0555  data: 0.0290  max mem: 9927
Epoch: [28]  [500/809]  eta: 0:05:15  lr: 0.000100  loss: 10.5901 (10.6084)  loss_bbox: 0.0897 (0.1081)  loss_bbox_aux_0: 0.0976 (0.1148)  loss_bbox_aux_1: 0.0908 (0.1098)  loss_bbox_aux_2: 0.1118 (0.1280)  loss_bbox_dn_0: 0.0550 (0.0595)  loss_bbox_dn_1: 0.0451 (0.0495)  loss_bbox_dn_2: 0.0441 (0.0483)  loss_giou: 1.0406 (1.0531)  loss_giou_aux_0: 1.0705 (1.0819)  loss_giou_aux_1: 1.0515 (1.0625)  loss_giou_aux_2: 1.1317 (1.1376)  loss_giou_dn_0: 0.8392 (0.8289)  loss_giou_dn_1: 0.7622 (0.7518)  loss_giou_dn_2: 0.7550 (0.7440)  loss_vfl: 0.4878 (0.4860)  loss_vfl_aux_0: 0.4860 (0.4931)  loss_vfl_aux_1: 0.4952 (0.4938)  loss_vfl_aux_2: 0.4939 (0.4915)  loss_vfl_dn_0: 0.4687 (0.4677)  loss_vfl_dn_1: 0.4549 (0.4513)  loss_vfl_dn_2: 0.4521 (0.4473)  time: 0.9865  data: 0.0264  max mem: 9927
Epoch: [28]  [600/809]  eta: 0:03:33  lr: 0.000100  loss: 10.5809 (10.6003)  loss_bbox: 0.0914 (0.1068)  loss_bbox_aux_0: 0.0973 (0.1133)  loss_bbox_aux_1: 0.0920 (0.1084)  loss_bbox_aux_2: 0.1123 (0.1263)  loss_bbox_dn_0: 0.0656 (0.0593)  loss_bbox_dn_1: 0.0492 (0.0494)  loss_bbox_dn_2: 0.0473 (0.0482)  loss_giou: 1.0323 (1.0528)  loss_giou_aux_0: 1.0526 (1.0816)  loss_giou_aux_1: 1.0388 (1.0620)  loss_giou_aux_2: 1.1232 (1.1370)  loss_giou_dn_0: 0.8412 (0.8290)  loss_giou_dn_1: 0.7638 (0.7521)  loss_giou_dn_2: 0.7622 (0.7445)  loss_vfl: 0.5075 (0.4859)  loss_vfl_aux_0: 0.5156 (0.4930)  loss_vfl_aux_1: 0.5105 (0.4938)  loss_vfl_aux_2: 0.5095 (0.4915)  loss_vfl_dn_0: 0.4670 (0.4673)  loss_vfl_dn_1: 0.4493 (0.4511)  loss_vfl_dn_2: 0.4469 (0.4473)  time: 1.0529  data: 0.0260  max mem: 9927
Epoch: [28]  [700/809]  eta: 0:01:50  lr: 0.000100  loss: 10.0849 (10.6057)  loss_bbox: 0.0905 (0.1074)  loss_bbox_aux_0: 0.0981 (0.1142)  loss_bbox_aux_1: 0.0924 (0.1092)  loss_bbox_aux_2: 0.1083 (0.1271)  loss_bbox_dn_0: 0.0626 (0.0594)  loss_bbox_dn_1: 0.0515 (0.0494)  loss_bbox_dn_2: 0.0498 (0.0482)  loss_giou: 0.9406 (1.0521)  loss_giou_aux_0: 0.9635 (1.0808)  loss_giou_aux_1: 0.9496 (1.0613)  loss_giou_aux_2: 1.0169 (1.1363)  loss_giou_dn_0: 0.7938 (0.8294)  loss_giou_dn_1: 0.7382 (0.7526)  loss_giou_dn_2: 0.7199 (0.7449)  loss_vfl: 0.5089 (0.4867)  loss_vfl_aux_0: 0.5029 (0.4940)  loss_vfl_aux_1: 0.5111 (0.4945)  loss_vfl_aux_2: 0.5087 (0.4920)  loss_vfl_dn_0: 0.4678 (0.4674)  loss_vfl_dn_1: 0.4510 (0.4513)  loss_vfl_dn_2: 0.4501 (0.4475)  time: 0.9796  data: 0.0297  max mem: 9927
Epoch: [28]  [800/809]  eta: 0:00:09  lr: 0.000100  loss: 10.4430 (10.5818)  loss_bbox: 0.0840 (0.1062)  loss_bbox_aux_0: 0.0878 (0.1128)  loss_bbox_aux_1: 0.0866 (0.1079)  loss_bbox_aux_2: 0.0973 (0.1255)  loss_bbox_dn_0: 0.0538 (0.0593)  loss_bbox_dn_1: 0.0452 (0.0494)  loss_bbox_dn_2: 0.0441 (0.0482)  loss_giou: 1.0274 (1.0468)  loss_giou_aux_0: 1.0499 (1.0756)  loss_giou_aux_1: 1.0356 (1.0562)  loss_giou_aux_2: 1.1248 (1.1308)  loss_giou_dn_0: 0.8360 (0.8285)  loss_giou_dn_1: 0.7644 (0.7516)  loss_giou_dn_2: 0.7547 (0.7439)  loss_vfl: 0.4994 (0.4879)  loss_vfl_aux_0: 0.5110 (0.4954)  loss_vfl_aux_1: 0.5064 (0.4956)  loss_vfl_aux_2: 0.4921 (0.4935)  loss_vfl_dn_0: 0.4656 (0.4676)  loss_vfl_dn_1: 0.4524 (0.4516)  loss_vfl_dn_2: 0.4455 (0.4477)  time: 0.9908  data: 0.0265  max mem: 9927
Epoch: [28]  [808/809]  eta: 0:00:01  lr: 0.000100  loss: 10.2817 (10.5789)  loss_bbox: 0.0833 (0.1060)  loss_bbox_aux_0: 0.0878 (0.1126)  loss_bbox_aux_1: 0.0856 (0.1077)  loss_bbox_aux_2: 0.0975 (0.1254)  loss_bbox_dn_0: 0.0544 (0.0594)  loss_bbox_dn_1: 0.0462 (0.0494)  loss_bbox_dn_2: 0.0449 (0.0483)  loss_giou: 0.9619 (1.0460)  loss_giou_aux_0: 0.9989 (1.0747)  loss_giou_aux_1: 0.9692 (1.0554)  loss_giou_aux_2: 1.0868 (1.1301)  loss_giou_dn_0: 0.8047 (0.8282)  loss_giou_dn_1: 0.7319 (0.7514)  loss_giou_dn_2: 0.7158 (0.7436)  loss_vfl: 0.5157 (0.4881)  loss_vfl_aux_0: 0.5354 (0.4957)  loss_vfl_aux_1: 0.5290 (0.4959)  loss_vfl_aux_2: 0.5172 (0.4938)  loss_vfl_dn_0: 0.4677 (0.4677)  loss_vfl_dn_1: 0.4533 (0.4517)  loss_vfl_dn_2: 0.4483 (0.4478)  time: 0.8478  data: 0.0250  max mem: 9927
Epoch: [28] Total time: 0:13:38 (1.0117 s / it)
Averaged stats: lr: 0.000100  loss: 10.2817 (10.5789)  loss_bbox: 0.0833 (0.1060)  loss_bbox_aux_0: 0.0878 (0.1126)  loss_bbox_aux_1: 0.0856 (0.1077)  loss_bbox_aux_2: 0.0975 (0.1254)  loss_bbox_dn_0: 0.0544 (0.0594)  loss_bbox_dn_1: 0.0462 (0.0494)  loss_bbox_dn_2: 0.0449 (0.0483)  loss_giou: 0.9619 (1.0460)  loss_giou_aux_0: 0.9989 (1.0747)  loss_giou_aux_1: 0.9692 (1.0554)  loss_giou_aux_2: 1.0868 (1.1301)  loss_giou_dn_0: 0.8047 (0.8282)  loss_giou_dn_1: 0.7319 (0.7514)  loss_giou_dn_2: 0.7158 (0.7436)  loss_vfl: 0.5157 (0.4881)  loss_vfl_aux_0: 0.5354 (0.4957)  loss_vfl_aux_1: 0.5290 (0.4959)  loss_vfl_aux_2: 0.5172 (0.4938)  loss_vfl_dn_0: 0.4677 (0.4677)  loss_vfl_dn_1: 0.4533 (0.4517)  loss_vfl_dn_2: 0.4483 (0.4478)
Test:  [ 0/69]  eta: 0:01:40    time: 1.4511  data: 0.8850  max mem: 9927
Test:  [10/69]  eta: 0:00:38    time: 0.6548  data: 0.1007  max mem: 9927
Test:  [20/69]  eta: 0:00:30    time: 0.5745  data: 0.0223  max mem: 9927
Test:  [30/69]  eta: 0:00:22    time: 0.5378  data: 0.0211  max mem: 9927
Test:  [40/69]  eta: 0:00:16    time: 0.4988  data: 0.0208  max mem: 9927
Test:  [50/69]  eta: 0:00:10    time: 0.4720  data: 0.0218  max mem: 9927
Test:  [60/69]  eta: 0:00:04    time: 0.4473  data: 0.0217  max mem: 9927
Test:  [68/69]  eta: 0:00:00    time: 0.4534  data: 0.0199  max mem: 9927
Test: Total time: 0:00:35 (0.5171 s / it)
Averaged stats: 
Accumulating evaluation results...
DONE (t=1.88s).
IoU metric: bbox
 Average Precision  (AP) @[ IoU=0.50:0.95 | area=   all | maxDets=100 ] = 0.187
 Average Precision  (AP) @[ IoU=0.50      | area=   all | maxDets=100 ] = 0.315
 Average Precision  (AP) @[ IoU=0.75      | area=   all | maxDets=100 ] = 0.190
 Average Precision  (AP) @[ IoU=0.50:0.95 | area= small | maxDets=100 ] = 0.110
 Average Precision  (AP) @[ IoU=0.50:0.95 | area=medium | maxDets=100 ] = 0.270
 Average Precision  (AP) @[ IoU=0.50:0.95 | area= large | maxDets=100 ] = 0.378
 Average Recall     (AR) @[ IoU=0.50:0.95 | area=   all | maxDets=  1 ] = 0.089
 Average Recall     (AR) @[ IoU=0.50:0.95 | area=   all | maxDets= 10 ] = 0.247
 Average Recall     (AR) @[ IoU=0.50:0.95 | area=   all | maxDets=100 ] = 0.336
 Average Recall     (AR) @[ IoU=0.50:0.95 | area= small | maxDets=100 ] = 0.240
 Average Recall     (AR) @[ IoU=0.50:0.95 | area=medium | maxDets=100 ] = 0.462
 Average Recall     (AR) @[ IoU=0.50:0.95 | area= large | maxDets=100 ] = 0.581
best_stat:  {'epoch': 28, 'coco_eval_bbox': 0.18687898408975945}
Epoch: [29]  [  0/809]  eta: 1:17:23  lr: 0.000100  loss: 8.7508 (8.7508)  loss_bbox: 0.0590 (0.0590)  loss_bbox_aux_0: 0.0648 (0.0648)  loss_bbox_aux_1: 0.0590 (0.0590)  loss_bbox_aux_2: 0.0735 (0.0735)  loss_bbox_dn_0: 0.0550 (0.0550)  loss_bbox_dn_1: 0.0437 (0.0437)  loss_bbox_dn_2: 0.0428 (0.0428)  loss_giou: 0.6621 (0.6621)  loss_giou_aux_0: 0.6953 (0.6953)  loss_giou_aux_1: 0.6577 (0.6577)  loss_giou_aux_2: 0.7749 (0.7749)  loss_giou_dn_0: 0.6633 (0.6633)  loss_giou_dn_1: 0.5681 (0.5681)  loss_giou_dn_2: 0.5552 (0.5552)  loss_vfl: 0.5834 (0.5834)  loss_vfl_aux_0: 0.6028 (0.6028)  loss_vfl_aux_1: 0.5994 (0.5994)  loss_vfl_aux_2: 0.6145 (0.6145)  loss_vfl_dn_0: 0.4808 (0.4808)  loss_vfl_dn_1: 0.4518 (0.4518)  loss_vfl_dn_2: 0.4436 (0.4436)  time: 5.7404  data: 3.1006  max mem: 9927
Epoch: [29]  [100/809]  eta: 0:12:36  lr: 0.000100  loss: 10.0539 (10.4032)  loss_bbox: 0.0829 (0.0988)  loss_bbox_aux_0: 0.0924 (0.1043)  loss_bbox_aux_1: 0.0859 (0.1004)  loss_bbox_aux_2: 0.1106 (0.1160)  loss_bbox_dn_0: 0.0584 (0.0566)  loss_bbox_dn_1: 0.0483 (0.0471)  loss_bbox_dn_2: 0.0473 (0.0459)  loss_giou: 0.9383 (1.0217)  loss_giou_aux_0: 0.9689 (1.0521)  loss_giou_aux_1: 0.9476 (1.0319)  loss_giou_aux_2: 1.0372 (1.1077)  loss_giou_dn_0: 0.7903 (0.8142)  loss_giou_dn_1: 0.7124 (0.7389)  loss_giou_dn_2: 0.7057 (0.7311)  loss_vfl: 0.4858 (0.4852)  loss_vfl_aux_0: 0.5108 (0.4942)  loss_vfl_aux_1: 0.4997 (0.4940)  loss_vfl_aux_2: 0.5094 (0.4945)  loss_vfl_dn_0: 0.4725 (0.4684)  loss_vfl_dn_1: 0.4532 (0.4521)  loss_vfl_dn_2: 0.4482 (0.4480)  time: 0.9965  data: 0.0275  max mem: 9927
Epoch: [29]  [200/809]  eta: 0:10:32  lr: 0.000100  loss: 9.9575 (10.4326)  loss_bbox: 0.0830 (0.1014)  loss_bbox_aux_0: 0.0884 (0.1074)  loss_bbox_aux_1: 0.0832 (0.1032)  loss_bbox_aux_2: 0.0989 (0.1197)  loss_bbox_dn_0: 0.0627 (0.0591)  loss_bbox_dn_1: 0.0498 (0.0489)  loss_bbox_dn_2: 0.0488 (0.0476)  loss_giou: 0.8914 (1.0166)  loss_giou_aux_0: 0.9271 (1.0470)  loss_giou_aux_1: 0.9084 (1.0271)  loss_giou_aux_2: 1.0057 (1.1062)  loss_giou_dn_0: 0.7903 (0.8161)  loss_giou_dn_1: 0.7060 (0.7382)  loss_giou_dn_2: 0.6992 (0.7303)  loss_vfl: 0.5156 (0.4927)  loss_vfl_aux_0: 0.5345 (0.5017)  loss_vfl_aux_1: 0.5219 (0.5006)  loss_vfl_aux_2: 0.5128 (0.4999)  loss_vfl_dn_0: 0.4739 (0.4688)  loss_vfl_dn_1: 0.4555 (0.4523)  loss_vfl_dn_2: 0.4508 (0.4481)  time: 0.9880  data: 0.0290  max mem: 9927
Epoch: [29]  [300/809]  eta: 0:08:45  lr: 0.000100  loss: 10.5441 (10.4458)  loss_bbox: 0.0900 (0.1024)  loss_bbox_aux_0: 0.0931 (0.1087)  loss_bbox_aux_1: 0.0900 (0.1042)  loss_bbox_aux_2: 0.1071 (0.1210)  loss_bbox_dn_0: 0.0563 (0.0595)  loss_bbox_dn_1: 0.0472 (0.0492)  loss_bbox_dn_2: 0.0459 (0.0479)  loss_giou: 1.0465 (1.0179)  loss_giou_aux_0: 1.0784 (1.0475)  loss_giou_aux_1: 1.0625 (1.0284)  loss_giou_aux_2: 1.1262 (1.1069)  loss_giou_dn_0: 0.8394 (0.8178)  loss_giou_dn_1: 0.7626 (0.7388)  loss_giou_dn_2: 0.7548 (0.7308)  loss_vfl: 0.4784 (0.4926)  loss_vfl_aux_0: 0.4929 (0.5017)  loss_vfl_aux_1: 0.4883 (0.5007)  loss_vfl_aux_2: 0.4917 (0.4997)  loss_vfl_dn_0: 0.4702 (0.4688)  loss_vfl_dn_1: 0.4520 (0.4529)  loss_vfl_dn_2: 0.4543 (0.4486)  time: 1.0456  data: 0.0303  max mem: 9927
Epoch: [29]  [400/809]  eta: 0:07:00  lr: 0.000100  loss: 10.3487 (10.4540)  loss_bbox: 0.0814 (0.1024)  loss_bbox_aux_0: 0.0851 (0.1088)  loss_bbox_aux_1: 0.0842 (0.1042)  loss_bbox_aux_2: 0.0989 (0.1210)  loss_bbox_dn_0: 0.0535 (0.0593)  loss_bbox_dn_1: 0.0437 (0.0492)  loss_bbox_dn_2: 0.0430 (0.0479)  loss_giou: 1.0078 (1.0192)  loss_giou_aux_0: 1.0118 (1.0490)  loss_giou_aux_1: 1.0094 (1.0304)  loss_giou_aux_2: 1.0732 (1.1074)  loss_giou_dn_0: 0.8261 (0.8177)  loss_giou_dn_1: 0.7425 (0.7399)  loss_giou_dn_2: 0.7409 (0.7321)  loss_vfl: 0.4855 (0.4927)  loss_vfl_aux_0: 0.4882 (0.5021)  loss_vfl_aux_1: 0.4883 (0.5012)  loss_vfl_aux_2: 0.4790 (0.5005)  loss_vfl_dn_0: 0.4659 (0.4684)  loss_vfl_dn_1: 0.4447 (0.4523)  loss_vfl_dn_2: 0.4370 (0.4480)  time: 1.0012  data: 0.0317  max mem: 9927
Epoch: [29]  [500/809]  eta: 0:05:17  lr: 0.000100  loss: 10.3666 (10.4606)  loss_bbox: 0.0822 (0.1011)  loss_bbox_aux_0: 0.0859 (0.1073)  loss_bbox_aux_1: 0.0837 (0.1029)  loss_bbox_aux_2: 0.1013 (0.1195)  loss_bbox_dn_0: 0.0492 (0.0586)  loss_bbox_dn_1: 0.0407 (0.0487)  loss_bbox_dn_2: 0.0395 (0.0474)  loss_giou: 1.0133 (1.0223)  loss_giou_aux_0: 1.0343 (1.0515)  loss_giou_aux_1: 1.0273 (1.0334)  loss_giou_aux_2: 1.1036 (1.1100)  loss_giou_dn_0: 0.8175 (0.8191)  loss_giou_dn_1: 0.7366 (0.7420)  loss_giou_dn_2: 0.7341 (0.7343)  loss_vfl: 0.4889 (0.4923)  loss_vfl_aux_0: 0.4843 (0.5013)  loss_vfl_aux_1: 0.4920 (0.5005)  loss_vfl_aux_2: 0.4913 (0.4994)  loss_vfl_dn_0: 0.4655 (0.4685)  loss_vfl_dn_1: 0.4486 (0.4523)  loss_vfl_dn_2: 0.4480 (0.4482)  time: 1.0040  data: 0.0301  max mem: 9927
Epoch: [29]  [600/809]  eta: 0:03:34  lr: 0.000100  loss: 10.8657 (10.4763)  loss_bbox: 0.1045 (0.1015)  loss_bbox_aux_0: 0.1079 (0.1077)  loss_bbox_aux_1: 0.1051 (0.1033)  loss_bbox_aux_2: 0.1240 (0.1202)  loss_bbox_dn_0: 0.0572 (0.0588)  loss_bbox_dn_1: 0.0499 (0.0488)  loss_bbox_dn_2: 0.0491 (0.0476)  loss_giou: 1.1381 (1.0257)  loss_giou_aux_0: 1.1500 (1.0551)  loss_giou_aux_1: 1.1531 (1.0370)  loss_giou_aux_2: 1.2151 (1.1131)  loss_giou_dn_0: 0.8678 (0.8196)  loss_giou_dn_1: 0.7960 (0.7424)  loss_giou_dn_2: 0.7895 (0.7348)  loss_vfl: 0.4413 (0.4918)  loss_vfl_aux_0: 0.4517 (0.5008)  loss_vfl_aux_1: 0.4411 (0.4998)  loss_vfl_aux_2: 0.4420 (0.4993)  loss_vfl_dn_0: 0.4632 (0.4686)  loss_vfl_dn_1: 0.4465 (0.4523)  loss_vfl_dn_2: 0.4426 (0.4483)  time: 0.9795  data: 0.0315  max mem: 9927
Epoch: [29]  [700/809]  eta: 0:01:51  lr: 0.000100  loss: 9.9159 (10.4821)  loss_bbox: 0.0831 (0.1018)  loss_bbox_aux_0: 0.0885 (0.1080)  loss_bbox_aux_1: 0.0834 (0.1036)  loss_bbox_aux_2: 0.1065 (0.1208)  loss_bbox_dn_0: 0.0663 (0.0596)  loss_bbox_dn_1: 0.0554 (0.0495)  loss_bbox_dn_2: 0.0543 (0.0482)  loss_giou: 0.8876 (1.0246)  loss_giou_aux_0: 0.9199 (1.0546)  loss_giou_aux_1: 0.8919 (1.0361)  loss_giou_aux_2: 1.0052 (1.1120)  loss_giou_dn_0: 0.7791 (0.8200)  loss_giou_dn_1: 0.6826 (0.7425)  loss_giou_dn_2: 0.6682 (0.7348)  loss_vfl: 0.5465 (0.4930)  loss_vfl_aux_0: 0.5601 (0.5021)  loss_vfl_aux_1: 0.5549 (0.5011)  loss_vfl_aux_2: 0.5639 (0.5007)  loss_vfl_dn_0: 0.4709 (0.4684)  loss_vfl_dn_1: 0.4501 (0.4522)  loss_vfl_dn_2: 0.4485 (0.4482)  time: 0.9691  data: 0.0274  max mem: 9927
Epoch: [29]  [800/809]  eta: 0:00:09  lr: 0.000100  loss: 10.2484 (10.4874)  loss_bbox: 0.0841 (0.1018)  loss_bbox_aux_0: 0.0859 (0.1080)  loss_bbox_aux_1: 0.0861 (0.1035)  loss_bbox_aux_2: 0.1001 (0.1209)  loss_bbox_dn_0: 0.0557 (0.0597)  loss_bbox_dn_1: 0.0467 (0.0496)  loss_bbox_dn_2: 0.0461 (0.0483)  loss_giou: 0.9855 (1.0252)  loss_giou_aux_0: 1.0156 (1.0553)  loss_giou_aux_1: 1.0012 (1.0366)  loss_giou_aux_2: 1.0781 (1.1127)  loss_giou_dn_0: 0.8181 (0.8206)  loss_giou_dn_1: 0.7310 (0.7428)  loss_giou_dn_2: 0.7241 (0.7351)  loss_vfl: 0.5081 (0.4938)  loss_vfl_aux_0: 0.5103 (0.5025)  loss_vfl_aux_1: 0.5111 (0.5018)  loss_vfl_aux_2: 0.5052 (0.5009)  loss_vfl_dn_0: 0.4666 (0.4683)  loss_vfl_dn_1: 0.4500 (0.4520)  loss_vfl_dn_2: 0.4472 (0.4480)  time: 1.0234  data: 0.0297  max mem: 9927
Epoch: [29]  [808/809]  eta: 0:00:01  lr: 0.000100  loss: 10.4180 (10.4895)  loss_bbox: 0.0887 (0.1018)  loss_bbox_aux_0: 0.0951 (0.1081)  loss_bbox_aux_1: 0.0899 (0.1036)  loss_bbox_aux_2: 0.1117 (0.1209)  loss_bbox_dn_0: 0.0543 (0.0597)  loss_bbox_dn_1: 0.0448 (0.0495)  loss_bbox_dn_2: 0.0437 (0.0483)  loss_giou: 1.0285 (1.0258)  loss_giou_aux_0: 1.0530 (1.0559)  loss_giou_aux_1: 1.0384 (1.0372)  loss_giou_aux_2: 1.1112 (1.1132)  loss_giou_dn_0: 0.8598 (0.8210)  loss_giou_dn_1: 0.7857 (0.7432)  loss_giou_dn_2: 0.7847 (0.7354)  loss_vfl: 0.4660 (0.4935)  loss_vfl_aux_0: 0.4839 (0.5022)  loss_vfl_aux_1: 0.4771 (0.5015)  loss_vfl_aux_2: 0.4909 (0.5006)  loss_vfl_dn_0: 0.4634 (0.4682)  loss_vfl_dn_1: 0.4500 (0.4520)  loss_vfl_dn_2: 0.4470 (0.4480)  time: 0.9062  data: 0.0257  max mem: 9927
Epoch: [29] Total time: 0:13:42 (1.0162 s / it)
Averaged stats: lr: 0.000100  loss: 10.4180 (10.4895)  loss_bbox: 0.0887 (0.1018)  loss_bbox_aux_0: 0.0951 (0.1081)  loss_bbox_aux_1: 0.0899 (0.1036)  loss_bbox_aux_2: 0.1117 (0.1209)  loss_bbox_dn_0: 0.0543 (0.0597)  loss_bbox_dn_1: 0.0448 (0.0495)  loss_bbox_dn_2: 0.0437 (0.0483)  loss_giou: 1.0285 (1.0258)  loss_giou_aux_0: 1.0530 (1.0559)  loss_giou_aux_1: 1.0384 (1.0372)  loss_giou_aux_2: 1.1112 (1.1132)  loss_giou_dn_0: 0.8598 (0.8210)  loss_giou_dn_1: 0.7857 (0.7432)  loss_giou_dn_2: 0.7847 (0.7354)  loss_vfl: 0.4660 (0.4935)  loss_vfl_aux_0: 0.4839 (0.5022)  loss_vfl_aux_1: 0.4771 (0.5015)  loss_vfl_aux_2: 0.4909 (0.5006)  loss_vfl_dn_0: 0.4634 (0.4682)  loss_vfl_dn_1: 0.4500 (0.4520)  loss_vfl_dn_2: 0.4470 (0.4480)
Test:  [ 0/69]  eta: 0:01:20    time: 1.1714  data: 0.6655  max mem: 9927
Test:  [10/69]  eta: 0:00:34    time: 0.5826  data: 0.0775  max mem: 9927
Test:  [20/69]  eta: 0:00:28    time: 0.5420  data: 0.0194  max mem: 9927
Test:  [30/69]  eta: 0:00:21    time: 0.5358  data: 0.0213  max mem: 9927
Test:  [40/69]  eta: 0:00:15    time: 0.4941  data: 0.0210  max mem: 9927
Test:  [50/69]  eta: 0:00:09    time: 0.4494  data: 0.0208  max mem: 9927
Test:  [60/69]  eta: 0:00:04    time: 0.4122  data: 0.0211  max mem: 9927
Test:  [68/69]  eta: 0:00:00    time: 0.4248  data: 0.0189  max mem: 9927
Test: Total time: 0:00:33 (0.4921 s / it)
Averaged stats: 
Accumulating evaluation results...
DONE (t=1.91s).
IoU metric: bbox
 Average Precision  (AP) @[ IoU=0.50:0.95 | area=   all | maxDets=100 ] = 0.188
 Average Precision  (AP) @[ IoU=0.50      | area=   all | maxDets=100 ] = 0.317
 Average Precision  (AP) @[ IoU=0.75      | area=   all | maxDets=100 ] = 0.191
 Average Precision  (AP) @[ IoU=0.50:0.95 | area= small | maxDets=100 ] = 0.111
 Average Precision  (AP) @[ IoU=0.50:0.95 | area=medium | maxDets=100 ] = 0.271
 Average Precision  (AP) @[ IoU=0.50:0.95 | area= large | maxDets=100 ] = 0.385
 Average Recall     (AR) @[ IoU=0.50:0.95 | area=   all | maxDets=  1 ] = 0.089
 Average Recall     (AR) @[ IoU=0.50:0.95 | area=   all | maxDets= 10 ] = 0.248
 Average Recall     (AR) @[ IoU=0.50:0.95 | area=   all | maxDets=100 ] = 0.337
 Average Recall     (AR) @[ IoU=0.50:0.95 | area= small | maxDets=100 ] = 0.241
 Average Recall     (AR) @[ IoU=0.50:0.95 | area=medium | maxDets=100 ] = 0.463
 Average Recall     (AR) @[ IoU=0.50:0.95 | area= large | maxDets=100 ] = 0.582
best_stat:  {'epoch': 29, 'coco_eval_bbox': 0.18829084446271907}
Epoch: [30]  [  0/809]  eta: 1:14:08  lr: 0.000100  loss: 11.5987 (11.5987)  loss_bbox: 0.1164 (0.1164)  loss_bbox_aux_0: 0.1252 (0.1252)  loss_bbox_aux_1: 0.1231 (0.1231)  loss_bbox_aux_2: 0.1420 (0.1420)  loss_bbox_dn_0: 0.0532 (0.0532)  loss_bbox_dn_1: 0.0439 (0.0439)  loss_bbox_dn_2: 0.0409 (0.0409)  loss_giou: 1.3924 (1.3924)  loss_giou_aux_0: 1.4054 (1.4054)  loss_giou_aux_1: 1.4178 (1.4178)  loss_giou_aux_2: 1.4339 (1.4339)  loss_giou_dn_0: 0.9538 (0.9538)  loss_giou_dn_1: 0.8737 (0.8737)  loss_giou_dn_2: 0.8640 (0.8640)  loss_vfl: 0.3177 (0.3177)  loss_vfl_aux_0: 0.3323 (0.3323)  loss_vfl_aux_1: 0.3191 (0.3191)  loss_vfl_aux_2: 0.3193 (0.3193)  loss_vfl_dn_0: 0.4463 (0.4463)  loss_vfl_dn_1: 0.4406 (0.4406)  loss_vfl_dn_2: 0.4377 (0.4377)  time: 5.4984  data: 3.5514  max mem: 9927
Epoch: [30]  [100/809]  eta: 0:12:20  lr: 0.000100  loss: 9.7255 (10.3550)  loss_bbox: 0.0776 (0.1027)  loss_bbox_aux_0: 0.0826 (0.1090)  loss_bbox_aux_1: 0.0792 (0.1047)  loss_bbox_aux_2: 0.0984 (0.1203)  loss_bbox_dn_0: 0.0602 (0.0598)  loss_bbox_dn_1: 0.0478 (0.0494)  loss_bbox_dn_2: 0.0466 (0.0482)  loss_giou: 0.8655 (0.9992)  loss_giou_aux_0: 0.8918 (1.0314)  loss_giou_aux_1: 0.8696 (1.0107)  loss_giou_aux_2: 0.9638 (1.0879)  loss_giou_dn_0: 0.7738 (0.8048)  loss_giou_dn_1: 0.6953 (0.7281)  loss_giou_dn_2: 0.6797 (0.7200)  loss_vfl: 0.5358 (0.4977)  loss_vfl_aux_0: 0.5443 (0.5064)  loss_vfl_aux_1: 0.5489 (0.5048)  loss_vfl_aux_2: 0.5482 (0.5071)  loss_vfl_dn_0: 0.4727 (0.4682)  loss_vfl_dn_1: 0.4510 (0.4492)  loss_vfl_dn_2: 0.4449 (0.4453)  time: 1.0014  data: 0.0289  max mem: 9927
Epoch: [30]  [200/809]  eta: 0:10:22  lr: 0.000100  loss: 10.6742 (10.4390)  loss_bbox: 0.1009 (0.1024)  loss_bbox_aux_0: 0.1111 (0.1086)  loss_bbox_aux_1: 0.1030 (0.1042)  loss_bbox_aux_2: 0.1273 (0.1210)  loss_bbox_dn_0: 0.0525 (0.0595)  loss_bbox_dn_1: 0.0432 (0.0492)  loss_bbox_dn_2: 0.0419 (0.0480)  loss_giou: 1.0872 (1.0228)  loss_giou_aux_0: 1.1339 (1.0553)  loss_giou_aux_1: 1.1103 (1.0348)  loss_giou_aux_2: 1.2002 (1.1114)  loss_giou_dn_0: 0.8608 (0.8151)  loss_giou_dn_1: 0.7871 (0.7376)  loss_giou_dn_2: 0.7827 (0.7296)  loss_vfl: 0.4452 (0.4876)  loss_vfl_aux_0: 0.4708 (0.4966)  loss_vfl_aux_1: 0.4530 (0.4950)  loss_vfl_aux_2: 0.4560 (0.4961)  loss_vfl_dn_0: 0.4602 (0.4678)  loss_vfl_dn_1: 0.4475 (0.4502)  loss_vfl_dn_2: 0.4457 (0.4464)  time: 0.9825  data: 0.0238  max mem: 9927
Epoch: [30]  [300/809]  eta: 0:08:36  lr: 0.000100  loss: 10.0542 (10.4373)  loss_bbox: 0.0920 (0.1037)  loss_bbox_aux_0: 0.0977 (0.1098)  loss_bbox_aux_1: 0.0932 (0.1054)  loss_bbox_aux_2: 0.1084 (0.1225)  loss_bbox_dn_0: 0.0568 (0.0593)  loss_bbox_dn_1: 0.0476 (0.0491)  loss_bbox_dn_2: 0.0460 (0.0480)  loss_giou: 0.9137 (1.0176)  loss_giou_aux_0: 0.9555 (1.0501)  loss_giou_aux_1: 0.9219 (1.0293)  loss_giou_aux_2: 1.0467 (1.1074)  loss_giou_dn_0: 0.7754 (0.8152)  loss_giou_dn_1: 0.6994 (0.7376)  loss_giou_dn_2: 0.6888 (0.7296)  loss_vfl: 0.4824 (0.4905)  loss_vfl_aux_0: 0.4943 (0.4996)  loss_vfl_aux_1: 0.4951 (0.4982)  loss_vfl_aux_2: 0.5001 (0.4982)  loss_vfl_dn_0: 0.4679 (0.4680)  loss_vfl_dn_1: 0.4486 (0.4509)  loss_vfl_dn_2: 0.4461 (0.4471)  time: 0.9870  data: 0.0306  max mem: 9927
Epoch: [30]  [400/809]  eta: 0:06:54  lr: 0.000100  loss: 10.4465 (10.4540)  loss_bbox: 0.0947 (0.1024)  loss_bbox_aux_0: 0.1032 (0.1085)  loss_bbox_aux_1: 0.0963 (0.1041)  loss_bbox_aux_2: 0.1147 (0.1212)  loss_bbox_dn_0: 0.0600 (0.0591)  loss_bbox_dn_1: 0.0495 (0.0491)  loss_bbox_dn_2: 0.0479 (0.0479)  loss_giou: 1.0183 (1.0226)  loss_giou_aux_0: 1.0456 (1.0539)  loss_giou_aux_1: 1.0316 (1.0337)  loss_giou_aux_2: 1.1152 (1.1123)  loss_giou_dn_0: 0.8354 (0.8175)  loss_giou_dn_1: 0.7552 (0.7400)  loss_giou_dn_2: 0.7455 (0.7322)  loss_vfl: 0.4539 (0.4899)  loss_vfl_aux_0: 0.4627 (0.4989)  loss_vfl_aux_1: 0.4559 (0.4972)  loss_vfl_aux_2: 0.4707 (0.4975)  loss_vfl_dn_0: 0.4608 (0.4679)  loss_vfl_dn_1: 0.4454 (0.4511)  loss_vfl_dn_2: 0.4420 (0.4472)  time: 0.9873  data: 0.0302  max mem: 9927
Epoch: [30]  [500/809]  eta: 0:05:14  lr: 0.000100  loss: 10.5065 (10.4839)  loss_bbox: 0.0932 (0.1024)  loss_bbox_aux_0: 0.1000 (0.1086)  loss_bbox_aux_1: 0.0960 (0.1042)  loss_bbox_aux_2: 0.1198 (0.1214)  loss_bbox_dn_0: 0.0547 (0.0588)  loss_bbox_dn_1: 0.0448 (0.0489)  loss_bbox_dn_2: 0.0450 (0.0477)  loss_giou: 1.0711 (1.0306)  loss_giou_aux_0: 1.0951 (1.0615)  loss_giou_aux_1: 1.0838 (1.0421)  loss_giou_aux_2: 1.1385 (1.1189)  loss_giou_dn_0: 0.8317 (0.8212)  loss_giou_dn_1: 0.7490 (0.7441)  loss_giou_dn_2: 0.7450 (0.7363)  loss_vfl: 0.4776 (0.4869)  loss_vfl_aux_0: 0.4758 (0.4959)  loss_vfl_aux_1: 0.4821 (0.4941)  loss_vfl_aux_2: 0.4707 (0.4946)  loss_vfl_dn_0: 0.4687 (0.4676)  loss_vfl_dn_1: 0.4469 (0.4509)  loss_vfl_dn_2: 0.4390 (0.4471)  time: 0.9862  data: 0.0279  max mem: 9927
Epoch: [30]  [600/809]  eta: 0:03:32  lr: 0.000100  loss: 10.9384 (10.4736)  loss_bbox: 0.0935 (0.1012)  loss_bbox_aux_0: 0.0969 (0.1072)  loss_bbox_aux_1: 0.0954 (0.1028)  loss_bbox_aux_2: 0.1067 (0.1200)  loss_bbox_dn_0: 0.0493 (0.0587)  loss_bbox_dn_1: 0.0420 (0.0488)  loss_bbox_dn_2: 0.0410 (0.0477)  loss_giou: 1.1131 (1.0288)  loss_giou_aux_0: 1.1368 (1.0597)  loss_giou_aux_1: 1.1243 (1.0397)  loss_giou_aux_2: 1.1928 (1.1167)  loss_giou_dn_0: 0.8339 (0.8213)  loss_giou_dn_1: 0.7663 (0.7438)  loss_giou_dn_2: 0.7627 (0.7360)  loss_vfl: 0.4506 (0.4877)  loss_vfl_aux_0: 0.4581 (0.4967)  loss_vfl_aux_1: 0.4552 (0.4950)  loss_vfl_aux_2: 0.4514 (0.4954)  loss_vfl_dn_0: 0.4665 (0.4678)  loss_vfl_dn_1: 0.4460 (0.4511)  loss_vfl_dn_2: 0.4426 (0.4473)  time: 1.0063  data: 0.0280  max mem: 9927
Epoch: [30]  [700/809]  eta: 0:01:51  lr: 0.000100  loss: 10.7763 (10.4623)  loss_bbox: 0.0912 (0.1004)  loss_bbox_aux_0: 0.0967 (0.1064)  loss_bbox_aux_1: 0.0939 (0.1020)  loss_bbox_aux_2: 0.1040 (0.1191)  loss_bbox_dn_0: 0.0569 (0.0589)  loss_bbox_dn_1: 0.0468 (0.0490)  loss_bbox_dn_2: 0.0465 (0.0478)  loss_giou: 1.0641 (1.0269)  loss_giou_aux_0: 1.0976 (1.0574)  loss_giou_aux_1: 1.0770 (1.0375)  loss_giou_aux_2: 1.1454 (1.1145)  loss_giou_dn_0: 0.8393 (0.8206)  loss_giou_dn_1: 0.7816 (0.7435)  loss_giou_dn_2: 0.7713 (0.7356)  loss_vfl: 0.4704 (0.4880)  loss_vfl_aux_0: 0.4844 (0.4970)  loss_vfl_aux_1: 0.4853 (0.4953)  loss_vfl_aux_2: 0.4701 (0.4961)  loss_vfl_dn_0: 0.4630 (0.4679)  loss_vfl_dn_1: 0.4545 (0.4511)  loss_vfl_dn_2: 0.4499 (0.4472)  time: 1.0141  data: 0.0296  max mem: 9927
Epoch: [30]  [800/809]  eta: 0:00:09  lr: 0.000100  loss: 10.1117 (10.4650)  loss_bbox: 0.0912 (0.1004)  loss_bbox_aux_0: 0.0918 (0.1065)  loss_bbox_aux_1: 0.0919 (0.1020)  loss_bbox_aux_2: 0.1037 (0.1194)  loss_bbox_dn_0: 0.0586 (0.0589)  loss_bbox_dn_1: 0.0474 (0.0489)  loss_bbox_dn_2: 0.0467 (0.0477)  loss_giou: 0.9507 (1.0281)  loss_giou_aux_0: 0.9744 (1.0586)  loss_giou_aux_1: 0.9559 (1.0383)  loss_giou_aux_2: 1.0371 (1.1152)  loss_giou_dn_0: 0.8012 (0.8207)  loss_giou_dn_1: 0.7090 (0.7435)  loss_giou_dn_2: 0.7074 (0.7357)  loss_vfl: 0.4943 (0.4877)  loss_vfl_aux_0: 0.5170 (0.4965)  loss_vfl_aux_1: 0.5118 (0.4953)  loss_vfl_aux_2: 0.5159 (0.4956)  loss_vfl_dn_0: 0.4673 (0.4679)  loss_vfl_dn_1: 0.4558 (0.4510)  loss_vfl_dn_2: 0.4528 (0.4471)  time: 0.9585  data: 0.0269  max mem: 9927
Epoch: [30]  [808/809]  eta: 0:00:01  lr: 0.000100  loss: 10.2609 (10.4679)  loss_bbox: 0.0874 (0.1007)  loss_bbox_aux_0: 0.0927 (0.1068)  loss_bbox_aux_1: 0.0885 (0.1023)  loss_bbox_aux_2: 0.1035 (0.1197)  loss_bbox_dn_0: 0.0527 (0.0588)  loss_bbox_dn_1: 0.0446 (0.0489)  loss_bbox_dn_2: 0.0434 (0.0477)  loss_giou: 0.9751 (1.0288)  loss_giou_aux_0: 1.0054 (1.0594)  loss_giou_aux_1: 0.9854 (1.0390)  loss_giou_aux_2: 1.0811 (1.1159)  loss_giou_dn_0: 0.8022 (0.8207)  loss_giou_dn_1: 0.7382 (0.7436)  loss_giou_dn_2: 0.7292 (0.7358)  loss_vfl: 0.4846 (0.4875)  loss_vfl_aux_0: 0.4937 (0.4962)  loss_vfl_aux_1: 0.4906 (0.4951)  loss_vfl_aux_2: 0.4979 (0.4953)  loss_vfl_dn_0: 0.4641 (0.4678)  loss_vfl_dn_1: 0.4530 (0.4510)  loss_vfl_dn_2: 0.4475 (0.4470)  time: 0.8658  data: 0.0253  max mem: 9927
Epoch: [30] Total time: 0:13:43 (1.0175 s / it)
Averaged stats: lr: 0.000100  loss: 10.2609 (10.4679)  loss_bbox: 0.0874 (0.1007)  loss_bbox_aux_0: 0.0927 (0.1068)  loss_bbox_aux_1: 0.0885 (0.1023)  loss_bbox_aux_2: 0.1035 (0.1197)  loss_bbox_dn_0: 0.0527 (0.0588)  loss_bbox_dn_1: 0.0446 (0.0489)  loss_bbox_dn_2: 0.0434 (0.0477)  loss_giou: 0.9751 (1.0288)  loss_giou_aux_0: 1.0054 (1.0594)  loss_giou_aux_1: 0.9854 (1.0390)  loss_giou_aux_2: 1.0811 (1.1159)  loss_giou_dn_0: 0.8022 (0.8207)  loss_giou_dn_1: 0.7382 (0.7436)  loss_giou_dn_2: 0.7292 (0.7358)  loss_vfl: 0.4846 (0.4875)  loss_vfl_aux_0: 0.4937 (0.4962)  loss_vfl_aux_1: 0.4906 (0.4951)  loss_vfl_aux_2: 0.4979 (0.4953)  loss_vfl_dn_0: 0.4641 (0.4678)  loss_vfl_dn_1: 0.4530 (0.4510)  loss_vfl_dn_2: 0.4475 (0.4470)
Test:  [ 0/69]  eta: 0:01:14    time: 1.0758  data: 0.6505  max mem: 9927
Test:  [10/69]  eta: 0:00:33    time: 0.5625  data: 0.0767  max mem: 9927
Test:  [20/69]  eta: 0:00:27    time: 0.5301  data: 0.0195  max mem: 9927
Test:  [30/69]  eta: 0:00:21    time: 0.5371  data: 0.0201  max mem: 9927
Test:  [40/69]  eta: 0:00:15    time: 0.5069  data: 0.0207  max mem: 9927
Test:  [50/69]  eta: 0:00:09    time: 0.4578  data: 0.0215  max mem: 9927
Test:  [60/69]  eta: 0:00:04    time: 0.4334  data: 0.0222  max mem: 9927
Test:  [68/69]  eta: 0:00:00    time: 0.4393  data: 0.0209  max mem: 9927
Test: Total time: 0:00:34 (0.4957 s / it)
Averaged stats: 
Accumulating evaluation results...
DONE (t=2.48s).
IoU metric: bbox
 Average Precision  (AP) @[ IoU=0.50:0.95 | area=   all | maxDets=100 ] = 0.190
 Average Precision  (AP) @[ IoU=0.50      | area=   all | maxDets=100 ] = 0.319
 Average Precision  (AP) @[ IoU=0.75      | area=   all | maxDets=100 ] = 0.194
 Average Precision  (AP) @[ IoU=0.50:0.95 | area= small | maxDets=100 ] = 0.112
 Average Precision  (AP) @[ IoU=0.50:0.95 | area=medium | maxDets=100 ] = 0.273
 Average Precision  (AP) @[ IoU=0.50:0.95 | area= large | maxDets=100 ] = 0.386
 Average Recall     (AR) @[ IoU=0.50:0.95 | area=   all | maxDets=  1 ] = 0.089
 Average Recall     (AR) @[ IoU=0.50:0.95 | area=   all | maxDets= 10 ] = 0.250
 Average Recall     (AR) @[ IoU=0.50:0.95 | area=   all | maxDets=100 ] = 0.339
 Average Recall     (AR) @[ IoU=0.50:0.95 | area= small | maxDets=100 ] = 0.243
 Average Recall     (AR) @[ IoU=0.50:0.95 | area=medium | maxDets=100 ] = 0.464
 Average Recall     (AR) @[ IoU=0.50:0.95 | area= large | maxDets=100 ] = 0.567
best_stat:  {'epoch': 30, 'coco_eval_bbox': 0.19022635746219865}
Epoch: [31]  [  0/809]  eta: 1:08:26  lr: 0.000100  loss: 10.6263 (10.6263)  loss_bbox: 0.1129 (0.1129)  loss_bbox_aux_0: 0.1130 (0.1130)  loss_bbox_aux_1: 0.1140 (0.1140)  loss_bbox_aux_2: 0.1307 (0.1307)  loss_bbox_dn_0: 0.0607 (0.0607)  loss_bbox_dn_1: 0.0470 (0.0470)  loss_bbox_dn_2: 0.0455 (0.0455)  loss_giou: 1.0787 (1.0787)  loss_giou_aux_0: 1.0754 (1.0754)  loss_giou_aux_1: 1.0688 (1.0688)  loss_giou_aux_2: 1.1620 (1.1620)  loss_giou_dn_0: 0.8153 (0.8153)  loss_giou_dn_1: 0.7337 (0.7337)  loss_giou_dn_2: 0.7260 (0.7260)  loss_vfl: 0.4967 (0.4967)  loss_vfl_aux_0: 0.4937 (0.4937)  loss_vfl_aux_1: 0.5018 (0.5018)  loss_vfl_aux_2: 0.4758 (0.4758)  loss_vfl_dn_0: 0.4662 (0.4662)  loss_vfl_dn_1: 0.4540 (0.4540)  loss_vfl_dn_2: 0.4543 (0.4543)  time: 5.0763  data: 3.5936  max mem: 9927
Epoch: [31]  [100/809]  eta: 0:12:34  lr: 0.000100  loss: 10.5645 (10.4841)  loss_bbox: 0.1005 (0.1056)  loss_bbox_aux_0: 0.1073 (0.1127)  loss_bbox_aux_1: 0.1023 (0.1075)  loss_bbox_aux_2: 0.1219 (0.1259)  loss_bbox_dn_0: 0.0486 (0.0585)  loss_bbox_dn_1: 0.0410 (0.0485)  loss_bbox_dn_2: 0.0400 (0.0471)  loss_giou: 1.0641 (1.0305)  loss_giou_aux_0: 1.0935 (1.0570)  loss_giou_aux_1: 1.0674 (1.0376)  loss_giou_aux_2: 1.1633 (1.1234)  loss_giou_dn_0: 0.8230 (0.8165)  loss_giou_dn_1: 0.7422 (0.7399)  loss_giou_dn_2: 0.7398 (0.7318)  loss_vfl: 0.4600 (0.4900)  loss_vfl_aux_0: 0.4771 (0.4975)  loss_vfl_aux_1: 0.4697 (0.4971)  loss_vfl_aux_2: 0.4713 (0.4937)  loss_vfl_dn_0: 0.4643 (0.4672)  loss_vfl_dn_1: 0.4500 (0.4501)  loss_vfl_dn_2: 0.4460 (0.4460)  time: 1.0429  data: 0.0334  max mem: 9927
Epoch: [31]  [200/809]  eta: 0:10:33  lr: 0.000100  loss: 10.4939 (10.5487)  loss_bbox: 0.0968 (0.1076)  loss_bbox_aux_0: 0.1022 (0.1144)  loss_bbox_aux_1: 0.0995 (0.1096)  loss_bbox_aux_2: 0.1134 (0.1272)  loss_bbox_dn_0: 0.0610 (0.0593)  loss_bbox_dn_1: 0.0522 (0.0493)  loss_bbox_dn_2: 0.0516 (0.0481)  loss_giou: 1.0248 (1.0467)  loss_giou_aux_0: 1.0416 (1.0740)  loss_giou_aux_1: 1.0234 (1.0532)  loss_giou_aux_2: 1.1010 (1.1364)  loss_giou_dn_0: 0.8241 (0.8213)  loss_giou_dn_1: 0.7527 (0.7453)  loss_giou_dn_2: 0.7419 (0.7376)  loss_vfl: 0.4830 (0.4831)  loss_vfl_aux_0: 0.4827 (0.4921)  loss_vfl_aux_1: 0.4863 (0.4907)  loss_vfl_aux_2: 0.4769 (0.4904)  loss_vfl_dn_0: 0.4660 (0.4663)  loss_vfl_dn_1: 0.4510 (0.4500)  loss_vfl_dn_2: 0.4469 (0.4460)  time: 0.9728  data: 0.0302  max mem: 9927
Epoch: [31]  [300/809]  eta: 0:08:42  lr: 0.000100  loss: 10.3640 (10.5533)  loss_bbox: 0.0826 (0.1051)  loss_bbox_aux_0: 0.0860 (0.1121)  loss_bbox_aux_1: 0.0832 (0.1071)  loss_bbox_aux_2: 0.0994 (0.1252)  loss_bbox_dn_0: 0.0538 (0.0588)  loss_bbox_dn_1: 0.0448 (0.0489)  loss_bbox_dn_2: 0.0435 (0.0477)  loss_giou: 1.0068 (1.0485)  loss_giou_aux_0: 1.0334 (1.0767)  loss_giou_aux_1: 1.0188 (1.0557)  loss_giou_aux_2: 1.0834 (1.1384)  loss_giou_dn_0: 0.8171 (0.8237)  loss_giou_dn_1: 0.7442 (0.7477)  loss_giou_dn_2: 0.7410 (0.7399)  loss_vfl: 0.5081 (0.4835)  loss_vfl_aux_0: 0.5121 (0.4920)  loss_vfl_aux_1: 0.5186 (0.4908)  loss_vfl_aux_2: 0.5193 (0.4893)  loss_vfl_dn_0: 0.4660 (0.4662)  loss_vfl_dn_1: 0.4480 (0.4502)  loss_vfl_dn_2: 0.4485 (0.4460)  time: 0.9901  data: 0.0305  max mem: 9927
Epoch: [31]  [400/809]  eta: 0:06:57  lr: 0.000100  loss: 10.2663 (10.5122)  loss_bbox: 0.0912 (0.1026)  loss_bbox_aux_0: 0.0939 (0.1094)  loss_bbox_aux_1: 0.0903 (0.1046)  loss_bbox_aux_2: 0.1075 (0.1224)  loss_bbox_dn_0: 0.0509 (0.0585)  loss_bbox_dn_1: 0.0433 (0.0486)  loss_bbox_dn_2: 0.0414 (0.0474)  loss_giou: 1.0099 (1.0395)  loss_giou_aux_0: 1.0417 (1.0685)  loss_giou_aux_1: 1.0147 (1.0478)  loss_giou_aux_2: 1.1033 (1.1293)  loss_giou_dn_0: 0.8200 (0.8223)  loss_giou_dn_1: 0.7382 (0.7462)  loss_giou_dn_2: 0.7258 (0.7383)  loss_vfl: 0.4664 (0.4859)  loss_vfl_aux_0: 0.4843 (0.4947)  loss_vfl_aux_1: 0.4793 (0.4936)  loss_vfl_aux_2: 0.4829 (0.4920)  loss_vfl_dn_0: 0.4582 (0.4658)  loss_vfl_dn_1: 0.4397 (0.4495)  loss_vfl_dn_2: 0.4374 (0.4452)  time: 1.0176  data: 0.0309  max mem: 9927
Epoch: [31]  [500/809]  eta: 0:05:15  lr: 0.000100  loss: 10.3930 (10.4920)  loss_bbox: 0.0870 (0.1008)  loss_bbox_aux_0: 0.0926 (0.1074)  loss_bbox_aux_1: 0.0880 (0.1028)  loss_bbox_aux_2: 0.1033 (0.1205)  loss_bbox_dn_0: 0.0552 (0.0585)  loss_bbox_dn_1: 0.0475 (0.0486)  loss_bbox_dn_2: 0.0451 (0.0475)  loss_giou: 1.0652 (1.0353)  loss_giou_aux_0: 1.0895 (1.0648)  loss_giou_aux_1: 1.0790 (1.0438)  loss_giou_aux_2: 1.1274 (1.1245)  loss_giou_dn_0: 0.8297 (0.8224)  loss_giou_dn_1: 0.7468 (0.7464)  loss_giou_dn_2: 0.7375 (0.7384)  loss_vfl: 0.4766 (0.4864)  loss_vfl_aux_0: 0.4890 (0.4954)  loss_vfl_aux_1: 0.4919 (0.4944)  loss_vfl_aux_2: 0.4962 (0.4923)  loss_vfl_dn_0: 0.4689 (0.4663)  loss_vfl_dn_1: 0.4572 (0.4499)  loss_vfl_dn_2: 0.4493 (0.4456)  time: 1.0302  data: 0.0271  max mem: 9927
Epoch: [31]  [600/809]  eta: 0:03:33  lr: 0.000100  loss: 10.2365 (10.4579)  loss_bbox: 0.0830 (0.1003)  loss_bbox_aux_0: 0.0879 (0.1067)  loss_bbox_aux_1: 0.0835 (0.1022)  loss_bbox_aux_2: 0.0989 (0.1197)  loss_bbox_dn_0: 0.0543 (0.0585)  loss_bbox_dn_1: 0.0445 (0.0485)  loss_bbox_dn_2: 0.0435 (0.0474)  loss_giou: 1.0181 (1.0296)  loss_giou_aux_0: 1.0426 (1.0589)  loss_giou_aux_1: 1.0212 (1.0381)  loss_giou_aux_2: 1.1174 (1.1181)  loss_giou_dn_0: 0.8290 (0.8196)  loss_giou_dn_1: 0.7606 (0.7431)  loss_giou_dn_2: 0.7536 (0.7353)  loss_vfl: 0.4671 (0.4860)  loss_vfl_aux_0: 0.4679 (0.4956)  loss_vfl_aux_1: 0.4713 (0.4939)  loss_vfl_aux_2: 0.4545 (0.4935)  loss_vfl_dn_0: 0.4613 (0.4669)  loss_vfl_dn_1: 0.4462 (0.4500)  loss_vfl_dn_2: 0.4449 (0.4458)  time: 1.0141  data: 0.0298  max mem: 9927
Epoch: [31]  [700/809]  eta: 0:01:50  lr: 0.000100  loss: 10.6424 (10.4600)  loss_bbox: 0.0894 (0.1001)  loss_bbox_aux_0: 0.0932 (0.1064)  loss_bbox_aux_1: 0.0875 (0.1019)  loss_bbox_aux_2: 0.1068 (0.1194)  loss_bbox_dn_0: 0.0593 (0.0591)  loss_bbox_dn_1: 0.0495 (0.0490)  loss_bbox_dn_2: 0.0483 (0.0478)  loss_giou: 1.0381 (1.0281)  loss_giou_aux_0: 1.0670 (1.0571)  loss_giou_aux_1: 1.0692 (1.0368)  loss_giou_aux_2: 1.1464 (1.1162)  loss_giou_dn_0: 0.8556 (0.8210)  loss_giou_dn_1: 0.7883 (0.7441)  loss_giou_dn_2: 0.7850 (0.7363)  loss_vfl: 0.4800 (0.4869)  loss_vfl_aux_0: 0.4807 (0.4967)  loss_vfl_aux_1: 0.4846 (0.4949)  loss_vfl_aux_2: 0.4753 (0.4946)  loss_vfl_dn_0: 0.4696 (0.4671)  loss_vfl_dn_1: 0.4500 (0.4504)  loss_vfl_dn_2: 0.4466 (0.4461)  time: 0.9937  data: 0.0336  max mem: 9927
Epoch: [31]  [800/809]  eta: 0:00:09  lr: 0.000100  loss: 10.5833 (10.4718)  loss_bbox: 0.0998 (0.1025)  loss_bbox_aux_0: 0.1065 (0.1089)  loss_bbox_aux_1: 0.1021 (0.1044)  loss_bbox_aux_2: 0.1178 (0.1222)  loss_bbox_dn_0: 0.0527 (0.0589)  loss_bbox_dn_1: 0.0439 (0.0489)  loss_bbox_dn_2: 0.0426 (0.0478)  loss_giou: 1.0904 (1.0300)  loss_giou_aux_0: 1.1343 (1.0593)  loss_giou_aux_1: 1.0910 (1.0388)  loss_giou_aux_2: 1.1600 (1.1179)  loss_giou_dn_0: 0.8380 (0.8200)  loss_giou_dn_1: 0.7762 (0.7436)  loss_giou_dn_2: 0.7675 (0.7357)  loss_vfl: 0.4345 (0.4859)  loss_vfl_aux_0: 0.4480 (0.4957)  loss_vfl_aux_1: 0.4457 (0.4938)  loss_vfl_aux_2: 0.4512 (0.4937)  loss_vfl_dn_0: 0.4658 (0.4672)  loss_vfl_dn_1: 0.4495 (0.4505)  loss_vfl_dn_2: 0.4465 (0.4462)  time: 1.0534  data: 0.0348  max mem: 9927
Epoch: [31]  [808/809]  eta: 0:00:01  lr: 0.000100  loss: 10.4027 (10.4699)  loss_bbox: 0.0899 (0.1024)  loss_bbox_aux_0: 0.0956 (0.1088)  loss_bbox_aux_1: 0.0891 (0.1044)  loss_bbox_aux_2: 0.1101 (0.1221)  loss_bbox_dn_0: 0.0531 (0.0589)  loss_bbox_dn_1: 0.0431 (0.0489)  loss_bbox_dn_2: 0.0426 (0.0477)  loss_giou: 1.0344 (1.0294)  loss_giou_aux_0: 1.0493 (1.0587)  loss_giou_aux_1: 1.0426 (1.0383)  loss_giou_aux_2: 1.0732 (1.1173)  loss_giou_dn_0: 0.8012 (0.8197)  loss_giou_dn_1: 0.7131 (0.7431)  loss_giou_dn_2: 0.7061 (0.7353)  loss_vfl: 0.4803 (0.4862)  loss_vfl_aux_0: 0.4971 (0.4961)  loss_vfl_aux_1: 0.4921 (0.4943)  loss_vfl_aux_2: 0.4917 (0.4940)  loss_vfl_dn_0: 0.4696 (0.4674)  loss_vfl_dn_1: 0.4527 (0.4506)  loss_vfl_dn_2: 0.4484 (0.4463)  time: 0.8962  data: 0.0283  max mem: 9927
Epoch: [31] Total time: 0:13:41 (1.0150 s / it)
Averaged stats: lr: 0.000100  loss: 10.4027 (10.4699)  loss_bbox: 0.0899 (0.1024)  loss_bbox_aux_0: 0.0956 (0.1088)  loss_bbox_aux_1: 0.0891 (0.1044)  loss_bbox_aux_2: 0.1101 (0.1221)  loss_bbox_dn_0: 0.0531 (0.0589)  loss_bbox_dn_1: 0.0431 (0.0489)  loss_bbox_dn_2: 0.0426 (0.0477)  loss_giou: 1.0344 (1.0294)  loss_giou_aux_0: 1.0493 (1.0587)  loss_giou_aux_1: 1.0426 (1.0383)  loss_giou_aux_2: 1.0732 (1.1173)  loss_giou_dn_0: 0.8012 (0.8197)  loss_giou_dn_1: 0.7131 (0.7431)  loss_giou_dn_2: 0.7061 (0.7353)  loss_vfl: 0.4803 (0.4862)  loss_vfl_aux_0: 0.4971 (0.4961)  loss_vfl_aux_1: 0.4921 (0.4943)  loss_vfl_aux_2: 0.4917 (0.4940)  loss_vfl_dn_0: 0.4696 (0.4674)  loss_vfl_dn_1: 0.4527 (0.4506)  loss_vfl_dn_2: 0.4484 (0.4463)
Test:  [ 0/69]  eta: 0:01:20    time: 1.1638  data: 0.6739  max mem: 9927
Test:  [10/69]  eta: 0:00:35    time: 0.5979  data: 0.0810  max mem: 9927
Test:  [20/69]  eta: 0:00:28    time: 0.5477  data: 0.0215  max mem: 9927
Test:  [30/69]  eta: 0:00:21    time: 0.5293  data: 0.0214  max mem: 9927
Test:  [40/69]  eta: 0:00:15    time: 0.4838  data: 0.0210  max mem: 9927
Test:  [50/69]  eta: 0:00:09    time: 0.4451  data: 0.0202  max mem: 9927
Test:  [60/69]  eta: 0:00:04    time: 0.4219  data: 0.0201  max mem: 9927
Test:  [68/69]  eta: 0:00:00    time: 0.4358  data: 0.0189  max mem: 9927
Test: Total time: 0:00:34 (0.4942 s / it)
Averaged stats: 
Accumulating evaluation results...
DONE (t=1.90s).
IoU metric: bbox
 Average Precision  (AP) @[ IoU=0.50:0.95 | area=   all | maxDets=100 ] = 0.192
 Average Precision  (AP) @[ IoU=0.50      | area=   all | maxDets=100 ] = 0.322
 Average Precision  (AP) @[ IoU=0.75      | area=   all | maxDets=100 ] = 0.195
 Average Precision  (AP) @[ IoU=0.50:0.95 | area= small | maxDets=100 ] = 0.114
 Average Precision  (AP) @[ IoU=0.50:0.95 | area=medium | maxDets=100 ] = 0.275
 Average Precision  (AP) @[ IoU=0.50:0.95 | area= large | maxDets=100 ] = 0.390
 Average Recall     (AR) @[ IoU=0.50:0.95 | area=   all | maxDets=  1 ] = 0.089
 Average Recall     (AR) @[ IoU=0.50:0.95 | area=   all | maxDets= 10 ] = 0.250
 Average Recall     (AR) @[ IoU=0.50:0.95 | area=   all | maxDets=100 ] = 0.340
 Average Recall     (AR) @[ IoU=0.50:0.95 | area= small | maxDets=100 ] = 0.245
 Average Recall     (AR) @[ IoU=0.50:0.95 | area=medium | maxDets=100 ] = 0.465
 Average Recall     (AR) @[ IoU=0.50:0.95 | area= large | maxDets=100 ] = 0.560
best_stat:  {'epoch': 31, 'coco_eval_bbox': 0.19165323782129173}
Epoch: [32]  [  0/809]  eta: 1:22:33  lr: 0.000100  loss: 10.6472 (10.6472)  loss_bbox: 0.1190 (0.1190)  loss_bbox_aux_0: 0.1369 (0.1369)  loss_bbox_aux_1: 0.1227 (0.1227)  loss_bbox_aux_2: 0.1535 (0.1535)  loss_bbox_dn_0: 0.0673 (0.0673)  loss_bbox_dn_1: 0.0554 (0.0554)  loss_bbox_dn_2: 0.0546 (0.0546)  loss_giou: 1.0925 (1.0925)  loss_giou_aux_0: 1.1330 (1.1330)  loss_giou_aux_1: 1.1057 (1.1057)  loss_giou_aux_2: 1.1898 (1.1898)  loss_giou_dn_0: 0.8587 (0.8587)  loss_giou_dn_1: 0.7922 (0.7922)  loss_giou_dn_2: 0.7888 (0.7888)  loss_vfl: 0.4023 (0.4023)  loss_vfl_aux_0: 0.4038 (0.4038)  loss_vfl_aux_1: 0.4168 (0.4168)  loss_vfl_aux_2: 0.4257 (0.4257)  loss_vfl_dn_0: 0.4631 (0.4631)  loss_vfl_dn_1: 0.4342 (0.4342)  loss_vfl_dn_2: 0.4311 (0.4311)  time: 6.1227  data: 3.3162  max mem: 9927
Epoch: [32]  [100/809]  eta: 0:12:42  lr: 0.000100  loss: 10.6875 (10.4047)  loss_bbox: 0.0963 (0.0999)  loss_bbox_aux_0: 0.1046 (0.1068)  loss_bbox_aux_1: 0.1041 (0.1019)  loss_bbox_aux_2: 0.1181 (0.1207)  loss_bbox_dn_0: 0.0587 (0.0605)  loss_bbox_dn_1: 0.0504 (0.0503)  loss_bbox_dn_2: 0.0493 (0.0491)  loss_giou: 1.0988 (1.0211)  loss_giou_aux_0: 1.1395 (1.0481)  loss_giou_aux_1: 1.1089 (1.0319)  loss_giou_aux_2: 1.1882 (1.1063)  loss_giou_dn_0: 0.8357 (0.8163)  loss_giou_dn_1: 0.7564 (0.7410)  loss_giou_dn_2: 0.7472 (0.7325)  loss_vfl: 0.4528 (0.4837)  loss_vfl_aux_0: 0.4682 (0.4911)  loss_vfl_aux_1: 0.4642 (0.4909)  loss_vfl_aux_2: 0.4630 (0.4918)  loss_vfl_dn_0: 0.4622 (0.4670)  loss_vfl_dn_1: 0.4473 (0.4489)  loss_vfl_dn_2: 0.4453 (0.4451)  time: 1.0421  data: 0.0304  max mem: 9927
Epoch: [32]  [200/809]  eta: 0:10:38  lr: 0.000100  loss: 10.5101 (10.5154)  loss_bbox: 0.0986 (0.1055)  loss_bbox_aux_0: 0.1067 (0.1131)  loss_bbox_aux_1: 0.1008 (0.1080)  loss_bbox_aux_2: 0.1174 (0.1276)  loss_bbox_dn_0: 0.0557 (0.0599)  loss_bbox_dn_1: 0.0449 (0.0497)  loss_bbox_dn_2: 0.0429 (0.0485)  loss_giou: 1.0700 (1.0384)  loss_giou_aux_0: 1.0984 (1.0665)  loss_giou_aux_1: 1.0736 (1.0481)  loss_giou_aux_2: 1.1388 (1.1283)  loss_giou_dn_0: 0.8391 (0.8222)  loss_giou_dn_1: 0.7579 (0.7456)  loss_giou_dn_2: 0.7473 (0.7373)  loss_vfl: 0.4859 (0.4824)  loss_vfl_aux_0: 0.4830 (0.4904)  loss_vfl_aux_1: 0.4860 (0.4902)  loss_vfl_aux_2: 0.4783 (0.4897)  loss_vfl_dn_0: 0.4652 (0.4676)  loss_vfl_dn_1: 0.4503 (0.4501)  loss_vfl_dn_2: 0.4437 (0.4464)  time: 1.0525  data: 0.0287  max mem: 9927
Epoch: [32]  [300/809]  eta: 0:08:42  lr: 0.000100  loss: 10.2889 (10.4934)  loss_bbox: 0.0914 (0.1042)  loss_bbox_aux_0: 0.0967 (0.1113)  loss_bbox_aux_1: 0.0882 (0.1065)  loss_bbox_aux_2: 0.1078 (0.1255)  loss_bbox_dn_0: 0.0522 (0.0600)  loss_bbox_dn_1: 0.0431 (0.0498)  loss_bbox_dn_2: 0.0423 (0.0486)  loss_giou: 0.9543 (1.0333)  loss_giou_aux_0: 1.0011 (1.0622)  loss_giou_aux_1: 0.9758 (1.0433)  loss_giou_aux_2: 1.0603 (1.1214)  loss_giou_dn_0: 0.8494 (0.8208)  loss_giou_dn_1: 0.7378 (0.7439)  loss_giou_dn_2: 0.7300 (0.7357)  loss_vfl: 0.4993 (0.4845)  loss_vfl_aux_0: 0.5039 (0.4935)  loss_vfl_aux_1: 0.5002 (0.4923)  loss_vfl_aux_2: 0.5039 (0.4937)  loss_vfl_dn_0: 0.4672 (0.4674)  loss_vfl_dn_1: 0.4481 (0.4498)  loss_vfl_dn_2: 0.4407 (0.4458)  time: 1.0354  data: 0.0284  max mem: 9927
Epoch: [32]  [400/809]  eta: 0:06:59  lr: 0.000100  loss: 10.1877 (10.4256)  loss_bbox: 0.0816 (0.1012)  loss_bbox_aux_0: 0.0877 (0.1079)  loss_bbox_aux_1: 0.0823 (0.1032)  loss_bbox_aux_2: 0.1025 (0.1219)  loss_bbox_dn_0: 0.0605 (0.0595)  loss_bbox_dn_1: 0.0500 (0.0494)  loss_bbox_dn_2: 0.0487 (0.0482)  loss_giou: 0.9020 (1.0180)  loss_giou_aux_0: 0.9396 (1.0462)  loss_giou_aux_1: 0.9142 (1.0279)  loss_giou_aux_2: 1.0142 (1.1061)  loss_giou_dn_0: 0.8128 (0.8163)  loss_giou_dn_1: 0.7287 (0.7396)  loss_giou_dn_2: 0.7188 (0.7316)  loss_vfl: 0.5039 (0.4892)  loss_vfl_aux_0: 0.5161 (0.4988)  loss_vfl_aux_1: 0.5193 (0.4974)  loss_vfl_aux_2: 0.5069 (0.4982)  loss_vfl_dn_0: 0.4696 (0.4683)  loss_vfl_dn_1: 0.4507 (0.4505)  loss_vfl_dn_2: 0.4457 (0.4463)  time: 1.0549  data: 0.0370  max mem: 9927
Epoch: [32]  [500/809]  eta: 0:05:16  lr: 0.000100  loss: 10.6176 (10.4597)  loss_bbox: 0.0880 (0.1049)  loss_bbox_aux_0: 0.0898 (0.1116)  loss_bbox_aux_1: 0.0876 (0.1069)  loss_bbox_aux_2: 0.1061 (0.1256)  loss_bbox_dn_0: 0.0500 (0.0591)  loss_bbox_dn_1: 0.0417 (0.0490)  loss_bbox_dn_2: 0.0415 (0.0479)  loss_giou: 1.0793 (1.0244)  loss_giou_aux_0: 1.1072 (1.0526)  loss_giou_aux_1: 1.0952 (1.0347)  loss_giou_aux_2: 1.1569 (1.1123)  loss_giou_dn_0: 0.8462 (0.8173)  loss_giou_dn_1: 0.7871 (0.7403)  loss_giou_dn_2: 0.7796 (0.7324)  loss_vfl: 0.4531 (0.4874)  loss_vfl_aux_0: 0.4653 (0.4974)  loss_vfl_aux_1: 0.4543 (0.4954)  loss_vfl_aux_2: 0.4574 (0.4965)  loss_vfl_dn_0: 0.4596 (0.4678)  loss_vfl_dn_1: 0.4396 (0.4502)  loss_vfl_dn_2: 0.4363 (0.4460)  time: 0.9921  data: 0.0270  max mem: 9927
Epoch: [32]  [600/809]  eta: 0:03:33  lr: 0.000100  loss: 10.3230 (10.4465)  loss_bbox: 0.0822 (0.1041)  loss_bbox_aux_0: 0.0867 (0.1108)  loss_bbox_aux_1: 0.0826 (0.1061)  loss_bbox_aux_2: 0.0980 (0.1251)  loss_bbox_dn_0: 0.0590 (0.0595)  loss_bbox_dn_1: 0.0507 (0.0493)  loss_bbox_dn_2: 0.0492 (0.0481)  loss_giou: 0.9779 (1.0211)  loss_giou_aux_0: 1.0102 (1.0494)  loss_giou_aux_1: 0.9895 (1.0314)  loss_giou_aux_2: 1.0559 (1.1103)  loss_giou_dn_0: 0.8207 (0.8161)  loss_giou_dn_1: 0.7407 (0.7388)  loss_giou_dn_2: 0.7355 (0.7307)  loss_vfl: 0.5157 (0.4888)  loss_vfl_aux_0: 0.5302 (0.4989)  loss_vfl_aux_1: 0.5230 (0.4970)  loss_vfl_aux_2: 0.5163 (0.4974)  loss_vfl_dn_0: 0.4651 (0.4679)  loss_vfl_dn_1: 0.4465 (0.4500)  loss_vfl_dn_2: 0.4397 (0.4458)  time: 0.9630  data: 0.0311  max mem: 9927
Epoch: [32]  [700/809]  eta: 0:01:51  lr: 0.000100  loss: 10.5046 (10.4776)  loss_bbox: 0.0900 (0.1057)  loss_bbox_aux_0: 0.0955 (0.1123)  loss_bbox_aux_1: 0.0932 (0.1077)  loss_bbox_aux_2: 0.0994 (0.1268)  loss_bbox_dn_0: 0.0549 (0.0594)  loss_bbox_dn_1: 0.0461 (0.0492)  loss_bbox_dn_2: 0.0459 (0.0481)  loss_giou: 0.9813 (1.0264)  loss_giou_aux_0: 0.9984 (1.0552)  loss_giou_aux_1: 0.9873 (1.0370)  loss_giou_aux_2: 1.0808 (1.1155)  loss_giou_dn_0: 0.8228 (0.8185)  loss_giou_dn_1: 0.7539 (0.7414)  loss_giou_dn_2: 0.7456 (0.7334)  loss_vfl: 0.5368 (0.4879)  loss_vfl_aux_0: 0.5485 (0.4980)  loss_vfl_aux_1: 0.5292 (0.4959)  loss_vfl_aux_2: 0.5260 (0.4958)  loss_vfl_dn_0: 0.4691 (0.4678)  loss_vfl_dn_1: 0.4522 (0.4500)  loss_vfl_dn_2: 0.4467 (0.4458)  time: 1.0455  data: 0.0315  max mem: 9927
Epoch: [32]  [800/809]  eta: 0:00:09  lr: 0.000100  loss: 10.0884 (10.4798)  loss_bbox: 0.0838 (0.1055)  loss_bbox_aux_0: 0.0872 (0.1120)  loss_bbox_aux_1: 0.0838 (0.1074)  loss_bbox_aux_2: 0.1066 (0.1263)  loss_bbox_dn_0: 0.0534 (0.0592)  loss_bbox_dn_1: 0.0451 (0.0491)  loss_bbox_dn_2: 0.0451 (0.0480)  loss_giou: 0.9387 (1.0285)  loss_giou_aux_0: 0.9623 (1.0573)  loss_giou_aux_1: 0.9390 (1.0393)  loss_giou_aux_2: 0.9945 (1.1173)  loss_giou_dn_0: 0.7928 (0.8183)  loss_giou_dn_1: 0.7276 (0.7418)  loss_giou_dn_2: 0.7193 (0.7338)  loss_vfl: 0.4818 (0.4866)  loss_vfl_aux_0: 0.4932 (0.4969)  loss_vfl_aux_1: 0.4926 (0.4946)  loss_vfl_aux_2: 0.5061 (0.4948)  loss_vfl_dn_0: 0.4671 (0.4677)  loss_vfl_dn_1: 0.4485 (0.4498)  loss_vfl_dn_2: 0.4445 (0.4457)  time: 1.0184  data: 0.0262  max mem: 9927
Epoch: [32]  [808/809]  eta: 0:00:01  lr: 0.000100  loss: 10.3794 (10.4752)  loss_bbox: 0.0982 (0.1054)  loss_bbox_aux_0: 0.1061 (0.1119)  loss_bbox_aux_1: 0.0979 (0.1073)  loss_bbox_aux_2: 0.1200 (0.1262)  loss_bbox_dn_0: 0.0580 (0.0593)  loss_bbox_dn_1: 0.0458 (0.0492)  loss_bbox_dn_2: 0.0451 (0.0481)  loss_giou: 0.9423 (1.0274)  loss_giou_aux_0: 0.9871 (1.0562)  loss_giou_aux_1: 0.9674 (1.0382)  loss_giou_aux_2: 1.0509 (1.1163)  loss_giou_dn_0: 0.7895 (0.8177)  loss_giou_dn_1: 0.7249 (0.7412)  loss_giou_dn_2: 0.7191 (0.7332)  loss_vfl: 0.4718 (0.4869)  loss_vfl_aux_0: 0.4766 (0.4972)  loss_vfl_aux_1: 0.4826 (0.4949)  loss_vfl_aux_2: 0.4821 (0.4952)  loss_vfl_dn_0: 0.4688 (0.4677)  loss_vfl_dn_1: 0.4492 (0.4499)  loss_vfl_dn_2: 0.4445 (0.4457)  time: 0.8895  data: 0.0246  max mem: 9927
Epoch: [32] Total time: 0:13:41 (1.0150 s / it)
Averaged stats: lr: 0.000100  loss: 10.3794 (10.4752)  loss_bbox: 0.0982 (0.1054)  loss_bbox_aux_0: 0.1061 (0.1119)  loss_bbox_aux_1: 0.0979 (0.1073)  loss_bbox_aux_2: 0.1200 (0.1262)  loss_bbox_dn_0: 0.0580 (0.0593)  loss_bbox_dn_1: 0.0458 (0.0492)  loss_bbox_dn_2: 0.0451 (0.0481)  loss_giou: 0.9423 (1.0274)  loss_giou_aux_0: 0.9871 (1.0562)  loss_giou_aux_1: 0.9674 (1.0382)  loss_giou_aux_2: 1.0509 (1.1163)  loss_giou_dn_0: 0.7895 (0.8177)  loss_giou_dn_1: 0.7249 (0.7412)  loss_giou_dn_2: 0.7191 (0.7332)  loss_vfl: 0.4718 (0.4869)  loss_vfl_aux_0: 0.4766 (0.4972)  loss_vfl_aux_1: 0.4826 (0.4949)  loss_vfl_aux_2: 0.4821 (0.4952)  loss_vfl_dn_0: 0.4688 (0.4677)  loss_vfl_dn_1: 0.4492 (0.4499)  loss_vfl_dn_2: 0.4445 (0.4457)
Test:  [ 0/69]  eta: 0:01:24    time: 1.2315  data: 0.6787  max mem: 9927
Test:  [10/69]  eta: 0:00:34    time: 0.5844  data: 0.0789  max mem: 9927
Test:  [20/69]  eta: 0:00:28    time: 0.5442  data: 0.0203  max mem: 9927
Test:  [30/69]  eta: 0:00:21    time: 0.5467  data: 0.0216  max mem: 9927
Test:  [40/69]  eta: 0:00:15    time: 0.4991  data: 0.0222  max mem: 9927
Test:  [50/69]  eta: 0:00:09    time: 0.4591  data: 0.0231  max mem: 9927
Test:  [60/69]  eta: 0:00:04    time: 0.4531  data: 0.0227  max mem: 9927
Test:  [68/69]  eta: 0:00:00    time: 0.4704  data: 0.0217  max mem: 9927
Test: Total time: 0:00:35 (0.5090 s / it)
Averaged stats: 
Accumulating evaluation results...
DONE (t=1.96s).
IoU metric: bbox
 Average Precision  (AP) @[ IoU=0.50:0.95 | area=   all | maxDets=100 ] = 0.194
 Average Precision  (AP) @[ IoU=0.50      | area=   all | maxDets=100 ] = 0.326
 Average Precision  (AP) @[ IoU=0.75      | area=   all | maxDets=100 ] = 0.197
 Average Precision  (AP) @[ IoU=0.50:0.95 | area= small | maxDets=100 ] = 0.114
 Average Precision  (AP) @[ IoU=0.50:0.95 | area=medium | maxDets=100 ] = 0.277
 Average Precision  (AP) @[ IoU=0.50:0.95 | area= large | maxDets=100 ] = 0.383
 Average Recall     (AR) @[ IoU=0.50:0.95 | area=   all | maxDets=  1 ] = 0.090
 Average Recall     (AR) @[ IoU=0.50:0.95 | area=   all | maxDets= 10 ] = 0.251
 Average Recall     (AR) @[ IoU=0.50:0.95 | area=   all | maxDets=100 ] = 0.341
 Average Recall     (AR) @[ IoU=0.50:0.95 | area= small | maxDets=100 ] = 0.246
 Average Recall     (AR) @[ IoU=0.50:0.95 | area=medium | maxDets=100 ] = 0.466
 Average Recall     (AR) @[ IoU=0.50:0.95 | area= large | maxDets=100 ] = 0.582
best_stat:  {'epoch': 32, 'coco_eval_bbox': 0.19360963998487798}
Epoch: [33]  [  0/809]  eta: 1:20:14  lr: 0.000100  loss: 10.8220 (10.8220)  loss_bbox: 0.1103 (0.1103)  loss_bbox_aux_0: 0.1171 (0.1171)  loss_bbox_aux_1: 0.1118 (0.1118)  loss_bbox_aux_2: 0.1297 (0.1297)  loss_bbox_dn_0: 0.0881 (0.0881)  loss_bbox_dn_1: 0.0717 (0.0717)  loss_bbox_dn_2: 0.0686 (0.0686)  loss_giou: 1.0288 (1.0288)  loss_giou_aux_0: 1.0740 (1.0740)  loss_giou_aux_1: 1.0414 (1.0414)  loss_giou_aux_2: 1.1300 (1.1300)  loss_giou_dn_0: 0.8830 (0.8830)  loss_giou_dn_1: 0.8010 (0.8010)  loss_giou_dn_2: 0.7899 (0.7899)  loss_vfl: 0.5114 (0.5114)  loss_vfl_aux_0: 0.5162 (0.5162)  loss_vfl_aux_1: 0.5115 (0.5115)  loss_vfl_aux_2: 0.4892 (0.4892)  loss_vfl_dn_0: 0.4588 (0.4588)  loss_vfl_dn_1: 0.4471 (0.4471)  loss_vfl_dn_2: 0.4425 (0.4425)  time: 5.9516  data: 3.2060  max mem: 9927
Epoch: [33]  [100/809]  eta: 0:12:42  lr: 0.000100  loss: 10.5104 (10.3825)  loss_bbox: 0.0949 (0.0992)  loss_bbox_aux_0: 0.0988 (0.1053)  loss_bbox_aux_1: 0.0964 (0.1008)  loss_bbox_aux_2: 0.1117 (0.1185)  loss_bbox_dn_0: 0.0567 (0.0596)  loss_bbox_dn_1: 0.0469 (0.0498)  loss_bbox_dn_2: 0.0463 (0.0486)  loss_giou: 1.0157 (1.0051)  loss_giou_aux_0: 1.0317 (1.0335)  loss_giou_aux_1: 1.0258 (1.0155)  loss_giou_aux_2: 1.0915 (1.0956)  loss_giou_dn_0: 0.7943 (0.8054)  loss_giou_dn_1: 0.7201 (0.7297)  loss_giou_dn_2: 0.7131 (0.7223)  loss_vfl: 0.4969 (0.4996)  loss_vfl_aux_0: 0.4969 (0.5083)  loss_vfl_aux_1: 0.4966 (0.5072)  loss_vfl_aux_2: 0.4848 (0.5037)  loss_vfl_dn_0: 0.4633 (0.4717)  loss_vfl_dn_1: 0.4491 (0.4538)  loss_vfl_dn_2: 0.4430 (0.4494)  time: 1.0038  data: 0.0301  max mem: 9927
Epoch: [33]  [200/809]  eta: 0:10:40  lr: 0.000100  loss: 10.7446 (10.4742)  loss_bbox: 0.1040 (0.1028)  loss_bbox_aux_0: 0.1127 (0.1093)  loss_bbox_aux_1: 0.1079 (0.1046)  loss_bbox_aux_2: 0.1264 (0.1226)  loss_bbox_dn_0: 0.0557 (0.0589)  loss_bbox_dn_1: 0.0467 (0.0491)  loss_bbox_dn_2: 0.0453 (0.0479)  loss_giou: 1.0445 (1.0279)  loss_giou_aux_0: 1.0884 (1.0579)  loss_giou_aux_1: 1.0602 (1.0396)  loss_giou_aux_2: 1.1354 (1.1170)  loss_giou_dn_0: 0.8142 (0.8128)  loss_giou_dn_1: 0.7383 (0.7369)  loss_giou_dn_2: 0.7269 (0.7292)  loss_vfl: 0.4874 (0.4917)  loss_vfl_aux_0: 0.4879 (0.4993)  loss_vfl_aux_1: 0.4870 (0.4990)  loss_vfl_aux_2: 0.4729 (0.4966)  loss_vfl_dn_0: 0.4673 (0.4696)  loss_vfl_dn_1: 0.4503 (0.4529)  loss_vfl_dn_2: 0.4483 (0.4485)  time: 0.9863  data: 0.0287  max mem: 9927
Epoch: [33]  [300/809]  eta: 0:08:49  lr: 0.000100  loss: 10.5046 (10.4331)  loss_bbox: 0.0951 (0.1002)  loss_bbox_aux_0: 0.0985 (0.1067)  loss_bbox_aux_1: 0.0969 (0.1020)  loss_bbox_aux_2: 0.1153 (0.1202)  loss_bbox_dn_0: 0.0543 (0.0583)  loss_bbox_dn_1: 0.0437 (0.0485)  loss_bbox_dn_2: 0.0423 (0.0473)  loss_giou: 1.0571 (1.0235)  loss_giou_aux_0: 1.0780 (1.0534)  loss_giou_aux_1: 1.0691 (1.0342)  loss_giou_aux_2: 1.1344 (1.1115)  loss_giou_dn_0: 0.8329 (0.8136)  loss_giou_dn_1: 0.7588 (0.7378)  loss_giou_dn_2: 0.7544 (0.7301)  loss_vfl: 0.4757 (0.4892)  loss_vfl_aux_0: 0.4774 (0.4981)  loss_vfl_aux_1: 0.4870 (0.4968)  loss_vfl_aux_2: 0.4665 (0.4957)  loss_vfl_dn_0: 0.4646 (0.4685)  loss_vfl_dn_1: 0.4475 (0.4509)  loss_vfl_dn_2: 0.4442 (0.4465)  time: 1.0317  data: 0.0328  max mem: 9927
Epoch: [33]  [400/809]  eta: 0:07:05  lr: 0.000100  loss: 10.0201 (10.4180)  loss_bbox: 0.0945 (0.1000)  loss_bbox_aux_0: 0.0957 (0.1062)  loss_bbox_aux_1: 0.0954 (0.1017)  loss_bbox_aux_2: 0.1064 (0.1198)  loss_bbox_dn_0: 0.0555 (0.0581)  loss_bbox_dn_1: 0.0481 (0.0485)  loss_bbox_dn_2: 0.0462 (0.0473)  loss_giou: 0.9515 (1.0210)  loss_giou_aux_0: 0.9675 (1.0504)  loss_giou_aux_1: 0.9595 (1.0319)  loss_giou_aux_2: 1.0395 (1.1095)  loss_giou_dn_0: 0.7868 (0.8124)  loss_giou_dn_1: 0.7265 (0.7370)  loss_giou_dn_2: 0.7161 (0.7295)  loss_vfl: 0.4855 (0.4889)  loss_vfl_aux_0: 0.4993 (0.4982)  loss_vfl_aux_1: 0.4972 (0.4967)  loss_vfl_aux_2: 0.4984 (0.4961)  loss_vfl_dn_0: 0.4749 (0.4682)  loss_vfl_dn_1: 0.4482 (0.4505)  loss_vfl_dn_2: 0.4456 (0.4462)  time: 1.0957  data: 0.0354  max mem: 9927
Epoch: [33]  [500/809]  eta: 0:05:20  lr: 0.000100  loss: 10.3370 (10.4091)  loss_bbox: 0.0868 (0.0996)  loss_bbox_aux_0: 0.0916 (0.1057)  loss_bbox_aux_1: 0.0839 (0.1012)  loss_bbox_aux_2: 0.1041 (0.1193)  loss_bbox_dn_0: 0.0521 (0.0580)  loss_bbox_dn_1: 0.0457 (0.0483)  loss_bbox_dn_2: 0.0442 (0.0471)  loss_giou: 0.9557 (1.0209)  loss_giou_aux_0: 0.9852 (1.0499)  loss_giou_aux_1: 0.9667 (1.0314)  loss_giou_aux_2: 1.0362 (1.1090)  loss_giou_dn_0: 0.8241 (0.8145)  loss_giou_dn_1: 0.7496 (0.7384)  loss_giou_dn_2: 0.7455 (0.7309)  loss_vfl: 0.4858 (0.4871)  loss_vfl_aux_0: 0.4822 (0.4964)  loss_vfl_aux_1: 0.4897 (0.4946)  loss_vfl_aux_2: 0.4611 (0.4941)  loss_vfl_dn_0: 0.4653 (0.4675)  loss_vfl_dn_1: 0.4458 (0.4497)  loss_vfl_dn_2: 0.4416 (0.4456)  time: 0.9463  data: 0.0249  max mem: 11021
Epoch: [33]  [600/809]  eta: 0:03:35  lr: 0.000100  loss: 10.2281 (10.3988)  loss_bbox: 0.0858 (0.0991)  loss_bbox_aux_0: 0.0928 (0.1052)  loss_bbox_aux_1: 0.0859 (0.1007)  loss_bbox_aux_2: 0.1066 (0.1190)  loss_bbox_dn_0: 0.0527 (0.0582)  loss_bbox_dn_1: 0.0452 (0.0484)  loss_bbox_dn_2: 0.0438 (0.0472)  loss_giou: 0.9508 (1.0193)  loss_giou_aux_0: 0.9748 (1.0486)  loss_giou_aux_1: 0.9569 (1.0296)  loss_giou_aux_2: 1.0495 (1.1078)  loss_giou_dn_0: 0.7895 (0.8145)  loss_giou_dn_1: 0.7196 (0.7383)  loss_giou_dn_2: 0.7171 (0.7306)  loss_vfl: 0.5051 (0.4868)  loss_vfl_aux_0: 0.5026 (0.4961)  loss_vfl_aux_1: 0.5055 (0.4945)  loss_vfl_aux_2: 0.5136 (0.4937)  loss_vfl_dn_0: 0.4651 (0.4670)  loss_vfl_dn_1: 0.4512 (0.4492)  loss_vfl_dn_2: 0.4501 (0.4450)  time: 1.0328  data: 0.0335  max mem: 11021
Epoch: [33]  [700/809]  eta: 0:01:52  lr: 0.000100  loss: 10.3284 (10.3841)  loss_bbox: 0.0807 (0.0989)  loss_bbox_aux_0: 0.0845 (0.1051)  loss_bbox_aux_1: 0.0813 (0.1006)  loss_bbox_aux_2: 0.0934 (0.1190)  loss_bbox_dn_0: 0.0523 (0.0583)  loss_bbox_dn_1: 0.0442 (0.0485)  loss_bbox_dn_2: 0.0449 (0.0473)  loss_giou: 0.9703 (1.0150)  loss_giou_aux_0: 1.0028 (1.0444)  loss_giou_aux_1: 0.9847 (1.0253)  loss_giou_aux_2: 1.0564 (1.1037)  loss_giou_dn_0: 0.8023 (0.8133)  loss_giou_dn_1: 0.7371 (0.7376)  loss_giou_dn_2: 0.7334 (0.7299)  loss_vfl: 0.5037 (0.4876)  loss_vfl_aux_0: 0.5122 (0.4972)  loss_vfl_aux_1: 0.5066 (0.4955)  loss_vfl_aux_2: 0.5038 (0.4949)  loss_vfl_dn_0: 0.4653 (0.4676)  loss_vfl_dn_1: 0.4461 (0.4494)  loss_vfl_dn_2: 0.4412 (0.4453)  time: 1.0191  data: 0.0286  max mem: 11021
Epoch: [33]  [800/809]  eta: 0:00:09  lr: 0.000100  loss: 9.9537 (10.3782)  loss_bbox: 0.0791 (0.0984)  loss_bbox_aux_0: 0.0859 (0.1045)  loss_bbox_aux_1: 0.0811 (0.1000)  loss_bbox_aux_2: 0.1011 (0.1179)  loss_bbox_dn_0: 0.0560 (0.0583)  loss_bbox_dn_1: 0.0470 (0.0485)  loss_bbox_dn_2: 0.0464 (0.0474)  loss_giou: 0.9371 (1.0126)  loss_giou_aux_0: 0.9594 (1.0417)  loss_giou_aux_1: 0.9465 (1.0228)  loss_giou_aux_2: 1.0423 (1.1012)  loss_giou_dn_0: 0.8064 (0.8135)  loss_giou_dn_1: 0.7259 (0.7377)  loss_giou_dn_2: 0.7206 (0.7300)  loss_vfl: 0.4916 (0.4890)  loss_vfl_aux_0: 0.4939 (0.4986)  loss_vfl_aux_1: 0.4937 (0.4970)  loss_vfl_aux_2: 0.4939 (0.4965)  loss_vfl_dn_0: 0.4599 (0.4677)  loss_vfl_dn_1: 0.4432 (0.4495)  loss_vfl_dn_2: 0.4400 (0.4454)  time: 1.0001  data: 0.0251  max mem: 11021
Epoch: [33]  [808/809]  eta: 0:00:01  lr: 0.000100  loss: 10.1358 (10.3763)  loss_bbox: 0.0806 (0.0984)  loss_bbox_aux_0: 0.0881 (0.1045)  loss_bbox_aux_1: 0.0840 (0.1000)  loss_bbox_aux_2: 0.1017 (0.1180)  loss_bbox_dn_0: 0.0560 (0.0583)  loss_bbox_dn_1: 0.0470 (0.0485)  loss_bbox_dn_2: 0.0458 (0.0473)  loss_giou: 0.9899 (1.0121)  loss_giou_aux_0: 1.0204 (1.0413)  loss_giou_aux_1: 1.0006 (1.0224)  loss_giou_aux_2: 1.1064 (1.1008)  loss_giou_dn_0: 0.8019 (0.8131)  loss_giou_dn_1: 0.7259 (0.7373)  loss_giou_dn_2: 0.7139 (0.7295)  loss_vfl: 0.4805 (0.4892)  loss_vfl_aux_0: 0.4876 (0.4988)  loss_vfl_aux_1: 0.4920 (0.4972)  loss_vfl_aux_2: 0.4780 (0.4968)  loss_vfl_dn_0: 0.4612 (0.4677)  loss_vfl_dn_1: 0.4439 (0.4495)  loss_vfl_dn_2: 0.4406 (0.4454)  time: 0.8834  data: 0.0236  max mem: 11021
Epoch: [33] Total time: 0:13:49 (1.0255 s / it)
Averaged stats: lr: 0.000100  loss: 10.1358 (10.3763)  loss_bbox: 0.0806 (0.0984)  loss_bbox_aux_0: 0.0881 (0.1045)  loss_bbox_aux_1: 0.0840 (0.1000)  loss_bbox_aux_2: 0.1017 (0.1180)  loss_bbox_dn_0: 0.0560 (0.0583)  loss_bbox_dn_1: 0.0470 (0.0485)  loss_bbox_dn_2: 0.0458 (0.0473)  loss_giou: 0.9899 (1.0121)  loss_giou_aux_0: 1.0204 (1.0413)  loss_giou_aux_1: 1.0006 (1.0224)  loss_giou_aux_2: 1.1064 (1.1008)  loss_giou_dn_0: 0.8019 (0.8131)  loss_giou_dn_1: 0.7259 (0.7373)  loss_giou_dn_2: 0.7139 (0.7295)  loss_vfl: 0.4805 (0.4892)  loss_vfl_aux_0: 0.4876 (0.4988)  loss_vfl_aux_1: 0.4920 (0.4972)  loss_vfl_aux_2: 0.4780 (0.4968)  loss_vfl_dn_0: 0.4612 (0.4677)  loss_vfl_dn_1: 0.4439 (0.4495)  loss_vfl_dn_2: 0.4406 (0.4454)
Test:  [ 0/69]  eta: 0:01:22    time: 1.1995  data: 0.6411  max mem: 11021
Test:  [10/69]  eta: 0:00:35    time: 0.6048  data: 0.0761  max mem: 11021
Test:  [20/69]  eta: 0:00:27    time: 0.5391  data: 0.0196  max mem: 11021
Test:  [30/69]  eta: 0:00:21    time: 0.5254  data: 0.0208  max mem: 11021
Test:  [40/69]  eta: 0:00:15    time: 0.5025  data: 0.0213  max mem: 11021
Test:  [50/69]  eta: 0:00:09    time: 0.4710  data: 0.0209  max mem: 11021
Test:  [60/69]  eta: 0:00:04    time: 0.4424  data: 0.0211  max mem: 11021
Test:  [68/69]  eta: 0:00:00    time: 0.4547  data: 0.0193  max mem: 11021
Test: Total time: 0:00:34 (0.5056 s / it)
Averaged stats: 
Accumulating evaluation results...
DONE (t=1.96s).
IoU metric: bbox
 Average Precision  (AP) @[ IoU=0.50:0.95 | area=   all | maxDets=100 ] = 0.196
 Average Precision  (AP) @[ IoU=0.50      | area=   all | maxDets=100 ] = 0.329
 Average Precision  (AP) @[ IoU=0.75      | area=   all | maxDets=100 ] = 0.199
 Average Precision  (AP) @[ IoU=0.50:0.95 | area= small | maxDets=100 ] = 0.115
 Average Precision  (AP) @[ IoU=0.50:0.95 | area=medium | maxDets=100 ] = 0.279
 Average Precision  (AP) @[ IoU=0.50:0.95 | area= large | maxDets=100 ] = 0.391
 Average Recall     (AR) @[ IoU=0.50:0.95 | area=   all | maxDets=  1 ] = 0.092
 Average Recall     (AR) @[ IoU=0.50:0.95 | area=   all | maxDets= 10 ] = 0.253
 Average Recall     (AR) @[ IoU=0.50:0.95 | area=   all | maxDets=100 ] = 0.343
 Average Recall     (AR) @[ IoU=0.50:0.95 | area= small | maxDets=100 ] = 0.247
 Average Recall     (AR) @[ IoU=0.50:0.95 | area=medium | maxDets=100 ] = 0.468
 Average Recall     (AR) @[ IoU=0.50:0.95 | area= large | maxDets=100 ] = 0.575
best_stat:  {'epoch': 33, 'coco_eval_bbox': 0.1955655516769843}
Epoch: [34]  [  0/809]  eta: 1:19:08  lr: 0.000100  loss: 10.6140 (10.6140)  loss_bbox: 0.1002 (0.1002)  loss_bbox_aux_0: 0.1087 (0.1087)  loss_bbox_aux_1: 0.1019 (0.1019)  loss_bbox_aux_2: 0.1224 (0.1224)  loss_bbox_dn_0: 0.0451 (0.0451)  loss_bbox_dn_1: 0.0370 (0.0370)  loss_bbox_dn_2: 0.0364 (0.0364)  loss_giou: 1.1003 (1.1003)  loss_giou_aux_0: 1.1088 (1.1088)  loss_giou_aux_1: 1.1068 (1.1068)  loss_giou_aux_2: 1.1968 (1.1968)  loss_giou_dn_0: 0.8660 (0.8660)  loss_giou_dn_1: 0.7749 (0.7749)  loss_giou_dn_2: 0.7693 (0.7693)  loss_vfl: 0.4448 (0.4448)  loss_vfl_aux_0: 0.4378 (0.4378)  loss_vfl_aux_1: 0.4442 (0.4442)  loss_vfl_aux_2: 0.4218 (0.4218)  loss_vfl_dn_0: 0.4654 (0.4654)  loss_vfl_dn_1: 0.4657 (0.4657)  loss_vfl_dn_2: 0.4598 (0.4598)  time: 5.8696  data: 4.1752  max mem: 11021
Epoch: [34]  [100/809]  eta: 0:12:32  lr: 0.000100  loss: 10.3915 (10.3825)  loss_bbox: 0.0866 (0.0982)  loss_bbox_aux_0: 0.0879 (0.1028)  loss_bbox_aux_1: 0.0869 (0.0993)  loss_bbox_aux_2: 0.0977 (0.1151)  loss_bbox_dn_0: 0.0527 (0.0563)  loss_bbox_dn_1: 0.0434 (0.0472)  loss_bbox_dn_2: 0.0420 (0.0463)  loss_giou: 1.0044 (1.0124)  loss_giou_aux_0: 1.0133 (1.0384)  loss_giou_aux_1: 1.0046 (1.0208)  loss_giou_aux_2: 1.0642 (1.0986)  loss_giou_dn_0: 0.8381 (0.8113)  loss_giou_dn_1: 0.7506 (0.7362)  loss_giou_dn_2: 0.7474 (0.7289)  loss_vfl: 0.4866 (0.4941)  loss_vfl_aux_0: 0.5053 (0.5044)  loss_vfl_aux_1: 0.5011 (0.5018)  loss_vfl_aux_2: 0.5120 (0.5007)  loss_vfl_dn_0: 0.4710 (0.4700)  loss_vfl_dn_1: 0.4530 (0.4520)  loss_vfl_dn_2: 0.4476 (0.4477)  time: 0.9805  data: 0.0280  max mem: 11021
Epoch: [34]  [200/809]  eta: 0:10:35  lr: 0.000100  loss: 10.4708 (10.4498)  loss_bbox: 0.1023 (0.1022)  loss_bbox_aux_0: 0.1042 (0.1076)  loss_bbox_aux_1: 0.0992 (0.1038)  loss_bbox_aux_2: 0.1187 (0.1208)  loss_bbox_dn_0: 0.0530 (0.0573)  loss_bbox_dn_1: 0.0450 (0.0478)  loss_bbox_dn_2: 0.0455 (0.0468)  loss_giou: 0.9628 (1.0253)  loss_giou_aux_0: 0.9896 (1.0537)  loss_giou_aux_1: 0.9894 (1.0353)  loss_giou_aux_2: 1.0503 (1.1144)  loss_giou_dn_0: 0.8206 (0.8134)  loss_giou_dn_1: 0.7478 (0.7382)  loss_giou_dn_2: 0.7421 (0.7307)  loss_vfl: 0.4858 (0.4906)  loss_vfl_aux_0: 0.4948 (0.5009)  loss_vfl_aux_1: 0.4828 (0.4976)  loss_vfl_aux_2: 0.4999 (0.4970)  loss_vfl_dn_0: 0.4650 (0.4692)  loss_vfl_dn_1: 0.4462 (0.4509)  loss_vfl_dn_2: 0.4418 (0.4463)  time: 0.9808  data: 0.0254  max mem: 11021
Epoch: [34]  [300/809]  eta: 0:08:43  lr: 0.000100  loss: 10.5411 (10.4777)  loss_bbox: 0.0990 (0.1027)  loss_bbox_aux_0: 0.1042 (0.1083)  loss_bbox_aux_1: 0.1005 (0.1044)  loss_bbox_aux_2: 0.1128 (0.1213)  loss_bbox_dn_0: 0.0526 (0.0571)  loss_bbox_dn_1: 0.0442 (0.0476)  loss_bbox_dn_2: 0.0436 (0.0465)  loss_giou: 1.0292 (1.0359)  loss_giou_aux_0: 1.0593 (1.0640)  loss_giou_aux_1: 1.0369 (1.0461)  loss_giou_aux_2: 1.1096 (1.1224)  loss_giou_dn_0: 0.8399 (0.8166)  loss_giou_dn_1: 0.7703 (0.7418)  loss_giou_dn_2: 0.7617 (0.7342)  loss_vfl: 0.4784 (0.4844)  loss_vfl_aux_0: 0.4864 (0.4951)  loss_vfl_aux_1: 0.4933 (0.4919)  loss_vfl_aux_2: 0.4853 (0.4929)  loss_vfl_dn_0: 0.4642 (0.4685)  loss_vfl_dn_1: 0.4445 (0.4503)  loss_vfl_dn_2: 0.4422 (0.4458)  time: 1.0312  data: 0.0357  max mem: 11021
Epoch: [34]  [400/809]  eta: 0:06:58  lr: 0.000100  loss: 10.3124 (10.4672)  loss_bbox: 0.0826 (0.1011)  loss_bbox_aux_0: 0.0873 (0.1073)  loss_bbox_aux_1: 0.0822 (0.1029)  loss_bbox_aux_2: 0.1039 (0.1210)  loss_bbox_dn_0: 0.0536 (0.0578)  loss_bbox_dn_1: 0.0438 (0.0480)  loss_bbox_dn_2: 0.0436 (0.0469)  loss_giou: 0.9691 (1.0313)  loss_giou_aux_0: 1.0019 (1.0601)  loss_giou_aux_1: 0.9839 (1.0415)  loss_giou_aux_2: 1.0809 (1.1204)  loss_giou_dn_0: 0.7944 (0.8180)  loss_giou_dn_1: 0.7173 (0.7409)  loss_giou_dn_2: 0.7028 (0.7331)  loss_vfl: 0.5172 (0.4872)  loss_vfl_aux_0: 0.5142 (0.4967)  loss_vfl_aux_1: 0.5154 (0.4947)  loss_vfl_aux_2: 0.5343 (0.4940)  loss_vfl_dn_0: 0.4723 (0.4681)  loss_vfl_dn_1: 0.4522 (0.4504)  loss_vfl_dn_2: 0.4480 (0.4460)  time: 1.0375  data: 0.0310  max mem: 11021
Epoch: [34]  [500/809]  eta: 0:05:14  lr: 0.000100  loss: 10.3314 (10.4517)  loss_bbox: 0.0817 (0.1012)  loss_bbox_aux_0: 0.0876 (0.1073)  loss_bbox_aux_1: 0.0834 (0.1030)  loss_bbox_aux_2: 0.1024 (0.1211)  loss_bbox_dn_0: 0.0557 (0.0575)  loss_bbox_dn_1: 0.0463 (0.0478)  loss_bbox_dn_2: 0.0449 (0.0467)  loss_giou: 1.0118 (1.0289)  loss_giou_aux_0: 1.0358 (1.0573)  loss_giou_aux_1: 1.0242 (1.0386)  loss_giou_aux_2: 1.0884 (1.1170)  loss_giou_dn_0: 0.8304 (0.8176)  loss_giou_dn_1: 0.7667 (0.7409)  loss_giou_dn_2: 0.7565 (0.7332)  loss_vfl: 0.4896 (0.4863)  loss_vfl_aux_0: 0.4969 (0.4962)  loss_vfl_aux_1: 0.4975 (0.4940)  loss_vfl_aux_2: 0.4961 (0.4933)  loss_vfl_dn_0: 0.4595 (0.4679)  loss_vfl_dn_1: 0.4505 (0.4500)  loss_vfl_dn_2: 0.4462 (0.4458)  time: 1.0428  data: 0.0291  max mem: 11021
Epoch: [34]  [600/809]  eta: 0:03:32  lr: 0.000100  loss: 10.4948 (10.4545)  loss_bbox: 0.0898 (0.1022)  loss_bbox_aux_0: 0.1011 (0.1085)  loss_bbox_aux_1: 0.0912 (0.1041)  loss_bbox_aux_2: 0.1094 (0.1222)  loss_bbox_dn_0: 0.0523 (0.0573)  loss_bbox_dn_1: 0.0449 (0.0477)  loss_bbox_dn_2: 0.0439 (0.0466)  loss_giou: 0.9810 (1.0293)  loss_giou_aux_0: 1.0453 (1.0576)  loss_giou_aux_1: 0.9941 (1.0388)  loss_giou_aux_2: 1.0899 (1.1171)  loss_giou_dn_0: 0.8148 (0.8170)  loss_giou_dn_1: 0.7518 (0.7407)  loss_giou_dn_2: 0.7409 (0.7330)  loss_vfl: 0.4810 (0.4860)  loss_vfl_aux_0: 0.4867 (0.4960)  loss_vfl_aux_1: 0.4818 (0.4938)  loss_vfl_aux_2: 0.4972 (0.4932)  loss_vfl_dn_0: 0.4658 (0.4679)  loss_vfl_dn_1: 0.4509 (0.4498)  loss_vfl_dn_2: 0.4473 (0.4456)  time: 1.0565  data: 0.0266  max mem: 11021
Epoch: [34]  [700/809]  eta: 0:01:51  lr: 0.000100  loss: 10.6968 (10.4534)  loss_bbox: 0.0871 (0.1022)  loss_bbox_aux_0: 0.0905 (0.1085)  loss_bbox_aux_1: 0.0856 (0.1040)  loss_bbox_aux_2: 0.1068 (0.1223)  loss_bbox_dn_0: 0.0553 (0.0575)  loss_bbox_dn_1: 0.0454 (0.0478)  loss_bbox_dn_2: 0.0448 (0.0467)  loss_giou: 1.0753 (1.0308)  loss_giou_aux_0: 1.1049 (1.0591)  loss_giou_aux_1: 1.0919 (1.0406)  loss_giou_aux_2: 1.1653 (1.1184)  loss_giou_dn_0: 0.8293 (0.8165)  loss_giou_dn_1: 0.7513 (0.7401)  loss_giou_dn_2: 0.7431 (0.7324)  loss_vfl: 0.4640 (0.4847)  loss_vfl_aux_0: 0.4747 (0.4945)  loss_vfl_aux_1: 0.4748 (0.4926)  loss_vfl_aux_2: 0.4607 (0.4921)  loss_vfl_dn_0: 0.4633 (0.4679)  loss_vfl_dn_1: 0.4466 (0.4496)  loss_vfl_dn_2: 0.4412 (0.4453)  time: 1.0098  data: 0.0259  max mem: 11021
Epoch: [34]  [800/809]  eta: 0:00:09  lr: 0.000100  loss: 10.1398 (10.4411)  loss_bbox: 0.0905 (0.1016)  loss_bbox_aux_0: 0.0976 (0.1080)  loss_bbox_aux_1: 0.0917 (0.1035)  loss_bbox_aux_2: 0.1173 (0.1219)  loss_bbox_dn_0: 0.0577 (0.0577)  loss_bbox_dn_1: 0.0481 (0.0479)  loss_bbox_dn_2: 0.0467 (0.0467)  loss_giou: 0.9719 (1.0279)  loss_giou_aux_0: 1.0065 (1.0564)  loss_giou_aux_1: 0.9861 (1.0377)  loss_giou_aux_2: 1.0444 (1.1155)  loss_giou_dn_0: 0.8038 (0.8156)  loss_giou_dn_1: 0.7287 (0.7391)  loss_giou_dn_2: 0.7168 (0.7314)  loss_vfl: 0.5034 (0.4853)  loss_vfl_aux_0: 0.5217 (0.4954)  loss_vfl_aux_1: 0.5166 (0.4934)  loss_vfl_aux_2: 0.5204 (0.4930)  loss_vfl_dn_0: 0.4698 (0.4680)  loss_vfl_dn_1: 0.4500 (0.4497)  loss_vfl_dn_2: 0.4486 (0.4453)  time: 1.0006  data: 0.0294  max mem: 11021
Epoch: [34]  [808/809]  eta: 0:00:01  lr: 0.000100  loss: 10.3064 (10.4384)  loss_bbox: 0.0897 (0.1015)  loss_bbox_aux_0: 0.0931 (0.1079)  loss_bbox_aux_1: 0.0892 (0.1034)  loss_bbox_aux_2: 0.1043 (0.1218)  loss_bbox_dn_0: 0.0568 (0.0577)  loss_bbox_dn_1: 0.0463 (0.0479)  loss_bbox_dn_2: 0.0439 (0.0467)  loss_giou: 0.9784 (1.0273)  loss_giou_aux_0: 0.9899 (1.0558)  loss_giou_aux_1: 0.9807 (1.0371)  loss_giou_aux_2: 1.0460 (1.1151)  loss_giou_dn_0: 0.8038 (0.8155)  loss_giou_dn_1: 0.7287 (0.7390)  loss_giou_dn_2: 0.7168 (0.7313)  loss_vfl: 0.5033 (0.4855)  loss_vfl_aux_0: 0.5177 (0.4956)  loss_vfl_aux_1: 0.5187 (0.4935)  loss_vfl_aux_2: 0.5247 (0.4932)  loss_vfl_dn_0: 0.4680 (0.4680)  loss_vfl_dn_1: 0.4478 (0.4496)  loss_vfl_dn_2: 0.4459 (0.4453)  time: 0.8823  data: 0.0260  max mem: 11021
Epoch: [34] Total time: 0:13:43 (1.0183 s / it)
Averaged stats: lr: 0.000100  loss: 10.3064 (10.4384)  loss_bbox: 0.0897 (0.1015)  loss_bbox_aux_0: 0.0931 (0.1079)  loss_bbox_aux_1: 0.0892 (0.1034)  loss_bbox_aux_2: 0.1043 (0.1218)  loss_bbox_dn_0: 0.0568 (0.0577)  loss_bbox_dn_1: 0.0463 (0.0479)  loss_bbox_dn_2: 0.0439 (0.0467)  loss_giou: 0.9784 (1.0273)  loss_giou_aux_0: 0.9899 (1.0558)  loss_giou_aux_1: 0.9807 (1.0371)  loss_giou_aux_2: 1.0460 (1.1151)  loss_giou_dn_0: 0.8038 (0.8155)  loss_giou_dn_1: 0.7287 (0.7390)  loss_giou_dn_2: 0.7168 (0.7313)  loss_vfl: 0.5033 (0.4855)  loss_vfl_aux_0: 0.5177 (0.4956)  loss_vfl_aux_1: 0.5187 (0.4935)  loss_vfl_aux_2: 0.5247 (0.4932)  loss_vfl_dn_0: 0.4680 (0.4680)  loss_vfl_dn_1: 0.4478 (0.4496)  loss_vfl_dn_2: 0.4459 (0.4453)
Test:  [ 0/69]  eta: 0:01:21    time: 1.1808  data: 0.5909  max mem: 11021
Test:  [10/69]  eta: 0:00:35    time: 0.5959  data: 0.0728  max mem: 11021
Test:  [20/69]  eta: 0:00:28    time: 0.5477  data: 0.0216  max mem: 11021
Test:  [30/69]  eta: 0:00:21    time: 0.5256  data: 0.0218  max mem: 11021
Test:  [40/69]  eta: 0:00:15    time: 0.4858  data: 0.0217  max mem: 11021
Test:  [50/69]  eta: 0:00:09    time: 0.4544  data: 0.0222  max mem: 11021
Test:  [60/69]  eta: 0:00:04    time: 0.4461  data: 0.0220  max mem: 11021
Test:  [68/69]  eta: 0:00:00    time: 0.4659  data: 0.0210  max mem: 11021
Test: Total time: 0:00:34 (0.5033 s / it)
Averaged stats: 
Accumulating evaluation results...
DONE (t=1.91s).
IoU metric: bbox
 Average Precision  (AP) @[ IoU=0.50:0.95 | area=   all | maxDets=100 ] = 0.196
 Average Precision  (AP) @[ IoU=0.50      | area=   all | maxDets=100 ] = 0.330
 Average Precision  (AP) @[ IoU=0.75      | area=   all | maxDets=100 ] = 0.199
 Average Precision  (AP) @[ IoU=0.50:0.95 | area= small | maxDets=100 ] = 0.116
 Average Precision  (AP) @[ IoU=0.50:0.95 | area=medium | maxDets=100 ] = 0.281
 Average Precision  (AP) @[ IoU=0.50:0.95 | area= large | maxDets=100 ] = 0.395
 Average Recall     (AR) @[ IoU=0.50:0.95 | area=   all | maxDets=  1 ] = 0.091
 Average Recall     (AR) @[ IoU=0.50:0.95 | area=   all | maxDets= 10 ] = 0.254
 Average Recall     (AR) @[ IoU=0.50:0.95 | area=   all | maxDets=100 ] = 0.344
 Average Recall     (AR) @[ IoU=0.50:0.95 | area= small | maxDets=100 ] = 0.249
 Average Recall     (AR) @[ IoU=0.50:0.95 | area=medium | maxDets=100 ] = 0.470
 Average Recall     (AR) @[ IoU=0.50:0.95 | area= large | maxDets=100 ] = 0.580
best_stat:  {'epoch': 34, 'coco_eval_bbox': 0.19649677145945657}
Epoch: [35]  [  0/809]  eta: 1:21:34  lr: 0.000100  loss: 10.3994 (10.3994)  loss_bbox: 0.0899 (0.0899)  loss_bbox_aux_0: 0.0975 (0.0975)  loss_bbox_aux_1: 0.0918 (0.0918)  loss_bbox_aux_2: 0.1132 (0.1132)  loss_bbox_dn_0: 0.0652 (0.0652)  loss_bbox_dn_1: 0.0521 (0.0521)  loss_bbox_dn_2: 0.0506 (0.0506)  loss_giou: 0.9681 (0.9681)  loss_giou_aux_0: 1.0022 (1.0022)  loss_giou_aux_1: 0.9798 (0.9798)  loss_giou_aux_2: 1.0821 (1.0821)  loss_giou_dn_0: 0.8504 (0.8504)  loss_giou_dn_1: 0.7547 (0.7547)  loss_giou_dn_2: 0.7476 (0.7476)  loss_vfl: 0.5371 (0.5371)  loss_vfl_aux_0: 0.5417 (0.5417)  loss_vfl_aux_1: 0.5424 (0.5424)  loss_vfl_aux_2: 0.5506 (0.5506)  loss_vfl_dn_0: 0.4475 (0.4475)  loss_vfl_dn_1: 0.4214 (0.4214)  loss_vfl_dn_2: 0.4133 (0.4133)  time: 6.0503  data: 2.9780  max mem: 11021
Epoch: [35]  [100/809]  eta: 0:12:49  lr: 0.000100  loss: 10.1783 (10.3285)  loss_bbox: 0.0853 (0.0965)  loss_bbox_aux_0: 0.0897 (0.1013)  loss_bbox_aux_1: 0.0887 (0.0977)  loss_bbox_aux_2: 0.1028 (0.1148)  loss_bbox_dn_0: 0.0547 (0.0558)  loss_bbox_dn_1: 0.0419 (0.0457)  loss_bbox_dn_2: 0.0407 (0.0446)  loss_giou: 0.9405 (1.0099)  loss_giou_aux_0: 0.9636 (1.0387)  loss_giou_aux_1: 0.9515 (1.0213)  loss_giou_aux_2: 1.0388 (1.0958)  loss_giou_dn_0: 0.8093 (0.8107)  loss_giou_dn_1: 0.7296 (0.7310)  loss_giou_dn_2: 0.7168 (0.7228)  loss_vfl: 0.5073 (0.4870)  loss_vfl_aux_0: 0.5271 (0.4987)  loss_vfl_aux_1: 0.5173 (0.4946)  loss_vfl_aux_2: 0.5212 (0.4988)  loss_vfl_dn_0: 0.4671 (0.4682)  loss_vfl_dn_1: 0.4442 (0.4495)  loss_vfl_dn_2: 0.4400 (0.4450)  time: 1.0344  data: 0.0344  max mem: 11021
Epoch: [35]  [200/809]  eta: 0:10:39  lr: 0.000100  loss: 10.2903 (10.4630)  loss_bbox: 0.0983 (0.1003)  loss_bbox_aux_0: 0.1032 (0.1066)  loss_bbox_aux_1: 0.0979 (0.1018)  loss_bbox_aux_2: 0.1103 (0.1203)  loss_bbox_dn_0: 0.0504 (0.0571)  loss_bbox_dn_1: 0.0428 (0.0471)  loss_bbox_dn_2: 0.0412 (0.0460)  loss_giou: 0.9951 (1.0357)  loss_giou_aux_0: 1.0078 (1.0648)  loss_giou_aux_1: 1.0039 (1.0466)  loss_giou_aux_2: 1.0804 (1.1240)  loss_giou_dn_0: 0.8201 (0.8218)  loss_giou_dn_1: 0.7515 (0.7430)  loss_giou_dn_2: 0.7440 (0.7351)  loss_vfl: 0.4793 (0.4832)  loss_vfl_aux_0: 0.5000 (0.4915)  loss_vfl_aux_1: 0.4840 (0.4901)  loss_vfl_aux_2: 0.4942 (0.4891)  loss_vfl_dn_0: 0.4651 (0.4659)  loss_vfl_dn_1: 0.4488 (0.4485)  loss_vfl_dn_2: 0.4447 (0.4444)  time: 1.0212  data: 0.0276  max mem: 11021
Epoch: [35]  [300/809]  eta: 0:08:46  lr: 0.000100  loss: 10.6651 (10.4555)  loss_bbox: 0.0951 (0.0997)  loss_bbox_aux_0: 0.1022 (0.1063)  loss_bbox_aux_1: 0.0993 (0.1013)  loss_bbox_aux_2: 0.1116 (0.1204)  loss_bbox_dn_0: 0.0531 (0.0576)  loss_bbox_dn_1: 0.0451 (0.0474)  loss_bbox_dn_2: 0.0441 (0.0463)  loss_giou: 1.0577 (1.0348)  loss_giou_aux_0: 1.0951 (1.0643)  loss_giou_aux_1: 1.0641 (1.0455)  loss_giou_aux_2: 1.1442 (1.1223)  loss_giou_dn_0: 0.8287 (0.8214)  loss_giou_dn_1: 0.7557 (0.7430)  loss_giou_dn_2: 0.7516 (0.7351)  loss_vfl: 0.4706 (0.4819)  loss_vfl_aux_0: 0.4895 (0.4914)  loss_vfl_aux_1: 0.4861 (0.4893)  loss_vfl_aux_2: 0.4685 (0.4889)  loss_vfl_dn_0: 0.4695 (0.4662)  loss_vfl_dn_1: 0.4474 (0.4484)  loss_vfl_dn_2: 0.4414 (0.4441)  time: 0.9692  data: 0.0274  max mem: 11021
Epoch: [35]  [400/809]  eta: 0:07:02  lr: 0.000100  loss: 10.3834 (10.4158)  loss_bbox: 0.0826 (0.0976)  loss_bbox_aux_0: 0.0890 (0.1042)  loss_bbox_aux_1: 0.0864 (0.0992)  loss_bbox_aux_2: 0.1036 (0.1183)  loss_bbox_dn_0: 0.0531 (0.0576)  loss_bbox_dn_1: 0.0470 (0.0476)  loss_bbox_dn_2: 0.0461 (0.0465)  loss_giou: 0.9846 (1.0259)  loss_giou_aux_0: 1.0128 (1.0544)  loss_giou_aux_1: 1.0027 (1.0354)  loss_giou_aux_2: 1.0709 (1.1126)  loss_giou_dn_0: 0.8303 (0.8172)  loss_giou_dn_1: 0.7404 (0.7402)  loss_giou_dn_2: 0.7277 (0.7325)  loss_vfl: 0.5094 (0.4852)  loss_vfl_aux_0: 0.5288 (0.4952)  loss_vfl_aux_1: 0.5167 (0.4930)  loss_vfl_aux_2: 0.4991 (0.4925)  loss_vfl_dn_0: 0.4719 (0.4674)  loss_vfl_dn_1: 0.4496 (0.4488)  loss_vfl_dn_2: 0.4471 (0.4444)  time: 1.0520  data: 0.0325  max mem: 11021
Epoch: [35]  [500/809]  eta: 0:05:19  lr: 0.000100  loss: 10.6240 (10.4412)  loss_bbox: 0.1007 (0.0990)  loss_bbox_aux_0: 0.1077 (0.1056)  loss_bbox_aux_1: 0.1028 (0.1007)  loss_bbox_aux_2: 0.1204 (0.1201)  loss_bbox_dn_0: 0.0565 (0.0573)  loss_bbox_dn_1: 0.0488 (0.0474)  loss_bbox_dn_2: 0.0477 (0.0463)  loss_giou: 1.0530 (1.0317)  loss_giou_aux_0: 1.0968 (1.0621)  loss_giou_aux_1: 1.0697 (1.0420)  loss_giou_aux_2: 1.1563 (1.1189)  loss_giou_dn_0: 0.8358 (0.8181)  loss_giou_dn_1: 0.7688 (0.7411)  loss_giou_dn_2: 0.7621 (0.7335)  loss_vfl: 0.4675 (0.4831)  loss_vfl_aux_0: 0.4645 (0.4927)  loss_vfl_aux_1: 0.4705 (0.4906)  loss_vfl_aux_2: 0.4826 (0.4900)  loss_vfl_dn_0: 0.4623 (0.4674)  loss_vfl_dn_1: 0.4465 (0.4490)  loss_vfl_dn_2: 0.4403 (0.4447)  time: 1.0074  data: 0.0303  max mem: 11021
Epoch: [35]  [600/809]  eta: 0:03:35  lr: 0.000100  loss: 10.0907 (10.4296)  loss_bbox: 0.0951 (0.0989)  loss_bbox_aux_0: 0.1022 (0.1054)  loss_bbox_aux_1: 0.0965 (0.1006)  loss_bbox_aux_2: 0.1176 (0.1201)  loss_bbox_dn_0: 0.0591 (0.0573)  loss_bbox_dn_1: 0.0476 (0.0474)  loss_bbox_dn_2: 0.0472 (0.0463)  loss_giou: 0.9637 (1.0296)  loss_giou_aux_0: 0.9761 (1.0602)  loss_giou_aux_1: 0.9640 (1.0398)  loss_giou_aux_2: 1.0335 (1.1166)  loss_giou_dn_0: 0.7991 (0.8163)  loss_giou_dn_1: 0.7164 (0.7396)  loss_giou_dn_2: 0.7070 (0.7320)  loss_vfl: 0.4797 (0.4836)  loss_vfl_aux_0: 0.4953 (0.4932)  loss_vfl_aux_1: 0.4901 (0.4909)  loss_vfl_aux_2: 0.4917 (0.4906)  loss_vfl_dn_0: 0.4659 (0.4676)  loss_vfl_dn_1: 0.4502 (0.4490)  loss_vfl_dn_2: 0.4434 (0.4447)  time: 0.9943  data: 0.0279  max mem: 11021
Epoch: [35]  [700/809]  eta: 0:01:51  lr: 0.000100  loss: 10.3517 (10.4135)  loss_bbox: 0.0848 (0.0982)  loss_bbox_aux_0: 0.0930 (0.1048)  loss_bbox_aux_1: 0.0858 (0.1000)  loss_bbox_aux_2: 0.1071 (0.1195)  loss_bbox_dn_0: 0.0543 (0.0578)  loss_bbox_dn_1: 0.0458 (0.0479)  loss_bbox_dn_2: 0.0452 (0.0468)  loss_giou: 1.0565 (1.0248)  loss_giou_aux_0: 1.0482 (1.0552)  loss_giou_aux_1: 1.0549 (1.0346)  loss_giou_aux_2: 1.1288 (1.1118)  loss_giou_dn_0: 0.7927 (0.8155)  loss_giou_dn_1: 0.7397 (0.7389)  loss_giou_dn_2: 0.7286 (0.7312)  loss_vfl: 0.4892 (0.4852)  loss_vfl_aux_0: 0.4931 (0.4946)  loss_vfl_aux_1: 0.4950 (0.4926)  loss_vfl_aux_2: 0.4807 (0.4924)  loss_vfl_dn_0: 0.4650 (0.4678)  loss_vfl_dn_1: 0.4466 (0.4491)  loss_vfl_dn_2: 0.4447 (0.4448)  time: 0.9884  data: 0.0295  max mem: 11021
Epoch: [35]  [800/809]  eta: 0:00:09  lr: 0.000100  loss: 10.0203 (10.4084)  loss_bbox: 0.0818 (0.0996)  loss_bbox_aux_0: 0.0904 (0.1062)  loss_bbox_aux_1: 0.0849 (0.1014)  loss_bbox_aux_2: 0.1031 (0.1208)  loss_bbox_dn_0: 0.0534 (0.0581)  loss_bbox_dn_1: 0.0457 (0.0481)  loss_bbox_dn_2: 0.0447 (0.0470)  loss_giou: 0.9574 (1.0213)  loss_giou_aux_0: 0.9776 (1.0517)  loss_giou_aux_1: 0.9649 (1.0310)  loss_giou_aux_2: 1.0471 (1.1096)  loss_giou_dn_0: 0.7761 (0.8132)  loss_giou_dn_1: 0.6999 (0.7363)  loss_giou_dn_2: 0.6898 (0.7285)  loss_vfl: 0.4840 (0.4871)  loss_vfl_aux_0: 0.4966 (0.4966)  loss_vfl_aux_1: 0.4996 (0.4946)  loss_vfl_aux_2: 0.5042 (0.4944)  loss_vfl_dn_0: 0.4756 (0.4683)  loss_vfl_dn_1: 0.4527 (0.4495)  loss_vfl_dn_2: 0.4480 (0.4452)  time: 1.0296  data: 0.0338  max mem: 11021
Epoch: [35]  [808/809]  eta: 0:00:01  lr: 0.000100  loss: 9.7599 (10.4011)  loss_bbox: 0.0795 (0.0994)  loss_bbox_aux_0: 0.0833 (0.1059)  loss_bbox_aux_1: 0.0813 (0.1012)  loss_bbox_aux_2: 0.0942 (0.1205)  loss_bbox_dn_0: 0.0548 (0.0581)  loss_bbox_dn_1: 0.0470 (0.0481)  loss_bbox_dn_2: 0.0467 (0.0469)  loss_giou: 0.9075 (1.0198)  loss_giou_aux_0: 0.9311 (1.0502)  loss_giou_aux_1: 0.9133 (1.0295)  loss_giou_aux_2: 0.9912 (1.1082)  loss_giou_dn_0: 0.7612 (0.8127)  loss_giou_dn_1: 0.6861 (0.7358)  loss_giou_dn_2: 0.6777 (0.7281)  loss_vfl: 0.4849 (0.4872)  loss_vfl_aux_0: 0.4983 (0.4969)  loss_vfl_aux_1: 0.4996 (0.4948)  loss_vfl_aux_2: 0.5046 (0.4947)  loss_vfl_dn_0: 0.4769 (0.4683)  loss_vfl_dn_1: 0.4490 (0.4495)  loss_vfl_dn_2: 0.4469 (0.4451)  time: 0.8891  data: 0.0291  max mem: 11021
Epoch: [35] Total time: 0:13:45 (1.0207 s / it)
Averaged stats: lr: 0.000100  loss: 9.7599 (10.4011)  loss_bbox: 0.0795 (0.0994)  loss_bbox_aux_0: 0.0833 (0.1059)  loss_bbox_aux_1: 0.0813 (0.1012)  loss_bbox_aux_2: 0.0942 (0.1205)  loss_bbox_dn_0: 0.0548 (0.0581)  loss_bbox_dn_1: 0.0470 (0.0481)  loss_bbox_dn_2: 0.0467 (0.0469)  loss_giou: 0.9075 (1.0198)  loss_giou_aux_0: 0.9311 (1.0502)  loss_giou_aux_1: 0.9133 (1.0295)  loss_giou_aux_2: 0.9912 (1.1082)  loss_giou_dn_0: 0.7612 (0.8127)  loss_giou_dn_1: 0.6861 (0.7358)  loss_giou_dn_2: 0.6777 (0.7281)  loss_vfl: 0.4849 (0.4872)  loss_vfl_aux_0: 0.4983 (0.4969)  loss_vfl_aux_1: 0.4996 (0.4948)  loss_vfl_aux_2: 0.5046 (0.4947)  loss_vfl_dn_0: 0.4769 (0.4683)  loss_vfl_dn_1: 0.4490 (0.4495)  loss_vfl_dn_2: 0.4469 (0.4451)
Test:  [ 0/69]  eta: 0:01:18    time: 1.1307  data: 0.5929  max mem: 11021
Test:  [10/69]  eta: 0:00:35    time: 0.6013  data: 0.0730  max mem: 11021
Test:  [20/69]  eta: 0:00:28    time: 0.5529  data: 0.0216  max mem: 11021
Test:  [30/69]  eta: 0:00:21    time: 0.5351  data: 0.0216  max mem: 11021
Test:  [40/69]  eta: 0:00:15    time: 0.5029  data: 0.0213  max mem: 11021
Test:  [50/69]  eta: 0:00:09    time: 0.4733  data: 0.0213  max mem: 11021
Test:  [60/69]  eta: 0:00:04    time: 0.4328  data: 0.0207  max mem: 11021
Test:  [68/69]  eta: 0:00:00    time: 0.4330  data: 0.0185  max mem: 11021
Test: Total time: 0:00:34 (0.5019 s / it)
Averaged stats: 
Accumulating evaluation results...
DONE (t=1.97s).
IoU metric: bbox
 Average Precision  (AP) @[ IoU=0.50:0.95 | area=   all | maxDets=100 ] = 0.197
 Average Precision  (AP) @[ IoU=0.50      | area=   all | maxDets=100 ] = 0.332
 Average Precision  (AP) @[ IoU=0.75      | area=   all | maxDets=100 ] = 0.200
 Average Precision  (AP) @[ IoU=0.50:0.95 | area= small | maxDets=100 ] = 0.116
 Average Precision  (AP) @[ IoU=0.50:0.95 | area=medium | maxDets=100 ] = 0.281
 Average Precision  (AP) @[ IoU=0.50:0.95 | area= large | maxDets=100 ] = 0.396
 Average Recall     (AR) @[ IoU=0.50:0.95 | area=   all | maxDets=  1 ] = 0.092
 Average Recall     (AR) @[ IoU=0.50:0.95 | area=   all | maxDets= 10 ] = 0.255
 Average Recall     (AR) @[ IoU=0.50:0.95 | area=   all | maxDets=100 ] = 0.347
 Average Recall     (AR) @[ IoU=0.50:0.95 | area= small | maxDets=100 ] = 0.250
 Average Recall     (AR) @[ IoU=0.50:0.95 | area=medium | maxDets=100 ] = 0.473
 Average Recall     (AR) @[ IoU=0.50:0.95 | area= large | maxDets=100 ] = 0.590
best_stat:  {'epoch': 35, 'coco_eval_bbox': 0.19717834943829562}
Epoch: [36]  [  0/809]  eta: 1:15:34  lr: 0.000100  loss: 10.8282 (10.8282)  loss_bbox: 0.1146 (0.1146)  loss_bbox_aux_0: 0.1146 (0.1146)  loss_bbox_aux_1: 0.1133 (0.1133)  loss_bbox_aux_2: 0.1193 (0.1193)  loss_bbox_dn_0: 0.0500 (0.0500)  loss_bbox_dn_1: 0.0397 (0.0397)  loss_bbox_dn_2: 0.0397 (0.0397)  loss_giou: 1.1308 (1.1308)  loss_giou_aux_0: 1.1443 (1.1443)  loss_giou_aux_1: 1.1389 (1.1389)  loss_giou_aux_2: 1.2072 (1.2072)  loss_giou_dn_0: 0.8456 (0.8456)  loss_giou_dn_1: 0.7832 (0.7832)  loss_giou_dn_2: 0.7829 (0.7829)  loss_vfl: 0.4558 (0.4558)  loss_vfl_aux_0: 0.4744 (0.4744)  loss_vfl_aux_1: 0.4694 (0.4694)  loss_vfl_aux_2: 0.4711 (0.4711)  loss_vfl_dn_0: 0.4570 (0.4570)  loss_vfl_dn_1: 0.4395 (0.4395)  loss_vfl_dn_2: 0.4371 (0.4371)  time: 5.6055  data: 4.0741  max mem: 11021
Epoch: [36]  [100/809]  eta: 0:12:29  lr: 0.000100  loss: 10.4297 (10.4171)  loss_bbox: 0.1008 (0.1045)  loss_bbox_aux_0: 0.0955 (0.1102)  loss_bbox_aux_1: 0.0981 (0.1061)  loss_bbox_aux_2: 0.1157 (0.1248)  loss_bbox_dn_0: 0.0597 (0.0610)  loss_bbox_dn_1: 0.0475 (0.0506)  loss_bbox_dn_2: 0.0452 (0.0493)  loss_giou: 1.0669 (1.0248)  loss_giou_aux_0: 1.1100 (1.0551)  loss_giou_aux_1: 1.0845 (1.0349)  loss_giou_aux_2: 1.1273 (1.1089)  loss_giou_dn_0: 0.8386 (0.8154)  loss_giou_dn_1: 0.7591 (0.7348)  loss_giou_dn_2: 0.7522 (0.7271)  loss_vfl: 0.4537 (0.4804)  loss_vfl_aux_0: 0.4579 (0.4929)  loss_vfl_aux_1: 0.4492 (0.4881)  loss_vfl_aux_2: 0.4509 (0.4948)  loss_vfl_dn_0: 0.4571 (0.4647)  loss_vfl_dn_1: 0.4453 (0.4467)  loss_vfl_dn_2: 0.4387 (0.4419)  time: 1.0037  data: 0.0318  max mem: 11021
Epoch: [36]  [200/809]  eta: 0:10:31  lr: 0.000100  loss: 10.2919 (10.3864)  loss_bbox: 0.0906 (0.1007)  loss_bbox_aux_0: 0.0915 (0.1064)  loss_bbox_aux_1: 0.0918 (0.1022)  loss_bbox_aux_2: 0.1106 (0.1208)  loss_bbox_dn_0: 0.0556 (0.0597)  loss_bbox_dn_1: 0.0465 (0.0494)  loss_bbox_dn_2: 0.0449 (0.0481)  loss_giou: 0.9809 (1.0165)  loss_giou_aux_0: 1.0196 (1.0460)  loss_giou_aux_1: 0.9967 (1.0263)  loss_giou_aux_2: 1.0527 (1.1030)  loss_giou_dn_0: 0.7926 (0.8127)  loss_giou_dn_1: 0.7174 (0.7344)  loss_giou_dn_2: 0.7059 (0.7268)  loss_vfl: 0.5030 (0.4871)  loss_vfl_aux_0: 0.5142 (0.4980)  loss_vfl_aux_1: 0.5064 (0.4949)  loss_vfl_aux_2: 0.5144 (0.4973)  loss_vfl_dn_0: 0.4712 (0.4663)  loss_vfl_dn_1: 0.4498 (0.4472)  loss_vfl_dn_2: 0.4484 (0.4424)  time: 1.0142  data: 0.0307  max mem: 11021
Epoch: [36]  [300/809]  eta: 0:08:48  lr: 0.000100  loss: 10.0846 (10.3861)  loss_bbox: 0.0848 (0.1003)  loss_bbox_aux_0: 0.0893 (0.1064)  loss_bbox_aux_1: 0.0883 (0.1018)  loss_bbox_aux_2: 0.0989 (0.1204)  loss_bbox_dn_0: 0.0552 (0.0589)  loss_bbox_dn_1: 0.0453 (0.0488)  loss_bbox_dn_2: 0.0441 (0.0476)  loss_giou: 0.9654 (1.0186)  loss_giou_aux_0: 0.9867 (1.0464)  loss_giou_aux_1: 0.9692 (1.0275)  loss_giou_aux_2: 1.0645 (1.1018)  loss_giou_dn_0: 0.7984 (0.8119)  loss_giou_dn_1: 0.7259 (0.7343)  loss_giou_dn_2: 0.7168 (0.7266)  loss_vfl: 0.4885 (0.4866)  loss_vfl_aux_0: 0.5100 (0.4980)  loss_vfl_aux_1: 0.4993 (0.4945)  loss_vfl_aux_2: 0.5168 (0.4981)  loss_vfl_dn_0: 0.4661 (0.4672)  loss_vfl_dn_1: 0.4437 (0.4475)  loss_vfl_dn_2: 0.4408 (0.4430)  time: 0.9655  data: 0.0278  max mem: 11021
Epoch: [36]  [400/809]  eta: 0:07:03  lr: 0.000100  loss: 10.6852 (10.4108)  loss_bbox: 0.0955 (0.1016)  loss_bbox_aux_0: 0.1029 (0.1081)  loss_bbox_aux_1: 0.0951 (0.1032)  loss_bbox_aux_2: 0.1257 (0.1219)  loss_bbox_dn_0: 0.0520 (0.0582)  loss_bbox_dn_1: 0.0419 (0.0482)  loss_bbox_dn_2: 0.0408 (0.0470)  loss_giou: 1.1102 (1.0237)  loss_giou_aux_0: 1.1366 (1.0516)  loss_giou_aux_1: 1.1183 (1.0322)  loss_giou_aux_2: 1.1854 (1.1076)  loss_giou_dn_0: 0.8482 (0.8127)  loss_giou_dn_1: 0.7760 (0.7348)  loss_giou_dn_2: 0.7738 (0.7271)  loss_vfl: 0.4475 (0.4864)  loss_vfl_aux_0: 0.4526 (0.4972)  loss_vfl_aux_1: 0.4585 (0.4946)  loss_vfl_aux_2: 0.4445 (0.4967)  loss_vfl_dn_0: 0.4633 (0.4671)  loss_vfl_dn_1: 0.4487 (0.4477)  loss_vfl_dn_2: 0.4454 (0.4434)  time: 1.0497  data: 0.0315  max mem: 11021
Epoch: [36]  [500/809]  eta: 0:05:17  lr: 0.000100  loss: 10.3312 (10.3856)  loss_bbox: 0.0886 (0.0996)  loss_bbox_aux_0: 0.0946 (0.1059)  loss_bbox_aux_1: 0.0892 (0.1012)  loss_bbox_aux_2: 0.1055 (0.1199)  loss_bbox_dn_0: 0.0545 (0.0583)  loss_bbox_dn_1: 0.0440 (0.0483)  loss_bbox_dn_2: 0.0439 (0.0471)  loss_giou: 1.0371 (1.0183)  loss_giou_aux_0: 1.0703 (1.0462)  loss_giou_aux_1: 1.0452 (1.0271)  loss_giou_aux_2: 1.1149 (1.1030)  loss_giou_dn_0: 0.8260 (0.8118)  loss_giou_dn_1: 0.7442 (0.7345)  loss_giou_dn_2: 0.7358 (0.7268)  loss_vfl: 0.4882 (0.4878)  loss_vfl_aux_0: 0.4838 (0.4983)  loss_vfl_aux_1: 0.4950 (0.4958)  loss_vfl_aux_2: 0.4778 (0.4978)  loss_vfl_dn_0: 0.4613 (0.4670)  loss_vfl_dn_1: 0.4466 (0.4476)  loss_vfl_dn_2: 0.4433 (0.4433)  time: 0.9819  data: 0.0294  max mem: 11021
Epoch: [36]  [600/809]  eta: 0:03:34  lr: 0.000100  loss: 10.1124 (10.3775)  loss_bbox: 0.0852 (0.0989)  loss_bbox_aux_0: 0.0939 (0.1053)  loss_bbox_aux_1: 0.0890 (0.1005)  loss_bbox_aux_2: 0.1085 (0.1192)  loss_bbox_dn_0: 0.0532 (0.0580)  loss_bbox_dn_1: 0.0447 (0.0480)  loss_bbox_dn_2: 0.0440 (0.0468)  loss_giou: 0.9562 (1.0176)  loss_giou_aux_0: 0.9757 (1.0459)  loss_giou_aux_1: 0.9598 (1.0267)  loss_giou_aux_2: 1.0648 (1.1035)  loss_giou_dn_0: 0.7983 (0.8117)  loss_giou_dn_1: 0.7142 (0.7344)  loss_giou_dn_2: 0.7096 (0.7267)  loss_vfl: 0.4557 (0.4871)  loss_vfl_aux_0: 0.4665 (0.4971)  loss_vfl_aux_1: 0.4636 (0.4949)  loss_vfl_aux_2: 0.4841 (0.4969)  loss_vfl_dn_0: 0.4683 (0.4668)  loss_vfl_dn_1: 0.4448 (0.4477)  loss_vfl_dn_2: 0.4388 (0.4435)  time: 1.0285  data: 0.0275  max mem: 11021
Epoch: [36]  [700/809]  eta: 0:01:51  lr: 0.000100  loss: 9.8391 (10.3707)  loss_bbox: 0.0797 (0.0992)  loss_bbox_aux_0: 0.0875 (0.1057)  loss_bbox_aux_1: 0.0850 (0.1008)  loss_bbox_aux_2: 0.1043 (0.1196)  loss_bbox_dn_0: 0.0571 (0.0582)  loss_bbox_dn_1: 0.0460 (0.0482)  loss_bbox_dn_2: 0.0437 (0.0470)  loss_giou: 0.8555 (1.0146)  loss_giou_aux_0: 0.8797 (1.0427)  loss_giou_aux_1: 0.8657 (1.0237)  loss_giou_aux_2: 0.9428 (1.1015)  loss_giou_dn_0: 0.7772 (0.8107)  loss_giou_dn_1: 0.6892 (0.7335)  loss_giou_dn_2: 0.6749 (0.7257)  loss_vfl: 0.5309 (0.4884)  loss_vfl_aux_0: 0.5474 (0.4982)  loss_vfl_aux_1: 0.5334 (0.4961)  loss_vfl_aux_2: 0.5590 (0.4975)  loss_vfl_dn_0: 0.4688 (0.4673)  loss_vfl_dn_1: 0.4438 (0.4481)  loss_vfl_dn_2: 0.4386 (0.4439)  time: 1.0268  data: 0.0263  max mem: 11021
Epoch: [36]  [800/809]  eta: 0:00:09  lr: 0.000100  loss: 10.2245 (10.3666)  loss_bbox: 0.0886 (0.0995)  loss_bbox_aux_0: 0.0961 (0.1059)  loss_bbox_aux_1: 0.0938 (0.1011)  loss_bbox_aux_2: 0.1089 (0.1197)  loss_bbox_dn_0: 0.0520 (0.0581)  loss_bbox_dn_1: 0.0427 (0.0481)  loss_bbox_dn_2: 0.0421 (0.0469)  loss_giou: 1.0047 (1.0145)  loss_giou_aux_0: 1.0466 (1.0424)  loss_giou_aux_1: 1.0168 (1.0233)  loss_giou_aux_2: 1.1001 (1.1011)  loss_giou_dn_0: 0.7987 (0.8098)  loss_giou_dn_1: 0.7324 (0.7328)  loss_giou_dn_2: 0.7238 (0.7250)  loss_vfl: 0.4830 (0.4879)  loss_vfl_aux_0: 0.4919 (0.4979)  loss_vfl_aux_1: 0.4897 (0.4957)  loss_vfl_aux_2: 0.4831 (0.4970)  loss_vfl_dn_0: 0.4746 (0.4676)  loss_vfl_dn_1: 0.4470 (0.4483)  loss_vfl_dn_2: 0.4414 (0.4441)  time: 1.0328  data: 0.0339  max mem: 11021
Epoch: [36]  [808/809]  eta: 0:00:01  lr: 0.000100  loss: 10.1313 (10.3654)  loss_bbox: 0.0765 (0.0993)  loss_bbox_aux_0: 0.0804 (0.1058)  loss_bbox_aux_1: 0.0771 (0.1010)  loss_bbox_aux_2: 0.1021 (0.1196)  loss_bbox_dn_0: 0.0522 (0.0580)  loss_bbox_dn_1: 0.0427 (0.0481)  loss_bbox_dn_2: 0.0422 (0.0469)  loss_giou: 0.9784 (1.0145)  loss_giou_aux_0: 1.0188 (1.0424)  loss_giou_aux_1: 0.9928 (1.0232)  loss_giou_aux_2: 1.0609 (1.1011)  loss_giou_dn_0: 0.7968 (0.8099)  loss_giou_dn_1: 0.7199 (0.7329)  loss_giou_dn_2: 0.7135 (0.7251)  loss_vfl: 0.4830 (0.4878)  loss_vfl_aux_0: 0.4957 (0.4978)  loss_vfl_aux_1: 0.4897 (0.4956)  loss_vfl_aux_2: 0.4952 (0.4969)  loss_vfl_dn_0: 0.4671 (0.4675)  loss_vfl_dn_1: 0.4432 (0.4482)  loss_vfl_dn_2: 0.4383 (0.4440)  time: 0.8616  data: 0.0289  max mem: 11021
Epoch: [36] Total time: 0:13:46 (1.0214 s / it)
Averaged stats: lr: 0.000100  loss: 10.1313 (10.3654)  loss_bbox: 0.0765 (0.0993)  loss_bbox_aux_0: 0.0804 (0.1058)  loss_bbox_aux_1: 0.0771 (0.1010)  loss_bbox_aux_2: 0.1021 (0.1196)  loss_bbox_dn_0: 0.0522 (0.0580)  loss_bbox_dn_1: 0.0427 (0.0481)  loss_bbox_dn_2: 0.0422 (0.0469)  loss_giou: 0.9784 (1.0145)  loss_giou_aux_0: 1.0188 (1.0424)  loss_giou_aux_1: 0.9928 (1.0232)  loss_giou_aux_2: 1.0609 (1.1011)  loss_giou_dn_0: 0.7968 (0.8099)  loss_giou_dn_1: 0.7199 (0.7329)  loss_giou_dn_2: 0.7135 (0.7251)  loss_vfl: 0.4830 (0.4878)  loss_vfl_aux_0: 0.4957 (0.4978)  loss_vfl_aux_1: 0.4897 (0.4956)  loss_vfl_aux_2: 0.4952 (0.4969)  loss_vfl_dn_0: 0.4671 (0.4675)  loss_vfl_dn_1: 0.4432 (0.4482)  loss_vfl_dn_2: 0.4383 (0.4440)
Test:  [ 0/69]  eta: 0:01:42    time: 1.4853  data: 0.6489  max mem: 11021
Test:  [10/69]  eta: 0:00:41    time: 0.7014  data: 0.0766  max mem: 11021
Test:  [20/69]  eta: 0:00:31    time: 0.5964  data: 0.0201  max mem: 11021
Test:  [30/69]  eta: 0:00:22    time: 0.5251  data: 0.0210  max mem: 11021
Test:  [40/69]  eta: 0:00:16    time: 0.4765  data: 0.0209  max mem: 11021
Test:  [50/69]  eta: 0:00:10    time: 0.4512  data: 0.0210  max mem: 11021
Test:  [60/69]  eta: 0:00:04    time: 0.4365  data: 0.0211  max mem: 11021
Test:  [68/69]  eta: 0:00:00    time: 0.4489  data: 0.0200  max mem: 11021
Test: Total time: 0:00:35 (0.5146 s / it)
Averaged stats: 
Accumulating evaluation results...
DONE (t=1.89s).
IoU metric: bbox
 Average Precision  (AP) @[ IoU=0.50:0.95 | area=   all | maxDets=100 ] = 0.198
 Average Precision  (AP) @[ IoU=0.50      | area=   all | maxDets=100 ] = 0.334
 Average Precision  (AP) @[ IoU=0.75      | area=   all | maxDets=100 ] = 0.202
 Average Precision  (AP) @[ IoU=0.50:0.95 | area= small | maxDets=100 ] = 0.117
 Average Precision  (AP) @[ IoU=0.50:0.95 | area=medium | maxDets=100 ] = 0.284
 Average Precision  (AP) @[ IoU=0.50:0.95 | area= large | maxDets=100 ] = 0.400
 Average Recall     (AR) @[ IoU=0.50:0.95 | area=   all | maxDets=  1 ] = 0.092
 Average Recall     (AR) @[ IoU=0.50:0.95 | area=   all | maxDets= 10 ] = 0.257
 Average Recall     (AR) @[ IoU=0.50:0.95 | area=   all | maxDets=100 ] = 0.348
 Average Recall     (AR) @[ IoU=0.50:0.95 | area= small | maxDets=100 ] = 0.251
 Average Recall     (AR) @[ IoU=0.50:0.95 | area=medium | maxDets=100 ] = 0.475
 Average Recall     (AR) @[ IoU=0.50:0.95 | area= large | maxDets=100 ] = 0.588
best_stat:  {'epoch': 36, 'coco_eval_bbox': 0.1983526263874629}
Epoch: [37]  [  0/809]  eta: 1:37:28  lr: 0.000100  loss: 10.6314 (10.6314)  loss_bbox: 0.0791 (0.0791)  loss_bbox_aux_0: 0.0861 (0.0861)  loss_bbox_aux_1: 0.0816 (0.0816)  loss_bbox_aux_2: 0.1036 (0.1036)  loss_bbox_dn_0: 0.0360 (0.0360)  loss_bbox_dn_1: 0.0276 (0.0276)  loss_bbox_dn_2: 0.0260 (0.0260)  loss_giou: 1.1920 (1.1920)  loss_giou_aux_0: 1.2282 (1.2282)  loss_giou_aux_1: 1.2039 (1.2039)  loss_giou_aux_2: 1.2804 (1.2804)  loss_giou_dn_0: 0.8445 (0.8445)  loss_giou_dn_1: 0.7683 (0.7683)  loss_giou_dn_2: 0.7579 (0.7579)  loss_vfl: 0.3899 (0.3899)  loss_vfl_aux_0: 0.3888 (0.3888)  loss_vfl_aux_1: 0.3952 (0.3952)  loss_vfl_aux_2: 0.3847 (0.3847)  loss_vfl_dn_0: 0.4674 (0.4674)  loss_vfl_dn_1: 0.4473 (0.4473)  loss_vfl_dn_2: 0.4426 (0.4426)  time: 7.2287  data: 2.9809  max mem: 11021
Epoch: [37]  [100/809]  eta: 0:12:47  lr: 0.000100  loss: 10.1270 (10.2954)  loss_bbox: 0.0776 (0.0935)  loss_bbox_aux_0: 0.0823 (0.0999)  loss_bbox_aux_1: 0.0793 (0.0949)  loss_bbox_aux_2: 0.0943 (0.1141)  loss_bbox_dn_0: 0.0520 (0.0583)  loss_bbox_dn_1: 0.0428 (0.0484)  loss_bbox_dn_2: 0.0414 (0.0472)  loss_giou: 1.0117 (1.0024)  loss_giou_aux_0: 1.0331 (1.0320)  loss_giou_aux_1: 1.0205 (1.0107)  loss_giou_aux_2: 1.0867 (1.0948)  loss_giou_dn_0: 0.8169 (0.8048)  loss_giou_dn_1: 0.7536 (0.7289)  loss_giou_dn_2: 0.7359 (0.7210)  loss_vfl: 0.5011 (0.4894)  loss_vfl_aux_0: 0.4956 (0.4972)  loss_vfl_aux_1: 0.5106 (0.4972)  loss_vfl_aux_2: 0.4958 (0.4956)  loss_vfl_dn_0: 0.4676 (0.4696)  loss_vfl_dn_1: 0.4497 (0.4497)  loss_vfl_dn_2: 0.4459 (0.4459)  time: 1.0307  data: 0.0325  max mem: 11021
Epoch: [37]  [200/809]  eta: 0:10:33  lr: 0.000100  loss: 10.3534 (10.2547)  loss_bbox: 0.0917 (0.0967)  loss_bbox_aux_0: 0.1007 (0.1031)  loss_bbox_aux_1: 0.0940 (0.0982)  loss_bbox_aux_2: 0.1189 (0.1167)  loss_bbox_dn_0: 0.0516 (0.0590)  loss_bbox_dn_1: 0.0421 (0.0488)  loss_bbox_dn_2: 0.0412 (0.0475)  loss_giou: 1.0504 (0.9920)  loss_giou_aux_0: 1.0680 (1.0214)  loss_giou_aux_1: 1.0595 (1.0012)  loss_giou_aux_2: 1.1338 (1.0846)  loss_giou_dn_0: 0.8032 (0.7992)  loss_giou_dn_1: 0.7380 (0.7234)  loss_giou_dn_2: 0.7331 (0.7155)  loss_vfl: 0.4696 (0.4908)  loss_vfl_aux_0: 0.4776 (0.4996)  loss_vfl_aux_1: 0.4736 (0.4977)  loss_vfl_aux_2: 0.4603 (0.4993)  loss_vfl_dn_0: 0.4583 (0.4687)  loss_vfl_dn_1: 0.4376 (0.4479)  loss_vfl_dn_2: 0.4277 (0.4434)  time: 1.0202  data: 0.0348  max mem: 11021
Epoch: [37]  [300/809]  eta: 0:08:48  lr: 0.000100  loss: 9.9808 (10.3602)  loss_bbox: 0.0760 (0.1015)  loss_bbox_aux_0: 0.0783 (0.1079)  loss_bbox_aux_1: 0.0753 (0.1031)  loss_bbox_aux_2: 0.0951 (0.1224)  loss_bbox_dn_0: 0.0525 (0.0574)  loss_bbox_dn_1: 0.0443 (0.0476)  loss_bbox_dn_2: 0.0433 (0.0465)  loss_giou: 0.9596 (1.0153)  loss_giou_aux_0: 0.9976 (1.0447)  loss_giou_aux_1: 0.9694 (1.0245)  loss_giou_aux_2: 1.0231 (1.1073)  loss_giou_dn_0: 0.7751 (0.8057)  loss_giou_dn_1: 0.7000 (0.7309)  loss_giou_dn_2: 0.6921 (0.7233)  loss_vfl: 0.5009 (0.4852)  loss_vfl_aux_0: 0.5152 (0.4946)  loss_vfl_aux_1: 0.5111 (0.4920)  loss_vfl_aux_2: 0.5020 (0.4917)  loss_vfl_dn_0: 0.4686 (0.4677)  loss_vfl_dn_1: 0.4443 (0.4476)  loss_vfl_dn_2: 0.4396 (0.4432)  time: 1.0396  data: 0.0282  max mem: 11021
Epoch: [37]  [400/809]  eta: 0:07:03  lr: 0.000100  loss: 9.9027 (10.3519)  loss_bbox: 0.0951 (0.1007)  loss_bbox_aux_0: 0.1053 (0.1069)  loss_bbox_aux_1: 0.0992 (0.1023)  loss_bbox_aux_2: 0.1142 (0.1210)  loss_bbox_dn_0: 0.0540 (0.0574)  loss_bbox_dn_1: 0.0453 (0.0476)  loss_bbox_dn_2: 0.0448 (0.0464)  loss_giou: 0.9075 (1.0144)  loss_giou_aux_0: 0.9359 (1.0437)  loss_giou_aux_1: 0.9209 (1.0244)  loss_giou_aux_2: 1.0049 (1.1056)  loss_giou_dn_0: 0.7959 (0.8064)  loss_giou_dn_1: 0.7079 (0.7313)  loss_giou_dn_2: 0.6934 (0.7239)  loss_vfl: 0.4752 (0.4844)  loss_vfl_aux_0: 0.4804 (0.4942)  loss_vfl_aux_1: 0.4746 (0.4909)  loss_vfl_aux_2: 0.5000 (0.4922)  loss_vfl_dn_0: 0.4663 (0.4677)  loss_vfl_dn_1: 0.4493 (0.4474)  loss_vfl_dn_2: 0.4423 (0.4430)  time: 1.0240  data: 0.0279  max mem: 11021
Epoch: [37]  [500/809]  eta: 0:05:19  lr: 0.000100  loss: 10.2696 (10.3729)  loss_bbox: 0.0849 (0.1001)  loss_bbox_aux_0: 0.0887 (0.1059)  loss_bbox_aux_1: 0.0870 (0.1016)  loss_bbox_aux_2: 0.0993 (0.1198)  loss_bbox_dn_0: 0.0514 (0.0572)  loss_bbox_dn_1: 0.0432 (0.0474)  loss_bbox_dn_2: 0.0419 (0.0463)  loss_giou: 0.9731 (1.0200)  loss_giou_aux_0: 1.0160 (1.0502)  loss_giou_aux_1: 0.9800 (1.0300)  loss_giou_aux_2: 1.0589 (1.1111)  loss_giou_dn_0: 0.8080 (0.8099)  loss_giou_dn_1: 0.7320 (0.7342)  loss_giou_dn_2: 0.7245 (0.7266)  loss_vfl: 0.4706 (0.4828)  loss_vfl_aux_0: 0.4850 (0.4925)  loss_vfl_aux_1: 0.4840 (0.4895)  loss_vfl_aux_2: 0.4780 (0.4900)  loss_vfl_dn_0: 0.4635 (0.4672)  loss_vfl_dn_1: 0.4459 (0.4474)  loss_vfl_dn_2: 0.4444 (0.4431)  time: 1.0086  data: 0.0282  max mem: 11021
Epoch: [37]  [600/809]  eta: 0:03:35  lr: 0.000100  loss: 10.4998 (10.3910)  loss_bbox: 0.0933 (0.1004)  loss_bbox_aux_0: 0.1040 (0.1061)  loss_bbox_aux_1: 0.0974 (0.1019)  loss_bbox_aux_2: 0.1182 (0.1201)  loss_bbox_dn_0: 0.0569 (0.0574)  loss_bbox_dn_1: 0.0497 (0.0476)  loss_bbox_dn_2: 0.0483 (0.0465)  loss_giou: 1.0535 (1.0231)  loss_giou_aux_0: 1.0695 (1.0530)  loss_giou_aux_1: 1.0742 (1.0327)  loss_giou_aux_2: 1.1432 (1.1132)  loss_giou_dn_0: 0.8363 (0.8112)  loss_giou_dn_1: 0.7643 (0.7354)  loss_giou_dn_2: 0.7582 (0.7277)  loss_vfl: 0.4818 (0.4830)  loss_vfl_aux_0: 0.4937 (0.4930)  loss_vfl_aux_1: 0.4910 (0.4899)  loss_vfl_aux_2: 0.4802 (0.4902)  loss_vfl_dn_0: 0.4752 (0.4674)  loss_vfl_dn_1: 0.4548 (0.4477)  loss_vfl_dn_2: 0.4450 (0.4434)  time: 0.9863  data: 0.0275  max mem: 11021
Epoch: [37]  [700/809]  eta: 0:01:52  lr: 0.000100  loss: 10.2966 (10.3847)  loss_bbox: 0.0998 (0.1000)  loss_bbox_aux_0: 0.1006 (0.1056)  loss_bbox_aux_1: 0.1005 (0.1016)  loss_bbox_aux_2: 0.1141 (0.1197)  loss_bbox_dn_0: 0.0538 (0.0570)  loss_bbox_dn_1: 0.0443 (0.0473)  loss_bbox_dn_2: 0.0436 (0.0462)  loss_giou: 1.0213 (1.0236)  loss_giou_aux_0: 1.0376 (1.0532)  loss_giou_aux_1: 1.0278 (1.0332)  loss_giou_aux_2: 1.0919 (1.1135)  loss_giou_dn_0: 0.8000 (0.8120)  loss_giou_dn_1: 0.7460 (0.7361)  loss_giou_dn_2: 0.7394 (0.7286)  loss_vfl: 0.4898 (0.4814)  loss_vfl_aux_0: 0.5062 (0.4914)  loss_vfl_aux_1: 0.4965 (0.4884)  loss_vfl_aux_2: 0.4940 (0.4886)  loss_vfl_dn_0: 0.4655 (0.4670)  loss_vfl_dn_1: 0.4502 (0.4473)  loss_vfl_dn_2: 0.4442 (0.4430)  time: 1.0299  data: 0.0301  max mem: 11021
Epoch: [37]  [800/809]  eta: 0:00:09  lr: 0.000100  loss: 10.4008 (10.3868)  loss_bbox: 0.1031 (0.1012)  loss_bbox_aux_0: 0.1043 (0.1068)  loss_bbox_aux_1: 0.1055 (0.1028)  loss_bbox_aux_2: 0.1173 (0.1207)  loss_bbox_dn_0: 0.0578 (0.0574)  loss_bbox_dn_1: 0.0470 (0.0476)  loss_bbox_dn_2: 0.0464 (0.0465)  loss_giou: 1.0646 (1.0223)  loss_giou_aux_0: 1.0893 (1.0518)  loss_giou_aux_1: 1.0674 (1.0321)  loss_giou_aux_2: 1.1439 (1.1117)  loss_giou_dn_0: 0.8483 (0.8111)  loss_giou_dn_1: 0.7579 (0.7351)  loss_giou_dn_2: 0.7543 (0.7276)  loss_vfl: 0.4786 (0.4823)  loss_vfl_aux_0: 0.4771 (0.4925)  loss_vfl_aux_1: 0.4879 (0.4894)  loss_vfl_aux_2: 0.4799 (0.4902)  loss_vfl_dn_0: 0.4564 (0.4670)  loss_vfl_dn_1: 0.4456 (0.4475)  loss_vfl_dn_2: 0.4401 (0.4432)  time: 0.9665  data: 0.0292  max mem: 11021
Epoch: [37]  [808/809]  eta: 0:00:01  lr: 0.000100  loss: 10.4575 (10.3892)  loss_bbox: 0.0982 (0.1013)  loss_bbox_aux_0: 0.1080 (0.1069)  loss_bbox_aux_1: 0.1022 (0.1029)  loss_bbox_aux_2: 0.1177 (0.1208)  loss_bbox_dn_0: 0.0599 (0.0574)  loss_bbox_dn_1: 0.0485 (0.0476)  loss_bbox_dn_2: 0.0478 (0.0465)  loss_giou: 1.0706 (1.0228)  loss_giou_aux_0: 1.0830 (1.0524)  loss_giou_aux_1: 1.0709 (1.0326)  loss_giou_aux_2: 1.1064 (1.1123)  loss_giou_dn_0: 0.8206 (0.8112)  loss_giou_dn_1: 0.7486 (0.7352)  loss_giou_dn_2: 0.7404 (0.7276)  loss_vfl: 0.4786 (0.4822)  loss_vfl_aux_0: 0.4880 (0.4924)  loss_vfl_aux_1: 0.4879 (0.4893)  loss_vfl_aux_2: 0.4878 (0.4901)  loss_vfl_dn_0: 0.4615 (0.4670)  loss_vfl_dn_1: 0.4456 (0.4474)  loss_vfl_dn_2: 0.4425 (0.4431)  time: 0.8260  data: 0.0257  max mem: 11021
Epoch: [37] Total time: 0:13:48 (1.0239 s / it)
Averaged stats: lr: 0.000100  loss: 10.4575 (10.3892)  loss_bbox: 0.0982 (0.1013)  loss_bbox_aux_0: 0.1080 (0.1069)  loss_bbox_aux_1: 0.1022 (0.1029)  loss_bbox_aux_2: 0.1177 (0.1208)  loss_bbox_dn_0: 0.0599 (0.0574)  loss_bbox_dn_1: 0.0485 (0.0476)  loss_bbox_dn_2: 0.0478 (0.0465)  loss_giou: 1.0706 (1.0228)  loss_giou_aux_0: 1.0830 (1.0524)  loss_giou_aux_1: 1.0709 (1.0326)  loss_giou_aux_2: 1.1064 (1.1123)  loss_giou_dn_0: 0.8206 (0.8112)  loss_giou_dn_1: 0.7486 (0.7352)  loss_giou_dn_2: 0.7404 (0.7276)  loss_vfl: 0.4786 (0.4822)  loss_vfl_aux_0: 0.4880 (0.4924)  loss_vfl_aux_1: 0.4879 (0.4893)  loss_vfl_aux_2: 0.4878 (0.4901)  loss_vfl_dn_0: 0.4615 (0.4670)  loss_vfl_dn_1: 0.4456 (0.4474)  loss_vfl_dn_2: 0.4425 (0.4431)
Test:  [ 0/69]  eta: 0:01:15    time: 1.0917  data: 0.6532  max mem: 11021
Test:  [10/69]  eta: 0:00:34    time: 0.5878  data: 0.0769  max mem: 11021
Test:  [20/69]  eta: 0:00:28    time: 0.5515  data: 0.0196  max mem: 11021
Test:  [30/69]  eta: 0:00:21    time: 0.5382  data: 0.0210  max mem: 11021
Test:  [40/69]  eta: 0:00:15    time: 0.4914  data: 0.0217  max mem: 11021
Test:  [50/69]  eta: 0:00:09    time: 0.4801  data: 0.0220  max mem: 11021
Test:  [60/69]  eta: 0:00:04    time: 0.4587  data: 0.0215  max mem: 11021
Test:  [68/69]  eta: 0:00:00    time: 0.4510  data: 0.0204  max mem: 11021
Test: Total time: 0:00:35 (0.5073 s / it)
Averaged stats: 
Accumulating evaluation results...
DONE (t=2.02s).
IoU metric: bbox
 Average Precision  (AP) @[ IoU=0.50:0.95 | area=   all | maxDets=100 ] = 0.199
 Average Precision  (AP) @[ IoU=0.50      | area=   all | maxDets=100 ] = 0.336
 Average Precision  (AP) @[ IoU=0.75      | area=   all | maxDets=100 ] = 0.202
 Average Precision  (AP) @[ IoU=0.50:0.95 | area= small | maxDets=100 ] = 0.118
 Average Precision  (AP) @[ IoU=0.50:0.95 | area=medium | maxDets=100 ] = 0.286
 Average Precision  (AP) @[ IoU=0.50:0.95 | area= large | maxDets=100 ] = 0.410
 Average Recall     (AR) @[ IoU=0.50:0.95 | area=   all | maxDets=  1 ] = 0.092
 Average Recall     (AR) @[ IoU=0.50:0.95 | area=   all | maxDets= 10 ] = 0.259
 Average Recall     (AR) @[ IoU=0.50:0.95 | area=   all | maxDets=100 ] = 0.350
 Average Recall     (AR) @[ IoU=0.50:0.95 | area= small | maxDets=100 ] = 0.252
 Average Recall     (AR) @[ IoU=0.50:0.95 | area=medium | maxDets=100 ] = 0.477
 Average Recall     (AR) @[ IoU=0.50:0.95 | area= large | maxDets=100 ] = 0.599
best_stat:  {'epoch': 37, 'coco_eval_bbox': 0.19922716185098796}
Epoch: [38]  [  0/809]  eta: 1:15:58  lr: 0.000100  loss: 10.0147 (10.0147)  loss_bbox: 0.0804 (0.0804)  loss_bbox_aux_0: 0.0862 (0.0862)  loss_bbox_aux_1: 0.0843 (0.0843)  loss_bbox_aux_2: 0.0993 (0.0993)  loss_bbox_dn_0: 0.0580 (0.0580)  loss_bbox_dn_1: 0.0469 (0.0469)  loss_bbox_dn_2: 0.0460 (0.0460)  loss_giou: 0.9759 (0.9759)  loss_giou_aux_0: 1.0110 (1.0110)  loss_giou_aux_1: 1.0056 (1.0056)  loss_giou_aux_2: 1.0912 (1.0912)  loss_giou_dn_0: 0.7832 (0.7832)  loss_giou_dn_1: 0.7269 (0.7269)  loss_giou_dn_2: 0.7176 (0.7176)  loss_vfl: 0.4732 (0.4732)  loss_vfl_aux_0: 0.4728 (0.4728)  loss_vfl_aux_1: 0.4740 (0.4740)  loss_vfl_aux_2: 0.4848 (0.4848)  loss_vfl_dn_0: 0.4508 (0.4508)  loss_vfl_dn_1: 0.4253 (0.4253)  loss_vfl_dn_2: 0.4213 (0.4213)  time: 5.6345  data: 3.2834  max mem: 11021
Epoch: [38]  [100/809]  eta: 0:12:45  lr: 0.000100  loss: 10.2562 (10.3048)  loss_bbox: 0.0830 (0.0992)  loss_bbox_aux_0: 0.0891 (0.1060)  loss_bbox_aux_1: 0.0847 (0.1012)  loss_bbox_aux_2: 0.1055 (0.1220)  loss_bbox_dn_0: 0.0501 (0.0549)  loss_bbox_dn_1: 0.0406 (0.0456)  loss_bbox_dn_2: 0.0397 (0.0445)  loss_giou: 1.0160 (1.0116)  loss_giou_aux_0: 1.0464 (1.0460)  loss_giou_aux_1: 1.0149 (1.0248)  loss_giou_aux_2: 1.1033 (1.1037)  loss_giou_dn_0: 0.8156 (0.8038)  loss_giou_dn_1: 0.7497 (0.7302)  loss_giou_dn_2: 0.7420 (0.7230)  loss_vfl: 0.4659 (0.4763)  loss_vfl_aux_0: 0.4763 (0.4868)  loss_vfl_aux_1: 0.4687 (0.4827)  loss_vfl_aux_2: 0.4729 (0.4838)  loss_vfl_dn_0: 0.4602 (0.4675)  loss_vfl_dn_1: 0.4446 (0.4478)  loss_vfl_dn_2: 0.4440 (0.4435)  time: 1.0024  data: 0.0284  max mem: 11021
Epoch: [38]  [200/809]  eta: 0:10:39  lr: 0.000100  loss: 10.2243 (10.3213)  loss_bbox: 0.0764 (0.0973)  loss_bbox_aux_0: 0.0867 (0.1038)  loss_bbox_aux_1: 0.0792 (0.0994)  loss_bbox_aux_2: 0.1083 (0.1193)  loss_bbox_dn_0: 0.0527 (0.0562)  loss_bbox_dn_1: 0.0443 (0.0464)  loss_bbox_dn_2: 0.0431 (0.0452)  loss_giou: 0.9798 (1.0109)  loss_giou_aux_0: 1.0229 (1.0464)  loss_giou_aux_1: 0.9813 (1.0235)  loss_giou_aux_2: 1.0866 (1.1042)  loss_giou_dn_0: 0.8254 (0.8102)  loss_giou_dn_1: 0.7374 (0.7344)  loss_giou_dn_2: 0.7402 (0.7269)  loss_vfl: 0.4677 (0.4778)  loss_vfl_aux_0: 0.4827 (0.4896)  loss_vfl_aux_1: 0.4768 (0.4850)  loss_vfl_aux_2: 0.4570 (0.4867)  loss_vfl_dn_0: 0.4707 (0.4669)  loss_vfl_dn_1: 0.4419 (0.4477)  loss_vfl_dn_2: 0.4355 (0.4434)  time: 1.0106  data: 0.0290  max mem: 11021
Epoch: [38]  [300/809]  eta: 0:08:54  lr: 0.000100  loss: 10.0634 (10.3419)  loss_bbox: 0.0828 (0.0964)  loss_bbox_aux_0: 0.0909 (0.1029)  loss_bbox_aux_1: 0.0848 (0.0984)  loss_bbox_aux_2: 0.1042 (0.1177)  loss_bbox_dn_0: 0.0619 (0.0567)  loss_bbox_dn_1: 0.0528 (0.0470)  loss_bbox_dn_2: 0.0511 (0.0459)  loss_giou: 0.9221 (1.0121)  loss_giou_aux_0: 0.9491 (1.0453)  loss_giou_aux_1: 0.9327 (1.0231)  loss_giou_aux_2: 0.9957 (1.1041)  loss_giou_dn_0: 0.8263 (0.8129)  loss_giou_dn_1: 0.7422 (0.7376)  loss_giou_dn_2: 0.7278 (0.7303)  loss_vfl: 0.4958 (0.4822)  loss_vfl_aux_0: 0.5115 (0.4937)  loss_vfl_aux_1: 0.5001 (0.4895)  loss_vfl_aux_2: 0.5035 (0.4904)  loss_vfl_dn_0: 0.4613 (0.4662)  loss_vfl_dn_1: 0.4465 (0.4470)  loss_vfl_dn_2: 0.4471 (0.4427)  time: 1.0398  data: 0.0340  max mem: 11021
Epoch: [38]  [400/809]  eta: 0:07:11  lr: 0.000100  loss: 10.1788 (10.3616)  loss_bbox: 0.0915 (0.0976)  loss_bbox_aux_0: 0.1005 (0.1041)  loss_bbox_aux_1: 0.0946 (0.0996)  loss_bbox_aux_2: 0.1187 (0.1185)  loss_bbox_dn_0: 0.0536 (0.0568)  loss_bbox_dn_1: 0.0456 (0.0471)  loss_bbox_dn_2: 0.0444 (0.0460)  loss_giou: 1.0201 (1.0162)  loss_giou_aux_0: 1.0513 (1.0477)  loss_giou_aux_1: 1.0261 (1.0260)  loss_giou_aux_2: 1.1324 (1.1066)  loss_giou_dn_0: 0.8120 (0.8136)  loss_giou_dn_1: 0.7208 (0.7380)  loss_giou_dn_2: 0.7092 (0.7306)  loss_vfl: 0.4792 (0.4826)  loss_vfl_aux_0: 0.4783 (0.4938)  loss_vfl_aux_1: 0.4855 (0.4901)  loss_vfl_aux_2: 0.4719 (0.4913)  loss_vfl_dn_0: 0.4581 (0.4661)  loss_vfl_dn_1: 0.4447 (0.4468)  loss_vfl_dn_2: 0.4377 (0.4425)  time: 1.2581  data: 0.0427  max mem: 11021
